#%yanny
#
# confSummaryFS-10021555.par
#
# Created by pydl.pydlutils.yanny.yanny
#
# 2026-05-04 18:59:48 UTC
#
configuration_id 10021555
robostrategy_run iota-1
fps_calibrations_version 2025.12.04+ccda1c9
jaeger_version 1.11.1
coordio_version 1.18.1
kaiju_version 1.4.1
design_id 746556
field_id 111453
focal_scale 0.99996
instruments BOSS APOGEE
epoch 2461164.4635288096
obstime Sun May 03 23:08:07 2026
MJD 61164
observatory LCO
temperature 14.850001525925471
raCen 123.334092057199
decCen -22.3755995016192
pa 287.91428
is_dithered 0
parent_configuration -999
dither_radius -999.0
cloned_from -999
rotator_angle 162.14
fvc_centroid_method flex
fvc_rms 0.01047
fvc_90_perc 0.0151
fvc_percent_reached 24.0
fvc_image_path /data/fcam/61164/proc-fimg-fvc1s-0002.fits

typedef enum {
    BOSS,
    APOGEE,
    METROLOGY,
    NONE
} FIBERTYPE;

typedef struct {
    short positionerId;
    char holeId[28];
    FIBERTYPE fiberType;
    short assigned;
    short on_target;
    short disabled;
    short valid;
    short decollided;
    short too;
    double xwok;
    double ywok;
    double zwok;
    double xFocal;
    double yFocal;
    float alpha;
    float beta;
    double racat;
    double deccat;
    float pmra;
    float pmdec;
    float parallax;
    double ra;
    double dec;
    double ra_observed;
    double dec_observed;
    double alt_observed;
    double az_observed;
    float lambda_design;
    float lambda_eff;
    float coord_epoch;
    short spectrographId;
    short fiberId;
    float mag[5];
    char optical_prov[84];
    float bp_mag;
    float gaia_g_mag;
    float rp_mag;
    float h_mag;
    long catalogid;
    long carton_to_target_pk;
    char cadence[40];
    char firstcarton[144];
    char program[48];
    char category[60];
    long sdssv_boss_target0;
    long sdssv_apogee_target0;
    double delta_ra;
    double delta_dec;
    long too_id;
    char too_program[4];
} FIBERMAP;

FIBERMAP 4 R+1C12 APOGEE 0 0 0 1 0 0 -39.83328803174431 11.35468593673472 143.1 -23.055734701444727 -34.4080743239886 206.23091 141.11452 -999.0 -999.0 -999.0 -999.0 -999.0 123.25862325369508 -22.480249231294454 123.20894003722611 -22.56446700008202 75.58483428641361 293.28560765383764 -999.0 16600.0 -999.0 2 -999 {-999.0 -999.0 -999.0 -999.0 -999.0} "" -999.0 -999.0 -999.0 -999.0 -999 -999 "" "" "" "" 0 0 0.0 0.0 -999 ""
FIBERMAP 4 R+1C12 BOSS 1 1 0 1 0 0 -40.553532105566575 11.514390573654792 143.1 -23.42922415642053 -35.04424975911227 206.23091 141.11452 123.2572935404038 -22.48221985370725 -3.5285301 4.771388 0.37688768 123.25733182175858 -22.482178033233176 123.20769504959122 -22.566419939505547 75.584797532261 293.2765056400835 5400.0 5400.0 2016.0 1 22 {-999.0 16.242298 15.806645 15.668846 -999.0} sdss_psfmag_ps1 16.085934 15.786919 15.32168 14.549 63050395995141129 978537983 "" ops_std_boss ops_std standard_boss 0 0 0.0 0.0 -999 ""
FIBERMAP 4 R+1C12 METROLOGY 0 0 0 1 0 0 -40.05978836544561 12.067564478724378 143.1 -23.803691476312988 -34.40431656366858 206.23091 141.11452 -999.0 -999.0 -999.0 -999.0 -999.0 123.25610953660288 -22.48024715959889 123.20646237945374 -22.564479009474002 75.5828499879187 293.2810321906097 -999.0 6231.0 -999.0 -1 -999 {-999.0 -999.0 -999.0 -999.0 -999.0} "" -999.0 -999.0 -999.0 -999.0 -999 -999 "" "" "" "" 0 0 0.0 0.0 -999 ""
FIBERMAP 6 R+3C2 APOGEE 0 0 0 1 0 0 -233.34729049264055 43.54187931642366 143.1 -113.20251810079625 -208.63253694521825 290.029 104.41551 -999.0 -999.0 -999.0 -999.0 -999.0 122.96347574907323 -23.007493579130692 122.91231180404873 -23.09100120888449 75.5954268323502 290.90180016680137 -999.0 16600.0 -999.0 2 -999 {-999.0 -999.0 -999.0 -999.0 -999.0} "" -999.0 -999.0 -999.0 -999.0 -999 -999 "" "" "" "" 0 0 0.0 0.0 -999 ""
FIBERMAP 6 R+3C2 BOSS 1 1 0 1 0 0 -233.93461783817006 43.13273171766133 143.1 -112.99387347231288 -209.31721321893534 290.029 104.41551 122.96411122884336 -23.009550336419014 -1.1752262 0.7874642 0.94242394 122.96409828744049 -23.009557907268192 122.91298252385485 -23.093091900215445 75.5969357100888 290.89547587923323 5400.0 5400.0 2016.0 1 75 {-999.0 14.312574 14.005267 13.915186 -999.0} sdss_psfmag_from_g3xp 14.2720785 14.012676 13.587218 12.837 63050395995101283 979281570 "" ops_std_boss ops_std standard_boss 0 0 0.0 0.0 -999 ""
FIBERMAP 6 R+3C2 METROLOGY 0 0 0 1 0 0 -234.02500126987695 43.85843313367077 143.1 -113.71216391438846 -209.17999890967047 290.029 104.41551 -999.0 -999.0 -999.0 -999.0 -999.0 122.96173320954631 -23.009179982596162 122.91060223612055 -23.09270175389473 75.59481176848001 290.89282381271676 -999.0 6231.0 -999.0 -1 -999 {-999.0 -999.0 -999.0 -999.0 -999.0} "" -999.0 -999.0 -999.0 -999.0 -999 -999 "" "" "" "" 0 0 0.0 0.0 -999 ""
FIBERMAP 13 R-1C1 APOGEE 1 1 0 1 0 0 -291.8193868663919 -26.306766763909067 143.1 -64.72788211696592 -285.751699723061 215.4888 113.53629 123.12348032177671 -23.23938328743379 -5.2549596 3.4119678 0.5177802 123.12347877114873 -23.239363718436014 123.07179672314476 -23.323183673619262 75.83158804897994 290.3341269171219 16000.0 16600.0 2016.0 2 255 {-999.0 12.874648 12.109464 11.819551 -999.0} sdss_psfmag_from_g3xp 12.656115 12.140314 11.468195 10.119 63050395995094364 1107149674 bright_1x1 mwm_tess_rgb_apogee mwm_tessrgb science 0 0 0.0 0.0 -999 ""
FIBERMAP 13 R-1C1 BOSS 0 0 0 1 0 0 -292.4564153521542 -25.932423981276315 143.1 -65.27999983944925 -286.24267849750066 215.4888 113.53629 -999.0 -999.0 -999.0 -999.0 -999.0 123.12162635468995 -23.24076635026178 123.06999247139578 -23.32460648267991 75.83074893426341 290.3258898978811 -999.0 5400.0 -999.0 1 525 {-999.0 -999.0 -999.0 -999.0 -999.0} "" -999.0 -999.0 -999.0 -999.0 -999 -999 "" "" "" "" 0 0 0.0 0.0 -999 ""
FIBERMAP 13 R-1C1 METROLOGY 0 0 0 1 0 0 -291.82311025211754 -25.556372250713235 143.1 -65.4430125153819 -285.52443499914875 215.4888 113.53629 -999.0 -999.0 -999.0 -999.0 -999.0 123.12108308158047 -23.238684495657203 123.06943935686422 -23.322516851759524 75.82935486211967 290.3325786793217 -999.0 6231.0 -999.0 -1 -999 {-999.0 -999.0 -999.0 -999.0 -999.0} "" -999.0 -999.0 -999.0 -999.0 -999 -999 "" "" "" "" 0 0 0.0 0.0 -999 ""
FIBERMAP 15 R-1C25 APOGEE 0 0 0 1 0 0 250.708611454597 -38.930453543614405 143.1 114.15486072184007 226.56987071569748 308.1126 46.098167 -999.0 -999.0 -999.0 -999.0 -999.0 123.70407982386266 -21.68892671843897 123.65658828679523 -21.77421151050614 75.52996082830933 296.8573789295716 -999.0 16600.0 -999.0 2 -999 {-999.0 -999.0 -999.0 -999.0 -999.0} "" -999.0 -999.0 -999.0 -999.0 -999 -999 "" "" "" "" 0 0 0.0 0.0 -999 ""
FIBERMAP 15 R-1C25 BOSS 1 1 0 1 0 0 250.00488373893046 -38.88553684379728 143.1 113.89566978576727 225.9141036174405 308.1126 46.098167 123.70291860965071 -21.6908768078157 -9.478789 9.772004 2.0182135 123.70321054243611 -21.690857259249288 123.65576386919906 -21.77616993192725 75.53037984200196 296.8491323424783 5400.0 5400.0 2016.0 1 336 {-999.0 11.980177 11.6994915 11.632264 -999.0} sdss_psfmag_from_g3xp 11.952211 11.707035 11.306286 10.68 63050395995519737 996714299 bright_1x1 mwm_bin_gaia_sb_boss mwm_bin science 0 0 1.1527565717697144 0.0 -999 ""
FIBERMAP 15 R-1C25 METROLOGY 0 0 0 1 0 0 250.40469694262634 -38.24698138894405 143.1 113.41107236085422 226.49092559617816 308.1126 46.098167 -999.0 -999.0 -999.0 -999.0 -999.0 123.70165605348451 -21.689093599191402 123.65419889900232 -21.774394692304774 75.5281960442933 296.8519467300756 -999.0 6231.0 -999.0 -1 -999 {-999.0 -999.0 -999.0 -999.0 -999.0} "" -999.0 -999.0 -999.0 -999.0 -999 -999 "" "" "" "" 0 0 0.0 0.0 -999 ""
FIBERMAP 24 R+3C10 APOGEE 0 0 0 1 0 0 -49.1494067291439 53.85305653137627 143.1 -66.35753755254909 -30.200460804355256 268.66193 162.15945 -999.0 -999.0 -999.0 -999.0 -999.0 123.11635065214479 -22.467629983142423 123.06663392994767 -22.55154326453525 75.46407394870836 293.0718565719702 -999.0 16600.0 -999.0 2 -999 {-999.0 -999.0 -999.0 -999.0 -999.0} "" -999.0 -999.0 -999.0 -999.0 -999 -999 "" "" "" "" 0 0 0.0 0.0 -999 ""
FIBERMAP 24 R+3C10 BOSS 1 1 0 1 0 0 -49.40444862695544 53.1529965909523 143.1 -65.76989088598191 -30.658453463208243 268.66193 162.15945 123.11816309349385 -22.469045255883064 1.7623717 3.4302816 1.8078595 123.11818655987506 -22.469010512044346 123.06851962161352 -22.55295485071838 75.46628415560038 293.0703637711323 5400.0 5400.0 2016.0 1 24 {-999.0 20.430754 18.911936 17.840307 -999.0} sdss_psfmag_ps1 19.722342 18.421247 17.304363 15.144 63050395995364919 1096576733 bright_1x1 mwm_bin_vis_boss mwm_filler science 0 0 0.0 0.0 -999 ""
FIBERMAP 24 R+3C10 METROLOGY 0 0 0 1 0 0 -49.884412931001556 53.71426135845269 143.1 -66.45155105205033 -30.942495116058893 268.66193 162.15945 -999.0 -999.0 -999.0 -999.0 -999.0 123.11595734176309 -22.469884682005212 123.06627230624105 -22.55381635806143 75.46489898343673 293.0633130645192 -999.0 6231.0 -999.0 -1 -999 {-999.0 -999.0 -999.0 -999.0 -999.0} "" -999.0 -999.0 -999.0 -999.0 -999 -999 "" "" "" "" 0 0 0.0 0.0 -999 ""
FIBERMAP 27 R-2C1 APOGEE 1 1 0 1 0 0 -256.7070980579904 -33.62043730521874 143.1 -46.96918346916458 -254.59261890321002 24.577072 116.31318 123.18159653252738 -23.145995894498913 -1.5320756 2.460429 0.17640951 123.18157154449791 -23.146008974079354 123.13015658965571 -23.229967201663662 75.83712122268805 290.7729469515476 16000.0 16600.0 2016.0 2 256 {-999.0 14.001248 12.945917 12.491692 -999.0} sdss_psfmag_from_g3xp 13.634659 12.929121 12.114282 10.266 63050395995095264 1156066457 bright_1x1 mwm_galactic_core_dist_apogee_extra mwm_galactic science 0 0 0.0 0.0 -999 ""
FIBERMAP 27 R-2C1 BOSS 0 0 0 1 0 0 -256.10968825046626 -34.06859355157843 143.1 -46.35901970502621 -254.16204015117725 24.577072 116.31318 -999.0 -999.0 -999.0 -999.0 -999.0 123.18352043341349 -23.144700173440075 123.13216215478133 -23.22868748489981 75.83817686284496 290.7810389356297 -999.0 5400.0 -999.0 1 526 {-999.0 -999.0 -999.0 -999.0 -999.0} "" -999.0 -999.0 -999.0 -999.0 -999 -999 "" "" "" "" 0 0 0.0 0.0 -999 ""
FIBERMAP 27 R-2C1 METROLOGY 0 0 0 1 0 0 -256.8027457992487 -34.360642607394084 143.1 -46.29431261593324 -254.9112992256901 24.577072 116.31318 -999.0 -999.0 -999.0 -999.0 -999.0 123.18374581282848 -23.147001945491688 123.1323669025441 -23.230982410908087 75.83939179741462 290.7730437893619 -999.0 6231.0 -999.0 -1 -999 {-999.0 -999.0 -999.0 -999.0 -999.0} "" -999.0 -999.0 -999.0 -999.0 -999 -999 "" "" "" "" 0 0 0.0 0.0 -999 ""
FIBERMAP 34 R-11C16 APOGEE 1 1 0 1 0 0 164.23013019398408 -191.69609859205136 143.1 232.90909373049394 97.29946826240314 174.78244 20.36228 124.09345688779688 -22.077832516934766 -3.6148415 0.27660915 0.620444 124.09382785271059 -22.07782739948021 124.04554369365525 -22.163890094774853 76.04358761722071 296.30860652174556 16000.0 16600.0 2016.0 2 235 {-999.0 10.898782 9.462203 8.269005 -999.0} sdss_psfmag_from_g3xp 10.324339 8.975685 7.8266096 5.268 63050395995255571 1156066660 bright_1x1 mwm_galactic_core_dist_apogee_extra mwm_galactic science 0 0 1.1650948524475098 0.0 -999 ""
FIBERMAP 34 R-11C16 BOSS 0 0 0 1 0 0 164.96041606461375 -191.49994005867796 143.1 232.94707526998516 98.05465518163534 174.78244 20.36228 -999.0 -999.0 -999.0 -999.0 -999.0 124.09389212191716 -22.075510690436456 124.04566248640049 -22.161602234708457 76.04246239144642 296.316878157919 -999.0 5400.0 -999.0 1 345 {-999.0 -999.0 -999.0 -999.0 -999.0} "" -999.0 -999.0 -999.0 -999.0 -999 -999 "" "" "" "" 0 0 0.0 0.0 -999 ""
FIBERMAP 34 R-11C16 METROLOGY 0 0 0 1 0 0 164.774944510675 -192.21770817116683 143.1 233.5729694518393 97.65741058775656 174.78244 20.36228 -999.0 -999.0 -999.0 -999.0 -999.0 124.09599346171036 -22.076692953637835 124.04774804223445 -22.162780762481155 76.04472481240805 296.31700744773804 -999.0 6231.0 -999.0 -1 -999 {-999.0 -999.0 -999.0 -999.0 -999.0} "" -999.0 -999.0 -999.0 -999.0 -999 -999 "" "" "" "" 0 0 0.0 0.0 -999 ""
FIBERMAP 38 R+13C14 APOGEE 1 1 0 1 0 0 145.3606590811746 267.60200105211516 143.1 -209.9076287372176 220.61713550343035 107.09916 100.08043 122.65005622712171 -21.70930303369722 -0.7183815 0.40435684 0.23148392 122.6500618258459 -21.709316377362907 122.60205677714652 -21.79232952204812 74.7093583835029 294.77460748570047 16000.0 16600.0 2016.0 2 57 {-999.0 14.086884 12.7300205 12.087293 -999.0} sdss_psfmag_from_g3xp 13.547241 12.636219 11.694825 9.59 63050395995469365 1152662927 bright_1x1 mwm_galactic_core_dist_apogee_sparse mwm_galactic science 0 0 0.0 0.0 -999 ""
FIBERMAP 38 R+13C14 BOSS 0 0 0 1 0 0 146.06512070949634 267.8278998679697 143.1 -209.90588753157718 221.35689873997563 107.09916 100.08043 -999.0 -999.0 -999.0 -999.0 -999.0 122.65007675334671 -21.70710905930253 122.6021312743398 -21.790152951697284 74.70828898414443 294.7818006176538 -999.0 5400.0 -999.0 1 95 {-999.0 -999.0 -999.0 -999.0 -999.0} "" -999.0 -999.0 -999.0 -999.0 -999 -999 "" "" "" "" 0 0 0.0 0.0 -999 ""
FIBERMAP 38 R+13C14 METROLOGY 0 0 0 1 0 0 145.899123272434 267.0886664602522 143.1 -209.2535796792807 220.9715810460487 107.09916 100.08043 -999.0 -999.0 -999.0 -999.0 -999.0 122.65214153915244 -21.708218336698206 122.60417884212933 -21.791257921985725 74.71048763480238 294.7819564124557 -999.0 6231.0 -999.0 -1 -999 {-999.0 -999.0 -999.0 -999.0 -999.0} "" -999.0 -999.0 -999.0 -999.0 -999 -999 "" "" "" "" 0 0 0.0 0.0 -999 ""
FIBERMAP 41 R+10C10 APOGEE 0 0 0 1 0 0 32.35287999729284 185.22088598582732 143.1 -166.2827684269612 87.75362187106175 319.76318 115.80869 -999.0 -999.0 -999.0 -999.0 -999.0 122.78951751745764 -22.109933799397044 122.74056027495845 -22.193192162234492 75.0243876308992 293.70514645217236 -999.0 16600.0 -999.0 2 -999 {-999.0 -999.0 -999.0 -999.0 -999.0} "" -999.0 -999.0 -999.0 -999.0 -999 -999 "" "" "" "" 0 0 0.0 0.0 -999 ""
FIBERMAP 41 R+10C10 BOSS 1 1 0 1 0 0 32.165016784525534 184.5055995807965 143.1 -165.65997116934605 87.35486498956999 319.76318 115.80869 122.79144287109375 -22.1111033822974 -999.0 -999.0 -999.0 122.79143321711669 -22.111083469175195 122.74252747978278 -22.194374612311158 75.02655656120336 293.7047289495223 5400.0 5400.0 2015.5 1 127 {-999.0 -999.0 -999.0 -999.0 -999.0} "" -999.0 -999.0 -999.0 -999.0 27021603171080967 814746153 "" ops_sky_boss_good ops_sky sky_boss 0 0 0.0 0.0 -999 ""
FIBERMAP 41 R+10C10 METROLOGY 0 0 0 1 0 0 31.635338465023523 185.00962224955273 143.1 -166.30245775000512 87.0059148506373 319.76318 115.80869 -999.0 -999.0 -999.0 -999.0 -999.0 122.78932621277855 -22.112137630164863 122.74040169504963 -22.195415906258997 75.02537723238636 293.69741881118364 -999.0 6231.0 -999.0 -1 -999 {-999.0 -999.0 -999.0 -999.0 -999.0} "" -999.0 -999.0 -999.0 -999.0 -999 -999 "" "" "" "" 0 0 0.0 0.0 -999 ""
FIBERMAP 47 R-6C12 APOGEE 0 0 0 1 0 0 12.276280163119662 -133.4049201121211 143.1 130.7080310656776 -29.35225037426643 287.62384 58.69931 -999.0 -999.0 -999.0 -999.0 -999.0 123.76344678867214 -22.46317736087195 123.71404192955293 -22.548480474920783 75.98104060952284 294.2902294341501 -999.0 16600.0 -999.0 2 -999 {-999.0 -999.0 -999.0 -999.0 -999.0} "" -999.0 -999.0 -999.0 -999.0 -999 -999 "" "" "" "" 0 0 0.0 0.0 -999 ""
FIBERMAP 47 R-6C12 BOSS 1 1 0 1 0 0 11.559438781328573 -133.27235083484942 143.1 130.3614069598641 -29.993534550860065 287.62384 58.69931 123.76235961914061 -22.465109934955223 -999.0 -999.0 -999.0 123.76233932887818 -22.46511575989655 123.71297910731295 -22.550443272296025 75.98118477622336 294.2811896644242 5400.0 5400.0 2015.5 1 391 {-999.0 -999.0 -999.0 -999.0 -999.0} "" -999.0 -999.0 -999.0 -999.0 27021603171069084 814744990 "" ops_sky_boss_good ops_sky sky_boss 0 0 0.0 0.0 -999 ""
FIBERMAP 47 R-6C12 METROLOGY 0 0 0 1 0 0 12.059541041978258 -132.68901343512823 143.1 129.96019544993388 -29.33827362002328 287.62384 58.69931 -999.0 -999.0 -999.0 -999.0 -999.0 123.761043928574 -22.46314535824987 123.71167388340353 -22.5484627189747 75.97914411033464 294.28573282402635 -999.0 6231.0 -999.0 -1 -999 {-999.0 -999.0 -999.0 -999.0 -999.0} "" -999.0 -999.0 -999.0 -999.0 -999 -999 "" "" "" "" 0 0 0.0 0.0 -999 ""
FIBERMAP 48 R-6C4 APOGEE 0 0 0 1 0 0 -151.5343716914633 -97.28783121851909 143.1 45.9582321614352 -174.10581451685294 123.809875 57.166615 -999.0 -999.0 -999.0 -999.0 -999.0 123.48669397694867 -22.90296160301148 123.43604504450389 -22.987609913551847 75.97307076381693 292.19195245585547 -999.0 16600.0 -999.0 2 -999 {-999.0 -999.0 -999.0 -999.0 -999.0} "" -999.0 -999.0 -999.0 -999.0 -999 -999 "" "" "" "" 0 0 0.0 0.0 -999 ""
FIBERMAP 48 R-6C4 BOSS 1 1 0 1 0 0 -150.80328221883255 -97.28668300639366 143.1 46.18200923796026 -173.409844548529 123.809875 57.166615 123.48737744359387 -22.900876140981538 0.08971836 0.9143014 1.8286692 123.48739108329492 -22.90089162274603 123.4367989311005 -22.98556721968829 75.97270912182253 292.20072727183367 5400.0 5400.0 2016.0 1 491 {-999.0 16.211418 15.461895 15.226596 -999.0} sdss_psfmag_ps1 15.978456 15.691735 14.837818 13.539 63050395995130859 1095254868 bright_1x1 mwm_bin_vis_boss mwm_filler science 0 0 0.0 0.0 -999 ""
FIBERMAP 48 R-6C4 METROLOGY 0 0 0 1 0 0 -151.14249575827088 -97.92495873305654 143.1 46.6849798411863 -173.92892113707194 123.809875 57.166615 -999.0 -999.0 -999.0 -999.0 -999.0 123.48907103449075 -22.90248231893316 123.4384611313804 -22.987154066070413 75.97481013084162 292.1979736286204 -999.0 6231.0 -999.0 -1 -999 {-999.0 -999.0 -999.0 -999.0 -999.0} "" -999.0 -999.0 -999.0 -999.0 -999 -999 "" "" "" "" 0 0 0.0 0.0 -999 ""
FIBERMAP 50 R-4C21 APOGEE 1 1 0 1 0 0 188.8910219997439 -95.0811978158604 143.1 148.5672093723894 150.4807599690735 301.66602 29.18075 123.81787310646314 -21.918088985967252 -6.271453 7.8926635 0.72776115 123.81804120699994 -21.918059191414695 123.77002913097971 -22.00355559664553 75.74211503410424 296.30658778109813 16000.0 16600.0 2016.0 2 225 {-999.0 11.226304 9.916952 9.343924 -999.0} sdss_psfmag_from_g3xp 10.717155 9.864636 8.962192 6.965 63050395995514163 1152663177 bright_1x1 mwm_galactic_core_dist_apogee_sparse mwm_galactic science 0 0 0.5943470597267151 0.0 -999 ""
FIBERMAP 50 R-4C21 BOSS 0 0 0 1 0 0 188.24562669280144 -94.75373627032388 143.1 148.0571247166071 149.96740053406842 301.66602 29.18075 -999.0 -999.0 -999.0 -999.0 -999.0 123.8163813187801 -21.919549907248758 123.7684144641974 -22.0050716483654 75.74165865743333 296.2981377050631 -999.0 5400.0 -999.0 1 323 {-999.0 -999.0 -999.0 -999.0 -999.0} "" -999.0 -999.0 -999.0 -999.0 -999 -999 "" "" "" "" 0 0 0.0 0.0 -999 ""
FIBERMAP 50 R-4C21 METROLOGY 0 0 0 1 0 0 188.86835825068246 -94.33739472929763 143.1 147.85252487781742 150.6879759208534 301.66602 29.18075 -999.0 -999.0 -999.0 -999.0 -999.0 123.81573317865487 -21.917360861876983 123.76775741455162 -22.00287328588769 75.73996985025741 296.3043639193941 -999.0 6231.0 -999.0 -1 -999 {-999.0 -999.0 -999.0 -999.0 -999.0} "" -999.0 -999.0 -999.0 -999.0 -999 -999 "" "" "" "" 0 0 0.0 0.0 -999 ""
FIBERMAP 51 R+5C4 APOGEE 0 0 0 1 0 0 -175.78631779450458 101.4438978382614 143.1 -150.59042511989156 -136.05485116295054 105.309204 153.28888 -999.0 -999.0 -999.0 -999.0 -999.0 122.84032296104243 -22.78811571487598 122.78966278666473 -22.87138833197952 75.39345307187448 291.4690520154262 -999.0 16600.0 -999.0 2 -999 {-999.0 -999.0 -999.0 -999.0 -999.0} "" -999.0 -999.0 -999.0 -999.0 -999 -999 "" "" "" "" 0 0 0.0 0.0 -999 ""
FIBERMAP 51 R+5C4 BOSS 1 1 0 1 0 0 -175.68677078818587 102.14609803645467 143.1 -151.2279355461082 -135.7441504347545 105.309204 153.28888 122.838134765625 -22.787145679874087 -999.0 -999.0 -999.0 122.83813526233092 -22.787179628393755 122.78753004976818 -22.870473860204612 75.39128862887578 291.4686010861858 5400.0 5400.0 2015.5 1 38 {-999.0 -999.0 -999.0 -999.0 -999.0} "" -999.0 -999.0 -999.0 -999.0 27021603171078405 814746025 "" ops_sky_boss_good ops_sky sky_boss 0 0 0.0 0.0 -999 ""
FIBERMAP 51 R+5C4 METROLOGY 0 0 0 1 0 0 -175.08145801957025 101.69423943383755 143.1 -150.61181826069543 -135.30719095178475 105.309204 153.28888 -999.0 -999.0 -999.0 -999.0 -999.0 122.84014402540215 -22.785891918466913 122.78952784439986 -22.869183247425127 75.39230916509644 291.4765434750626 -999.0 6231.0 -999.0 -1 -999 {-999.0 -999.0 -999.0 -999.0 -999.0} "" -999.0 -999.0 -999.0 -999.0 -999 -999 "" "" "" "" 0 0 0.0 0.0 -999 ""
FIBERMAP 60 R-3C7 APOGEE 1 1 0 1 0 0 -110.22197121866624 -73.05093556991947 143.1 35.60424671432488 -127.3430836169788 359.46658 59.770115 123.45223869496294 -22.761666569506556 -1.5982052 1.2061621 0.2232704 123.45224681726913 -22.761659604754776 123.40194046149469 -22.846253857294194 75.87775625139031 292.6402208096204 16000.0 16600.0 2016.0 2 290 {-999.0 14.302598 13.245094 12.826727 -999.0} sdss_psfmag_from_g3xp 13.937532 13.254086 12.458848 10.711 63050395995132572 1152662535 bright_1x1 mwm_galactic_core_dist_apogee_sparse mwm_galactic science 0 0 0.0 0.0 -999 ""
FIBERMAP 60 R-3C7 BOSS 0 0 0 1 0 0 -110.69621405856917 -73.61447381086265 143.1 35.99457360512939 -127.96764997923168 359.46658 59.770115 -999.0 -999.0 -999.0 -999.0 -999.0 123.45350397158731 -22.76358257249217 123.40324460231358 -22.848205287848824 75.87975065459091 292.6355929653714 -999.0 5400.0 -999.0 1 476 {-999.0 -999.0 -999.0 -999.0 -999.0} "" -999.0 -999.0 -999.0 -999.0 -999 -999 "" "" "" "" 0 0 0.0 0.0 -999 ""
FIBERMAP 60 R-3C7 METROLOGY 0 0 0 1 0 0 -110.9577739031595 -72.9219148745914 143.1 35.25516686681091 -128.0035005664346 359.46658 59.770115 -999.0 -999.0 -999.0 -999.0 -999.0 123.45109026578373 -22.763720406848652 123.40081488084763 -22.848330543750667 75.87784997667138 292.63071457217563 -999.0 6231.0 -999.0 -1 -999 {-999.0 -999.0 -999.0 -999.0 -999.0} "" -999.0 -999.0 -999.0 -999.0 -999 -999 "" "" "" "" 0 0 0.0 0.0 -999 ""
FIBERMAP 73 R-11C14 APOGEE 1 1 0 1 0 0 138.67002112721482 -204.02494226966954 143.1 236.7779223368883 69.18741919318398 66.15901 76.69231 124.10704526164847 -22.1627483109175 -2.0531151 -1.2680117 0.6425444 124.10727195204475 -22.162754546022196 124.05878196108978 -22.24883398298057 76.09903830123771 296.0364778948452 16000.0 16600.0 2016.0 2 232 {-999.0 11.100091 9.725723 9.066755 -999.0} sdss_psfmag_from_g3xp 10.549144 9.623325 8.680206 6.548 63050395995255035 1152662859 bright_1x1 mwm_galactic_core_dist_apogee_sparse mwm_galactic science 0 0 0.7584174871444702 0.0 -999 ""
FIBERMAP 73 R-11C14 BOSS 0 0 0 1 0 0 139.16071382987008 -204.55015345703836 143.1 237.42857810963133 69.4927581129267 66.15901 76.69231 -999.0 -999.0 -999.0 -999.0 -999.0 124.1093467211865 -22.161786604114 124.06090879328474 -22.24789865094917 76.10021502334574 296.04411389595185 -999.0 5400.0 -999.0 1 341 {-999.0 -999.0 -999.0 -999.0 -999.0} "" -999.0 -999.0 -999.0 -999.0 -999 -999 "" "" "" "" 0 0 0.0 0.0 -999 ""
FIBERMAP 73 R-11C14 METROLOGY 0 0 0 1 0 0 138.43196513994883 -204.7318375231684 143.1 237.3772972165491 68.7434858679086 66.15901 76.69231 -999.0 -999.0 -999.0 -999.0 -999.0 124.10926159031689 -22.164049042983468 124.06080417632552 -22.250152635117903 76.10132411019879 296.03593529030263 -999.0 6231.0 -999.0 -1 -999 {-999.0 -999.0 -999.0 -999.0 -999.0} "" -999.0 -999.0 -999.0 -999.0 -999 -999 "" "" "" "" 0 0 0.0 0.0 -999 ""
FIBERMAP 85 R+2C11 APOGEE 1 1 0 1 0 0 -26.969658907424197 31.01201757672139 143.1 -37.80267291617551 -16.12236118681267 23.279497 61.142014 123.2100971601691 -22.42483609113353 -10.267172 2.1681616 3.0015674 123.21006810800874 -22.424796549934467 123.16050301019078 -22.508917650623356 75.51848750121914 293.39053020496755 16000.0 16600.0 2016.0 2 15 {-999.0 11.773679 11.500161 11.418746 -999.0} sdss_psfmag_from_g3xp 11.7448635 11.499199 11.091312 10.396 63050395995366916 1076245778 bright_1x1 mwm_snc_ext_main_apogee mwm_snc science 0 0 0.0 0.0 -999 ""
FIBERMAP 85 R+2C11 BOSS 0 0 0 1 0 0 -27.021370904372866 30.289081498859083 143.1 -37.13071955852599 -16.39392584657369 23.279497 61.142014 -999.0 -999.0 -999.0 -999.0 -999.0 123.21219882135892 -22.42560143963111 123.16268474463664 -22.509754433721636 75.52065293476511 293.3916139795077 -999.0 5400.0 -999.0 1 23 {-999.0 -999.0 -999.0 -999.0 -999.0} "" -999.0 -999.0 -999.0 -999.0 -999 -999 "" "" "" "" 0 0 0.0 0.0 -999 ""
FIBERMAP 85 R+2C11 METROLOGY 0 0 0 1 0 0 -27.64501044049135 30.70704062450558 143.1 -37.72021915356325 -16.858749728044742 23.279497 61.142014 -999.0 -999.0 -999.0 -999.0 -999.0 123.2102759807884 -22.427024906788876 123.16074266091965 -22.511165788315157 75.51979290600178 293.3831572617577 -999.0 6231.0 -999.0 -1 -999 {-999.0 -999.0 -999.0 -999.0 -999.0} "" -999.0 -999.0 -999.0 -999.0 -999 -999 "" "" "" "" 0 0 0.0 0.0 -999 ""
FIBERMAP 89 R-9C1 APOGEE 0 0 0 1 0 0 -207.38330150731227 -182.2816804935677 143.1 109.65005912629488 -253.38747144960428 243.74895 71.50336 -999.0 -999.0 -999.0 -999.0 -999.0 123.6965793493272 -23.140512530537762 123.64542751317163 -23.225577329935362 76.25510515837286 291.69584301718595 -999.0 16600.0 -999.0 2 258 {-999.0 -999.0 -999.0 -999.0 -999.0} "" -999.0 -999.0 -999.0 -999.0 -999 -999 "" "" "" "" 0 0 0.0 0.0 -999 ""
FIBERMAP 89 R-9C1 BOSS 1 1 0 1 0 0 -207.91124180588022 -181.7724666168443 143.1 109.00316779962304 -253.73317117748786 243.74895 71.50336 123.69454438835847 -23.141596986351804 -34.528942 18.990492 7.3787656 123.6944004132547 -23.14152769104332 123.64329540959335 -23.22661218275393 76.25385605549057 291.68814056675035 5400.0 5400.0 2016.0 1 352 {-999.0 17.50025 16.11153 14.817555 -999.0} sdss_psfmag_ps1 16.936932 15.442804 14.248233 11.979 63050395995108594 1075848447 bright_1x1 mwm_erosita_stars_boss mwm_erosita science 0 0 0.0 0.0 -999 ""
FIBERMAP 89 R-9C1 METROLOGY 0 0 0 1 0 0 -207.19949249630477 -181.5614084734665 143.1 109.0212711597473 -252.99103857599962 243.74895 71.50336 -999.0 -999.0 -999.0 -999.0 -999.0 123.69449437158883 -23.139357671548435 123.64338063059097 -23.224435732294868 76.25290871527541 291.6963930444224 -999.0 6231.0 -999.0 -1 -999 {-999.0 -999.0 -999.0 -999.0 -999.0} "" -999.0 -999.0 -999.0 -999.0 -999 -999 "" "" "" "" 0 0 0.0 0.0 -999 ""
FIBERMAP 92 R-1C26 APOGEE 1 1 0 1 0 0 280.17341002307916 -8.350598808297708 143.1 94.12157555296332 264.010825489747 72.17307 133.53943 123.63803641627577 -21.576538779560874 19.337484 -18.92432 3.509829 123.63807497151609 -21.57659794788083 123.59083410391435 -21.6617571855169 75.41750344433176 297.10090268825263 16000.0 16600.0 2016.0 2 229 {-999.0 10.873038 10.243989 10.0238085 -999.0} sdss_psfmag_from_g3xp 10.716814 10.283897 9.6828 8.562 63050395995522903 1104018483 bright_1x1 mwm_tess_rgb_apogee mwm_tessrgb science 0 0 0.0 0.0 -999 ""
FIBERMAP 92 R-1C26 BOSS 0 0 0 1 0 0 280.8785095236619 -7.98686323638611 143.1 93.9923640795858 264.79359168130156 72.17307 133.53943 -999.0 -999.0 -999.0 -999.0 -999.0 123.63757908059377 -21.57424178086311 123.59039414897421 -21.65943077166119 75.41589005294739 297.10775455297505 -999.0 5400.0 -999.0 1 338 {-999.0 -999.0 -999.0 -999.0 -999.0} "" -999.0 -999.0 -999.0 -999.0 -999 -999 "" "" "" "" 0 0 0.0 0.0 -999 ""
FIBERMAP 92 R-1C26 METROLOGY 0 0 0 1 0 0 280.80681082184526 -8.764117170609186 143.1 94.7098522353354 264.48630291110203 72.17307 133.53943 -999.0 -999.0 -999.0 -999.0 -999.0 123.6399504186903 -21.575115490888063 123.59275010400552 -21.660300795967753 75.41819930785056 297.10961172292497 -999.0 6231.0 -999.0 -1 -999 {-999.0 -999.0 -999.0 -999.0 -999.0} "" -999.0 -999.0 -999.0 -999.0 -999 -999 "" "" "" "" 0 0 0.0 0.0 -999 ""
FIBERMAP 101 R-9C6 APOGEE 1 1 0 1 0 0 -62.81206886301286 -185.1337878702811 143.1 156.8312141520678 -116.70813229915765 6.9610147 68.31717 123.85027342558554 -22.727319565151607 -1.9739151 -1.6408075 0.09083451 123.85024485557008 -22.72733108819089 123.80021491475827 -22.812782704464087 76.18185909542285 293.5030693509222 16000.0 16600.0 2016.0 2 181 {-999.0 14.161586 13.199939 12.764782 -999.0} sdss_psfmag_from_g3xp 13.840739 13.184959 12.397502 10.737 63050395995125893 1156066537 bright_1x1 mwm_galactic_core_dist_apogee_extra mwm_galactic science 0 0 0.0 0.0 -999 ""
FIBERMAP 101 R-9C6 BOSS 0 0 0 1 0 0 -63.010016865631115 -185.86250592150373 143.1 157.46368945398928 -117.12061597909798 6.9610147 68.31717 -999.0 -999.0 -999.0 -999.0 -999.0 123.85232133542377 -22.728571501100664 123.80233903254896 -22.814053383670682 76.18418902642318 293.5024827268707 -999.0 5400.0 -999.0 1 374 {-999.0 -999.0 -999.0 -999.0 -999.0} "" -999.0 -999.0 -999.0 -999.0 -999 -999 "" "" "" "" 0 0 0.0 0.0 -999 ""
FIBERMAP 101 R-9C6 METROLOGY 0 0 0 1 0 0 -63.51972425234855 -185.35567386572873 143.1 156.8246724875117 -117.4497000652943 6.9610147 68.31717 -999.0 -999.0 -999.0 -999.0 -999.0 123.85026985762676 -22.729606065068186 123.80026985828295 -22.815076046464643 76.18303379619687 293.49481960618067 -999.0 6231.0 -999.0 -1 -999 {-999.0 -999.0 -999.0 -999.0 -999.0} "" -999.0 -999.0 -999.0 -999.0 -999 -999 "" "" "" "" 0 0 0.0 0.0 -999 ""
FIBERMAP 105 R-2C23 APOGEE 1 1 0 1 0 0 234.44896242107512 -42.90111197397566 143.1 112.93169485028027 209.87784359561462 321.35663 133.65652 123.70056152343749 -21.739157977152402 -999.0 -999.0 -999.0 123.70051682474146 -21.739160143691862 123.65289836176481 -21.82443025729792 75.55425799007708 296.68081272031867 16000.0 16600.0 2015.5 2 203 {-999.0 -999.0 -999.0 -999.0 -999.0} "" -999.0 -999.0 -999.0 -999.0 27021603171086215 845457733 "" ops_sky_apogee_best ops_sky sky_apogee 0 0 0.0 0.0 -999 ""
FIBERMAP 105 R-2C23 BOSS 0 0 0 1 0 0 234.5040940366786 -43.63027351650281 143.1 113.6424347270005 209.70602362776788 321.35663 133.65652 -999.0 -999.0 -999.0 -999.0 -999.0 123.70279802224275 -21.739618137865943 123.6552295202805 -21.82492289642932 75.55634547312414 296.68383492210404 -999.0 5400.0 -999.0 1 286 {-999.0 -999.0 -999.0 -999.0 -999.0} "" -999.0 -999.0 -999.0 -999.0 -999 -999 "" "" "" "" 0 0 0.0 0.0 -999 ""
FIBERMAP 105 R-2C23 METROLOGY 0 0 0 1 0 0 233.83329900416885 -43.310361410308815 143.1 113.131720724566 209.16617480156583 321.35663 133.65652 -999.0 -999.0 -999.0 -999.0 -999.0 123.70118413512517 -21.741219678686114 123.65359672408067 -21.82651230154171 75.5559277942732 296.6751903931913 -999.0 6231.0 -999.0 -1 -999 {-999.0 -999.0 -999.0 -999.0 -999.0} "" -999.0 -999.0 -999.0 -999.0 -999 -999 "" "" "" "" 0 0 0.0 0.0 -999 ""
FIBERMAP 109 R-5C5 APOGEE 1 0 1 1 0 0 -148.1904442336183 -89.7789612848233 143.1 39.84222490692214 -168.61454611173414 22.305103 164.51445 123.56067080506033 -22.87381915948481 0.923804 4.2232995 1.441451 123.46652971814478 -22.886450199392808 123.41591313951454 -22.9710575565929 75.94889163450054 292.2155875013848 16000.0 16600.0 2016.0 2 295 {-999.0 12.6271715 11.831711 11.563239 -999.0} sdss_psfmag_from_g3xp 12.395282 11.88176 11.214718 9.913 63050395995115679 1110126447 bright_1x1 mwm_tess_rgb_apogee mwm_tessrgb science 0 0 0.0 0.0 -999 ""
FIBERMAP 109 R-5C5 BOSS 0 0 1 1 0 0 -147.48354640375518 -89.52046686713354 143.1 39.81370138923388 -167.86243907561854 22.305103 164.51445 -999.0 -999.0 -999.0 -999.0 -999.0 123.46639484409995 -22.88421492550403 123.41583514232275 -22.96884787900872 75.94777594616048 292.2234487399178 -999.0 5400.0 -999.0 1 486 {-999.0 -999.0 -999.0 -999.0 -999.0} "" -999.0 -999.0 -999.0 -999.0 -999 -999 "" "" "" "" 0 0 0.0 0.0 -999 ""
FIBERMAP 109 R-5C5 METROLOGY 0 0 1 1 0 0 -147.61297435083458 -90.25566544901062 143.1 40.47341828421386 -168.21172060413812 22.305103 164.51445 -999.0 -999.0 -999.0 -999.0 -999.0 123.46858838603839 -22.88529040991448 123.41801246431174 -22.969920670063118 75.95004960468992 292.22349722895524 -999.0 6231.0 -999.0 -1 -999 {-999.0 -999.0 -999.0 -999.0 -999.0} "" -999.0 -999.0 -999.0 -999.0 -999 -999 "" "" "" "" 0 0 0.0 0.0 -999 ""
FIBERMAP 111 R+1C26 APOGEE 1 0 1 1 0 0 281.0343763346782 27.080839016780104 143.1 60.67409864582919 275.72807131180986 8.972602 169.98608 123.49272840101001 -21.582816001376756 -2.3306408 2.4190638 0.20733452 123.52920072995441 -21.541635377316858 123.48199895013983 -21.626566194074176 75.31353200259178 296.9990659687701 16000.0 16600.0 2016.0 2 107 {-999.0 13.852715 12.627046 12.129329 -999.0} sdss_psfmag_from_g3xp 13.391489 12.6092005 11.74995 9.787 63050395995535196 1152663114 bright_1x1 mwm_galactic_core_dist_apogee_sparse mwm_galactic science 0 0 0.0 0.0 -999 ""
FIBERMAP 111 R+1C26 BOSS 0 0 1 1 0 0 281.77904838745894 27.064812886887076 143.1 60.9183945103338 276.4316823201386 8.972602 169.98608 -999.0 -999.0 -999.0 -999.0 -999.0 123.52992520469232 -21.53952004364705 123.48277969457905 -21.624483373128506 75.31300424448403 297.0075129036945 -999.0 5400.0 -999.0 1 183 {-999.0 -999.0 -999.0 -999.0 -999.0} "" -999.0 -999.0 -999.0 -999.0 -999 -999 "" "" "" "" 0 0 0.0 0.0 -999 ""
FIBERMAP 111 R+1C26 METROLOGY 0 0 1 1 0 0 281.40429375699625 26.42066951056429 143.1 61.41601628201978 275.87698432428084 8.972602 169.98608 -999.0 -999.0 -999.0 -999.0 -999.0 123.53157913356058 -21.541131506384367 123.48441596756936 -21.62608946187263 75.31515521102332 297.0054761885171 -999.0 6231.0 -999.0 -1 -999 {-999.0 -999.0 -999.0 -999.0 -999.0} "" -999.0 -999.0 -999.0 -999.0 -999 -999 "" "" "" "" 0 0 0.0 0.0 -999 ""
FIBERMAP 112 R-4C23 APOGEE 1 1 0 1 0 0 234.90187818518274 -60.41185040374127 143.1 129.7321156747499 204.92280503176264 182.44398 44.1288 123.75531470083358 -21.753999656001113 -0.47204536 4.822327 0.54445404 123.75529220699296 -21.753981772152443 123.70766136765172 -21.839367016657462 75.60510619905665 296.740615668999 16000.0 16600.0 2016.0 2 237 {-999.0 15.8524 14.9536 14.596306 -999.0} sdss_psfmag_ps1 15.591601 15.000851 14.250903 12.487 63050395995516005 1034748197 bright_1x1 mwm_yso_variable_apogee_single mwm_yso science 0 0 0.0 0.0 -999 ""
FIBERMAP 112 R-4C23 BOSS 0 0 0 1 0 0 235.4124235351398 -59.89468085084046 143.1 129.3970736293311 205.5676503463807 182.44398 44.1288 -999.0 -999.0 -999.0 -999.0 -999.0 123.75414959578988 -21.751991262678334 123.70657310138506 -21.837404100273336 75.60319529695136 296.74506186361293 -999.0 5400.0 -999.0 1 347 {-999.0 -999.0 -999.0 -999.0 -999.0} "" -999.0 -999.0 -999.0 -999.0 -999 -999 "" "" "" "" 0 0 0.0 0.0 -999 ""
FIBERMAP 112 R-4C23 METROLOGY 0 0 0 1 0 0 235.62647644746357 -60.587927063888074 143.1 130.1225220453417 205.55808765783493 182.44398 44.1288 -999.0 -999.0 -999.0 -999.0 -999.0 123.75654656184795 -21.751989473947848 123.70895700464149 -21.83739900560661 75.60505416530755 296.7498906887426 -999.0 6231.0 -999.0 -1 -999 {-999.0 -999.0 -999.0 -999.0 -999.0} "" -999.0 -999.0 -999.0 -999.0 -999 -999 "" "" "" "" 0 0 0.0 0.0 -999 ""
FIBERMAP 113 R-7C11 APOGEE 1 1 0 1 0 0 25.557496460832233 -126.06636173487402 143.1 127.81059774296153 -14.458237943089129 63.731823 83.31277 123.75372400531994 -22.418039297378368 -1.7991954 0.19166584 0.88624674 123.75371905601723 -22.418042569248115 123.70442329049257 -22.5033312108784 75.95052391848743 294.43225021058186 16000.0 16600.0 2016.0 2 167 {-999.0 10.961547 9.751526 9.278114 -999.0} sdss_psfmag_from_g3xp 10.5075 9.749071 8.907161 7.099 63050395995144782 1156066579 bright_1x1 mwm_galactic_core_dist_apogee_extra mwm_galactic science 0 0 0.0 0.0 -999 ""
FIBERMAP 113 R-7C11 BOSS 0 0 0 1 0 0 26.198739416451463 -126.46199206116972 143.1 128.38426642416766 -13.969796840132938 63.731823 83.31277 -999.0 -999.0 -999.0 -999.0 -999.0 123.7556089553857 -22.416530910901177 123.70636793439985 -22.501851035652255 75.951321222113 294.44125933997964 -999.0 5400.0 -999.0 1 400 {-999.0 -999.0 -999.0 -999.0 -999.0} "" -999.0 -999.0 -999.0 -999.0 -999 -999 "" "" "" "" 0 0 0.0 0.0 -999 ""
FIBERMAP 113 R-7C11 METROLOGY 0 0 0 1 0 0 25.526553030114492 -126.81025513462842 143.1 128.50887959336995 -14.716487817414372 63.731823 83.31277 -999.0 -999.0 -999.0 -999.0 -999.0 123.75605807789 -22.418803759494853 123.7067973601371 -22.504116803635455 75.95281258320244 294.43404456358144 -999.0 6231.0 -999.0 -1 -999 {-999.0 -999.0 -999.0 -999.0 -999.0} "" -999.0 -999.0 -999.0 -999.0 -999 -999 "" "" "" "" 0 0 0.0 0.0 -999 ""
FIBERMAP 116 R+4C14 APOGEE 0 0 0 1 0 0 26.589829781960837 78.59093092475062 143.1 -66.59913716273832 49.47279785263123 214.02747 74.10053 -999.0 -999.0 -999.0 -999.0 -999.0 123.11534582692181 -22.225757176476645 123.06624130906272 -22.3097023303704 75.3435306826 293.90382971202007 -999.0 16600.0 -999.0 2 -999 {-999.0 -999.0 -999.0 -999.0 -999.0} "" -999.0 -999.0 -999.0 -999.0 -999 -999 "" "" "" "" 0 0 0.0 0.0 -999 ""
FIBERMAP 116 R+4C14 BOSS 1 1 0 1 0 0 26.337896117792184 79.31412184835872 143.1 -67.364728780735 49.45552821257969 214.02747 74.10053 123.11271052843904 -22.225793074693474 -2.4392314 3.0514562 0.23240785 123.11274129279342 -22.225755370907923 123.06368800056924 -22.309723138542083 75.34149980316995 293.8990613314095 5400.0 5400.0 2016.0 1 165 {-999.0 17.568705 17.212687 17.099438 -999.0} sdss_psfmag_ps1 17.497364 17.196404 16.744646 15.755 63050395995373372 979857613 "" ops_std_boss ops_std standard_boss 0 0 0.0 0.0 -999 ""
FIBERMAP 116 R+4C14 METROLOGY 0 0 0 1 0 0 27.082092364481646 79.15411452416208 143.1 -66.9835840803391 50.11440055320317 214.02747 74.10053 -999.0 -999.0 -999.0 -999.0 -999.0 123.11399801476058 -22.223757392786645 123.06493549021422 -22.307720155413193 75.34148920592993 293.9081962939912 -999.0 6231.0 -999.0 -1 -999 {-999.0 -999.0 -999.0 -999.0 -999.0} "" -999.0 -999.0 -999.0 -999.0 -999 -999 "" "" "" "" 0 0 0.0 0.0 -999 ""
FIBERMAP 121 R+6C3 APOGEE 0 0 0 1 0 0 -192.1370297002024 99.95488133032772 143.1 -154.20283218099735 -152.07021567969514 292.77164 42.118275 -999.0 -999.0 -999.0 -999.0 -999.0 122.82856722951064 -22.83646870726867 122.77777794829154 -22.919709107016097 75.40636581923563 291.2792904772307 -999.0 16600.0 -999.0 2 18 {-999.0 -999.0 -999.0 -999.0 -999.0} "" -999.0 -999.0 -999.0 -999.0 -999 -999 "" "" "" "" 0 0 0.0 0.0 -999 ""
FIBERMAP 121 R+6C3 BOSS 1 1 0 1 0 0 -192.79642248640454 100.26009984437026 143.1 -154.69605840891228 -152.60373497660603 292.77164 42.118275 122.82691861539762 -22.838055308094628 -1.9043578 3.2161946 0.231331 122.82686510649188 -22.83808034439067 122.77612455067435 -22.921342860179617 75.40577994679552 291.2707368734665 5400.0 5400.0 2016.0 1 26 {-999.0 17.772152 17.437422 17.280458 -999.0} sdss_psfmag_ps1 17.722565 17.398176 16.928083 15.998 63050395995325837 978539853 "" ops_std_boss ops_std standard_boss 0 0 0.0 0.0 -999 ""
FIBERMAP 121 R+6C3 METROLOGY 0 0 0 1 0 0 -192.19174673187015 100.6968685093878 143.1 -154.92564787231132 -151.8940563154653 292.77164 42.118275 -999.0 -999.0 -999.0 -999.0 -999.0 122.82609825880746 -22.835964671718976 122.77534756093547 -22.919218460289226 75.4041566621595 291.2768722165168 -999.0 6231.0 -999.0 -1 -999 {-999.0 -999.0 -999.0 -999.0 -999.0} "" -999.0 -999.0 -999.0 -999.0 -999 -999 "" "" "" "" 0 0 0.0 0.0 -999 ""
FIBERMAP 127 R-1C2 APOGEE 0 0 0 1 0 0 -268.058197311205 -17.328304928578632 143.1 -65.96220469263191 -260.381801452373 146.2314 138.15578 -999.0 -999.0 -999.0 -999.0 -999.0 123.11917231987269 -23.16334547474483 123.06768308802367 -23.24716686424457 75.7938434014074 290.6037898170692 -999.0 16600.0 -999.0 2 -999 {-999.0 -999.0 -999.0 -999.0 -999.0} "" -999.0 -999.0 -999.0 -999.0 -999 -999 "" "" "" "" 0 0 0.0 0.0 -999 ""
FIBERMAP 127 R-1C2 BOSS 1 1 0 1 0 0 -268.23614138129483 -16.615092556108706 143.1 -66.69554409333192 -260.3317407123527 146.2314 138.15578 123.11675831753583 -23.163172258544307 -16.73219 7.908832 1.1763796 123.11670958285312 -23.16316378650294 123.06527228629608 -23.24700455765132 75.79179629560959 290.60027948781794 5400.0 5400.0 2016.0 1 512 {-999.0 13.905589 13.537472 13.421704 -999.0} sdss_psfmag_from_g3xp 13.843019 13.548767 13.091585 12.32 63050395995095361 979281531 "" ops_std_boss ops_std standard_boss 0 0 0.0 0.0 -999 ""
FIBERMAP 127 R-1C2 METROLOGY 0 0 0 1 0 0 -267.5228674498519 -16.805887321352618 143.1 -66.29461689873033 -259.7117599737534 146.2314 138.15578 -999.0 -999.0 -999.0 -999.0 -999.0 123.11802276650683 -23.16136233239117 123.06657579017235 -23.24519920219995 75.79204316263136 290.6090488824374 -999.0 6231.0 -999.0 -1 -999 {-999.0 -999.0 -999.0 -999.0 -999.0} "" -999.0 -999.0 -999.0 -999.0 -999 -999 "" "" "" "" 0 0 0.0 0.0 -999 ""
FIBERMAP 133 R-7C18 APOGEE 1 1 0 1 0 0 148.4845689564182 -128.74008685634632 143.1 168.1646830065292 101.68198905846886 219.9337 42.756954 123.88320937875284 -22.065422772352065 -1.9490104 1.5666304 0.11840752 123.88316840462707 -22.06541135312056 123.83481777269026 -22.151026261399853 75.8713049469219 295.92700344109505 16000.0 16600.0 2016.0 2 222 {-999.0 14.677388 13.500306 13.039674 -999.0} sdss_psfmag_from_g3xp 14.243977 13.498702 12.66446 10.793 63050395995259014 1152662901 bright_1x1 mwm_galactic_core_dist_apogee_sparse mwm_galactic science 0 0 0.0 0.0 -999 ""
FIBERMAP 133 R-7C18 BOSS 0 0 0 1 0 0 148.58653202102093 -127.98821645077443 143.1 167.48065552055695 102.01026625266273 219.9337 42.756954 -999.0 -999.0 -999.0 -999.0 -999.0 123.88093361350533 -22.064367703837476 123.83263406082062 -22.15000649988658 75.86904891600892 295.92617468055596 -999.0 5400.0 -999.0 1 320 {-999.0 -999.0 -999.0 -999.0 -999.0} "" -999.0 -999.0 -999.0 -999.0 -999 -999 "" "" "" "" 0 0 0.0 0.0 -999 ""
FIBERMAP 133 R-7C18 METROLOGY 0 0 0 1 0 0 149.1727147548215 -128.44409805737862 143.1 168.09471656834583 102.42778649415735 219.9337 42.756954 -999.0 -999.0 -999.0 -999.0 -999.0 123.88296255833012 -22.063090797774958 123.83465310209095 -22.148726029495993 75.86996041264668 295.93467442556266 -999.0 6231.0 -999.0 -1 -999 {-999.0 -999.0 -999.0 -999.0 -999.0} "" -999.0 -999.0 -999.0 -999.0 -999 -999 "" "" "" "" 0 0 0.0 0.0 -999 ""
FIBERMAP 135 R-9C8 APOGEE 1 1 0 1 0 0 -27.398396175054966 -165.6907156526732 143.1 149.22411505148335 -77.03241247591265 36.764606 134.49338 123.82487742243046 -22.60737665042559 -8.844829 3.422855 1.7726655 123.82481208949923 -22.607380162370532 123.77507276673089 -22.692794260756443 76.10221245881678 293.89005568294607 16000.0 16600.0 2016.0 2 189 {-999.0 11.5403185 11.205313 11.112762 -999.0} sdss_psfmag_from_g3xp 11.491507 11.220757 10.785477 10.09 63050395995126571 1110331626 bright_1x1 mwm_tess_rgb_apogee mwm_tessrgb science 0 0 0.0 0.0 -999 ""
FIBERMAP 135 R-9C8 BOSS 0 0 0 1 0 0 -26.672792758625842 -165.77465641769928 143.1 149.5271651540807 -76.36783417170268 36.764606 134.49338 -999.0 -999.0 -999.0 -999.0 -999.0 123.82580827471995 -22.60536308217986 123.776124354464 -22.690806074657097 76.10206118217556 293.8992445627912 -999.0 5400.0 -999.0 1 386 {-999.0 -999.0 -999.0 -999.0 -999.0} "" -999.0 -999.0 -999.0 -999.0 -999 -999 "" "" "" "" 0 0 0.0 0.0 -999 ""
FIBERMAP 135 R-9C8 METROLOGY 0 0 0 1 0 0 -27.1257917860585 -166.38450581194346 143.1 149.9680903707439 -76.98643193018283 36.764606 134.49338 -999.0 -999.0 -999.0 -999.0 -999.0 123.82729521943678 -22.607244901358513 123.7775931314169 -22.69268329849211 76.10417224319663 293.8952866108486 -999.0 6231.0 -999.0 -1 -999 {-999.0 -999.0 -999.0 -999.0 -999.0} "" -999.0 -999.0 -999.0 -999.0 -999 -999 "" "" "" "" 0 0 0.0 0.0 -999 ""
FIBERMAP 137 R-11C13 APOGEE 1 1 0 1 0 0 91.1223839887321 -204.98139671303946 143.1 223.06319705312666 23.652619521322904 137.97343 119.84164 124.06399743594191 -22.30080632815785 -2.299292 1.2389147 0.09626226 124.06397919637371 -22.30079449511705 124.01512356913423 -22.386762280243122 76.13698668510821 295.4587086959534 16000.0 16600.0 2016.0 2 184 {-999.0 12.741751 11.923433 11.58036 -999.0} sdss_psfmag_from_g3xp 12.494007 11.939399 11.223591 9.725 63050395995253128 1156066659 bright_1x1 mwm_galactic_core_dist_apogee_extra mwm_galactic science 0 0 0.0 0.0 -999 ""
FIBERMAP 137 R-11C13 BOSS 0 0 0 1 0 0 91.39810599669852 -204.30422542481946 143.1 222.50368929347363 24.12324876002743 137.97343 119.84164 -999.0 -999.0 -999.0 -999.0 -999.0 124.0621418932925 -22.299348463246673 124.01333790728188 -22.38534008178863 76.13483666301005 295.46019099757564 -999.0 5400.0 -999.0 1 377 {-999.0 -999.0 -999.0 -999.0 -999.0} "" -999.0 -999.0 -999.0 -999.0 -999 -999 "" "" "" "" 0 0 0.0 0.0 -999 ""
FIBERMAP 137 R-11C13 METROLOGY 0 0 0 1 0 0 91.85782918888978 -204.89967620712582 143.1 223.211650967998 24.377516420837953 137.97343 119.84164 -999.0 -999.0 -999.0 -999.0 -999.0 124.06448978001123 -22.298568480752795 124.01567499277792 -22.38455740959783 76.13627450915575 295.4676736743069 -999.0 6231.0 -999.0 -1 -999 {-999.0 -999.0 -999.0 -999.0 -999.0} "" -999.0 -999.0 -999.0 -999.0 -999 -999 "" "" "" "" 0 0 0.0 0.0 -999 ""
FIBERMAP 139 R+9C14 APOGEE 1 1 0 1 0 0 116.62979019278829 167.76014443695655 143.1 -123.74721091977963 162.5707913506289 5.2454696 84.85876 122.92891961950652 -21.883478609492887 -2.3221123 1.80215 0.14482154 122.9288916515537 -21.88348465402882 122.88056839506817 -21.967075935085944 75.0209359285772 294.7138003130844 16000.0 16600.0 2016.0 2 95 {-999.0 12.743128 11.250711 10.501743 -999.0} sdss_psfmag_from_g3xp 12.118065 11.0948925 10.099237 7.805 63050395995401498 996654184 bright_1x1 mwm_bin_gaia_sb_apogee mwm_bin science 0 0 0.0 0.0 -999 ""
FIBERMAP 139 R+9C14 BOSS 0 0 0 1 0 0 116.53589966167276 167.0442904767673 143.1 -123.09496938907958 162.2612729995898 5.2454696 84.85876 -999.0 -999.0 -999.0 -999.0 -999.0 122.93092669262411 -21.884343343087018 122.88265515360604 -21.967968499311684 75.02305420056935 294.7147060269576 -999.0 5400.0 -999.0 1 169 {-999.0 -999.0 -999.0 -999.0 -999.0} "" -999.0 -999.0 -999.0 -999.0 -999 -999 "" "" "" "" 0 0 0.0 0.0 -999 ""
FIBERMAP 139 R+9C14 METROLOGY 0 0 0 1 0 0 115.93878519820899 167.49484122821391 143.1 -123.70732063386293 161.83171176684027 5.2454696 84.85876 -999.0 -999.0 -999.0 -999.0 -999.0 122.9289231542927 -21.885629753078508 122.88063247904245 -21.969242011760286 75.02210446513902 294.70673987956405 -999.0 6231.0 -999.0 -1 -999 {-999.0 -999.0 -999.0 -999.0 -999.0} "" -999.0 -999.0 -999.0 -999.0 -999 -999 "" "" "" "" 0 0 0.0 0.0 -999 ""
FIBERMAP 141 R-12C15 APOGEE 1 1 0 1 0 0 154.67913001845193 -252.4631072867042 143.1 287.7899588478738 69.52107932432486 311.0796 58.684002 124.27244384768775 -22.160907923694342 -2.1384737 3.9542572 0.3293426 124.27245513667563 -22.160854267794114 124.2240473286239 -22.24728568213251 76.22788096972472 296.381273884152 16000.0 16600.0 2016.0 2 234 {-999.0 12.280879 11.434651 11.097275 -999.0} sdss_psfmag_from_g3xp 12.025359 11.458749 10.741865 9.219 63050395995255743 996654168 bright_1x1 mwm_bin_gaia_sb_apogee mwm_bin science 0 0 0.0 0.0 -999 ""
FIBERMAP 141 R-12C15 BOSS 0 0 0 1 0 0 153.9675499477085 -252.59034132439785 143.1 287.69215060669495 68.80489049207122 311.0796 58.684002 -999.0 -999.0 -999.0 -999.0 -999.0 124.27206946422078 -22.163001385775818 124.22370419186245 -22.24945966171175 76.22876968390774 296.37283338897777 -999.0 5400.0 -999.0 1 344 {-999.0 -999.0 -999.0 -999.0 -999.0} "" -999.0 -999.0 -999.0 -999.0 -999 -999 "" "" "" "" 0 0 0.0 0.0 -999 ""
FIBERMAP 141 R-12C15 METROLOGY 0 0 0 1 0 0 154.17464659644205 -251.90191214045572 143.1 287.10082329858795 69.21368681401255 311.0796 58.684002 -999.0 -999.0 -999.0 -999.0 -999.0 124.27022497864637 -22.161770541651883 124.2218482903146 -22.248217140133843 76.22665412185664 296.37340996364594 -999.0 6231.0 -999.0 -1 -999 {-999.0 -999.0 -999.0 -999.0 -999.0} "" -999.0 -999.0 -999.0 -999.0 -999 -999 "" "" "" "" 0 0 0.0 0.0 -999 ""
FIBERMAP 143 R-8C14 APOGEE 0 0 0 1 0 0 80.20879980823635 -135.8490569452313 143.1 153.92836214499246 34.53239252268496 184.9598 29.515804 -999.0 -999.0 -999.0 -999.0 -999.0 123.83827493695755 -22.26903481493781 123.78939325364911 -22.35452520616662 75.9417912714739 295.1242312233418 -999.0 16600.0 -999.0 2 -999 {-999.0 -999.0 -999.0 -999.0 -999.0} "" -999.0 -999.0 -999.0 -999.0 -999 -999 "" "" "" "" 0 0 0.0 0.0 -999 ""
FIBERMAP 143 R-8C14 BOSS 1 1 0 1 0 0 80.83626168120382 -135.41319113347475 143.1 153.7066403160297 35.2634740122528 184.9598 29.515804 123.8375757170963 -22.26677933408619 -2.9079084 1.9616809 0.27896756 123.83755479199321 -22.266778833246427 123.78872814559901 -22.352295765017946 75.94011232483064 295.1307789091811 5400.0 5400.0 2016.0 1 273 {-999.0 17.1507 16.839254 16.685913 -999.0} sdss_psfmag_ps1 17.090797 16.81019 16.38117 15.625 63050395995146997 979855792 "" ops_std_boss ops_std standard_boss 0 0 0.0 0.0 -999 ""
FIBERMAP 143 R-8C14 METROLOGY 0 0 0 1 0 0 80.88568165039648 -136.16737940524632 143.1 154.4394358212209 35.078521770482844 184.9598 29.515804 -999.0 -999.0 -999.0 -999.0 -999.0 123.83998691005866 -22.26733218942389 123.791145914055 -22.352846372138817 75.94231110037764 295.13359721496334 -999.0 6231.0 -999.0 -1 -999 {-999.0 -999.0 -999.0 -999.0 -999.0} "" -999.0 -999.0 -999.0 -999.0 -999 -999 "" "" "" "" 0 0 0.0 0.0 -999 ""
FIBERMAP 145 R-10C1 APOGEE 1 1 0 1 0 0 -178.98569108474786 -214.85801020688345 143.1 149.38035473160366 -236.3875968005787 329.34308 44.48113 123.82690429687499 -23.0883997347091 -999.0 -999.0 -999.0 123.82682673926777 -23.088410823245738 123.77587099883061 -23.173761633754435 76.33658507551536 292.12673954845746 16000.0 16600.0 2015.5 2 259 {-999.0 -999.0 -999.0 -999.0 -999.0} "" -999.0 -999.0 -999.0 -999.0 27021603171067111 836855930 "" ops_sky_apogee_best ops_sky sky_apogee 0 0 0.0 0.0 -999 ""
FIBERMAP 145 R-10C1 BOSS 0 0 0 1 0 0 -179.69750840476 -215.0202415898129 143.1 149.31577278084788 -237.11477590570505 329.34308 44.48113 -999.0 -999.0 -999.0 -999.0 -999.0 123.82655666456255 -23.090554694097726 123.77564531970273 -23.175929265389236 76.33742693562192 292.118237734479 -999.0 5400.0 -999.0 1 353 {-999.0 -999.0 -999.0 -999.0 -999.0} "" -999.0 -999.0 -999.0 -999.0 -999 -999 "" "" "" "" 0 0 0.0 0.0 -999 ""
FIBERMAP 145 R-10C1 METROLOGY 0 0 0 1 0 0 -179.47842571951537 -214.30098139058614 143.1 148.69879707002124 -236.68509206411488 329.34308 44.48113 -999.0 -999.0 -999.0 -999.0 -999.0 123.8245797414651 -23.089337325675107 123.7736563648487 -23.174700862401103 76.33523499846876 292.11916169264464 -999.0 6231.0 -999.0 -1 -999 {-999.0 -999.0 -999.0 -999.0 -999.0} "" -999.0 -999.0 -999.0 -999.0 -999 -999 "" "" "" "" 0 0 0.0 0.0 -999 ""
FIBERMAP 149 R-10C17 APOGEE 1 1 0 1 0 0 169.11300527640674 -188.28804559619368 143.1 231.16828236518018 102.99367879211675 140.87125 127.32132 124.08797248001638 -22.060660371538486 -4.3252044 2.7040913 0.6242251 124.08799379338994 -22.060644985174022 124.039749810827 -22.14669765505173 76.02988605762071 296.35705003929365 16000.0 16600.0 2016.0 2 191 {-999.0 11.077427 10.56482 10.363509 -999.0} sdss_psfmag_from_g3xp 10.9676 10.582219 10.021201 8.89 63050395995255651 996654167 bright_1x1 mwm_bin_gaia_sb_apogee mwm_bin science 0 0 0.0 0.0 -999 ""
FIBERMAP 149 R-10C17 BOSS 0 0 0 1 0 0 169.1001923575322 -187.5141145073774 143.1 230.42796162061677 103.21953442426717 140.87125 127.32132 -999.0 -999.0 -999.0 -999.0 -999.0 124.08555061224696 -22.059937985361575 124.0373559981698 -22.146013996203635 76.02764578520112 296.35454915785124 -999.0 5400.0 -999.0 1 264 {-999.0 -999.0 -999.0 -999.0 -999.0} "" -999.0 -999.0 -999.0 -999.0 -999 -999 "" "" "" "" 0 0 0.0 0.0 -999 ""
FIBERMAP 149 R-10C17 METROLOGY 0 0 0 1 0 0 169.73578065085607 -187.87765499959372 143.1 230.96935820643324 103.71246546922359 140.87125 127.32132 -999.0 -999.0 -999.0 -999.0 -999.0 124.08734782611496 -22.05843095080821 124.03914399041679 -22.144502945211688 76.02824105349278 296.36350088935586 -999.0 6231.0 -999.0 -1 -999 {-999.0 -999.0 -999.0 -999.0 -999.0} "" -999.0 -999.0 -999.0 -999.0 -999 -999 "" "" "" "" 0 0 0.0 0.0 -999 ""
FIBERMAP 152 R+6C16 APOGEE 0 0 0 1 0 0 93.63844427880252 127.3476790563769 143.1 -92.36728211921827 128.26486656414306 214.8722 35.125095 -999.0 -999.0 -999.0 -999.0 -999.0 123.03107836460349 -21.98703007324359 122.98253906261476 -22.07082721337101 75.1553819280643 294.5571447808942 -999.0 16600.0 -999.0 2 -999 {-999.0 -999.0 -999.0 -999.0 -999.0} "" -999.0 -999.0 -999.0 -999.0 -999 -999 "" "" "" "" 0 0 0.0 0.0 -999 ""
FIBERMAP 152 R+6C16 BOSS 1 1 0 1 0 0 93.89025393590833 128.02888786330854 143.1 -92.93798649211143 128.71398555213418 214.8722 35.125095 123.02876633008783 -21.98561329832886 -2.1492615 3.4275799 0.36032623 123.02912121695545 -21.985591401549726 122.9806373235968 -22.06941369953588 75.15314391055574 294.55834972197727 5400.0 5400.0 2016.0 1 223 {-999.0 12.625246 11.697845 11.339817 -999.0} sdss_psfmag_from_g3xp 12.329826 11.723476 10.978373 9.378 63050395995399807 996714228 bright_1x1 mwm_bin_gaia_sb_boss mwm_bin science 0 0 1.26111900806427 0.0 -999 ""
FIBERMAP 152 R+6C16 METROLOGY 0 0 0 1 0 0 94.3755388303837 127.47491835386569 143.1 -92.26163110102264 129.00533352504556 214.8722 35.125095 -999.0 -999.0 -999.0 -999.0 -999.0 123.03133527431721 -21.984698914796574 122.98283968973197 -22.06851784573821 75.15443577123172 294.5654388320572 -999.0 6231.0 -999.0 -1 -999 {-999.0 -999.0 -999.0 -999.0 -999.0} "" -999.0 -999.0 -999.0 -999.0 -999 -999 "" "" "" "" 0 0 0.0 0.0 -999 ""
FIBERMAP 154 R-11C7 APOGEE 1 1 0 1 0 0 -54.751472252441 -212.82169584327568 143.1 185.6549869868856 -117.55492569751102 239.23186 39.037766 123.94460906961694 -22.729167478038253 -3.112707 1.7676353 0.48788384 123.94458875977604 -22.72915581304757 123.89459949421371 -22.814808722172597 76.25850074328336 293.67613552817755 16000.0 16600.0 2016.0 2 172 {-999.0 12.151016 10.876862 10.359243 -999.0} sdss_psfmag_from_g3xp 11.65927 10.8560705 9.983228 8.032 63050395995125011 1156066525 bright_1x1 mwm_galactic_core_dist_apogee_extra mwm_galactic science 0 0 0.0 0.0 -999 ""
FIBERMAP 154 R-11C7 BOSS 0 0 0 1 0 0 -54.86215236929894 -212.08523279171223 143.1 184.92021418261112 -117.43371319263348 239.23186 39.037766 -999.0 -999.0 -999.0 -999.0 -999.0 123.9421758692796 -22.728806898736376 123.89223576548369 -22.81448066958519 76.25644525647535 293.6727949881464 -999.0 5400.0 -999.0 1 414 {-999.0 -999.0 -999.0 -999.0 -999.0} "" -999.0 -999.0 -999.0 -999.0 -999 -999 "" "" "" "" 0 0 0.0 0.0 -999 ""
FIBERMAP 154 R-11C7 METROLOGY 0 0 0 1 0 0 -54.173134084447625 -212.35123520533725 143.1 185.38523934118584 -116.85994368891208 239.23186 39.037766 -999.0 -999.0 -999.0 -999.0 -999.0 123.94373412843431 -22.727084462243834 123.8937851039829 -22.812754448332853 76.25683143557464 293.6820842042785 -999.0 6231.0 -999.0 -1 -999 {-999.0 -999.0 -999.0 -999.0 -999.0} "" -999.0 -999.0 -999.0 -999.0 -999 -999 "" "" "" "" 0 0 0.0 0.0 -999 ""
FIBERMAP 156 R-6C19 APOGEE 1 1 0 1 0 0 189.21872490819644 -103.44180632966986 143.1 156.6229540815482 148.22099435353948 77.26798 90.220894 123.8443394466025 -21.92482101942559 -4.4034634 3.085587 0.42641783 123.84433061227092 -21.92481440707695 123.79631364565319 -22.010366058578764 75.76635484791325 296.3360826250014 16000.0 16600.0 2016.0 2 223 {-999.0 11.643203 10.266796 9.634159 -999.0} sdss_psfmag_from_g3xp 11.092197 10.182387 9.247359 7.126 63050395995514087 1152663176 bright_1x1 mwm_galactic_core_dist_apogee_sparse mwm_galactic science 0 0 0.0 0.0 -999 ""
FIBERMAP 156 R-6C19 BOSS 0 0 0 1 0 0 189.93262192341058 -103.56127792071457 143.1 156.9562103720567 148.86350563070152 77.26798 90.220894 -999.0 -999.0 -999.0 -999.0 -999.0 123.84538403263257 -21.922809764001272 123.79742214974686 -22.008393017619795 75.76616936390137 296.34509892152766 -999.0 5400.0 -999.0 1 321 {-999.0 -999.0 -999.0 -999.0 -999.0} "" -999.0 -999.0 -999.0 -999.0 -999 -999 "" "" "" "" 0 0 0.0 0.0 -999 ""
FIBERMAP 156 R-6C19 METROLOGY 0 0 0 1 0 0 189.45049050174455 -104.15109658024778 143.1 157.3691161663246 148.22335007309144 77.26798 90.220894 -999.0 -999.0 -999.0 -999.0 -999.0 123.84678546780458 -21.924725477057834 123.79880538065606 -22.010303213320316 75.76827404809592 296.3413187928561 -999.0 6231.0 -999.0 -1 -999 {-999.0 -999.0 -999.0 -999.0 -999.0} "" -999.0 -999.0 -999.0 -999.0 -999 -999 "" "" "" "" 0 0 0.0 0.0 -999 ""
FIBERMAP 161 R-11C9 APOGEE 1 1 0 1 0 0 1.4614093436934184 -218.88219767986328 143.1 208.711472454676 -65.93360749057952 193.55983 132.3531 124.0191650390625 -22.572371455362244 -999.0 -999.0 -999.0 124.019129835721 -22.572377241692475 123.96957126058118 -22.65821125774192 76.24006208740548 294.3921236563083 16000.0 16600.0 2015.5 2 174 {-999.0 -999.0 -999.0 -999.0 -999.0} "" -999.0 -999.0 -999.0 -999.0 27021603171068244 836856015 "" ops_sky_apogee_best ops_sky sky_apogee 0 0 0.0 0.0 -999 ""
FIBERMAP 161 R-11C9 BOSS 0 0 0 1 0 0 0.865498680516616 -218.4756491877062 143.1 208.14135873347524 -66.37555761151926 193.55983 132.3531 -999.0 -999.0 -999.0 -999.0 -999.0 124.01727445456987 -22.57371641361631 123.96776074563434 -22.65957280676797 76.23930778672472 294.383635541737 -999.0 5400.0 -999.0 1 416 {-999.0 -999.0 -999.0 -999.0 -999.0} "" -999.0 -999.0 -999.0 -999.0 -999 -999 "" "" "" "" 0 0 0.0 0.0 -999 ""
FIBERMAP 161 R-11C9 METROLOGY 0 0 0 1 0 0 1.5026798756174085 -218.13955227492661 143.1 208.01755447101846 -65.66591544907601 193.55983 132.3531 -999.0 -999.0 -999.0 -999.0 -999.0 124.01690681045751 -22.571588871512407 123.96738435793594 -22.657437268391206 76.23792939745687 294.39064623720066 -999.0 6231.0 -999.0 -1 -999 {-999.0 -999.0 -999.0 -999.0 -999.0} "" -999.0 -999.0 -999.0 -999.0 -999 -999 "" "" "" "" 0 0 0.0 0.0 -999 ""
FIBERMAP 163 R+5C6 APOGEE 0 0 0 1 0 0 -106.8508197615085 96.41660825220552 143.1 -124.60377903763278 -72.01042460953275 21.147953 90.70321 -999.0 -999.0 -999.0 -999.0 -999.0 122.92530703212788 -22.594407627360724 122.87518032381229 -22.677891076422277 75.37098133518593 292.29219380258314 -999.0 16600.0 -999.0 2 -999 {-999.0 -999.0 -999.0 -999.0 -999.0} "" -999.0 -999.0 -999.0 -999.0 -999 -999 "" "" "" "" 0 0 0.0 0.0 -999 ""
FIBERMAP 163 R+5C6 BOSS 1 1 0 1 0 0 -106.57010124452881 95.73461683321374 143.1 -123.86853422491393 -71.95309456174365 21.147953 90.70321 122.92764551704315 -22.594262558614602 -5.33846 1.052913 1.4659202 122.92760333899064 -22.594243242862618 122.87753129518615 -22.677758575430445 75.37281985061662 292.29678244655986 5400.0 5400.0 2016.0 1 51 {-999.0 19.607578 18.04859 17.381481 -999.0} sdss_psfmag_ps1 18.998453 17.928339 16.928988 14.989 63050395995330555 1094439110 bright_1x1 mwm_bin_vis_boss mwm_filler science 0 0 0.0 0.0 -999 ""
FIBERMAP 163 R+5C6 METROLOGY 0 0 0 1 0 0 -107.2992576320762 95.81794165631361 143.1 -124.17209109935678 -72.62124289820868 21.147953 90.70321 -999.0 -999.0 -999.0 -999.0 -999.0 122.9266094614172 -22.59628318877249 122.87651669459206 -22.679788459174162 75.37297451340898 292.2879517202821 -999.0 6231.0 -999.0 -1 -999 {-999.0 -999.0 -999.0 -999.0 -999.0} "" -999.0 -999.0 -999.0 -999.0 -999 -999 "" "" "" "" 0 0 0.0 0.0 -999 ""
FIBERMAP 165 R-3C3 APOGEE 1 1 0 1 0 0 -231.6272989875575 -50.01753106727851 143.1 -23.65359990160291 -235.77314120813915 210.78679 50.306423 123.25810318670077 -23.08943168684966 -3.4518895 7.205986 0.50423664 123.25811095230331 -23.08942858419079 123.20687737970161 -23.173559508765607 75.87390595300874 291.11042795443336 16000.0 16600.0 2016.0 2 241 {-999.0 12.382347 11.356266 10.963673 -999.0} sdss_psfmag_from_g3xp 12.034041 11.376419 10.598844 8.891 63050395995097488 1152662661 bright_1x1 mwm_galactic_core_dist_apogee_sparse mwm_galactic science 0 0 0.0 0.0 -999 ""
FIBERMAP 165 R-3C3 BOSS 0 0 0 1 0 0 -231.4331655901345 -49.28957545401474 143.1 -24.28652306116209 -235.3645215594352 210.78679 50.306423 -999.0 -999.0 -999.0 -999.0 -999.0 123.25596968750958 -23.088207682145082 123.20479031382297 -23.17235905873171 75.87164990030733 291.11116831641334 -999.0 5400.0 -999.0 1 498 {-999.0 -999.0 -999.0 -999.0 -999.0} "" -999.0 -999.0 -999.0 -999.0 -999 -999 "" "" "" "" 0 0 0.0 0.0 -999 ""
FIBERMAP 165 R-3C3 METROLOGY 0 0 0 1 0 0 -230.91308179975732 -49.81891173486235 143.1 -23.622902191609555 -235.03248641839386 210.78679 50.306423 -999.0 -999.0 -999.0 -999.0 -999.0 123.25816112655002 -23.087253024947564 123.20697047005882 -23.171402199771883 75.87298721842048 291.11843310987047 -999.0 6231.0 -999.0 -1 -999 {-999.0 -999.0 -999.0 -999.0 -999.0} "" -999.0 -999.0 -999.0 -999.0 -999 -999 "" "" "" "" 0 0 0.0 0.0 -999 ""
FIBERMAP 166 R-4C1 APOGEE 0 0 0 1 0 0 -255.2223237414001 -74.04762863773672 143.1 -8.046842104287125 -265.6145413359514 121.36022 147.76125 -999.0 -999.0 -999.0 -999.0 -999.0 123.3096978289274 -23.17897590289715 123.25826011737837 -23.263205165885136 75.95701077207497 290.8722399783321 -999.0 16600.0 -999.0 2 272 {-999.0 -999.0 -999.0 -999.0 -999.0} "" -999.0 -999.0 -999.0 -999.0 -999 -999 "" "" "" "" 0 0 0.0 0.0 -999 ""
FIBERMAP 166 R-4C1 BOSS 1 1 0 1 0 0 -255.253382602491 -73.31085737000345 143.1 -8.757418146843143 -265.4174760201275 121.36022 147.76125 123.30713241254873 -23.178322628005265 0.7241705 -12.369748 1.5698149 123.307306676439 -23.17836407496906 123.2559213147619 -23.262612805735586 75.95482895497011 290.87036366325924 5400.0 5400.0 2016.0 1 444 {-999.0 13.82105 13.426047 13.274918 -999.0} sdss_psfmag_from_g3xp 13.735211 13.457896 12.904283 12.007 63050395995079299 1075944456 bright_1x1 mwm_erosita_stars_boss mwm_erosita science 0 0 0.62158203125 0.0 -999 ""
FIBERMAP 166 R-4C1 METROLOGY 0 0 0 1 0 0 -254.58803300446948 -73.65435608893205 143.1 -8.225936875721713 -264.89006321944794 121.36022 147.76125 -999.0 -999.0 -999.0 -999.0 -999.0 123.3090641120938 -23.176836306569136 123.25766878135022 -23.261082085343695 75.95555699701532 290.8789977751448 -999.0 6231.0 -999.0 -1 -999 {-999.0 -999.0 -999.0 -999.0 -999.0} "" -999.0 -999.0 -999.0 -999.0 -999 -999 "" "" "" "" 0 0 0.0 0.0 -999 ""
FIBERMAP 168 R+5C2 APOGEE 0 0 0 1 0 0 -213.9855953924708 112.07886838617323 143.1 -172.45877389523616 -169.12956883255998 108.38632 102.00697 -999.0 -999.0 -999.0 -999.0 -999.0 122.76887627015039 -22.88771860568993 122.71792806401936 -22.970822748025633 75.3812777586742 290.99830303166067 -999.0 16600.0 -999.0 2 -999 {-999.0 -999.0 -999.0 -999.0 -999.0} "" -999.0 -999.0 -999.0 -999.0 -999 -999 "" "" "" "" 0 0 0.0 0.0 -999 ""
FIBERMAP 168 R+5C2 BOSS 1 1 0 1 0 0 -213.32088634001116 112.4693093229993 143.1 -172.62581833502188 -168.37701925739634 108.38632 102.00697 122.76811088534718 -22.885281089298 45.317863 -55.001595 0.9802117 122.76825008842685 -22.88543887897691 122.71736130446152 -22.96856785630151 75.37977250869734 291.005268770095 5400.0 5400.0 2016.0 1 73 {-999.0 13.818524 13.473351 13.336262 -999.0} sdss_psfmag_from_g3xp 13.760466 13.467954 13.003622 12.138 63050395995325698 1072469802 bright_1x1 mwm_halo_local_high_boss_single mwm_halo science 0 0 0.0 0.0 -999 ""
FIBERMAP 168 R+5C2 METROLOGY 0 0 0 1 0 0 -213.3304013999576 111.71800962021251 143.1 -171.91389856769953 -168.61715851330814 108.38632 102.00697 -999.0 -999.0 -999.0 -999.0 -999.0 122.77056585323898 -22.886209634291422 122.7196608972659 -22.969336176993334 75.38200510325443 291.0064486670438 -999.0 6231.0 -999.0 -1 -999 {-999.0 -999.0 -999.0 -999.0 -999.0} "" -999.0 -999.0 -999.0 -999.0 -999 -999 "" "" "" "" 0 0 0.0 0.0 -999 ""
FIBERMAP 172 R-5C1 APOGEE 1 1 0 1 0 0 -227.1387738415649 -103.61034515871695 143.1 28.71946249586321 -247.98655731658852 298.79028 138.03384 123.43054810574274 -23.125772198027803 -3.3429003 5.7924466 0.40475804 123.43052511936791 -23.125744788127424 123.37928172390161 -23.210241173665043 76.03141085483415 291.27784754354605 16000.0 16600.0 2016.0 2 273 {-999.0 12.549826 11.394341 10.938426 -999.0} sdss_psfmag_from_g3xp 12.124752 11.400105 10.565162 8.729 63050395995079974 996674800 bright_1x1 mwm_bin_gaia_sb_apogee mwm_bin science 0 0 0.0 0.0 -999 ""
FIBERMAP 172 R-5C1 BOSS 0 0 0 1 0 0 -227.31067383475664 -104.33275853885152 143.1 29.353950916279462 -248.3723176440469 298.79028 138.03384 -999.0 -999.0 -999.0 -999.0 -999.0 123.43256592484471 -23.126888979466717 123.38137204957167 -23.211414251415334 76.03365671393763 291.2772193095013 -999.0 5400.0 -999.0 1 445 {-999.0 -999.0 -999.0 -999.0 -999.0} "" -999.0 -999.0 -999.0 -999.0 -999 -999 "" "" "" "" 0 0 0.0 0.0 -999 ""
FIBERMAP 172 R-5C1 METROLOGY 0 0 0 1 0 0 -227.85629956612826 -103.84229609510692 143.1 28.719461486147342 -248.74061229579027 298.79028 138.03384 -999.0 -999.0 -999.0 -999.0 -999.0 123.4305013034211 -23.128052855368853 123.37928888447703 -23.212566537661566 76.03249196526642 291.2693183774368 -999.0 6231.0 -999.0 -1 -999 {-999.0 -999.0 -999.0 -999.0 -999.0} "" -999.0 -999.0 -999.0 -999.0 -999 -999 "" "" "" "" 0 0 0.0 0.0 -999 ""
FIBERMAP 173 R-1C17 APOGEE 0 0 0 1 0 0 89.92947243755248 -2.710066404623749 143.1 30.239212817741517 84.73250215573088 109.07847 52.26907 -999.0 -999.0 -999.0 -999.0 -999.0 123.43256309429209 -22.118171259028447 123.38387380798451 -22.202813727542914 75.54208266511509 294.86549078650046 -999.0 16600.0 -999.0 2 -999 {-999.0 -999.0 -999.0 -999.0 -999.0} "" -999.0 -999.0 -999.0 -999.0 -999 -999 "" "" "" "" 0 0 0.0 0.0 -999 ""
FIBERMAP 173 R-1C17 BOSS 1 1 0 1 0 0 90.62042666687853 -2.9352782496542957 143.1 30.666022038584842 85.32066009452282 109.07847 52.26907 123.43399218933982 -22.116296564865667 -17.541813 0.81781757 3.9684012 123.43392274806429 -22.116306419346966 123.38528994524819 -22.200980572529126 75.5422613216493 294.8744895355735 5400.0 5400.0 2016.0 1 315 {-999.0 18.892944 17.437847 15.889304 -999.0} sdss_psfmag_ps1 18.259031 16.550793 15.283946 12.827 63050395995378019 1035054232 bright_1x1 mwm_yso_pms_boss_sagitta_edr3_single mwm_yso science 0 0 0.0 0.0 -999 ""
FIBERMAP 173 R-1C17 METROLOGY 0 0 0 1 0 0 90.07531903807461 -3.4437059522983784 143.1 30.982115674208387 84.64561830402461 109.07847 52.26907 -999.0 -999.0 -999.0 -999.0 -999.0 123.43498347747244 -22.11835167100277 123.38633150643642 -22.203019730382287 75.54413878989459 294.8694813654407 -999.0 6231.0 -999.0 -1 -999 {-999.0 -999.0 -999.0 -999.0 -999.0} "" -999.0 -999.0 -999.0 -999.0 -999 -999 "" "" "" "" 0 0 0.0 0.0 -999 ""
FIBERMAP 174 R-8C12 APOGEE 0 0 0 1 0 0 34.28184427883874 -149.2210044540134 143.1 152.52521824204555 -13.279137129560155 142.80754 123.599884 -999.0 -999.0 -999.0 -999.0 -999.0 123.83460632681805 -22.414046205550022 123.78535857718896 -22.499508394290267 76.0129759970342 294.60273743530377 -999.0 16600.0 -999.0 2 -999 {-999.0 -999.0 -999.0 -999.0 -999.0} "" -999.0 -999.0 -999.0 -999.0 -999 -999 "" "" "" "" 0 0 0.0 0.0 -999 ""
FIBERMAP 174 R-8C12 BOSS 1 1 0 1 0 0 34.266379034701416 -148.5059310837411 143.1 151.84008361635338 -13.073908674863693 142.80754 123.599884 123.8323974609375 -22.413401721579845 -999.0 -999.0 -999.0 123.83238252121494 -22.413414197385762 123.78318508303192 -22.498898928727314 76.01093746533465 294.6006766510939 5400.0 5400.0 2015.5 1 395 {-999.0 -999.0 -999.0 -999.0 -999.0} "" -999.0 -999.0 -999.0 -999.0 27021603171069203 814745018 "" ops_sky_boss_good ops_sky sky_boss 0 0 0.0 0.0 -999 ""
FIBERMAP 174 R-8C12 METROLOGY 0 0 0 1 0 0 34.94296085970665 -148.87111435227055 143.1 152.39565212136824 -12.5424784038217 142.80754 123.599884 -999.0 -999.0 -999.0 -999.0 -999.0 123.8342238380854 -22.411801468906773 123.78501721265383 -22.4972826563462 76.0115709484643 294.60999712569975 -999.0 6231.0 -999.0 -1 -999 {-999.0 -999.0 -999.0 -999.0 -999.0} "" -999.0 -999.0 -999.0 -999.0 -999 -999 "" "" "" "" 0 0 0.0 0.0 -999 ""
FIBERMAP 175 R-9C10 APOGEE 1 1 0 1 0 0 29.538664234015158 -164.37895379871875 143.1 165.48878518567594 -22.454481094833362 91.46075 39.661453 123.87719495578838 -22.44161882421842 -0.59018624 0.6948697 0.19373241 123.87717037587949 -22.441626984122852 123.82787329459649 -22.527176266701073 76.06086545841528 294.5868958214092 16000.0 16600.0 2016.0 2 165 {-999.0 14.594039 13.452332 13.009412 -999.0} sdss_psfmag_from_g3xp 14.180253 13.45715 12.636689 10.796 63050395995145296 1152662592 bright_1x1 mwm_galactic_core_dist_apogee_sparse mwm_galactic science 0 0 0.0 0.0 -999 ""
FIBERMAP 175 R-9C10 BOSS 0 0 0 1 0 0 30.031779673978765 -164.94682331108982 143.1 166.18077467824017 -22.159957900148907 91.46075 39.661453 -999.0 -999.0 -999.0 -999.0 -999.0 123.87944759527936 -22.44070194949888 123.83020351278788 -22.52628331228323 76.06226400000143 294.5946340129239 -999.0 5400.0 -999.0 1 398 {-999.0 -999.0 -999.0 -999.0 -999.0} "" -999.0 -999.0 -999.0 -999.0 -999 -999 "" "" "" "" 0 0 0.0 0.0 -999 ""
FIBERMAP 175 R-9C10 METROLOGY 0 0 0 1 0 0 29.292769561256826 -165.07953720241417 143.1 166.07974343388287 -22.90393136224783 91.46075 39.661453 -999.0 -999.0 -999.0 -999.0 -999.0 123.87916682687991 -22.442969995727815 123.8299028535717 -22.5285427585333 76.06317461896569 294.5859717723588 -999.0 6231.0 -999.0 -1 -999 {-999.0 -999.0 -999.0 -999.0 -999.0} "" -999.0 -999.0 -999.0 -999.0 -999 -999 "" "" "" "" 0 0 0.0 0.0 -999 ""
FIBERMAP 176 R-7C19 APOGEE 0 0 0 1 0 0 191.79859081311744 -126.63378240335791 143.1 179.48316771084697 143.54226224890158 45.401085 148.31079 -999.0 -999.0 -999.0 -999.0 -999.0 123.91883884337882 -21.93873598999409 123.87082116648912 -22.02444486404474 75.8322509655811 296.43816110383534 -999.0 16600.0 -999.0 2 -999 {-999.0 -999.0 -999.0 -999.0 -999.0} "" -999.0 -999.0 -999.0 -999.0 -999 -999 "" "" "" "" 0 0 0.0 0.0 -999 ""
FIBERMAP 176 R-7C19 BOSS 1 1 0 1 0 0 192.52509711137142 -126.42849773174228 143.1 179.51130338852872 144.2966600127507 45.401085 148.31079 123.91890432752848 -21.93641368019123 -2.113144 0.2631924 1.0943369 123.91888834504302 -21.93640591379704 123.87092583368712 -22.022144208071428 75.83110126512591 296.4463121770644 5400.0 5400.0 2016.0 1 276 {-999.0 20.692951 19.110096 18.19614 -999.0} sdss_psfmag_ps1 20.041386 18.799232 17.757347 15.803 63050395995260923 1096353703 bright_1x1 mwm_bin_vis_boss mwm_filler science 0 0 0.0 0.0 -999 ""
FIBERMAP 176 R-7C19 METROLOGY 0 0 0 1 0 0 192.317497276168 -127.17251638168158 143.1 180.15536817479693 143.8702866292446 45.401085 148.31079 -999.0 -999.0 -999.0 -999.0 -999.0 123.92104021963159 -21.937672519568906 123.87306154763547 -22.023407012490583 75.83344957565355 296.446285494301 -999.0 6231.0 -999.0 -1 -999 {-999.0 -999.0 -999.0 -999.0 -999.0} "" -999.0 -999.0 -999.0 -999.0 -999 -999 "" "" "" "" 0 0 0.0 0.0 -999 ""
FIBERMAP 180 R-4C11 APOGEE 0 0 0 1 0 0 -0.6356650592862678 -76.89313576202746 143.1 72.96673973557075 -24.25572638647637 72.64661 28.157581 -999.0 -999.0 -999.0 -999.0 -999.0 123.57399778660667 -22.448564902621655 123.52454106004905 -22.533464357027206 75.82225259782126 293.9817719313525 -999.0 16600.0 -999.0 2 -999 {-999.0 -999.0 -999.0 -999.0 -999.0} "" -999.0 -999.0 -999.0 -999.0 -999 -999 "" "" "" "" 0 0 0.0 0.0 -999 ""
FIBERMAP 180 R-4C11 BOSS 1 1 0 1 0 0 -0.49011506885011613 -77.62209285707317 143.1 73.70509610160002 -24.341452220983285 72.64661 28.157581 123.57642387638582 -22.448818011334556 2.8455215 4.8509336 1.3466781 123.5764195149611 -22.44880314033002 123.52701404557632 -22.533734931624497 75.82436422699672 293.98549568389745 5400.0 5400.0 2016.0 1 422 {-999.0 15.238117 14.569889 14.335661 -999.0} sdss_psfmag_from_g3xp 15.065732 14.609911 13.989906 12.799 63050395995147883 1075944461 bright_1x1 mwm_erosita_stars_boss mwm_erosita science 0 0 0.0 0.0 -999 ""
FIBERMAP 180 R-4C11 METROLOGY 0 0 0 1 0 0 -1.2067831875660673 -77.37617023320553 143.1 73.25067187892942 -24.947706151933204 72.64661 28.157581 -999.0 -999.0 -999.0 -999.0 -999.0 123.57495643403622 -22.450659476520745 123.52553122550557 -22.535580163678105 75.82410518416194 293.9761720650497 -999.0 6231.0 -999.0 -1 -999 {-999.0 -999.0 -999.0 -999.0 -999.0} "" -999.0 -999.0 -999.0 -999.0 -999 -999 "" "" "" "" 0 0 0.0 0.0 -999 ""
FIBERMAP 182 R+7C8 APOGEE 1 1 0 1 0 0 -70.13262306775327 134.00131184829735 143.1 -149.0710248891326 -25.513446956851386 196.13977 108.82937 122.84511825120599 -22.453348604878162 -2.575584 3.8120015 0.20497715 122.84512599690034 -22.453313254546533 122.79532186253579 -22.53664342196268 75.23816231728921 292.639112279399 16000.0 16600.0 2016.0 2 124 {-999.0 14.055895 13.120009 12.734315 -999.0} sdss_psfmag_from_g3xp 13.754592 13.128793 12.369866 10.728 63050395995369595 1152662919 bright_1x1 mwm_galactic_core_dist_apogee_sparse mwm_galactic science 0 0 0.0 0.0 -999 ""
FIBERMAP 182 R+7C8 BOSS 0 0 0 1 0 0 -70.5635664368862 134.61359758157144 143.1 -149.78615253754893 -25.735153080938197 196.13977 108.82937 -999.0 -999.0 -999.0 -999.0 -999.0 122.84266116091837 -22.45396633462419 122.79290771655474 -22.537318558768963 75.23654204493249 292.63254260149216 -999.0 5400.0 -999.0 1 109 {-999.0 -999.0 -999.0 -999.0 -999.0} "" -999.0 -999.0 -999.0 -999.0 -999 -999 "" "" "" "" 0 0 0.0 0.0 -999 ""
FIBERMAP 182 R+7C8 METROLOGY 0 0 0 1 0 0 -69.81158785324362 134.6705660996553 143.1 -149.6090622460205 -25.00213825537878 196.13977 108.82937 -999.0 -999.0 -999.0 -999.0 -999.0 122.84323843385292 -22.451754480268757 122.79347572412433 -22.53510048318476 75.23592205813657 292.6411495048477 -999.0 6231.0 -999.0 -1 -999 {-999.0 -999.0 -999.0 -999.0 -999.0} "" -999.0 -999.0 -999.0 -999.0 -999 -999 "" "" "" "" 0 0 0.0 0.0 -999 ""
FIBERMAP 183 R+12C1 APOGEE 1 1 0 1 0 0 -149.87851321773078 241.20504380280676 143.1 -275.6015590787863 -68.41616159426646 32.108784 135.01642 122.43249066685 -22.581869690425926 -9.625459 0.7137027 2.2382724 122.4324599010217 -22.581843559411176 122.38214122163794 -22.66426213314798 74.9644245106857 291.4927769211334 16000.0 16600.0 2016.0 2 8 {-999.0 9.489309 9.722726 9.896531 -999.0} sdss_psfmag_from_g3xp 9.622212 9.612902 9.57374 9.513 63050395995351397 975250443 "" ops_std_apogee ops_std standard_apogee 0 0 0.0 0.0 -999 ""
FIBERMAP 183 R+12C1 BOSS 0 0 0 1 0 0 -149.14454322314361 241.05277365580503 143.1 -275.230921551193 -67.7646395126693 32.108784 135.01642 -999.0 -999.0 -999.0 -999.0 -999.0 122.43363687226808 -22.579849011881628 122.38337886820756 -22.662297598930152 74.96450476333074 291.50153101501974 -999.0 5400.0 -999.0 1 8 {-999.0 -999.0 -999.0 -999.0 -999.0} "" -999.0 -999.0 -999.0 -999.0 -999 -999 "" "" "" "" 0 0 0.0 0.0 -999 ""
FIBERMAP 183 R+12C1 METROLOGY 0 0 0 1 0 0 -149.65037678427328 240.49068487231142 143.1 -274.8516905103183 -68.41881797894213 32.108784 135.01642 -999.0 -999.0 -999.0 -999.0 -999.0 122.43481911702895 -22.581853200677 122.38454091379094 -22.664296362295055 74.96639320289405 291.49668728657844 -999.0 6231.0 -999.0 -1 -999 {-999.0 -999.0 -999.0 -999.0 -999.0} "" -999.0 -999.0 -999.0 -999.0 -999 -999 "" "" "" "" 0 0 0.0 0.0 -999 ""
FIBERMAP 186 R+12C12 APOGEE 0 0 0 1 0 0 89.87847793904999 241.68606464543768 143.1 -202.3144320900275 159.85570396874132 43.90125 154.15672 -999.0 -999.0 -999.0 -999.0 -999.0 122.67333712139447 -21.89213284965503 122.62488022113087 -21.975170615373294 74.82157160799072 294.2193547382941 -999.0 16600.0 -999.0 2 -999 {-999.0 -999.0 -999.0 -999.0 -999.0} "" -999.0 -999.0 -999.0 -999.0 -999 -999 "" "" "" "" 0 0 0.0 0.0 -999 ""
FIBERMAP 186 R+12C12 BOSS 1 1 0 1 0 0 90.59217012109727 241.89789637459006 143.1 -202.29646718949468 160.59992311461824 43.90125 154.15672 122.67333984374999 -21.889829607730533 -999.0 -999.0 -999.0 122.67334844407644 -21.889853537221793 122.62495126622775 -21.972921345492242 74.82048033904752 294.2268705951511 5400.0 5400.0 2015.5 1 106 {-999.0 -999.0 -999.0 -999.0 -999.0} "" -999.0 -999.0 -999.0 -999.0 27021603171081209 823346464 "" ops_sky_boss_good ops_sky sky_boss 0 0 0.0 0.0 -999 ""
FIBERMAP 186 R+12C12 METROLOGY 0 0 0 1 0 0 90.43081476783662 241.18166178624475 143.1 -201.66461442821458 160.22609627998702 43.90125 154.15672 -999.0 -999.0 -999.0 -999.0 -999.0 122.67536670234621 -21.890956262711853 122.6269523192708 -21.97401986374212 74.82263680028112 294.2268801356355 -999.0 6231.0 -999.0 -1 -999 {-999.0 -999.0 -999.0 -999.0 -999.0} "" -999.0 -999.0 -999.0 -999.0 -999 -999 "" "" "" "" 0 0 0.0 0.0 -999 ""
FIBERMAP 193 R+4C23 APOGEE 1 1 0 1 0 0 256.72949974797086 76.81436065281335 143.1 5.877932144929134 267.8995842351697 329.06824 141.06859 123.35132094949395 -21.565445263537683 -20.064915 8.727033 5.0539145 123.35120617612444 -21.565421185052973 123.30386685667264 -21.649966607134015 75.18717268602772 296.56884031680954 16000.0 16600.0 2016.0 2 86 {-999.0 8.921185 8.986511 9.058133 -999.0} sdss_psfmag_from_g3xp 9.008876 8.922174 8.739924 8.459 63050395995536013 975250687 "" ops_std_apogee ops_std standard_apogee 0 0 0.0 0.0 -999 ""
FIBERMAP 193 R+4C23 BOSS 0 0 0 1 0 0 256.8860502723424 76.09848646901216 143.1 6.607223946793253 267.82834924661853 329.06824 141.06859 -999.0 -999.0 -999.0 -999.0 -999.0 123.35352670112779 -21.565602736000017 123.30623928047538 -21.65018375526812 75.18914553460542 296.57278569336506 -999.0 5400.0 -999.0 1 259 {-999.0 -999.0 -999.0 -999.0 -999.0} "" -999.0 -999.0 -999.0 -999.0 -999 -999 "" "" "" "" 0 0 0.0 0.0 -999 ""
FIBERMAP 193 R+4C23 METROLOGY 0 0 0 1 0 0 256.1846053640187 76.29874060067498 143.1 6.200934745330797 267.2225331093677 329.06824 141.06859 -999.0 -999.0 -999.0 -999.0 -999.0 123.3522264864581 -21.567379513309966 123.30491951030712 -21.65194880270842 75.18906684675682 296.5643829226482 -999.0 6231.0 -999.0 -1 -999 {-999.0 -999.0 -999.0 -999.0 -999.0} "" -999.0 -999.0 -999.0 -999.0 -999 -999 "" "" "" "" 0 0 0.0 0.0 -999 ""
FIBERMAP 197 R0C13 APOGEE 1 1 0 1 0 0 -9.486923834119182 5.977029277549547 143.1 -8.605024094300152 -7.188192069534172 32.457172 109.15995 123.30589124774231 -22.397530413197558 -3.070535 1.0703534 0.80186784 123.30591901264269 -22.397507460474856 123.25646707000016 -22.48183857578144 75.58197676838522 293.6612497973071 16000.0 16600.0 2016.0 2 250 {-999.0 8.9341545 9.147718 9.297632 -999.0} sdss_psfmag_from_g3xp 9.062943 9.0419445 8.9673 8.858 63050395995367285 975250466 "" ops_std_apogee ops_std standard_apogee 0 0 0.0 0.0 -999 ""
FIBERMAP 197 R0C13 BOSS 0 0 0 1 0 0 -8.949158122593666 5.475432514788504 143.1 -7.9623581820210285 -6.830800777442746 32.457172 109.15995 -999.0 -999.0 -999.0 -999.0 -999.0 123.3079700576188 -22.396395017509164 123.25857358866165 -22.480758190066403 75.58312527749912 293.66890901430145 -999.0 5400.0 -999.0 1 518 {-999.0 -999.0 -999.0 -999.0 -999.0} "" -999.0 -999.0 -999.0 -999.0 -999 -999 "" "" "" "" 0 0 0.0 0.0 -999 ""
FIBERMAP 197 R0C13 METROLOGY 0 0 0 1 0 0 -9.660910945140461 5.254072819287532 143.1 -7.97066090484143 -7.576105288030674 32.457172 109.15995 -999.0 -999.0 -999.0 -999.0 -999.0 123.30796206416954 -22.39866736025598 123.25854518858205 -22.483022399081193 75.58423148904083 293.6609731454487 -999.0 6231.0 -999.0 -1 -999 {-999.0 -999.0 -999.0 -999.0 -999.0} "" -999.0 -999.0 -999.0 -999.0 -999 -999 "" "" "" "" 0 0 0.0 0.0 -999 ""
FIBERMAP 213 R+3C1 APOGEE 1 1 0 1 0 0 -246.91828497834592 54.34495228119988 143.1 -127.6556093118672 -218.22223774748775 326.09482 130.61815 122.91612718352062 -23.036209205299308 -1.507651 0.32328066 0.24273112 122.91612007285767 -23.03621126447452 122.86486023210352 -23.119612626998133 75.56975511947645 290.7193121345356 16000.0 16600.0 2016.0 2 3 {-999.0 14.481044 12.964696 12.197839 -999.0} sdss_psfmag_from_g3xp 13.843924 12.794172 11.785576 9.423 63050395995100711 1152662704 bright_1x1 mwm_galactic_core_dist_apogee_sparse mwm_galactic science 0 0 0.0 0.0 -999 ""
FIBERMAP 213 R+3C1 BOSS 0 0 0 1 0 0 -246.85199771015036 53.58886291618976 143.1 -126.91581688635534 -218.3917258375497 326.09482 130.61815 -999.0 -999.0 -999.0 -999.0 -999.0 122.91848767921174 -23.03671723938334 122.86728101110276 -23.12014886998095 75.57198031185375 290.72148342261994 -999.0 5400.0 -999.0 1 3 {-999.0 -999.0 -999.0 -999.0 -999.0} "" -999.0 -999.0 -999.0 -999.0 -999 -999 "" "" "" "" 0 0 0.0 0.0 -999 ""
FIBERMAP 213 R+3C1 METROLOGY 0 0 0 1 0 0 -247.52639631090963 53.9086288200543 143.1 -127.42750017107093 -218.93504835495338 326.09482 130.61815 -999.0 -999.0 -999.0 -999.0 -999.0 122.9168045806253 -23.038391299193247 122.86557771308668 -23.121811906632114 75.57134741950003 290.71267323174817 -999.0 6231.0 -999.0 -1 -999 {-999.0 -999.0 -999.0 -999.0 -999.0} "" -999.0 -999.0 -999.0 -999.0 -999 -999 "" "" "" "" 0 0 0.0 0.0 -999 ""
FIBERMAP 216 R-9C18 APOGEE 1 1 0 1 0 0 169.90632935439564 -171.2676839500094 143.1 215.21776538728807 108.98365846622384 229.41478 44.101547 124.03596527955918 -22.042797729862365 -1.4276714 1.6576833 0.20608377 124.03603008611786 -22.042752399823677 123.98780668093661 -22.12869678339059 75.9795820249602 296.3139819218758 16000.0 16600.0 2016.0 2 192 {-999.0 14.086842 12.7866535 12.2430525 -999.0} sdss_psfmag_from_g3xp 13.581734 12.74814 11.857716 9.816 63050395995259342 1156066663 bright_1x1 mwm_galactic_core_dist_apogee_extra mwm_galactic science 0 0 0.0 0.0 -999 ""
FIBERMAP 216 R-9C18 BOSS 0 0 0 1 0 0 170.0126849501048 -170.50570393218393 143.1 214.5254698715676 109.31922459407276 229.41478 44.101547 -999.0 -999.0 -999.0 -999.0 -999.0 124.03374796975736 -22.04170621647831 123.98557504606379 -22.127674419439014 75.977287926662 296.31300603338724 -999.0 5400.0 -999.0 1 265 {-999.0 -999.0 -999.0 -999.0 -999.0} "" -999.0 -999.0 -999.0 -999.0 -999 -999 "" "" "" "" 0 0 0.0 0.0 -999 ""
FIBERMAP 216 R-9C18 METROLOGY 0 0 0 1 0 0 170.58686659730523 -170.9643986435879 143.1 215.13851621959913 109.72446078624833 229.41478 44.101547 -999.0 -999.0 -999.0 -999.0 -999.0 124.03577816148021 -22.040463472369844 123.98759540919394 -22.126428094541957 75.9782073918861 296.3214748800491 -999.0 6231.0 -999.0 -1 -999 {-999.0 -999.0 -999.0 -999.0 -999.0} "" -999.0 -999.0 -999.0 -999.0 -999 -999 "" "" "" "" 0 0 0.0 0.0 -999 ""
FIBERMAP 223 R-7C9 APOGEE 1 1 0 1 0 0 -40.411509590399646 -141.4860281473196 143.1 122.19125340268815 -81.96921241478341 175.2649 152.72552 123.73626708984374 -22.622876335529725 -999.0 -999.0 -999.0 123.73626725445868 -22.622877580026408 123.68644678725019 -22.708100103290196 76.03890414813802 293.66592217573196 16000.0 16600.0 2015.5 2 186 {-999.0 -999.0 -999.0 -999.0 -999.0} "" -999.0 -999.0 -999.0 -999.0 27021603171068982 836856102 "" ops_sky_apogee_best ops_sky sky_apogee 0 0 0.0 0.0 -999 ""
FIBERMAP 223 R-7C9 BOSS 0 0 0 1 0 0 -41.05873063317539 -141.09357647878988 143.1 121.61877040099726 -82.46431924261341 175.2649 152.72552 -999.0 -999.0 -999.0 -999.0 -999.0 123.73440473110375 -22.62439913762777 123.68462972543466 -22.70964390736989 76.03821457977165 293.65691987560353 -999.0 5400.0 -999.0 1 380 {-999.0 -999.0 -999.0 -999.0 -999.0} "" -999.0 -999.0 -999.0 -999.0 -999 -999 "" "" "" "" 0 0 0.0 0.0 -999 ""
FIBERMAP 223 R-7C9 METROLOGY 0 0 0 1 0 0 -40.39463950065298 -140.73561390366115 143.1 121.48243840266231 -81.72234734807202 175.2649 152.72552 -999.0 -999.0 -999.0 -999.0 -999.0 123.73397742798929 -22.622169414763224 123.68419362873794 -22.707406094934107 76.03675516943575 293.6641456753496 -999.0 6231.0 -999.0 -1 -999 {-999.0 -999.0 -999.0 -999.0 -999.0} "" -999.0 -999.0 -999.0 -999.0 -999 -999 "" "" "" "" 0 0 0.0 0.0 -999 ""
FIBERMAP 224 R+2C5 APOGEE 1 1 0 1 0 0 -179.32209555137715 48.69493922371227 143.1 -101.48840099564875 -155.64367436116424 61.512486 143.19925 123.00155754250392 -22.84770231591966 -2.2249713 3.1751804 0.15486512 123.00155108600208 -22.847711651718274 122.95081364924255 -22.931323944402166 75.55267379581039 291.53551741194644 16000.0 16600.0 2016.0 2 23 {-999.0 14.136713 13.215647 12.840367 -999.0} sdss_psfmag_from_g3xp 13.84335 13.228084 12.476835 10.85 63050395995105360 1152662731 bright_1x1 mwm_galactic_core_dist_apogee_sparse mwm_galactic science 0 0 0.0 0.0 -999 ""
FIBERMAP 224 R+2C5 BOSS 0 0 0 1 0 0 -178.6191664338821 49.00930014129677 143.1 -101.57130105686365 -154.8781599739998 61.512486 143.19925 -999.0 -999.0 -999.0 -999.0 -999.0 123.00118456826262 -22.84542286181539 122.9505057932364 -22.929060603697433 75.55136191080587 291.5429964510709 -999.0 5400.0 -999.0 1 34 {-999.0 -999.0 -999.0 -999.0 -999.0} "" -999.0 -999.0 -999.0 -999.0 -999 -999 "" "" "" "" 0 0 0.0 0.0 -999 ""
FIBERMAP 224 R+2C5 METROLOGY 0 0 0 1 0 0 -178.71251005376803 48.25867081564386 143.1 -100.88580325174851 -155.19785420824255 61.512486 143.19925 -999.0 -999.0 -999.0 -999.0 -999.0 123.00343915306854 -22.846420634688812 122.95274386183559 -22.93005575111148 75.55364910285405 291.54334875460484 -999.0 6231.0 -999.0 -1 -999 {-999.0 -999.0 -999.0 -999.0 -999.0} "" -999.0 -999.0 -999.0 -999.0 -999 -999 "" "" "" "" 0 0 0.0 0.0 -999 ""
FIBERMAP 226 R-2C25 APOGEE 1 1 0 1 0 0 273.0770715636861 -47.8489997493415 143.1 129.5208003956118 245.1098270766899 266.20612 143.03627 123.753501300015 -21.63315552086082 -1.7229286 -0.18127328 0.2638241 123.75349546457858 -21.633155018989083 123.7061650175317 -21.7185533793463 75.5382922562182 297.14462797786956 16000.0 16600.0 2016.0 2 239 {-999.0 13.348003 12.091218 11.589068 -999.0} sdss_psfmag_from_g3xp 12.867945 12.075463 11.209512 9.281 63050395995521581 1152663205 bright_1x1 mwm_galactic_core_dist_apogee_sparse mwm_galactic science 0 0 0.0 0.0 -999 ""
FIBERMAP 226 R-2C25 BOSS 0 0 0 1 0 0 272.5903142016787 -48.460383940026084 143.1 129.9528025016645 244.45863687286163 266.20612 143.03627 -999.0 -999.0 -999.0 -999.0 -999.0 123.75485857346267 -21.635091644454736 123.70757377420819 -21.720522852553206 75.54046427080635 297.1408842097984 -999.0 5400.0 -999.0 1 349 {-999.0 -999.0 -999.0 -999.0 -999.0} "" -999.0 -999.0 -999.0 -999.0 -999 -999 "" "" "" "" 0 0 0.0 0.0 -999 ""
FIBERMAP 226 R-2C25 METROLOGY 0 0 0 1 0 0 272.3507236158446 -47.72824899575532 143.1 129.18249733169822 244.45586243645891 266.20612 143.03627 -999.0 -999.0 -999.0 -999.0 -999.0 123.75239978054051 -21.635063042213364 123.70509983040932 -21.720480435853748 75.53851585728152 297.1359998410477 -999.0 6231.0 -999.0 -1 -999 {-999.0 -999.0 -999.0 -999.0 -999.0} "" -999.0 -999.0 -999.0 -999.0 -999 -999 "" "" "" "" 0 0 0.0 0.0 -999 ""
FIBERMAP 229 R+9C7 APOGEE 1 1 0 1 0 0 -68.37791912358377 185.4279400222829 143.1 -197.4627037362719 -8.026003698812737 162.17569 91.00653 122.6870380015402 -22.400079757152064 -2.8486705 4.1585217 1.3809103 122.68705310652311 -22.400041528831576 122.63731317288443 -22.4830374141402 75.08453724568457 292.545043245307 16000.0 16600.0 2016.0 2 133 {-999.0 10.717291 10.879868 11.035879 -999.0} sdss_psfmag_from_g3xp 10.8321705 10.79567 10.714411 10.587 63050395995337286 975250346 "" ops_std_apogee ops_std standard_apogee 0 0 0.0 0.0 -999 ""
FIBERMAP 229 R+9C7 BOSS 0 0 0 1 0 0 -68.18349911114932 186.1438251174461 143.1 -198.08405388529934 -7.620824009480921 162.17569 91.00653 -999.0 -999.0 -999.0 -999.0 -999.0 122.68491393416045 -22.398784233395048 122.63523028641464 -22.48180342037934 75.08225555825024 292.54560154721514 -999.0 5400.0 -999.0 1 123 {-999.0 -999.0 -999.0 -999.0 -999.0} "" -999.0 -999.0 -999.0 -999.0 -999 -999 "" "" "" "" 0 0 0.0 0.0 -999 ""
FIBERMAP 229 R+9C7 METROLOGY 0 0 0 1 0 0 -67.65767891759681 185.6146268925008 143.1 -197.4187999617969 -7.283288333770959 162.17569 91.00653 -999.0 -999.0 -999.0 -999.0 -999.0 122.6870713099337 -22.39777459179962 122.63737588123382 -22.480790726603015 75.0834964128322 292.5527816780257 -999.0 6231.0 -999.0 -1 -999 {-999.0 -999.0 -999.0 -999.0 -999.0} "" -999.0 -999.0 -999.0 -999.0 -999 -999 "" "" "" "" 0 0 0.0 0.0 -999 ""
FIBERMAP 230 R+10C2 APOGEE 0 0 0 1 0 0 -164.86399045200443 177.28433858841512 143.1 -219.39156017079785 -102.33536381097632 283.99823 69.09925 -999.0 -999.0 -999.0 -999.0 -999.0 122.61525468862108 -22.685284995638284 122.56475407617802 -22.768085236159212 75.16191526825051 291.4450775265925 -999.0 16600.0 -999.0 2 -999 {-999.0 -999.0 -999.0 -999.0 -999.0} "" -999.0 -999.0 -999.0 -999.0 -999 -999 "" "" "" "" 0 0 0.0 0.0 -999 ""
FIBERMAP 230 R+10C2 BOSS 1 1 0 1 0 0 -165.5869358835777 177.3409435343003 143.1 -219.66778324922316 -103.00582108804964 283.99823 69.09925 122.61428833007811 -22.687296982179916 -999.0 -999.0 -999.0 122.61427511195025 -22.687291256959302 122.56382331116612 -22.770115781554523 75.16211166319813 291.4365034700752 5400.0 5400.0 2015.5 1 18 {-999.0 -999.0 -999.0 -999.0 -999.0} "" -999.0 -999.0 -999.0 -999.0 27021603171078561 814746034 "" ops_sky_boss_good ops_sky sky_boss 0 0 0.0 0.0 -999 ""
FIBERMAP 230 R+10C2 METROLOGY 0 0 0 1 0 0 -165.18225212421544 177.961249014393 143.1 -220.13351810075258 -102.42997822854156 283.99823 69.09925 -999.0 -999.0 -999.0 -999.0 -999.0 122.61273082737594 -22.6855681564464 122.56226732100379 -22.7683820213735 75.16003060260735 291.43984778478693 -999.0 6231.0 -999.0 -1 -999 {-999.0 -999.0 -999.0 -999.0 -999.0} "" -999.0 -999.0 -999.0 -999.0 -999 -999 "" "" "" "" 0 0 0.0 0.0 -999 ""
FIBERMAP 231 R+2C20 APOGEE 0 0 0 1 0 0 151.42175291667178 50.368990632598326 143.1 -1.3505467666271957 159.5672939273038 112.66643 119.11246 -999.0 -999.0 -999.0 -999.0 -999.0 123.32849688725463 -21.891760039050624 123.28032985678118 -21.97621079609385 75.34232745044976 295.4372347213043 -999.0 16600.0 -999.0 2 -999 {-999.0 -999.0 -999.0 -999.0 -999.0} "" -999.0 -999.0 -999.0 -999.0 -999 -999 "" "" "" "" 0 0 0.0 0.0 -999 ""
FIBERMAP 231 R+2C20 BOSS 1 1 0 1 0 0 151.86098195245043 50.967365352730475 143.1 -1.7847894580111487 160.16926042094718 112.66643 119.11246 123.32702636718749 -21.889829607730533 -999.0 -999.0 -999.0 123.32702083173554 -21.889848236603296 123.2789094572737 -21.974325501706648 75.3402174081888 295.44085012512005 5400.0 5400.0 2015.5 1 230 {-999.0 -999.0 -999.0 -999.0 -999.0} "" -999.0 -999.0 -999.0 -999.0 27021603171080756 814746189 "" ops_sky_boss_good ops_sky sky_boss 0 0 0.0 0.0 -999 ""
FIBERMAP 231 R+2C20 METROLOGY 0 0 0 1 0 0 152.16485377529818 50.283554511989074 143.1 -1.0406919744838719 160.24806074907153 112.66643 119.11246 -999.0 -999.0 -999.0 -999.0 -999.0 123.32946667719392 -21.889594033267333 123.28134242815145 -21.974068255600717 75.3420037685743 295.44639026243516 -999.0 6231.0 -999.0 -1 -999 {-999.0 -999.0 -999.0 -999.0 -999.0} "" -999.0 -999.0 -999.0 -999.0 -999 -999 "" "" "" "" 0 0 0.0 0.0 -999 ""
FIBERMAP 232 R+13C3 APOGEE 0 0 0 1 0 0 -97.68896989910309 273.52070111871484 143.1 -290.29671471464536 -8.819172556046436 147.44145 33.826168 -999.0 -999.0 -999.0 -999.0 -999.0 122.38534169278594 -22.401542077059055 122.33546308248071 -22.483883827039826 74.84069546886002 292.023185234809 -999.0 16600.0 -999.0 2 54 {-999.0 -999.0 -999.0 -999.0 -999.0} "" -999.0 -999.0 -999.0 -999.0 -999 -999 "" ops_sky_apogee_best_unassigned ops_sky sky_apogee 0 0 0.0 0.0 -999 ""
FIBERMAP 232 R+13C3 BOSS 1 1 0 1 0 0 -96.96070348780712 273.43191532053925 143.1 -289.9882355734266 -8.15355070868637 147.44145 33.826168 122.38632202148438 -22.399532062315032 -999.0 -999.0 -999.0 122.38633113064992 -22.399506067349378 122.33651332727209 -22.48187813780898 74.84058435923453 292.03169500605276 5400.0 5400.0 2015.5 1 91 {-999.0 -999.0 -999.0 -999.0 -999.0} "" -999.0 -999.0 -999.0 -999.0 27021603171079395 814746117 "" ops_sky_boss_good ops_sky sky_boss 0 0 0.0 0.0 -999 ""
FIBERMAP 232 R+13C3 METROLOGY 0 0 0 1 0 0 -97.3903564622885 272.8486990816189 143.1 -289.5654704503114 -8.741743306318517 147.44145 33.826168 -999.0 -999.0 -999.0 -999.0 -999.0 122.38764209231749 -22.40129823623837 122.33780465600677 -22.483664991845927 74.84248868539817 292.02788979682055 -999.0 6231.0 -999.0 -1 -999 {-999.0 -999.0 -999.0 -999.0 -999.0} "" -999.0 -999.0 -999.0 -999.0 -999 -999 "" "" "" "" 0 0 0.0 0.0 -999 ""
FIBERMAP 234 R+3C20 APOGEE 1 1 0 1 0 0 171.4458783990742 45.132497759605585 143.1 9.790919970929659 177.00919484573922 287.5851 114.70462 123.36476829729025 -21.83894770733661 0.45638707 -3.3761928 0.52707285 123.36475201067867 -21.838977201754055 123.31673364014728 -21.92351328012247 75.34333308900705 295.68454728803977 16000.0 16600.0 2016.0 2 69 {-999.0 12.936001 11.792521 11.367581 -999.0} sdss_psfmag_from_g3xp 12.519764 11.810398 10.996819 9.235 63050395995386221 1108299643 bright_1x1 mwm_tess_rgb_apogee mwm_tessrgb science 0 0 0.0 0.0 -999 ""
FIBERMAP 234 R+3C20 BOSS 0 0 0 1 0 0 170.87669122597623 44.645689701098384 143.1 10.079036532106262 176.3178916594091 287.5851 114.70462 -999.0 -999.0 -999.0 -999.0 -999.0 123.36565139069029 -21.840970400568267 123.3176797789132 -21.925537712422745 75.34514668076716 295.67957985094876 -999.0 5400.0 -999.0 1 224 {-999.0 -999.0 -999.0 -999.0 -999.0} "" -999.0 -999.0 -999.0 -999.0 -999 -999 "" "" "" "" 0 0 0.0 0.0 -999 ""
FIBERMAP 234 R+3C20 METROLOGY 0 0 0 1 0 0 170.7327831141866 45.374352958042145 143.1 9.34146475852206 176.4050893289785 287.5851 114.70462 -999.0 -999.0 -999.0 -999.0 -999.0 123.3632574185638 -21.84069811872154 123.31527087465003 -21.925251944231352 75.34309742858004 295.6758806810369 -999.0 6231.0 -999.0 -1 -999 {-999.0 -999.0 -999.0 -999.0 -999.0} "" -999.0 -999.0 -999.0 -999.0 -999 -999 "" "" "" "" 0 0 0.0 0.0 -999 ""
FIBERMAP 243 R-11C12 APOGEE 1 1 0 1 0 0 84.8320466629301 -199.86052786671073 143.1 216.2560030253888 19.24257556957351 79.34523 101.46437 124.04198043721985 -22.314290496474626 -2.2540374 3.4600003 0.28643748 124.0419356206376 -22.314281715962846 123.99303583031843 -22.400200600757568 76.12652536885336 295.3665250307047 16000.0 16600.0 2016.0 2 183 {-999.0 13.087727 11.96148 11.501618 -999.0} sdss_psfmag_from_g3xp 12.681446 11.955402 11.127896 9.273 63050395995146151 1156066584 bright_1x1 mwm_galactic_core_dist_apogee_extra mwm_galactic science 0 0 0.0 0.0 -999 ""
FIBERMAP 243 R-11C12 BOSS 0 0 0 1 0 0 85.59001325413726 -199.8146810254895 143.1 216.4455171669839 19.977867041080774 79.34523 101.46437 -999.0 -999.0 -999.0 -999.0 -999.0 124.04253436016275 -22.312019468104758 123.99368948019054 -22.397967455137742 76.12588227793881 295.3757929291139 -999.0 5400.0 -999.0 1 376 {-999.0 -999.0 -999.0 -999.0 -999.0} "" -999.0 -999.0 -999.0 -999.0 -999 -999 "" "" "" "" 0 0 0.0 0.0 -999 ""
FIBERMAP 243 R-11C12 METROLOGY 0 0 0 1 0 0 85.26117598583053 -200.47891238788048 143.1 216.97637557973192 19.46067979131079 79.34523 101.46437 -999.0 -999.0 -999.0 -999.0 -999.0 124.04432450402193 -22.313579896706543 123.9954626773557 -22.39952368245744 76.12809145873757 295.37379688031 -999.0 6231.0 -999.0 -1 -999 {-999.0 -999.0 -999.0 -999.0 -999.0} "" -999.0 -999.0 -999.0 -999.0 -999 -999 "" "" "" "" 0 0 0.0 0.0 -999 ""
FIBERMAP 244 R-4C15 APOGEE 1 1 0 1 0 0 71.08858338000267 -69.13453975397417 143.1 87.64564305661307 46.37484112310635 29.482866 148.65108 123.62117081775203 -22.234008778804636 -2.1293972 1.1550293 0.66170096 123.62116425884267 -22.233991891032122 123.5722699832258 -22.31902257939573 75.75138025624318 294.82544329422245 16000.0 16600.0 2016.0 2 199 {-999.0 11.680847 10.54961 10.109159 -999.0} sdss_psfmag_from_g3xp 11.273647 10.558437 9.740895 7.946 63050395995150282 1152662649 bright_1x1 mwm_galactic_core_dist_apogee_sparse mwm_galactic science 0 0 0.0 0.0 -999 ""
FIBERMAP 244 R-4C15 BOSS 0 0 0 1 0 0 71.83577386241947 -69.18007492334677 143.1 87.91879079574761 47.071771932298205 29.482866 148.65108 -999.0 -999.0 -999.0 -999.0 -999.0 123.6220507233153 -22.231819648839966 123.57321282179038 -22.316880526731545 75.75102794844142 294.8347302702158 -999.0 5400.0 -999.0 1 280 {-999.0 -999.0 -999.0 -999.0 -999.0} "" -999.0 -999.0 -999.0 -999.0 -999 -999 "" "" "" "" 0 0 0.0 0.0 -999 ""
FIBERMAP 244 R-4C15 METROLOGY 0 0 0 1 0 0 71.41704658379228 -69.80565532744085 143.1 88.38522510409213 46.48094448025418 29.482866 148.65108 -999.0 -999.0 -999.0 -999.0 -999.0 123.62361158214725 -22.233610884646257 123.57475558006894 -22.318666919014454 75.75317023439378 294.83148312502027 -999.0 6231.0 -999.0 -1 -999 {-999.0 -999.0 -999.0 -999.0 -999.0} "" -999.0 -999.0 -999.0 -999.0 -999 -999 "" "" "" "" 0 0 0.0 0.0 -999 ""
FIBERMAP 249 R+8C6 APOGEE 0 0 0 1 0 0 -82.69829727769789 148.43254423994622 143.1 -166.66701828873184 -33.03065129280092 287.2067 143.65073 -999.0 -999.0 -999.0 -999.0 -999.0 122.78754348153353 -22.476016473212088 122.73765543601968 -22.559219000739937 75.20254015493539 292.4604544347393 -999.0 16600.0 -999.0 2 -999 {-999.0 -999.0 -999.0 -999.0 -999.0} "" -999.0 -999.0 -999.0 -999.0 -999 -999 "" "" "" "" 0 0 0.0 0.0 -999 ""
FIBERMAP 249 R+8C6 BOSS 1 1 0 1 0 0 -82.9280223601301 147.75002443112908 143.1 -166.08827371813047 -33.45916049597314 287.2067 143.65073 122.7890309855834 -22.47734258008933 -3.167752 4.610547 0.31534192 122.78931297179128 -22.477304250956553 122.73947612561403 -22.560537830945652 75.20464974570021 292.45912115044626 5400.0 5400.0 2016.0 1 79 {-999.0 13.621391 12.783786 12.4594555 -999.0} sdss_psfmag_from_g3xp 13.368684 12.808695 12.103443 10.622 63050395995335718 996713028 bright_1x1 mwm_bin_gaia_sb_boss mwm_bin science 0 0 0.9032848477363586 0.0 -999 ""
FIBERMAP 249 R+8C6 METROLOGY 0 0 0 1 0 0 -83.43576729521861 148.30749948774084 143.1 -166.77487285860454 -33.77080050045539 287.2067 143.65073 -999.0 -999.0 -999.0 -999.0 -999.0 122.78705988190012 -22.478256784274343 122.73720438300296 -22.561477590213663 75.20326847435204 292.45192599096436 -999.0 6231.0 -999.0 -1 -999 {-999.0 -999.0 -999.0 -999.0 -999.0} "" -999.0 -999.0 -999.0 -999.0 -999 -999 "" "" "" "" 0 0 0.0 0.0 -999 ""
FIBERMAP 253 R+5C3 APOGEE 1 1 0 1 0 0 -178.63446887150008 107.91212039217456 143.1 -157.62084614526444 -136.77530370188083 63.91912 92.49621 122.8172920246353 -22.790216647444414 -2.4370465 2.1061838 0.15450545 122.81729005813503 -22.790218238006272 122.76661384771029 -22.873440785510965 75.37565446934187 291.422426110302 16000.0 16600.0 2016.0 2 19 {-999.0 13.96822 13.075302 12.712095 -999.0} sdss_psfmag_from_g3xp 13.687507 13.089319 12.3507805 10.771 63050395995326240 1152662976 bright_1x1 mwm_galactic_core_dist_apogee_sparse mwm_galactic science 0 0 0.0 0.0 -999 ""
FIBERMAP 253 R+5C3 BOSS 0 0 0 1 0 0 -177.94181192792385 107.64697728729806 143.1 -157.1555194175175 -136.19780778075952 63.91912 92.49621 -999.0 -999.0 -999.0 -999.0 -999.0 122.81871615707368 -22.788485277416463 122.76809869252321 -22.871737364664202 75.3760653122319 291.43092516804234 -999.0 5400.0 -999.0 1 28 {-999.0 -999.0 -999.0 -999.0 -999.0} "" -999.0 -999.0 -999.0 -999.0 -999 -999 "" "" "" "" 0 0 0.0 0.0 -999 ""
FIBERMAP 253 R+5C3 METROLOGY 0 0 0 1 0 0 -178.5350536083952 107.17311676914963 143.1 -156.8871208991053 -136.90801591925577 63.91912 92.49621 -999.0 -999.0 -999.0 -999.0 -999.0 122.81958936795486 -22.790662229208497 122.76895153382173 -22.873908461978917 75.37777653028864 291.42478511323566 -999.0 6231.0 -999.0 -1 -999 {-999.0 -999.0 -999.0 -999.0 -999.0} "" -999.0 -999.0 -999.0 -999.0 -999 -999 "" "" "" "" 0 0 0.0 0.0 -999 ""
FIBERMAP 255 R-5C11 APOGEE 1 1 0 1 0 0 -18.72778571129114 -87.40144311985206 143.1 77.40037985079184 -44.70217275972314 122.64953 124.416504 123.58881980050312 -22.510565791790548 -7.069799 -2.0846317 0.35919517 123.58880102905532 -22.51056745402613 123.53919468978228 -22.5954899264193 75.86499869055453 293.78985576144754 16000.0 16600.0 2016.0 2 170 {-999.0 11.858842 10.439602 9.781838 -999.0} sdss_psfmag_from_g3xp 11.281935 10.341113 9.389044 7.195 63050395995144021 1152662589 bright_1x1 mwm_galactic_core_dist_apogee_sparse mwm_galactic science 0 0 0.0 0.0 -999 ""
FIBERMAP 255 R-5C11 BOSS 0 0 0 1 0 0 -18.409865646705796 -86.70270373414324 143.1 76.83332982441354 -44.18475897913528 122.64953 124.416504 -999.0 -999.0 -999.0 -999.0 -999.0 123.58693046403422 -22.509003381602746 123.537377904361 -22.593949010072947 75.8627762828192 293.7918980987238 -999.0 5400.0 -999.0 1 409 {-999.0 -999.0 -999.0 -999.0 -999.0} "" -999.0 -999.0 -999.0 -999.0 -999 -999 "" "" "" "" 0 0 0.0 0.0 -999 ""
FIBERMAP 255 R-5C11 METROLOGY 0 0 0 1 0 0 -17.978296457441814 -87.3038405996822 143.1 77.53804204206611 -43.95902821472855 122.64953 124.416504 -999.0 -999.0 -999.0 -999.0 -999.0 123.58926424763855 -22.508320359375745 123.53970013005829 -22.593263451172028 75.864292380566 293.7987104095589 -999.0 6231.0 -999.0 -1 -999 {-999.0 -999.0 -999.0 -999.0 -999.0} "" -999.0 -999.0 -999.0 -999.0 -999 -999 "" "" "" "" 0 0 0.0 0.0 -999 ""
FIBERMAP 266 R-11C1 APOGEE 1 1 0 1 0 0 -177.92301838857887 -194.21085181410697 143.1 130.06186088111664 -229.02580189482796 183.39523 32.14258 123.7634861140163 -23.06685950115326 -2.1296263 1.8089279 0.6018758 123.76344223183125 -23.06683270413534 123.71251035852953 -23.15205097783808 76.27498849969032 292.0912364088111 16000.0 16600.0 2016.0 2 260 {-999.0 13.011868 12.265368 11.983401 -999.0} sdss_psfmag_from_g3xp 12.8005 12.296463 11.6327715 10.287 63050395995109249 1109232322 bright_1x1 mwm_tess_rgb_apogee mwm_tessrgb science 0 0 0.0 0.0 -999 ""
FIBERMAP 266 R-11C1 BOSS 0 0 0 1 0 0 -177.2477315466848 -193.86864221619777 143.1 129.94396111376386 -228.27802283391935 183.39523 32.14258 -999.0 -999.0 -999.0 -999.0 -999.0 123.76300272142983 -23.064566113550473 123.71212659397446 -23.149808529744195 76.27361755679883 292.0988618136296 -999.0 5400.0 -999.0 1 354 {-999.0 -999.0 -999.0 -999.0 -999.0} "" -999.0 -999.0 -999.0 -999.0 -999 -999 "" "" "" "" 0 0 0.0 0.0 -999 ""
FIBERMAP 266 R-11C1 METROLOGY 0 0 0 1 0 0 -177.3065427809222 -194.6248368959172 143.1 130.6453757624058 -228.56657200367576 183.39523 32.14258 -999.0 -999.0 -999.0 -999.0 -999.0 123.76534585435694 -23.06546362949791 123.71445435571349 -23.150703911761845 76.27592689372449 292.0998009991685 -999.0 6231.0 -999.0 -1 -999 {-999.0 -999.0 -999.0 -999.0 -999.0} "" -999.0 -999.0 -999.0 -999.0 -999 -999 "" "" "" "" 0 0 0.0 0.0 -999 ""
FIBERMAP 267 R-9C2 APOGEE 0 0 0 1 0 0 -172.037311209095 -192.6004291772976 143.1 130.33991090270268 -222.93033476621164 294.07492 73.51144 -999.0 -999.0 -999.0 -999.0 -999.0 123.7643194731651 -23.048499058022802 123.71343459704383 -23.133721786427778 76.26706467442537 292.1609696983836 -999.0 16600.0 -999.0 2 -999 {-999.0 -999.0 -999.0 -999.0 -999.0} "" -999.0 -999.0 -999.0 -999.0 -999 -999 "" "" "" "" 0 0 0.0 0.0 -999 ""
FIBERMAP 267 R-9C2 BOSS 1 1 0 1 0 0 -172.74015899514112 -192.73405935391656 143.1 130.2508743469269 -223.64018234058585 294.07492 73.51144 123.76403568204546 -23.050601927635608 -3.195555 1.7128509 0.61213374 123.76398559604215 -23.05061802237652 123.71314536980128 -23.135864555147602 76.2678452629306 292.1524892377685 5400.0 5400.0 2016.0 1 457 {-999.0 13.647105 13.395448 13.334055 -999.0} sdss_psfmag_from_g3xp 13.626834 13.392984 13.006927 12.395 63050395995109540 946743085 bright_1x1 openfibertargets_nov2020_9 open_fiber science 0 0 0.0 0.0 -999 ""
FIBERMAP 267 R-9C2 METROLOGY 0 0 0 1 0 0 -172.50718216676992 -192.01843304335017 143.1 129.64162978844206 -223.19839622054795 294.07492 73.51144 -999.0 -999.0 -999.0 -999.0 -999.0 123.76202467364367 -23.049353435961795 123.71117248519312 -23.13458892216855 76.26564327367096 292.1536028757587 -999.0 6231.0 -999.0 -1 -999 {-999.0 -999.0 -999.0 -999.0 -999.0} "" -999.0 -999.0 -999.0 -999.0 -999 -999 "" "" "" "" 0 0 0.0 0.0 -999 ""
FIBERMAP 274 R+2C17 APOGEE 1 1 0 1 0 0 81.45312659319337 36.23829857596244 143.1 -9.426533149174519 88.64722654940864 145.36542 157.52705 123.3025590404751 -22.106593815524942 -5.062346 -1.503349 0.5936825 123.30256540734489 -22.106592354932683 123.25384633273944 -22.19095717003913 75.4327332007396 294.65900702361773 16000.0 16600.0 2016.0 2 61 {-999.0 13.023866 12.164068 11.856603 -999.0} sdss_psfmag_from_g3xp 12.760675 12.203558 11.5014715 10.062 63050395995381625 1106229806 bright_1x1 mwm_tess_rgb_apogee mwm_tessrgb science 0 0 0.0 0.0 -999 ""
FIBERMAP 274 R+2C17 BOSS 0 0 0 1 0 0 81.11114822151107 36.91155924598451 143.1 -10.172313227754026 88.5289235761898 145.36542 157.52705 -999.0 -999.0 -999.0 -999.0 -999.0 123.3000645616767 -22.106876461498096 123.25139530981909 -22.19126445647607 75.43094290284124 294.6533289896516 -999.0 5400.0 -999.0 1 207 {-999.0 -999.0 -999.0 -999.0 -999.0} "" -999.0 -999.0 -999.0 -999.0 -999 -999 "" "" "" "" 0 0 0.0 0.0 -999 ""
FIBERMAP 274 R+2C17 METROLOGY 0 0 0 1 0 0 81.86515491014175 36.858754601970794 143.1 -9.890152192245464 89.23010391157484 145.36542 157.52705 -999.0 -999.0 -999.0 -999.0 -999.0 123.30099823791348 -22.104747615370847 123.25232012629726 -22.189129818585325 75.43058256754446 294.6623593708006 -999.0 6231.0 -999.0 -1 -999 {-999.0 -999.0 -999.0 -999.0 -999.0} "" -999.0 -999.0 -999.0 -999.0 -999 -999 "" "" "" "" 0 0 0.0 0.0 -999 ""
FIBERMAP 280 R-3C15 APOGEE 0 0 0 1 0 0 38.49671106665728 -59.16345457611819 143.1 68.13370171929672 18.43125696847797 216.48166 79.99408 -999.0 -999.0 -999.0 -999.0 -999.0 123.55759863104974 -22.319026702518734 123.5084609427887 -22.40390920284519 75.74401773799332 294.40658144377613 -999.0 16600.0 -999.0 2 -999 {-999.0 -999.0 -999.0 -999.0 -999.0} "" -999.0 -999.0 -999.0 -999.0 -999 -999 "" "" "" "" 0 0 0.0 0.0 -999 ""
FIBERMAP 280 R-3C15 BOSS 1 1 0 1 0 0 38.17114009518388 -58.46357098667974 143.1 67.36763708539468 18.336754020431123 216.48166 79.99408 123.55507203948221 -22.319296057799967 -0.8638991 1.4734304 0.2843727 123.55508043720855 -22.319283222085687 123.50599171234882 -22.404187967425628 75.74219295865727 294.4008976434414 5400.0 5400.0 2016.0 1 328 {-999.0 17.56654 17.120543 16.975594 -999.0} sdss_psfmag_gaia 17.175476 17.15002 16.337515 -999.0 63050395995150011 978746090 "" ops_std_boss ops_std standard_boss 0 0 0.0 0.0 -999 ""
FIBERMAP 280 R-3C15 METROLOGY 0 0 0 1 0 0 38.91146771321766 -58.54097956382446 143.1 67.66900083538162 19.017351283688832 216.48166 79.99408 -999.0 -999.0 -999.0 -999.0 -999.0 123.55608111321523 -22.31721936090109 123.50698365936836 -22.402118702821074 75.74193169660631 294.41002620513103 -999.0 6231.0 -999.0 -1 -999 {-999.0 -999.0 -999.0 -999.0 -999.0} "" -999.0 -999.0 -999.0 -999.0 -999 -999 "" "" "" "" 0 0 0.0 0.0 -999 ""
FIBERMAP 284 R-1C5 APOGEE 1 1 0 1 0 0 -199.9494056489095 -3.9799319455358777 143.1 -57.71390826973865 -191.47195587211775 156.62648 76.90446 123.14567582703698 -22.956018266043927 -2.4817078 2.5282593 0.40011036 123.14570283401251 -22.956034297026726 123.09475654546515 -23.03994204259097 75.72059327153707 291.3981639633606 16000.0 16600.0 2016.0 2 281 {-999.0 12.02031 10.8205 10.353852 -999.0} sdss_psfmag_from_g3xp 11.571743 10.820827 9.9812565 8.118 63050395995099433 1152662689 bright_1x1 mwm_galactic_core_dist_apogee_sparse mwm_galactic science 0 0 0.0 0.0 -999 ""
FIBERMAP 284 R-1C5 BOSS 0 0 0 1 0 0 -199.39157142928053 -3.4818328023393903 143.1 -58.016260027056894 -190.78798186220092 156.62648 76.90446 -999.0 -999.0 -999.0 -999.0 -999.0 123.14463308410949 -22.953998466624455 123.0937439705528 -23.037929638169505 75.71883096180105 291.4036216344708 -999.0 5400.0 -999.0 1 462 {-999.0 -999.0 -999.0 -999.0 -999.0} "" -999.0 -999.0 -999.0 -999.0 -999 -999 "" "" "" "" 0 0 0.0 0.0 -999 ""
FIBERMAP 284 R-1C5 METROLOGY 0 0 0 1 0 0 -199.23674531619804 -4.18869933100045 143.1 -57.29606922325982 -190.85808700526715 156.62648 76.90446 -999.0 -999.0 -999.0 -999.0 -999.0 123.14700875606898 -22.95424455305818 123.09610525880743 -23.0381735949219 75.72086715053696 291.40685279579907 -999.0 6231.0 -999.0 -1 -999 {-999.0 -999.0 -999.0 -999.0 -999.0} "" -999.0 -999.0 -999.0 -999.0 -999 -999 "" "" "" "" 0 0 0.0 0.0 -999 ""
FIBERMAP 286 R-5C13 APOGEE 1 0 1 1 0 0 34.43157547871485 -89.34181199983726 143.1 95.59743610196134 5.281059300860073 9.734735 170.1156 123.64971738232495 -22.3235485334981 -8.920118 3.1773238 0.7751226 123.64784546580205 -22.358612679890005 123.59864991467151 -22.44368301912623 75.83603390325057 294.4395427873879 16000.0 16600.0 2016.0 2 162 {-999.0 10.186342 8.789237 8.05984 -999.0} sdss_psfmag_from_g3xp 9.624525 8.645009 7.669727 5.462 63050395995149067 1152662624 bright_1x1 mwm_galactic_core_dist_apogee_sparse mwm_galactic science 0 0 1.1029754877090454 0.0 -999 ""
FIBERMAP 286 R-5C13 BOSS 0 0 1 1 0 0 35.170794226403466 -89.32562640137685 143.1 95.80940582489299 5.989389330902854 9.734735 170.1156 -999.0 -999.0 -999.0 -999.0 -999.0 123.64853811841377 -22.356428902564815 123.59939882519876 -22.441528532331397 75.8355355564604 294.4485635383256 -999.0 5400.0 -999.0 1 392 {-999.0 -999.0 -999.0 -999.0 -999.0} "" -999.0 -999.0 -999.0 -999.0 -999 -999 "" "" "" "" 0 0 0.0 0.0 -999 ""
FIBERMAP 286 R-5C13 METROLOGY 0 0 1 1 0 0 34.813265481696774 -89.9804250039098 143.1 96.32246419144428 5.447804065656606 9.734735 170.1156 -999.0 -999.0 -999.0 -999.0 -999.0 123.65025249815018 -22.35807349137218 123.60109556327126 -22.443168763959047 75.8377196577099 294.44604616258687 -999.0 6231.0 -999.0 -1 -999 {-999.0 -999.0 -999.0 -999.0 -999.0} "" -999.0 -999.0 -999.0 -999.0 -999 -999 "" "" "" "" 0 0 0.0 0.0 -999 ""
FIBERMAP 290 R+8C13 APOGEE 0 0 0 1 0 0 55.81582904210936 174.32056871500322 143.1 -148.6945692751931 106.72540618359784 201.15729 13.339877 -999.0 -999.0 -999.0 -999.0 -999.0 122.84705281388642 -22.05246095827646 122.79826658582908 -22.135851741221533 75.04163152649079 294.0012146885554 -999.0 16600.0 -999.0 2 -999 {-999.0 -999.0 -999.0 -999.0 -999.0} "" -999.0 -999.0 -999.0 -999.0 -999 -999 "" "" "" "" 0 0 0.0 0.0 -999 ""
FIBERMAP 290 R+8C13 BOSS 1 1 0 1 0 0 56.44129956492468 174.7494052247964 143.1 -148.9102153683744 107.45243086084623 201.15729 13.339877 122.84637451171874 -22.050721710779328 -999.0 -999.0 -999.0 122.84624890272374 -22.050196167673068 122.79752139683484 -22.133614541974467 75.03990375203267 294.007335505677 5400.0 5400.0 2015.5 1 157 {-999.0 -999.0 -999.0 -999.0 -999.0} "" -999.0 -999.0 -999.0 -999.0 27021603171080981 823347041 "" ops_sky_boss_good ops_sky sky_boss 0 0 0.0 0.0 -999 ""
FIBERMAP 290 R+8C13 METROLOGY 0 0 0 1 0 0 56.490930148195204 173.99848687236417 143.1 -148.18046634410018 107.26868478070584 201.15729 13.339877 -999.0 -999.0 -999.0 -999.0 -999.0 122.84862154915749 -22.050744090022228 122.7998785829538 -22.13415928943611 75.04206252297777 294.0097979586981 -999.0 6231.0 -999.0 -1 -999 {-999.0 -999.0 -999.0 -999.0 -999.0} "" -999.0 -999.0 -999.0 -999.0 -999 -999 "" "" "" "" 0 0 0.0 0.0 -999 ""
FIBERMAP 294 R+11C8 APOGEE 1 1 0 1 0 0 -28.243220191680862 201.15363112071822 143.1 -200.08068991955477 34.998279245606824 277.0875 41.038002 122.6788330078125 -22.26972858736046 -999.0 -999.0 -999.0 122.67884219618504 -22.26968049713307 122.62943029637404 -22.352676984003306 75.01444337886211 292.97202233962656 16000.0 16600.0 2015.5 2 129 {-999.0 -999.0 -999.0 -999.0 -999.0} "" -999.0 -999.0 -999.0 -999.0 27021603171080823 845457161 "" ops_sky_apogee_best ops_sky sky_apogee 0 0 0.0 0.0 -999 ""
FIBERMAP 294 R+11C8 BOSS 0 0 0 1 0 0 -28.796764901854242 201.62743173605267 143.1 -200.70176168918627 34.617324976478734 277.0875 41.038002 -999.0 -999.0 -999.0 -999.0 -999.0 122.67670407423422 -22.27079484781648 122.62734242898597 -22.353814794795177 75.01332216432473 292.96451741185905 -999.0 5400.0 -999.0 1 116 {-999.0 -999.0 -999.0 -999.0 -999.0} "" -999.0 -999.0 -999.0 -999.0 -999 -999 "" "" "" "" 0 0 0.0 0.0 -999 ""
FIBERMAP 294 R+11C8 METROLOGY 0 0 0 1 0 0 -28.104106762423925 201.88756168537668 143.1 -200.7362212470018 35.356386295297646 277.0875 41.038002 -999.0 -999.0 -999.0 -999.0 -999.0 122.67658311453897 -22.2685587731692 122.6272117856393 -22.351570775436457 75.01211282361429 292.9718418241165 -999.0 6231.0 -999.0 -1 -999 {-999.0 -999.0 -999.0 -999.0 -999.0} "" -999.0 -999.0 -999.0 -999.0 -999 -999 "" "" "" "" 0 0 0.0 0.0 -999 ""
FIBERMAP 300 R-4C2 APOGEE 0 0 0 1 0 0 -217.00913121952354 -97.28690404298024 143.1 25.818526976743087 -236.40343455581495 348.72064 42.820564 -999.0 -999.0 -999.0 -999.0 -999.0 123.42089898795926 -23.090965806664894 123.36973969062342 -23.175446416096005 76.00751655456585 291.3886566905061 -999.0 16600.0 -999.0 2 -999 {-999.0 -999.0 -999.0 -999.0 -999.0} "" -999.0 -999.0 -999.0 -999.0 -999 -999 "" "" "" "" 0 0 0.0 0.0 -999 ""
FIBERMAP 300 R-4C2 BOSS 1 1 0 1 0 0 -217.6542942225662 -97.69414963211764 143.1 26.00757270491578 -237.14255526125905 348.72064 42.820564 123.42150313061668 -23.09317536993859 -3.687952 1.513716 -2.792139 123.42147826251455 -23.093190079466353 123.3703650560496 -23.177696417453852 76.00907009408976 291.3815174721454 5400.0 5400.0 2016.0 1 453 {-999.0 15.588297 15.295363 15.148505 -999.0} sdss_psfmag_ps1 15.503548 15.275794 14.782713 14.033 63050395995080233 1093701486 bright_1x1 mwm_astar_core_boss_single mwm_ob science 0 0 0.0 0.0 -999 ""
FIBERMAP 300 R-4C2 METROLOGY 0 0 0 1 0 0 -217.67473872633485 -96.94563455463926 143.1 25.289087445329606 -236.93177842150337 348.72064 42.820564 -999.0 -999.0 -999.0 -999.0 -999.0 123.41913208979086 -23.09261087323234 123.36800464586304 -23.177105229064033 76.00687364885576 291.3795184664715 -999.0 6231.0 -999.0 -1 -999 {-999.0 -999.0 -999.0 -999.0 -999.0} "" -999.0 -999.0 -999.0 -999.0 -999 -999 "" "" "" "" 0 0 0.0 0.0 -999 ""
FIBERMAP 303 R-1C21 APOGEE 0 0 0 1 0 0 164.7648925823447 -37.191365159583086 143.1 86.06545774334462 145.33107735713327 294.37952 75.86129 -999.0 -999.0 -999.0 -999.0 -999.0 123.61431624527926 -21.934152921560194 123.56617139357166 -22.019211053498882 75.590307967826 295.84745175539484 -999.0 16600.0 -999.0 2 -999 {-999.0 -999.0 -999.0 -999.0 -999.0} "" -999.0 -999.0 -999.0 -999.0 -999 -999 "" "" "" "" 0 0 0.0 0.0 -999 ""
FIBERMAP 303 R-1C21 BOSS 1 1 0 1 0 0 164.0251792534332 -37.33815208755851 143.1 85.97760041155011 144.58210619375194 294.37952 75.86129 123.61404418945312 -21.936318766514134 -999.0 -999.0 -999.0 123.61402808104047 -21.936333901591393 123.56592809379833 -22.02142022329563 75.59128394814543 295.8394359991764 5400.0 5400.0 2015.5 1 324 {-999.0 -999.0 -999.0 -999.0 -999.0} "" -999.0 -999.0 -999.0 -999.0 27021603171080549 814746329 "" ops_sky_boss_good ops_sky sky_boss 0 0 0.0 0.0 -999 ""
FIBERMAP 303 R-1C21 METROLOGY 0 0 0 1 0 0 164.27283485967615 -36.62800256377258 143.1 85.3780818246872 145.03617431495869 294.37952 75.86129 -999.0 -999.0 -999.0 -999.0 -999.0 123.61208719107172 -21.934955762980348 123.5639754830608 -22.020029873541336 75.5890124611328 295.84033556492983 -999.0 6231.0 -999.0 -1 -999 {-999.0 -999.0 -999.0 -999.0 -999.0} "" -999.0 -999.0 -999.0 -999.0 -999 -999 "" "" "" "" 0 0 0.0 0.0 -999 ""
FIBERMAP 306 R+4C10 APOGEE 0 0 0 1 0 0 -61.98020464217579 83.49096182632832 143.1 -98.5039188184322 -33.29263410973736 196.53217 76.22634 -999.0 -999.0 -999.0 -999.0 -999.0 123.01084400517709 -22.47703606191873 122.96105506098462 -22.560720601625622 75.38355593241583 292.8503416516818 -999.0 16600.0 -999.0 2 -999 {-999.0 -999.0 -999.0 -999.0 -999.0} "" -999.0 -999.0 -999.0 -999.0 -999 -999 "" "" "" "" 0 0 0.0 0.0 -999 ""
FIBERMAP 306 R+4C10 BOSS 1 1 0 1 0 0 -62.01365325925413 84.22635221914723 143.1 -99.21391603119217 -33.09826732978835 196.53217 76.22634 123.00842285156247 -22.476463099901977 -999.0 -999.0 -999.0 123.00840241966475 -22.476436752040016 122.9586667376987 -22.560143426245393 75.38134939999814 292.8480694014566 5400.0 5400.0 2015.5 1 76 {-999.0 -999.0 -999.0 -999.0 -999.0} "" -999.0 -999.0 -999.0 -999.0 27021603171079879 814746139 "" ops_sky_boss_good ops_sky sky_boss 0 0 0.0 0.0 -999 ""
FIBERMAP 306 R+4C10 METROLOGY 0 0 0 1 0 0 -61.35551557780664 83.90237620339077 143.1 -98.703228467952 -32.57171169959724 196.53217 76.22634 -999.0 -999.0 -999.0 -999.0 -999.0 123.01008170560036 -22.4748498196797 122.96033583940607 -22.558552601805918 75.38191746699272 292.85655266861016 -999.0 6231.0 -999.0 -1 -999 {-999.0 -999.0 -999.0 -999.0 -999.0} "" -999.0 -999.0 -999.0 -999.0 -999 -999 "" "" "" "" 0 0 0.0 0.0 -999 ""
FIBERMAP 313 R-10C2 APOGEE 0 0 0 1 0 0 -159.0402436907533 -175.58488713611408 143.1 118.14762506766327 -205.33022324136513 137.0117 71.06957 -999.0 -999.0 -999.0 -999.0 -999.0 123.72419544408524 -22.995832590950997 123.67342482276297 -23.080976857958895 76.20963729624154 292.2826863500061 -999.0 16600.0 -999.0 2 -999 {-999.0 -999.0 -999.0 -999.0 -999.0} "" -999.0 -999.0 -999.0 -999.0 -999 -999 "" "" "" "" 0 0 0.0 0.0 -999 ""
FIBERMAP 313 R-10C2 BOSS 1 1 0 1 0 0 -158.3010049400188 -175.25915061452747 143.1 118.06506952053388 -204.52666204985064 137.0117 71.06957 123.7239074707031 -22.993394314297802 -999.0 -999.0 -999.0 123.72388552921844 -22.993416095703374 123.67317122090424 -23.078585089137654 76.2082941065315 292.29104561550434 5400.0 5400.0 2015.5 1 515 {-999.0 -999.0 -999.0 -999.0 -999.0} "" -999.0 -999.0 -999.0 -999.0 27021603171067407 814744853 "" ops_sky_boss_good ops_sky sky_boss 0 0 0.0 0.0 -999 ""
FIBERMAP 313 R-10C2 METROLOGY 0 0 0 1 0 0 -158.41040443459968 -175.98837285854296 143.1 118.72526043222356 -204.8550487013872 137.0117 71.06957 -999.0 -999.0 -999.0 -999.0 -999.0 123.72609048968692 -22.99442994343232 123.67536040753612 -23.079596411613423 76.21054668784696 292.2913345225418 -999.0 6231.0 -999.0 -1 -999 {-999.0 -999.0 -999.0 -999.0 -999.0} "" -999.0 -999.0 -999.0 -999.0 -999 -999 "" "" "" "" 0 0 0.0 0.0 -999 ""
FIBERMAP 316 R-2C11 APOGEE 1 1 0 1 0 0 -50.674683728293054 -55.017534101762514 143.1 36.7614735255468 -65.13830758143051 277.46274 84.324005 123.45546286893949 -22.57309245577682 -1.780982 2.7175195 0.20557486 123.45549509107867 -22.573070443534043 123.40566830979282 -22.657698191229453 75.78880050901923 293.3196664258838 16000.0 16600.0 2016.0 2 299 {-999.0 14.000483 12.890402 12.453479 -999.0} sdss_psfmag_from_g3xp 13.606828 12.896026 12.083292 10.254 63050395995139449 1152662559 bright_1x1 mwm_galactic_core_dist_apogee_sparse mwm_galactic science 0 0 0.0 0.0 -999 ""
FIBERMAP 316 R-2C11 BOSS 0 0 0 1 0 0 -51.42696458964721 -55.05949169808447 143.1 36.57000767150673 -65.86699293666906 277.46274 84.324005 -999.0 -999.0 -999.0 -999.0 -999.0 123.4548451727199 -22.575296354211687 123.4050636684342 -22.659949142953547 75.78942379562554 293.3105673445093 -999.0 5400.0 -999.0 1 495 {-999.0 -999.0 -999.0 -999.0 -999.0} "" -999.0 -999.0 -999.0 -999.0 -999 -999 "" "" "" "" 0 0 0.0 0.0 -999 ""
FIBERMAP 316 R-2C11 METROLOGY 0 0 0 1 0 0 -51.07962945418382 -54.38586088277616 143.1 36.03589547125283 -65.32931424404158 277.46274 84.324005 -999.0 -999.0 -999.0 -999.0 -999.0 123.45310202622261 -22.573683447048296 123.40330927976532 -22.65832514529132 75.78721491048546 293.3130758359191 -999.0 6231.0 -999.0 -1 -999 {-999.0 -999.0 -999.0 -999.0 -999.0} "" -999.0 -999.0 -999.0 -999.0 -999 -999 "" "" "" "" 0 0 0.0 0.0 -999 ""
FIBERMAP 318 R-5C18 APOGEE 1 1 0 1 0 0 161.2438156564518 -107.09914925481098 143.1 151.49827786651605 120.478504880825 5.7041035 71.112785 123.82841453412284 -22.008732286914334 -4.522614 8.088371 0.42837876 123.82836825136253 -22.008725529749825 123.78013423397505 -22.094231285797072 75.79827248933161 296.01446779297066 16000.0 16600.0 2016.0 2 216 {-999.0 13.078204 11.73542 11.130644 -999.0} sdss_psfmag_from_g3xp 12.546552 11.667132 10.742689 8.716 63050395995260285 1156066665 bright_1x1 mwm_galactic_core_dist_apogee_extra mwm_galactic science 0 0 0.0 0.0 -999 ""
FIBERMAP 318 R-5C18 BOSS 0 0 0 1 0 0 161.0991396995085 -107.8287642360881 143.1 152.14799207347733 120.11643259239754 5.7041035 71.112785 -999.0 -999.0 -999.0 -999.0 -999.0 123.83049422305461 -22.009749268286754 123.78230829147236 -22.095288169466784 75.80054090065887 296.0151634746513 -999.0 5400.0 -999.0 1 308 {-999.0 -999.0 -999.0 -999.0 -999.0} "" -999.0 -999.0 -999.0 -999.0 -999 -999 "" "" "" "" 0 0 0.0 0.0 -999 ""
FIBERMAP 318 R-5C18 METROLOGY 0 0 0 1 0 0 160.52693614161558 -107.36039199366485 143.1 151.52634617465958 119.71605514131129 5.7041035 71.112785 -999.0 -999.0 -999.0 -999.0 -999.0 123.82851459156059 -22.010958333621847 123.78031065711247 -22.096484684847237 75.79960470525222 296.0070296923844 -999.0 6231.0 -999.0 -1 -999 {-999.0 -999.0 -999.0 -999.0 -999.0} "" -999.0 -999.0 -999.0 -999.0 -999 -999 "" "" "" "" 0 0 0.0 0.0 -999 ""
FIBERMAP 342 R+6C13 APOGEE 0 0 0 1 0 0 26.89475628393571 111.03381043744953 143.1 -97.37408901673005 59.74175790917585 236.28671 69.831535 -999.0 -999.0 -999.0 -999.0 -999.0 123.01453155372766 -22.194700071901313 122.9654601398347 -22.278432308059077 75.24720748520058 293.8255536610012 -999.0 16600.0 -999.0 2 -999 {-999.0 -999.0 -999.0 -999.0 -999.0} "" -999.0 -999.0 -999.0 -999.0 -999 -999 "" "" "" "" 0 0 0.0 0.0 -999 ""
FIBERMAP 342 R+6C13 BOSS 1 1 0 1 0 0 26.43679841577505 111.63395892909612 143.1 -98.08597748540998 59.490614846722096 236.28671 69.831535 123.01210441372626 -22.195407679056526 0.051398523 -10.410144 1.2221773 123.01209180654905 -22.19540408344776 122.96307028078104 -22.27915934262317 75.24566105083211 293.8187210121228 5400.0 5400.0 2016.0 1 155 {-999.0 16.17737 15.424622 15.144771 -999.0} sdss_psfmag_ps1 15.894287 15.404554 14.759372 13.511 63050395995374290 1096690044 bright_1x1 mwm_bin_vis_boss mwm_filler science 0 0 0.0 0.0 -999 ""
FIBERMAP 342 R+6C13 METROLOGY 0 0 0 1 0 0 27.18469702748542 111.72332663162189 143.1 -97.94096928428267 60.22971305065242 236.28671 69.831535 -999.0 -999.0 -999.0 -999.0 -999.0 123.01257219370868 -22.193163406922213 122.96354159880411 -22.276911979812038 75.24490852546316 293.8272103326097 -999.0 6231.0 -999.0 -1 -999 {-999.0 -999.0 -999.0 -999.0 -999.0} "" -999.0 -999.0 -999.0 -999.0 -999 -999 "" "" "" "" 0 0 0.0 0.0 -999 ""
FIBERMAP 351 R0C11 APOGEE 1 1 0 1 0 0 -86.52922535935483 -3.669347007855204 143.1 -23.123477387101076 -83.4594254270159 239.0325 59.318928 123.258670075143 -22.62912999164997 -2.350165 1.4986475 0.21603869 123.25872186675629 -22.629114163456507 123.20866112529615 -22.713311199465565 75.65746678103176 292.7624347643639 16000.0 16600.0 2016.0 2 251 {-999.0 14.091221 13.001529 12.579022 -999.0} sdss_psfmag_from_g3xp 13.707287 13.012319 12.208607 10.396 63050395995138458 1152662557 bright_1x1 mwm_galactic_core_dist_apogee_sparse mwm_galactic science 0 0 0.0 0.0 -999 ""
FIBERMAP 351 R0C11 BOSS 0 0 0 1 0 0 -86.89215976171951 -3.005780135157917 143.1 -23.866479701001943 -83.60064927069782 239.0325 59.318928 -999.0 -999.0 -999.0 -999.0 -999.0 123.25621242283233 -22.629568235077777 123.20620133156996 -22.71378643623125 75.65571398135273 292.7563102460374 -999.0 5400.0 -999.0 1 519 {-999.0 -999.0 -999.0 -999.0 -999.0} "" -999.0 -999.0 -999.0 -999.0 -999 -999 "" "" "" "" 0 0 0.0 0.0 -999 ""
FIBERMAP 351 R0C11 METROLOGY 0 0 0 1 0 0 -86.14815079235034 -3.0327910289585724 143.1 -23.611936008690538 -82.90104788264729 239.0325 59.318928 -999.0 -999.0 -999.0 -999.0 -999.0 123.25705733157919 -22.62745986168599 123.20703725601203 -22.711672636639996 75.6553615836202 292.76528009098445 -999.0 6231.0 -999.0 -1 -999 {-999.0 -999.0 -999.0 -999.0 -999.0} "" -999.0 -999.0 -999.0 -999.0 -999 -999 "" "" "" "" 0 0 0.0 0.0 -999 ""
FIBERMAP 357 R-9C9 APOGEE 1 1 0 1 0 0 -11.551945396266781 -153.52196395432293 143.1 142.51986938831553 -58.211953506332726 154.86552 37.079933 123.80260621859837 -22.550496165357256 -4.2900343 3.2539124 0.8589311 123.80258059934836 -22.550478390238926 123.7529742125605 -22.635852945396273 76.05607409456923 294.0526103266901 16000.0 16600.0 2016.0 2 166 {-999.0 10.212245 9.48441 9.215446 -999.0} sdss_psfmag_from_g3xp 10.013634 9.523195 8.870011 7.584 63050395995142951 996674824 bright_1x1 mwm_bin_gaia_sb_apogee mwm_bin science 0 0 0.0 0.0 -999 ""
FIBERMAP 357 R-9C9 BOSS 0 0 0 1 0 0 -10.837604272925974 -153.3563767941935 143.1 142.5820346602996 -57.48134087865157 154.86552 37.079933 -999.0 -999.0 -999.0 -999.0 -999.0 123.80278990303587 -22.54826009040526 123.75323911939245 -22.63366211204483 76.05518695945109 294.06098468186326 -999.0 5400.0 -999.0 1 399 {-999.0 -999.0 -999.0 -999.0 -999.0} "" -999.0 -999.0 -999.0 -999.0 -999 -999 "" "" "" "" 0 0 0.0 0.0 -999 ""
FIBERMAP 357 R-9C9 METROLOGY 0 0 0 1 0 0 -11.045574090766832 -154.06728260677122 143.1 143.19447945386653 -57.89788139783136 154.86552 37.079933 -999.0 -999.0 -999.0 -999.0 -999.0 123.80483446015022 -22.54952513611817 123.75526730534216 -22.634923779591084 76.05743924558135 294.0603511801987 -999.0 6231.0 -999.0 -1 -999 {-999.0 -999.0 -999.0 -999.0 -999.0} "" -999.0 -999.0 -999.0 -999.0 -999 -999 "" "" "" "" 0 0 0.0 0.0 -999 ""
FIBERMAP 374 R+10C5 APOGEE 0 0 0 1 0 0 -100.71258863771521 191.17643640748338 143.1 -212.87782669696622 -37.02365469033441 180.83992 130.2514 -999.0 -999.0 -999.0 -999.0 -999.0 122.63662858067883 -22.487751077860786 122.58664236958833 -22.570625452913877 75.08586618568043 292.15923367492815 -999.0 16600.0 -999.0 2 -999 {-999.0 -999.0 -999.0 -999.0 -999.0} "" -999.0 -999.0 -999.0 -999.0 -999 -999 "" "" "" "" 0 0 0.0 0.0 -999 ""
FIBERMAP 374 R+10C5 BOSS 1 1 0 1 0 0 -101.21754294998757 191.75271512676417 143.1 -213.58145879707018 -37.32685581556216 180.83992 130.2514 122.63421937924234 -22.488661763902602 9.146003 -0.3797254 2.5024638 122.63422999631565 -22.488642714581513 122.58429468908588 -22.57153920511922 75.0844036511818 292.1520743198482 5400.0 5400.0 2016.0 1 152 {-999.0 20.491001 18.844412 17.909071 -999.0} sdss_psfmag_ps1 19.835384 18.589228 17.486929 15.257 63050395995336264 1094977313 bright_1x1 mwm_bin_vis_boss mwm_filler science 0 0 0.0 0.0 -999 ""
FIBERMAP 374 R+10C5 METROLOGY 0 0 0 1 0 0 -100.47807475639222 191.88671906689646 143.1 -213.48151411078894 -36.582049703693635 180.83992 130.2514 -999.0 -999.0 -999.0 -999.0 -999.0 122.63453948429277 -22.48640150181514 122.58459465637765 -22.56929120971963 75.08356682617455 292.16025115236675 -999.0 6231.0 -999.0 -1 -999 {-999.0 -999.0 -999.0 -999.0 -999.0} "" -999.0 -999.0 -999.0 -999.0 -999 -999 "" "" "" "" 0 0 0.0 0.0 -999 ""
FIBERMAP 391 R+1C10 APOGEE 0 0 0 1 0 0 -59.01314952969125 22.717993763851055 143.1 -39.767061595835834 -49.16218042127792 57.457813 58.56531 -999.0 -999.0 -999.0 -999.0 -999.0 123.20379205479803 -22.525115149367295 123.15396976186753 -22.609208627397432 75.56263187980055 293.02906787182025 -999.0 16600.0 -999.0 2 -999 {-999.0 -999.0 -999.0 -999.0 -999.0} "" -999.0 -999.0 -999.0 -999.0 -999 -999 "" "" "" "" 0 0 0.0 0.0 -999 ""
FIBERMAP 391 R+1C10 BOSS 1 1 0 1 0 0 -58.67425182002201 22.045711231573616 143.1 -39.02315975003466 -49.04650777840992 57.457813 58.56531 123.20575021882011 -22.52477831171571 -2.010065 3.22859 1.5276443 123.20615798862264 -22.52476460147255 123.15638980885001 -22.608890267751335 75.56442351164273 293.0345712445493 5400.0 5400.0 2016.0 1 30 {-999.0 11.960067 11.482204 11.249351 -999.0} sdss_psfmag_from_g3xp 11.842022 11.511987 10.899564 9.652 63050395995139120 996757940 bright_1x1 mwm_bin_gaia_sb_boss mwm_bin science 0 0 1.2880816459655762 0.0 -999 ""
FIBERMAP 391 R+1C10 METROLOGY 0 0 0 1 0 0 -59.41757442999545 22.08875714952379 143.1 -39.292749331042735 -49.74052403307007 57.457813 58.56531 -999.0 -999.0 -999.0 -999.0 -999.0 123.20528685388955 -22.526884547819087 123.15549812312025 -22.61100037058667 75.56473958833209 293.02557438914585 -999.0 6231.0 -999.0 -1 -999 {-999.0 -999.0 -999.0 -999.0 -999.0} "" -999.0 -999.0 -999.0 -999.0 -999 -999 "" "" "" "" 0 0 0.0 0.0 -999 ""
FIBERMAP 398 R-5C4 APOGEE 0 0 0 1 0 0 -174.01341278029875 -102.24226537729983 143.1 43.758139163791526 -197.018058175217 156.98337 165.32384 -999.0 -999.0 -999.0 -999.0 -999.0 123.47963311445534 -22.97214127544451 123.4288048271415 -23.05676470022061 75.99997214634139 291.92742421650905 -999.0 16600.0 -999.0 2 -999 {-999.0 -999.0 -999.0 -999.0 -999.0} "" -999.0 -999.0 -999.0 -999.0 -999 -999 "" "" "" "" 0 0 0.0 0.0 -999 ""
FIBERMAP 398 R-5C4 BOSS 1 1 0 1 0 0 -174.593371492784 -101.77595831273915 143.1 43.13607289793321 -197.42644970899673 156.98337 165.32384 123.47751153948671 -22.973411047116812 -1.6798105 -0.7510879 1.403249 123.47755117515662 -22.97340880039037 123.42676990542219 -23.0580528069102 75.9989291121706 291.9190781921757 5400.0 5400.0 2016.0 1 492 {-999.0 15.059417 14.318352 14.028699 -999.0} sdss_psfmag_from_g3xp 14.851412 14.347043 13.676667 12.326 63050395995114824 1075944460 bright_1x1 mwm_erosita_stars_boss mwm_erosita science 0 0 0.0 0.0 -999 ""
FIBERMAP 398 R-5C4 METROLOGY 0 0 0 1 0 0 -173.91174834670838 -101.50121034578136 143.1 43.084310433422566 -196.69339173105726 156.98337 165.32384 -999.0 -999.0 -999.0 -999.0 -999.0 123.47739673629947 -22.97123400369705 123.42660640621835 -23.055870841268586 75.99776691874376 291.9267360262158 -999.0 6231.0 -999.0 -1 -999 {-999.0 -999.0 -999.0 -999.0 -999.0} "" -999.0 -999.0 -999.0 -999.0 -999 -999 "" "" "" "" 0 0 0.0 0.0 -999 ""
FIBERMAP 400 R-2C24 APOGEE 0 0 0 1 0 0 228.35277077266937 -31.910835766395053 143.1 100.59959442090766 207.45784627997696 205.17122 62.57517 -999.0 -999.0 -999.0 -999.0 -999.0 123.66043823729255 -21.746521546513083 123.61278342675507 -21.83170482002268 75.52682217846763 296.575847387522 -999.0 16600.0 -999.0 2 -999 {-999.0 -999.0 -999.0 -999.0 -999.0} "" -999.0 -999.0 -999.0 -999.0 -999 -999 "" "" "" "" 0 0 0.0 0.0 -999 ""
FIBERMAP 400 R-2C24 BOSS 1 1 0 1 0 0 228.44706594609698 -31.093573724984626 143.1 99.85098961895415 207.7989408869868 205.17122 62.57517 123.65798950195311 -21.74543280008045 -999.0 -999.0 -999.0 123.65795972982828 -21.745436693953557 123.61035676632793 -21.83064463503627 75.52435321137449 296.5745662958406 5400.0 5400.0 2015.5 1 335 {-999.0 -999.0 -999.0 -999.0 -999.0} "" -999.0 -999.0 -999.0 -999.0 27021603171086222 823346233 "" ops_sky_boss_good ops_sky sky_boss 0 0 0.0 0.0 -999 ""
FIBERMAP 400 R-2C24 METROLOGY 0 0 0 1 0 0 229.01448931711082 -31.562085447773818 143.1 100.4712979335874 208.1947271856702 205.17122 62.57517 -999.0 -999.0 -999.0 -999.0 -999.0 123.6600015770134 -21.74421613300242 123.61238833077806 -21.829420169213822 75.52528238965823 296.58275782337665 -999.0 6231.0 -999.0 -1 -999 {-999.0 -999.0 -999.0 -999.0 -999.0} "" -999.0 -999.0 -999.0 -999.0 -999 -999 "" "" "" "" 0 0 0.0 0.0 -999 ""
FIBERMAP 401 R+11C3 APOGEE 1 1 0 1 0 0 -127.38672027643136 232.3264992093866 143.1 -260.23574523326914 -49.74655279097924 146.58267 62.78574 122.48245239257812 -22.52567091283278 -999.0 -999.0 -999.0 122.4824397786339 -22.525670460929852 122.43228729546252 -22.608205376006605 74.97864130003566 291.7677138334987 16000.0 16600.0 2015.5 2 5 {-999.0 -999.0 -999.0 -999.0 -999.0} "" -999.0 -999.0 -999.0 -999.0 27021603171079346 845458514 "" ops_sky_apogee_best ops_sky sky_apogee 0 0 0.0 0.0 -999 ""
FIBERMAP 401 R+11C3 BOSS 0 0 0 1 0 0 -126.73618674575174 232.65460244595067 143.1 -260.34783674394833 -49.02666485885602 146.58267 62.78574 -999.0 -999.0 -999.0 -999.0 -999.0 122.48202475141528 -22.523465098114 122.43193256179063 -22.60602679479434 74.97731725644745 291.77450724278964 -999.0 5400.0 -999.0 1 5 {-999.0 -999.0 -999.0 -999.0 -999.0} "" -999.0 -999.0 -999.0 -999.0 -999 -999 "" "" "" "" 0 0 0.0 0.0 -999 ""
FIBERMAP 401 R+11C3 METROLOGY 0 0 0 1 0 0 -126.76334861334226 231.93184010878304 143.1 -259.6684975320883 -49.27481712923123 146.58267 62.78574 -999.0 -999.0 -999.0 -999.0 -999.0 122.48419211454234 -22.524242179713294 122.43408336491166 -22.606800707629247 74.97943195033295 291.7755238299394 -999.0 6231.0 -999.0 -1 -999 {-999.0 -999.0 -999.0 -999.0 -999.0} "" -999.0 -999.0 -999.0 -999.0 -999 -999 "" "" "" "" 0 0 0.0 0.0 -999 ""
FIBERMAP 403 R-11C5 APOGEE 0 0 0 1 0 0 -67.41791285162003 -226.93809892862512 143.1 195.19049564329742 -133.94873098595292 340.19647 81.737175 -999.0 -999.0 -999.0 -999.0 -999.0 123.97595927219092 -22.778427784193703 123.92586077993906 -22.86414074526601 76.30792295287839 293.55528954655085 -999.0 16600.0 -999.0 2 188 {-999.0 -999.0 -999.0 -999.0 -999.0} "" -999.0 -999.0 -999.0 -999.0 -999 -999 "" "" "" "" 0 0 0.0 0.0 -999 ""
FIBERMAP 403 R-11C5 BOSS 1 1 0 1 0 0 -67.75307889343918 -227.62473964842556 143.1 195.74072949145835 -134.4788326384769 340.19647 81.737175 123.97743043417807 -22.780024207310685 -5.533648 5.462662 0.48098722 123.97774103811338 -22.780003847130885 123.92768875100296 -22.865746146136665 76.31017988633259 293.55289746148213 5400.0 5400.0 2016.0 1 385 {-999.0 13.254388 12.006818 11.512254 -999.0} sdss_psfmag_from_g3xp 12.780932 11.996737 11.136955 9.29 63050395995124629 996757961 bright_1x1 mwm_bin_gaia_sb_boss mwm_bin science 0 0 1.208014726638794 0.0 -999 ""
FIBERMAP 403 R-11C5 METROLOGY 0 0 0 1 0 0 -68.15903405936095 -226.97706942601215 143.1 194.9996201279277 -134.66587938091453 340.19647 81.737175 -999.0 -999.0 -999.0 -999.0 -999.0 123.97537072472558 -22.780620177812377 123.92530176633068 -22.866350030824663 76.30856407358945 293.5460961730868 -999.0 6231.0 -999.0 -1 -999 {-999.0 -999.0 -999.0 -999.0 -999.0} "" -999.0 -999.0 -999.0 -999.0 -999 -999 "" "" "" "" 0 0 0.0 0.0 -999 ""
FIBERMAP 405 R+10C6 APOGEE 0 0 0 1 0 0 -86.31159202235693 191.69511167326516 143.1 -208.94185593339571 -23.161863701819936 231.9958 64.72329 -999.0 -999.0 -999.0 -999.0 -999.0 122.64953040358164 -22.445807535056925 122.59965697507772 -22.528715755064123 75.07621915615653 292.3243848342998 -999.0 16600.0 -999.0 2 -999 {-999.0 -999.0 -999.0 -999.0 -999.0} "" -999.0 -999.0 -999.0 -999.0 -999 -999 "" "" "" "" 0 0 0.0 0.0 -999 ""
FIBERMAP 405 R+10C6 BOSS 1 1 0 1 0 0 -86.63328387045381 192.35803182115768 143.1 -209.6715574561647 -23.264045012487582 231.9958 64.72329 122.64703972924362 -22.446114855431553 -1.8751724 0.56614506 0.08131029 122.64704329494587 -22.44608869706115 122.59722223069662 -22.529019083801497 75.07439597072613 292.3191384641258 5400.0 5400.0 2016.0 1 124 {-999.0 16.383244 15.864141 15.808161 -999.0} sdss_psfmag_ps1 16.22219 15.919945 15.447736 14.661 63050395995337089 1093564771 bright_1x1 mwm_astar_core_boss_single mwm_ob science 0 0 0.0 0.0 -999 ""
FIBERMAP 405 R+10C6 METROLOGY 0 0 0 1 0 0 -85.89520113769561 192.31649468555875 143.1 -209.4050151401044 -22.574550321183242 231.9958 64.72329 -999.0 -999.0 -999.0 -999.0 -999.0 122.64789782151352 -22.444013559874957 122.59806706962667 -22.52693827554036 75.07407494939123 292.32767611451175 -999.0 6231.0 -999.0 -1 -999 {-999.0 -999.0 -999.0 -999.0 -999.0} "" -999.0 -999.0 -999.0 -999.0 -999 -999 "" "" "" "" 0 0 0.0 0.0 -999 ""
FIBERMAP 406 R-1C24 APOGEE 1 1 0 1 0 0 249.73020146539463 -7.614653012655028 143.1 84.05757112213814 235.27109352586498 79.05528 70.60023 123.60606251198656 -21.66296865725161 -10.686859 22.691837 1.5035211 123.60600196901763 -21.662924165666556 123.55853156023375 -21.748002573069872 75.43922089100728 296.7483521739931 16000.0 16600.0 2016.0 2 204 {-999.0 11.490336 10.634746 10.329127 -999.0} sdss_psfmag_from_g3xp 11.22996 10.676654 9.975877 8.55 63050395995520816 1104919998 bright_1x1 mwm_tess_rgb_apogee mwm_tessrgb science 0 0 0.0 0.0 -999 ""
FIBERMAP 406 R-1C24 BOSS 0 0 0 1 0 0 250.38446145137056 -7.964645981543189 143.1 84.59182058111834 235.785957274719 79.05528 70.60023 -999.0 -999.0 -999.0 -999.0 -999.0 123.60768470735017 -21.66132753384358 123.56026944731013 -21.746439935573793 75.43973183068897 296.75705449798596 -999.0 5400.0 -999.0 1 287 {-999.0 -999.0 -999.0 -999.0 -999.0} "" -999.0 -999.0 -999.0 -999.0 -999 -999 "" "" "" "" 0 0 0.0 0.0 -999 ""
FIBERMAP 406 R-1C24 METROLOGY 0 0 0 1 0 0 249.74566722700925 -8.3594803523058 143.1 84.77101620515818 235.05671379380138 79.05528 70.60023 -999.0 -999.0 -999.0 -999.0 -999.0 123.6083132619203 -21.663485323867604 123.56087860748727 -21.74859021488728 75.4413718666848 296.75108208399047 -999.0 6231.0 -999.0 -1 -999 {-999.0 -999.0 -999.0 -999.0 -999.0} "" -999.0 -999.0 -999.0 -999.0 -999 -999 "" "" "" "" 0 0 0.0 0.0 -999 ""
FIBERMAP 407 R-6C15 APOGEE 1 1 0 1 0 0 85.52087009925762 -96.26145856945001 143.1 117.89545992109832 51.76313145437203 159.26248 46.882763 123.72012729974952 -22.217295624702555 -0.49800798 0.5844387 0.33719802 123.72011242011823 -22.217282605318314 123.6713058311829 -22.302527527955853 75.82140377244633 295.07528870247734 16000.0 16600.0 2016.0 2 200 {-999.0 13.390559 12.387135 11.976024 -999.0} sdss_psfmag_from_g3xp 13.0528345 12.391835 11.609563 9.827 63050395995151334 1152662652 bright_1x1 mwm_galactic_core_dist_apogee_sparse mwm_galactic science 0 0 0.0 0.0 -999 ""
FIBERMAP 407 R-6C15 BOSS 0 0 0 1 0 0 86.18520280217105 -95.93975679990004 143.1 117.79370364612375 52.49418004623811 159.26248 46.882763 -999.0 -999.0 -999.0 -999.0 -999.0 123.71977874927873 -22.215012471273308 123.67102784215143 -22.30028500709595 75.82002454809167 295.08258320190714 -999.0 5400.0 -999.0 1 282 {-999.0 -999.0 -999.0 -999.0 -999.0} "" -999.0 -999.0 -999.0 -999.0 -999 -999 "" "" "" "" 0 0 0.0 0.0 -999 ""
FIBERMAP 407 R-6C15 METROLOGY 0 0 0 1 0 0 86.14139347245784 -96.6797608017785 143.1 118.48432750120067 52.224884836793954 159.26248 46.882763 -999.0 -999.0 -999.0 -999.0 -999.0 123.72207122568535 -22.21582305591679 123.67330512912321 -22.301092444092813 75.82224556067843 295.08420763572616 -999.0 6231.0 -999.0 -1 -999 {-999.0 -999.0 -999.0 -999.0 -999.0} "" -999.0 -999.0 -999.0 -999.0 -999 -999 "" "" "" "" 0 0 0.0 0.0 -999 ""
FIBERMAP 408 R+13C11 APOGEE 1 1 0 1 0 0 65.793547567652 242.99898287748522 143.1 -210.9717255155976 137.3432107229104 235.22263 96.799515 122.64495514644044 -21.960125561373076 -39.260296 12.663515 5.906073 122.64482670392897 -21.960100602936794 122.59618534139724 -22.04306708545592 74.8331801865986 293.9442881972318 16000.0 16600.0 2016.0 2 96 {-999.0 9.364712 9.138461 9.082521 -999.0} sdss_psfmag_from_g3xp 9.356684 9.136112 8.760695 8.171 63050395995397076 975250552 "" ops_std_apogee ops_std standard_apogee 0 0 0.0 0.0 -999 ""
FIBERMAP 408 R+13C11 BOSS 0 0 0 1 0 0 65.16342818531872 243.3753956583268 143.1 -211.52368768716528 136.85944251329778 235.22263 96.799515 -999.0 -999.0 -999.0 -999.0 -999.0 122.64295848690404 -21.96152521375202 122.59436678474441 -22.044516888657657 74.83246091042649 293.93624736071615 -999.0 5400.0 -999.0 1 170 {-999.0 -999.0 -999.0 -999.0 -999.0} "" -999.0 -999.0 -999.0 -999.0 -999 -999 "" "" "" "" 0 0 0.0 0.0 -999 ""
FIBERMAP 408 R+13C11 METROLOGY 0 0 0 1 0 0 65.80413911146799 243.74410191836301 143.1 -211.67743340202347 137.58247317428683 235.22263 96.799515 -999.0 -999.0 -999.0 -999.0 -999.0 122.64244836527969 -21.95932726229595 122.59384668095805 -22.042309806488262 74.8309275173284 293.94258781064536 -999.0 6231.0 -999.0 -1 -999 {-999.0 -999.0 -999.0 -999.0 -999.0} "" -999.0 -999.0 -999.0 -999.0 -999 -999 "" "" "" "" 0 0 0.0 0.0 -999 ""
FIBERMAP 418 R-5C2 APOGEE 0 0 0 1 0 0 -193.66202327564372 -90.51496207158254 143.1 26.55629944970651 -212.10621116714324 72.71348 50.76283 -999.0 -999.0 -999.0 -999.0 -999.0 123.42314889904071 -23.01782708911429 123.37217716753844 -23.10232282431896 75.9754073172374 291.6602144232155 -999.0 16600.0 -999.0 2 -999 {-999.0 -999.0 -999.0 -999.0 -999.0} "" -999.0 -999.0 -999.0 -999.0 -999 -999 "" "" "" "" 0 0 0.0 0.0 -999 ""
FIBERMAP 418 R-5C2 BOSS 1 1 0 1 0 0 -193.2634673807448 -91.12248776436942 143.1 27.25693622913997 -211.91385696738888 72.71348 50.76283 123.4254195761427 -23.017250252847695 -3.2287035 2.3515506 0.072962046 123.42540815558591 -23.017262391080212 123.37449039668451 -23.101788141254847 75.97703693723581 291.66627580897875 5400.0 5400.0 2016.0 1 454 {-999.0 16.236206 15.77477 15.771157 -999.0} sdss_psfmag_ps1 16.13871 15.916597 15.40366 14.657 63050395995114613 1093701489 bright_1x1 mwm_astar_core_boss_single mwm_ob science 0 0 0.0 0.0 -999 ""
FIBERMAP 418 R-5C2 METROLOGY 0 0 0 1 0 0 -193.98888433216823 -91.1877622399266 143.1 27.095918753590933 -212.6241536974584 72.71348 50.76283 -999.0 -999.0 -999.0 -999.0 -999.0 123.42490259558566 -23.01944253556235 123.37396445988543 -23.103959778968118 75.97762639036526 291.65742186475865 -999.0 6231.0 -999.0 -1 -999 {-999.0 -999.0 -999.0 -999.0 -999.0} "" -999.0 -999.0 -999.0 -999.0 -999 -999 "" "" "" "" 0 0 0.0 0.0 -999 ""
FIBERMAP 420 R+1C6 APOGEE 0 0 0 1 0 0 -175.68554544006275 15.190879424026871 143.1 -68.49143244625348 -162.4887987879974 160.28053 154.75511 -999.0 -999.0 -999.0 -999.0 -999.0 123.11004440844614 -22.868511042877042 123.05930473515235 -22.952354299220648 75.65076252887445 291.64946291178103 -999.0 16600.0 -999.0 2 -999 {-999.0 -999.0 -999.0 -999.0 -999.0} "" -999.0 -999.0 -999.0 -999.0 -999 -999 "" "" "" "" 0 0 0.0 0.0 -999 ""
FIBERMAP 420 R+1C6 BOSS 1 1 0 1 0 0 -176.23133694945466 15.715048565858552 143.1 -69.1580441059609 -162.84688361830766 160.28053 154.75511 123.10748002398643 -22.869596974777682 0.70126516 -2.596797 0.89034057 123.1077756453041 -22.869624610225312 123.05708465935675 -22.953488600757847 75.64949104373137 291.64154690468587 5400.0 5400.0 2016.0 1 20 {-999.0 12.880846 12.4161625 12.2729645 -999.0} sdss_psfmag_from_g3xp 12.7887535 12.444894 11.938145 11.039 63050395995104461 996757953 bright_1x1 mwm_bin_gaia_sb_boss mwm_bin science 0 0 0.9546557664871216 0.0 -999 ""
FIBERMAP 420 R+1C6 METROLOGY 0 0 0 1 0 0 -175.51512678010883 15.919203319787275 143.1 -69.13200023302419 -162.10262995395502 160.28053 154.75511 -999.0 -999.0 -999.0 -999.0 -999.0 123.10786128942733 -22.867403570074377 123.05716110568227 -22.95126075834057 75.64850624792939 291.64961432844166 -999.0 6231.0 -999.0 -1 -999 {-999.0 -999.0 -999.0 -999.0 -999.0} "" -999.0 -999.0 -999.0 -999.0 -999 -999 "" "" "" "" 0 0 0.0 0.0 -999 ""
FIBERMAP 426 R+3C15 APOGEE 0 0 0 1 0 0 74.56676109378516 49.07919861370501 143.1 -23.7625074413641 86.04461245111676 29.244764 47.85751 -999.0 -999.0 -999.0 -999.0 -999.0 123.25561071684679 -22.114578265035785 123.20685029974413 -22.198840986422297 75.39940627052546 294.5435668921382 -999.0 16600.0 -999.0 2 -999 {-999.0 -999.0 -999.0 -999.0 -999.0} "" -999.0 -999.0 -999.0 -999.0 -999 -999 "" "" "" "" 0 0 0.0 0.0 -999 ""
FIBERMAP 426 R+3C15 BOSS 1 1 0 1 0 0 74.41350820990118 48.34761982228714 143.1 -23.113562812723547 85.67377535911312 29.244764 47.85751 123.25767886822833 -22.115642657221482 -1.9225982 1.1927325 0.23589124 123.25767241589966 -22.115620882189717 123.2089621308225 -22.199916472617495 75.40163651143045 294.54387055714335 5400.0 5400.0 2016.0 1 205 {-999.0 18.676691 18.38459 18.210388 -999.0} sdss_psfmag_ps1 18.611778 18.314928 17.867435 -999.0 63050395995381599 979857798 "" ops_std_boss ops_std standard_boss 0 0 0.0 0.0 -999 ""
FIBERMAP 426 R+3C15 METROLOGY 0 0 0 1 0 0 73.85573814960271 48.84693886763989 143.1 -23.760214490169997 85.29664975137247 29.244764 47.85751 -999.0 -999.0 -999.0 -999.0 -999.0 123.25556757371885 -22.116769083410865 123.20683876125469 -22.20105188295472 75.40052832773823 294.53600931892055 -999.0 6231.0 -999.0 -1 -999 {-999.0 -999.0 -999.0 -999.0 -999.0} "" -999.0 -999.0 -999.0 -999.0 -999 -999 "" "" "" "" 0 0 0.0 0.0 -999 ""
FIBERMAP 427 R+3C22 APOGEE 1 1 0 1 0 0 226.5597523099968 50.91711245854891 143.1 21.238982987318217 231.2281679335941 349.22983 99.42922 123.40158852166427 -21.67546871609451 -1.8506805 1.4691291 0.24429575 123.40155642240532 -21.67546017503334 123.35396404810973 -21.760098282615704 75.28567744327586 296.30291251049766 16000.0 16600.0 2016.0 2 115 {-999.0 14.210094 13.038696 12.570983 -999.0} sdss_psfmag_from_g3xp 13.776463 13.031727 12.194341 10.282 63050395995534495 1152663108 bright_1x1 mwm_galactic_core_dist_apogee_sparse mwm_galactic science 0 0 0.0 0.0 -999 ""
FIBERMAP 427 R+3C22 BOSS 0 0 0 1 0 0 226.4989074307334 50.17765302287791 143.1 21.92384887926969 230.94283124287722 349.22983 99.42922 -999.0 -999.0 -999.0 -999.0 -999.0 123.40374262182765 -21.67624946532485 123.35620041483315 -21.760922350074996 75.28787248741867 296.3045587787187 -999.0 5400.0 -999.0 1 200 {-999.0 -999.0 -999.0 -999.0 -999.0} "" -999.0 -999.0 -999.0 -999.0 -999 -999 "" "" "" "" 0 0 0.0 0.0 -999 ""
FIBERMAP 427 R+3C22 METROLOGY 0 0 0 1 0 0 225.8878413713601 50.58955919694623 143.1 21.343975913346974 230.488108993652 349.22983 99.42922 -999.0 -999.0 -999.0 -999.0 -999.0 123.40187673584079 -21.677592134397766 123.35431584727252 -21.762252264118146 75.28710810815588 296.29644352781804 -999.0 6231.0 -999.0 -1 -999 {-999.0 -999.0 -999.0 -999.0 -999.0} "" -999.0 -999.0 -999.0 -999.0 -999 -999 "" "" "" "" 0 0 0.0 0.0 -999 ""
FIBERMAP 429 R-3C5 APOGEE 1 1 0 1 0 0 -174.59447216959006 -75.05633514434976 143.1 17.712555041306157 -189.20903592197044 284.71094 77.11069 123.39386183059901 -22.948885677498566 -3.6187289 2.252687 0.25206995 123.3938741531596 -22.948876530789192 123.34306406371917 -23.033319093535987 75.91934252718515 291.8592533864605 16000.0 16600.0 2016.0 2 289 {-999.0 13.759083 12.622371 12.182738 -999.0} sdss_psfmag_from_g3xp 13.344993 12.628001 11.810006 9.997 63050395995130221 1152662515 bright_1x1 mwm_galactic_core_dist_apogee_sparse mwm_galactic science 0 0 0.0 0.0 -999 ""
FIBERMAP 429 R-3C5 BOSS 0 0 0 1 0 0 -175.32646613057292 -75.08352622806512 143.1 17.513279024834322 -189.91387679742067 284.71094 77.11069 -999.0 -999.0 -999.0 -999.0 -999.0 123.39317826146906 -22.95103891016533 123.34241388381781 -23.035505022377 75.91984512267231 291.85016970464466 -999.0 5400.0 -999.0 1 474 {-999.0 -999.0 -999.0 -999.0 -999.0} "" -999.0 -999.0 -999.0 -999.0 -999 -999 "" "" "" "" 0 0 0.0 0.0 -999 ""
FIBERMAP 429 R-3C5 METROLOGY 0 0 0 1 0 0 -175.00460091353932 -74.42335222136823 143.1 16.98413662990413 -189.4045712804174 284.71094 77.11069 -999.0 -999.0 -999.0 -999.0 -999.0 123.39145009331526 -22.949539911202766 123.34067410356795 -23.03399534304594 75.91772152114731 291.8525410198531 -999.0 6231.0 -999.0 -1 -999 {-999.0 -999.0 -999.0 -999.0 -999.0} "" -999.0 -999.0 -999.0 -999.0 -999 -999 "" "" "" "" 0 0 0.0 0.0 -999 ""
FIBERMAP 434 R+1C15 APOGEE 0 0 0 1 0 0 36.79393973245744 5.366013976683972 143.1 6.211480765935064 36.65917359804603 291.73862 106.816345 -999.0 -999.0 -999.0 -999.0 -999.0 123.35423006629688 -22.264251286293412 123.30513695842023 -22.348704976343186 75.55398100966401 294.2138070706726 -999.0 16600.0 -999.0 2 -999 {-999.0 -999.0 -999.0 -999.0 -999.0} "" -999.0 -999.0 -999.0 -999.0 -999 -999 "" "" "" "" 0 0 0.0 0.0 -999 ""
FIBERMAP 434 R+1C15 BOSS 1 1 0 1 0 0 36.15618209577802 4.871630993362734 143.1 6.485713710169035 35.900297100365314 291.73862 106.816345 123.35510639612353 -22.26652276482396 -10.1910925 -2.874812 1.5670357 123.3550890347913 -22.26650246810091 123.30604214464103 -22.350985652648546 75.55585769962286 294.2076220888972 5400.0 5400.0 2016.0 1 197 {-999.0 20.81028 19.215176 18.186087 -999.0} sdss_psfmag_ps1 20.007204 18.767931 17.66377 15.517 63050395995375955 1096468755 bright_1x1 mwm_bin_vis_boss mwm_filler science 0 0 0.0 0.0 -999 ""
FIBERMAP 434 R+1C15 METROLOGY 0 0 0 1 0 0 36.09098652403463 5.621660223603756 143.1 5.752023165534134 36.06895993227086 291.73862 106.816345 -999.0 -999.0 -999.0 -999.0 -999.0 123.35269472700574 -22.26600058051196 123.30363341816411 -22.350470767882864 75.55367584641739 294.20488094713824 -999.0 6231.0 -999.0 -1 -999 {-999.0 -999.0 -999.0 -999.0 -999.0} "" -999.0 -999.0 -999.0 -999.0 -999 -999 "" "" "" "" 0 0 0.0 0.0 -999 ""
FIBERMAP 435 R-5C3 APOGEE 1 1 0 1 0 0 -176.44048002094542 -111.39979848163296 143.1 51.72482519048038 -202.14405093349353 4.8548484 55.522823 123.50585671958831 -22.987479845546705 5.8118515 0.47227716 0.6097228 123.50587843441868 -22.987488116376962 123.45502368685919 -23.07216570030776 76.02850765109089 291.91832401154346 16000.0 16600.0 2016.0 2 243 {-999.0 11.437758 10.318228 9.862794 -999.0} sdss_psfmag_from_g3xp 11.035928 10.312727 9.4909525 7.672 63050395995114527 1156066466 bright_1x1 mwm_galactic_core_dist_apogee_extra mwm_galactic science 0 0 0.0 0.0 -999 ""
FIBERMAP 435 R-5C3 BOSS 0 0 0 1 0 0 -176.8022210594771 -112.04824900426104 143.1 52.230547864263045 -202.68769155907822 4.8548484 55.522823 -999.0 -999.0 -999.0 -999.0 -999.0 123.50750861134588 -22.989143404142908 123.45670156901934 -23.073849408824387 76.03066289126642 291.9151893449776 -999.0 5400.0 -999.0 1 500 {-999.0 -999.0 -999.0 -999.0 -999.0} "" -999.0 -999.0 -999.0 -999.0 -999 -999 "" "" "" "" 0 0 0.0 0.0 -999 ""
FIBERMAP 435 R-5C3 METROLOGY 0 0 0 1 0 0 -177.1874965201398 -111.40756992253306 143.1 51.50245112345555 -202.8572123269007 4.8548484 55.522823 -999.0 -999.0 -999.0 -999.0 -999.0 123.50513753203427 -22.989701665577524 123.45431344506386 -23.074395374698845 76.0289828119525 291.90890391041864 -999.0 6231.0 -999.0 -1 -999 {-999.0 -999.0 -999.0 -999.0 -999.0} "" -999.0 -999.0 -999.0 -999.0 -999 -999 "" "" "" "" 0 0 0.0 0.0 -999 ""
FIBERMAP 438 R+12C2 APOGEE 1 1 0 1 0 0 -146.8943195320375 244.79754110921849 143.1 -278.1018646844817 -64.47177623689767 165.78506 83.396805 122.42436897390542 -22.569901715148504 -0.33293688 0.39371264 0.19409922 122.42436971782712 -22.56988423230819 122.37407801589092 -22.652286938526686 74.95221307021612 291.51992866775635 16000.0 16600.0 2016.0 2 6 {-999.0 14.343162 12.887602 12.162154 -999.0} sdss_psfmag_from_g3xp 13.74475 12.742728 11.75897 9.54 63050395995351425 1156066671 bright_1x1 mwm_galactic_core_dist_apogee_extra mwm_galactic science 0 0 0.0 0.0 -999 ""
FIBERMAP 438 R+12C2 BOSS 0 0 0 1 0 0 -146.66894684633758 245.49142400463285 143.1 -278.6927597180246 -64.04391317599074 165.78506 83.396805 -999.0 -999.0 -999.0 -999.0 -999.0 122.42243121325598 -22.568547856938714 122.37219713907132 -22.650973771351868 74.95006292515313 291.5212305499881 -999.0 5400.0 -999.0 1 6 {-999.0 -999.0 -999.0 -999.0 -999.0} "" -999.0 -999.0 -999.0 -999.0 -999 -999 "" "" "" "" 0 0 0.0 0.0 -999 ""
FIBERMAP 438 R+12C2 METROLOGY 0 0 0 1 0 0 -146.158392730975 244.93063532687987 143.1 -278.0021436824601 -63.730619501947835 165.78506 83.396805 -999.0 -999.0 -999.0 -999.0 -999.0 122.42462561700167 -22.567634302563757 122.37437925320461 -22.650057393831965 74.9514053480608 291.52800397005495 -999.0 6231.0 -999.0 -1 -999 {-999.0 -999.0 -999.0 -999.0 -999.0} "" -999.0 -999.0 -999.0 -999.0 -999 -999 "" "" "" "" 0 0 0.0 0.0 -999 ""
FIBERMAP 439 R-6C3 APOGEE 1 1 0 1 0 0 -159.051974240197 -107.46734440449299 143.1 53.33155715036552 -184.38969047395378 101.12124 16.166157 123.51104736328125 -22.933891657293273 -999.0 -999.0 -999.0 123.5110290959381 -22.93391112597632 123.46031311210203 -23.018607297952776 76.00745609400458 292.12314233680064 16000.0 16600.0 2015.5 2 244 {-999.0 -999.0 -999.0 -999.0 -999.0} "" -999.0 -999.0 -999.0 -999.0 27021603171067491 848511648 "" ops_sky_apogee_best ops_sky sky_apogee 0 0 0.0 0.0 -999 ""
FIBERMAP 439 R-6C3 BOSS 0 0 0 1 0 0 -158.74526510242353 -108.15408204458447 143.1 54.079312129595124 -184.30909072750214 101.12124 16.166157 -999.0 -999.0 -999.0 -999.0 -999.0 123.51345501186235 -22.933688124234433 123.46279185373714 -23.01841489599025 76.00937276449186 292.12832157973344 -999.0 5400.0 -999.0 1 501 {-999.0 -999.0 -999.0 -999.0 -999.0} "" -999.0 -999.0 -999.0 -999.0 -999 -999 "" "" "" "" 0 0 0.0 0.0 -999 ""
FIBERMAP 439 R-6C3 METROLOGY 0 0 0 1 0 0 -159.50085735654335 -108.069350266289 143.1 53.76628538304366 -185.00195950128045 101.12124 16.166157 -999.0 -999.0 -999.0 -999.0 -999.0 123.51245307676982 -22.93581592903394 123.46176955091045 -23.02053305858469 76.0095499334893 292.11876276340814 -999.0 6231.0 -999.0 -1 -999 {-999.0 -999.0 -999.0 -999.0 -999.0} "" -999.0 -999.0 -999.0 -999.0 -999 -999 "" "" "" "" 0 0 0.0 0.0 -999 ""
FIBERMAP 441 R-2C4 APOGEE 0 0 0 1 0 0 -195.41511875340288 -48.649325538386044 143.1 -13.81722395590192 -200.89715178106422 290.81116 128.68011 -999.0 -999.0 -999.0 -999.0 -999.0 123.29020232367543 -22.984364927170997 123.23925233664107 -23.068579670984956 75.85154697714994 291.54771485824176 -999.0 16600.0 -999.0 2 -999 {-999.0 -999.0 -999.0 -999.0 -999.0} "" -999.0 -999.0 -999.0 -999.0 -999 -999 "" "" "" "" 0 0 0.0 0.0 -999 ""
FIBERMAP 441 R-2C4 BOSS 1 1 0 1 0 0 -195.76068739863024 -49.27873153093569 143.1 -13.324647437520687 -201.41954695793578 290.81116 128.68011 123.29201844818317 -22.985470752410716 -82.216286 -175.21037 10.266551 123.29177161099149 -22.98596656686694 123.24087022649417 -23.070209719067556 75.85362472402808 291.5446649894524 5400.0 5400.0 2016.0 1 472 {-999.0 17.828531 16.450302 15.150244 -999.0} sdss_psfmag_ps1 17.208609 15.756111 14.578194 12.483 63050395995098502 1151070088 bright_1x1 mwm_snc_100pc_boss_single mwm_snc science 0 0 0.0 0.0 -999 ""
FIBERMAP 441 R-2C4 METROLOGY 0 0 0 1 0 0 -196.16311185097211 -48.65145691936138 143.1 -14.04526480907636 -201.60950761006924 290.81116 128.68011 -999.0 -999.0 -999.0 -999.0 -999.0 123.28941407288484 -22.98657868361869 123.23849529042946 -23.07080952060321 75.85197321529219 291.53831802373634 -999.0 6231.0 -999.0 -1 -999 {-999.0 -999.0 -999.0 -999.0 -999.0} "" -999.0 -999.0 -999.0 -999.0 -999 -999 "" "" "" "" 0 0 0.0 0.0 -999 ""
FIBERMAP 442 R+13C12 APOGEE 1 1 0 1 0 0 101.08677194489421 268.2525298147638 143.1 -224.14442108742128 178.69152079690897 112.243355 93.55452 122.60299752326549 -21.835487781127842 -1.4257283 1.1999557 0.15532193 122.60299348975833 -21.83550634984071 122.55464929433248 -21.918399810746017 74.73656877361286 294.27846594144785 16000.0 16600.0 2016.0 2 59 {-999.0 14.487919 12.979934 12.177024 -999.0} sdss_psfmag_from_g3xp 13.862028 12.787473 11.764168 9.393 63050395995398794 1152663048 bright_1x1 mwm_galactic_core_dist_apogee_sparse mwm_galactic science 0 0 0.0 0.0 -999 ""
FIBERMAP 442 R+13C12 BOSS 0 0 0 1 0 0 101.75565058788182 268.59042043287184 143.1 -224.26018247638504 179.43187414840904 112.243355 93.55452 -999.0 -999.0 -999.0 -999.0 -999.0 122.60260784728334 -21.833267726184726 122.5543233494036 -21.916190611807586 74.73517873071354 294.28508842855706 -999.0 5400.0 -999.0 1 97 {-999.0 -999.0 -999.0 -999.0 -999.0} "" -999.0 -999.0 -999.0 -999.0 -999 -999 "" "" "" "" 0 0 0.0 0.0 -999 ""
FIBERMAP 442 R+13C12 METROLOGY 0 0 0 1 0 0 101.70870290823343 267.83574835553947 143.1 -223.55656754342266 179.15508123442027 112.243355 93.55452 -999.0 -999.0 -999.0 -999.0 -999.0 122.60484382443522 -21.83406719593121 122.55654290556106 -21.916986322272876 74.73735505991603 294.2864934802493 -999.0 6231.0 -999.0 -1 -999 {-999.0 -999.0 -999.0 -999.0 -999.0} "" -999.0 -999.0 -999.0 -999.0 -999 -999 "" "" "" "" 0 0 0.0 0.0 -999 ""
FIBERMAP 445 R-4C10 APOGEE 0 0 0 1 0 0 -37.974365281198025 -92.36736980528894 143.1 76.20546703527901 -64.5423297571141 316.93256 93.18266 -999.0 -999.0 -999.0 -999.0 -999.0 123.58510678342057 -22.570783649811037 123.53534656838224 -22.65568974023329 75.89184837361991 293.56853642685985 -999.0 16600.0 -999.0 2 -999 {-999.0 -999.0 -999.0 -999.0 -999.0} "" -999.0 -999.0 -999.0 -999.0 -999 -999 "" "" "" "" 0 0 0.0 0.0 -999 ""
FIBERMAP 445 R-4C10 BOSS 1 1 0 1 0 0 -38.46477411394217 -92.95187310188241 143.1 76.61076939126336 -65.18872619625414 316.93256 93.18266 123.58643482451427 -22.572732165643128 -4.2449207 -2.8148115 0.6177621 123.58644098525481 -22.572748497653095 123.5367271553796 -22.657683875474167 75.89394317740022 293.56402041230433 5400.0 5400.0 2016.0 1 360 {-999.0 15.69103 15.279664 15.182979 -999.0} sdss_psfmag_ps1 15.586941 15.274773 14.802212 13.962 63050395995135978 979855546 "" ops_std_boss ops_std standard_boss 0 0 0.0 0.0 -999 ""
FIBERMAP 445 R-4C10 METROLOGY 0 0 0 1 0 0 -38.71294498366999 -92.24905564767238 143.1 75.8657200818829 -65.20868211547415 316.93256 93.18266 -999.0 -999.0 -999.0 -999.0 -999.0 123.58401586011121 -22.572833220118046 123.5342863076491 -22.657755820635263 75.8920222916072 293.5591849921475 -999.0 6231.0 -999.0 -1 -999 {-999.0 -999.0 -999.0 -999.0 -999.0} "" -999.0 -999.0 -999.0 -999.0 -999 -999 "" "" "" "" 0 0 0.0 0.0 -999 ""
FIBERMAP 449 R-10C16 APOGEE 0 0 0 1 0 0 158.79120858646405 -186.53429668375182 143.1 226.32483242578743 93.71211934304726 5.0654216 167.68759 -999.0 -999.0 -999.0 -999.0 -999.0 124.07257655747111 -22.08876252463319 124.0242552204287 -22.174778384845172 76.03268551504934 296.2269281062371 -999.0 16600.0 -999.0 2 -999 {-999.0 -999.0 -999.0 -999.0 -999.0} "" -999.0 -999.0 -999.0 -999.0 -999 -999 "" "" "" "" 0 0 0.0 0.0 -999 ""
FIBERMAP 449 R-10C16 BOSS 1 1 0 1 0 0 159.66257948461333 -186.70148584415475 143.1 226.75192706427094 94.48978678442522 5.0654216 167.68759 124.07389209986884 -22.086396753321367 -2.2835476 -0.3048003 0.7243636 124.07391134573373 -22.086368867446808 124.02564539375851 -22.172416262840702 76.03252054967857 296.23805249266326 5400.0 5400.0 2016.0 1 333 {-999.0 15.90368 15.268049 15.136993 -999.0} sdss_psfmag_ps1 15.735871 15.336514 14.767422 13.673 63050395995255520 1034704808 bright_1x1 mwm_yso_disk_boss_single mwm_yso science 0 0 0.0 0.0 -999 ""
FIBERMAP 449 R-10C16 METROLOGY 0 0 0 1 0 0 159.09674891604453 -187.2170435796041 143.1 227.06843078909893 93.79283447121054 5.0654216 167.68759 -999.0 -999.0 -999.0 -999.0 -999.0 124.07501668059835 -22.088462826647454 124.02673218511438 -22.1745042435938 76.03448284470787 296.2329410524467 -999.0 6231.0 -999.0 -1 -999 {-999.0 -999.0 -999.0 -999.0 -999.0} "" -999.0 -999.0 -999.0 -999.0 -999 -999 "" "" "" "" 0 0 0.0 0.0 -999 ""
FIBERMAP 453 R+7C19 APOGEE 0 0 0 1 0 0 181.18658812356583 133.23342018310544 143.1 -71.0392583171671 213.37549402474363 164.5659 145.70387 -999.0 -999.0 -999.0 -999.0 -999.0 123.1009537072185 -21.72987517491985 123.0530926345254 -21.813859084418066 75.07762130580511 295.54414878011085 -999.0 16600.0 -999.0 2 -999 {-999.0 -999.0 -999.0 -999.0 -999.0} "" -999.0 -999.0 -999.0 -999.0 -999 -999 "" "" "" "" 0 0 0.0 0.0 -999 ""
FIBERMAP 453 R+7C19 BOSS 1 1 0 1 0 0 180.71170323063942 133.80504375222398 143.1 -71.72921234004174 213.09947150397588 164.5659 145.70387 123.09864876363099 -21.73063799565216 -7.815457 -0.9595483 1.6899843 123.09863905372637 -21.73064372555875 123.05082736066777 -21.81465265733389 75.07625212361594 295.53722629941007 5400.0 5400.0 2016.0 1 249 {-999.0 20.066456 18.528667 17.465538 -999.0} sdss_psfmag_ps1 19.471615 18.113878 16.96547 14.809 63050395995404376 1094162514 bright_1x1 mwm_bin_vis_boss mwm_filler science 0 0 0.0 0.0 -999 ""
FIBERMAP 453 R+7C19 METROLOGY 0 0 0 1 0 0 181.45313290830495 133.9323136617733 143.1 -71.62225704413287 213.84407266509152 164.5659 145.70387 -999.0 -999.0 -999.0 -999.0 -999.0 123.09899282038545 -21.728375777348962 123.05117215039297 -21.81237726152982 75.07532508465401 295.54539002917284 -999.0 6231.0 -999.0 -1 -999 {-999.0 -999.0 -999.0 -999.0 -999.0} "" -999.0 -999.0 -999.0 -999.0 -999 -999 "" "" "" "" 0 0 0.0 0.0 -999 ""
FIBERMAP 454 R+10C8 APOGEE 0 0 0 1 0 0 -30.546245647388133 192.5095945860336 143.1 -192.56443250518666 30.148251760315276 134.49971 159.96483 -999.0 -999.0 -999.0 -999.0 -999.0 122.70329796176496 -22.284400105411773 122.65385955416315 -22.36744743660331 75.04137925794937 292.9652692629374 -999.0 16600.0 -999.0 2 -999 {-999.0 -999.0 -999.0 -999.0 -999.0} "" -999.0 -999.0 -999.0 -999.0 -999 -999 "" "" "" "" 0 0 0.0 0.0 -999 ""
FIBERMAP 454 R+10C8 BOSS 1 1 0 1 0 0 -30.86422620066822 193.15488440998644 143.1 -193.27621760691545 30.044178910353228 134.49971 159.96483 122.70091259229515 -22.2847767660703 -16.063633 24.112186 2.203717 122.70086140506557 -22.284675926512175 122.6514751622783 -22.367746127841208 75.03960627073971 292.9600607039411 5400.0 5400.0 2016.0 1 125 {-999.0 15.521078 14.474904 14.096668 -999.0} sdss_psfmag_from_g3xp 15.157407 14.514191 13.740418 12.173 63050395995387502 1095878828 bright_1x1 mwm_bin_vis_boss mwm_filler science 0 0 0.0 0.0 -999 ""
FIBERMAP 454 R+10C8 METROLOGY 0 0 0 1 0 0 -30.123167041166184 193.126443603017 143.1 -193.02122068810138 30.740533799367178 134.49971 159.96483 -999.0 -999.0 -999.0 -999.0 -999.0 122.70168508463557 -22.28257051685513 122.65228926944002 -22.365634816307104 75.03922333825369 292.9686159429949 -999.0 6231.0 -999.0 -1 -999 {-999.0 -999.0 -999.0 -999.0 -999.0} "" -999.0 -999.0 -999.0 -999.0 -999 -999 "" "" "" "" 0 0 0.0 0.0 -999 ""
FIBERMAP 458 R-13C8 APOGEE 1 1 0 1 0 0 20.37097887590775 -270.7399805933885 143.1 263.86933396783877 -63.89202901985993 352.79108 48.054985 124.1987127722797 -22.564675978869303 -2.4268417 -0.20832546 0.4398945 124.19864823487153 -22.56465912945951 124.14919505415725 -22.650876835088198 76.3791813808875 294.7742137190461 16000.0 16600.0 2016.0 2 265 {-999.0 12.745505 11.625119 11.209578 -999.0} sdss_psfmag_from_g3xp 12.346134 11.647783 10.84166 9.082 63050395995127999 1152662499 bright_1x1 mwm_galactic_core_dist_apogee_sparse mwm_galactic science 0 0 0.0 0.0 -999 ""
FIBERMAP 458 R-13C8 BOSS 0 0 0 1 0 0 19.75752490853674 -271.1673864826117 143.1 264.08731492440165 -64.60718015603403 352.79108 48.054985 -999.0 -999.0 -999.0 -999.0 -999.0 124.19931278059866 -22.566785433944947 124.14990302496699 -22.653030733055186 76.38084122121418 294.76775789490404 -999.0 5400.0 -999.0 1 359 {-999.0 -999.0 -999.0 -999.0 -999.0} "" -999.0 -999.0 -999.0 -999.0 -999 -999 "" "" "" "" 0 0 0.0 0.0 -999 ""
FIBERMAP 458 R-13C8 METROLOGY 0 0 0 1 0 0 19.680977899065823 -270.4378996134935 143.1 263.369678527635 -64.4556364365059 352.79108 48.054985 -999.0 -999.0 -999.0 -999.0 -999.0 124.19704887230218 -22.56636886041047 124.14762535210565 -22.652601896172026 76.3788141064218 294.7647763460945 -999.0 6231.0 -999.0 -1 -999 {-999.0 -999.0 -999.0 -999.0 -999.0} "" -999.0 -999.0 -999.0 -999.0 -999 -999 "" "" "" "" 0 0 0.0 0.0 -999 ""
FIBERMAP 461 R+11C5 APOGEE 1 1 0 1 0 0 -95.67402980001977 207.52491542371433 143.1 -226.88330542316402 -27.20107892651183 236.3549 74.607925 122.59105105243961 -22.4578166810407 -0.12882109 -28.682774 4.128494 122.59104738982973 -22.457872215642386 122.54111688422813 -22.540652088900657 75.03459122539934 292.1827980908937 16000.0 16600.0 2016.0 2 147 {-999.0 12.424062 11.91796 11.763049 -999.0} sdss_psfmag_from_g3xp 12.315697 11.95426 11.428683 10.471 63050395995336630 1076245777 bright_1x1 mwm_snc_ext_main_apogee mwm_snc science 0 0 0.0 0.0 -999 ""
FIBERMAP 461 R+11C5 BOSS 0 0 0 1 0 0 -96.15461083768568 208.0582457990944 143.1 -227.53857627774863 -27.49429949037087 236.3549 74.607925 -999.0 -999.0 -999.0 -999.0 -999.0 122.58881786523712 -22.45873010081719 122.53893859113526 -22.541532592184545 75.03325075315297 292.1760620399152 -999.0 5400.0 -999.0 1 150 {-999.0 -999.0 -999.0 -999.0 -999.0} "" -999.0 -999.0 -999.0 -999.0 -999 -999 "" "" "" "" 0 0 0.0 0.0 -999 ""
FIBERMAP 461 R+11C5 METROLOGY 0 0 0 1 0 0 -95.4266434474963 208.24702070775425 143.1 -227.4942824907843 -26.743589624403366 236.3549 74.607925 -999.0 -999.0 -999.0 -999.0 -999.0 122.58894272363227 -22.456469833301966 122.53905384904294 -22.539265107234783 75.03225354799214 292.1839578116196 -999.0 6231.0 -999.0 -1 -999 {-999.0 -999.0 -999.0 -999.0 -999.0} "" -999.0 -999.0 -999.0 -999.0 -999 -999 "" "" "" "" 0 0 0.0 0.0 -999 ""
FIBERMAP 462 R+11C9 APOGEE 1 1 0 1 0 0 -9.220914048827971 211.37190377460792 143.1 -203.95226007506295 56.24056893858679 240.88159 49.189224 122.66645680585168 -22.205362960475817 -1.1704452 1.1321503 0.16666916 122.6664502304768 -22.205338232526216 122.61719633886497 -22.288316966671385 74.97283563561142 293.1666315796384 16000.0 16600.0 2016.0 2 128 {-999.0 14.89167 13.704116 13.220378 -999.0} sdss_psfmag_from_g3xp 14.451653 13.687891 12.839805 10.903 63050395995389067 1152662992 bright_1x1 mwm_galactic_core_dist_apogee_sparse mwm_galactic science 0 0 0.0 0.0 -999 ""
FIBERMAP 462 R+11C9 BOSS 0 0 0 1 0 0 -9.452391862608813 212.08682942642102 143.1 -204.7036956140487 56.24022038065861 240.88159 49.189224 -999.0 -999.0 -999.0 -999.0 -999.0 122.66389917674648 -22.205296212939977 122.61469833070271 -22.288297930891645 74.97081785659245 293.1622830152775 -999.0 5400.0 -999.0 1 115 {-999.0 -999.0 -999.0 -999.0 -999.0} "" -999.0 -999.0 -999.0 -999.0 -999 -999 "" "" "" "" 0 0 0.0 0.0 -999 ""
FIBERMAP 462 R+11C9 METROLOGY 0 0 0 1 0 0 -8.730914939565423 211.93126541198205 143.1 -204.3337666757715 56.878842425564805 240.88159 49.189224 -999.0 -999.0 -999.0 -999.0 -999.0 122.66509320940773 -22.20336285428756 122.61588247816485 -22.286359357493097 74.97081024318746 293.1708702941199 -999.0 6231.0 -999.0 -1 -999 {-999.0 -999.0 -999.0 -999.0 -999.0} "" -999.0 -999.0 -999.0 -999.0 -999 -999 "" "" "" "" 0 0 0.0 0.0 -999 ""
FIBERMAP 465 R+5C7 APOGEE 1 1 0 1 0 0 -106.62069319961613 106.87862686708588 143.1 -134.4873948104557 -68.57354075643703 107.3333 130.70868 122.89290126024106 -22.58393457345314 -1.481941 1.1469915 0.10037359 122.89289636251667 -22.583942085887333 122.84278144581867 -22.66735703283229 75.33970225053278 292.27190712758284 16000.0 16600.0 2016.0 2 33 {-999.0 14.856104 13.524253 12.964247 -999.0} sdss_psfmag_from_g3xp 14.331218 13.475973 12.573763 10.458 63050395995330623 1152663003 bright_1x1 mwm_galactic_core_dist_apogee_sparse mwm_galactic science 0 0 0.0 0.0 -999 ""
FIBERMAP 465 R+5C7 BOSS 0 0 0 1 0 0 -106.22277283758821 107.50472772968142 143.1 -134.96072414656564 -68.00235057997634 107.3333 130.70868 -999.0 -999.0 -999.0 -999.0 -999.0 122.89122685068253 -22.58221105994539 122.84116890306046 -22.665649610601196 75.33757682833104 292.2749979553205 -999.0 5400.0 -999.0 1 55 {-999.0 -999.0 -999.0 -999.0 -999.0} "" -999.0 -999.0 -999.0 -999.0 -999 -999 "" "" "" "" 0 0 0.0 0.0 -999 ""
FIBERMAP 465 R+5C7 METROLOGY 0 0 0 1 0 0 -105.87923180638624 106.83319005724861 143.1 -134.21610282011576 -67.88203080579365 107.3333 130.70868 -999.0 -999.0 -999.0 -999.0 -999.0 122.89366587077063 -22.581865630612516 122.8435948025641 -22.665301855352 75.3393727580442 292.2804534128364 -999.0 6231.0 -999.0 -1 -999 {-999.0 -999.0 -999.0 -999.0 -999.0} "" -999.0 -999.0 -999.0 -999.0 -999 -999 "" "" "" "" 0 0 0.0 0.0 -999 ""
FIBERMAP 468 R-2C9 APOGEE 1 1 0 1 0 0 -81.32104975732607 -29.092301090410103 143.1 2.667885920309903 -86.32358168548522 48.246765 120.80085 123.3435383292615 -22.637640994889093 1.1994467 -0.06655149 0.49280232 123.3435671039718 -22.63764445787816 123.29352432284554 -22.722022720570703 75.73010385716846 292.8856766905342 16000.0 16600.0 2016.0 2 300 {-999.0 12.552549 11.374489 10.912632 -999.0} sdss_psfmag_from_g3xp 12.1181965 11.375474 10.540947 8.689 63050395995137560 1152662551 bright_1x1 mwm_galactic_core_dist_apogee_sparse mwm_galactic science 0 0 0.0 0.0 -999 ""
FIBERMAP 468 R-2C9 BOSS 0 0 0 1 0 0 -80.60124533710588 -29.25692369248854 143.1 3.0459194900467037 -85.68933724681223 48.246765 120.80085 -999.0 -999.0 -999.0 -999.0 -999.0 123.34475587683728 -22.63574161812279 123.2947701222991 -22.720149269325038 75.7301951231856 292.8945853935579 -999.0 5400.0 -999.0 1 496 {-999.0 -999.0 -999.0 -999.0 -999.0} "" -999.0 -999.0 -999.0 -999.0 -999 -999 "" "" "" "" 0 0 0.0 0.0 -999 ""
FIBERMAP 468 R-2C9 METROLOGY 0 0 0 1 0 0 -81.09783698285995 -29.797972147144087 143.1 3.4079737268829113 -86.32825060278026 48.246765 120.80085 -999.0 -999.0 -999.0 -999.0 -999.0 123.34596690114942 -22.637692449352926 123.29596212604412 -22.72209489450817 75.73210298292813 292.889863568127 -999.0 6231.0 -999.0 -1 -999 {-999.0 -999.0 -999.0 -999.0 -999.0} "" -999.0 -999.0 -999.0 -999.0 -999 -999 "" "" "" "" 0 0 0.0 0.0 -999 ""
FIBERMAP 470 R+2C23 APOGEE 1 1 0 1 0 0 211.30026321190545 34.668070180500976 143.1 32.00608088726342 211.71116930609074 201.4322 114.020996 123.43688964843749 -21.73413831609568 -999.0 -999.0 -999.0 123.43687085633918 -21.734144485598485 123.38914726194258 -21.81885016684278 75.34471830252953 296.17611082976714 16000.0 16600.0 2015.5 2 74 {-999.0 -999.0 -999.0 -999.0 -999.0} "" -999.0 -999.0 -999.0 -999.0 27021603171086254 845457738 "" ops_sky_apogee_best ops_sky sky_apogee 0 0 0.0 0.0 -999 ""
FIBERMAP 470 R+2C23 BOSS 0 0 0 1 0 0 210.74159114038846 35.17470541158552 143.1 31.352190565597677 211.3354357761632 201.4322 114.020996 -999.0 -999.0 -999.0 -999.0 -999.0 123.4346999996442 -21.73520364407556 123.38702386554047 -21.81993447204115 75.34363098880344 296.16832614864154 -999.0 5400.0 -999.0 1 233 {-999.0 -999.0 -999.0 -999.0 -999.0} "" -999.0 -999.0 -999.0 -999.0 -999 -999 "" "" "" "" 0 0 0.0 0.0 -999 ""
FIBERMAP 470 R+2C23 METROLOGY 0 0 0 1 0 0 211.45210812405082 35.40000505988834 143.1 31.356364382123207 212.08077626761482 201.4322 114.020996 -999.0 -999.0 -999.0 -999.0 -999.0 123.43472381536945 -21.73293523149129 123.38703889520866 -21.81765794639855 75.34242676610182 296.1759615499488 -999.0 6231.0 -999.0 -1 -999 {-999.0 -999.0 -999.0 -999.0 -999.0} "" -999.0 -999.0 -999.0 -999.0 -999 -999 "" "" "" "" 0 0 0.0 0.0 -999 ""
FIBERMAP 472 R-1C15 APOGEE 0 0 0 1 0 0 23.190389978487374 -3.8040269261304918 143.1 10.752388751957218 20.89513732988621 165.84267 69.14381 -999.0 -999.0 -999.0 -999.0 -999.0 123.36926501589377 -22.312084160816962 123.32005806339271 -22.396563428994025 75.59007142736937 294.0760402314498 -999.0 16600.0 -999.0 2 -999 {-999.0 -999.0 -999.0 -999.0 -999.0} "" -999.0 -999.0 -999.0 -999.0 -999 -999 "" "" "" "" 0 0 0.0 0.0 -999 ""
FIBERMAP 472 R-1C15 BOSS 1 1 0 1 0 0 23.632794774918686 -3.2010183389441096 143.1 10.314713835231624 21.501550787010416 165.84267 69.14381 123.3677865982586 -22.31020414828838 -10.324349 -3.239385 1.2331572 123.36777884337519 -22.31020437078661 123.31862742441172 -22.394708504040114 75.58799377095087 294.0797960335358 5400.0 5400.0 2016.0 1 326 {-999.0 20.270227 18.801561 17.89204 -999.0} sdss_psfmag_ps1 19.629961 18.42393 17.352669 15.293 63050395995375640 1094624035 bright_1x1 mwm_bin_vis_boss mwm_filler science 0 0 0.0 0.0 -999 ""
FIBERMAP 472 R-1C15 METROLOGY 0 0 0 1 0 0 23.93436214228047 -3.8815100616963107 143.1 11.054944437523021 21.57917937169779 165.84267 69.14381 -999.0 -999.0 -999.0 -999.0 -999.0 123.37022411356347 -22.309968986005984 123.32105981854613 -22.394470529237793 75.58981569188299 294.08517931394476 -999.0 6231.0 -999.0 -1 -999 {-999.0 -999.0 -999.0 -999.0 -999.0} "" -999.0 -999.0 -999.0 -999.0 -999 -999 "" "" "" "" 0 0 0.0 0.0 -999 ""
FIBERMAP 474 R-3C8 APOGEE 0 0 0 1 0 0 -84.40022014473196 -71.39885476437631 143.1 41.97461758532156 -102.26606194028336 22.480717 38.83275 -999.0 -999.0 -999.0 -999.0 -999.0 123.47297914060469 -22.685615810440712 123.42287546898177 -22.77026525864309 75.85778634487299 292.95073336705815 -999.0 16600.0 -999.0 2 -999 {-999.0 -999.0 -999.0 -999.0 -999.0} "" -999.0 -999.0 -999.0 -999.0 -999 -999 "" "" "" "" 0 0 0.0 0.0 -999 ""
FIBERMAP 474 R-3C8 BOSS 1 1 0 1 0 0 -84.81266330256932 -72.10392776223743 143.1 42.51862036287695 -102.87536062800234 22.480717 38.83275 123.47475644403656 -22.687479779212246 -16.23604 5.98544 2.8046873 123.47474730407278 -22.687485179182854 123.42469089948997 -22.77216447385392 75.86017338308254 292.94728169354676 5400.0 5400.0 2016.0 1 477 {-999.0 17.448671 16.047392 15.262673 -999.0} sdss_psfmag_ps1 16.994114 15.950802 14.845158 12.712 63050395995134791 1075848454 bright_1x1 mwm_erosita_stars_boss mwm_erosita science 0 0 0.0 0.0 -999 ""
FIBERMAP 474 R-3C8 METROLOGY 0 0 0 1 0 0 -85.14708729828156 -71.43993604654729 143.1 41.78398309236932 -102.98932672439136 22.480717 38.83275 -999.0 -999.0 -999.0 -999.0 -999.0 123.47235106693019 -22.687856713116155 123.42227809564895 -22.77252335523184 75.85840514679848 292.9415635079922 -999.0 6231.0 -999.0 -1 -999 {-999.0 -999.0 -999.0 -999.0 -999.0} "" -999.0 -999.0 -999.0 -999.0 -999 -999 "" "" "" "" 0 0 0.0 0.0 -999 ""
FIBERMAP 477 R-7C14 APOGEE 1 1 0 1 0 0 64.23677466580897 -128.884046065477 143.1 142.38859658759637 21.47764297646794 174.97874 93.822815 123.80081176757812 -22.30878295072864 -999.0 -999.0 -999.0 123.800807181095 -22.308799753163 123.75180817515655 -22.39420445672082 75.93245772420147 294.9105729995489 16000.0 16600.0 2015.5 2 197 {-999.0 -999.0 -999.0 -999.0 -999.0} "" -999.0 -999.0 -999.0 -999.0 27021603171069228 845456055 "" ops_sky_apogee_best ops_sky sky_apogee 0 0 0.0 0.0 -999 ""
FIBERMAP 477 R-7C14 BOSS 0 0 0 1 0 0 64.23939311635118 -128.1353219233101 143.1 141.67700614466526 21.71042805373254 174.97874 93.822815 -999.0 -999.0 -999.0 -999.0 -999.0 123.79849549431202 -22.308066774763795 123.74954711761188 -22.393494259971447 75.93029940283557 294.9086592890803 -999.0 5400.0 -999.0 1 272 {-999.0 -999.0 -999.0 -999.0 -999.0} "" -999.0 -999.0 -999.0 -999.0 -999 -999 "" "" "" "" 0 0 0.0 0.0 -999 ""
FIBERMAP 477 R-7C14 METROLOGY 0 0 0 1 0 0 64.89024084602849 -128.50347679806148 143.1 142.2274867417534 22.21645884419008 174.97874 93.822815 -999.0 -999.0 -999.0 -999.0 -999.0 123.80031768817098 -22.30652861670059 123.7513598890664 -22.391952390358142 75.93094462113201 294.91764378352997 -999.0 6231.0 -999.0 -1 -999 {-999.0 -999.0 -999.0 -999.0 -999.0} "" -999.0 -999.0 -999.0 -999.0 -999 -999 "" "" "" "" 0 0 0.0 0.0 -999 ""
FIBERMAP 479 R-1C14 APOGEE 1 1 0 1 0 0 19.913469872347143 -24.537992840625996 143.1 29.472416717565288 11.399830554772413 303.37448 140.70396 123.43054167655211 -22.34081663077541 -12.215521 12.540051 3.1481237 123.43080626524603 -22.34076379326278 123.3815552220754 -22.4253712015544 75.6536933387182 294.0912916473554 16000.0 16600.0 2016.0 2 230 {-999.0 9.210066 8.219323 7.8611026 -999.0} sdss_psfmag_from_g3xp 8.883788 8.258312 7.5030847 5.912 63050395995149665 996674826 bright_1x1 mwm_bin_gaia_sb_apogee mwm_bin science 0 0 0.9627537131309509 0.0 -999 ""
FIBERMAP 479 R-1C14 BOSS 0 0 0 1 0 0 19.70729310506366 -25.241638758931465 143.1 30.078505378166042 10.987229095793188 303.37448 140.70396 -999.0 -999.0 -999.0 -999.0 -999.0 123.43276974978853 -22.341976663348724 123.3835677862927 -22.42661576204098 75.65592741736732 294.0907387848734 -999.0 5400.0 -999.0 1 339 {-999.0 -999.0 -999.0 -999.0 -999.0} "" -999.0 -999.0 -999.0 -999.0 -999 -999 "" "" "" "" 0 0 0.0 0.0 -999 ""
FIBERMAP 479 R-1C14 METROLOGY 0 0 0 1 0 0 19.190612354445552 -24.710608925789543 143.1 29.41431983994992 10.658952783345326 303.37448 140.70396 -999.0 -999.0 -999.0 -999.0 -999.0 123.43060923325939 -22.34298659466124 123.38138921098601 -22.42761307627233 75.65469088734957 294.0831650131753 -999.0 6231.0 -999.0 -1 -999 {-999.0 -999.0 -999.0 -999.0 -999.0} "" -999.0 -999.0 -999.0 -999.0 -999 -999 "" "" "" "" 0 0 0.0 0.0 -999 ""
FIBERMAP 480 R+9C15 APOGEE 0 0 0 1 0 0 135.64015338144515 167.90658199713135 143.1 -118.03930777061403 180.70380768860966 340.02646 109.04477 -999.0 -999.0 -999.0 -999.0 -999.0 122.94764775196553 -21.828712851021013 122.89947080773334 -21.912352317479698 75.00761774053886 294.9299794723131 -999.0 16600.0 -999.0 2 -999 {-999.0 -999.0 -999.0 -999.0 -999.0} "" -999.0 -999.0 -999.0 -999.0 -999 -999 "" "" "" "" 0 0 0.0 0.0 -999 ""
FIBERMAP 480 R+9C15 BOSS 1 1 0 1 0 0 135.65199716787743 167.15966744736463 143.1 -117.32499080198038 180.48533973348677 340.02646 109.04477 122.94962324263842 -21.829196830365277 -2.7680051 -27.205145 4.1944046 122.94989207339694 -21.829298039487572 122.90176754242634 -21.91297207184181 75.00976072098877 294.93220716992477 5400.0 5400.0 2016.0 1 237 {-999.0 13.404293 12.690469 12.392007 -999.0} sdss_psfmag_from_g3xp 13.204906 12.707529 12.04251 10.724 63050395995401788 996714337 bright_1x1 mwm_bin_gaia_sb_boss mwm_bin science 0 0 0.9222643971443176 0.0 -999 ""
FIBERMAP 480 R+9C15 METROLOGY 0 0 0 1 0 0 134.98862520965332 167.539145937173 143.1 -117.89009780970903 179.97087532788277 340.02646 109.04477 -999.0 -999.0 -999.0 -999.0 -999.0 122.94804258874203 -21.830835496328124 122.89989838558506 -21.914496871302433 75.00906981415523 294.9236888307396 -999.0 6231.0 -999.0 -1 -999 {-999.0 -999.0 -999.0 -999.0 -999.0} "" -999.0 -999.0 -999.0 -999.0 -999 -999 "" "" "" "" 0 0 0.0 0.0 -999 ""
FIBERMAP 482 R+7C10 APOGEE 1 1 0 1 0 0 -22.098919490384993 141.6980909489245 143.1 -141.62007672552488 22.55703405764333 145.49306 123.355965 122.869625209068 -22.307564173167393 -1.0607309 4.918506 0.6170524 122.86963248380852 -22.30753380107482 122.82020990238829 -22.390937438154587 75.18679268154166 293.18087581175087 16000.0 16600.0 2016.0 2 137 {-999.0 11.253856 10.068287 9.586771 -999.0} sdss_psfmag_from_g3xp 10.817093 10.058052 9.212802 7.309 63050395995371900 1152662929 bright_1x1 mwm_galactic_core_dist_apogee_sparse mwm_galactic science 0 0 0.0 0.0 -999 ""
FIBERMAP 482 R+7C10 BOSS 0 0 0 1 0 0 -22.128009892354534 142.45380549180163 143.1 -142.34807144846837 22.761798922858382 145.49306 123.355965 -999.0 -999.0 -999.0 -999.0 -999.0 122.86712855521328 -22.30687354969053 122.81775986083682 -22.39029989430743 75.1845081430189 293.17866665223755 -999.0 5400.0 -999.0 1 132 {-999.0 -999.0 -999.0 -999.0 -999.0} "" -999.0 -999.0 -999.0 -999.0 -999 -999 "" "" "" "" 0 0 0.0 0.0 -999 ""
FIBERMAP 482 R+7C10 METROLOGY 0 0 0 1 0 0 -21.455921757945738 142.0818489070294 143.1 -141.7874404464517 23.28687019188525 145.49306 123.355965 -999.0 -999.0 -999.0 -999.0 -999.0 122.8689623658142 -22.30528667836326 122.81958340434477 -22.38870926962554 75.18518812918714 293.18733292688995 -999.0 6231.0 -999.0 -1 -999 {-999.0 -999.0 -999.0 -999.0 -999.0} "" -999.0 -999.0 -999.0 -999.0 -999 -999 "" "" "" "" 0 0 0.0 0.0 -999 ""
FIBERMAP 486 R-1C9 APOGEE 1 1 0 1 0 0 -99.55079960747744 -9.52877850856138 143.1 -21.553542192091687 -97.65144169229218 52.760433 143.33911 123.263973518579 -22.672131174196842 -2.2336347 2.7367332 0.44357112 123.26398257273381 -22.672142877568987 123.21381500750635 -22.756345174709967 75.68247698612473 292.61964546265506 16000.0 16600.0 2016.0 2 279 {-999.0 12.673206 11.928895 11.655014 -999.0} sdss_psfmag_from_g3xp 12.465159 11.965437 11.303682 9.979 63050395995137388 1109100572 bright_1x1 mwm_tess_rgb_apogee mwm_tessrgb science 0 0 0.0 0.0 -999 ""
FIBERMAP 486 R-1C9 BOSS 0 0 0 1 0 0 -98.81305800847265 -9.403775478895742 143.1 -21.445564390635955 -96.9110469134462 52.760433 143.33911 -999.0 -999.0 -999.0 -999.0 -999.0 123.26426768205073 -22.669925575351083 123.21415783620103 -22.75415526817784 75.6816948128757 292.62801476390473 -999.0 5400.0 -999.0 1 458 {-999.0 -999.0 -999.0 -999.0 -999.0} "" -999.0 -999.0 -999.0 -999.0 -999 -999 "" "" "" "" 0 0 0.0 0.0 -999 ""
FIBERMAP 486 R-1C9 METROLOGY 0 0 0 1 0 0 -99.08597249414939 -10.116331353167904 143.1 -20.851525373458525 -97.38988849476424 52.760433 143.33911 -999.0 -999.0 -999.0 -999.0 -999.0 123.26623788158406 -22.67139137077657 123.21611050471301 -22.75561758910462 75.68397810514311 292.6263600565057 -999.0 6231.0 -999.0 -1 -999 {-999.0 -999.0 -999.0 -999.0 -999.0} "" -999.0 -999.0 -999.0 -999.0 -999 -999 "" "" "" "" 0 0 0.0 0.0 -999 ""
FIBERMAP 491 R+1C18 APOGEE 1 1 0 1 0 0 117.11411490633732 11.200927351437535 143.1 25.364676890348946 114.87690184752694 9.758096 74.70535 123.41629028320312 -22.026827755637626 -999.0 -999.0 -999.0 123.41627893545237 -22.026830058715873 123.36781197985056 -22.111450402226996 75.48207573780235 295.14722143549557 16000.0 16600.0 2015.5 2 79 {-999.0 -999.0 -999.0 -999.0 -999.0} "" -999.0 -999.0 -999.0 -999.0 27021603171080526 836857542 "" ops_sky_apogee_best ops_sky sky_apogee 0 0 0.0 0.0 -999 ""
FIBERMAP 491 R+1C18 BOSS 0 0 0 1 0 0 117.04942063280008 10.455458630055604 143.1 26.05407649336532 114.58605419130987 9.758096 74.70535 -999.0 -999.0 -999.0 -999.0 -999.0 123.41850175077457 -22.027617344328867 123.37008502869492 -22.112271197810383 75.4843015184541 295.1487884378018 -999.0 5400.0 -999.0 1 240 {-999.0 -999.0 -999.0 -999.0 -999.0} "" -999.0 -999.0 -999.0 -999.0 -999 -999 "" "" "" "" 0 0 0.0 0.0 -999 ""
FIBERMAP 491 R+1C18 METROLOGY 0 0 0 1 0 0 116.4352616329316 10.893962842358059 143.1 25.447944702537587 114.13657013574407 9.758096 74.70535 -999.0 -999.0 -999.0 -999.0 -999.0 123.4165394694657 -22.02898053708873 123.36810392780092 -22.113621807314573 75.48343489087411 295.14038023431436 -999.0 6231.0 -999.0 -1 -999 {-999.0 -999.0 -999.0 -999.0 -999.0} "" -999.0 -999.0 -999.0 -999.0 -999 -999 "" "" "" "" 0 0 0.0 0.0 -999 ""
FIBERMAP 492 R-4C12 APOGEE 0 0 0 1 0 0 13.255682895301835 -62.33327602234625 143.1 63.38604987917529 -6.560047551432099 100.74495 53.229282 -999.0 -999.0 -999.0 -999.0 -999.0 123.54233357651133 -22.394956298829435 123.49299738098733 -22.479795396459718 75.77007997201814 294.1111365435311 -999.0 16600.0 -999.0 2 -999 {-999.0 -999.0 -999.0 -999.0 -999.0} "" -999.0 -999.0 -999.0 -999.0 -999 -999 "" "" "" "" 0 0 0.0 0.0 -999 ""
FIBERMAP 492 R-4C12 BOSS 1 1 0 1 0 0 13.943805263205206 -62.652162387980376 143.1 63.90111747762695 -6.003396618378667 100.74495 53.229282 123.54400634765624 -22.39322812922508 -999.0 -999.0 -999.0 123.54400909686971 -22.39323657520509 123.49472885257842 -22.478106911242516 75.7706112249773 294.1203494427963 5400.0 5400.0 2015.5 1 408 {-999.0 -999.0 -999.0 -999.0 -999.0} "" -999.0 -999.0 -999.0 -999.0 27021603171069319 823345765 "" ops_sky_boss_good ops_sky sky_boss 0 0 0.0 0.0 -999 ""
FIBERMAP 492 R-4C12 METROLOGY 0 0 0 1 0 0 13.324335252427822 -63.07811497853553 143.1 64.11586522650026 -6.723824890044218 100.74495 53.229282 -999.0 -999.0 -999.0 -999.0 -999.0 123.54474324986417 -22.39543020624923 123.4954434050465 -22.480294036176623 75.77228355661018 294.1140167178158 -999.0 6231.0 -999.0 -1 -999 {-999.0 -999.0 -999.0 -999.0 -999.0} "" -999.0 -999.0 -999.0 -999.0 -999 -999 "" "" "" "" 0 0 0.0 0.0 -999 ""
FIBERMAP 494 R+10C13 APOGEE 0 0 0 1 0 0 106.11979228456815 203.67518449495245 143.1 -161.15232346628534 163.61754251942253 72.95122 65.51875 -999.0 -999.0 -999.0 -999.0 -999.0 122.80711964441565 -21.88054998250532 122.75875040152056 -21.96387869084094 74.92243614892118 294.50006596776103 -999.0 16600.0 -999.0 2 -999 {-999.0 -999.0 -999.0 -999.0 -999.0} "" -999.0 -999.0 -999.0 -999.0 -999 -999 "" "" "" "" 0 0 0.0 0.0 -999 ""
FIBERMAP 494 R+10C13 BOSS 1 1 0 1 0 0 106.70091394633579 203.1949338991362 143.1 -160.5166325116953 164.02275180396265 72.95122 65.51875 122.80913650322567 -21.879293594859853 -7.794387 16.253355 1.1732486 122.8091117785417 -21.879267559048905 122.7608000876806 -21.96263042991368 74.92342594198364 294.5079371448332 5400.0 5400.0 2016.0 1 103 {-999.0 -999.0 -999.0 -999.0 -999.0} "" -999.0 13.991229 -999.0 11.802 63050395995397726 1094334786 bright_1x1 mwm_bin_vis_boss mwm_filler science 0 0 0.0 0.0 -999 ""
FIBERMAP 494 R+10C13 METROLOGY 0 0 0 1 0 0 105.98896148989508 202.93871893570252 143.1 -160.49183255797143 163.26653651111414 72.95122 65.51875 -999.0 -999.0 -999.0 -999.0 -999.0 122.80916926555514 -21.88153164753389 122.76083673747746 -21.964885907478912 74.92461365766627 294.50056411110654 -999.0 6231.0 -999.0 -1 -999 {-999.0 -999.0 -999.0 -999.0 -999.0} "" -999.0 -999.0 -999.0 -999.0 -999 -999 "" "" "" "" 0 0 0.0 0.0 -999 ""
FIBERMAP 496 R-9C5 APOGEE 1 0 1 1 0 0 -99.31098149187348 -167.1202521243721 143.1 128.46531106271388 -145.8954772467017 12.160828 168.51259 123.77980109988522 -22.797332478183193 1.3397275 -2.1493785 0.5104295 123.75756625220565 -22.816250443441294 123.70726701812333 -22.901491369864218 76.15061746943073 293.004186397818 16000.0 16600.0 2016.0 2 268 {-999.0 12.72914 11.86093 11.537915 -999.0} sdss_psfmag_from_g3xp 12.4548435 11.899175 11.175918 9.702 63050395995118044 1105122838 bright_1x1 mwm_tess_rgb_apogee mwm_tessrgb science 0 0 0.0 0.0 -999 ""
FIBERMAP 496 R-9C5 BOSS 0 0 1 1 0 0 -98.55802394523548 -167.15717997629594 143.1 128.73204295604617 -145.1904117415344 12.160828 168.51259 -999.0 -999.0 -999.0 -999.0 -999.0 123.75842614631095 -22.814130805319877 123.70818283999085 -22.89939958545222 76.15033736308945 293.01353600575413 -999.0 5400.0 -999.0 1 364 {-999.0 -999.0 -999.0 -999.0 -999.0} "" -999.0 -999.0 -999.0 -999.0 -999 -999 "" "" "" "" 0 0 0.0 0.0 -999 ""
FIBERMAP 496 R-9C5 METROLOGY 0 0 1 1 0 0 -98.96801588410968 -167.79497376564262 143.1 129.21278488132188 -145.77668430607108 12.160828 168.51259 -999.0 -999.0 -999.0 -999.0 -999.0 123.7600425033585 -22.815919131314043 123.70978123007148 -22.901183825461846 76.15249166752463 293.01001449338594 -999.0 6231.0 -999.0 -1 -999 {-999.0 -999.0 -999.0 -999.0 -999.0} "" -999.0 -999.0 -999.0 -999.0 -999 -999 "" "" "" "" 0 0 0.0 0.0 -999 ""
FIBERMAP 499 R+7C3 APOGEE 1 1 0 1 0 0 -175.2108933140476 118.81842098498153 143.1 -166.94494145890474 -130.16326501865385 285.4097 72.77785 122.7865212940046 -22.770117654958575 -0.7276012 0.59856933 0.2555286 122.78672423857887 -22.77012553793114 122.73608528278913 -22.85328484745071 75.34135915312129 291.44072453460376 16000.0 16600.0 2016.0 2 17 {-999.0 12.924543 11.443609 9.9187 -999.0} sdss_psfmag_from_g3xp 12.322385 10.656027 9.417204 6.595 63050395995326369 996654175 bright_1x1 mwm_bin_gaia_sb_apogee mwm_bin science 0 0 0.741959273815155 0.0 -999 ""
FIBERMAP 499 R+7C3 BOSS 0 0 0 1 0 0 -175.93628574143668 118.85239167119497 143.1 -167.20038114907513 -130.84301244153247 285.4097 72.77785 -999.0 -999.0 -999.0 -999.0 -999.0 122.7857952252949 -22.77218101040346 122.73520435796951 -22.855364311569584 75.34161681082172 291.4319621980186 -999.0 5400.0 -999.0 1 27 {-999.0 -999.0 -999.0 -999.0 -999.0} "" -999.0 -999.0 -999.0 -999.0 -999 -999 "" "" "" "" 0 0 0.0 0.0 -999 ""
FIBERMAP 499 R+7C3 METROLOGY 0 0 0 1 0 0 -175.52420758160986 119.49879108887237 143.1 -167.6886694721869 -130.2521079482482 285.4097 72.77785 -999.0 -999.0 -999.0 -999.0 -999.0 122.78418227773588 -22.77041562349743 122.73357994556363 -22.853588241434103 75.3394620755902 291.43538927001055 -999.0 6231.0 -999.0 -1 -999 {-999.0 -999.0 -999.0 -999.0 -999.0} "" -999.0 -999.0 -999.0 -999.0 -999 -999 "" "" "" "" 0 0 0.0 0.0 -999 ""
FIBERMAP 500 R-7C10 APOGEE 1 1 0 1 0 0 -23.708995545787374 -140.62855613796756 143.1 126.51277006045888 -65.81336668815106 203.017 114.57737 123.75023700672288 -22.573823602054283 -2.5657601 0.0021851114 1.0395603 123.75022776332874 -22.573825851682138 123.70053772468759 -22.65908514018105 76.02579220982638 293.8688662307063 16000.0 16600.0 2016.0 2 190 {-999.0 11.377515 10.499383 10.198317 -999.0} sdss_psfmag_from_g3xp 11.103729 10.547462 9.846013 8.413 63050395995142667 1104798878 bright_1x1 mwm_tess_rgb_apogee mwm_tessrgb science 0 0 0.0 0.0 -999 ""
FIBERMAP 500 R-7C10 BOSS 0 0 0 1 0 0 -24.241703365654555 -140.15619888168462 143.1 125.8994806590976 -66.17493902943268 203.017 114.57737 -999.0 -999.0 -999.0 -999.0 -999.0 123.7482347101644 -22.57493701800152 123.6985910475018 -22.660218514191737 76.02480095329263 293.8610872413477 -999.0 5400.0 -999.0 1 388 {-999.0 -999.0 -999.0 -999.0 -999.0} "" -999.0 -999.0 -999.0 -999.0 -999 -999 "" "" "" "" 0 0 0.0 0.0 -999 ""
FIBERMAP 500 R-7C10 METROLOGY 0 0 0 1 0 0 -23.55621056717359 -139.8973955423863 143.1 125.8640794176794 -65.44310342780985 203.017 114.57737 -999.0 -999.0 -999.0 -999.0 -999.0 123.74813817690551 -22.572733342419546 123.69848582455666 -22.65800740145532 76.02361348321935 293.86882067297415 -999.0 6231.0 -999.0 -1 -999 {-999.0 -999.0 -999.0 -999.0 -999.0} "" -999.0 -999.0 -999.0 -999.0 -999 -999 "" "" "" "" 0 0 0.0 0.0 -999 ""
FIBERMAP 502 R+1C22 APOGEE 1 1 0 1 0 0 209.45345937899708 20.067463781479564 143.1 45.33021898878569 205.4630969038882 44.377964 67.84506 123.48044553674605 -21.752894674625548 -6.425948 7.614679 0.700751 123.4803942935347 -21.752883408948225 123.43264315289929 -21.837679862731896 75.38891016998473 296.19849091132915 16000.0 16600.0 2016.0 2 81 {-999.0 12.22983 11.397271 11.094498 -999.0} sdss_psfmag_from_g3xp 11.979961 11.435913 10.741419 9.342 63050395995520129 1104542103 bright_1x1 mwm_tess_rgb_apogee mwm_tessrgb science 0 0 0.0 0.0 -999 ""
FIBERMAP 502 R+1C22 BOSS 0 0 0 1 0 0 209.7426632657152 19.35841182198187 143.1 46.09382129926804 205.52017728790133 44.377964 67.84506 -999.0 -999.0 -999.0 -999.0 -999.0 123.48284369310042 -21.75262806257137 123.4351451828199 -21.837459676325654 75.3907556880779 296.2041484390696 -999.0 5400.0 -999.0 1 245 {-999.0 -999.0 -999.0 -999.0 -999.0} "" -999.0 -999.0 -999.0 -999.0 -999 -999 "" "" "" "" 0 0 0.0 0.0 -999 ""
FIBERMAP 502 R+1C22 METROLOGY 0 0 0 1 0 0 208.9926788555418 19.473591406207504 143.1 45.753548952056775 204.84200944486108 44.377964 67.84506 -999.0 -999.0 -999.0 -999.0 -999.0 123.48176561012467 -21.754652194187077 123.4340471329441 -21.83947274078123 75.39096966918274 296.19524276692863 -999.0 6231.0 -999.0 -1 -999 {-999.0 -999.0 -999.0 -999.0 -999.0} "" -999.0 -999.0 -999.0 -999.0 -999 -999 "" "" "" "" 0 0 0.0 0.0 -999 ""
FIBERMAP 504 R+7C15 APOGEE 0 0 0 1 0 0 105.84169599804677 147.17887637902862 143.1 -107.4827698584551 145.9757218621375 61.549206 122.42765 -999.0 -999.0 -999.0 -999.0 -999.0 122.9818077971083 -21.93353564515158 122.93338161660415 -22.0172340586042 75.08875197899056 294.64499035226606 -999.0 16600.0 -999.0 2 -999 {-999.0 -999.0 -999.0 -999.0 -999.0} "" -999.0 -999.0 -999.0 -999.0 -999 -999 "" "" "" "" 0 0 0.0 0.0 -999 ""
FIBERMAP 504 R+7C15 BOSS 1 1 0 1 0 0 106.57835439614963 147.22329373744046 143.1 -107.29844959839802 146.6902993378166 61.549206 122.42765 122.98233032226561 -21.9312921796964 -999.0 -999.0 -999.0 122.98232122418041 -21.93129487709301 122.93395373147331 -22.01502411580765 75.08806904190556 294.65341407955486 5400.0 5400.0 2015.5 1 195 {-999.0 -999.0 -999.0 -999.0 -999.0} "" -999.0 -999.0 -999.0 -999.0 27021603171081349 814746155 "" ops_sky_boss_good ops_sky sky_boss 0 0 0.0 0.0 -999 ""
FIBERMAP 504 R+7C15 METROLOGY 0 0 0 1 0 0 106.25851037208182 146.55777735762072 143.1 -106.763602362327 146.18127372991492 61.549206 122.42765 -999.0 -999.0 -999.0 -999.0 -999.0 122.98406344004447 -21.932820000266467 122.93567790030244 -22.016544445364037 75.09022208638129 294.6515469559735 -999.0 6231.0 -999.0 -1 -999 {-999.0 -999.0 -999.0 -999.0 -999.0} "" -999.0 -999.0 -999.0 -999.0 -999 -999 "" "" "" "" 0 0 0.0 0.0 -999 ""
FIBERMAP 508 R-3C10 APOGEE 0 0 0 1 0 0 -73.15693213230611 -47.57882461069923 143.1 22.768569288791653 -84.24170155315879 199.83273 53.663662 -999.0 -999.0 -999.0 -999.0 -999.0 123.40965822149829 -22.63116319851859 123.3596628196612 -22.715684361508085 75.78026811115654 293.02910423750296 -999.0 16600.0 -999.0 2 -999 {-999.0 -999.0 -999.0 -999.0 -999.0} "" -999.0 -999.0 -999.0 -999.0 -999 -999 "" "" "" "" 0 0 0.0 0.0 -999 ""
FIBERMAP 508 R-3C10 BOSS 1 1 0 1 0 0 -72.954264709784 -46.833194672315166 143.1 22.121454275501787 -83.81952565776758 199.83273 53.663662 123.40745224283881 -22.629929650024916 -2.0260031 3.8467894 0.084127605 123.40748914212926 -22.629911023063496 123.35754730537633 -22.714454265369252 75.77796443917529 293.0295910521503 5400.0 5400.0 2016.0 1 494 {-999.0 15.144804 14.90582 14.831605 -999.0} sdss_psfmag_from_g3xp 15.131204 14.908766 14.50249 13.817 63050395995139208 1093865235 bright_1x1 mwm_astar_core_boss_single mwm_ob science 0 0 0.0 0.0 -999 ""
FIBERMAP 508 R-3C10 METROLOGY 0 0 0 1 0 0 -72.43127184216871 -47.397398702643635 143.1 22.81914587948827 -83.49544726251287 199.83273 53.663662 -999.0 -999.0 -999.0 -999.0 -999.0 123.40979811654562 -22.628936603914354 123.35984525698109 -22.713477416765876 75.77933633226372 293.0372771298204 -999.0 6231.0 -999.0 -1 -999 {-999.0 -999.0 -999.0 -999.0 -999.0} "" -999.0 -999.0 -999.0 -999.0 -999 -999 "" "" "" "" 0 0 0.0 0.0 -999 ""
FIBERMAP 510 R-3C24 APOGEE 1 1 0 1 0 0 251.44188896604527 -72.74979705959068 143.1 146.558822466744 216.86536588697388 266.41473 94.35916 123.80965077719989 -21.7179456630933 -3.908954 1.840622 0.20031992 123.8096379727771 -21.717946702383074 123.76212143309533 -21.803453227462818 75.62812870736386 296.97242515194085 16000.0 16600.0 2016.0 2 238 {-999.0 13.218277 11.7104645 10.880173 -999.0} sdss_psfmag_from_g3xp 12.587547 11.500843 10.468607 8.081 63050395995517809 1152663189 bright_1x1 mwm_galactic_core_dist_apogee_sparse mwm_galactic science 0 0 0.0 0.0 -999 ""
FIBERMAP 510 R-3C24 BOSS 0 0 0 1 0 0 250.70770051474116 -72.82429876546827 143.1 146.40388656277028 216.14388512764393 266.41473 94.35916 -999.0 -999.0 -999.0 -999.0 -999.0 123.80910961387828 -21.720083624266216 123.76163719277281 -21.80561857688694 75.62892803127657 296.9641174801173 -999.0 5400.0 -999.0 1 348 {-999.0 -999.0 -999.0 -999.0 -999.0} "" -999.0 -999.0 -999.0 -999.0 -999 -999 "" "" "" "" 0 0 0.0 0.0 -999 ""
FIBERMAP 510 R-3C24 METROLOGY 0 0 0 1 0 0 251.02861640932625 -72.14241782286727 143.1 145.8537984647595 216.65896403492403 266.41473 94.35916 -999.0 -999.0 -999.0 -999.0 -999.0 123.80735042331965 -21.718505706768386 123.75986706837404 -21.804028663367177 75.62668441397032 296.96589665143796 -999.0 6231.0 -999.0 -1 -999 {-999.0 -999.0 -999.0 -999.0 -999.0} "" -999.0 -999.0 -999.0 -999.0 -999 -999 "" "" "" "" 0 0 0.0 0.0 -999 ""
FIBERMAP 511 R-1C13 APOGEE 1 1 0 1 0 0 -12.507949672985982 -5.179669637167038 143.1 1.08113697760134 -13.494230747932317 103.71533 108.94017 123.33777289076711 -22.41660740690857 -3.6227124 -0.097635634 0.48534378 123.33778437787511 -22.416592297768876 123.28829884854815 -22.50098922475334 75.61701889190543 293.65343468707056 16000.0 16600.0 2016.0 2 180 {-999.0 13.527143 12.538635 12.155726 -999.0} sdss_psfmag_from_g3xp 13.198077 12.557703 11.790867 10.093 63050395995141844 1107621451 bright_1x1 mwm_tess_rgb_apogee mwm_tessrgb science 0 0 0.0 0.0 -999 ""
FIBERMAP 511 R-1C13 BOSS 0 0 0 1 0 0 -11.879626787747465 -4.783305746459218 143.1 0.8972652564530731 -12.774480081730513 103.71533 108.94017 -999.0 -999.0 -999.0 -999.0 -999.0 123.33712375633986 -22.414388872072205 123.28769510691751 -22.49881209961894 75.6154503929792 293.65991415179434 -999.0 5400.0 -999.0 1 431 {-999.0 -999.0 -999.0 -999.0 -999.0} "" -999.0 -999.0 -999.0 -999.0 -999 -999 "" "" "" "" 0 0 0.0 0.0 -999 ""
FIBERMAP 511 R-1C13 METROLOGY 0 0 0 1 0 0 -11.848018401642614 -5.527781787636032 143.1 1.6153412583256497 -12.97339238122017 103.71533 108.94017 -999.0 -999.0 -999.0 -999.0 -999.0 123.33949957289748 -22.414996724804727 123.29005584972975 -22.499417202642995 75.61764285090655 293.66217811038103 -999.0 6231.0 -999.0 -1 -999 {-999.0 -999.0 -999.0 -999.0 -999.0} "" -999.0 -999.0 -999.0 -999.0 -999 -999 "" "" "" "" 0 0 0.0 0.0 -999 ""
FIBERMAP 512 R+9C8 APOGEE 1 1 0 1 0 0 -35.020318383251606 183.4997372660065 143.1 -185.3678779569111 23.11999714197748 56.302006 151.55293 122.72673378318201 -22.30576987861099 -2.8455367 4.353387 0.4476554 122.72671516319697 -22.305722332819787 122.67723302048637 -22.388817318423154 75.07070551140791 292.9343009433275 16000.0 16600.0 2016.0 2 134 {-999.0 11.82248 10.534804 9.99882 -999.0} sdss_psfmag_from_g3xp 11.323854 10.502575 9.619885 7.648 63050395995387390 1156066768 bright_1x1 mwm_galactic_core_dist_apogee_extra mwm_galactic science 0 0 0.0 0.0 -999 ""
FIBERMAP 512 R+9C8 BOSS 0 0 0 1 0 0 -34.37300722944119 183.86990054337642 143.1 -185.52097988645195 23.849755937206837 56.302006 151.55293 -999.0 -999.0 -999.0 -999.0 -999.0 122.72610234408938 -22.303474508118622 122.67667950668499 -22.386596582825216 75.06916868569868 292.94083248587583 -999.0 5400.0 -999.0 1 129 {-999.0 -999.0 -999.0 -999.0 -999.0} "" -999.0 -999.0 -999.0 -999.0 -999 -999 "" "" "" "" 0 0 0.0 0.0 -999 ""
FIBERMAP 512 R+9C8 METROLOGY 0 0 0 1 0 0 -34.380495111020885 183.11502011680366 143.1 -184.80502961059082 23.61044413608261 56.302006 151.55293 -999.0 -999.0 -999.0 -999.0 -999.0 122.72842497296358 -22.304207065014943 122.67898604201639 -22.387326095021404 75.0713846261757 292.94243378491416 -999.0 6231.0 -999.0 -1 -999 {-999.0 -999.0 -999.0 -999.0 -999.0} "" -999.0 -999.0 -999.0 -999.0 -999 -999 "" "" "" "" 0 0 0.0 0.0 -999 ""
FIBERMAP 513 R+2C25 APOGEE 1 1 0 1 0 0 256.22437217150565 56.84174872309992 143.1 24.726099271545316 261.27576019321737 203.49663 16.316622 123.41259970587367 -21.58517829201373 -3.8397977 2.9846928 0.8799173 123.41256833335163 -21.585165406125153 123.36520658569373 -21.66983984636558 75.24587831755159 296.62406566108666 16000.0 16600.0 2016.0 2 108 {-999.0 11.132941 11.2647505 11.403702 -999.0} sdss_psfmag_from_g3xp 11.23949 11.186315 11.075979 10.885 63050395995535023 975250686 "" ops_std_apogee ops_std standard_apogee 0 0 0.0 0.0 -999 ""
FIBERMAP 513 R+2C25 BOSS 0 0 0 1 0 0 256.7671036287255 57.32129749824261 143.1 24.436752483135095 261.93965848159877 203.49663 16.316622 -999.0 -999.0 -999.0 -999.0 -999.0 123.411568620222 -21.58314233820178 123.36426261330831 -21.667845461753043 75.24406192158533 296.62879018719383 -999.0 5400.0 -999.0 1 184 {-999.0 -999.0 -999.0 -999.0 -999.0} "" -999.0 -999.0 -999.0 -999.0 -999 -999 "" "" "" "" 0 0 0.0 0.0 -999 ""
FIBERMAP 513 R+2C25 METROLOGY 0 0 0 1 0 0 256.9237855705299 56.58223629452712 143.1 25.188146685555203 261.86141663632316 203.49663 16.316622 -999.0 -999.0 -999.0 -999.0 -999.0 123.41403269188788 -21.583332423479188 123.36671279793097 -21.66803215330049 75.24607822566753 296.63300874053766 -999.0 6231.0 -999.0 -1 -999 {-999.0 -999.0 -999.0 -999.0 -999.0} "" -999.0 -999.0 -999.0 -999.0 -999 -999 "" "" "" "" 0 0 0.0 0.0 -999 ""
FIBERMAP 516 R+10C9 APOGEE 0 0 0 1 0 0 -18.681190583004696 191.2168658700141 143.1 -187.68495624427322 41.03999151146792 230.26454 68.36157 -999.0 -999.0 -999.0 -999.0 -999.0 122.71929980202955 -22.251415885233353 122.66995236399833 -22.334502481854077 75.03809405603523 293.1047292240551 -999.0 16600.0 -999.0 2 -999 {-999.0 -999.0 -999.0 -999.0 -999.0} "" -999.0 -999.0 -999.0 -999.0 -999 -999 "" "" "" "" 0 0 0.0 0.0 -999 ""
FIBERMAP 516 R+10C9 BOSS 1 1 0 1 0 0 -19.034205928706676 191.8573184643768 143.1 -188.4029148732614 40.90109592516172 230.26454 68.36157 122.71686119124033 -22.25183446887729 -8.508298 4.3681054 -4.137437 122.71684222959796 -22.25179419764196 122.66754661978638 -22.334903723450726 75.036357095083 293.0991222391674 5400.0 5400.0 2016.0 1 126 {-999.0 15.602352 15.290449 15.165657 -999.0} sdss_psfmag_ps1 15.509215 15.685048 14.739227 13.972 63050395995387670 1093564787 bright_1x1 mwm_astar_core_boss_single mwm_ob science 0 0 0.0 0.0 -999 ""
FIBERMAP 516 R+10C9 METROLOGY 0 0 0 1 0 0 -18.292487182395657 191.85593385008434 143.1 -188.17345849613216 41.6064003812455 230.26454 68.36157 -999.0 -999.0 -999.0 -999.0 -999.0 122.7175841039771 -22.24966001312794 122.66827897423087 -22.332763430471342 75.03588930669991 293.1076256270539 -999.0 6231.0 -999.0 -1 -999 {-999.0 -999.0 -999.0 -999.0 -999.0} "" -999.0 -999.0 -999.0 -999.0 -999 -999 "" "" "" "" 0 0 0.0 0.0 -999 ""
FIBERMAP 517 R+13C10 APOGEE 1 1 0 1 0 0 66.33853061249872 267.18053732043944 143.1 -233.8123572412665 145.29954917339273 90.13686 76.24326 122.57093226716884 -21.936183150091082 -2.2674313 -1.2639022 0.4732322 122.57094019033954 -21.936180371830662 122.52232722178735 -22.018990219189188 74.761948647835 293.8912787280497 16000.0 16600.0 2016.0 2 97 {-999.0 12.477056 11.2107525 10.685387 -999.0} sdss_psfmag_from_g3xp 11.990893 11.183002 10.306644 8.34 63050395995396229 1152663020 bright_1x1 mwm_galactic_core_dist_apogee_sparse mwm_galactic science 0 0 0.0 0.0 -999 ""
FIBERMAP 517 R+13C10 BOSS 0 0 0 1 0 0 67.059261151438 266.9642488200771 143.1 -233.38487976064349 145.9187833221255 90.13686 76.24326 -999.0 -999.0 -999.0 -999.0 -999.0 122.57229573386472 -21.934288846858742 122.523742488952 -22.017131470268204 74.76213933540932 293.8999047659379 -999.0 5400.0 -999.0 1 171 {-999.0 -999.0 -999.0 -999.0 -999.0} "" -999.0 -999.0 -999.0 -999.0 -999 -999 "" "" "" "" 0 0 0.0 0.0 -999 ""
FIBERMAP 517 R+13C10 METROLOGY 0 0 0 1 0 0 66.51071270474196 266.4558301880955 143.1 -233.06985308740764 145.2404704531842 90.13686 76.24326 -999.0 -999.0 -999.0 -999.0 -999.0 122.57326699093066 -21.936312675118224 122.52469363848371 -22.019148730895875 74.76392092983704 293.8949835058751 -999.0 6231.0 -999.0 -1 -999 {-999.0 -999.0 -999.0 -999.0 -999.0} "" -999.0 -999.0 -999.0 -999.0 -999 -999 "" "" "" "" 0 0 0.0 0.0 -999 ""
FIBERMAP 519 R-5C15 APOGEE 0 0 0 1 0 0 58.20188753625572 -95.04285472904749 143.1 108.33317018791445 26.144493806981348 229.31078 50.302193 -999.0 -999.0 -999.0 -999.0 -999.0 123.68925494502481 -22.295126529584845 123.64023841483441 -22.38029446505632 75.83677192698099 294.74250969569175 -999.0 16600.0 -999.0 2 -999 {-999.0 -999.0 -999.0 -999.0 -999.0} "" -999.0 -999.0 -999.0 -999.0 -999 -999 "" "" "" "" 0 0 0.0 0.0 -999 ""
FIBERMAP 519 R-5C15 BOSS 1 1 0 1 0 0 58.06841703306701 -94.33858901343397 143.1 107.62202259491531 26.234118417651594 229.31078 50.302193 123.6866544686274 -22.294839300852846 -1.718089 2.1678193 0.22001643 123.68693622896947 -22.29482195298011 123.63796966604838 -22.38001268528472 75.83482574411774 294.7391082290094 5400.0 5400.0 2016.0 1 281 {-999.0 13.715315 12.562115 12.099131 -999.0} sdss_psfmag_from_g3xp 13.302195 12.560137 11.724183 9.823 63050395995149117 996757943 bright_1x1 mwm_bin_gaia_sb_boss mwm_bin science 0 0 1.0209176540374756 0.0 -999 ""
FIBERMAP 519 R-5C15 METROLOGY 0 0 0 1 0 0 58.777898251166505 -94.56566517226311 143.1 108.05630423101316 26.839330981967755 229.31078 50.302193 -999.0 -999.0 -999.0 -999.0 -999.0 123.68837464473476 -22.292984592212406 123.63939911817397 -22.378170811729596 75.83501765871392 294.74833906936743 -999.0 6231.0 -999.0 -1 -999 {-999.0 -999.0 -999.0 -999.0 -999.0} "" -999.0 -999.0 -999.0 -999.0 -999 -999 "" "" "" "" 0 0 0.0 0.0 -999 ""
FIBERMAP 520 R+1C14 APOGEE 1 1 0 1 0 0 23.573508385007145 6.7536970834501115 143.1 0.8247686948855362 24.507027025269874 347.26886 80.67351 123.33663940429688 -22.301223189856117 -999.0 -999.0 -999.0 123.33664832050174 -22.30118947831614 123.28745391901327 -22.385600192379147 75.5585100624938 294.0530329589585 16000.0 16600.0 2015.5 2 121 {-999.0 -999.0 -999.0 -999.0 -999.0} "" -999.0 -999.0 -999.0 -999.0 27021603171079966 845457640 "" ops_sky_apogee_best ops_sky sky_apogee 0 0 0.0 0.0 -999 ""
FIBERMAP 520 R+1C14 BOSS 0 0 0 1 0 0 23.24886969093235 6.078848538931796 143.1 1.3670205446549835 23.9905689851729 347.26886 80.67351 -999.0 -999.0 -999.0 -999.0 -999.0 123.33838150407766 -22.30271060541876 123.2892356329209 -22.387152665105894 75.56071546586504 294.05098657156907 -999.0 5400.0 -999.0 1 101 {-999.0 -999.0 -999.0 -999.0 -999.0} "" -999.0 -999.0 -999.0 -999.0 -999 -999 "" "" "" "" 0 0 0.0 0.0 -999 ""
FIBERMAP 520 R+1C14 METROLOGY 0 0 0 1 0 0 22.82357781177779 6.696445125352707 143.1 0.6485780208391896 23.77587365916796 347.26886 80.67351 -999.0 -999.0 -999.0 -999.0 -999.0 123.33603910755546 -22.303373722722682 123.28687587836009 -22.387802765862673 75.55915867604512 294.04432474875637 -999.0 6231.0 -999.0 -1 -999 {-999.0 -999.0 -999.0 -999.0 -999.0} "" -999.0 -999.0 -999.0 -999.0 -999 -999 "" "" "" "" 0 0 0.0 0.0 -999 ""
FIBERMAP 521 R+12C7 APOGEE 0 0 0 1 0 0 -34.12782018476294 238.2250339620996 143.1 -237.1633714869979 40.80167845076103 154.62244 118.81591 -999.0 -999.0 -999.0 -999.0 -999.0 122.5582572729286 -22.25194993963321 122.50883686799438 -22.334687802691512 74.90845680129432 292.8211979569154 -999.0 16600.0 -999.0 2 -999 {-999.0 -999.0 -999.0 -999.0 -999.0} "" -999.0 -999.0 -999.0 -999.0 -999 -999 "" "" "" "" 0 0 0.0 0.0 -999 ""
FIBERMAP 521 R+12C7 BOSS 1 1 0 1 0 0 -34.16353170076633 238.9541174703461 143.1 -237.86806385283785 40.99195224744826 154.62244 118.81591 122.55586457884897 -22.25133109333941 -2.0903602 -8.566445 2.835709 122.55588819004156 -22.251337856989377 122.50652278102024 -22.33409904541884 74.90630274344011 292.819135620191 5400.0 5400.0 2016.0 1 162 {-999.0 17.109589 16.43857 16.215631 -999.0} sdss_psfmag_ps1 16.92881 16.660534 15.860782 14.652 63050395995356597 1096593566 bright_1x1 mwm_bin_vis_boss mwm_filler science 0 0 0.0 0.0 -999 ""
FIBERMAP 521 R+12C7 METROLOGY 0 0 0 1 0 0 -33.505207375988505 238.6395837264779 143.1 -237.366303011687 41.5215897328794 154.62244 118.81591 -999.0 -999.0 -999.0 -999.0 -999.0 122.55749684017366 -22.24973854843619 122.50812076837951 -22.332495411373493 74.90680399515368 292.8272869296066 -999.0 6231.0 -999.0 -1 -999 {-999.0 -999.0 -999.0 -999.0 -999.0} "" -999.0 -999.0 -999.0 -999.0 -999 -999 "" "" "" "" 0 0 0.0 0.0 -999 ""
FIBERMAP 522 R-4C13 APOGEE 0 0 0 1 0 0 38.28027549926553 -73.56202183202959 143.1 81.7670747485231 13.796590388354526 37.22937 92.904305 -999.0 -999.0 -999.0 -999.0 -999.0 123.60237487636361 -22.33293867273738 123.55322287391829 -22.41791519808635 75.78677527220518 294.4430393223324 -999.0 16600.0 -999.0 2 -999 {-999.0 -999.0 -999.0 -999.0 -999.0} "" -999.0 -999.0 -999.0 -999.0 -999 -999 "" "" "" "" 0 0 0.0 0.0 -999 ""
FIBERMAP 522 R-4C13 BOSS 1 1 0 1 0 0 38.747169599541465 -74.1368279246806 143.1 82.4575990581903 14.064030946770188 37.22937 92.904305 123.60467003528525 -22.33209349658204 -6.285777 6.3842764 0.5584642 123.60463722091119 -22.332082530381822 123.55553901698175 -22.417091635160926 75.78820047524361 294.45036100190845 5400.0 5400.0 2016.0 1 406 {-999.0 15.727689 15.385609 15.224321 -999.0} sdss_psfmag_ps1 15.64 15.333464 14.861935 13.886 63050395995149013 978538294 "" ops_std_boss ops_std standard_boss 0 0 0.0 0.0 -999 ""
FIBERMAP 522 R-4C13 METROLOGY 0 0 0 1 0 0 38.02740670885198 -74.26597892705092 143.1 82.35909788619217 13.339466704546282 37.22937 92.904305 -999.0 -999.0 -999.0 -999.0 -999.0 123.60434677405536 -22.334290182223505 123.55522853834924 -22.41929052380122 75.78907103934576 294.4420534086542 -999.0 6231.0 -999.0 -1 -999 {-999.0 -999.0 -999.0 -999.0 -999.0} "" -999.0 -999.0 -999.0 -999.0 -999 -999 "" "" "" "" 0 0 0.0 0.0 -999 ""
FIBERMAP 525 R+2C1 APOGEE 0 0 0 1 0 0 -275.8523983450159 21.16904612586964 143.1 -104.9890049540168 -255.95675363989773 291.03296 67.22062 -999.0 -999.0 -999.0 -999.0 -999.0 122.99089757954252 -23.14981669389316 122.93938182809495 -23.23336343218423 75.68250688389008 290.43677163545857 -999.0 16600.0 -999.0 2 4 {-999.0 -999.0 -999.0 -999.0 -999.0} "" -999.0 -999.0 -999.0 -999.0 -999 -999 "" ops_sky_apogee_best_unassigned ops_sky sky_apogee 0 0 0.0 0.0 -999 ""
FIBERMAP 525 R+2C1 BOSS 1 1 0 1 0 0 -276.61173327661436 21.156872355853654 143.1 -105.21097921579717 -256.682989846674 291.03296 67.22062 122.99018136535854 -23.151974637367434 -12.903476 11.467795 1.8033873 122.99012986954392 -23.151953358304894 122.93866139082621 -23.235522898492672 75.68289354780725 290.42777287302295 5400.0 5400.0 2016.0 1 4 {-999.0 17.505295 16.151808 15.683696 -999.0} sdss_psfmag_ps1 16.903809 16.097612 15.222963 13.419 63050395995095988 1075848445 bright_1x1 mwm_erosita_stars_boss mwm_erosita science 0 0 0.0 0.0 -999 ""
FIBERMAP 525 R+2C1 METROLOGY 0 0 0 1 0 0 -276.2141938198607 21.815953202580282 143.1 -105.71580549705588 -256.10201806174666 291.03296 67.22062 -999.0 -999.0 -999.0 -999.0 -999.0 122.988458401998 -23.150263600487747 122.93697841359466 -23.233822761260715 75.6807452213218 290.4310746804673 -999.0 6231.0 -999.0 -1 -999 {-999.0 -999.0 -999.0 -999.0 -999.0} "" -999.0 -999.0 -999.0 -999.0 -999 -999 "" "" "" "" 0 0 0.0 0.0 -999 ""
FIBERMAP 526 R+6C6 APOGEE 0 0 0 1 0 0 -117.39035580812092 110.18891166143065 143.1 -140.9496123187201 -77.80247394019325 170.0852 162.32008 -999.0 -999.0 -999.0 -999.0 -999.0 122.87173217320927 -22.61187493224563 122.82153637034213 -22.69524023663334 75.3358741064917 292.138103875876 -999.0 16600.0 -999.0 2 -999 {-999.0 -999.0 -999.0 -999.0 -999.0} "" -999.0 -999.0 -999.0 -999.0 -999 -999 "" "" "" "" 0 0 0.0 0.0 -999 ""
FIBERMAP 526 R+6C6 BOSS 1 1 0 1 0 0 -118.05878159247482 110.55276001856271 143.1 -141.50140203562606 -78.32655449805422 170.0852 162.32008 122.8698143525326 -22.613472807218308 -1.5782523 1.3892407 0.1029387 122.86980922997421 -22.613464440302465 122.81966190636012 -22.696852223037634 75.33512721235398 292.1292437034204 5400.0 5400.0 2016.0 1 56 {-999.0 13.665584 13.8401985 14.005412 -999.0} sdss_psfmag_from_g3xp 13.765427 13.73465 13.676064 13.681 63050395995330432 1068636374 bright_1x1 mwm_ob_core_boss_single mwm_ob science 0 0 0.0 0.0 -999 ""
FIBERMAP 526 R+6C6 METROLOGY 0 0 0 1 0 0 -117.42661395670974 110.93602849530406 143.1 -141.6716311620574 -77.6071735364562 170.0852 162.32008 -999.0 -999.0 -999.0 -999.0 -999.0 122.86924674572258 -22.611300193617968 122.81908954554365 -22.69467946174386 75.33362370700868 292.13578081496036 -999.0 6231.0 -999.0 -1 -999 {-999.0 -999.0 -999.0 -999.0 -999.0} "" -999.0 -999.0 -999.0 -999.0 -999 -999 "" "" "" "" 0 0 0.0 0.0 -999 ""
FIBERMAP 527 R0C23 APOGEE 1 1 0 1 0 0 207.5269961265849 11.136772842513155 143.1 53.23504580992426 200.88319113067797 60.135864 117.52756 123.5062579550128 -21.766626180051222 -0.8458469 -0.6959937 0.25552496 123.50623607899847 -21.76663633790926 123.4584620413176 -21.851486298001802 75.41654452151771 296.20298299931045 16000.0 16600.0 2016.0 2 84 {-999.0 14.123725 13.041937 12.591729 -999.0} sdss_psfmag_from_g3xp 13.742991 13.03452 12.218018 10.359 63050395995519225 1156066960 bright_1x1 mwm_galactic_core_dist_apogee_extra mwm_galactic science 0 0 0.0 0.0 -999 ""
FIBERMAP 527 R0C23 BOSS 0 0 0 1 0 0 208.25985176245047 11.154831352729577 143.1 53.44327632001212 201.5860428618846 60.135864 117.52756 -999.0 -999.0 -999.0 -999.0 -999.0 123.50686720640093 -21.76443717987152 123.4591497671372 -21.84931861626035 75.4159259909069 296.2116146626846 -999.0 5400.0 -999.0 1 257 {-999.0 -999.0 -999.0 -999.0 -999.0} "" -999.0 -999.0 -999.0 -999.0 -999 -999 "" "" "" "" 0 0 0.0 0.0 -999 ""
FIBERMAP 527 R0C23 METROLOGY 0 0 0 1 0 0 207.90458155573128 10.499712759801284 143.1 53.95733383537362 201.04650812659096 60.135864 117.52756 -999.0 -999.0 -999.0 -999.0 -999.0 123.50857463895233 -21.766039196720087 123.4608395483856 -21.850915616680282 75.41810502141564 296.20958141062385 -999.0 6231.0 -999.0 -1 -999 {-999.0 -999.0 -999.0 -999.0 -999.0} "" -999.0 -999.0 -999.0 -999.0 -999 -999 "" "" "" "" 0 0 0.0 0.0 -999 ""
FIBERMAP 529 R-10C15 APOGEE 1 1 0 1 0 0 149.04780218196245 -177.84472184284076 143.1 215.05998697810398 87.11421807239697 120.736275 25.044516 124.03619956571755 -22.108872527162788 -2.2872083 1.7401267 0.20103927 124.03619199414635 -22.108872492981547 123.98780351386046 -22.194807946542365 76.01469824447408 296.08249155034906 16000.0 16600.0 2016.0 2 228 {-999.0 14.347521 13.380006 12.982891 -999.0} sdss_psfmag_from_g3xp 14.027632 13.385859 12.616499 10.914 63050395995255454 1152662861 bright_1x1 mwm_galactic_core_dist_apogee_sparse mwm_galactic science 0 0 0.0 0.0 -999 ""
FIBERMAP 529 R-10C15 BOSS 0 0 0 1 0 0 149.6633920571352 -178.25469003145304 143.1 215.63940743211492 87.57384072898978 120.736275 25.044516 -999.0 -999.0 -999.0 -999.0 -999.0 124.03804599179819 -22.10743295479375 123.98971089597211 -22.193400852504283 76.01545110095586 296.09130068197544 -999.0 5400.0 -999.0 1 330 {-999.0 -999.0 -999.0 -999.0 -999.0} "" -999.0 -999.0 -999.0 -999.0 -999 -999 "" "" "" "" 0 0 0.0 0.0 -999 ""
FIBERMAP 529 R-10C15 METROLOGY 0 0 0 1 0 0 148.99005538993754 -178.58420509310955 143.1 215.74582844339912 86.83182182389892 120.736275 25.044516 -999.0 -999.0 -999.0 -999.0 -999.0 124.03846584922907 -22.109669269217992 123.99011149463195 -22.195629725900133 76.01694615876289 296.08428971274554 -999.0 6231.0 -999.0 -1 -999 {-999.0 -999.0 -999.0 -999.0 -999.0} "" -999.0 -999.0 -999.0 -999.0 -999 -999 "" "" "" "" 0 0 0.0 0.0 -999 ""
FIBERMAP 530 R+6C5 APOGEE 1 1 0 1 0 0 -123.49389076715029 121.23514986618748 143.1 -153.33721811924812 -80.21224539335779 13.786267 125.54749 122.8311846178322 -22.619101797979937 -3.6449986 1.8402797 0.3136256 122.83115267257958 -22.619090745350114 122.78091986790764 -22.702367366279173 75.30637025300297 292.0427072123605 16000.0 16600.0 2016.0 2 30 {-999.0 12.8533 11.574766 11.050949 -999.0} sdss_psfmag_from_g3xp 12.361761 11.549097 10.670013 8.673 63050395995330681 1152663014 bright_1x1 mwm_galactic_core_dist_apogee_sparse mwm_galactic science 0 0 0.0 0.0 -999 ""
FIBERMAP 530 R+6C5 BOSS 0 0 0 1 0 0 -122.91834426415468 120.76387695814996 143.1 -152.71178406797267 -79.80957938883707 13.786267 125.54749 -999.0 -999.0 -999.0 -999.0 -999.0 122.83308530613445 -22.617878526207353 122.78291003072928 -22.701186349088772 75.30741938339378 292.0502548840805 -999.0 5400.0 -999.0 1 50 {-999.0 -999.0 -999.0 -999.0 -999.0} "" -999.0 -999.0 -999.0 -999.0 -999 -999 "" "" "" "" 0 0 0.0 0.0 -999 ""
FIBERMAP 530 R+6C5 METROLOGY 0 0 0 1 0 0 -123.62039165899469 120.49450504087126 143.1 -152.67141892617755 -80.56041705179135 13.786267 125.54749 -999.0 -999.0 -999.0 -999.0 -999.0 122.83321322380543 -22.620171183573994 122.78301698365459 -22.7034713430691 75.30859722637094 292.04252484059396 -999.0 6231.0 -999.0 -1 -999 {-999.0 -999.0 -999.0 -999.0 -999.0} "" -999.0 -999.0 -999.0 -999.0 -999 -999 "" "" "" "" 0 0 0.0 0.0 -999 ""
FIBERMAP 531 R-4C14 APOGEE 0 0 0 1 0 0 66.24679392290014 -74.35479296072873 143.1 91.12336333057516 40.1623235215837 76.11185 30.526363 -999.0 -999.0 -999.0 -999.0 -999.0 123.63265401188828 -22.252803382058907 123.58371772681545 -22.337856043663706 75.7701364785852 294.7818380965376 -999.0 16600.0 -999.0 2 -999 {-999.0 -999.0 -999.0 -999.0 -999.0} "" -999.0 -999.0 -999.0 -999.0 -999 -999 "" "" "" "" 0 0 0.0 0.0 -999 ""
FIBERMAP 531 R-4C14 BOSS 1 1 0 1 0 0 66.48847991910262 -75.02944000916649 143.1 91.83961444348257 40.18477391013048 76.11185 30.526363 123.6350344597887 -22.25269604468945 -2.7304363 5.117587 1.2289617 123.63500498192643 -22.252676387974716 123.58612056178072 -22.33776200416097 75.77199593138508 294.7868056972826 5400.0 5400.0 2016.0 1 270 {-999.0 17.581436 16.983248 16.726639 -999.0} sdss_psfmag_ps1 17.378862 17.318256 16.276964 15.005 63050395995150175 1094293313 bright_1x1 mwm_bin_vis_boss mwm_filler science 0 0 0.0 0.0 -999 ""
FIBERMAP 531 R-4C14 METROLOGY 0 0 0 1 0 0 65.74527460189498 -74.9097493441091 143.1 91.4971350177905 39.51444376138884 76.11185 30.526363 -999.0 -999.0 -999.0 -999.0 -999.0 123.6339170524113 -22.254718973099962 123.58501269567068 -22.339794059804177 75.77215884838111 294.77756990727767 -999.0 6231.0 -999.0 -1 -999 {-999.0 -999.0 -999.0 -999.0 -999.0} "" -999.0 -999.0 -999.0 -999.0 -999 -999 "" "" "" "" 0 0 0.0 0.0 -999 ""
FIBERMAP 534 R-5C9 APOGEE 1 1 0 1 0 0 -78.15180544480761 -98.65067487402149 143.1 69.82606808443502 -104.70297711033083 268.12762 6.9987383 123.5645825033018 -22.69267400400042 -2.493258 4.1349926 0.4294634 123.56457025239602 -22.69264278533128 123.51449202817287 -22.777487719220794 75.93504651906935 293.09400965212194 16000.0 16600.0 2016.0 2 266 {-999.0 13.202965 12.418225 12.115897 -999.0} sdss_psfmag_from_g3xp 12.975784 12.446545 11.763836 10.362 63050395995133777 1110301807 bright_1x1 mwm_tess_rgb_apogee mwm_tessrgb science 0 0 0.0 0.0 -999 ""
FIBERMAP 534 R-5C9 BOSS 0 0 0 1 0 0 -78.21306478531746 -97.9114732005872 143.1 69.10389045221457 -104.5338993901462 268.12762 6.9987383 -999.0 -999.0 -999.0 -999.0 -999.0 123.56218202182986 -22.692167189063927 123.51215471967743 -22.77703332946743 75.93294429444477 293.09130744993803 -999.0 5400.0 -999.0 1 361 {-999.0 -999.0 -999.0 -999.0 -999.0} "" -999.0 -999.0 -999.0 -999.0 -999 -999 "" "" "" "" 0 0 0.0 0.0 -999 ""
FIBERMAP 534 R-5C9 METROLOGY 0 0 0 1 0 0 -77.52764773270289 -98.22291387561728 143.1 69.61104152226596 -103.97753235321443 268.12762 6.9987383 -999.0 -999.0 -999.0 -999.0 -999.0 123.56386603766043 -22.69049198305053 123.51382936033849 -22.77535453183477 75.93347084897847 293.10043831870405 -999.0 6231.0 -999.0 -1 -999 {-999.0 -999.0 -999.0 -999.0 -999.0} "" -999.0 -999.0 -999.0 -999.0 -999 -999 "" "" "" "" 0 0 0.0 0.0 -999 ""
FIBERMAP 536 R+4C9 APOGEE 1 1 0 1 0 0 -71.11779034135246 63.737355386844456 143.1 -82.51931515929742 -48.06270487324186 264.71628 107.01195 123.06335449218749 -22.521885074655117 -999.0 -999.0 -999.0 123.06334491288727 -22.52186100428571 123.01346615866066 -22.60565243040906 75.44771733399462 292.788306819219 16000.0 16600.0 2015.5 2 40 {-999.0 -999.0 -999.0 -999.0 -999.0} "" -999.0 -999.0 -999.0 -999.0 27021603171079849 848511868 "" ops_sky_apogee_best ops_sky sky_apogee 0 0 0.0 0.0 -999 ""
FIBERMAP 536 R+4C9 BOSS 0 0 0 1 0 0 -71.85249148109433 63.58228364828624 143.1 -82.59774800539061 -48.80945529456924 264.71628 107.01195 -999.0 -999.0 -999.0 -999.0 -999.0 123.0629865258029 -22.524127656467105 123.01315451348222 -22.607945101913206 75.44858279886122 292.7797798667225 -999.0 5400.0 -999.0 1 66 {-999.0 -999.0 -999.0 -999.0 -999.0} "" -999.0 -999.0 -999.0 -999.0 -999 -999 "" "" "" "" 0 0 0.0 0.0 -999 ""
FIBERMAP 536 R+4C9 METROLOGY 0 0 0 1 0 0 -71.61301045724834 64.2941934387904 143.1 -83.20145580041728 -48.36262369722199 264.71628 107.01195 -999.0 -999.0 -999.0 -999.0 -999.0 123.0610090214276 -22.522783779368268 123.01116459486462 -22.606589472717687 75.44631814112707 292.7809311579174 -999.0 6231.0 -999.0 -1 -999 {-999.0 -999.0 -999.0 -999.0 -999.0} "" -999.0 -999.0 -999.0 -999.0 -999 -999 "" "" "" "" 0 0 0.0 0.0 -999 ""
FIBERMAP 537 R-10C13 APOGEE 0 0 0 1 0 0 79.88613320501442 -176.3996797002602 143.1 192.41221066307133 21.752761508581795 172.17532 51.583233 -999.0 -999.0 -999.0 -999.0 -999.0 123.96418481370301 -22.307128786771667 123.9152664203304 -22.392882780469602 76.06124727797621 295.2374429889649 -999.0 16600.0 -999.0 2 -999 {-999.0 -999.0 -999.0 -999.0 -999.0} "" -999.0 -999.0 -999.0 -999.0 -999 -999 "" "" "" "" 0 0 0.0 0.0 -999 ""
FIBERMAP 537 R-10C13 BOSS 1 1 0 1 0 0 80.51276991897423 -175.8547371515773 143.1 192.0864507284454 22.51660785953668 172.17532 51.583233 123.96318278449482 -22.3048384289787 -11.611908 20.579992 1.6405581 123.96311793189622 -22.304785674583947 123.91425416701014 -22.39056528721073 76.05924657656259 295.24366120247174 5400.0 5400.0 2016.0 1 378 {-999.0 21.370316 19.793554 18.583155 -999.0} sdss_psfmag_ps1 20.911806 19.264154 18.112238 16.341 63050395995147064 1094611301 bright_1x1 mwm_bin_vis_boss mwm_filler science 0 0 0.0 0.0 -999 ""
FIBERMAP 537 R-10C13 METROLOGY 0 0 0 1 0 0 80.6066646787119 -176.6005095093211 143.1 192.82491828379455 22.376561057820933 172.17532 51.583233 -999.0 -999.0 -999.0 -999.0 -999.0 123.96557150456 -22.305201289184417 123.91669388402141 -22.390978266640463 76.06139017166879 295.2470440196987 -999.0 6231.0 -999.0 -1 -999 {-999.0 -999.0 -999.0 -999.0 -999.0} "" -999.0 -999.0 -999.0 -999.0 -999 -999 "" "" "" "" 0 0 0.0 0.0 -999 ""
FIBERMAP 538 R+13C9 APOGEE 1 1 0 1 0 0 48.446863121881094 266.4765883139832 143.1 -238.64570949017738 128.05946890198302 99.54096 48.829247 122.55494281482956 -21.9882409729666 -15.813057 8.77601 2.5326395 122.5549190235158 -21.988206261851897 122.50616719845652 -22.070974066156754 74.77525493001787 293.6916850288128 16000.0 16600.0 2016.0 2 98 {-999.0 10.422589 10.258096 10.260357 -999.0} sdss_psfmag_from_g3xp 10.438781 10.253751 9.934951 9.472 63050395995395897 996654181 bright_1x1 mwm_bin_gaia_sb_apogee mwm_bin science 0 0 0.0 0.0 -999 ""
FIBERMAP 538 R+13C9 BOSS 0 0 0 1 0 0 49.064243827005484 266.0783141184382 143.1 -238.0768648071863 128.52439235255497 99.54096 48.829247 -999.0 -999.0 -999.0 -999.0 -999.0 122.55672337778248 -21.986775833641467 122.5080303805882 -22.06957712895853 74.77604372626445 293.69959133971736 -999.0 5400.0 -999.0 1 172 {-999.0 -999.0 -999.0 -999.0 -999.0} "" -999.0 -999.0 -999.0 -999.0 -999 -999 "" "" "" "" 0 0 0.0 0.0 -999 ""
FIBERMAP 538 R+13C9 METROLOGY 0 0 0 1 0 0 48.436607091222534 265.7391117587854 143.1 -237.94717007618024 127.82287637157312 99.54096 48.829247 -999.0 -999.0 -999.0 -999.0 -999.0 122.55709486111222 -21.988876078656396 122.50838127888017 -22.07166955106786 74.77737796661684 293.69332921722986 -999.0 6231.0 -999.0 -1 -999 {-999.0 -999.0 -999.0 -999.0 -999.0} "" -999.0 -999.0 -999.0 -999.0 -999 -999 "" "" "" "" 0 0 0.0 0.0 -999 ""
FIBERMAP 539 R-12C10 APOGEE 0 0 0 1 0 0 56.221881463364085 -230.69335590138488 143.1 236.79285654652102 -17.463022794402853 358.05637 128.63354 -999.0 -999.0 -999.0 -999.0 -999.0 124.10964224944516 -22.424962400024306 124.06049702568191 -22.511010105061548 76.23718840106537 295.1044001961344 -999.0 16600.0 -999.0 2 -999 {-999.0 -999.0 -999.0 -999.0 -999.0} "" -999.0 -999.0 -999.0 -999.0 -999 -999 "" "" "" "" 0 0 0.0 0.0 -999 ""
FIBERMAP 539 R-12C10 BOSS 1 1 0 1 0 0 56.63886737850776 -231.23947209431654 143.1 237.44073216560773 -17.23424437989037 358.05637 128.63354 124.11176919324289 -22.424254583110052 -4.264367 3.376302 0.32281488 124.11172715884909 -22.424229393618152 124.06263349503467 -22.51030869830416 76.23851892105193 295.1112005797779 5400.0 5400.0 2016.0 1 368 {-999.0 16.312311 16.053616 15.960472 -999.0} sdss_psfmag_ps1 16.270605 16.018675 15.595286 14.817 63050395995129684 979855604 "" ops_std_boss ops_std standard_boss 0 0 0.0 0.0 -999 ""
FIBERMAP 539 R-12C10 METROLOGY 0 0 0 1 0 0 55.94786822589808 -231.38935515604646 143.1 237.37080432037547 -17.937817306303142 358.05637 128.63354 -999.0 -999.0 -999.0 -999.0 -999.0 124.11157241288164 -22.426370887102546 124.06245949623502 -22.51244188906258 76.23947979286893 295.10316560124556 -999.0 6231.0 -999.0 -1 -999 {-999.0 -999.0 -999.0 -999.0 -999.0} "" -999.0 -999.0 -999.0 -999.0 -999 -999 "" "" "" "" 0 0 0.0 0.0 -999 ""
FIBERMAP 540 R-12C4 APOGEE 0 0 0 1 0 0 -77.21682709801313 -227.56809025217368 143.1 192.77595512515063 -143.4659727327852 25.993202 114.67194 -999.0 -999.0 -999.0 -999.0 -999.0 123.96817490793207 -22.807239534438477 123.9179999163349 -22.892931832510147 76.31579049515182 293.4343169775781 -999.0 16600.0 -999.0 2 -999 {-999.0 -999.0 -999.0 -999.0 -999.0} "" -999.0 -999.0 -999.0 -999.0 -999 -999 "" "" "" "" 0 0 0.0 0.0 -999 ""
FIBERMAP 540 R-12C4 BOSS 1 1 0 1 0 0 -76.62839084061329 -228.01950662038413 143.1 193.3864607313153 -143.04493488470584 25.993202 114.67194 123.97019895848216 -22.80595043666615 -3.1177628 2.915177 0.3862897 123.97014015548635 -22.805940574867726 123.92001875227777 -22.891662911310927 76.31678669406837 293.44285210380815 5400.0 5400.0 2016.0 1 426 {-999.0 17.402868 17.02419 16.894466 -999.0} sdss_psfmag_ps1 17.320698 17.016098 16.564894 15.779 63050395995120678 979855316 "" ops_std_boss ops_std standard_boss 0 0 0.0 0.0 -999 ""
FIBERMAP 540 R-12C4 METROLOGY 0 0 0 1 0 0 -77.33401164699744 -228.30685002251545 143.1 193.44282626112255 -143.80470027202793 25.993202 114.67194 -999.0 -999.0 -999.0 -999.0 -999.0 123.9703817506934 -22.808263792858583 123.92024060993924 -22.89397904033261 76.31810287472223 293.43474894272254 -999.0 6231.0 -999.0 -1 -999 {-999.0 -999.0 -999.0 -999.0 -999.0} "" -999.0 -999.0 -999.0 -999.0 -999 -999 "" "" "" "" 0 0 0.0 0.0 -999 ""
FIBERMAP 541 R-13C2 APOGEE 1 1 0 1 0 0 -120.47089802756895 -266.91453950816975 143.1 216.90915240018782 -196.72358243478612 294.99823 103.14469 124.04756188900235 -22.966953841717395 -8.971713 3.8933146 1.4799304 124.04747605686242 -22.966948553407118 123.9969360594825 -23.052787632468466 76.45721847016884 292.992091981503 16000.0 16600.0 2016.0 2 155 {-999.0 10.863963 10.97041 11.089417 -999.0} sdss_psfmag_from_g3xp 10.963972 10.899723 10.765304 10.536 63050395995110782 975250401 "" ops_std_apogee ops_std standard_apogee 0 0 0.0 0.0 -999 ""
FIBERMAP 541 R-13C2 BOSS 0 0 0 1 0 0 -121.06934215768983 -267.3913542715663 143.1 217.17876164588483 -197.43964926967297 294.99823 103.14469 -999.0 -999.0 -999.0 -999.0 -999.0 124.04827839352757 -22.969040093981896 123.99778261152647 -23.054905601129146 76.45892569119849 292.98578943278744 -999.0 5400.0 -999.0 1 436 {-999.0 -999.0 -999.0 -999.0 -999.0} "" -999.0 -999.0 -999.0 -999.0 -999 -999 "" "" "" "" 0 0 0.0 0.0 -999 ""
FIBERMAP 541 R-13C2 METROLOGY 0 0 0 1 0 0 -121.1672140382757 -266.6539321704419 143.1 216.4470159015943 -197.30595500198226 294.99823 103.14469 -999.0 -999.0 -999.0 -999.0 -999.0 124.04595417266445 -22.968713694596985 123.99544416679197 -23.054567204039472 76.45687923822376 292.9826043297205 -999.0 6231.0 -999.0 -1 -999 {-999.0 -999.0 -999.0 -999.0 -999.0} "" -999.0 -999.0 -999.0 -999.0 -999 -999 "" "" "" "" 0 0 0.0 0.0 -999 ""
FIBERMAP 542 R+1C25 APOGEE 0 0 0 1 1 0 261.41197478767583 31.603989985255424 143.1 50.33492509674196 258.4489918130895 71.77217 119.602585 -999.0 -999.0 -999.0 -999.0 -999.0 123.49589147442494 -21.593495022265543 123.44854560696194 -21.678347114070366 75.31559664781702 296.76095637609103 -999.0 16600.0 -999.0 2 -999 {-999.0 -999.0 -999.0 -999.0 -999.0} "" -999.0 -999.0 -999.0 -999.0 -999 -999 "" "" "" "" 0 0 0.0 0.0 -999 ""
FIBERMAP 542 R+1C25 BOSS 1 0 0 1 1 0 262.1601198366063 31.767150146889705 143.1 50.4097970697852 259.2110216903215 71.77217 119.602585 123.56593746938577 -21.649328264575768 -1.488325 -10.619048 1.4554197 123.49607221239069 -21.59117629484364 123.44878302668775 -21.676059579221874 75.3145415948731 296.76901013063576 5400.0 5400.0 2016.0 1 192 {-999.0 21.292187 19.777113 18.440023 -999.0} sdss_psfmag_ps1 20.786886 19.114645 17.932716 15.516 63050395995520892 1096377521 bright_1x1 mwm_bin_vis_boss mwm_filler science 0 0 0.0 0.0 -999 ""
FIBERMAP 542 R+1C25 METROLOGY 0 0 0 1 1 0 261.9078773443844 31.04400885071072 143.1 51.02026622333257 258.74859321168003 71.77217 119.602585 -999.0 -999.0 -999.0 -999.0 -999.0 123.49808919166708 -21.59252049188144 123.45078313459402 -21.677399272361278 75.31682973376792 296.7685461088887 -999.0 6231.0 -999.0 -1 -999 {-999.0 -999.0 -999.0 -999.0 -999.0} "" -999.0 -999.0 -999.0 -999.0 -999 -999 "" "" "" "" 0 0 0.0 0.0 -999 ""
FIBERMAP 545 R-11C6 APOGEE 1 1 0 1 0 0 -40.50318446635849 -216.7328354411319 143.1 193.75886630645087 -105.20096304357916 8.738955 94.952515 123.97097640183993 -22.691590608957533 -3.2628646 3.6932447 0.2600391 123.97091533766773 -22.691580406488743 123.9210334904227 -22.777294797086462 76.26103506244142 293.8641718144478 16000.0 16600.0 2016.0 2 171 {-999.0 12.600122 11.6216135 11.227375 -999.0} sdss_psfmag_from_g3xp 12.275732 11.633669 10.863149 9.196 63050395995125521 1152662489 bright_1x1 mwm_galactic_core_dist_apogee_sparse mwm_galactic science 0 0 0.0 0.0 -999 ""
FIBERMAP 545 R-11C6 BOSS 0 0 0 1 0 0 -40.30924053452614 -217.43513813107688 143.1 194.48674662663018 -105.23244462356178 8.738955 94.952515 -999.0 -999.0 -999.0 -999.0 -999.0 123.973285878265 -22.691650037250504 123.92345430964087 -22.777395571441172 76.26302116904775 293.8684815392827 -999.0 5400.0 -999.0 1 413 {-999.0 -999.0 -999.0 -999.0 -999.0} "" -999.0 -999.0 -999.0 -999.0 -999 -999 "" "" "" "" 0 0 0.0 0.0 -999 ""
FIBERMAP 545 R-11C6 METROLOGY 0 0 0 1 0 0 -41.02629488139225 -217.27053171476962 143.1 194.10957432894003 -105.86407740168018 8.738955 94.952515 -999.0 -999.0 -999.0 -999.0 -999.0 123.97210864303626 -22.69359408396277 123.92225763594723 -22.779329432771377 76.26302656743263 293.8591055593433 -999.0 6231.0 -999.0 -1 -999 {-999.0 -999.0 -999.0 -999.0 -999.0} "" -999.0 -999.0 -999.0 -999.0 -999 -999 "" "" "" "" 0 0 0.0 0.0 -999 ""
FIBERMAP 549 R+8C4 APOGEE 0 0 0 1 0 0 -124.52494192700826 154.09031863623747 143.1 -184.91537681379006 -71.08762843814463 325.31204 141.83737 -999.0 -999.0 -999.0 -999.0 -999.0 122.72782817796647 -22.59117980260921 122.677619381348 -22.6742369696584 75.20919103900428 291.96113304532315 -999.0 16600.0 -999.0 2 -999 {-999.0 -999.0 -999.0 -999.0 -999.0} "" -999.0 -999.0 -999.0 -999.0 -999 -999 "" "" "" "" 0 0 0.0 0.0 -999 ""
FIBERMAP 549 R+8C4 BOSS 1 1 0 1 0 0 -124.27395224834788 153.43898911460514 143.1 -184.218450214173 -71.04915374526179 325.31204 141.83737 122.7297619210655 -22.59106447991039 -8.417027 -4.3723335 3.8055415 122.7299951787897 -22.591063464738145 122.67984159708271 -22.674152338274016 75.21095293468034 291.9652551721571 5400.0 5400.0 2016.0 1 58 {-999.0 13.532623 12.759601 12.525551 -999.0} sdss_psfmag_from_g3xp 13.3117485 12.820763 12.17859 10.996 63050395995334614 996713009 bright_1x1 mwm_bin_gaia_sb_boss mwm_bin science 0 0 0.8796553611755371 0.0 -999 ""
FIBERMAP 549 R+8C4 METROLOGY 0 0 0 1 0 0 -125.02922236389266 153.53787003430986 143.1 -184.54484049783457 -71.73736399696226 325.31204 141.83737 -999.0 -999.0 -999.0 -999.0 -999.0 122.72891568097425 -22.59316184775045 122.67874097145375 -22.676240432813216 75.21105604637175 291.95616770716447 -999.0 6231.0 -999.0 -1 -999 {-999.0 -999.0 -999.0 -999.0 -999.0} "" -999.0 -999.0 -999.0 -999.0 -999 -999 "" "" "" "" 0 0 0.0 0.0 -999 ""
FIBERMAP 551 R-1C12 APOGEE 0 0 0 1 0 0 -14.287681786648854 -16.90281920784879 143.1 11.688063308209045 -18.79343335968617 54.265373 60.52943 -999.0 -999.0 -999.0 -999.0 -999.0 123.3726744094443 -22.432605071706842 123.3231645002225 -22.51707471772737 75.65296029822832 293.66190294165074 -999.0 16600.0 -999.0 2 -999 {-999.0 -999.0 -999.0 -999.0 -999.0} "" -999.0 -999.0 -999.0 -999.0 -999 -999 "" "" "" "" 0 0 0.0 0.0 -999 ""
FIBERMAP 551 R-1C12 BOSS 1 1 0 1 0 0 -13.969429487493848 -17.59112487603225 143.1 12.440860696936818 -18.702332825779123 54.265373 60.52943 123.37509155273436 -22.432317125402065 -999.0 -999.0 -999.0 123.37510416391804 -22.432307357682202 123.3256476061539 -22.516809591771562 75.65481704784979 293.6674430080923 5400.0 5400.0 2015.5 1 507 {-999.0 -999.0 -999.0 -999.0 -999.0} "" -999.0 -999.0 -999.0 -999.0 27021603171068947 814744991 "" ops_sky_boss_good ops_sky sky_boss 0 0 0.0 0.0 -999 ""
FIBERMAP 551 R-1C12 METROLOGY 0 0 0 1 0 0 -14.712216647904963 -17.51866689061974 143.1 12.14345082486861 -19.386793004003664 54.265373 60.52943 -999.0 -999.0 -999.0 -999.0 -999.0 123.37414830169276 -22.434397980657213 123.32467143054009 -22.518890117854163 75.65507167756387 293.658348758382 -999.0 6231.0 -999.0 -1 -999 {-999.0 -999.0 -999.0 -999.0 -999.0} "" -999.0 -999.0 -999.0 -999.0 -999 -999 "" "" "" "" 0 0 0.0 0.0 -999 ""
FIBERMAP 553 R+3C6 APOGEE 0 0 0 1 0 0 -130.37077499533498 60.202303199671285 143.1 -97.38090504272826 -105.52803409985069 25.176687 98.51534 -999.0 -999.0 -999.0 -999.0 -999.0 123.01476559245336 -22.696084315631385 122.9644211233392 -22.779746468005506 75.49201760457603 292.09342265011514 -999.0 16600.0 -999.0 2 -999 {-999.0 -999.0 -999.0 -999.0 -999.0} "" -999.0 -999.0 -999.0 -999.0 -999 -999 "" "" "" "" 0 0 0.0 0.0 -999 ""
FIBERMAP 553 R+3C6 BOSS 1 1 0 1 0 0 -129.96369340431036 59.58566476070798 143.1 -96.66897532402896 -105.33037078511164 25.176687 98.51534 123.01702083932112 -22.695503044279167 -0.9555716 1.2732785 0.04984862 123.01700176798163 -22.69550972854077 122.9667126850157 -22.77920326423672 75.4936151444054 292.09935309680407 5400.0 5400.0 2016.0 1 40 {-999.0 15.122656 15.28054 15.44437 -999.0} sdss_psfmag_ps1 15.166988 15.130644 15.070327 14.943 63050395995328970 1068542173 bright_1x1 mwm_ob_core_boss_single mwm_ob science 0 0 0.0 0.0 -999 ""
FIBERMAP 553 R+3C6 METROLOGY 0 0 0 1 0 0 -130.7021626670713 59.531721043766964 143.1 -96.84478843565286 -106.04960139316184 25.176687 98.51534 -999.0 -999.0 -999.0 -999.0 -999.0 123.01643110562733 -22.697707363146375 122.96612117297497 -22.78139184872811 75.494180176714 292.09063557774425 -999.0 6231.0 -999.0 -1 -999 {-999.0 -999.0 -999.0 -999.0 -999.0} "" -999.0 -999.0 -999.0 -999.0 -999 -999 "" "" "" "" 0 0 0.0 0.0 -999 ""
FIBERMAP 555 R-12C1 APOGEE 0 0 0 1 0 0 -161.066129572045 -245.82222288480347 143.1 184.35389996684577 -228.86151575894894 256.53168 113.18982 -999.0 -999.0 -999.0 -999.0 -999.0 123.94129809407693 -23.06469252003849 123.89045859139378 -23.150291264605197 76.41817052216487 292.42677337690907 -999.0 16600.0 -999.0 2 249 {-999.0 -999.0 -999.0 -999.0 -999.0} "" -999.0 -999.0 -999.0 -999.0 -999 -999 "" ops_sky_apogee_best_unassigned ops_sky sky_apogee 0 0 0.0 0.0 -999 ""
FIBERMAP 555 R-12C1 BOSS 1 1 0 1 0 0 -161.79839543270887 -245.93893175063675 143.1 184.23971467245653 -229.5941493527343 256.53168 113.18982 123.94088745117186 -23.06685929718313 -999.0 -999.0 -999.0 123.94084935271309 -23.066838804860225 123.89005372741804 -23.152460972616236 76.4188771193977 292.41789483331354 5400.0 5400.0 2015.5 1 517 {-999.0 -999.0 -999.0 -999.0 -999.0} "" -999.0 -999.0 -999.0 -999.0 27021603171067221 823344854 "" ops_sky_boss_good ops_sky sky_boss 0 0 0.0 0.0 -999 ""
FIBERMAP 555 R-12C1 METROLOGY 0 0 0 1 0 0 -161.54153628769058 -245.24518946205674 143.1 183.65863807500807 -229.13637081269727 256.53168 113.18982 -999.0 -999.0 -999.0 -999.0 -999.0 123.93900407037606 -23.065540160113304 123.88819679857437 -23.151151578952927 76.41675212182608 292.4193329267109 -999.0 6231.0 -999.0 -1 -999 {-999.0 -999.0 -999.0 -999.0 -999.0} "" -999.0 -999.0 -999.0 -999.0 -999 -999 "" "" "" "" 0 0 0.0 0.0 -999 ""
FIBERMAP 557 R+4C13 APOGEE 0 0 0 1 0 0 12.276013411742735 92.9343995350955 143.1 -84.64932124623459 40.26527720749042 160.69887 72.73949 -999.0 -999.0 -999.0 -999.0 -999.0 123.05619844016066 -22.253759366894222 123.00699633347244 -22.337573125371815 75.31011654084132 293.7000737239347 -999.0 16600.0 -999.0 2 -999 {-999.0 -999.0 -999.0 -999.0 -999.0} "" -999.0 -999.0 -999.0 -999.0 -999 -999 "" "" "" "" 0 0 0.0 0.0 -999 ""
FIBERMAP 557 R+4C13 BOSS 1 1 0 1 0 0 12.704660920907896 93.54792556801706 143.1 -85.10123478586549 40.861835856367534 160.69887 72.73949 123.05460527990799 -22.25195361911844 -2.4451497 2.1269126 0.16590118 123.05461241842848 -22.251898893753477 123.00546692735446 -22.33573764519493 75.30797306270838 293.7035466467976 5400.0 5400.0 2016.0 1 112 {-999.0 18.701796 18.146763 18.0763 -999.0} sdss_psfmag_ps1 18.506979 18.180565 17.699707 -999.0 63050395995373123 979857579 "" ops_std_boss ops_std standard_boss 0 0 0.0 0.0 -999 ""
FIBERMAP 557 R+4C13 METROLOGY 0 0 0 1 0 0 13.020770465740378 92.8648643115261 143.1 -84.35408641998637 40.952510686887436 160.69887 72.73949 -999.0 -999.0 -999.0 -999.0 -999.0 123.05706741874054 -22.25162571686031 123.00790880921454 -22.33546182122019 75.30979016811298 293.7089471403816 -999.0 6231.0 -999.0 -1 -999 {-999.0 -999.0 -999.0 -999.0 -999.0} "" -999.0 -999.0 -999.0 -999.0 -999 -999 "" "" "" "" 0 0 0.0 0.0 -999 ""
FIBERMAP 558 R+4C15 APOGEE 1 1 0 1 0 0 72.70922083192245 83.06134438030269 143.1 -56.667174617595265 94.72947903998438 331.30383 170.1044 123.14783248360943 -22.08843242724254 -2.0589674 2.799808 0.17451958 123.14781074595187 -22.088431404640534 123.0990677354622 -22.17246580105756 75.30014680730928 294.4314670442601 16000.0 16600.0 2016.0 2 67 {-999.0 13.584214 11.998354 10.787594 -999.0} sdss_psfmag_from_g3xp 12.9205265 11.503445 10.344941 7.71 63050395995382867 1152662968 bright_1x1 mwm_galactic_core_dist_apogee_sparse mwm_galactic science 0 0 0.0 0.0 -999 ""
FIBERMAP 558 R+4C15 BOSS 0 0 0 1 0 0 73.29439586017551 82.62769924131028 143.1 -56.07458106912237 95.1528799955645 331.30383 170.1044 -999.0 -999.0 -999.0 -999.0 -999.0 123.14966530567057 -22.087064994666573 123.10097880015866 -22.171132313123916 75.30098722411745 294.43954727678886 -999.0 5400.0 -999.0 1 220 {-999.0 -999.0 -999.0 -999.0 -999.0} "" -999.0 -999.0 -999.0 -999.0 -999 -999 "" "" "" "" 0 0 0.0 0.0 -999 ""
FIBERMAP 558 R+4C15 METROLOGY 0 0 0 1 0 0 72.6190042611199 82.32425971298487 143.1 -55.993602457703545 94.41692621546255 331.30383 170.1044 -999.0 -999.0 -999.0 -999.0 -999.0 123.14994042230994 -22.089294730636134 123.10123361423354 -22.173354178106123 75.30232492766505 294.4324938370238 -999.0 6231.0 -999.0 -1 -999 {-999.0 -999.0 -999.0 -999.0 -999.0} "" -999.0 -999.0 -999.0 -999.0 -999 -999 "" "" "" "" 0 0 0.0 0.0 -999 ""
FIBERMAP 560 R+6C18 APOGEE 0 0 0 1 0 0 155.43394075144934 105.5806048306302 143.1 -52.649202798126694 180.3668788808392 244.3833 134.23888 -999.0 -999.0 -999.0 -999.0 -999.0 123.16086999644187 -21.829274879108542 123.1127854943885 -21.9133738457283 75.17703620032881 295.32761288392066 -999.0 16600.0 -999.0 2 -999 {-999.0 -999.0 -999.0 -999.0 -999.0} "" -999.0 -999.0 -999.0 -999.0 -999 -999 "" "" "" "" 0 0 0.0 0.0 -999 ""
FIBERMAP 560 R+6C18 BOSS 1 1 0 1 0 0 154.7341762566512 105.34108131912105 143.1 -52.63653563104488 179.6273941675758 244.3833 134.23888 123.16082832633663 -21.83136785168007 3.8367696 2.9111655 3.0637236 123.16084102076397 -21.83141989227589 123.11280323151561 -21.915548200461362 75.178188535506 295.32040492007957 5400.0 5400.0 2016.0 1 211 {-999.0 18.183104 17.528894 17.22184 -999.0} sdss_psfmag_ps1 17.936594 17.696405 16.882393 15.579 63050395995400964 1096167593 bright_1x1 mwm_bin_vis_boss mwm_filler science 0 0 0.0 0.0 -999 ""
FIBERMAP 560 R+6C18 METROLOGY 0 0 0 1 0 0 154.87103676565437 106.07318712788846 143.1 -53.291023696816275 179.98279634825118 244.3833 134.23888 -999.0 -999.0 -999.0 -999.0 -999.0 123.15871186907727 -21.83033604621865 123.11066109921518 -21.914451508124817 75.1759211496324 295.3199910527959 -999.0 6231.0 -999.0 -1 -999 {-999.0 -999.0 -999.0 -999.0 -999.0} "" -999.0 -999.0 -999.0 -999.0 -999 -999 "" "" "" "" 0 0 0.0 0.0 -999 ""
FIBERMAP 562 R+5C17 APOGEE 0 0 0 1 0 0 110.21907209808336 113.1284526783075 143.1 -73.73808279381116 139.66742691875191 186.41673 45.162117 -999.0 -999.0 -999.0 -999.0 -999.0 123.09197352866894 -21.952421693307272 123.04354853975099 -22.03635495009283 75.18612173526441 294.78633372819706 -999.0 16600.0 -999.0 2 -999 {-999.0 -999.0 -999.0 -999.0 -999.0} "" -999.0 -999.0 -999.0 -999.0 -999 -999 "" "" "" "" 0 0 0.0 0.0 -999 ""
FIBERMAP 562 R+5C17 BOSS 1 1 0 1 0 0 110.73106034701658 113.74580594076578 143.1 -74.16800379717336 140.34445977545047 186.41673 45.162117 123.09047486655267 -21.950276748579398 3.6458488 -3.4106724 1.4902306 123.09048424417938 -21.95028860423582 123.0421163794349 -22.034248235212942 75.18389726142398 294.79071028491813 5400.0 5400.0 2016.0 1 214 {-999.0 14.367284 13.891597 13.742112 -999.0} sdss_psfmag_from_g3xp 14.26142 13.93123 13.377742 12.39 63050395995399921 1096004160 bright_1x1 mwm_bin_vis_boss mwm_filler science 0 0 0.0 0.0 -999 ""
FIBERMAP 562 R+5C17 METROLOGY 0 0 0 1 0 0 110.96083860249252 113.03211644559775 143.1 -73.41826718880132 140.3435714570173 186.41673 45.162117 -999.0 -999.0 -999.0 -999.0 -999.0 123.09293965214195 -21.950278424412623 123.04455804455324 -22.03423504802054 75.18582884766266 294.795324036667 -999.0 6231.0 -999.0 -1 -999 {-999.0 -999.0 -999.0 -999.0 -999.0} "" -999.0 -999.0 -999.0 -999.0 -999 -999 "" "" "" "" 0 0 0.0 0.0 -999 ""
FIBERMAP 563 R-1C20 APOGEE 1 1 0 1 0 0 136.32298411886367 -32.14228864017814 143.1 72.51315977281189 119.82218092921285 248.51987 99.39559 123.57050448181276 -22.011462216924397 -5.1610966 5.3332047 0.41821098 123.57047025236348 -22.011464910226 123.52211172112493 -22.096418216594348 75.59620263487024 295.49720877044035 16000.0 16600.0 2016.0 2 226 {-999.0 12.728495 12.008348 11.729443 -999.0} sdss_psfmag_from_g3xp 12.528516 12.035382 11.379742 10.049 63050395995380678 1105865680 bright_1x1 mwm_tess_rgb_apogee mwm_tessrgb science 0 0 0.0 0.0 -999 ""
FIBERMAP 563 R-1C20 BOSS 0 0 0 1 0 0 135.614482572633 -31.95955649558922 143.1 72.121371895449 119.20426110557294 248.51987 99.39559 -999.0 -999.0 -999.0 -999.0 -999.0 123.56918459736494 -22.013254780513613 123.52087163578733 -22.098233918654632 75.59617461254714 295.4885716136793 -999.0 5400.0 -999.0 1 325 {-999.0 -999.0 -999.0 -999.0 -999.0} "" -999.0 -999.0 -999.0 -999.0 -999 -999 "" "" "" "" 0 0 0.0 0.0 -999 ""
FIBERMAP 563 R-1C20 METROLOGY 0 0 0 1 0 0 136.1299185792053 -31.41468893868291 143.1 71.76148003657286 119.86227917360792 248.51987 99.39559 -999.0 -999.0 -999.0 -999.0 -999.0 123.56801977907921 -22.011259991914287 123.51969694390982 -22.096228746337534 75.59419735524303 295.49314743091475 -999.0 6231.0 -999.0 -1 -999 {-999.0 -999.0 -999.0 -999.0 -999.0} "" -999.0 -999.0 -999.0 -999.0 -999 -999 "" "" "" "" 0 0 0.0 0.0 -999 ""
FIBERMAP 564 R+1C4 APOGEE 0 0 0 1 0 0 -204.79440014122898 30.94417413194362 143.1 -92.43371714303959 -185.33986182851308 56.844917 112.03754 -999.0 -999.0 -999.0 -999.0 -999.0 123.03150889959166 -22.93743076072307 122.98055626241086 -23.0210950249947 75.61879858570256 291.267953490188 -999.0 16600.0 -999.0 2 -999 {-999.0 -999.0 -999.0 -999.0 -999.0} "" -999.0 -999.0 -999.0 -999.0 -999 -999 "" "" "" "" 0 0 0.0 0.0 -999 ""
FIBERMAP 564 R+1C4 BOSS 1 1 0 1 0 0 -204.0563420417721 30.835130526312987 143.1 -92.10295136718422 -184.67115431480102 56.844917 112.03754 123.03251753605595 -22.93541294261466 -2.7246935 -0.20957118 -0.7959388 123.03251259017486 -22.935436069918122 122.98161842085477 -23.01912834173966 75.61875000542378 291.27679387758883 5400.0 5400.0 2016.0 1 63 {-999.0 14.062071 14.129351 14.215799 -999.0} sdss_psfmag_from_g3xp 14.143097 14.076259 13.88764 13.577 63050395995103737 1068636365 bright_1x1 mwm_ob_core_boss_single mwm_ob science 0 0 0.0 0.0 -999 ""
FIBERMAP 564 R+1C4 METROLOGY 0 0 0 1 0 0 -204.52013057469884 30.248275847945543 143.1 -91.68722380811496 -185.29294532025563 56.844917 112.03754 -999.0 -999.0 -999.0 -999.0 -999.0 123.03388426795158 -22.937348158236567 122.98297086255701 -23.0210358688477 75.62073878543384 291.2723232173008 -999.0 6231.0 -999.0 -1 -999 {-999.0 -999.0 -999.0 -999.0 -999.0} "" -999.0 -999.0 -999.0 -999.0 -999 -999 "" "" "" "" 0 0 0.0 0.0 -999 ""
FIBERMAP 568 R-13C13 APOGEE 1 1 0 1 0 0 121.3095484584881 -261.0020433838878 143.1 285.6507182332424 35.144180987540174 215.04489 152.84315 124.26667068141221 -22.264789983022457 -1.3786793 0.059724394 0.495694 124.26669552758646 -22.264731638397095 124.21802575071689 -22.351136236088234 76.27817381943687 295.9982020722327 16000.0 16600.0 2016.0 2 179 {-999.0 12.233821 11.114758 10.703138 -999.0} sdss_psfmag_from_g3xp 11.8341055 11.13818 10.336482 8.617 63050395995240183 1156066632 bright_1x1 mwm_galactic_core_dist_apogee_extra mwm_galactic science 0 0 0.0 0.0 -999 ""
FIBERMAP 568 R-13C13 BOSS 0 0 0 1 0 0 120.57215356450654 -261.09068914118325 143.1 285.50825386485013 34.415298914888005 215.04489 152.84315 -999.0 -999.0 -999.0 -999.0 -999.0 124.26617589361581 -22.266913603207403 124.2175485401981 -22.35334437954411 76.27896235851418 295.98930988321297 -999.0 5400.0 -999.0 1 430 {-999.0 -999.0 -999.0 -999.0 -999.0} "" -999.0 -999.0 -999.0 -999.0 -999 -999 "" "" "" "" 0 0 0.0 0.0 -999 ""
FIBERMAP 568 R-13C13 METROLOGY 0 0 0 1 0 0 120.86399655633961 -260.40044961911946 143.1 284.9412704618145 34.90528648926843 215.04489 152.84315 -999.0 -999.0 -999.0 -999.0 -999.0 124.26440431412477 -22.265445609297437 124.21576615720693 -22.351865008211874 76.27678179610405 295.99094853568977 -999.0 6231.0 -999.0 -1 -999 {-999.0 -999.0 -999.0 -999.0 -999.0} "" -999.0 -999.0 -999.0 -999.0 -999 -999 "" "" "" "" 0 0 0.0 0.0 -999 ""
FIBERMAP 569 R+13C1 APOGEE 0 0 0 1 0 0 -161.81827864310634 242.24194928849593 143.1 -280.260604249544 -79.45767322411983 254.86606 65.87228 -999.0 -999.0 -999.0 -999.0 -999.0 122.41730017131317 -22.615103822486624 122.36688948544287 -22.69748480747405 74.9676465433055 291.354237461594 -999.0 16600.0 -999.0 2 7 {-999.0 -999.0 -999.0 -999.0 -999.0} "" -999.0 -999.0 -999.0 -999.0 -999 -999 "" "" "" "" 0 0 0.0 0.0 -999 ""
FIBERMAP 569 R+13C1 BOSS 1 1 0 1 0 0 -162.4056206680543 242.69683730379634 143.1 -280.87407649184604 -79.87660211789643 254.86606 65.87228 122.41506613102206 -22.616342985203183 -8.5022135 -0.2263244 1.1410555 122.41529417052008 -22.61631952072488 122.36493458493061 -22.69872302867445 74.96663588565494 291.34675713177353 5400.0 5400.0 2016.0 1 7 {-999.0 13.768864 13.072283 12.859964 -999.0} sdss_psfmag_from_g3xp 13.578466 13.125975 12.515228 11.404 63050395995333450 1075944488 bright_1x1 mwm_erosita_stars_boss mwm_erosita science 0 0 0.7697938084602356 0.0 -999 ""
FIBERMAP 569 R+13C1 METROLOGY 0 0 0 1 0 0 -161.7101921054063 242.98495057445805 143.1 -280.93430948128355 -79.12629764639388 254.86606 65.87228 -999.0 -999.0 -999.0 -999.0 -999.0 122.41505327146429 -22.614077060173223 122.36468370217858 -22.696472702813285 74.96537463982769 291.3539970459075 -999.0 6231.0 -999.0 -1 -999 {-999.0 -999.0 -999.0 -999.0 -999.0} "" -999.0 -999.0 -999.0 -999.0 -999 -999 "" "" "" "" 0 0 0.0 0.0 -999 ""
FIBERMAP 570 R+1C20 APOGEE 1 1 0 1 0 0 165.23646468440705 27.56185633218972 143.1 24.59912816592079 165.69665990791634 85.1763 37.034832 123.41325225264474 -21.87303685154988 -1.9821763 5.182078 0.26688948 123.41323155064102 -21.87304854083175 123.36514936413386 -21.95768395269868 75.39950944418635 295.66334397839074 16000.0 16600.0 2016.0 2 80 {-999.0 13.343831 12.1938925 11.724791 -999.0} sdss_psfmag_from_g3xp 12.924399 12.183277 11.348043 9.421 63050395995385616 1156066760 bright_1x1 mwm_galactic_core_dist_apogee_extra mwm_galactic science 0 0 0.0 0.0 -999 ""
FIBERMAP 570 R+1C20 BOSS 0 0 0 1 0 0 165.65962175720105 26.941898628840242 143.1 25.31916061770204 165.9085977731606 85.1763 37.034832 -999.0 -999.0 -999.0 -999.0 -999.0 123.41554057315861 -21.872309414601606 123.36751245410318 -21.956979329070172 75.40100066332406 295.67030215373904 -999.0 5400.0 -999.0 1 242 {-999.0 -999.0 -999.0 -999.0 -999.0} "" -999.0 -999.0 -999.0 -999.0 -999 -999 "" "" "" "" 0 0 0.0 0.0 -999 ""
FIBERMAP 570 R+1C20 METROLOGY 0 0 0 1 0 0 164.9255466419294 26.877979925736696 143.1 25.154190061379698 165.19047998635062 85.1763 37.034832 -999.0 -999.0 -999.0 -999.0 -999.0 123.415027269451 -21.874468815055547 123.36697900193917 -21.959128974935712 75.401713105359 295.6620194468517 -999.0 6231.0 -999.0 -1 -999 {-999.0 -999.0 -999.0 -999.0 -999.0} "" -999.0 -999.0 -999.0 -999.0 -999 -999 "" "" "" "" 0 0 0.0 0.0 -999 ""
FIBERMAP 571 R+11C2 APOGEE 0 0 0 1 0 0 -144.81453571317238 191.60637741313147 143.1 -226.8518486948482 -78.85352062489044 345.39005 23.324219 -999.0 -999.0 -999.0 -999.0 -999.0 122.59094593475258 -22.614175155250326 122.54061615585744 -22.696932770524114 75.10873533473375 291.64875756281634 -999.0 16600.0 -999.0 2 -999 {-999.0 -999.0 -999.0 -999.0 -999.0} "" -999.0 -999.0 -999.0 -999.0 -999 -999 "" "" "" "" 0 0 0.0 0.0 -999 ""
FIBERMAP 571 R+11C2 BOSS 1 1 0 1 0 0 -145.62604579632224 191.5396261564196 143.1 -227.0379416953848 -79.64618745350823 345.39005 23.324219 122.59025069446106 -22.616598985985192 10.384203 14.0720625 7.305079 122.59025606452984 -22.616551757014204 122.53997435757145 -22.699334510766743 75.10934967490881 291.63943332272044 5400.0 5400.0 2016.0 1 17 {-999.0 20.14098 18.69948 17.0822 -999.0} sdss_psfmag_ps1 19.645006 17.791166 16.519 14.193 63050395995332628 1096415829 bright_1x1 mwm_bin_vis_boss mwm_filler science 0 0 0.0 0.0 -999 ""
FIBERMAP 571 R+11C2 METROLOGY 0 0 0 1 0 0 -145.2858531597746 192.1872027580713 143.1 -227.54946074031847 -79.12331849709992 345.39005 23.324219 -999.0 -999.0 -999.0 -999.0 -999.0 122.58856424871017 -22.61498375834245 122.53827035373217 -22.6977554305763 75.10721775337416 291.6419540824106 -999.0 6231.0 -999.0 -1 -999 {-999.0 -999.0 -999.0 -999.0 -999.0} "" -999.0 -999.0 -999.0 -999.0 -999 -999 "" "" "" "" 0 0 0.0 0.0 -999 ""
FIBERMAP 573 R-6C13 APOGEE 0 0 0 1 0 0 61.17918243537163 -125.1775767315587 143.1 137.92150749708625 19.708447305413333 11.588992 70.978004 -999.0 -999.0 -999.0 -999.0 -999.0 123.78622765013077 -22.31423398445293 123.73720819075919 -22.39960674552006 75.92365069256296 294.86299263171213 -999.0 16600.0 -999.0 2 -999 {-999.0 -999.0 -999.0 -999.0 -999.0} "" -999.0 -999.0 -999.0 -999.0 -999 -999 "" "" "" "" 0 0 0.0 0.0 -999 ""
FIBERMAP 573 R-6C13 BOSS 1 1 0 1 0 0 61.0992448193161 -125.90144527573416 143.1 138.58566640000504 19.409739732402038 11.588992 70.978004 123.78845214843747 -22.31508306409718 -999.0 -999.0 -999.0 123.78842606086306 -22.315093044994498 123.73945537270151 -22.40049798673817 75.92589118614238 294.8642331368651 5400.0 5400.0 2015.5 1 393 {-999.0 -999.0 -999.0 -999.0 -999.0} "" -999.0 -999.0 -999.0 -999.0 27021603171069218 814745028 "" ops_sky_boss_good ops_sky sky_boss 0 0 0.0 0.0 -999 ""
FIBERMAP 573 R-6C13 METROLOGY 0 0 0 1 0 0 60.490004986333716 -125.46832174103213 143.1 137.9861672593392 18.963281167576035 11.588992 70.978004 -999.0 -999.0 -999.0 -999.0 -999.0 123.78650344638906 -22.316462189248405 123.73751428372685 -22.401855002205885 75.92504756439796 294.8556562251766 -999.0 6231.0 -999.0 -1 -999 {-999.0 -999.0 -999.0 -999.0 -999.0} "" -999.0 -999.0 -999.0 -999.0 -999 -999 "" "" "" "" 0 0 0.0 0.0 -999 ""
FIBERMAP 574 R-2C2 APOGEE 0 0 1 1 0 0 -244.85768481681734 -31.031245492255014 143.1 -45.78808696320336 -242.5217551941493 10.032653 169.64952 -999.0 -999.0 -999.0 -999.0 -999.0 123.1853504402086 -23.109754870910773 123.1340300739704 -23.19372634173642 75.8237090282635 290.9112491914348 -999.0 16600.0 -999.0 2 -999 {-999.0 -999.0 -999.0 -999.0 -999.0} "" -999.0 -999.0 -999.0 -999.0 -999 -999 "" "" "" "" 0 0 0.0 0.0 -999 ""
FIBERMAP 574 R-2C2 BOSS 1 0 1 1 0 0 -244.0408694210618 -31.117702029052023 143.1 -45.454588039831734 -241.771164347071 10.032653 169.64952 123.2772669599996 -23.10170822476736 -1.4577205 3.4343967 0.83530635 123.18638417002583 -23.107495810110517 123.1351224480008 -23.19149466798513 75.82357804295863 290.92122704117253 5400.0 5400.0 2016.0 1 513 {-999.0 14.703243 14.315945 14.202663 -999.0} sdss_psfmag_from_g3xp 14.637568 14.335521 13.872964 13.112 63050395995097472 979281538 "" ops_std_boss ops_std standard_boss 0 0 0.0 0.0 -999 ""
FIBERMAP 574 R-2C2 METROLOGY 0 0 1 1 0 0 -244.5204235548372 -31.698892897674735 143.1 -45.04909868755262 -242.40621391890673 10.032653 169.64952 -999.0 -999.0 -999.0 -999.0 -999.0 123.18773001945443 -23.10945249166421 123.13644909065226 -23.19344692538763 75.82555694428441 290.9164261354492 -999.0 6231.0 -999.0 -1 -999 {-999.0 -999.0 -999.0 -999.0 -999.0} "" -999.0 -999.0 -999.0 -999.0 -999 -999 "" "" "" "" 0 0 0.0 0.0 -999 ""
FIBERMAP 576 R+4C19 APOGEE 1 1 0 1 0 0 146.6039151439774 96.87743540840682 143.1 -47.08426596360787 169.2883550020242 190.0728 25.496075 123.17905050599151 -21.862681817369463 -0.74821186 8.03016 -1.8487115 123.17904525044274 -21.862694730664703 123.13088476747271 -21.946828124373052 75.20884231789825 295.2503936782841 16000.0 16600.0 2016.0 2 65 {-999.0 12.280478 11.679512 11.394994 -999.0} sdss_psfmag_from_g3xp 12.126778 11.690884 11.044652 9.785 63050395995400696 1152663069 bright_1x1 mwm_galactic_core_dist_apogee_sparse mwm_galactic science 0 0 0.0 0.0 -999 ""
FIBERMAP 576 R+4C19 BOSS 0 0 0 1 0 0 147.2281389971652 97.27756027042011 143.1 -47.27297695896097 170.00536232749323 190.0728 25.496075 -999.0 -999.0 -999.0 -999.0 -999.0 123.17835770270968 -21.86043944423809 123.13025464610934 -21.944601262542314 75.20718062352202 295.25663514394284 -999.0 5400.0 -999.0 1 217 {-999.0 -999.0 -999.0 -999.0 -999.0} "" -999.0 -999.0 -999.0 -999.0 -999 -999 "" "" "" "" 0 0 0.0 0.0 -999 ""
FIBERMAP 576 R+4C19 METROLOGY 0 0 0 1 0 0 147.27662536236505 96.5366506989738 143.1 -46.55310302699857 169.8236060626756 190.0728 25.496075 -999.0 -999.0 -999.0 -999.0 -999.0 123.18071717676399 -21.860970289825605 123.13259907153554 -21.9451287254117 75.20931036395909 295.25932361360327 -999.0 6231.0 -999.0 -1 -999 {-999.0 -999.0 -999.0 -999.0 -999.0} "" -999.0 -999.0 -999.0 -999.0 -999 -999 "" "" "" "" 0 0 0.0 0.0 -999 ""
FIBERMAP 578 R+9C13 APOGEE 1 1 0 1 0 0 98.0875727283766 179.3952783938771 143.1 -140.52104737014042 148.50699929504813 65.655106 53.079674 122.87418128307645 -21.926056460142128 -1.9867787 3.3634658 0.20861545 122.87410044637623 -21.9260647482419 122.82564564245462 -22.009531746283876 74.99910390286695 294.4717518168288 16000.0 16600.0 2016.0 2 92 {-999.0 13.72846 12.715823 12.293746 -999.0} sdss_psfmag_from_g3xp 13.385361 12.714811 11.924607 10.149 63050395995393346 1156066617 bright_1x1 mwm_galactic_core_dist_apogee_extra mwm_galactic science 0 0 0.0 0.0 -999 ""
FIBERMAP 578 R+9C13 BOSS 0 0 0 1 0 0 98.45391762268554 178.75909760716888 143.1 -139.80305335726317 148.65989160529173 65.655106 53.079674 -999.0 -999.0 -999.0 -999.0 -999.0 122.876348782449 -21.925530799760928 122.82794951854129 -22.00903219916079 75.00068137442486 294.47764126613055 -999.0 5400.0 -999.0 1 159 {-999.0 -999.0 -999.0 -999.0 -999.0} "" -999.0 -999.0 -999.0 -999.0 -999 -999 "" "" "" "" 0 0 0.0 0.0 -999 ""
FIBERMAP 578 R+9C13 METROLOGY 0 0 0 1 0 0 97.71244617002228 178.744634877839 143.1 -140.0173552455307 147.9499480947979 65.655106 53.079674 -999.0 -999.0 -999.0 -999.0 -999.0 122.87563657642318 -21.9276642460716 122.82721653719926 -22.011155449763713 75.00118687515328 294.46925156752246 -999.0 6231.0 -999.0 -1 -999 {-999.0 -999.0 -999.0 -999.0 -999.0} "" -999.0 -999.0 -999.0 -999.0 -999 -999 "" "" "" "" 0 0 0.0 0.0 -999 ""
FIBERMAP 579 R+10C17 APOGEE 0 0 0 1 0 0 192.4834403510785 201.61827602531466 143.1 -132.63135868461393 245.15813441588512 45.518024 100.7873 -999.0 -999.0 -999.0 -999.0 -999.0 122.90093618861427 -21.634851708979184 122.85322689359566 -21.71841764151106 74.86957668490632 295.4796160014795 -999.0 16600.0 -999.0 2 103 {-999.0 -999.0 -999.0 -999.0 -999.0} "" -999.0 -999.0 -999.0 -999.0 -999 -999 "" "" "" "" 0 0 0.0 0.0 -999 ""
FIBERMAP 579 R+10C17 BOSS 1 1 0 1 0 0 193.1161070350413 201.23295382023053 143.1 -132.07013587386194 245.64158595747972 45.518024 100.7873 122.90238164443149 -21.633371546053606 -8.12534 3.4315403 0.60710555 122.90272063660304 -21.63338078747446 122.85506884247042 -21.71698135289332 74.87027346292365 295.48774841144524 5400.0 5400.0 2016.0 1 177 {-999.0 12.464943 11.730896 11.474644 -999.0} sdss_psfmag_from_g3xp 12.263031 11.775366 11.126481 9.862 63050395995407873 996714237 bright_1x1 mwm_bin_gaia_sb_boss mwm_bin science 0 0 1.211492896080017 0.0 -999 ""
FIBERMAP 579 R+10C17 METROLOGY 0 0 0 1 0 0 192.46170395962943 200.86873057675217 143.1 -131.92486710974111 244.90690638711575 45.518024 100.7873 -999.0 -999.0 -999.0 -999.0 -999.0 122.90316834563161 -21.63554380948974 122.85549627685532 -21.71913636664048 74.87174709695732 295.4815345279053 -999.0 6231.0 -999.0 -1 -999 {-999.0 -999.0 -999.0 -999.0 -999.0} "" -999.0 -999.0 -999.0 -999.0 -999 -999 "" "" "" "" 0 0 0.0 0.0 -999 ""
FIBERMAP 583 R+3C18 APOGEE 1 1 0 1 0 0 128.78758690819507 49.78881329297882 143.1 -7.760369926214078 137.85289241214318 275.47498 142.14545 123.30770316631086 -21.957494870585904 -2.4557822 2.4056296 0.19911091 123.30769303539569 -21.95749152220959 123.25935152907886 -22.041888323036268 75.36005216846155 295.1756072733426 16000.0 16600.0 2016.0 2 70 {-999.0 13.118758 11.885333 11.389068 -999.0} sdss_psfmag_from_g3xp 12.652104 11.870284 11.008842 9.048 63050395995382839 1152662967 bright_1x1 mwm_galactic_core_dist_apogee_sparse mwm_galactic science 0 0 0.0 0.0 -999 ""
FIBERMAP 583 R+3C18 BOSS 0 0 0 1 0 0 128.3854633131866 49.15937914806038 143.1 -7.2851618761980985 137.2766776888966 275.47498 142.14545 -999.0 -999.0 -999.0 -999.0 -999.0 123.30919566661909 -21.959138214444206 123.26090229109934 -22.04356716905801 75.36215338866755 295.1728959239649 -999.0 5400.0 -999.0 1 226 {-999.0 -999.0 -999.0 -999.0 -999.0} "" -999.0 -999.0 -999.0 -999.0 -999 -999 "" "" "" "" 0 0 0.0 0.0 -999 ""
FIBERMAP 583 R+3C18 METROLOGY 0 0 0 1 0 0 128.0398239188388 49.810706433655824 143.1 -8.011198847264748 137.1481450241978 275.47498 142.14545 -999.0 -999.0 -999.0 -999.0 -999.0 123.30683506208808 -21.95952562187087 123.25852503880583 -22.043941184914182 75.36046657593249 295.1670941950754 -999.0 6231.0 -999.0 -1 -999 {-999.0 -999.0 -999.0 -999.0 -999.0} "" -999.0 -999.0 -999.0 -999.0 -999 -999 "" "" "" "" 0 0 0.0 0.0 -999 ""
FIBERMAP 584 R+9C4 APOGEE 0 0 0 1 0 0 -122.66447337581545 188.73029952458327 143.1 -217.30237013276343 -58.6628140054215 94.74282 110.1141 -999.0 -999.0 -999.0 -999.0 -999.0 122.6221213380138 -22.553212706475488 122.57196147536797 -22.636046439823915 75.10527384085285 291.9106825109591 -999.0 16600.0 -999.0 2 -999 {-999.0 -999.0 -999.0 -999.0 -999.0} "" -999.0 -999.0 -999.0 -999.0 -999 -999 "" "" "" "" 0 0 0.0 0.0 -999 ""
FIBERMAP 584 R+9C4 BOSS 1 1 0 1 0 0 -121.97474885204052 189.05329135391477 143.1 -217.39754381977613 -57.90720881271256 94.74282 110.1141 122.62189015922844 -22.551084154227457 -53.13536 50.288563 3.7477474 122.62171695261948 -22.550907803026455 122.5716171186902 -22.63376818907939 75.10390815162296 291.91788343759913 5400.0 5400.0 2016.0 1 15 {-999.0 15.513968 14.280707 13.79939 -999.0} sdss_psfmag_from_g3xp 15.04278 14.282161 13.43401 11.768 63050395995335955 1075944489 bright_1x1 mwm_erosita_stars_boss mwm_erosita science 0 0 0.0 0.0 -999 ""
FIBERMAP 584 R+9C4 METROLOGY 0 0 0 1 0 0 -122.04861153554143 188.30578520151468 143.1 -216.70902567552898 -58.20740670101903 94.74282 110.1141 -999.0 -999.0 -999.0 -999.0 -999.0 122.62393910911064 -22.551841401917116 122.57382249565381 -22.634698755997114 75.1061410794616 291.9184776381192 -999.0 6231.0 -999.0 -1 -999 {-999.0 -999.0 -999.0 -999.0 -999.0} "" -999.0 -999.0 -999.0 -999.0 -999 -999 "" "" "" "" 0 0 0.0 0.0 -999 ""
FIBERMAP 585 R+12C4 APOGEE 0 0 0 1 0 0 -89.66782291123891 248.92584646449262 143.1 -264.4280533282684 -8.752135573368912 112.02305 94.060745 -999.0 -999.0 -999.0 -999.0 -999.0 122.4691629933456 -22.401649016180794 122.41932141455771 -22.484172628676596 74.90878211213638 292.16493697239525 -999.0 16600.0 -999.0 2 -999 {-999.0 -999.0 -999.0 -999.0 -999.0} "" -999.0 -999.0 -999.0 -999.0 -999 -999 "" "" "" "" 0 0 0.0 0.0 -999 ""
FIBERMAP 585 R+12C4 BOSS 1 1 0 1 0 0 -89.04388170095383 249.2602216190309 143.1 -264.55429174672804 -8.055620568777586 112.02305 94.060745 122.46871948242186 -22.399532062315032 -999.0 -999.0 -999.0 122.46870500092743 -22.399513439810665 122.41892352577179 -22.482064208167927 74.90744473706755 292.1713545729317 5400.0 5400.0 2015.5 1 98 {-999.0 -999.0 -999.0 -999.0 -999.0} "" -999.0 -999.0 -999.0 -999.0 27021603171079442 814746453 "" ops_sky_boss_good ops_sky sky_boss 0 0 0.0 0.0 -999 ""
FIBERMAP 585 R+12C4 METROLOGY 0 0 0 1 0 0 -89.04834760109378 248.50662270930135 143.1 -263.8386313026382 -8.291662845038672 112.02305 94.060745 -999.0 -999.0 -999.0 -999.0 -999.0 122.47098592690088 -22.400244464946354 122.42118805069856 -22.482792182657636 74.90962913405069 292.1727738744948 -999.0 6231.0 -999.0 -1 -999 {-999.0 -999.0 -999.0 -999.0 -999.0} "" -999.0 -999.0 -999.0 -999.0 -999 -999 "" "" "" "" 0 0 0.0 0.0 -999 ""
FIBERMAP 586 R-5C20 APOGEE 1 1 0 1 0 0 177.1374097661284 -109.57679373904989 143.1 158.7442814137576 134.83885965765094 260.50555 74.18545 123.85162353515625 -21.965225089147893 -999.0 -999.0 -999.0 123.85160144190627 -21.965230395951483 123.80348681298779 -22.0507919141427 75.79354002477518 296.2113092957763 16000.0 16600.0 2015.5 2 224 {-999.0 -999.0 -999.0 -999.0 -999.0} "" -999.0 -999.0 -999.0 -999.0 27021603171075045 836856746 "" ops_sky_apogee_best ops_sky sky_apogee 0 0 0.0 0.0 -999 ""
FIBERMAP 586 R-5C20 BOSS 0 0 0 1 0 0 176.5001202136239 -109.24351755881803 143.1 158.23115743093226 134.3350011574354 260.50555 74.18545 -999.0 -999.0 -999.0 -999.0 -999.0 123.84993633142683 -21.966696066500845 123.80186686695674 -22.052282720845913 75.79306268035967 296.2029102344333 -999.0 5400.0 -999.0 1 322 {-999.0 -999.0 -999.0 -999.0 -999.0} "" -999.0 -999.0 -999.0 -999.0 -999 -999 "" "" "" "" 0 0 0.0 0.0 -999 ""
FIBERMAP 586 R-5C20 METROLOGY 0 0 0 1 0 0 177.0946314044692 -108.82341764168234 143.1 158.01430151146283 135.02988144443236 260.50555 74.18545 -999.0 -999.0 -999.0 -999.0 -999.0 123.84924994365194 -21.96458615409247 123.80117138674183 -22.050163453550812 75.79138881220933 296.2088214936241 -999.0 6231.0 -999.0 -1 -999 {-999.0 -999.0 -999.0 -999.0 -999.0} "" -999.0 -999.0 -999.0 -999.0 -999 -999 "" "" "" "" 0 0 0.0 0.0 -999 ""
FIBERMAP 590 R+11C14 APOGEE 1 1 0 1 0 0 145.33021783768112 210.01391565521106 143.1 -155.12309709548958 202.87514313017545 74.75305 6.294147 122.82732755187176 -21.762122589807337 0.5176327 1.853828 0.5496071 122.82728720737052 -21.762170563205018 122.77922544427236 -21.845559516678325 74.87757309390467 294.92662368695017 16000.0 16600.0 2016.0 2 55 {-999.0 10.499924 9.609735 9.245558 -999.0} sdss_psfmag_from_g3xp 10.216256 9.649165 8.887791 7.326 63050395995406023 1105301459 bright_1x1 mwm_tess_rgb_apogee mwm_tessrgb science 0 0 0.0 0.0 -999 ""
FIBERMAP 590 R+11C14 BOSS 0 0 0 1 0 0 145.26998807689424 209.2629136991464 143.1 -154.42705953053175 202.5868414467807 74.75305 6.294147 -999.0 -999.0 -999.0 -999.0 -999.0 122.82948223520701 -21.762992947277144 122.7814726892243 -21.84641663868393 74.879800614086 294.92797162881845 -999.0 5400.0 -999.0 1 92 {-999.0 -999.0 -999.0 -999.0 -999.0} "" -999.0 -999.0 -999.0 -999.0 -999 -999 "" "" "" "" 0 0 0.0 0.0 -999 ""
FIBERMAP 590 R+11C14 METROLOGY 0 0 0 1 0 0 144.65302153758932 209.6970753206006 143.1 -155.02992298139372 202.13335037391477 74.75305 6.294147 -999.0 -999.0 -999.0 -999.0 -999.0 122.8275023670812 -21.76433554050807 122.77947346675717 -21.847746229090106 74.87890601177864 294.9199202836499 -999.0 6231.0 -999.0 -1 -999 {-999.0 -999.0 -999.0 -999.0 -999.0} "" -999.0 -999.0 -999.0 -999.0 -999 -999 "" "" "" "" 0 0 0.0 0.0 -999 ""
FIBERMAP 591 R+11C1 APOGEE 1 1 0 1 0 0 -152.52981051461447 203.411802714689 143.1 -240.45754692944183 -82.56331795052455 5.755645 72.40812 122.54665642530527 -22.62519186760981 -8.787187 0.7697208 0.9234237 122.54662468187797 -22.625186902577674 122.49624663619608 -22.70784693166696 75.07781308418065 291.53620276019666 16000.0 16600.0 2016.0 2 9 {-999.0 13.422142 12.529361 12.231512 -999.0} sdss_psfmag_from_g3xp 13.144031 12.58009 11.8762455 10.392 63050395995333584 1110312832 bright_1x1 mwm_tess_rgb_apogee mwm_tessrgb science 0 0 0.0 0.0 -999 ""
FIBERMAP 591 R+11C1 BOSS 0 0 0 1 0 0 -152.70691133401846 202.68847553544504 143.1 -239.82378872550223 -82.95430782627646 5.755645 72.40812 -999.0 -999.0 -999.0 -999.0 -999.0 122.54861852972397 -22.62635642635603 122.49829301669507 -22.70904756111674 75.08004394850951 291.53554889362425 -999.0 5400.0 -999.0 1 9 {-999.0 -999.0 -999.0 -999.0 -999.0} "" -999.0 -999.0 -999.0 -999.0 -999 -999 "" "" "" "" 0 0 0.0 0.0 -999 ""
FIBERMAP 591 R+11C1 METROLOGY 0 0 0 1 0 0 -153.2410091809334 203.18727205865832 143.1 -240.46266209946742 -83.30907052141671 5.755645 72.40812 -999.0 -999.0 -999.0 -999.0 -999.0 122.54650783473417 -22.627440770944226 122.49616311719058 -22.710119538914164 75.0788168931072 291.52827900730307 -999.0 6231.0 -999.0 -1 -999 {-999.0 -999.0 -999.0 -999.0 -999.0} "" -999.0 -999.0 -999.0 -999.0 -999 -999 "" "" "" "" 0 0 0.0 0.0 -999 ""
FIBERMAP 593 R-1C22 APOGEE 1 1 0 1 0 0 177.3370715662941 -4.353193084845554 143.1 58.68757262805098 167.39366391873554 182.1625 55.35063 123.52456303356773 -21.867637433447623 -4.6863937 1.6570492 0.45780808 123.5245430629813 -21.867673307593762 123.47652425940703 -21.952548339377376 75.48449753173821 295.8978256347298 16000.0 16600.0 2016.0 2 205 {-999.0 13.128887 12.329246 12.02704 -999.0} sdss_psfmag_from_g3xp 12.893987 12.35958 11.673783 10.287 63050395995385440 1109165444 bright_1x1 mwm_tess_rgb_apogee mwm_tessrgb science 0 0 0.0 0.0 -999 ""
FIBERMAP 593 R-1C22 BOSS 0 0 0 1 0 0 177.7519684946435 -3.729675696276093 143.1 58.22192309233848 167.9802123248529 182.1625 55.35063 -999.0 -999.0 -999.0 -999.0 -999.0 123.52298484810991 -21.86581575093237 123.47502077696623 -21.950717122165393 75.4823446955471 295.9010746036538 -999.0 5400.0 -999.0 1 289 {-999.0 -999.0 -999.0 -999.0 -999.0} "" -999.0 -999.0 -999.0 -999.0 -999 -999 "" "" "" "" 0 0 0.0 0.0 -999 ""
FIBERMAP 593 R-1C22 METROLOGY 0 0 0 1 0 0 178.07782530052367 -4.405525520530839 143.1 58.96520800367652 168.0823795794411 182.1625 55.35063 -999.0 -999.0 -999.0 -999.0 -999.0 123.52543270059996 -21.865488544426732 123.47745615177178 -21.95038687409799 75.4840854412566 295.90696647273876 -999.0 6231.0 -999.0 -1 -999 {-999.0 -999.0 -999.0 -999.0 -999.0} "" -999.0 -999.0 -999.0 -999.0 -999 -999 "" "" "" "" 0 0 0.0 0.0 -999 ""
FIBERMAP 595 R-3C1 APOGEE 1 1 0 1 0 0 -269.20452539136863 -66.4606491530263 143.1 -19.566365328371255 -276.58470818239607 224.5121 108.55154 123.27195594952101 -23.211932654084116 -18.5084 8.608768 2.4886415 123.27189311864613 -23.21191483407119 123.22035288880903 -23.29605815512898 75.94099317829289 290.6864219170514 16000.0 16600.0 2016.0 2 271 {-999.0 10.893431 10.577156 10.483923 -999.0} sdss_psfmag_from_g3xp 10.854837 10.587314 10.156585 9.441 63050395995077122 996674799 bright_1x1 mwm_bin_gaia_sb_apogee mwm_bin science 0 0 0.0 0.0 -999 ""
FIBERMAP 595 R-3C1 BOSS 0 0 0 1 0 0 -269.87964845842146 -66.12738191387238 143.1 -20.091117692085156 -277.12456725417974 224.5121 108.55154 -999.0 -999.0 -999.0 -999.0 -999.0 123.27012077153692 -23.213492925157418 123.21862773486185 -23.29765661720314 75.94030826172096 290.6775963385275 -999.0 5400.0 -999.0 1 443 {-999.0 -999.0 -999.0 -999.0 -999.0} "" -999.0 -999.0 -999.0 -999.0 -999 -999 "" "" "" "" 0 0 0.0 0.0 -999 ""
FIBERMAP 595 R-3C1 METROLOGY 0 0 0 1 0 0 -269.2386884953757 -65.71966951379292 143.1 -20.281900358632043 -276.3893020736165 224.5121 108.55154 -999.0 -999.0 -999.0 -999.0 -999.0 123.26949757654087 -23.211353227892374 123.21799495636026 -23.295508970455636 75.93881450334399 290.6843834396485 -999.0 6231.0 -999.0 -1 -999 {-999.0 -999.0 -999.0 -999.0 -999.0} "" -999.0 -999.0 -999.0 -999.0 -999 -999 "" "" "" "" 0 0 0.0 0.0 -999 ""
FIBERMAP 596 R-5C10 APOGEE 1 1 0 1 0 0 -12.085328990533927 -95.99039634032285 143.1 87.61569119603561 -41.023812849242304 69.94075 30.366142 123.62229988246169 -22.499236568582877 0.23819171 -6.6711526 0.6972773 123.62229230192749 -22.499263737054775 123.57273019455624 -22.58425957079149 75.88621321242731 293.8930988817598 16000.0 16600.0 2016.0 2 269 {-999.0 10.557356 9.740339 9.451498 -999.0} sdss_psfmag_from_g3xp 10.316989 9.785476 9.102312 7.751 63050395995144046 1152662590 bright_1x1 mwm_galactic_core_dist_apogee_sparse mwm_galactic science 0 0 0.0 0.0 -999 ""
FIBERMAP 596 R-5C10 BOSS 0 0 0 1 0 0 -11.927399662458221 -96.72159113837132 143.1 88.35998434597845 -41.098448271145784 69.94075 30.366142 -999.0 -999.0 -999.0 -999.0 -999.0 123.62473962506395 -22.49947574894342 123.57522869188608 -22.584503762718576 75.88833297393467 293.89696366745835 -999.0 5400.0 -999.0 1 370 {-999.0 -999.0 -999.0 -999.0 -999.0} "" -999.0 -999.0 -999.0 -999.0 -999 -999 "" "" "" "" 0 0 0.0 0.0 -999 ""
FIBERMAP 596 R-5C10 METROLOGY 0 0 0 1 0 0 -12.632562770449368 -96.50050023879446 143.1 87.93272573328815 -41.701393196166016 69.94075 30.366142 -999.0 -999.0 -999.0 -999.0 -999.0 123.62336797084134 -22.50132340312387 123.57383740615336 -22.58634057178025 75.88813918579784 293.8878048829787 -999.0 6231.0 -999.0 -1 -999 {-999.0 -999.0 -999.0 -999.0 -999.0} "" -999.0 -999.0 -999.0 -999.0 -999 -999 "" "" "" "" 0 0 0.0 0.0 -999 ""
FIBERMAP 601 R+5C20 APOGEE 1 1 0 1 0 0 190.26605242399944 108.79009010460503 143.1 -44.98925069202529 214.49610460951456 82.008835 127.140236 123.18590122138815 -21.726245655458953 -18.93706 -10.210651 4.3434715 123.18583582187682 -21.72630044113872 123.13802098055004 -21.810467631817417 75.14279114125686 295.7173783279904 16000.0 16600.0 2016.0 2 117 {-999.0 9.940917 9.707614 9.645809 -999.0} sdss_psfmag_from_g3xp 9.931975 9.706374 9.323379 8.728 63050395995404214 975250579 "" ops_std_apogee ops_std standard_apogee 0 0 0.0 0.0 -999 ""
FIBERMAP 601 R+5C20 BOSS 0 0 0 1 0 0 190.9131863039259 109.16070280385509 143.1 -45.142834763528775 215.22583296608417 82.008835 127.140236 -999.0 -999.0 -999.0 -999.0 -999.0 123.18527297875599 -21.724030961572396 123.13751558637858 -21.808227364595297 75.14120771305699 295.72382386155334 -999.0 5400.0 -999.0 1 202 {-999.0 -999.0 -999.0 -999.0 -999.0} "" -999.0 -999.0 -999.0 -999.0 -999 -999 "" "" "" "" 0 0 0.0 0.0 -999 ""
FIBERMAP 601 R+5C20 METROLOGY 0 0 0 1 0 0 190.91913834197666 108.41543185782132 143.1 -44.431893843145815 215.00226467397633 82.008835 127.140236 -999.0 -999.0 -999.0 -999.0 -999.0 123.18759757177257 -21.7246742390931 123.13982484416397 -21.808867021126133 75.1433654351168 295.7261312749266 -999.0 6231.0 -999.0 -1 -999 {-999.0 -999.0 -999.0 -999.0 -999.0} "" -999.0 -999.0 -999.0 -999.0 -999 -999 "" "" "" "" 0 0 0.0 0.0 -999 ""
FIBERMAP 602 R+3C5 APOGEE 0 0 0 1 0 0 -180.79778302513068 64.42191319480112 143.1 -116.90619175916265 -152.2104352273251 162.03172 109.001945 -999.0 -999.0 -999.0 -999.0 -999.0 122.95090029820835 -22.837240247767824 122.90016595972185 -22.920744729616448 75.50650945615438 291.4854194777803 -999.0 16600.0 -999.0 2 24 {-999.0 -999.0 -999.0 -999.0 -999.0} "" -999.0 -999.0 -999.0 -999.0 -999 -999 "" ops_sky_apogee_best_unassigned ops_sky sky_apogee 0 0 0.0 0.0 -999 ""
FIBERMAP 602 R+3C5 BOSS 1 1 0 1 0 0 -180.79189668203463 65.16353458742934 143.1 -117.61001893681497 -151.9767254907676 162.03172 109.001945 122.94851821854223 -22.83652760042732 -3.1703546 -0.4881583 0.49014384 122.94849628655227 -22.8365493669667 122.8978157746676 -22.920074731723606 75.50428317968807 291.48373280808823 5400.0 5400.0 2016.0 1 41 {-999.0 15.745156 15.403985 15.2829275 -999.0} sdss_psfmag_ps1 15.681549 15.390498 14.938559 14.15 63050395995105574 979855447 "" ops_std_boss ops_std standard_boss 0 0 0.0 0.0 -999 ""
FIBERMAP 602 R+3C5 METROLOGY 0 0 0 1 0 0 -180.14379546108475 64.80642753579356 143.1 -117.07089489446383 -151.46990984192806 162.03172 109.001945 -999.0 -999.0 -999.0 -999.0 -999.0 122.95026070910744 -22.83504965154008 122.8995697753549 -22.918571678415315 75.5050061918565 291.49206193119437 -999.0 6231.0 -999.0 -1 -999 {-999.0 -999.0 -999.0 -999.0 -999.0} "" -999.0 -999.0 -999.0 -999.0 -999 -999 "" "" "" "" 0 0 0.0 0.0 -999 ""
FIBERMAP 603 R-11C2 APOGEE 0 0 0 1 0 0 -147.7689297794235 -224.71222880537223 143.1 168.35814122012997 -209.71645687469618 246.26535 130.00848 -999.0 -999.0 -999.0 -999.0 -999.0 123.888848159044 -23.007670600587364 123.8381275563541 -23.09316532360754 76.34860380319103 292.54232978980076 -999.0 16600.0 -999.0 2 -999 {-999.0 -999.0 -999.0 -999.0 -999.0} "" -999.0 -999.0 -999.0 -999.0 -999 -999 "" "" "" "" 0 0 0.0 0.0 -999 ""
FIBERMAP 603 R-11C2 BOSS 1 1 0 1 0 0 -148.4847931933587 -224.91885604455896 143.1 168.33455652229003 -210.46114109896942 246.26535 130.00848 123.8885397364327 -23.009863385792453 -5.1545033 -4.4748583 1.4315027 123.88872202036157 -23.00988240416718 123.83804546717982 -23.095401466989234 76.34960759499884 292.53385705847785 5400.0 5400.0 2016.0 1 516 {-999.0 12.826247 12.521708 12.439198 -999.0} sdss_psfmag_from_g3xp 12.785112 12.528399 12.108716 11.399 63050395995111377 996757958 bright_1x1 mwm_bin_gaia_sb_boss mwm_bin science 0 0 0.9016424417495728 0.0 -999 ""
FIBERMAP 603 R-11C2 METROLOGY 0 0 0 1 0 0 -148.31299282382415 -224.19891250861787 143.1 167.70238746611997 -210.0762352397152 246.26535 130.00848 -999.0 -999.0 -999.0 -999.0 -999.0 123.88669936652664 -23.008791454825996 123.83601050775178 -23.094299290654956 76.34743653763076 292.5341627197039 -999.0 6231.0 -999.0 -1 -999 {-999.0 -999.0 -999.0 -999.0 -999.0} "" -999.0 -999.0 -999.0 -999.0 -999 -999 "" "" "" "" 0 0 0.0 0.0 -999 ""
FIBERMAP 606 R-1C4 APOGEE 0 0 0 1 1 0 -194.8481533326313 -24.34663250684011 143.1 -36.76635521916538 -192.8826375603617 24.873646 69.31207 -999.0 -999.0 -999.0 -999.0 -999.0 123.21462428859361 -22.960275833533395 123.16369982753378 -23.044331371888585 75.7787550837062 291.50264483867863 -999.0 16600.0 -999.0 2 -999 {-999.0 -999.0 -999.0 -999.0 -999.0} "" -999.0 -999.0 -999.0 -999.0 -999 -999 "" "" "" "" 0 0 0.0 0.0 -999 ""
FIBERMAP 606 R-1C4 BOSS 1 0 0 1 1 0 -194.7714332630462 -25.11363849211819 143.1 -36.01296691454317 -193.04555680172584 24.873646 69.31207 123.20563493590001 -23.06397912911069 -0.71440953 0.4040632 0.5635361 123.21704088464637 -22.960796314819714 123.16616845467502 -23.044882367394436 75.7810209993945 291.5049817186357 5400.0 5400.0 2016.0 1 510 {-999.0 12.355108 11.616639 11.350973 -999.0} sdss_psfmag_from_g3xp 12.152211 11.657601 11.003075 9.711 63050395995097749 996757938 bright_1x1 mwm_bin_gaia_sb_boss mwm_bin science 0 0 1.2527788877487183 0.0 -999 ""
FIBERMAP 606 R-1C4 METROLOGY 0 0 0 1 1 0 -195.45921224073808 -24.778031657997662 143.1 -36.54383807903748 -193.59673809963 24.873646 69.31207 -999.0 -999.0 -999.0 -999.0 -999.0 123.21530774207184 -22.96249395076119 123.16441536544306 -23.046568835847452 75.7803823943397 291.49584329392144 -999.0 6231.0 -999.0 -1 -999 {-999.0 -999.0 -999.0 -999.0 -999.0} "" -999.0 -999.0 -999.0 -999.0 -999 -999 "" "" "" "" 0 0 0.0 0.0 -999 ""
FIBERMAP 609 R+3C17 APOGEE 0 0 0 1 0 0 95.96240763186604 66.49901975944852 143.1 -33.756209333596104 111.7601502703143 85.69822 145.2302 -999.0 -999.0 -999.0 -999.0 -999.0 123.22276769232026 -22.036683190630647 123.17418879735601 -22.120886211480787 75.33343291252113 294.7469256956439 -999.0 16600.0 -999.0 2 -999 {-999.0 -999.0 -999.0 -999.0 -999.0} "" -999.0 -999.0 -999.0 -999.0 -999 -999 "" "" "" "" 0 0 0.0 0.0 -999 ""
FIBERMAP 609 R+3C17 BOSS 1 1 0 1 0 0 96.52798237210588 67.13434427878569 143.1 -34.186747411303195 112.49369721189865 85.69822 145.2302 123.22128295898436 -22.03437277941846 -999.0 -999.0 -999.0 123.22128436244188 -22.03437571368151 123.17276255911759 -22.118604773554715 75.33112555830479 294.75196283046284 5400.0 5400.0 2015.5 1 227 {-999.0 -999.0 -999.0 -999.0 -999.0} "" -999.0 -999.0 -999.0 -999.0 27021603171080584 823346146 "" ops_sky_boss_good ops_sky sky_boss 0 0 0.0 0.0 -999 ""
FIBERMAP 609 R+3C17 METROLOGY 0 0 0 1 0 0 96.70428997973036 66.40357973260747 143.1 -33.43721081898589 112.43668068759825 85.69822 145.2302 -999.0 -999.0 -999.0 -999.0 -999.0 123.22374939045045 -22.034540600423053 123.17521355089696 -22.118766748062978 75.33315537780625 294.7560321497178 -999.0 6231.0 -999.0 -1 -999 {-999.0 -999.0 -999.0 -999.0 -999.0} "" -999.0 -999.0 -999.0 -999.0 -999 -999 "" "" "" "" 0 0 0.0 0.0 -999 ""
FIBERMAP 616 R+10C3 APOGEE 1 1 0 1 0 0 -121.90753595483027 207.448590164697 143.1 -234.87962395930234 -52.18520399575773 84.530876 73.677635 122.56476508368014 -22.533366949070555 -40.344677 -14.522865 10.654969 122.5648799237252 -22.533394355540917 122.51474481893376 -22.61610688896606 75.04934266791369 291.88098088737047 16000.0 16600.0 2016.0 2 13 {-999.0 6.812998 6.757222 6.7766666 -999.0} sdss_psfmag_from_g3xp 6.870372 6.730107 6.4632874 6.098 63050395995336282 984759799 bright_1x1 mwm_snc_100pc_apogee mwm_snc science 0 0 0.9049802422523499 0.0 -999 ""
FIBERMAP 616 R+10C3 BOSS 0 0 0 1 0 0 -121.22142318650481 207.18826012453255 143.1 -234.42088963203759 -51.61245431507255 84.530876 73.677635 -999.0 -999.0 -999.0 -999.0 -999.0 122.56629220980885 -22.531645953219716 122.51621673644104 -22.61438909483081 75.04971816785067 291.8893448721103 -999.0 5400.0 -999.0 1 16 {-999.0 -999.0 -999.0 -999.0 -999.0} "" -999.0 -999.0 -999.0 -999.0 -999 -999 "" "" "" "" 0 0 0.0 0.0 -999 ""
FIBERMAP 616 R+10C3 METROLOGY 0 0 0 1 0 0 -121.79631345721697 206.70308534090515 143.1 -234.13608126593653 -52.30868151797413 84.530876 73.677635 -999.0 -999.0 -999.0 -999.0 -999.0 122.56718921309947 -22.533772561518397 122.51709325688091 -22.616509603788224 75.05144034045057 291.883614294635 -999.0 6231.0 -999.0 -1 -999 {-999.0 -999.0 -999.0 -999.0 -999.0} "" -999.0 -999.0 -999.0 -999.0 -999 -999 "" "" "" "" 0 0 0.0 0.0 -999 ""
FIBERMAP 617 R-4C3 APOGEE 1 1 0 1 0 0 -210.4145731486009 -77.16289159926613 143.1 8.699301335647887 -223.93907295858486 129.73921 155.35826 123.36446803639066 -23.053622591549836 -2.9719014 1.9250995 0.25252613 123.36447737875153 -23.05363222281792 123.31338619833821 -23.137996882823515 75.9442352983191 291.42615250850235 16000.0 16600.0 2016.0 2 242 {-999.0 13.781408 12.508704 11.984056 -999.0} sdss_psfmag_from_g3xp 13.2918625 12.479274 11.601753 9.615 63050395995080478 1156066445 bright_1x1 mwm_galactic_core_dist_apogee_extra mwm_galactic science 0 0 0.0 0.0 -999 ""
FIBERMAP 617 R-4C3 BOSS 0 0 0 1 0 0 -210.59376389009856 -76.4262290582933 143.1 7.9432661223884 -223.8829855637385 129.73921 155.35826 -999.0 -999.0 -999.0 -999.0 -999.0 123.3619390361485 -23.053485604912623 123.31089870932573 -23.137869804286645 75.94215123356618 291.422235719668 -999.0 5400.0 -999.0 1 499 {-999.0 -999.0 -999.0 -999.0 -999.0} "" -999.0 -999.0 -999.0 -999.0 -999 -999 "" "" "" "" 0 0 0.0 0.0 -999 ""
FIBERMAP 617 R-4C3 METROLOGY 0 0 0 1 0 0 -209.87566167650985 -76.63183120558935 143.1 8.35976733070939 -223.26296528902884 129.73921 155.35826 -999.0 -999.0 -999.0 -999.0 -999.0 123.36332120307 -23.051658091957734 123.3122715473209 -23.136038446069477 75.9424169801093 291.4313274839154 -999.0 6231.0 -999.0 -1 -999 {-999.0 -999.0 -999.0 -999.0 -999.0} "" -999.0 -999.0 -999.0 -999.0 -999 -999 "" "" "" "" 0 0 0.0 0.0 -999 ""
FIBERMAP 618 R+8C5 APOGEE 0 0 0 1 0 0 -115.7163039111054 169.3388439029719 143.1 -196.7146653573048 -58.01622422519242 114.94906 106.20949 -999.0 -999.0 -999.0 -999.0 -999.0 122.68929778026296 -22.55148024736614 122.63917278628173 -22.634459646280405 75.15902278037424 292.0315492815655 -999.0 16600.0 -999.0 2 42 {-999.0 -999.0 -999.0 -999.0 -999.0} "" -999.0 -999.0 -999.0 -999.0 -999 -999 "" ops_sky_apogee_best_unassigned ops_sky sky_apogee 0 0 0.0 0.0 -999 ""
FIBERMAP 618 R+8C5 BOSS 1 1 0 1 0 0 -115.16119880782675 169.82851342971802 143.1 -197.00983593123348 -57.33743970795637 114.94906 106.20949 122.68824403617245 -22.549417824503934 -4.150179 -1.6943749 -6.7800937 122.6882264925486 -22.54940936217608 122.63816037283738 -22.632413914165912 75.1572238331459 292.0368188498185 5400.0 5400.0 2016.0 1 70 {-999.0 15.703619 15.220945 15.092764 -999.0} sdss_psfmag_ps1 15.573192 15.5137205 14.7087965 13.802 63050395995334992 1093564752 bright_1x1 mwm_astar_core_boss_single mwm_ob science 0 0 0.0 0.0 -999 ""
FIBERMAP 618 R+8C5 METROLOGY 0 0 0 1 0 0 -115.01300911950429 169.10403475040033 143.1 -196.27492876473846 -57.41927644577598 114.94906 106.20949 -999.0 -999.0 -999.0 -999.0 -999.0 122.69061047139988 -22.549680534710813 122.64052941056985 -22.63268250353097 75.15927260278505 292.0399806057405 -999.0 6231.0 -999.0 -1 -999 {-999.0 -999.0 -999.0 -999.0 -999.0} "" -999.0 -999.0 -999.0 -999.0 -999 -999 "" "" "" "" 0 0 0.0 0.0 -999 ""
FIBERMAP 621 R-1C10 APOGEE 0 0 0 1 0 0 -86.72093721890792 -14.412747100844555 143.1 -12.96031719629244 -86.94630619984305 117.291016 145.13457 -999.0 -999.0 -999.0 -999.0 -999.0 123.29217061934551 -22.639635748879822 123.24209876808948 -22.723903242805683 75.68957231431538 292.7855569605276 -999.0 16600.0 -999.0 2 -999 {-999.0 -999.0 -999.0 -999.0 -999.0} "" -999.0 -999.0 -999.0 -999.0 -999 -999 "" "" "" "" 0 0 0.0 0.0 -999 ""
FIBERMAP 621 R-1C10 BOSS 1 1 0 1 0 0 -86.61438619449892 -13.669736213578473 143.1 -13.634503858918178 -86.61638867867508 117.291016 145.13457 123.28984748039649 -22.638663245117694 -0.99170387 0.5005046 0.8471264 123.28989053683368 -22.638662892818594 123.23987193979895 -22.722952198882837 75.68731496628077 292.7848835754274 5400.0 5400.0 2016.0 1 509 {-999.0 14.795358 14.453934 14.355144 -999.0} sdss_psfmag_from_g3xp 14.745401 14.467246 14.02533 13.256 63050395995137602 976555525 "" ops_std_boss ops_std standard_boss 0 0 0.0 0.0 -999 ""
FIBERMAP 621 R-1C10 METROLOGY 0 0 0 1 0 0 -86.02994073184492 -14.12635214337728 143.1 -13.020278469927591 -86.20074727963755 117.291016 145.13457 -999.0 -999.0 -999.0 -999.0 -999.0 123.29192149766281 -22.637414014271478 123.24189231959832 -22.721700334103627 75.68833565566236 292.79297227405215 -999.0 6231.0 -999.0 -1 -999 {-999.0 -999.0 -999.0 -999.0 -999.0} "" -999.0 -999.0 -999.0 -999.0 -999 -999 "" "" "" "" 0 0 0.0 0.0 -999 ""
FIBERMAP 622 R-9C14 APOGEE 1 1 0 1 0 0 109.08447853740441 -169.3665870634393 143.1 194.7012357928422 51.69764365837695 3.049404 144.60132 123.97094224923379 -22.21637859409486 -0.7469545 1.0412085 0.050613716 123.97092335081756 -22.21637620922172 123.92223554228707 -22.302157322177298 76.0195598827227 295.57254170176026 16000.0 16600.0 2016.0 2 198 {-999.0 15.216561 13.880145 13.302154 -999.0} sdss_psfmag_from_g3xp 14.687021 13.823549 12.915558 10.813 63050395995254723 1152662856 bright_1x1 mwm_galactic_core_dist_apogee_sparse mwm_galactic science 0 0 0.0 0.0 -999 ""
FIBERMAP 622 R-9C14 BOSS 0 0 0 1 0 0 109.70564124243275 -169.7690632358332 143.1 195.27524184464994 52.16487315489175 3.049404 144.60132 -999.0 -999.0 -999.0 -999.0 -999.0 123.9727887759698 -22.214909775507248 123.92415470496195 -22.300722981140613 76.02032407486736 295.5814447893871 -999.0 5400.0 -999.0 1 274 {-999.0 -999.0 -999.0 -999.0 -999.0} "" -999.0 -999.0 -999.0 -999.0 -999 -999 "" "" "" "" 0 0 0.0 0.0 -999 ""
FIBERMAP 622 R-9C14 METROLOGY 0 0 0 1 0 0 109.04779033442749 -170.1116553394791 143.1 195.39886852868318 51.433566379628644 3.049404 144.60132 -999.0 -999.0 -999.0 -999.0 -999.0 123.97325404798642 -22.21712314890265 123.92460070898585 -22.30292912270365 76.02182888095653 295.5745514034128 -999.0 6231.0 -999.0 -1 -999 {-999.0 -999.0 -999.0 -999.0 -999.0} "" -999.0 -999.0 -999.0 -999.0 -999 -999 "" "" "" "" 0 0 0.0 0.0 -999 ""
FIBERMAP 625 R+1C2 APOGEE 0 0 0 1 0 0 -254.22673264957382 6.907083032054793 143.1 -84.76738232817279 -239.7670871309365 284.5153 117.988754 -999.0 -999.0 -999.0 -999.0 -999.0 123.0571660587272 -23.101363818899323 123.00580604305839 -23.18506030575054 75.71493481753558 290.7232710499286 -999.0 16600.0 -999.0 2 -999 {-999.0 -999.0 -999.0 -999.0 -999.0} "" -999.0 -999.0 -999.0 -999.0 -999 -999 "" "" "" "" 0 0 0.0 0.0 -999 ""
FIBERMAP 625 R+1C2 BOSS 1 1 0 1 0 0 -254.73857364331113 6.398650506059328 143.1 -84.44105190260458 -240.4104778767158 284.5153 117.988754 123.05831587931345 -23.103051960536163 -39.41361 -85.749886 11.481831 123.05818718193797 -23.103285824189463 123.0068755779227 -23.187009156020935 75.71669902105457 290.7180614421893 5400.0 5400.0 2016.0 1 11 {-999.0 18.110138 16.707771 15.2606535 -999.0} sdss_psfmag_ps1 17.51689 15.885822 14.656632 12.394 63050395995096648 1151078545 bright_1x1 mwm_snc_100pc_boss_single mwm_snc science 0 0 0.0 0.0 -999 ""
FIBERMAP 625 R+1C2 METROLOGY 0 0 0 1 0 0 -254.94509014615608 7.115555389695174 143.1 -85.18669300371965 -240.38646747870865 284.5153 117.988754 -999.0 -999.0 -999.0 -999.0 -999.0 123.05573505995118 -23.103259116611287 123.00440738744521 -23.186970105982983 75.71466235848898 290.7140062972412 -999.0 6231.0 -999.0 -1 -999 {-999.0 -999.0 -999.0 -999.0 -999.0} "" -999.0 -999.0 -999.0 -999.0 -999 -999 "" "" "" "" 0 0 0.0 0.0 -999 ""
FIBERMAP 628 R-7C16 APOGEE 0 0 0 1 0 0 129.9719152240817 -131.32710306281496 143.1 164.93202712827514 83.27185639415367 336.02444 162.07503 -999.0 -999.0 -999.0 -999.0 -999.0 123.87309605528193 -22.121183530116813 123.82460118686618 -22.206769091153188 75.89261960749191 295.71230845542505 -999.0 16600.0 -999.0 2 207 {-999.0 -999.0 -999.0 -999.0 -999.0} "" -999.0 -999.0 -999.0 -999.0 -999 -999 "" ops_sky_apogee_best_unassigned ops_sky sky_apogee 0 0 0.0 0.0 -999 ""
FIBERMAP 628 R-7C16 BOSS 1 1 0 1 0 0 130.54093717895762 -131.83217616847375 143.1 165.58761455166498 83.65791810894001 336.02444 162.07503 123.87524935337342 -22.119921604381354 4.359537 -8.074443 4.3002934 123.87523332965618 -22.119950045672617 123.8267920708484 -22.205568652804807 75.89371527841193 295.7208705348994 5400.0 5400.0 2016.0 1 292 {-999.0 18.264238 17.012125 15.531546 -999.0} sdss_psfmag_ps1 17.733913 16.23043 15.0355215 12.788 63050395995258745 1075862622 bright_1x1 mwm_erosita_stars_boss mwm_erosita science 0 0 0.0 0.0 -999 ""
FIBERMAP 628 R-7C16 METROLOGY 0 0 0 1 0 0 129.8296827661129 -132.06332872426896 143.1 165.58878283830978 82.91007572267439 336.02444 162.07503 -999.0 -999.0 -999.0 -999.0 -999.0 123.87529334920482 -22.122211715305497 123.8268324183179 -22.207822105284627 75.89493055303961 295.71308246670975 -999.0 6231.0 -999.0 -1 -999 {-999.0 -999.0 -999.0 -999.0 -999.0} "" -999.0 -999.0 -999.0 -999.0 -999 -999 "" "" "" "" 0 0 0.0 0.0 -999 ""
FIBERMAP 629 R0C19 APOGEE 1 1 0 1 0 0 99.39475542430904 -8.6437001150841 143.1 38.79629058672975 91.91345107054565 230.83856 100.2124 123.46103992977898 -22.096050885422553 -163.65874 -95.30973 10.525981 123.46051295795411 -22.096324591912534 123.41189133230512 -22.181030126051787 75.55305526208525 294.9939033715236 16000.0 16600.0 2016.0 2 90 {-999.0 12.040286 11.185304 10.896332 -999.0} sdss_psfmag_from_g3xp 11.777446 11.24019 10.550031 9.2 63050395995378069 984757533 bright_1x1 mwm_snc_100pc_apogee mwm_snc science 0 0 0.0 0.0 -999 ""
FIBERMAP 629 R0C19 BOSS 0 0 0 1 0 0 98.74226075332757 -8.287036952130718 143.1 38.25623755162015 91.40231861120836 230.83856 100.2124 -999.0 -999.0 -999.0 -999.0 -999.0 123.45872199693281 -22.097799164337225 123.41014692505257 -22.182529211049573 75.552447680951 294.98541269136064 -999.0 5400.0 -999.0 1 253 {-999.0 -999.0 -999.0 -999.0 -999.0} "" -999.0 -999.0 -999.0 -999.0 -999 -999 "" "" "" "" 0 0 0.0 0.0 -999 ""
FIBERMAP 629 R0C19 METROLOGY 0 0 0 1 0 0 99.370460667971 -7.889879895996178 143.1 38.07157332618472 92.12219623637448 230.83856 100.2124 -999.0 -999.0 -999.0 -999.0 -999.0 123.45812698806252 -22.09561688423761 123.4095426603788 -22.180337872081804 75.55083576089048 294.99177095561214 -999.0 6231.0 -999.0 -1 -999 {-999.0 -999.0 -999.0 -999.0 -999.0} "" -999.0 -999.0 -999.0 -999.0 -999 -999 "" "" "" "" 0 0 0.0 0.0 -999 ""
FIBERMAP 632 R-6C1 APOGEE 1 1 0 1 0 0 -203.54175679694455 -108.07784181222718 143.1 40.228200183814536 -226.90859357986048 99.79737 14.903514 123.46829046014035 -23.062174559714247 -9.508134 -9.840328 1.1752282 123.46823824258972 -23.062232489846153 123.4171750240609 -23.146818780712884 76.03279086407647 291.5775684967303 16000.0 16600.0 2016.0 2 274 {-999.0 11.005403 10.101745 9.769934 -999.0} sdss_psfmag_from_g3xp 10.720764 10.137655 9.414653 7.929 63050395995080222 996674813 bright_1x1 mwm_bin_gaia_sb_apogee mwm_bin science 0 0 0.0 0.0 -999 ""
FIBERMAP 632 R-6C1 BOSS 0 0 0 1 0 0 -203.21963927452347 -108.76273986560905 143.1 40.97894416726503 -226.8127672452595 99.79737 14.903514 -999.0 -999.0 -999.0 -999.0 -999.0 123.47066299583 -23.061944769169166 123.4196529722634 -23.146561200477713 76.03468566566367 291.5829189293789 -999.0 5400.0 -999.0 1 446 {-999.0 -999.0 -999.0 -999.0 -999.0} "" -999.0 -999.0 -999.0 -999.0 -999 -999 "" "" "" "" 0 0 0.0 0.0 -999 ""
FIBERMAP 632 R-6C1 METROLOGY 0 0 0 1 0 0 -203.9494258813582 -108.71054989965887 143.1 40.70481763390314 -227.49109172782073 99.79737 14.903514 -999.0 -999.0 -999.0 -999.0 -999.0 123.46978763595962 -23.064032629712187 123.41875733602842 -23.148639827800398 76.03492751401535 291.57370879933956 -999.0 6231.0 -999.0 -1 -999 {-999.0 -999.0 -999.0 -999.0 -999.0} "" -999.0 -999.0 -999.0 -999.0 -999 -999 "" "" "" "" 0 0 0.0 0.0 -999 ""
FIBERMAP 633 R+7C5 APOGEE 1 1 0 1 0 0 -109.68146676791645 132.34389869689784 143.1 -159.65852151458026 -63.65315887819349 354.42706 109.52707 122.8104384677715 -22.568883587602063 -1.1149976 2.816365 0.26658243 122.81044302934447 -22.568874605063126 122.7603288013537 -22.65211354683396 75.26563798594543 292.1806349912046 16000.0 16600.0 2016.0 2 34 {-999.0 13.564909 12.595741 12.228835 -999.0} sdss_psfmag_from_g3xp 13.244569 12.619912 11.862862 10.226 63050395995330861 1152663015 bright_1x1 mwm_galactic_core_dist_apogee_sparse mwm_galactic science 0 0 0.0 0.0 -999 ""
FIBERMAP 633 R+7C5 BOSS 0 0 0 1 0 0 -109.52660984432102 131.61507765095564 143.1 -158.91743195630005 -63.729987508451494 354.42706 109.52707 -999.0 -999.0 -999.0 -999.0 -999.0 122.81275050373037 -22.569109626426044 122.76269034424257 -22.65238057150831 75.26767835729721 292.18382418877434 -999.0 5400.0 -999.0 1 57 {-999.0 -999.0 -999.0 -999.0 -999.0} "" -999.0 -999.0 -999.0 -999.0 -999 -999 "" "" "" "" 0 0 0.0 0.0 -999 ""
FIBERMAP 633 R+7C5 METROLOGY 0 0 0 1 0 0 -110.220321399846 131.82985831812616 143.1 -159.3351642255106 -64.32397742422998 354.42706 109.52707 -999.0 -999.0 -999.0 -999.0 -999.0 122.8113770537798 -22.57092228216217 122.76129645659131 -22.654182333447626 75.26741379170589 292.1751811849323 -999.0 6231.0 -999.0 -1 -999 {-999.0 -999.0 -999.0 -999.0 -999.0} "" -999.0 -999.0 -999.0 -999.0 -999 -999 "" "" "" "" 0 0 0.0 0.0 -999 ""
FIBERMAP 634 R+2C21 APOGEE 1 1 0 1 0 0 181.12840072131817 53.74859046847643 143.1 4.571047057862213 188.87206886789124 97.86438 102.07134 123.34762573242186 -21.803174046609456 -999.0 -999.0 -999.0 123.3476083796084 -21.803200288461067 123.29967211531141 -21.88770456237726 75.3109766704008 295.7715718276439 16000.0 16600.0 2015.5 2 73 {-999.0 -999.0 -999.0 -999.0 -999.0} "" -999.0 -999.0 -999.0 -999.0 27021603171080786 848511891 "" ops_sky_apogee_best ops_sky sky_apogee 0 0 0.0 0.0 -999 ""
FIBERMAP 634 R+2C21 BOSS 0 0 0 1 0 0 181.84581057092117 53.95987312016899 143.1 4.590677880121216 189.61965641296266 97.86438 102.07134 -999.0 -999.0 -999.0 -999.0 -999.0 123.34761623814688 -21.80085507112217 123.29973727396037 -21.88538943366169 75.30980336262796 295.7794458070537 -999.0 5400.0 -999.0 1 231 {-999.0 -999.0 -999.0 -999.0 -999.0} "" -999.0 -999.0 -999.0 -999.0 -999 -999 "" "" "" "" 0 0 0.0 0.0 -999 ""
FIBERMAP 634 R+2C21 METROLOGY 0 0 0 1 0 0 181.67124899379073 53.2411361523416 143.1 5.220849614911832 189.2324944387033 97.86438 102.07134 -999.0 -999.0 -999.0 -999.0 -999.0 123.34969176593091 -21.802001835611385 123.30179627240318 -21.886532064167987 75.3120291915769 295.77960783913886 -999.0 6231.0 -999.0 -1 -999 {-999.0 -999.0 -999.0 -999.0 -999.0} "" -999.0 -999.0 -999.0 -999.0 -999 -999 "" "" "" "" 0 0 0.0 0.0 -999 ""
FIBERMAP 636 R-3C16 APOGEE 1 1 0 1 0 0 91.09824219648168 -76.4107235028083 143.1 100.72338459918939 63.1756061778865 21.670063 18.035738 123.66377524011115 -22.182860992414348 -3.940122 0.5221543 0.18406336 123.66371332466888 -22.18287480020654 123.61496713549025 -22.268003810879886 75.75893187835791 295.0858720902254 16000.0 16600.0 2016.0 2 220 {-999.0 13.500367 12.069877 11.392678 -999.0} sdss_psfmag_from_g3xp 12.915906 11.960393 10.997677 8.793 63050395995152682 1156066620 bright_1x1 mwm_galactic_core_dist_apogee_extra mwm_galactic science 0 0 0.0 0.0 -999 ""
FIBERMAP 636 R-3C16 BOSS 0 0 0 1 0 0 90.52564144705963 -76.90161935306091 143.1 101.01434065843647 62.47979771393742 21.670063 18.035738 -999.0 -999.0 -999.0 -999.0 -999.0 123.66468376321313 -22.184921104148025 123.61598321251057 -22.27008005146284 75.76081051413455 295.0806254499969 -999.0 5400.0 -999.0 1 317 {-999.0 -999.0 -999.0 -999.0 -999.0} "" -999.0 -999.0 -999.0 -999.0 -999 -999 "" "" "" "" 0 0 0.0 0.0 -999 ""
FIBERMAP 636 R-3C16 METROLOGY 0 0 0 1 0 0 90.38932714769173 -76.16304757503892 143.1 100.26967684410049 62.57726841946007 21.670063 18.035738 -999.0 -999.0 -999.0 -999.0 -999.0 123.66226967176888 -22.18463539237001 123.61355446990302 -22.26978123517248 75.75873230718813 295.0769398198464 -999.0 6231.0 -999.0 -1 -999 {-999.0 -999.0 -999.0 -999.0 -999.0} "" -999.0 -999.0 -999.0 -999.0 -999 -999 "" "" "" "" 0 0 0.0 0.0 -999 ""
FIBERMAP 642 R-2C18 APOGEE 0 0 0 1 0 0 123.66909515849434 -52.63693026722882 143.1 88.12129364000599 101.47849026306591 346.4277 75.621765 -999.0 -999.0 -999.0 -999.0 -999.0 123.62181868376996 -22.066888238150753 123.5733444767688 -22.151943801449594 75.66569288608598 295.40650405607636 -999.0 16600.0 -999.0 2 -999 {-999.0 -999.0 -999.0 -999.0 -999.0} "" -999.0 -999.0 -999.0 -999.0 -999 -999 "" "" "" "" 0 0 0.0 0.0 -999 ""
FIBERMAP 642 R-2C18 BOSS 1 1 0 1 0 0 123.30761360033351 -53.30217025702659 143.1 88.64307096250037 100.92993239874222 346.4277 75.621765 123.62354201496326 -22.06843707329563 -1.7428337 1.332045 0.20154515 123.62353002646586 -22.068468015234654 123.57510309231105 -22.153555629333997 75.6679236070749 295.40438632384047 5400.0 5400.0 2016.0 1 299 {-999.0 17.323221 16.97209 16.829447 -999.0} sdss_psfmag_ps1 17.217432 16.904333 16.438797 15.36 63050395995379383 978540208 "" ops_std_boss ops_std standard_boss 0 0 0.0 0.0 -999 ""
FIBERMAP 642 R-2C18 METROLOGY 0 0 0 1 0 0 122.9216538892678 -52.665735923845354 143.1 87.91880255106297 100.75845497453302 346.4277 75.621765 -999.0 -999.0 -999.0 -999.0 -999.0 123.62118843769146 -22.068991736229755 123.57274482813892 -22.15406615257696 75.66632723017544 295.39802132243756 -999.0 6231.0 -999.0 -1 -999 {-999.0 -999.0 -999.0 -999.0 -999.0} "" -999.0 -999.0 -999.0 -999.0 -999 -999 "" "" "" "" 0 0 0.0 0.0 -999 ""
FIBERMAP 643 R+9C3 APOGEE 0 0 0 1 0 0 -152.6566445032547 190.95399284944952 143.1 -228.6432053942573 -86.51578942903103 146.11275 78.499214 -999.0 -999.0 -999.0 -999.0 -999.0 122.58509750700048 -22.637319068861157 122.53470588271466 -22.720060750891957 75.11485600024709 291.55939561237767 -999.0 16600.0 -999.0 2 35 {-999.0 -999.0 -999.0 -999.0 -999.0} "" -999.0 -999.0 -999.0 -999.0 -999 -999 "" ops_sky_apogee_best_unassigned ops_sky sky_apogee 0 0 0.0 0.0 -999 ""
FIBERMAP 643 R+9C3 BOSS 1 1 0 1 0 0 -152.10808000062158 191.5013900609335 143.1 -228.9953144565131 -85.82547219428304 146.11275 78.499214 122.5839024086131 -22.635213071655738 -5.2697835 4.1998816 -0.4923797 122.5838728787295 -22.63520783984557 122.5335405899279 -22.71797406656952 75.11292376019617 291.5645832239682 5400.0 5400.0 2016.0 1 59 {-999.0 15.647289 15.244171 15.150078 -999.0} sdss_psfmag_ps1 15.513844 15.296276 14.778257 14.028 63050395995332601 1093564758 bright_1x1 mwm_astar_core_boss_single mwm_ob science 0 0 0.0 0.0 -999 ""
FIBERMAP 643 R+9C3 METROLOGY 0 0 0 1 0 0 -151.9412164999194 190.75834326713502 143.1 -228.23699638711017 -85.89525238651869 146.11275 78.499214 -999.0 -999.0 -999.0 -999.0 -999.0 122.58631645286373 -22.635452627939365 122.53596919907386 -22.71821648924062 75.11501325456875 291.5678660238178 -999.0 6231.0 -999.0 -1 -999 {-999.0 -999.0 -999.0 -999.0 -999.0} "" -999.0 -999.0 -999.0 -999.0 -999 -999 "" "" "" "" 0 0 0.0 0.0 -999 ""
FIBERMAP 646 R-9C11 APOGEE 1 1 0 1 0 0 40.437048109477026 -162.49320056842998 143.1 167.04667021701778 -11.504867206644668 66.65547 109.94568 123.88208575479122 -22.40840393487854 -1.4845147 1.5938557 0.21449764 123.88206115425928 -22.408400900086686 123.8328499150465 -22.49396529741325 76.04789241269924 294.7151779496869 16000.0 16600.0 2016.0 2 164 {-999.0 14.284068 13.243847 12.827463 -999.0} sdss_psfmag_from_g3xp 13.926719 13.250556 12.458571 10.677 63050395995145403 1152662606 bright_1x1 mwm_galactic_core_dist_apogee_sparse mwm_galactic science 0 0 0.0 0.0 -999 ""
FIBERMAP 646 R-9C11 BOSS 0 0 0 1 0 0 41.18157192735841 -162.50992295081826 143.1 167.29158295733606 -10.801611395183237 66.65547 109.94568 -999.0 -999.0 -999.0 -999.0 -999.0 123.88286883888979 -22.4062408780982 123.83371298628595 -22.491834518640164 76.04748978667303 294.72446480328256 -999.0 5400.0 -999.0 1 397 {-999.0 -999.0 -999.0 -999.0 -999.0} "" -999.0 -999.0 -999.0 -999.0 -999 -999 "" "" "" "" 0 0 0.0 0.0 -999 ""
FIBERMAP 646 R-9C11 METROLOGY 0 0 0 1 0 0 40.78542666311765 -163.15723152125986 143.1 167.78563698435386 -11.377635700139276 66.65547 109.94568 -999.0 -999.0 -999.0 -999.0 -999.0 123.88453089449783 -22.407987161583144 123.83535738092866 -22.493576390441934 76.0496856341701 294.72147199930544 -999.0 6231.0 -999.0 -1 -999 {-999.0 -999.0 -999.0 -999.0 -999.0} "" -999.0 -999.0 -999.0 -999.0 -999 -999 "" "" "" "" 0 0 0.0 0.0 -999 ""
FIBERMAP 651 R-2C19 APOGEE 1 1 0 1 0 0 139.4119985981785 -56.23722794284722 143.1 96.38912926215261 115.35015860233078 321.76407 73.30889 123.64863390542918 -22.02476721347099 -3.212398 1.5346614 0.2001113 123.64859918086512 -22.024791881166365 123.60024276844803 -22.109910724451908 75.66491912011844 295.6038382229183 16000.0 16600.0 2016.0 2 240 {-999.0 14.084173 13.0802145 12.670277 -999.0} sdss_psfmag_from_g3xp 13.747162 13.085526 12.302667 10.588 63050395995379672 1152662965 bright_1x1 mwm_galactic_core_dist_apogee_sparse mwm_galactic science 0 0 0.0 0.0 -999 ""
FIBERMAP 651 R-2C19 BOSS 0 0 0 1 0 0 138.82605315454916 -56.674048976834115 143.1 96.62452965018593 114.65828534425708 321.76407 73.30889 -999.0 -999.0 -999.0 -999.0 -999.0 123.64937663655621 -22.02680546605895 123.60106587948349 -22.111954445862384 75.66664076963352 295.59842782571195 -999.0 5400.0 -999.0 1 303 {-999.0 -999.0 -999.0 -999.0 -999.0} "" -999.0 -999.0 -999.0 -999.0 -999 -999 "" "" "" "" 0 0 0.0 0.0 -999 ""
FIBERMAP 651 R-2C19 METROLOGY 0 0 0 1 0 0 138.73051397114065 -55.93111883315868 143.1 95.8882606095996 114.79589329782463 321.76407 73.30889 -999.0 -999.0 -999.0 -999.0 -999.0 123.646993600206 -22.026390478031132 123.59866853521157 -22.11152626525469 75.66452540208759 295.59519276848897 -999.0 6231.0 -999.0 -1 -999 {-999.0 -999.0 -999.0 -999.0 -999.0} "" -999.0 -999.0 -999.0 -999.0 -999 -999 "" "" "" "" 0 0 0.0 0.0 -999 ""
FIBERMAP 652 R-4C22 APOGEE 0 0 0 1 0 0 209.43669019622465 -76.4992387573947 143.1 137.2063192452161 175.7450127334401 187.46696 103.79224 -999.0 -999.0 -999.0 -999.0 -999.0 123.78038428705283 -21.841880045223643 123.73254538669289 -21.927306622689294 75.67193084520086 296.49205466905465 -999.0 16600.0 -999.0 2 -999 {-999.0 -999.0 -999.0 -999.0 -999.0} "" -999.0 -999.0 -999.0 -999.0 -999 -999 "" "" "" "" 0 0 0.0 0.0 -999 ""
FIBERMAP 652 R-4C22 BOSS 1 1 0 1 0 0 209.12597195413446 -75.79624156777942 143.1 136.4418605083055 175.6655995417719 187.46696 103.79224 123.77759143623001 -21.842046418059216 -2.0350037 0.53553617 0.47154424 123.77787572275396 -21.842062615590024 123.73008505720816 -21.927513207180027 75.67011608793092 296.48640012544496 5400.0 5400.0 2016.0 1 278 {-999.0 13.292062 12.530159 12.241348 -999.0} sdss_psfmag_from_g3xp 13.077173 12.5615225 11.891324 10.524 63050395995514585 996714275 bright_1x1 mwm_bin_gaia_sb_boss mwm_bin science 0 0 0.9691557288169861 0.0 -999 ""
FIBERMAP 652 R-4C22 METROLOGY 0 0 0 1 0 0 209.89106369666501 -75.90506459194012 143.1 136.78073145313155 176.36009686513475 187.46696 103.79224 -999.0 -999.0 -999.0 -999.0 -999.0 123.77899703339187 -21.839946066882185 123.731198036985 -21.925391026141284 75.66984794904847 296.49587352022934 -999.0 6231.0 -999.0 -1 -999 {-999.0 -999.0 -999.0 -999.0 -999.0} "" -999.0 -999.0 -999.0 -999.0 -999 -999 "" "" "" "" 0 0 0.0 0.0 -999 ""
FIBERMAP 653 R+5C11 APOGEE 1 1 0 1 0 0 -11.90054282218864 111.83870055892875 143.1 -110.07264089028364 23.07638724803749 105.34928 104.20954 122.97290913893112 -22.30576578222987 -2.267667 -80.27399 4.1282907 122.97289720765515 -22.30596554966432 122.92352518786379 -22.389592319555497 75.26912117191355 293.3709657777956 16000.0 16600.0 2016.0 2 142 {-999.0 10.298627 9.610564 9.333744 -999.0} sdss_psfmag_from_g3xp 10.116052 9.635645 8.986588 7.667 63050395995370863 1108985063 bright_1x1 mwm_tess_rgb_apogee mwm_tessrgb science 0 0 0.0 0.0 -999 ""
FIBERMAP 653 R+5C11 BOSS 0 0 0 1 0 0 -11.240268910612128 112.18040469906863 143.1 -110.19467742404936 23.809726340912995 105.34928 104.20954 -999.0 -999.0 -999.0 -999.0 -999.0 122.97238192649587 -22.303699777716538 122.92306836260042 -22.387353743475288 75.26764348740964 293.37778395875813 -999.0 5400.0 -999.0 1 143 {-999.0 -999.0 -999.0 -999.0 -999.0} "" -999.0 -999.0 -999.0 -999.0 -999 -999 "" "" "" "" 0 0 0.0 0.0 -999 ""
FIBERMAP 653 R+5C11 METROLOGY 0 0 0 1 0 0 -11.271901472944254 111.43823471472386 143.1 -109.49824733255268 23.551350862489723 105.34928 104.20954 -999.0 -999.0 -999.0 -999.0 -999.0 122.97466622096903 -22.304488971070544 122.92533667872448 -22.388139819435793 75.26985441280593 293.3791941672978 -999.0 6231.0 -999.0 -1 -999 {-999.0 -999.0 -999.0 -999.0 -999.0} "" -999.0 -999.0 -999.0 -999.0 -999 -999 "" "" "" "" 0 0 0.0 0.0 -999 ""
FIBERMAP 656 R+4C4 APOGEE 0 0 0 1 0 0 -165.37763301470284 76.31444232995314 143.1 -123.47873947632635 -133.88055373221334 1.9904126 110.203735 -999.0 -999.0 -999.0 -999.0 -999.0 122.92922469193715 -22.781776088171355 122.87862194062711 -22.865241598988682 75.46291679054326 291.64371941710357 -999.0 16600.0 -999.0 2 -999 {-999.0 -999.0 -999.0 -999.0 -999.0} "" -999.0 -999.0 -999.0 -999.0 -999 -999 "" "" "" "" 0 0 0.0 0.0 -999 ""
FIBERMAP 656 R+4C4 BOSS 1 1 0 1 0 0 -165.11047722563796 75.63139432429742 143.1 -122.74666098666798 -133.83645333133288 1.9904126 110.203735 122.93154361938106 -22.78167528076443 -3.2871823 2.7309773 -0.73122776 122.93152812299283 -22.781667438946933 122.88097994904223 -22.865164127153836 75.46479693081942 291.64806893877346 5400.0 5400.0 2016.0 1 37 {-999.0 14.891854 14.608627 14.515672 -999.0} sdss_psfmag_from_g3xp 14.861374 14.614949 14.187304 13.486 63050395995105840 1093865175 bright_1x1 mwm_astar_core_boss_single mwm_ob science 0 0 0.0 0.0 -999 ""
FIBERMAP 656 R+4C4 METROLOGY 0 0 0 1 0 0 -165.83168789898468 75.72002464948267 143.1 -123.05282198421763 -134.49540960780516 1.9904126 110.203735 -999.0 -999.0 -999.0 -999.0 -999.0 122.93052469985435 -22.78368318461833 122.8799558305887 -22.86716999569958 75.46490918425106 291.63924769418674 -999.0 6231.0 -999.0 -1 -999 {-999.0 -999.0 -999.0 -999.0 -999.0} "" -999.0 -999.0 -999.0 -999.0 -999 -999 "" "" "" "" 0 0 0.0 0.0 -999 ""
FIBERMAP 657 R-1C7 APOGEE 1 1 0 1 0 0 -139.72113751678026 -39.72783170217856 143.1 -5.175407526081816 -145.16137243663906 349.35538 37.75296 123.31820656063235 -22.815928889660256 -2.3756597 2.2989383 0.21497238 123.31821466748458 -22.815952693015056 123.2677069893615 -22.900251372951598 75.7951549083718 292.2040769938942 16000.0 16600.0 2016.0 2 280 {-999.0 13.798837 12.623664 12.149886 -999.0} sdss_psfmag_from_g3xp 13.365462 12.613464 11.771635 9.853 63050395995132235 1152662518 bright_1x1 mwm_galactic_core_dist_apogee_sparse mwm_galactic science 0 0 0.0 0.0 -999 ""
FIBERMAP 657 R-1C7 BOSS 0 0 0 1 0 0 -140.39797702251795 -40.071183377383534 143.1 -5.056898665987096 -145.91098010750883 349.35538 37.75296 -999.0 -999.0 -999.0 -999.0 -999.0 123.3185561918432 -22.818259935939796 123.26809459752167 -22.902584909465876 75.7965816781493 292.19641227915497 -999.0 5400.0 -999.0 1 460 {-999.0 -999.0 -999.0 -999.0 -999.0} "" -999.0 -999.0 -999.0 -999.0 -999 -999 "" "" "" "" 0 0 0.0 0.0 -999 ""
FIBERMAP 657 R-1C7 METROLOGY 0 0 0 1 0 0 -140.35506001817163 -39.32148035907787 143.1 -5.757025401154334 -145.63955068978447 349.35538 37.75296 -999.0 -999.0 -999.0 -999.0 -999.0 123.31626394426259 -22.817466859642103 123.26578861351095 -22.901779684421086 75.79433057091607 292.1951685029559 -999.0 6231.0 -999.0 -1 -999 {-999.0 -999.0 -999.0 -999.0 -999.0} "" -999.0 -999.0 -999.0 -999.0 -999 -999 "" "" "" "" 0 0 0.0 0.0 -999 ""
FIBERMAP 658 R-3C12 APOGEE 1 1 0 1 0 0 -21.261869599334258 -61.611711405137605 143.1 52.0825361372059 -39.18085848773761 177.31935 137.50865 123.50555419921872 -22.494125429107697 -999.0 -999.0 -999.0 123.50558465324684 -22.494121405396445 123.45598096267753 -22.578867741936918 75.79010419981842 293.6923358511302 16000.0 16600.0 2015.5 2 177 {-999.0 -999.0 -999.0 -999.0 -999.0} "" -999.0 -999.0 -999.0 -999.0 27021603171068850 845456691 "" ops_sky_apogee_best ops_sky sky_apogee 0 0 0.0 0.0 -999 ""
FIBERMAP 658 R-3C12 BOSS 0 0 0 1 0 0 -21.7537527866614 -61.07247033194157 143.1 51.41816504173264 -39.48301479653878 177.31935 137.50865 -999.0 -999.0 -999.0 -999.0 -999.0 123.50338849854194 -22.495043311569923 123.45383246686248 -22.57981184064402 75.78885367029818 293.684977455536 -999.0 5400.0 -999.0 1 421 {-999.0 -999.0 -999.0 -999.0 -999.0} "" -999.0 -999.0 -999.0 -999.0 -999 -999 "" "" "" "" 0 0 0.0 0.0 -999 ""
FIBERMAP 658 R-3C12 METROLOGY 0 0 0 1 0 0 -21.02112090981373 -60.90014682057008 143.1 51.47954670909955 -38.732926911172314 177.31935 137.50865 -999.0 -999.0 -999.0 -999.0 -999.0 123.5036015866113 -22.49277616576679 123.4540369264173 -22.577537815738882 75.78788531629253 293.69339354518473 -999.0 6231.0 -999.0 -1 -999 {-999.0 -999.0 -999.0 -999.0 -999.0} "" -999.0 -999.0 -999.0 -999.0 -999 -999 "" "" "" "" 0 0 0.0 0.0 -999 ""
FIBERMAP 659 R+7C14 APOGEE 1 1 0 1 0 0 93.17513405339473 122.38911395767573 143.1 -87.79181367781312 126.29887352690278 7.5552554 55.352226 123.04602852594034 -21.992946885630776 -3.301821 5.9121165 0.55267984 123.04602202489198 -21.992956784772137 122.99747441154312 -22.076785306996 75.17031858490152 294.5649132227091 16000.0 16600.0 2016.0 2 94 {-999.0 12.130716 11.119211 10.726504 -999.0} sdss_psfmag_from_g3xp 11.789823 11.138978 10.362607 8.646 63050395995399742 1152663060 bright_1x1 mwm_galactic_core_dist_apogee_sparse mwm_galactic science 0 0 0.0 0.0 -999 ""
FIBERMAP 659 R+7C14 BOSS 0 0 0 1 0 0 92.83335079772188 121.72111541623723 143.1 -87.26135281650336 125.76820971834404 7.5552554 55.352226 -999.0 -999.0 -999.0 -999.0 -999.0 123.04766076487064 -21.994477132362913 122.99916262611492 -22.078338106360714 75.17245817585516 294.56284280901156 -999.0 5400.0 -999.0 1 167 {-999.0 -999.0 -999.0 -999.0 -999.0} "" -999.0 -999.0 -999.0 -999.0 -999 -999 "" "" "" "" 0 0 0.0 0.0 -999 ""
FIBERMAP 659 R+7C14 METROLOGY 0 0 0 1 0 0 92.4212959835391 122.34624311812006 143.1 -87.98288956793087 125.56842562267127 7.5552554 55.352226 -999.0 -999.0 -999.0 -999.0 -999.0 123.04530600071664 -21.995079542718422 122.99679040060016 -22.078927098935946 75.17087361175253 294.5564598991909 -999.0 6231.0 -999.0 -1 -999 {-999.0 -999.0 -999.0 -999.0 -999.0} "" -999.0 -999.0 -999.0 -999.0 -999 -999 "" "" "" "" 0 0 0.0 0.0 -999 ""
FIBERMAP 662 R+12C15 APOGEE 1 1 0 1 0 0 160.82065152055776 211.3033720247806 143.1 -151.5854182549418 218.01058937142236 351.47318 25.256569 122.83905474522744 -21.71657822456807 -2.4483922 3.9295907 0.57851225 122.83900858676321 -21.71659816314313 122.79106674956904 -21.800018855113496 74.8632371768197 295.0975077935166 16000.0 16600.0 2016.0 2 109 {-999.0 11.719167 10.764853 10.404448 -999.0} sdss_psfmag_from_g3xp 11.406719 10.793044 10.045381 8.461 63050395995407058 1156066648 bright_1x1 mwm_galactic_core_dist_apogee_extra mwm_galactic science 0 0 0.0 0.0 -999 ""
FIBERMAP 662 R+12C15 BOSS 0 0 0 1 0 0 160.11049205565942 211.06065745210427 143.1 -151.57291215812316 217.26023254372546 351.47318 25.256569 -999.0 -999.0 -999.0 -999.0 -999.0 122.83898394128998 -21.718824220012646 122.79108977578306 -21.802274821030085 74.86443300942157 295.09018123272585 -999.0 5400.0 -999.0 1 187 {-999.0 -999.0 -999.0 -999.0 -999.0} "" -999.0 -999.0 -999.0 -999.0 -999 -999 "" "" "" "" 0 0 0.0 0.0 -999 ""
FIBERMAP 662 R+12C15 METROLOGY 0 0 0 1 0 0 160.26252241017738 211.8085146335329 143.1 -152.23772137195712 217.6349133550238 351.47318 25.256569 -999.0 -999.0 -999.0 -999.0 -999.0 122.83681641646066 -21.71767177196997 122.7889091183028 -21.80110927681715 74.86209764474826 295.0899415494131 -999.0 6231.0 -999.0 -1 -999 {-999.0 -999.0 -999.0 -999.0 -999.0} "" -999.0 -999.0 -999.0 -999.0 -999 -999 "" "" "" "" 0 0 0.0 0.0 -999 ""
FIBERMAP 666 R-7C1 APOGEE 1 1 0 1 0 0 -219.0848036491634 -148.03609125562284 143.1 73.4669105346821 -253.98790452646517 248.2225 112.36429 123.57776175801982 -23.14309906485683 -12.322536 2.7924807 4.8179 123.57771740848413 -23.14309081758016 123.52650110081197 -23.22790058469441 76.15948099527674 291.4736859690752 16000.0 16600.0 2016.0 2 275 {-999.0 9.458134 9.393525 9.413454 -999.0} sdss_psfmag_from_g3xp 9.506701 9.362145 9.092813 8.696 63050395995112629 975250405 "" ops_std_apogee ops_std standard_apogee 0 0 0.0 0.0 -999 ""
FIBERMAP 666 R-7C1 BOSS 0 0 0 1 0 0 -219.83432869290036 -148.0522747475427 143.1 73.25176878169762 -254.7060401401524 248.2225 112.36429 -999.0 -999.0 -999.0 -999.0 -999.0 123.57696351409811 -23.145225978435782 123.5257923180252 -23.230058364090148 76.15990636388763 291.4644331149642 -999.0 5400.0 -999.0 1 447 {-999.0 -999.0 -999.0 -999.0 -999.0} "" -999.0 -999.0 -999.0 -999.0 -999 -999 "" "" "" "" 0 0 0.0 0.0 -999 ""
FIBERMAP 666 R-7C1 METROLOGY 0 0 0 1 0 0 -219.46500643694498 -147.39549885136833 143.1 72.74045652593004 -254.15262540934975 248.2225 112.36429 -999.0 -999.0 -999.0 -999.0 -999.0 123.57530930045348 -23.14362954068226 123.5241269428862 -23.228451656131256 76.15780486519888 291.46741020693173 -999.0 6231.0 -999.0 -1 -999 {-999.0 -999.0 -999.0 -999.0 -999.0} "" -999.0 -999.0 -999.0 -999.0 -999 -999 "" "" "" "" 0 0 0.0 0.0 -999 ""
FIBERMAP 670 R+9C6 APOGEE 1 1 0 1 0 0 -71.30174312818913 168.10679054767215 143.1 -181.88129554873404 -16.13562758907316 284.7749 145.5927 122.73788452148436 -22.424750654647454 -999.0 -999.0 -999.0 122.73787311541682 -22.42471445322023 122.68809324069349 -22.50781680680424 75.13758333247064 292.549415739964 16000.0 16600.0 2015.5 2 149 {-999.0 -999.0 -999.0 -999.0 -999.0} "" -999.0 -999.0 -999.0 -999.0 27021603171078758 845457619 "" ops_sky_apogee_best ops_sky sky_apogee 0 0 0.0 0.0 -999 ""
FIBERMAP 670 R+9C6 BOSS 0 0 0 1 0 0 -71.5673900265616 167.43058851865192 143.1 -181.31961110249148 -16.596372439248405 284.7749 145.5927 -999.0 -999.0 -999.0 -999.0 -999.0 122.73958522621425 -22.426092297231985 122.68985646407958 -22.509225785185226 75.13969144553617 292.5476966157172 -999.0 5400.0 -999.0 1 153 {-999.0 -999.0 -999.0 -999.0 -999.0} "" -999.0 -999.0 -999.0 -999.0 -999 -999 "" "" "" "" 0 0 0.0 0.0 -999 ""
FIBERMAP 670 R+9C6 METROLOGY 0 0 0 1 0 0 -72.0300705525488 167.97462409399506 143.1 -181.97956187188063 -16.86926830826699 284.7749 145.5927 -999.0 -999.0 -999.0 -999.0 -999.0 122.7374182902857 -22.42692544081286 122.68767117489341 -22.510046294254828 75.13832479325019 292.5410785405604 -999.0 6231.0 -999.0 -1 -999 {-999.0 -999.0 -999.0 -999.0 -999.0} "" -999.0 -999.0 -999.0 -999.0 -999 -999 "" "" "" "" 0 0 0.0 0.0 -999 ""
FIBERMAP 679 R+6C12 APOGEE 0 0 0 1 0 0 14.918095824353362 136.74617288550127 143.1 -125.52267905599292 56.25485480833583 179.02159 28.668945 -999.0 -999.0 -999.0 -999.0 -999.0 122.92241354850825 -22.205332086348264 122.873273856585 -22.288864079014523 75.17863524660456 293.6226046928348 -999.0 16600.0 -999.0 2 -999 {-999.0 -999.0 -999.0 -999.0 -999.0} "" -999.0 -999.0 -999.0 -999.0 -999 -999 "" "" "" "" 0 0 0.0 0.0 -999 ""
FIBERMAP 679 R+6C12 BOSS 1 1 0 1 0 0 15.600587819400838 137.09493784077887 143.1 -125.64459994125295 57.011505732755786 179.02159 28.668945 122.92190551757811 -22.202983453634488 -999.0 -999.0 -999.0 122.92190058587867 -22.202982549150736 122.8728197218282 -22.286542159326757 75.17710983108996 293.6296419917414 5400.0 5400.0 2015.5 1 122 {-999.0 -999.0 -999.0 -999.0 -999.0} "" -999.0 -999.0 -999.0 -999.0 27021603171080251 823345652 "" ops_sky_boss_good ops_sky sky_boss 0 0 0.0 0.0 -999 ""
FIBERMAP 679 R+6C12 METROLOGY 0 0 0 1 0 0 15.554941242463638 136.3538386781881 143.1 -124.95349916618675 56.74012556871006 179.02159 28.668945 -999.0 -999.0 -999.0 -999.0 -999.0 122.9241602117538 -22.203806413808636 122.87506321802823 -22.287362735995657 75.179317779672 293.6309246463725 -999.0 6231.0 -999.0 -1 -999 {-999.0 -999.0 -999.0 -999.0 -999.0} "" -999.0 -999.0 -999.0 -999.0 -999 -999 "" "" "" "" 0 0 0.0 0.0 -999 ""
FIBERMAP 680 R-6C10 APOGEE 0 0 0 1 0 0 -4.710319854983766 -113.22862982551129 143.1 106.28593677193696 -39.30880254575775 45.508724 77.03341 -999.0 -999.0 -999.0 -999.0 -999.0 123.68353179875803 -22.493782032253108 123.63401225187812 -22.578909806714705 75.93250526377109 294.02854669856424 -999.0 16600.0 -999.0 2 -999 {-999.0 -999.0 -999.0 -999.0 -999.0} "" -999.0 -999.0 -999.0 -999.0 -999 -999 "" "" "" "" 0 0 0.0 0.0 -999 ""
FIBERMAP 680 R-6C10 BOSS 1 1 0 1 0 0 -4.318653353959558 -113.85565322454691 143.1 107.00300617334373 -39.12900059770358 45.508724 77.03341 123.68597482010313 -22.49322922613139 -10.582733 5.1864057 1.0405226 123.68589249457382 -22.493218924431915 123.63642580937403 -22.578378797293404 75.93416647105381 294.03503758885284 5400.0 5400.0 2016.0 1 411 {-999.0 14.290513 13.989977 13.880526 -999.0} sdss_psfmag_from_g3xp 14.246534 13.998476 13.551505 12.816 63050395995143862 977963595 "" ops_std_boss ops_std standard_boss 0 0 0.0 0.0 -999 ""
FIBERMAP 680 R-6C10 METROLOGY 0 0 0 1 0 0 -5.057189063598962 -113.89133637362347 143.1 106.80979806407136 -39.84267781624443 45.508724 77.03341 -999.0 -999.0 -999.0 -999.0 -999.0 123.68529428656689 -22.495399183921187 123.63580755959907 -22.580549822335207 75.93476205790118 294.0261318648184 -999.0 6231.0 -999.0 -1 -999 {-999.0 -999.0 -999.0 -999.0 -999.0} "" -999.0 -999.0 -999.0 -999.0 -999 -999 "" "" "" "" 0 0 0.0 0.0 -999 ""
FIBERMAP 682 R-8C1 APOGEE 1 1 0 1 0 0 -201.1627658647064 -165.2986039341219 143.1 95.40432788058258 -242.24507829072644 244.6624 142.32095 123.64974975585938 -23.10740887031693 -999.0 -999.0 -999.0 123.6497370787893 -23.107388398445767 123.59864672237137 -23.192357533998077 76.20156700150767 291.7347515697792 16000.0 16600.0 2015.5 2 257 {-999.0 -999.0 -999.0 -999.0 -999.0} "" -999.0 -999.0 -999.0 -999.0 27021603171067146 836855934 "" ops_sky_apogee_best ops_sky sky_apogee 0 0 0.0 0.0 -999 ""
FIBERMAP 682 R-8C1 BOSS 0 0 0 1 0 0 -201.82340605315466 -165.62511962636202 143.1 95.51180025436248 -242.9740942034324 244.6624 142.32095 -999.0 -999.0 -999.0 -999.0 -999.0 123.65004560752014 -23.10955606748569 123.59900052038051 -23.19455019923577 76.20288043179441 291.72726455973947 -999.0 5400.0 -999.0 1 527 {-999.0 -999.0 -999.0 -999.0 -999.0} "" -999.0 -999.0 -999.0 -999.0 -999 -999 "" "" "" "" 0 0 0.0 0.0 -999 ""
FIBERMAP 682 R-8C1 METROLOGY 0 0 0 1 0 0 -201.79280312731612 -164.89019968762182 143.1 94.82195173704693 -242.71892838294983 244.6624 142.32095 -999.0 -999.0 -999.0 -999.0 -999.0 123.64781170170734 -23.108856486329067 123.5967529645028 -23.19383895062016 76.20072182701821 291.7258474516759 -999.0 6231.0 -999.0 -1 -999 {-999.0 -999.0 -999.0 -999.0 -999.0} "" -999.0 -999.0 -999.0 -999.0 -999 -999 "" "" "" "" 0 0 0.0 0.0 -999 ""
FIBERMAP 684 R-12C13 APOGEE 0 0 0 1 0 0 113.01731446448801 -240.59280605342892 143.1 263.68120546435074 33.53179187594486 203.8918 170.31325 -999.0 -999.0 -999.0 -999.0 -999.0 124.19561411907146 -22.270076138417654 124.14689739955031 -22.35632870498993 76.22495988031206 295.8340106201698 -999.0 16600.0 -999.0 2 -999 {-999.0 -999.0 -999.0 -999.0 -999.0} "" -999.0 -999.0 -999.0 -999.0 -999 -999 "" "" "" "" 0 0 0.0 0.0 -999 ""
FIBERMAP 684 R-12C13 BOSS 1 1 0 1 0 0 112.30110769693567 -240.77735895030125 143.1 263.63651186847136 32.793570616401425 203.8918 170.31325 124.19541866463035 -22.272279120909918 -1.2439108 0.534867 0.8059542 124.19544210250548 -22.272281820543718 124.14676817053311 -22.3585613092824 76.22603030929163 295.8257666383671 5400.0 5400.0 2016.0 1 429 {-999.0 15.053351 14.6991625 14.5908985 -999.0} sdss_psfmag_from_g3xp 14.9980955 14.711631 14.262033 13.517 63050395995239722 976555541 "" ops_std_boss ops_std standard_boss 0 0 0.0 0.0 -999 ""
FIBERMAP 684 R-12C13 METROLOGY 0 0 0 1 0 0 112.50152344156632 -240.05108856481564 143.1 263.00712450255975 33.207649446163124 203.8918 170.31325 -999.0 -999.0 -999.0 -999.0 -999.0 124.19345733893564 -22.271044056917855 124.14477185829395 -22.357311676385862 76.22380291669351 295.82616303459315 -999.0 6231.0 -999.0 -1 -999 {-999.0 -999.0 -999.0 -999.0 -999.0} "" -999.0 -999.0 -999.0 -999.0 -999 -999 "" "" "" "" 0 0 0.0 0.0 -999 ""
FIBERMAP 686 R+8C2 APOGEE 0 0 0 1 0 0 -177.86196530784545 145.2720354588045 143.1 -192.9304395216522 -124.54906451852 252.35025 140.34846 -999.0 -999.0 -999.0 -999.0 -999.0 122.7016951615441 -22.752817771289525 122.65106131849194 -22.83579561425736 75.26394012180812 291.3569606158642 -999.0 16600.0 -999.0 2 -999 {-999.0 -999.0 -999.0 -999.0 -999.0} "" -999.0 -999.0 -999.0 -999.0 -999 -999 "" "" "" "" 0 0 0.0 0.0 -999 ""
FIBERMAP 686 R+8C2 BOSS 1 1 0 1 0 0 -178.52979860800227 144.8640675506333 143.1 -192.74767948495986 -125.30997772364498 252.35025 140.34846 122.70221683511724 -22.755102436763696 -3.1320121 2.5389855 -0.2679559 122.70220770031972 -22.755113232610697 122.65162230102777 -22.838118252663424 75.26548402242543 291.34984213021033 5400.0 5400.0 2016.0 1 71 {-999.0 15.632969 15.228096 15.165686 -999.0} sdss_psfmag_ps1 15.522478 15.264993 14.802965 14.132 63050395995327514 1093564730 bright_1x1 mwm_astar_core_boss_single mwm_ob science 0 0 0.0 0.0 -999 ""
FIBERMAP 686 R+8C2 METROLOGY 0 0 0 1 0 0 -178.53145314928977 145.60562839481233 143.1 -193.45376848831953 -125.08346160915661 252.35025 140.34846 -999.0 -999.0 -999.0 -999.0 -999.0 122.69988099912806 -22.754445791419933 122.64928091820627 -22.83743839438748 75.26325888251287 291.3482344857476 -999.0 6231.0 -999.0 -1 -999 {-999.0 -999.0 -999.0 -999.0 -999.0} "" -999.0 -999.0 -999.0 -999.0 -999 -999 "" "" "" "" 0 0 0.0 0.0 -999 ""
FIBERMAP 696 R+9C5 APOGEE 1 1 0 1 0 0 -87.04604104778049 168.44355896743645 143.1 -187.04437821648528 -31.012423884168573 350.67902 100.84908 122.72097012629447 -22.46979041580427 -2.6799784 4.1304975 0.35714233 122.72095276898914 -22.46976404740316 122.671050501031 -22.552823453108445 75.14560336652231 292.36612700353305 16000.0 16600.0 2016.0 2 45 {-999.0 13.043067 12.037529 11.647567 -999.0} sdss_psfmag_from_g3xp 12.704934 12.055146 11.28233 9.579 63050395995336732 1152663018 bright_1x1 mwm_galactic_core_dist_apogee_sparse mwm_galactic science 0 0 0.0 0.0 -999 ""
FIBERMAP 696 R+9C5 BOSS 0 0 0 1 0 0 -86.98013460861026 167.69348118148505 143.1 -186.31042282242672 -31.180425274977758 350.67902 100.84908 -999.0 -999.0 -999.0 -999.0 -999.0 122.72323159359061 -22.47026091413401 122.67338301176767 -22.553352644247227 75.14774521156261 292.3683775145266 -999.0 5400.0 -999.0 1 80 {-999.0 -999.0 -999.0 -999.0 -999.0} "" -999.0 -999.0 -999.0 -999.0 -999 -999 "" "" "" "" 0 0 0.0 0.0 -999 ""
FIBERMAP 696 R+9C5 METROLOGY 0 0 0 1 0 0 -87.66270062420239 168.02359996369378 143.1 -186.83446880631584 -31.728334568306224 350.67902 100.84908 -999.0 -999.0 -999.0 -999.0 -999.0 122.72150647045244 -22.471929376141645 122.67163758092602 -22.555009352047158 75.14713365915895 292.3596812729435 -999.0 6231.0 -999.0 -1 -999 {-999.0 -999.0 -999.0 -999.0 -999.0} "" -999.0 -999.0 -999.0 -999.0 -999 -999 "" "" "" "" 0 0 0.0 0.0 -999 ""
FIBERMAP 697 R-7C20 APOGEE 1 1 0 1 0 0 200.3769529905429 -134.39143899021084 143.1 189.5029658284726 149.3182883655335 170.33688 120.503494 123.95118180347805 -21.921201927391746 -3.7344615 -1.0641901 2.8716643 123.95122530082514 -21.92120357386166 123.9032662087663 -22.00698405632138 75.84828159389654 296.5643338568228 16000.0 16600.0 2016.0 2 194 {-999.0 10.772749 10.610202 10.595002 -999.0} sdss_psfmag_from_g3xp 10.784651 10.597953 10.272954 9.784 63050395995260771 975250571 "" ops_std_apogee ops_std standard_apogee 0 0 0.0 0.0 -999 ""
FIBERMAP 697 R-7C20 BOSS 0 0 0 1 0 0 200.1099901669011 -133.73010121662992 143.1 188.79160353672617 149.26769390217177 170.33688 120.503494 -999.0 -999.0 -999.0 -999.0 -999.0 123.94888928920658 -21.921317075446208 123.90097805552796 -22.007121588031037 75.84656567300148 296.5592010607488 -999.0 5400.0 -999.0 1 267 {-999.0 -999.0 -999.0 -999.0 -999.0} "" -999.0 -999.0 -999.0 -999.0 -999 -999 "" "" "" "" 0 0 0.0 0.0 -999 ""
FIBERMAP 697 R-7C20 METROLOGY 0 0 0 1 0 0 200.82995336833704 -133.8023103149169 143.1 189.08175637081746 149.9305140995938 170.33688 120.503494 -999.0 -999.0 -999.0 -999.0 -999.0 123.94985856527494 -21.919296826655604 123.90193886683772 -22.0050954694643 75.84622933888669 296.56814747165424 -999.0 6231.0 -999.0 -1 -999 {-999.0 -999.0 -999.0 -999.0 -999.0} "" -999.0 -999.0 -999.0 -999.0 -999 -999 "" "" "" "" 0 0 0.0 0.0 -999 ""
FIBERMAP 700 R+2C2 APOGEE 0 0 0 1 0 0 -235.0457707249858 30.99274195143198 143.1 -101.78468956967266 -214.10848858313898 331.70416 111.01992 -999.0 -999.0 -999.0 -999.0 -999.0 123.00102101854215 -23.024075035186733 122.94983233104176 -23.10766133503352 75.63373516165221 290.90608761255794 -999.0 16600.0 -999.0 2 -999 {-999.0 -999.0 -999.0 -999.0 -999.0} "" -999.0 -999.0 -999.0 -999.0 -999 -999 "" "" "" "" 0 0 0.0 0.0 -999 ""
FIBERMAP 700 R+2C2 BOSS 1 1 0 1 0 0 -235.1531812453311 30.24843792069285 143.1 -101.10953687229629 -214.43962164422592 331.70416 111.01992 123.00317281893787 -23.02506260885711 -2.0308046 1.5481075 0.21206963 123.0031746323727 -23.025079130020575 122.95203742417823 -23.108695168815085 75.63601158246551 290.9061429194789 5400.0 5400.0 2016.0 1 10 {-999.0 17.71765 17.305141 17.17469 -999.0} sdss_psfmag_ps1 17.62985 17.313803 16.839502 16.26 63050395995101329 978537800 "" ops_std_boss ops_std standard_boss 0 0 0.0 0.0 -999 ""
FIBERMAP 700 R+2C2 METROLOGY 0 0 0 1 0 0 -235.73017595561103 30.690934567345835 143.1 -101.7080363364591 -214.85251663346494 331.70416 111.01992 -999.0 -999.0 -999.0 -999.0 -999.0 123.0012091660618 -23.02635988730757 122.95005272638895 -23.109964351682578 75.63497332923608 290.89821843876945 -999.0 6231.0 -999.0 -1 -999 {-999.0 -999.0 -999.0 -999.0 -999.0} "" -999.0 -999.0 -999.0 -999.0 -999 -999 "" "" "" "" 0 0 0.0 0.0 -999 ""
FIBERMAP 701 R+2C8 APOGEE 0 0 0 1 0 0 -123.41018199818339 25.76066037767673 143.1 -62.46943126302644 -109.49878233227595 259.1309 82.78688 -999.0 -999.0 -999.0 -999.0 -999.0 123.12950491904249 -22.708160393140766 123.07918301801703 -22.792068152997103 75.59084323011344 292.2526326130653 -999.0 16600.0 -999.0 2 -999 {-999.0 -999.0 -999.0 -999.0 -999.0} "" -999.0 -999.0 -999.0 -999.0 -999 -999 "" "" "" "" 0 0 0.0 0.0 -999 ""
FIBERMAP 701 R+2C8 BOSS 1 1 0 1 0 0 -124.14154311381589 26.016162520312808 143.1 -62.93748949707663 -110.11606986917818 259.1309 82.78688 123.12789916992186 -22.71004090745737 -999.0 -999.0 -999.0 123.12788314104984 -22.710059700893556 123.07760812438949 -22.793990076341576 75.5904886926962 292.2430586257046 5400.0 5400.0 2015.5 1 45 {-999.0 -999.0 -999.0 -999.0 -999.0} "" -999.0 -999.0 -999.0 -999.0 27021603171068734 823344550 "" ops_sky_boss_good ops_sky sky_boss 0 0 0.0 0.0 -999 ""
FIBERMAP 701 R+2C8 METROLOGY 0 0 0 1 0 0 -123.56697826227753 26.49203794662605 143.1 -63.2135498062843 -109.42301260604071 259.1309 82.78688 -999.0 -999.0 -999.0 -999.0 -999.0 123.12697907328592 -22.707978660531523 123.07669406391489 -22.79189991260011 75.58874819782467 292.24881126932326 -999.0 6231.0 -999.0 -1 -999 {-999.0 -999.0 -999.0 -999.0 -999.0} "" -999.0 -999.0 -999.0 -999.0 -999 -999 "" "" "" "" 0 0 0.0 0.0 -999 ""
FIBERMAP 702 R-4C16 APOGEE 0 0 0 1 0 0 104.69250537284324 -71.981388887679 143.1 100.69030607868102 77.47265303168835 42.63556 93.25412 -999.0 -999.0 -999.0 -999.0 -999.0 123.6633546472513 -22.139520702287818 123.61471716425922 -22.22465503399859 75.73626395714109 295.23595891857485 -999.0 16600.0 -999.0 2 -999 {-999.0 -999.0 -999.0 -999.0 -999.0} "" -999.0 -999.0 -999.0 -999.0 -999 -999 "" "" "" "" 0 0 0.0 0.0 -999 ""
FIBERMAP 702 R-4C16 BOSS 1 1 0 1 0 0 105.22413776990628 -72.49202293460397 143.1 101.33968428957917 77.8214288983352 42.63556 93.25412 123.66545818736047 -22.138287733992225 17.910795 -33.395813 1.156815 123.6654768844011 -22.13838899986368 123.61689353416693 -22.223556357906546 75.73741470537787 295.24401737008463 5400.0 5400.0 2016.0 1 318 {-999.0 17.64521 16.869556 16.569294 -999.0} sdss_psfmag_ps1 17.407711 16.88187 16.210964 14.998 63050395995152813 1072781758 bright_1x1 mwm_halo_local_high_boss_single mwm_halo science 0 0 0.0 0.0 -999 ""
FIBERMAP 702 R-4C16 METROLOGY 0 0 0 1 0 0 104.50810524396911 -72.70629909540635 143.1 101.32332536974272 77.07423110084403 42.63556 93.25412 -999.0 -999.0 -999.0 -999.0 -999.0 123.66546250795673 -22.140654717371937 123.61685920431677 -22.22581369388995 75.73856020933991 295.2361208764211 -999.0 6231.0 -999.0 -1 -999 {-999.0 -999.0 -999.0 -999.0 -999.0} "" -999.0 -999.0 -999.0 -999.0 -999 -999 "" "" "" "" 0 0 0.0 0.0 -999 ""
FIBERMAP 703 R0C3 APOGEE 1 1 0 1 0 0 -229.2213392841203 0.8955811124259812 143.1 -71.3563644934275 -217.82398931506398 31.712898 83.29465 123.10105825549621 -23.03541326519473 -0.97248495 0.46311414 0.2200118 123.10105362159287 -23.035424657721723 123.04988325436489 -23.11922503033615 75.72075418242684 291.0357603167413 16000.0 16600.0 2016.0 2 252 {-999.0 15.26143 13.556531 11.508135 -999.0} sdss_psfmag_from_g3xp 14.591067 12.227009 10.835999 7.488 63050395995098912 1152662668 bright_1x1 mwm_galactic_core_dist_apogee_sparse mwm_galactic science 0 0 0.0 0.0 -999 ""
FIBERMAP 703 R0C3 BOSS 0 0 0 1 0 0 -228.98775477011495 0.18249525661705743 143.1 -70.6060315010519 -217.82107038745124 31.712898 83.29465 -999.0 -999.0 -999.0 -999.0 -999.0 123.10345552749718 -23.03542846199437 123.05233895032194 -23.119259161983674 75.72277423865002 291.0398578363375 -999.0 5400.0 -999.0 1 521 {-999.0 -999.0 -999.0 -999.0 -999.0} "" -999.0 -999.0 -999.0 -999.0 -999 -999 "" "" "" "" 0 0 0.0 0.0 -999 ""
FIBERMAP 703 R0C3 METROLOGY 0 0 0 1 0 0 -229.72285124507374 0.3449802791014844 143.1 -70.98673475990152 -218.47052238581597 31.712898 83.29465 -999.0 -999.0 -999.0 -999.0 -999.0 123.10221211250244 -23.03742399901227 123.05107492093498 -23.121244605598672 75.72265747368058 291.0305405712259 -999.0 6231.0 -999.0 -1 -999 {-999.0 -999.0 -999.0 -999.0 -999.0} "" -999.0 -999.0 -999.0 -999.0 -999 -999 "" "" "" "" 0 0 0.0 0.0 -999 ""
FIBERMAP 708 R+12C13 APOGEE 0 0 0 1 0 0 105.14361986655516 213.88196703034583 143.1 -171.16412250557894 165.82815147935312 302.55154 52.56567 -999.0 -999.0 -999.0 -999.0 -999.0 122.77459890894195 -21.873939403686336 122.72623215075964 -21.95719875250328 74.89312630441336 294.46261104567634 -999.0 16600.0 -999.0 2 -999 {-999.0 -999.0 -999.0 -999.0 -999.0} "" -999.0 -999.0 -999.0 -999.0 -999 -999 "" "" "" "" 0 0 0.0 0.0 -999 ""
FIBERMAP 708 R+12C13 BOSS 1 1 0 1 0 0 104.3937215505658 213.9302630684993 143.1 -171.44073003478056 165.12949341354542 302.55154 52.56567 122.77359008789062 -21.876011430252476 -999.0 -999.0 -999.0 122.77361283481001 -21.875998917672515 122.72529401726001 -21.959285549917183 74.89345047194162 294.4540254398012 5400.0 5400.0 2015.5 1 105 {-999.0 -999.0 -999.0 -999.0 -999.0} "" -999.0 -999.0 -999.0 -999.0 27021603171081217 814746197 "" ops_sky_boss_good ops_sky sky_boss 0 0 0.0 0.0 -999 ""
FIBERMAP 708 R+12C13 METROLOGY 0 0 0 1 0 0 104.81615341762408 214.55447274899853 143.1 -171.9047206646689 165.72342409713355 302.55154 52.56567 -999.0 -999.0 -999.0 -999.0 -999.0 122.77209869363121 -21.874191003629562 122.72376860347299 -21.95746620446838 74.89130258150745 294.4572312179606 -999.0 6231.0 -999.0 -1 -999 {-999.0 -999.0 -999.0 -999.0 -999.0} "" -999.0 -999.0 -999.0 -999.0 -999 -999 "" "" "" "" 0 0 0.0 0.0 -999 ""
FIBERMAP 711 R-8C15 APOGEE 1 1 0 1 0 0 121.15148553029076 -156.89691185388273 143.1 186.5481806267273 67.01459704675173 311.0791 149.08655 123.94400457584581 -22.170111299515415 -2.0369525 -2.7219129 0.39727655 123.94396891988052 -22.170116194347084 123.89538439168177 -22.255846259531115 75.97414811198566 295.68186937635744 16000.0 16600.0 2016.0 2 201 {-999.0 13.080548 11.812512 11.300768 -999.0} sdss_psfmag_from_g3xp 12.592472 11.79367 10.923067 9.022 63050395995254828 1152662857 bright_1x1 mwm_galactic_core_dist_apogee_sparse mwm_galactic science 0 0 0.0 0.0 -999 ""
FIBERMAP 711 R-8C15 BOSS 0 0 0 1 0 0 121.33542764143073 -157.61490523474467 143.1 187.28791394620936 66.96877277148681 311.0791 149.08655 -999.0 -999.0 -999.0 -999.0 -999.0 123.94638754715493 -22.170196961498615 123.89785322259087 -22.25596026528525 75.9761535310937 295.6864123217505 -999.0 5400.0 -999.0 1 284 {-999.0 -999.0 -999.0 -999.0 -999.0} "" -999.0 -999.0 -999.0 -999.0 -999 -999 "" "" "" "" 0 0 0.0 0.0 -999 ""
FIBERMAP 711 R-8C15 METROLOGY 0 0 0 1 0 0 120.60186107028741 -157.4057953408299 143.1 186.86331863827272 66.33511739220546 311.0791 149.08655 -999.0 -999.0 -999.0 -999.0 -999.0 123.94506278640657 -22.17212058019947 123.89650906800551 -22.257872821508784 75.97609692713671 295.6770000568144 -999.0 6231.0 -999.0 -1 -999 {-999.0 -999.0 -999.0 -999.0 -999.0} "" -999.0 -999.0 -999.0 -999.0 -999 -999 "" "" "" "" 0 0 0.0 0.0 -999 ""
FIBERMAP 712 R-7C5 APOGEE 1 1 0 1 0 0 -125.92372033280404 -147.41287595085518 143.1 101.52855707262358 -165.15533448938348 246.25082 126.94903 123.66933547835393 -22.87500894661728 -4.9995236 0.9199329 0.7008294 123.66931007249124 -22.87501317446902 123.6188195695965 -22.96005691367425 76.10765149881705 292.6260164098268 16000.0 16600.0 2016.0 2 298 {-999.0 10.812927 11.071319 11.280177 -999.0} sdss_psfmag_from_g3xp 10.939273 10.951789 10.954041 10.987 63050395995117347 975250398 "" ops_std_apogee ops_std standard_apogee 0 0 0.0 0.0 -999 ""
FIBERMAP 712 R-7C5 BOSS 0 0 0 1 0 0 -126.64033724860222 -147.5677916413796 143.1 101.45553812223551 -165.88483014106964 246.25082 126.94903 -999.0 -999.0 -999.0 -999.0 -999.0 123.66905879232462 -22.877241599512722 123.61861301674867 -22.962310000576807 76.10856873398761 292.61740840799655 -999.0 5400.0 -999.0 1 489 {-999.0 -999.0 -999.0 -999.0 -999.0} "" -999.0 -999.0 -999.0 -999.0 -999 -999 "" "" "" "" 0 0 0.0 0.0 -999 ""
FIBERMAP 712 R-7C5 METROLOGY 0 0 0 1 0 0 -126.4233203475975 -146.86579410460945 143.1 100.85435208752043 -165.46242152641992 246.25082 126.94903 -999.0 -999.0 -999.0 -999.0 -999.0 123.66710988591551 -22.876007742146832 123.61665199777497 -22.961064916348334 76.10638679397132 292.6183369704309 -999.0 6231.0 -999.0 -1 -999 {-999.0 -999.0 -999.0 -999.0 -999.0} "" -999.0 -999.0 -999.0 -999.0 -999 -999 "" "" "" "" 0 0 0.0 0.0 -999 ""
FIBERMAP 713 R+3C9 APOGEE 1 1 0 1 0 0 -75.25434136950805 44.948159999505286 143.1 -65.91410343670795 -57.77775764504576 287.81586 112.64886 123.11793412227387 -22.55134747553017 -5.350392 2.1740453 0.5800037 123.11791880710432 -22.551328670153868 123.06799032208988 -22.635233549080272 75.50608139449426 292.78300718147125 16000.0 16600.0 2016.0 2 22 {-999.0 12.559925 11.751584 11.454144 -999.0} sdss_psfmag_from_g3xp 12.311554 11.795588 11.096057 9.707 63050395995364368 1107378114 bright_1x1 mwm_tess_rgb_apogee mwm_tessrgb science 0 0 0.0 0.0 -999 ""
FIBERMAP 713 R+3C9 BOSS 0 0 0 1 0 0 -75.806072784446 44.434677739595315 143.1 -65.59523784629945 -58.460656521825626 287.81586 112.64886 -999.0 -999.0 -999.0 -999.0 -999.0 123.11887568644306 -22.55340750318555 123.06899482689647 -22.637341126345582 75.50791706975733 292.77745351671484 -999.0 5400.0 -999.0 1 32 {-999.0 -999.0 -999.0 -999.0 -999.0} "" -999.0 -999.0 -999.0 -999.0 -999 -999 "" "" "" "" 0 0 0.0 0.0 -999 ""
FIBERMAP 713 R+3C9 METROLOGY 0 0 0 1 0 0 -75.9586801585332 45.17131334893333 143.1 -66.34307088334295 -58.37928387593139 287.81586 112.64886 -999.0 -999.0 -999.0 -999.0 -999.0 123.11642633897307 -22.553174469160005 123.06653007985949 -22.637095205341666 75.50581007112456 292.773888439687 -999.0 6231.0 -999.0 -1 -999 {-999.0 -999.0 -999.0 -999.0 -999.0} "" -999.0 -999.0 -999.0 -999.0 -999 -999 "" "" "" "" 0 0 0.0 0.0 -999 ""
FIBERMAP 718 R+2C7 APOGEE 1 1 0 1 0 0 -119.24659861181654 49.44772005878788 143.1 -83.72654683187466 -98.25151650488456 73.96845 71.17107 123.05959328880947 -22.674057580455454 -0.946062 1.5842752 0.3157091 123.05958306921987 -22.674068327779818 123.00931545770106 -22.757830215052923 75.5178942986842 292.2494090747634 16000.0 16600.0 2016.0 2 29 {-999.0 13.1302185 11.905456 11.412413 -999.0} sdss_psfmag_from_g3xp 12.667567 11.890461 11.03293 9.09 63050395995138138 1152662555 bright_1x1 mwm_galactic_core_dist_apogee_sparse mwm_galactic science 0 0 0.0 0.0 -999 ""
FIBERMAP 718 R+2C7 BOSS 0 0 0 1 0 0 -118.59947962277442 49.02175556497999 143.1 -83.12220844673794 -97.7668147032831 73.96845 71.17107 -999.0 -999.0 -999.0 -999.0 -999.0 123.06146872996682 -22.672622448576043 123.01125838675858 -22.75641515160206 75.51878862876312 292.2578092791292 -999.0 5400.0 -999.0 1 48 {-999.0 -999.0 -999.0 -999.0 -999.0} "" -999.0 -999.0 -999.0 -999.0 -999 -999 "" "" "" "" 0 0 0.0 0.0 -999 ""
FIBERMAP 718 R+2C7 METROLOGY 0 0 0 1 0 0 -119.2875461008352 48.70271172727807 143.1 -83.03028120951335 -98.51962797005466 73.96845 71.17107 -999.0 -999.0 -999.0 -999.0 -999.0 123.0617800372179 -22.674922125903837 123.011549044638 -22.758707646559497 75.52012256663366 292.2502763869063 -999.0 6231.0 -999.0 -1 -999 {-999.0 -999.0 -999.0 -999.0 -999.0} "" -999.0 -999.0 -999.0 -999.0 -999 -999 "" "" "" "" 0 0 0.0 0.0 -999 ""
FIBERMAP 720 R-7C15 APOGEE 0 0 0 1 0 0 84.8689936838247 -130.3360537119466 143.1 150.11624072413042 40.662170097387985 190.01692 84.92805 -999.0 -999.0 -999.0 -999.0 -999.0 123.82569103516634 -22.250506690379254 123.77684999670538 -22.335972782802838 75.92226715448825 295.1648730998138 -999.0 16600.0 -999.0 2 -999 {-999.0 -999.0 -999.0 -999.0 -999.0} "" -999.0 -999.0 -999.0 -999.0 -999 -999 "" "" "" "" 0 0 0.0 0.0 -999 ""
FIBERMAP 720 R-7C15 BOSS 1 1 0 1 0 0 84.83564245574694 -129.54297635812216 143.1 149.35138549348304 40.874372981448104 190.01692 84.92805 123.82326591645128 -22.24987913376521 -10.58851 12.804969 -5.4185243 123.82320597260943 -22.249829042467834 123.77441523802491 -22.335317750893957 75.9200010906654 295.1623863835323 5400.0 5400.0 2016.0 1 283 {-999.0 15.368053 15.034751 14.876625 -999.0} sdss_psfmag_ps1 15.250429 15.353839 14.437589 13.605 63050395995151435 1093701508 bright_1x1 mwm_astar_core_boss_single mwm_ob science 0 0 0.0 0.0 -999 ""
FIBERMAP 720 R-7C15 METROLOGY 0 0 0 1 0 0 85.48374495422718 -129.90993272873334 143.1 149.8998813559432 41.37816037779097 190.01692 84.92805 -999.0 -999.0 -999.0 -999.0 -999.0 123.8250209281224 -22.248296342893923 123.77622077791403 -22.333781262486365 75.92063494354403 295.17134364514783 -999.0 6231.0 -999.0 -1 -999 {-999.0 -999.0 -999.0 -999.0 -999.0} "" -999.0 -999.0 -999.0 -999.0 -999 -999 "" "" "" "" 0 0 0.0 0.0 -999 ""
FIBERMAP 722 R-4C20 APOGEE 0 0 0 1 0 0 191.55047705202486 -64.54574855216899 143.1 120.3313480592441 162.4033159622129 81.830925 76.47891 -999.0 -999.0 -999.0 -999.0 -999.0 123.72575237875347 -21.882280682250304 123.67778779316507 -21.967584713122314 75.65058548396574 296.2449093203745 -999.0 16600.0 -999.0 2 -999 {-999.0 -999.0 -999.0 -999.0 -999.0} "" -999.0 -999.0 -999.0 -999.0 -999 -999 "" "" "" "" 0 0 0.0 0.0 -999 ""
FIBERMAP 722 R-4C20 BOSS 1 1 0 1 0 0 192.24568904399877 -64.82295363845093 143.1 120.80893740311346 162.97953291803225 81.830925 76.47891 123.72729816954623 -21.880438798266198 -1.1887962 1.0153908 -0.15741912 123.72727962047631 -21.88046414143745 123.67937029159373 -21.96580097491276 75.65087474066519 296.25415634403305 5400.0 5400.0 2016.0 1 312 {-999.0 14.061533 13.829186 13.763528 -999.0} sdss_psfmag_from_g3xp 14.050333 13.828641 13.433853 12.78 63050395995515032 1093865276 bright_1x1 mwm_astar_core_boss_single mwm_ob science 0 0 0.0 0.0 -999 ""
FIBERMAP 722 R-4C20 METROLOGY 0 0 0 1 0 0 191.66929385233752 -65.28424756013011 143.1 121.07056072780614 162.28921912408256 81.830925 76.47891 -999.0 -999.0 -999.0 -999.0 -999.0 123.72818145972678 -21.88253191556623 123.68025319201786 -21.967862085216705 75.65266716160491 296.2488859598099 -999.0 6231.0 -999.0 -1 -999 {-999.0 -999.0 -999.0 -999.0 -999.0} "" -999.0 -999.0 -999.0 -999.0 -999 -999 "" "" "" "" 0 0 0.0 0.0 -999 ""
FIBERMAP 725 R-11C8 APOGEE 1 1 0 1 0 0 -27.935652626342243 -198.88184545657364 143.1 180.63955148761403 -87.75257769222263 218.69443 13.8789215 123.92781142633324 -22.63918593957398 -3.2363641 3.2717574 0.32279405 123.92778323646692 -22.639127808716083 123.8780129442494 -22.724757474363955 76.20044987609265 293.9724015796211 16000.0 16600.0 2016.0 2 173 {-999.0 13.197489 11.879043 11.326528 -999.0} sdss_psfmag_from_g3xp 12.680519 11.840555 10.942962 8.914 63050395995126623 1152662491 bright_1x1 mwm_galactic_core_dist_apogee_sparse mwm_galactic science 0 0 0.0 0.0 -999 ""
FIBERMAP 725 R-11C8 BOSS 0 0 0 1 0 0 -27.45609404735804 -198.30257209053576 143.1 180.2358879674025 -87.11811367913093 218.69443 13.8789215 -999.0 -999.0 -999.0 -999.0 -999.0 123.92645844745772 -22.63721470795607 123.8767418194247 -22.722868132026196 76.19849036623687 293.9768074847548 -999.0 5400.0 -999.0 1 415 {-999.0 -999.0 -999.0 -999.0 -999.0} "" -999.0 -999.0 -999.0 -999.0 -999 -999 "" "" "" "" 0 0 0.0 0.0 -999 ""
FIBERMAP 725 R-11C8 METROLOGY 0 0 0 1 0 0 -27.1937829036279 -198.97777227825557 143.1 180.95900929437616 -87.07620901658703 218.69443 13.8789215 -999.0 -999.0 -999.0 -999.0 -999.0 123.92886394803237 -22.63708943470188 123.879134757972 -22.722740554601188 76.20033860642167 293.9818937021502 -999.0 6231.0 -999.0 -1 -999 {-999.0 -999.0 -999.0 -999.0 -999.0} "" -999.0 -999.0 -999.0 -999.0 -999 -999 "" "" "" "" 0 0 0.0 0.0 -999 ""
FIBERMAP 727 R+5C12 APOGEE 1 1 0 1 0 0 10.092143618494429 78.06492097161646 143.1 -71.17303198025611 33.61379328656801 309.4683 67.05116 123.10037289629301 -22.27395601334815 -1.3514001 3.0312881 0.283242 123.10037777228808 -22.27390780720424 123.05114466454933 -22.357813939024318 75.35559715246221 293.71158676270477 16000.0 16600.0 2016.0 2 132 {-999.0 13.145186 11.861692 11.333595 -999.0} sdss_psfmag_from_g3xp 12.650012 11.834294 10.952203 8.963 63050395995372821 1156066728 bright_1x1 mwm_galactic_core_dist_apogee_extra mwm_galactic science 0 0 0.0 0.0 -999 ""
FIBERMAP 727 R+5C12 BOSS 0 0 0 1 0 0 9.377486552272625 77.8457002950765 143.1 -71.18426322776587 32.866383369653164 309.4683 67.05116 -999.0 -999.0 -999.0 -999.0 -999.0 123.10024385926098 -22.27612909329414 123.05105752781179 -22.36006266194527 75.35665271645006 293.70372625480337 -999.0 5400.0 -999.0 1 121 {-999.0 -999.0 -999.0 -999.0 -999.0} "" -999.0 -999.0 -999.0 -999.0 -999 -999 "" "" "" "" 0 0 0.0 0.0 -999 ""
FIBERMAP 727 R+5C12 METROLOGY 0 0 0 1 0 0 9.55490145824237 78.57545547228919 143.1 -71.82404093414127 33.25964922548488 309.4683 67.05116 -999.0 -999.0 -999.0 -999.0 -999.0 123.09815312987591 -22.2749421132729 123.04895399387328 -22.358863402523 75.35436830880633 293.7039829146271 -999.0 6231.0 -999.0 -1 -999 {-999.0 -999.0 -999.0 -999.0 -999.0} "" -999.0 -999.0 -999.0 -999.0 -999 -999 "" "" "" "" 0 0 0.0 0.0 -999 ""
FIBERMAP 728 R+7C12 APOGEE 1 1 0 1 0 0 31.653830272293717 119.8101827788102 143.1 -104.26082624004991 66.96936978292425 285.1416 93.2598 122.99191059914348 -22.172895238603715 32.274857 18.984314 12.023726 122.99200520040525 -22.17279759120152 122.94297909224929 -22.256484326956066 75.21818704565032 293.8589253822031 16000.0 16600.0 2016.0 2 143 {-999.0 11.718515 10.8819275 10.599806 -999.0} sdss_psfmag_from_g3xp 11.462964 10.936428 10.255975 8.959 63050395995374421 984780778 bright_1x1 mwm_snc_100pc_apogee mwm_snc science 0 0 0.0 0.0 -999 ""
FIBERMAP 728 R+7C12 BOSS 0 0 0 1 0 0 30.940560196485585 119.58256607857058 143.1 -104.26364222880828 66.2206970979073 285.1416 93.2598 -999.0 -999.0 -999.0 -999.0 -999.0 122.99188402598989 -22.175005998946258 122.94290511195294 -22.258720632375653 75.21925319651287 293.8512155996404 -999.0 5400.0 -999.0 1 144 {-999.0 -999.0 -999.0 -999.0 -999.0} "" -999.0 -999.0 -999.0 -999.0 -999 -999 "" "" "" "" 0 0 0.0 0.0 -999 ""
FIBERMAP 728 R+7C12 METROLOGY 0 0 0 1 0 0 31.06260483137901 120.3093329361024 143.1 -104.91760747919135 66.56036011249181 285.1416 93.2598 -999.0 -999.0 -999.0 -999.0 -999.0 122.98974795822416 -22.173978741537947 122.94075571740382 -22.257680847435378 75.21701093364368 293.8508146169087 -999.0 6231.0 -999.0 -1 -999 {-999.0 -999.0 -999.0 -999.0 -999.0} "" -999.0 -999.0 -999.0 -999.0 -999 -999 "" "" "" "" 0 0 0.0 0.0 -999 ""
FIBERMAP 729 R-8C19 APOGEE 1 1 0 1 0 0 196.95803215830134 -171.57729391881344 143.1 223.83295559288123 134.62757452008472 281.19656 86.82079 124.06311035156249 -21.965225089147893 -999.0 -999.0 -999.0 124.06313247523273 -21.965203574264788 124.0151150665344 -22.051216629772185 75.95949662165367 296.63981407097936 16000.0 16600.0 2015.5 2 193 {-999.0 -999.0 -999.0 -999.0 -999.0} "" -999.0 -999.0 -999.0 -999.0 27021603171075098 836856769 "" ops_sky_apogee_best ops_sky sky_apogee 0 0 0.0 0.0 -999 ""
FIBERMAP 729 R-8C19 BOSS 0 0 0 1 0 0 196.2235335234613 -171.66928693573317 143.1 223.6945669097599 133.90041862419463 281.19656 86.82079 -999.0 -999.0 -999.0 -999.0 -999.0 124.06266528410343 -21.96736812089092 124.01469106375544 -22.05340868810192 75.96034301345676 296.6313231714572 -999.0 5400.0 -999.0 1 266 {-999.0 -999.0 -999.0 -999.0 -999.0} "" -999.0 -999.0 -999.0 -999.0 -999 -999 "" "" "" "" 0 0 0.0 0.0 -999 ""
FIBERMAP 729 R-8C19 METROLOGY 0 0 0 1 0 0 196.49532205018969 -170.9830407885964 143.1 223.12521474002048 134.3700964937858 281.19656 86.82079 -999.0 -999.0 -999.0 -999.0 -999.0 124.0608609398158 -21.96593972915405 124.01287562386574 -22.051968489122824 75.95815009828766 296.63260363976724 -999.0 6231.0 -999.0 -1 -999 {-999.0 -999.0 -999.0 -999.0 -999.0} "" -999.0 -999.0 -999.0 -999.0 -999 -999 "" "" "" "" 0 0 0.0 0.0 -999 ""
FIBERMAP 731 R0C27 APOGEE 0 0 0 1 0 0 309.21034121675467 -6.209924524006883 143.1 101.01598948037388 292.29730811701603 22.907719 67.435745 -999.0 -999.0 -999.0 -999.0 -999.0 123.65974991847658 -21.491892157198002 123.61272958875207 -21.577109706508207 75.38809564656542 297.42604673841697 -999.0 16600.0 -999.0 2 -999 {-999.0 -999.0 -999.0 -999.0 -999.0} "" -999.0 -999.0 -999.0 -999.0 -999 -999 "" "" "" "" 0 0 0.0 0.0 -999 ""
FIBERMAP 731 R0C27 BOSS 1 1 0 1 0 0 309.2354971001591 -6.976121919629797 143.1 101.75274823999321 292.08557530592554 22.907719 67.435745 123.66212790109493 -21.492601542128636 -1.6110955 3.645021 -0.103533134 123.66206929331666 -21.492557384482165 123.61509850481838 -21.577810592984914 75.39032037341536 297.4285370742494 5400.0 5400.0 2016.0 1 182 {-999.0 16.195498 15.930627 15.886825 -999.0} sdss_psfmag_ps1 16.080002 15.9262705 15.5144205 14.895 63050395995523402 1093701502 bright_1x1 mwm_astar_core_boss_single mwm_ob science 0 0 0.0 0.0 -999 ""
FIBERMAP 731 R0C27 METROLOGY 0 0 0 1 0 0 308.568077894059 -6.593325151439891 143.1 101.18323909924747 291.56828066703866 22.907719 67.435745 -999.0 -999.0 -999.0 -999.0 -999.0 123.66027535616792 -21.49404736499136 123.61328585443414 -21.57928779494249 75.38972685122518 297.4199686492265 -999.0 6231.0 -999.0 -1 -999 {-999.0 -999.0 -999.0 -999.0 -999.0} "" -999.0 -999.0 -999.0 -999.0 -999 -999 "" "" "" "" 0 0 0.0 0.0 -999 ""
FIBERMAP 732 R-10C12 APOGEE 0 0 0 1 0 0 86.14135165248891 -187.84703576878408 143.1 205.2281270032141 24.183480299891556 67.64973 56.801987 -999.0 -999.0 -999.0 -999.0 -999.0 124.00590041177628 -22.29952911062577 123.95702065061357 -22.385373195822933 76.09036727220317 295.347303980441 -999.0 16600.0 -999.0 2 -999 {-999.0 -999.0 -999.0 -999.0 -999.0} "" -999.0 -999.0 -999.0 -999.0 -999 -999 "" "" "" "" 0 0 0.0 0.0 -999 ""
FIBERMAP 732 R-10C12 BOSS 1 1 0 1 0 0 86.59162330199716 -188.4665972490872 143.1 205.95612239825817 24.421339005598348 67.64973 56.801987 124.00829258240799 -22.29877854880984 -1.9182827 3.0253055 0.4088039 124.00827237108929 -22.298761170528184 123.95944473236636 -22.384637996327346 76.0919012718974 295.3547589545395 5400.0 5400.0 2016.0 1 402 {-999.0 17.441847 17.086884 17.024363 -999.0} sdss_psfmag_ps1 17.374622 17.075628 16.622437 15.777 63050395995146243 979855776 "" ops_std_boss ops_std standard_boss 0 0 0.0 0.0 -999 ""
FIBERMAP 732 R-10C12 METROLOGY 0 0 0 1 0 0 85.82900415967116 -188.52669543400378 143.1 205.77873708250482 23.6772372768113 67.64973 56.801987 -999.0 -999.0 -999.0 -999.0 -999.0 124.00775885543567 -22.301022620047927 123.95891139969893 -22.386890213221342 76.09264901492337 295.34568522624465 -999.0 6231.0 -999.0 -1 -999 {-999.0 -999.0 -999.0 -999.0 -999.0} "" -999.0 -999.0 -999.0 -999.0 -999 -999 "" "" "" "" 0 0 0.0 0.0 -999 ""
FIBERMAP 736 R+11C12 APOGEE 1 1 0 1 0 0 88.33754200705671 210.95876129605645 143.1 -173.55198974815954 148.9383854616986 319.79022 140.6328 122.76658318102231 -21.924924784575268 -0.8328782 -0.3589037 0.57883745 122.76658465377785 -21.924930673924962 122.7180855324192 -22.008165516103283 74.912729628439 294.27966737767855 16000.0 16600.0 2016.0 2 145 {-999.0 12.613902 11.778181 11.476185 -999.0} sdss_psfmag_from_g3xp 12.362492 11.818626 11.122314 9.702 63050395995397467 1104380064 bright_1x1 mwm_tess_rgb_apogee mwm_tessrgb science 0 0 0.0 0.0 -999 ""
FIBERMAP 736 R+11C12 BOSS 0 0 0 1 0 0 88.4753806247683 210.21215762915307 143.1 -172.79921490243652 148.83989465393682 319.79022 140.6328 -999.0 -999.0 -999.0 -999.0 -999.0 122.76894689587388 -21.925170275577106 122.7205018072658 -22.008439710789833 74.91479572385472 294.28315700886554 -999.0 5400.0 -999.0 1 148 {-999.0 -999.0 -999.0 -999.0 -999.0} "" -999.0 -999.0 -999.0 -999.0 -999 -999 "" "" "" "" 0 0 0.0 0.0 -999 ""
FIBERMAP 736 R+11C12 METROLOGY 0 0 0 1 0 0 87.76802998600061 210.4634609803695 143.1 -173.25589289379616 148.24416112815288 319.79022 140.6328 -999.0 -999.0 -999.0 -999.0 -999.0 122.76743854639437 -21.926956257460102 122.718973095661 -22.010213810197982 74.91448303299578 294.2745152349361 -999.0 6231.0 -999.0 -1 -999 {-999.0 -999.0 -999.0 -999.0 -999.0} "" -999.0 -999.0 -999.0 -999.0 -999 -999 "" "" "" "" 0 0 0.0 0.0 -999 ""
FIBERMAP 738 R-6C11 APOGEE 0 0 0 1 0 0 12.47956976093974 -98.01497082638033 143.1 97.09774048938554 -18.27353170728538 134.6125 13.924398 -999.0 -999.0 -999.0 -999.0 -999.0 123.6531028730289 -22.430085024640686 123.60372968653695 -22.515156583386123 75.87626109381988 294.19701038210485 -999.0 16600.0 -999.0 2 -999 {-999.0 -999.0 -999.0 -999.0 -999.0} "" -999.0 -999.0 -999.0 -999.0 -999 -999 "" "" "" "" 0 0 0.0 0.0 -999 ""
FIBERMAP 738 R-6C11 BOSS 1 1 0 1 0 0 13.13249062696622 -98.39612961544492 143.1 97.66123170542836 -17.769528132777523 134.6125 13.924398 123.65494495617436 -22.42851009977936 -4.111426 3.2584834 0.32827383 123.65495275814966 -22.428529983160832 123.60563478694883 -22.513632945894866 75.87701203177045 294.2060401735763 5400.0 5400.0 2016.0 1 389 {-999.0 16.82935 16.454744 16.364573 -999.0} sdss_psfmag_ps1 16.752089 16.454655 15.995523 15.31 63050395995147972 979855817 "" ops_std_boss ops_std standard_boss 0 0 0.0 0.0 -999 ""
FIBERMAP 738 R-6C11 METROLOGY 0 0 0 1 0 0 12.47233732426425 -98.76293199425996 143.1 97.8071858011105 -18.510472221983584 134.6125 13.924398 -999.0 -999.0 -999.0 -999.0 -999.0 123.65546628380805 -22.43078651763749 123.60612857176966 -22.515882542109566 75.87854073922749 294.1990224917769 -999.0 6231.0 -999.0 -1 -999 {-999.0 -999.0 -999.0 -999.0 -999.0} "" -999.0 -999.0 -999.0 -999.0 -999 -999 "" "" "" "" 0 0 0.0 0.0 -999 ""
FIBERMAP 740 R-10C6 APOGEE 0 0 0 1 0 0 -50.21540143622387 -182.94936959014595 143.1 158.62728600504013 -104.05077223368139 87.10074 51.450558 -999.0 -999.0 -999.0 -999.0 -999.0 123.85597125215878 -22.6889885886026 123.80604086655376 -22.774457830344407 76.16758974752817 293.6536064845882 -999.0 16600.0 -999.0 2 -999 {-999.0 -999.0 -999.0 -999.0 -999.0} "" -999.0 -999.0 -999.0 -999.0 -999 -999 "" "" "" "" 0 0 0.0 0.0 -999 ""
FIBERMAP 740 R-10C6 BOSS 1 1 0 1 0 0 -49.672633545993094 -183.49248632966572 143.1 159.31099591026864 -103.70139224566566 87.10074 51.450558 123.85801289545067 -22.687927959837204 -2.8249104 1.7716234 0.23516516 123.85821008746744 -22.68792112127657 123.80833320988108 -22.773421452121013 76.16891257133888 293.66175139514775 5400.0 5400.0 2016.0 1 384 {-999.0 12.10691 12.292463 12.460834 -999.0} sdss_psfmag_from_g3xp 12.222411 12.191662 12.127389 12.065 63050395995126174 1093865291 bright_1x1 mwm_astar_core_boss_single mwm_ob science 0 0 0.8957748413085938 0.0 -999 ""
FIBERMAP 740 R-10C6 METROLOGY 0 0 0 1 0 0 -50.3632917389384 -183.68259989172867 143.1 159.2794514427102 -104.41701491243758 87.10074 51.450558 -999.0 -999.0 -999.0 -999.0 -999.0 123.85815319949701 -22.690109177790752 123.80825667556002 -22.77560166192091 76.16993112800884 293.65368223261936 -999.0 6231.0 -999.0 -1 -999 {-999.0 -999.0 -999.0 -999.0 -999.0} "" -999.0 -999.0 -999.0 -999.0 -999 -999 "" "" "" "" 0 0 0.0 0.0 -999 ""
FIBERMAP 745 R+1C8 APOGEE 0 0 0 1 0 0 -113.17452086660677 14.46971985373401 143.1 -48.57803071497012 -103.2326425658001 316.9863 132.30418 -999.0 -999.0 -999.0 -999.0 -999.0 123.17514137122637 -22.68915474463236 123.12488909794843 -22.77316346062908 75.61874572103994 292.40067764147955 -999.0 16600.0 -999.0 2 -999 {-999.0 -999.0 -999.0 -999.0 -999.0} "" -999.0 -999.0 -999.0 -999.0 -999 -999 "" "" "" "" 0 0 0.0 0.0 -999 ""
FIBERMAP 745 R+1C8 BOSS 1 1 0 1 0 0 -113.1632017191775 13.746179880053106 143.1 -47.886115550454065 -103.44442011774059 316.9863 132.30418 123.17733764648438 -22.689823898534968 -999.0 -999.0 -999.0 123.17733811961865 -22.689823699548196 123.12713745305638 -22.77386348303061 75.62090004541477 292.40221917185886 5400.0 5400.0 2015.5 1 47 {-999.0 -999.0 -999.0 -999.0 -999.0} "" -999.0 -999.0 -999.0 -999.0 27021603171068742 814744992 "" ops_sky_boss_good ops_sky sky_boss 0 0 0.0 0.0 -999 ""
FIBERMAP 745 R+1C8 METROLOGY 0 0 0 1 0 0 -113.82069284653413 14.092944072727793 143.1 -48.41828673360452 -103.96335134380364 316.9863 132.30418 -999.0 -999.0 -999.0 -999.0 -999.0 123.17560072606379 -22.691415553737098 123.12538038879666 -22.77544387816269 75.62023914549842 292.39350296523287 -999.0 6231.0 -999.0 -1 -999 {-999.0 -999.0 -999.0 -999.0 -999.0} "" -999.0 -999.0 -999.0 -999.0 -999 -999 "" "" "" "" 0 0 0.0 0.0 -999 ""
FIBERMAP 746 R-9C7 APOGEE 1 1 0 1 0 0 -44.81758203318299 -175.5317557383794 143.1 153.22984617130348 -96.63333599589386 340.05258 131.16144 123.83825760504854 -22.666697961774787 -8.721244 11.510646 0.91063946 123.83819784848059 -22.666658969123777 123.78831533522441 -22.752093357210335 76.1423088203488 293.70092247890085 16000.0 16600.0 2016.0 2 187 {-999.0 13.161607 12.316554 12.01638 -999.0} sdss_psfmag_from_g3xp 12.906731 12.357774 11.662162 10.244 63050395995126433 1106540699 bright_1x1 mwm_tess_rgb_apogee mwm_tessrgb science 0 0 0.0 0.0 -999 ""
FIBERMAP 746 R-9C7 BOSS 0 0 0 1 0 0 -44.52369443639158 -176.24547895350278 143.1 153.9993337091794 -96.57323594846481 340.05258 131.16144 -999.0 -999.0 -999.0 -999.0 -999.0 123.84072477755711 -22.66646614288433 123.79089375926418 -22.751932202565396 76.14429344410851 293.70643207446057 -999.0 5400.0 -999.0 1 383 {-999.0 -999.0 -999.0 -999.0 -999.0} "" -999.0 -999.0 -999.0 -999.0 -999 -999 "" "" "" "" 0 0 0.0 0.0 -999 ""
FIBERMAP 746 R-9C7 METROLOGY 0 0 0 1 0 0 -45.27052571327118 -176.1235486066287 143.1 153.65360799366366 -97.24632723963154 340.05258 131.16144 -999.0 -999.0 -999.0 -999.0 -999.0 123.83963682112352 -22.668531972676053 123.78978595941959 -22.7539879742571 76.14442617506613 293.6968621367731 -999.0 6231.0 -999.0 -1 -999 {-999.0 -999.0 -999.0 -999.0 -999.0} "" -999.0 -999.0 -999.0 -999.0 -999 -999 "" "" "" "" 0 0 0.0 0.0 -999 ""
FIBERMAP 749 R-2C15 APOGEE 0 0 0 1 0 0 35.08803975964668 -43.18160484217659 143.1 51.87885182361615 20.103696267466706 183.72379 135.95558 -999.0 -999.0 -999.0 -999.0 -999.0 123.50425129878072 -22.314121458164518 123.45510132990137 -22.398890235120632 75.69896398862073 294.32259338939207 -999.0 16600.0 -999.0 2 227 {-999.0 -999.0 -999.0 -999.0 -999.0} "" -999.0 -999.0 -999.0 -999.0 -999 -999 "" ops_sky_apogee_best_unassigned ops_sky sky_apogee 0 0 0.0 0.0 -999 ""
FIBERMAP 749 R-2C15 BOSS 1 1 0 1 0 0 34.52338880787677 -42.69264293374278 143.1 51.23993831706778 19.71683796767076 183.72379 135.95558 123.50212760128196 -22.31518940441082 -4.7210245 -29.403437 5.033012 123.50214305065538 -22.315262443858316 123.45304020294833 -22.400054255358416 75.69791169723516 294.3146204640738 5400.0 5400.0 2016.0 1 327 {-999.0 18.476341 17.012968 15.873433 -999.0} sdss_psfmag_ps1 17.865856 16.53111 15.396934 13.342 63050395995149783 1075848456 bright_1x1 mwm_erosita_stars_boss mwm_erosita science 0 0 0.0 0.0 -999 ""
FIBERMAP 749 R-2C15 METROLOGY 0 0 0 1 0 0 35.20461962961065 -42.443015182567216 143.1 51.21195655649068 20.441796143980735 183.72379 135.95558 -999.0 -999.0 -999.0 -999.0 -999.0 123.50206187455137 -22.313067189730443 123.4529500790224 -22.39785128668197 75.69672288309818 294.3221354635584 -999.0 6231.0 -999.0 -1 -999 {-999.0 -999.0 -999.0 -999.0 -999.0} "" -999.0 -999.0 -999.0 -999.0 -999 -999 "" "" "" "" 0 0 0.0 0.0 -999 ""
FIBERMAP 750 R+11C10 APOGEE 1 1 0 1 0 0 48.10084088181259 209.11552587818332 143.1 -184.17425245754342 110.08703567039998 358.93182 100.73697 122.731509196381 -22.04240198507336 -2.655266 2.2638454 0.1764548 122.73148994554693 -22.042381733680475 122.68267819466831 -22.12552414497473 74.94401077441509 293.82672607328834 16000.0 16600.0 2016.0 2 127 {-999.0 12.820298 12.077464 11.794424 -999.0} sdss_psfmag_from_g3xp 12.611248 12.107838 11.4460125 10.17 63050395995392404 1152663011 bright_1x1 mwm_galactic_core_dist_apogee_sparse mwm_galactic science 0 0 0.0 0.0 -999 ""
FIBERMAP 750 R+11C10 BOSS 0 0 0 1 0 0 48.185296615571765 208.38410835666173 143.1 -183.4523465071194 109.94242310865508 358.93182 100.73697 -999.0 -999.0 -999.0 -999.0 -999.0 122.73373962739149 -22.042763914490497 122.68498166585908 -22.12594022479373 74.94606324809726 293.82948557955297 -999.0 5400.0 -999.0 1 114 {-999.0 -999.0 -999.0 -999.0 -999.0} "" -999.0 -999.0 -999.0 -999.0 -999 -999 "" "" "" "" 0 0 0.0 0.0 -999 ""
FIBERMAP 750 R+11C10 METROLOGY 0 0 0 1 0 0 47.51246029807702 208.62577929349618 143.1 -183.88924348584922 109.3765665070671 358.93182 100.73697 -999.0 -999.0 -999.0 -999.0 -999.0 122.73229587116887 -22.044468235552962 122.68351772375803 -22.127632936024376 74.94574569094313 293.8212248037772 -999.0 6231.0 -999.0 -1 -999 {-999.0 -999.0 -999.0 -999.0 -999.0} "" -999.0 -999.0 -999.0 -999.0 -999 -999 "" "" "" "" 0 0 0.0 0.0 -999 ""
FIBERMAP 752 R-8C5 APOGEE 1 1 0 1 0 0 -112.51712078145707 -169.80745794577268 143.1 126.96016910033592 -159.2873855562345 278.04086 105.970665 123.75277736245725 -22.856766160780577 0.17806472 1.5201805 0.1207661 123.75275348216945 -22.85674801335607 123.70234938026454 -22.941972950120988 76.16629431580313 292.8470342766713 16000.0 16600.0 2016.0 2 285 {-999.0 14.63132 13.481463 12.996596 -999.0} sdss_psfmag_from_g3xp 14.212319 13.461431 12.619844 10.662 63050395995116496 1152662432 bright_1x1 mwm_galactic_core_dist_apogee_sparse mwm_galactic science 0 0 0.0 0.0 -999 ""
FIBERMAP 752 R-8C5 BOSS 0 0 0 1 0 0 -113.17820635670752 -170.15121112528706 143.1 127.08390560078327 -160.02212717717683 278.04086 105.970665 -999.0 -999.0 -999.0 -999.0 -999.0 123.75315198492387 -22.858980346687094 123.70279260088807 -22.944231370335125 76.16774433738975 292.8395940489023 -999.0 5400.0 -999.0 1 468 {-999.0 -999.0 -999.0 -999.0 -999.0} "" -999.0 -999.0 -999.0 -999.0 -999 -999 "" "" "" "" 0 0 0.0 0.0 -999 ""
FIBERMAP 752 R-8C5 METROLOGY 0 0 0 1 0 0 -113.13340991458438 -169.39004349834718 143.1 126.37344860335547 -159.74538321132735 278.04086 105.970665 -999.0 -999.0 -999.0 -999.0 -999.0 123.7508523243334 -22.858190911849984 123.70047961885433 -22.94342988848827 76.16549246541852 292.838217489439 -999.0 6231.0 -999.0 -1 -999 {-999.0 -999.0 -999.0 -999.0 -999.0} "" -999.0 -999.0 -999.0 -999.0 -999 -999 "" "" "" "" 0 0 0.0 0.0 -999 ""
FIBERMAP 754 R+8C15 APOGEE 1 1 0 1 0 0 96.31432810040677 142.57771231953546 143.1 -106.03529746665926 135.49539179589118 272.08777 52.740383 122.98645019531249 -21.965225089147893 -999.0 -999.0 -999.0 122.98647275165179 -21.965222996739502 122.9379686904752 -22.04892701337347 75.10868994428247 294.5477723709359 16000.0 16600.0 2015.5 2 78 {-999.0 -999.0 -999.0 -999.0 -999.0} "" -999.0 -999.0 -999.0 -999.0 27021603171081347 836857227 "" ops_sky_apogee_best ops_sky sky_apogee 0 0 0.0 0.0 -999 ""
FIBERMAP 754 R+8C15 BOSS 0 0 0 1 0 0 95.72574117336563 143.0156174144801 143.1 -106.63299371364283 135.07005477136872 272.08777 52.740383 -999.0 -999.0 -999.0 -999.0 -999.0 122.98442349592625 -21.96643327313176 122.93596828338946 -22.05016196670909 75.10773251719789 294.5399453638676 -999.0 5400.0 -999.0 1 238 {-999.0 -999.0 -999.0 -999.0 -999.0} "" -999.0 -999.0 -999.0 -999.0 -999 -999 "" "" "" "" 0 0 0.0 0.0 -999 ""
FIBERMAP 754 R+8C15 METROLOGY 0 0 0 1 0 0 96.40474205084162 143.32167039349278 143.1 -106.7153488231903 135.81024655566873 272.08777 52.740383 -999.0 -999.0 -999.0 -999.0 -999.0 122.98415944381757 -21.964185834745045 122.93569482008235 -22.047905987111587 75.10635711034018 294.54697255039736 -999.0 6231.0 -999.0 -1 -999 {-999.0 -999.0 -999.0 -999.0 -999.0} "" -999.0 -999.0 -999.0 -999.0 -999 -999 "" "" "" "" 0 0 0.0 0.0 -999 ""
FIBERMAP 755 R-9C15 APOGEE 0 0 0 1 0 0 116.03776997959379 -162.62130969514965 143.1 190.42194486295114 60.38828173508916 128.14664 109.724304 -999.0 -999.0 -999.0 -999.0 -999.0 123.95676018186619 -22.19012417906261 123.90813151022371 -22.275878743977106 75.99469173861621 295.6369364180831 -999.0 16600.0 -999.0 2 -999 {-999.0 -999.0 -999.0 -999.0 -999.0} "" -999.0 -999.0 -999.0 -999.0 -999 -999 "" "" "" "" 0 0 0.0 0.0 -999 ""
FIBERMAP 755 R-9C15 BOSS 1 1 0 1 0 0 116.46318572223205 -161.97390201493977 143.1 189.93679959186787 60.99218679067672 128.14664 109.724304 123.95515750913316 -22.188141033021697 4.036455 -9.412646 1.1389524 123.95517167716585 -22.18825756686347 123.90659619299805 -22.274037016643796 75.992516980888 295.64034578338584 5400.0 5400.0 2016.0 1 329 {-999.0 20.155258 18.873697 17.864073 -999.0} sdss_psfmag_ps1 19.571163 18.600363 17.501635 15.387 63050395995254807 1096683579 bright_1x1 mwm_bin_vis_boss mwm_filler science 0 0 0.0 0.0 -999 ""
FIBERMAP 755 R-9C15 METROLOGY 0 0 0 1 0 0 116.78549349302425 -162.64150286873152 143.1 190.67114415773938 61.09351444087568 128.14664 109.724304 -999.0 -999.0 -999.0 -999.0 -999.0 123.9576042356334 -22.187938745968662 123.90901671789737 -22.27371549459747 75.99425683625158 295.6463238213735 -999.0 6231.0 -999.0 -1 -999 {-999.0 -999.0 -999.0 -999.0 -999.0} "" -999.0 -999.0 -999.0 -999.0 -999 -999 "" "" "" "" 0 0 0.0 0.0 -999 ""
FIBERMAP 764 R-10C8 APOGEE 0 0 0 1 0 0 -12.428516884346951 -177.9439807596307 143.1 165.48730571094924 -66.55775340036008 100.61757 66.59577 -999.0 -999.0 -999.0 -999.0 -999.0 123.87790223214044 -22.57529592502826 123.82826902197917 -22.66082800149467 76.1287159166996 294.10773812582966 -999.0 16600.0 -999.0 2 -999 {-999.0 -999.0 -999.0 -999.0 -999.0} "" -999.0 -999.0 -999.0 -999.0 -999 -999 "" "" "" "" 0 0 0.0 0.0 -999 ""
FIBERMAP 764 R-10C8 BOSS 1 1 0 1 0 0 -11.660529976170666 -178.1149105807676 143.1 165.88616051227808 -65.87960428574011 100.61757 66.59577 123.87925069775244 -22.573244410313563 -2.937495 2.1006477 0.4656516 123.87921057805919 -22.573229011260704 123.8296328317266 -22.658790754756698 76.12878206138222 294.11772274960833 5400.0 5400.0 2016.0 1 405 {-999.0 17.020636 16.67196 16.576317 -999.0} sdss_psfmag_ps1 16.915607 16.684158 16.14684 15.534 63050395995127093 979855408 "" ops_std_boss ops_std standard_boss 0 0 0.0 0.0 -999 ""
FIBERMAP 764 R-10C8 METROLOGY 0 0 0 1 0 0 -12.197512241449477 -178.65541246524685 143.1 166.23527129242265 -66.55678038180818 100.61757 66.59577 -999.0 -999.0 -999.0 -999.0 -999.0 123.88040035561441 -22.575288969006262 123.83080391602886 -22.660845426569225 76.13074800348934 294.11257198858743 -999.0 6231.0 -999.0 -1 -999 {-999.0 -999.0 -999.0 -999.0 -999.0} "" -999.0 -999.0 -999.0 -999.0 -999 -999 "" "" "" "" 0 0 0.0 0.0 -999 ""
FIBERMAP 767 R+3C3 APOGEE 1 1 0 1 0 0 -216.95694866549883 37.66677151729482 143.1 -102.5711067485293 -194.844533565826 318.1711 42.915173 122.99831109077618 -22.965981567522384 -1.3960072 1.7852224 0.11522602 122.9982769812382 -22.966033998194142 122.94723555165479 -23.049622557532295 75.60485703471286 291.1090200571564 16000.0 16600.0 2016.0 2 36 {-999.0 14.697944 13.17678 12.438822 -999.0} sdss_psfmag_from_g3xp 14.05297 13.026705 12.029822 9.677 63050395995101533 1152662720 bright_1x1 mwm_galactic_core_dist_apogee_sparse mwm_galactic science 0 0 0.0 0.0 -999 ""
FIBERMAP 767 R+3C3 BOSS 0 0 0 1 0 0 -217.6855744799783 37.649610161323814 143.1 -102.77888986798507 -195.54308475978146 318.1711 42.915173 -999.0 -999.0 -999.0 -999.0 -999.0 122.99752518641974 -22.968151206484876 122.94653102315175 -23.051763298943296 75.60527236392429 291.10017930412243 -999.0 5400.0 -999.0 1 60 {-999.0 -999.0 -999.0 -999.0 -999.0} "" -999.0 -999.0 -999.0 -999.0 -999 -999 "" "" "" "" 0 0 0.0 0.0 -999 ""
FIBERMAP 767 R+3C3 METROLOGY 0 0 0 1 0 0 -217.34654155746375 38.30371321768857 143.1 -103.29697540870855 -195.01931183118958 318.1711 42.915173 -999.0 -999.0 -999.0 -999.0 -999.0 122.99581674577364 -22.966605906799412 122.94481070591064 -23.050207323047765 75.60314926598267 291.1027837785958 -999.0 6231.0 -999.0 -1 -999 {-999.0 -999.0 -999.0 -999.0 -999.0} "" -999.0 -999.0 -999.0 -999.0 -999 -999 "" "" "" "" 0 0 0.0 0.0 -999 ""
FIBERMAP 768 R+6C11 APOGEE 0 0 0 1 0 0 10.11514469570058 128.15770196574616 143.1 -118.82822201830155 49.04328972193769 66.85644 98.782875 -999.0 -999.0 -999.0 -999.0 -999.0 122.94428770251834 -22.2271943456697 122.89510243992589 -22.310770472090354 75.20707763940177 293.587870182056 -999.0 16600.0 -999.0 2 -999 {-999.0 -999.0 -999.0 -999.0 -999.0} "" -999.0 -999.0 -999.0 -999.0 -999 -999 "" "" "" "" 0 0 0.0 0.0 -999 ""
FIBERMAP 768 R+6C11 BOSS 1 1 0 1 0 0 10.865214293247323 127.95166989756747 143.1 -118.40147917393017 49.69359407817305 66.85644 98.782875 122.94561006511212 -22.225191268984172 -4.1734076 2.6761422 1.0174485 122.94556942864219 -22.22516845714167 122.89644289756467 -22.30877593400058 75.2071553184761 293.59706372465706 5400.0 5400.0 2016.0 1 142 {-999.0 14.681802 14.280454 14.164693 -999.0} sdss_psfmag_from_g3xp 14.610755 14.303056 13.832089 13.016 63050395995374156 979282032 "" ops_std_boss ops_std standard_boss 0 0 0.0 0.0 -999 ""
FIBERMAP 768 R+6C11 METROLOGY 0 0 0 1 0 0 10.323672988133879 127.4393607041922 143.1 -118.08059544353578 49.020751697668835 66.85644 98.782875 -999.0 -999.0 -999.0 -999.0 -999.0 122.94661903124562 -22.227211949172194 122.89747276596671 -22.31081337782665 75.20899866978431 293.5920157138281 -999.0 6231.0 -999.0 -1 -999 {-999.0 -999.0 -999.0 -999.0 -999.0} "" -999.0 -999.0 -999.0 -999.0 -999 -999 "" "" "" "" 0 0 0.0 0.0 -999 ""
FIBERMAP 769 R-5C12 APOGEE 1 1 0 1 0 0 30.73630225100512 -94.51475634245686 143.1 99.38279010252208 0.1739799591444619 54.48246 60.74987 123.66033082405373 -22.37405961332613 -3.8977618 2.0101323 0.20698434 123.66033093045786 -22.37406295393995 123.6111022781131 -22.459157864487544 75.85380557271993 294.40891897772 16000.0 16600.0 2016.0 2 161 {-999.0 14.152304 12.733757 11.110069 -999.0} sdss_psfmag_from_g3xp 13.574093 11.84871 10.573218 7.714 63050395995148623 1156066601 bright_1x1 mwm_galactic_core_dist_apogee_extra mwm_galactic science 0 0 0.0 0.0 -999 ""
FIBERMAP 769 R-5C12 BOSS 0 0 0 1 0 0 31.0265088528091 -95.20342380395483 143.1 100.12730539333849 0.23828430014299096 54.48246 60.74987 -999.0 -999.0 -999.0 -999.0 -999.0 123.66278080920452 -22.3738299209213 123.61360427252083 -22.458957539054776 75.85569626134081 294.4144269183857 -999.0 5400.0 -999.0 1 390 {-999.0 -999.0 -999.0 -999.0 -999.0} "" -999.0 -999.0 -999.0 -999.0 -999 -999 "" "" "" "" 0 0 0.0 0.0 -999 ""
FIBERMAP 769 R-5C12 METROLOGY 0 0 0 1 0 0 30.29915484990442 -95.11569518052026 143.1 99.82011277235317 -0.42679457650968905 54.48246 60.74987 -999.0 -999.0 -999.0 -999.0 -999.0 123.66180804934953 -22.375860826654634 123.61261166800114 -22.460978298084065 75.8559312815495 294.4053963398402 -999.0 6231.0 -999.0 -1 -999 {-999.0 -999.0 -999.0 -999.0 -999.0} "" -999.0 -999.0 -999.0 -999.0 -999 -999 "" "" "" "" 0 0 0.0 0.0 -999 ""
FIBERMAP 770 R-13C4 APOGEE 0 0 0 1 0 0 -95.49039168195434 -255.20095577945884 143.1 213.44745609280625 -169.35225615623392 220.05688 82.533394 -999.0 -999.0 -999.0 -999.0 -999.0 124.03595930259662 -22.884665015249464 123.98562164665293 -22.97049108566883 76.40808327036778 293.27699589785607 -999.0 16600.0 -999.0 2 261 {-999.0 -999.0 -999.0 -999.0 -999.0} "" -999.0 -999.0 -999.0 -999.0 -999 -999 "" "" "" "" 0 0 0.0 0.0 -999 ""
FIBERMAP 770 R-13C4 BOSS 1 1 0 1 0 0 -95.84594636027457 -254.59314853996057 143.1 212.75977780493602 -169.50360897234762 220.05688 82.533394 124.03336275279479 -22.885084837067275 1.3736733 -16.625353 1.2830496 124.03365916873146 -22.885113753019652 123.98336840254893 -22.970960188605 76.40650238628928 293.27094137888975 5400.0 5400.0 2016.0 1 355 {-999.0 12.856828 12.057855 11.786979 -999.0} sdss_psfmag_from_g3xp 12.624758 12.106187 11.436172 10.113 63050395995120191 996757933 bright_1x1 mwm_bin_gaia_sb_boss mwm_bin science 0 0 1.111193299293518 0.0 -999 ""
FIBERMAP 770 R-13C4 METROLOGY 0 0 0 1 0 0 -95.15256871423858 -254.5224022177564 143.1 212.90573423267034 -168.82211395263 220.05688 82.533394 -999.0 -999.0 -999.0 -999.0 -999.0 124.03418838795884 -22.883094743471794 123.98388905117213 -22.968935417253498 76.40593129094161 293.27945424318494 -999.0 6231.0 -999.0 -1 -999 {-999.0 -999.0 -999.0 -999.0 -999.0} "" -999.0 -999.0 -999.0 -999.0 -999 -999 "" "" "" "" 0 0 0.0 0.0 -999 ""
FIBERMAP 771 R-13C5 APOGEE 1 1 0 1 0 0 -76.1177189267912 -248.13431949228945 143.1 212.6823702729417 -148.74598469731745 223.70535 49.64171 124.03333229953893 -22.82258998266282 -5.5257974 5.4903274 1.6881814 124.03325670315364 -22.82255813990478 123.9830745539698 -22.908387167237137 76.37558889967343 293.50215945619243 16000.0 16600.0 2016.0 2 262 {-999.0 11.513073 11.093136 10.981336 -999.0} sdss_psfmag_from_g3xp 11.436968 11.125509 10.650188 9.879 63050395995120462 1110142802 bright_1x1 mwm_tess_rgb_apogee mwm_tessrgb science 0 0 0.0 0.0 -999 ""
FIBERMAP 771 R-13C5 BOSS 0 0 0 1 0 0 -76.16343351226178 -247.3753024144212 143.1 211.94611996410922 -148.55602160682423 223.70535 49.64171 -999.0 -999.0 -999.0 -999.0 -999.0 124.03080910173013 -22.82198773508297 123.98067634178307 -22.907837196680585 76.37339508789304 293.4995786547295 -999.0 5400.0 -999.0 1 356 {-999.0 -999.0 -999.0 -999.0 -999.0} "" -999.0 -999.0 -999.0 -999.0 -999 -999 "" "" "" "" 0 0 0.0 0.0 -999 ""
FIBERMAP 771 R-13C5 METROLOGY 0 0 0 1 0 0 -75.48405279282639 -247.71826932454175 143.1 212.4814109429358 -148.01509490427142 223.70535 49.64171 -999.0 -999.0 -999.0 -999.0 -999.0 124.03260656919188 -22.820372248704683 123.98246482836544 -22.90621852760207 76.37403291265642 293.5090008673104 -999.0 6231.0 -999.0 -1 -999 {-999.0 -999.0 -999.0 -999.0 -999.0} "" -999.0 -999.0 -999.0 -999.0 -999 -999 "" "" "" "" 0 0 0.0 0.0 -999 ""
FIBERMAP 773 R+3C12 APOGEE 1 1 0 1 0 0 -4.045844773528941 64.49320807160085 143.1 -62.60840582160584 15.987376740316336 5.9492064 146.87743 123.12851462399918 -22.327422719415097 -5.1933293 1.9433771 0.3916361 123.1285070799589 -22.327390379144965 123.0791513644694 -22.411349582482835 75.40477027975697 293.57907353525206 16000.0 16600.0 2016.0 2 131 {-999.0 13.2591715 12.492475 12.18326 -999.0} sdss_psfmag_from_g3xp 13.0392475 12.512653 11.829726 10.409 63050395995368565 1107472185 bright_1x1 mwm_tess_rgb_apogee mwm_tessrgb science 0 0 0.0 0.0 -999 ""
FIBERMAP 773 R+3C12 BOSS 0 0 0 1 0 0 -3.375686173309722 64.14608338879647 143.1 -62.0719953594459 16.518249929702428 5.9492064 146.87743 -999.0 -999.0 -999.0 -999.0 -999.0 123.13017174668927 -22.325738977360157 123.08087333067391 -22.40972983487408 75.40534298294048 293.587795037147 -999.0 5400.0 -999.0 1 119 {-999.0 -999.0 -999.0 -999.0 -999.0} "" -999.0 -999.0 -999.0 -999.0 -999 -999 "" "" "" "" 0 0 0.0 0.0 -999 ""
FIBERMAP 773 R+3C12 METROLOGY 0 0 0 1 0 0 -4.002217318675266 63.74648532386974 143.1 -61.8844952811593 15.79920929556473 5.9492064 146.87743 -999.0 -999.0 -999.0 -999.0 -999.0 123.13079808481906 -22.327928380334747 123.08147957097731 -22.411912384152938 75.40691675765922 293.581394490604 -999.0 6231.0 -999.0 -1 -999 {-999.0 -999.0 -999.0 -999.0 -999.0} "" -999.0 -999.0 -999.0 -999.0 -999 -999 "" "" "" "" 0 0 0.0 0.0 -999 ""
FIBERMAP 774 R-6C6 APOGEE 0 0 0 1 0 0 -131.269930998437 -111.19756987810335 143.1 65.4260327930127 -159.10298826830982 214.36101 56.62753 -999.0 -999.0 -999.0 -999.0 -999.0 123.55060183497365 -22.857356635629607 123.5000992936586 -22.942148456257712 76.00316666219445 292.4732670840051 -999.0 16600.0 -999.0 2 -999 {-999.0 -999.0 -999.0 -999.0 -999.0} "" -999.0 -999.0 -999.0 -999.0 -999 -999 "" "" "" "" 0 0 0.0 0.0 -999 ""
FIBERMAP 774 R-6C6 BOSS 1 1 0 1 0 0 -131.27792891743428 -110.42295430138724 143.1 64.68654177685666 -158.87234072567497 214.36101 56.62753 123.54812622070311 -22.8567037612779 -999.0 -999.0 -999.0 123.54814377968549 -22.856704542090068 123.4976926655932 -22.941516824670444 76.00091898439709 292.47116418599984 5400.0 5400.0 2015.5 1 483 {-999.0 -999.0 -999.0 -999.0 -999.0} "" -999.0 -999.0 -999.0 -999.0 27021603171067517 823345976 "" ops_sky_boss_good ops_sky sky_boss 0 0 0.0 0.0 -999 ""
FIBERMAP 774 R-6C6 METROLOGY 0 0 0 1 0 0 -130.63299653767388 -110.80538024350228 143.1 65.24878155294199 -158.37632778656652 214.36101 56.62753 -999.0 -999.0 -999.0 -999.0 -999.0 123.55001206335392 -22.855223634977147 123.49955115853965 -22.940032869265497 76.00170898405122 292.479940681847 -999.0 6231.0 -999.0 -1 -999 {-999.0 -999.0 -999.0 -999.0 -999.0} "" -999.0 -999.0 -999.0 -999.0 -999 -999 "" "" "" "" 0 0 0.0 0.0 -999 ""
FIBERMAP 775 R-7C2 APOGEE 0 0 0 1 0 0 -197.86138644666485 -123.06236700303303 143.1 56.23284855071704 -226.1127987792239 132.3359 103.6568 -999.0 -999.0 -999.0 -999.0 -999.0 123.52087648512932 -23.059610753269435 123.46984533517201 -23.144310366209528 76.07443485603297 291.68068252063796 -999.0 16600.0 -999.0 2 -999 {-999.0 -999.0 -999.0 -999.0 -999.0} "" -999.0 -999.0 -999.0 -999.0 -999 -999 "" "" "" "" 0 0 0.0 0.0 -999 ""
FIBERMAP 775 R-7C2 BOSS 1 1 0 1 0 0 -197.48843224726375 -122.44847946324734 143.1 55.763460814372735 -225.56911999176717 132.3359 103.6568 123.519287109375 -23.057990707736167 -999.0 -999.0 -999.0 123.51928694810854 -23.057990453296238 123.46831026818097 -23.142711774318485 76.07243931173846 291.683807610837 5400.0 5400.0 2015.5 1 455 {-999.0 -999.0 -999.0 -999.0 -999.0} "" -999.0 -999.0 -999.0 -999.0 27021603171067379 823345175 "" ops_sky_boss_good ops_sky sky_boss 0 0 0.0 0.0 -999 ""
FIBERMAP 775 R-7C2 METROLOGY 0 0 0 1 0 0 -197.1145966349267 -123.10483103346111 143.1 56.502950924581064 -225.41530457461215 132.3359 103.6568 -999.0 -999.0 -999.0 -999.0 -999.0 123.52174265461514 -23.057559741948236 123.47075376628817 -23.142279338486652 76.07422246038348 291.68976493986287 -999.0 6231.0 -999.0 -1 -999 {-999.0 -999.0 -999.0 -999.0 -999.0} "" -999.0 -999.0 -999.0 -999.0 -999 -999 "" "" "" "" 0 0 0.0 0.0 -999 ""
FIBERMAP 777 R+4C22 APOGEE 0 0 0 1 0 0 210.50075582574797 68.6050770823293 143.1 -0.5302062643476865 221.38884883038702 236.70584 91.321396 -999.0 -999.0 -999.0 -999.0 -999.0 123.33071480921292 -21.7052198876281 123.28301664510707 -21.789701631115317 75.24583100741572 296.0660398788362 -999.0 16600.0 -999.0 2 -999 {-999.0 -999.0 -999.0 -999.0 -999.0} "" -999.0 -999.0 -999.0 -999.0 -999 -999 "" "" "" "" 0 0 0.0 0.0 -999 ""
FIBERMAP 777 R+4C22 BOSS 1 1 0 1 0 0 209.82208690882376 69.09135139640341 143.1 -1.2016323930920936 220.89267809591612 236.70584 91.321396 123.32848367136866 -21.706650296201314 -1.116928 1.4827044 0.4102558 123.32847827102319 -21.706645352879686 123.28082701212537 -21.791152199175304 75.24488427171674 296.05696496292416 5400.0 5400.0 2016.0 1 246 {-999.0 16.72617 16.306952 16.177032 -999.0} sdss_psfmag_ps1 16.641825 16.331043 15.868621 15.076 63050395995403576 978540389 "" ops_std_boss ops_std standard_boss 0 0 0.0 0.0 -999 ""
FIBERMAP 777 R+4C22 METROLOGY 0 0 0 1 0 0 210.52072521011095 69.35280660594347 143.1 -1.2355135221197233 221.63783704289526 236.70584 91.321396 -999.0 -999.0 -999.0 -999.0 -999.0 123.32837667433014 -21.704376889933112 123.28071646899315 -21.78887531020296 75.24358351749183 296.0643131438121 -999.0 6231.0 -999.0 -1 -999 {-999.0 -999.0 -999.0 -999.0 -999.0} "" -999.0 -999.0 -999.0 -999.0 -999 -999 "" "" "" "" 0 0 0.0 0.0 -999 ""
FIBERMAP 778 R-4C7 APOGEE 1 1 0 1 0 0 -102.21129961811143 -63.23438639155792 143.1 28.727933519539988 -116.70170346554032 85.90857 81.93133 123.42952948801276 -22.72945908588942 0.027544953 -5.823366 1.9319701 123.42953656310746 -22.729502669719672 123.37930109244178 -22.814052687802043 75.84392670786544 292.71434487872574 16000.0 16600.0 2016.0 2 297 {-999.0 10.810839 10.524041 10.439256 -999.0} sdss_psfmag_from_g3xp 10.777561 10.526811 10.113036 9.459 63050395995132718 1103757110 bright_1x1 mwm_tess_2min_apogee mwm_planet science 0 0 0.0 0.0 -999 ""
FIBERMAP 778 R-4C7 BOSS 0 0 0 1 0 0 -101.52306641818305 -63.50545239239429 143.1 29.197535101029896 -116.13023841980826 85.90857 81.93133 -999.0 -999.0 -999.0 -999.0 -999.0 123.43104164817774 -22.727800562281423 123.38086255370672 -22.812380231375503 75.84437683366693 292.7231775516863 -999.0 5400.0 -999.0 1 488 {-999.0 -999.0 -999.0 -999.0 -999.0} "" -999.0 -999.0 -999.0 -999.0 -999 -999 "" "" "" "" 0 0 0.0 0.0 -999 ""
FIBERMAP 778 R-4C7 METROLOGY 0 0 0 1 0 0 -102.09022886176479 -63.975535993418475 143.1 29.470361449534874 -116.81447098381321 85.90857 81.93133 -999.0 -999.0 -999.0 -999.0 -999.0 123.43196288925056 -22.729890127746426 123.38176437360426 -22.814464055878968 75.84611278541502 292.717365864285 -999.0 6231.0 -999.0 -1 -999 {-999.0 -999.0 -999.0 -999.0 -999.0} "" -999.0 -999.0 -999.0 -999.0 -999 -999 "" "" "" "" 0 0 0.0 0.0 -999 ""
FIBERMAP 782 R-9C4 APOGEE 0 0 0 1 0 0 -136.1499830306078 -178.936484847906 143.1 128.37722238397743 -184.58149402403131 202.46304 113.19991 -999.0 -999.0 -999.0 -999.0 -999.0 123.75761677934035 -22.933055765755743 123.70702162231493 -23.018280382613884 76.20683755006186 292.57568023098213 -999.0 16600.0 -999.0 2 -999 {-999.0 -999.0 -999.0 -999.0 -999.0} "" -999.0 -999.0 -999.0 -999.0 -999 -999 "" "" "" "" 0 0 0.0 0.0 -999 ""
FIBERMAP 782 R-9C4 BOSS 1 1 0 1 0 0 -136.67963694891685 -178.43965378767928 143.1 127.74158597827272 -184.9326329512705 202.46304 113.19991 123.75552043054503 -22.93414296803463 -2.3776495 2.0076113 0.23587264 123.75550862057905 -22.93413783480487 123.70495989378259 -23.01938305057843 76.2057018090291 292.5678037882491 5400.0 5400.0 2016.0 1 466 {-999.0 17.53337 16.989994 16.983683 -999.0} sdss_psfmag_ps1 17.4097 17.110552 16.61892 15.62 63050395995115918 979855431 "" ops_std_boss ops_std standard_boss 0 0 0.0 0.0 -999 ""
FIBERMAP 782 R-9C4 METROLOGY 0 0 0 1 0 0 -135.97150842521262 -178.21009305828753 143.1 127.74097081656595 -184.18825440140867 202.46304 113.19991 -999.0 -999.0 -999.0 -999.0 -999.0 123.75553721565954 -22.931929138177924 123.70497987883022 -23.017167572654493 76.2046548575083 292.5759925762918 -999.0 6231.0 -999.0 -1 -999 {-999.0 -999.0 -999.0 -999.0 -999.0} "" -999.0 -999.0 -999.0 -999.0 -999 -999 "" "" "" "" 0 0 0.0 0.0 -999 ""
FIBERMAP 783 R+5C15 APOGEE 0 0 0 1 0 0 81.36911799692578 118.59624266783582 143.1 -87.8142854139401 113.89907185175576 153.96323 23.878578 -999.0 -999.0 -999.0 -999.0 -999.0 123.04591596143774 -22.03050104348236 122.99727356455435 -22.1143240542727 75.18938971229284 294.4385028585684 -999.0 16600.0 -999.0 2 -999 {-999.0 -999.0 -999.0 -999.0 -999.0} "" -999.0 -999.0 -999.0 -999.0 -999 -999 "" "" "" "" 0 0 0.0 0.0 -999 ""
FIBERMAP 783 R+5C15 BOSS 1 1 0 1 0 0 82.20325603322755 118.52400747013714 143.1 -87.48898968287264 114.67051906027223 153.96323 23.878578 123.04687499999999 -22.028085231682766 -999.0 -999.0 -999.0 123.04688558480447 -22.028081951325255 122.99830231845857 -22.111936398157514 75.18898754312775 294.4484360268894 5400.0 5400.0 2015.5 1 221 {-999.0 -999.0 -999.0 -999.0 -999.0} "" -999.0 -999.0 -999.0 -999.0 27021603171080304 814746220 "" ops_sky_boss_good ops_sky sky_boss 0 0 0.0 0.0 -999 ""
FIBERMAP 783 R+5C15 METROLOGY 0 0 0 1 0 0 81.73500804234561 117.94384501957308 143.1 -87.08100128942203 114.04654337634182 153.96323 23.878578 -999.0 -999.0 -999.0 -999.0 -999.0 123.0482223563243 -22.029965257880765 122.99962002487854 -22.113814095901134 75.19099696694904 294.44456662321045 -999.0 6231.0 -999.0 -1 -999 {-999.0 -999.0 -999.0 -999.0 -999.0} "" -999.0 -999.0 -999.0 -999.0 -999 -999 "" "" "" "" 0 0 0.0 0.0 -999 ""
FIBERMAP 785 R+5C13 APOGEE 1 1 0 1 0 0 18.25113854394106 101.60155182668221 143.1 -91.05810300588459 48.61634300734745 184.23143 93.77392 123.03518057092143 -22.22846523051247 -1.8325393 1.1919506 0.7615969 123.03520286366778 -22.22843511628657 122.98605538064209 -22.31220717689987 75.2806435224401 293.74832651771334 16000.0 16600.0 2016.0 2 150 {-999.0 10.121393 10.404629 10.613387 -999.0} sdss_psfmag_from_g3xp 10.248675 10.273215 10.288423 10.329 63050395995373207 975250465 "" ops_std_apogee ops_std standard_apogee 0 0 0.0 0.0 -999 ""
FIBERMAP 785 R+5C13 BOSS 0 0 0 1 0 0 18.12334338219751 102.34525932754525 143.1 -91.80503302739974 48.72349915266566 184.23143 93.77392 -999.0 -999.0 -999.0 -999.0 -999.0 123.03264898686876 -22.228056968268607 122.98355400797095 -22.31185182601263 75.27846314113718 293.7449704474684 -999.0 5400.0 -999.0 1 154 {-999.0 -999.0 -999.0 -999.0 -999.0} "" -999.0 -999.0 -999.0 -999.0 -999 -999 "" "" "" "" 0 0 0.0 0.0 -999 ""
FIBERMAP 785 R+5C13 METROLOGY 0 0 0 1 0 0 18.828094594191953 102.08173786196734 143.1 -91.33752928364477 49.31300131100111 184.23143 93.77392 -999.0 -999.0 -999.0 -999.0 -999.0 123.03418627529766 -22.226269980590786 122.98508157384634 -22.310060402892866 75.27878758418768 293.75385825720184 -999.0 6231.0 -999.0 -1 -999 {-999.0 -999.0 -999.0 -999.0 -999.0} "" -999.0 -999.0 -999.0 -999.0 -999 -999 "" "" "" "" 0 0 0.0 0.0 -999 ""
FIBERMAP 788 R+7C6 APOGEE 0 0 0 1 0 0 -116.56288250583731 141.81748443304568 143.1 -170.78904211601562 -67.28678687262212 185.31157 87.21214 -999.0 -999.0 -999.0 -999.0 -999.0 122.77402115456803 -22.579797121906193 122.723862456973 -22.662955791619126 75.24129161509835 292.0799165570093 -999.0 16600.0 -999.0 2 -999 {-999.0 -999.0 -999.0 -999.0 -999.0} "" -999.0 -999.0 -999.0 -999.0 -999 -999 "" "" "" "" 0 0 0.0 0.0 -999 ""
FIBERMAP 788 R+7C6 BOSS 1 1 0 1 0 0 -116.6332378560762 142.57810104141237 143.1 -171.53439338839254 -67.11977698390245 185.31157 87.21214 122.77146132454578 -22.579289886938152 -2.1930194 2.8269744 -1.1860554 122.77146739300389 -22.579280273074374 122.72136262109603 -22.662460523016865 75.23902893481026 292.0772923054599 5400.0 5400.0 2016.0 1 69 {-999.0 15.328771 15.306253 15.1858 -999.0} sdss_psfmag_ps1 15.302976 15.344089 14.746159 14.228 63050395995334578 1093564735 bright_1x1 mwm_astar_core_boss_single mwm_ob science 0 0 0.0 0.0 -999 ""
FIBERMAP 788 R+7C6 METROLOGY 0 0 0 1 0 0 -115.94273312941972 142.23571040991104 143.1 -170.99622918845012 -66.56808876155598 185.31157 87.21214 -999.0 -999.0 -999.0 -999.0 -999.0 122.77321863585955 -22.57762987057675 122.72310362872338 -22.660806483732724 75.23964843152262 292.0860098992182 -999.0 6231.0 -999.0 -1 -999 {-999.0 -999.0 -999.0 -999.0 -999.0} "" -999.0 -999.0 -999.0 -999.0 -999 -999 "" "" "" "" 0 0 0.0 0.0 -999 ""
FIBERMAP 794 R-11C15 APOGEE 0 0 0 1 0 0 165.1372642604048 -221.24125480266153 143.1 261.2997280320719 89.07504524652857 38.331192 41.939552 -999.0 -999.0 -999.0 -999.0 -999.0 124.1861058917713 -22.102254601864786 124.13780377438866 -22.188510457312226 76.12900004083963 296.41132599944694 -999.0 16600.0 -999.0 2 -999 {-999.0 -999.0 -999.0 -999.0 -999.0} "" -999.0 -999.0 -999.0 -999.0 -999 -999 "" "" "" "" 0 0 0.0 0.0 -999 ""
FIBERMAP 794 R-11C15 BOSS 1 1 0 1 0 0 165.05092766252918 -221.93578387834808 143.1 261.9340028177601 88.77927344909156 38.331192 41.939552 124.18784565803351 -22.103139592730226 -5.879276 -1.2057775 0.5117006 124.18810533382573 -22.10311482928746 124.13985037300739 -22.189403065736 76.1310790897877 296.4123933041574 5400.0 5400.0 2016.0 1 332 {-999.0 13.768434 12.791479 12.447839 -999.0} sdss_psfmag_from_g3xp 13.446775 12.830801 12.086243 10.53 63050395995257076 996714217 bright_1x1 mwm_bin_gaia_sb_boss mwm_bin science 0 0 0.9086424708366394 0.0 -999 ""
FIBERMAP 794 R-11C15 METROLOGY 0 0 0 1 0 0 164.4385089673956 -221.50816163525994 143.1 261.338760285341 88.32809816604785 38.331192 41.939552 -999.0 -999.0 -999.0 -999.0 -999.0 124.18626423614381 -22.10447673908499 124.1379913162188 -22.19075285705296 76.13034296031208 296.40379995326293 -999.0 6231.0 -999.0 -1 -999 {-999.0 -999.0 -999.0 -999.0 -999.0} "" -999.0 -999.0 -999.0 -999.0 -999 -999 "" "" "" "" 0 0 0.0 0.0 -999 ""
FIBERMAP 797 R0C6 APOGEE 0 0 0 1 0 0 -168.561624398616 11.716919702341361 143.1 -62.99484412782128 -156.77905810920356 66.117935 94.46836 -999.0 -999.0 -999.0 -999.0 -999.0 123.12807909116084 -22.851259352020385 123.07739190578917 -22.935143891572167 75.65735951305945 291.7423859869717 -999.0 16600.0 -999.0 2 -999 {-999.0 -999.0 -999.0 -999.0 -999.0} "" -999.0 -999.0 -999.0 -999.0 -999 -999 "" "" "" "" 0 0 0.0 0.0 -999 ""
FIBERMAP 797 R0C6 BOSS 1 1 0 1 0 0 -167.76458349532632 11.38717155364457 143.1 -62.43594043959117 -156.12211428290217 66.117935 94.46836 123.12985262558323 -22.849287691648808 -3.379941 2.1960151 -1.4199326 123.12983389663295 -22.84930815998902 123.07920501938179 -22.933222601385 75.65792665575306 291.7524035920772 5400.0 5400.0 2016.0 1 451 {-999.0 14.788567 14.57067 14.508843 -999.0} sdss_psfmag_from_g3xp 14.778986 14.573022 14.175791 13.574 63050395995104507 1093865243 bright_1x1 mwm_astar_core_boss_single mwm_ob science 0 0 0.0 0.0 -999 ""
FIBERMAP 797 R0C6 METROLOGY 0 0 0 1 0 0 -168.39189098228945 10.988435808093715 143.1 -62.24949962898675 -156.8416283568541 66.117935 94.46836 -999.0 -999.0 -999.0 -999.0 -999.0 123.13045880995304 -22.85151003810901 123.07980972923838 -22.935418184629075 75.65945268899276 291.74564573777405 -999.0 6231.0 -999.0 -1 -999 {-999.0 -999.0 -999.0 -999.0 -999.0} "" -999.0 -999.0 -999.0 -999.0 -999 -999 "" "" "" "" 0 0 0.0 0.0 -999 ""
FIBERMAP 798 R+9C9 APOGEE 1 1 0 1 0 0 -13.47846226833175 164.2652010084323 143.1 -160.44073113252878 37.70044915602588 236.2446 137.1068 122.80819910964888 -22.261637532212834 -1.2584606 1.511013 0.29568088 122.8081877685707 -22.26159008230618 122.75885422271057 -22.344867438510953 75.11469364477279 293.22762135299246 16000.0 16600.0 2016.0 2 135 {-999.0 13.397632 12.23074 11.769147 -999.0} sdss_psfmag_from_g3xp 12.971773 12.22959 11.394783 9.529 63050395995372285 1152662935 bright_1x1 mwm_galactic_core_dist_apogee_sparse mwm_galactic science 0 0 0.0 0.0 -999 ""
FIBERMAP 798 R+9C9 BOSS 0 0 0 1 0 0 -14.184832198119365 164.08285158283 143.1 -160.48449565756184 36.97226519496758 236.2446 137.1068 -999.0 -999.0 -999.0 -999.0 -999.0 122.80791810315394 -22.263754721823997 122.75863248944074 -22.347059403191757 75.11560054505101 293.2198119214336 -999.0 5400.0 -999.0 1 130 {-999.0 -999.0 -999.0 -999.0 -999.0} "" -999.0 -999.0 -999.0 -999.0 -999 -999 "" "" "" "" 0 0 0.0 0.0 -999 ""
FIBERMAP 798 R+9C9 METROLOGY 0 0 0 1 0 0 -14.032304070020478 164.7968627334667 143.1 -161.11694795389522 37.33700921571394 236.2446 137.1068 -999.0 -999.0 -999.0 -999.0 -999.0 122.80584866751246 -22.262651432504025 122.75654975806617 -22.345943805187623 75.11337455737632 293.21987363890014 -999.0 6231.0 -999.0 -1 -999 {-999.0 -999.0 -999.0 -999.0 -999.0} "" -999.0 -999.0 -999.0 -999.0 -999 -999 "" "" "" "" 0 0 0.0 0.0 -999 ""
FIBERMAP 801 R+7C20 APOGEE 1 1 0 1 0 0 209.32553065715544 148.75101077145368 143.1 -77.14891351309747 244.92205028622612 108.25141 115.13257 123.08120727539061 -21.63503585823058 -999.0 -999.0 -999.0 123.08119673892676 -21.63504043714631 123.03356515959064 -21.718995119832172 75.01204565853965 295.8189182260078 16000.0 16600.0 2015.5 2 89 {-999.0 -999.0 -999.0 -999.0 -999.0} "" -999.0 -999.0 -999.0 -999.0 27021603171081721 845457669 "" ops_sky_apogee_best ops_sky sky_apogee 0 0 0.0 0.0 -999 ""
FIBERMAP 801 R+7C20 BOSS 0 0 0 1 0 0 209.85541454767733 149.25662845865875 143.1 -77.46701601589452 245.58174268994708 108.25141 115.13257 -999.0 -999.0 -999.0 -999.0 -999.0 123.08011016812898 -21.633022490179748 123.03253554993682 -21.717005612896806 75.01017858341035 295.8234720181223 -999.0 5400.0 -999.0 1 263 {-999.0 -999.0 -999.0 -999.0 -999.0} "" -999.0 -999.0 -999.0 -999.0 -999 -999 "" "" "" "" 0 0 0.0 0.0 -999 ""
FIBERMAP 801 R+7C20 METROLOGY 0 0 0 1 0 0 210.03407823018517 148.54126567101608 143.1 -76.73140919934144 245.53170521867483 108.25141 115.13257 -999.0 -999.0 -999.0 -999.0 -999.0 123.0825019245516 -21.633130286085173 123.03491322933934 -21.717109903434245 75.01210555472841 295.8276667351093 -999.0 6231.0 -999.0 -1 -999 {-999.0 -999.0 -999.0 -999.0 -999.0} "" -999.0 -999.0 -999.0 -999.0 -999 -999 "" "" "" "" 0 0 0.0 0.0 -999 ""
FIBERMAP 803 R-5C19 APOGEE 0 0 0 1 0 0 151.24325879654424 -100.40762451460385 143.1 142.05544183369028 113.02136697579691 219.98814 83.562096 -999.0 -999.0 -999.0 -999.0 -999.0 123.79775996414439 -22.03138719042748 123.74945521290095 -22.116824325171144 75.78609547330142 295.87509959159763 -999.0 16600.0 -999.0 2 -999 {-999.0 -999.0 -999.0 -999.0 -999.0} "" -999.0 -999.0 -999.0 -999.0 -999 -999 "" "" "" "" 0 0 0.0 0.0 -999 ""
FIBERMAP 803 R-5C19 BOSS 1 1 0 1 0 0 150.8237066668224 -99.80163890240397 143.1 141.34981235684796 112.80856158436208 219.98814 83.562096 123.79551587478082 -22.031972887802006 -2.0410223 7.439513 -4.29106 123.79546555565035 -22.03197104446167 123.74720809867836 -22.117431865007294 75.78464805313823 295.8685231662572 5400.0 5400.0 2016.0 1 313 {-999.0 14.706586 14.558464 14.220335 -999.0} sdss_psfmag_from_g3xp 14.660253 14.682039 13.832113 12.976 63050395995260141 1093865287 bright_1x1 mwm_astar_core_boss_single mwm_ob science 0 0 0.0 0.0 -999 ""
FIBERMAP 803 R-5C19 METROLOGY 0 0 0 1 0 0 151.565837403446 -99.7327606326503 143.1 141.51254174601468 113.53586960225843 219.98814 83.562096 -999.0 -999.0 -999.0 -999.0 -999.0 123.79601278112152 -22.02976142739527 123.7477469888849 -22.11521560822451 75.7839021610184 295.8772612919331 -999.0 6231.0 -999.0 -1 -999 {-999.0 -999.0 -999.0 -999.0 -999.0} "" -999.0 -999.0 -999.0 -999.0 -999 -999 "" "" "" "" 0 0 0.0 0.0 -999 ""
FIBERMAP 810 R+10C16 APOGEE 0 0 0 1 0 0 168.54662308238574 208.83055614754028 143.1 -146.85621840546128 224.60110220347678 92.50824 67.87483 -999.0 -999.0 -999.0 -999.0 -999.0 122.85446309842462 -21.696739410765872 122.80657797089941 -21.78019628099761 74.86515540457609 295.19106088109044 -999.0 16600.0 -999.0 2 -999 {-999.0 -999.0 -999.0 -999.0 -999.0} "" -999.0 -999.0 -999.0 -999.0 -999 -999 "" "" "" "" 0 0 0.0 0.0 -999 ""
FIBERMAP 810 R+10C16 BOSS 1 1 0 1 0 0 169.25489476082268 208.59350427150167 143.1 -146.41281710883533 225.20209556954939 92.50824 67.87483 122.85556044735162 -21.69487498933871 -3.3991704 2.3574138 0.36294377 122.85586093082111 -21.69490213183248 122.80803425571281 -21.77839263932152 74.86536378895897 295.19965816050376 5400.0 5400.0 2016.0 1 185 {-999.0 13.115665 12.190141 11.8377 -999.0} sdss_psfmag_from_g3xp 12.818764 12.21628 11.4777775 9.936 63050395995407126 996714233 bright_1x1 mwm_bin_gaia_sb_boss mwm_bin science 0 0 1.0979856252670288 0.0 -999 ""
FIBERMAP 810 R+10C16 METROLOGY 0 0 0 1 0 0 168.69947802990265 208.0983447150867 143.1 -146.11251873395742 224.5213259135217 92.50824 67.87483 -999.0 -999.0 -999.0 -999.0 -999.0 122.85681032886791 -21.696911014063975 122.80896392248894 -21.78039467992998 74.86714724218578 295.19485453605625 -999.0 6231.0 -999.0 -1 -999 {-999.0 -999.0 -999.0 -999.0 -999.0} "" -999.0 -999.0 -999.0 -999.0 -999 -999 "" "" "" "" 0 0 0.0 0.0 -999 ""
FIBERMAP 811 R-13C1 APOGEE 1 1 0 1 0 0 -156.32814812614896 -234.67926481102688 143.1 175.20891676140545 -220.92605508525335 176.86409 47.922665 123.9113911274717 -23.04115288768096 -1.6311492 2.8382623 0.33311498 123.91133881670352 -23.041159133095874 123.8605443057732 -23.126697198426402 76.38274020484351 292.4591785494699 16000.0 16600.0 2016.0 2 154 {-999.0 11.861973 10.651555 10.175842 -999.0} sdss_psfmag_from_g3xp 11.410862 10.64879 9.803166 7.947 63050395995110353 1156066464 bright_1x1 mwm_galactic_core_dist_apogee_extra mwm_galactic science 0 0 0.0 0.0 -999 ""
FIBERMAP 811 R-13C1 BOSS 0 0 0 1 0 0 -155.80093399558527 -234.15610432101897 143.1 174.87330146898037 -220.2635070628328 176.86409 47.922665 -999.0 -999.0 -999.0 -999.0 -999.0 123.91017227178283 -23.039137040830212 123.85943196256068 -23.124697698959896 76.38088695883741 292.4645674889563 -999.0 5400.0 -999.0 1 435 {-999.0 -999.0 -999.0 -999.0 -999.0} "" -999.0 -999.0 -999.0 -999.0 -999 -999 "" "" "" "" 0 0 0.0 0.0 -999 ""
FIBERMAP 811 R-13C1 METROLOGY 0 0 0 1 0 0 -155.60709268681362 -234.86745116447074 143.1 175.60975555276508 -220.29786810063536 176.86409 47.922665 -999.0 -999.0 -999.0 -999.0 -999.0 123.91263481665027 -23.039266913448337 123.86188130695041 -23.124825784339794 76.38292744727504 292.46865622016554 -999.0 6231.0 -999.0 -1 -999 {-999.0 -999.0 -999.0 -999.0 -999.0} "" -999.0 -999.0 -999.0 -999.0 -999 -999 "" "" "" "" 0 0 0.0 0.0 -999 ""
FIBERMAP 812 R-8C7 APOGEE 0 0 0 1 0 0 -75.1901349105056 -141.80356176463147 143.1 111.79611938348445 -115.15803621322704 138.6547 97.09446 -999.0 -999.0 -999.0 -999.0 -999.0 123.70254460719829 -22.7236097877953 123.6524535060521 -22.808745974045983 76.06126081576373 293.23859763026786 -999.0 16600.0 -999.0 2 -999 {-999.0 -999.0 -999.0 -999.0 -999.0} "" -999.0 -999.0 -999.0 -999.0 -999 -999 "" "" "" "" 0 0 0.0 0.0 -999 ""
FIBERMAP 812 R-8C7 BOSS 1 1 0 1 0 0 -74.67529787456816 -141.12862175228275 143.1 111.31228199012904 -114.46058017612458 138.6547 97.09446 123.70095567010654 -22.721503801633656 -4.4877872 -3.2208543 -2.881016 123.70094835310093 -22.72152828571694 123.6509120953599 -22.806687438250876 76.05901341587197 293.2431556366192 5400.0 5400.0 2016.0 1 373 {-999.0 14.921795 14.850683 14.901534 -999.0} sdss_psfmag_ps1 14.869675 15.118689 14.466985 14.007 63050395995118535 1093701499 bright_1x1 mwm_astar_core_boss_single mwm_ob science 0 0 0.0 0.0 -999 ""
FIBERMAP 812 R-8C7 METROLOGY 0 0 0 1 0 0 -74.44324850561068 -141.84429154463618 143.1 112.06460136352368 -114.45991667888627 138.6547 97.09446 -999.0 -999.0 -999.0 -999.0 -999.0 123.70344685872692 -22.72153267305243 123.65339750810301 -22.806689779237907 76.06101158230707 293.247808590853 -999.0 6231.0 -999.0 -1 -999 {-999.0 -999.0 -999.0 -999.0 -999.0} "" -999.0 -999.0 -999.0 -999.0 -999 -999 "" "" "" "" 0 0 0.0 0.0 -999 ""
FIBERMAP 813 R+1C24 APOGEE 1 1 0 1 0 0 246.54917084313178 16.251874589643243 143.1 60.37062827046161 239.58530915241508 331.20505 129.72487 123.52890014648436 -21.650085008994836 -999.0 -999.0 -999.0 123.52885070781032 -21.65008826478786 123.48137808908041 -21.73500309810125 75.37191115821483 296.63792119865917 16000.0 16600.0 2015.5 2 112 {-999.0 -999.0 -999.0 -999.0 -999.0} "" -999.0 -999.0 -999.0 -999.0 27021603171086280 845458316 "" ops_sky_apogee_best ops_sky sky_apogee 0 0 0.0 0.0 -999 ""
FIBERMAP 813 R+1C24 BOSS 0 0 0 1 0 0 246.7193108264796 15.508123014719352 143.1 61.13062471016475 239.5184296893207 331.20505 129.72487 -999.0 -999.0 -999.0 -999.0 -999.0 123.53127968440447 -21.650234893637258 123.48385847225285 -21.735185154016293 75.37394831403027 296.6422442071897 -999.0 5400.0 -999.0 1 191 {-999.0 -999.0 -999.0 -999.0 -999.0} "" -999.0 -999.0 -999.0 -999.0 -999 -999 "" "" "" "" 0 0 0.0 0.0 -999 ""
FIBERMAP 813 R+1C24 METROLOGY 0 0 0 1 0 0 245.99678515629233 15.74677740829252 143.1 60.681314386837236 238.90436684401251 331.20505 129.72487 -999.0 -999.0 -999.0 -999.0 -999.0 123.52985376679487 -21.65204969686751 123.4824130270967 -21.736988070663347 75.37379250818375 296.63336321865177 -999.0 6231.0 -999.0 -1 -999 {-999.0 -999.0 -999.0 -999.0 -999.0} "" -999.0 -999.0 -999.0 -999.0 -999 -999 "" "" "" "" 0 0 0.0 0.0 -999 ""
FIBERMAP 815 R-12C7 APOGEE 0 0 0 1 0 0 -36.817323979967966 -232.9296706846911 143.1 210.3035288086801 -106.67578802227615 189.82791 107.04948 -999.0 -999.0 -999.0 -999.0 -999.0 124.02496689717151 -22.695576382216437 123.97510096259481 -22.781405555284085 76.30630693924641 293.9538753218987 -999.0 16600.0 -999.0 2 -999 {-999.0 -999.0 -999.0 -999.0 -999.0} "" -999.0 -999.0 -999.0 -999.0 -999 -999 "" "" "" "" 0 0 0.0 0.0 -999 ""
FIBERMAP 815 R-12C7 BOSS 1 1 0 1 0 0 -37.14900539237714 -232.31787037921995 143.1 209.61939417385526 -106.80319771714464 189.82791 107.04948 124.0225701935556 -22.695985471924104 -2.90482 1.3247298 -0.16686718 124.02271739773383 -22.695969557220856 123.97289852297831 -22.781819933086414 76.30475340837974 293.9480811324736 5400.0 5400.0 2016.0 1 366 {-999.0 13.166094 13.138833 13.198334 -999.0} sdss_psfmag_from_g3xp 13.170874 13.182589 12.844324 12.504 63050395995125323 1093712873 bright_1x1 mwm_astar_core_boss_single mwm_ob science 0 0 0.6470609903335571 0.0 -999 ""
FIBERMAP 815 R-12C7 METROLOGY 0 0 0 1 0 0 -36.41609032782457 -232.2983943797471 143.1 209.8262942508393 -106.09985344731433 189.82791 107.04948 -999.0 -999.0 -999.0 -999.0 -999.0 124.02343429900732 -22.69386191951817 123.97360715362913 -22.779706741950193 76.30426593884448 293.9571936848274 -999.0 6231.0 -999.0 -1 -999 {-999.0 -999.0 -999.0 -999.0 -999.0} "" -999.0 -999.0 -999.0 -999.0 -999 -999 "" "" "" "" 0 0 0.0 0.0 -999 ""
FIBERMAP 817 R+10C12 APOGEE 0 0 0 1 0 0 64.2839250021239 179.7211882969074 143.1 -151.22851979890956 116.44375820098918 268.9814 105.260155 -999.0 -999.0 -999.0 -999.0 -999.0 122.83888098435857 -22.023059386435616 122.79016552243127 -22.106436655685528 75.02025474548049 294.0846635783118 -999.0 16600.0 -999.0 2 -999 {-999.0 -999.0 -999.0 -999.0 -999.0} "" -999.0 -999.0 -999.0 -999.0 -999 -999 "" "" "" "" 0 0 0.0 0.0 -999 ""
FIBERMAP 817 R+10C12 BOSS 1 1 0 1 0 0 63.49310240013665 179.55792684682854 143.1 -151.31642222269656 115.64109034349377 268.9814 105.260155 122.83809500994887 -22.024645943699866 129.96548 -272.23907 29.334959 122.8384824557629 -22.025423256155797 122.7898142086766 -22.108828438477556 75.02118774239794 294.0760504760236 5400.0 5400.0 2016.0 1 147 {-999.0 18.010431 16.580883 14.784633 -999.0} sdss_psfmag_ps1 17.441986 15.312878 13.968068 11.241 63050395995392276 1151101721 bright_1x1 mwm_snc_100pc_boss_single mwm_snc science 0 0 0.0 0.0 -999 ""
FIBERMAP 817 R+10C12 METROLOGY 0 0 0 1 0 0 63.75081170362895 180.2458676540046 143.1 -151.89171733530415 116.09789336387202 268.9814 105.260155 -999.0 -999.0 -999.0 -999.0 -999.0 122.83660458380878 -22.02403573029755 122.78792389687408 -22.107428806785446 75.0189684666363 294.07727956542095 -999.0 6231.0 -999.0 -1 -999 {-999.0 -999.0 -999.0 -999.0 -999.0} "" -999.0 -999.0 -999.0 -999.0 -999 -999 "" "" "" "" 0 0 0.0 0.0 -999 ""
FIBERMAP 822 R+8C14 APOGEE 0 0 0 1 0 0 74.02695148396884 160.61606338597804 143.1 -130.0536066462327 119.83766774775073 184.9251 90.693634 -999.0 -999.0 -999.0 -999.0 -999.0 122.90797675535538 -22.012710284603546 122.85931802007912 -22.096238230008208 75.07024373706325 294.2449190366928 -999.0 16600.0 -999.0 2 -999 {-999.0 -999.0 -999.0 -999.0 -999.0} "" -999.0 -999.0 -999.0 -999.0 -999 -999 "" "" "" "" 0 0 0.0 0.0 -999 ""
FIBERMAP 822 R+8C14 BOSS 1 1 0 1 0 0 73.92963064685091 161.31787541845725 143.1 -130.75130064196696 119.96093332474437 184.9251 90.693634 122.90532861118699 -22.012277104532018 -1.993796 2.3996513 0.3019267 122.90559777082089 -22.012268443902883 122.85699221509913 -22.095820443118892 75.06817643282301 294.2420543992873 5400.0 5400.0 2016.0 1 168 {-999.0 11.792411 12.012563 12.203881 -999.0} sdss_psfmag_from_g3xp 11.909654 11.90212 11.875024 11.857 63050395995391814 1068636418 bright_1x1 mwm_ob_core_boss_single mwm_ob science 0 0 0.974198579788208 0.0 -999 ""
FIBERMAP 822 R+8C14 METROLOGY 0 0 0 1 0 0 74.63402760414874 161.05304942820757 143.1 -130.28266463163683 120.54969716930334 184.9251 90.693634 -999.0 -999.0 -999.0 -999.0 -999.0 122.90712876674111 -22.010477480910623 122.8585133578008 -22.09402478740808 75.06847463219827 294.2508377296546 -999.0 6231.0 -999.0 -1 -999 {-999.0 -999.0 -999.0 -999.0 -999.0} "" -999.0 -999.0 -999.0 -999.0 -999 -999 "" "" "" "" 0 0 0.0 0.0 -999 ""
FIBERMAP 823 R-1C16 APOGEE 1 1 0 1 0 0 64.0900241608373 -34.1332337046377 143.1 52.1899833650515 50.481607305599326 325.42166 87.83305 123.50490794826355 -22.221912885322208 -2.8012726 3.4878745 0.15633066 123.5049047360831 -22.221899255157197 123.4559874101057 -22.306682394573137 75.6526950700339 294.6449892957381 16000.0 16600.0 2016.0 2 219 {-999.0 12.841584 11.331528 10.592118 -999.0} sdss_psfmag_from_g3xp 12.207022 11.185885 10.1888 7.832 63050395995376342 1152662950 bright_1x1 mwm_galactic_core_dist_apogee_sparse mwm_galactic science 0 0 0.0 0.0 -999 ""
FIBERMAP 823 R-1C16 BOSS 0 0 0 1 0 0 63.66413628616203 -34.73174113517508 143.1 52.62845582168034 49.892293836794316 325.42166 87.83305 -999.0 -999.0 -999.0 -999.0 -999.0 123.50633285055638 -22.223625467240375 123.45746276468998 -22.308439492324975 75.65476692912841 294.64171593035394 -999.0 5400.0 -999.0 1 316 {-999.0 -999.0 -999.0 -999.0 -999.0} "" -999.0 -999.0 -999.0 -999.0 -999 -999 "" "" "" "" 0 0 0.0 0.0 -999 ""
FIBERMAP 823 R-1C16 METROLOGY 0 0 0 1 0 0 63.352929081548204 -34.05591942695717 143.1 51.889703608120826 49.804056732601495 325.42166 87.83305 -999.0 -999.0 -999.0 -999.0 -999.0 123.50393081999529 -22.223903857586922 123.45504450403484 -22.30870473736131 75.65298046016642 294.6361760390183 -999.0 6231.0 -999.0 -1 -999 {-999.0 -999.0 -999.0 -999.0 -999.0} "" -999.0 -999.0 -999.0 -999.0 -999 -999 "" "" "" "" 0 0 0.0 0.0 -999 ""
FIBERMAP 826 R+6C9 APOGEE 0 0 0 1 0 0 -35.39872491089381 103.72110666031426 143.1 -109.57652046554729 -1.778477726418689 327.11972 95.094185 -999.0 -999.0 -999.0 -999.0 -999.0 122.97450684658645 -22.38139208466112 122.92494421170971 -22.465011708241434 75.30754582677653 293.11536750485556 -999.0 16600.0 -999.0 2 -999 {-999.0 -999.0 -999.0 -999.0 -999.0} "" -999.0 -999.0 -999.0 -999.0 -999 -999 "" "" "" "" 0 0 0.0 0.0 -999 ""
FIBERMAP 826 R+6C9 BOSS 1 1 0 1 0 0 -35.73667468262415 103.07145696663262 143.1 -109.06233905194499 -2.2998502871613584 327.11972 95.094185 122.97581362012767 -22.382981188774462 -2.9482417 3.2004545 0.28806433 122.97607527299236 -22.382948140091283 122.92656235250922 -22.466598613909362 75.30962875550367 293.1128252266292 5400.0 5400.0 2016.0 1 135 {-999.0 13.350099 12.606902 12.319551 -999.0} sdss_psfmag_from_g3xp 13.141312 12.633624 11.96798 10.617 63050395995370306 996714227 bright_1x1 mwm_bin_gaia_sb_boss mwm_bin science 0 0 0.9454144835472107 0.0 -999 ""
FIBERMAP 826 R+6C9 METROLOGY 0 0 0 1 0 0 -36.14577239377449 103.6834466667171 143.1 -109.77046571112157 -2.5008617652464333 327.11972 95.094185 -999.0 -999.0 -999.0 -999.0 -999.0 122.9737574713377 -22.383566131597235 122.92422692999526 -22.46720367107787 75.30804827441858 293.1065585170663 -999.0 6231.0 -999.0 -1 -999 {-999.0 -999.0 -999.0 -999.0 -999.0} "" -999.0 -999.0 -999.0 -999.0 -999 -999 "" "" "" "" 0 0 0.0 0.0 -999 ""
FIBERMAP 829 R-13C9 APOGEE 1 1 0 1 0 0 52.30436904136356 -252.56266066141478 143.1 256.3961020595921 -27.917049355307196 39.7794 70.994576 124.17362957304053 -22.456110148846108 -2.6679642 1.0740097 0.1940945 124.17359989882311 -22.456099868534604 124.12440704523692 -22.542279465000792 76.3038956029127 295.11953861381033 16000.0 16600.0 2016.0 2 157 {-999.0 14.255922 12.964471 12.419034 -999.0} sdss_psfmag_from_g3xp 13.755398 12.924834 12.035473 9.986 63050395995128603 1156066539 bright_1x1 mwm_galactic_core_dist_apogee_extra mwm_galactic science 0 0 0.0 0.0 -999 ""
FIBERMAP 829 R-13C9 BOSS 0 0 0 1 0 0 52.548434410757 -253.26469650456065 143.1 257.1391449060625 -27.900759327272937 39.7794 70.994576 -999.0 -999.0 -999.0 -999.0 -999.0 124.17597269631248 -22.456005028094868 124.12682971338114 -22.542216598239623 76.30578141251839 295.12463238414404 -999.0 5400.0 -999.0 1 438 {-999.0 -999.0 -999.0 -999.0 -999.0} "" -999.0 -999.0 -999.0 -999.0 -999 -999 "" "" "" "" 0 0 0.0 0.0 -999 ""
FIBERMAP 829 R-13C9 METROLOGY 0 0 0 1 0 0 51.81706762919208 -253.14381948397727 143.1 256.7991780013924 -28.559460448571617 39.7794 70.994576 -999.0 -999.0 -999.0 -999.0 -999.0 124.1749484851061 -22.45801873620999 124.12578622376282 -22.544220212237708 76.30598676012887 295.11528092391865 -999.0 6231.0 -999.0 -1 -999 {-999.0 -999.0 -999.0 -999.0 -999.0} "" -999.0 -999.0 -999.0 -999.0 -999 -999 "" "" "" "" 0 0 0.0 0.0 -999 ""
FIBERMAP 833 R0C10 APOGEE 0 0 0 1 0 0 -105.91675793414306 9.237883944855602 143.1 -41.36769158536448 -97.93624419076768 190.74527 70.577225 -999.0 -999.0 -999.0 -999.0 -999.0 123.19881874753332 -22.673082974545753 123.14861837998683 -22.757144924301123 75.63021226501169 292.4996559632143 -999.0 16600.0 -999.0 2 -999 {-999.0 -999.0 -999.0 -999.0 -999.0} "" -999.0 -999.0 -999.0 -999.0 -999 -999 "" "" "" "" 0 0 0.0 0.0 -999 ""
FIBERMAP 833 R0C10 BOSS 1 1 0 1 0 0 -105.81281995951281 9.961508019849914 143.1 -42.024235815168836 -97.61477595772597 190.74527 70.577225 123.19656372070312 -22.672136462143897 -999.0 -999.0 -999.0 123.1965806905253 -22.672137273733973 123.1464338910547 -22.75622103012642 75.62800197035972 292.4990045081381 5400.0 5400.0 2015.5 1 448 {-999.0 -999.0 -999.0 -999.0 -999.0} "" -999.0 -999.0 -999.0 -999.0 27021603171068744 814745004 "" ops_sky_boss_good ops_sky sky_boss 0 0 0.0 0.0 -999 ""
FIBERMAP 833 R0C10 METROLOGY 0 0 0 1 0 0 -105.21867843538668 9.506553314550269 143.1 -41.40860871871101 -97.18939799105006 190.74527 70.577225 -999.0 -999.0 -999.0 -999.0 -999.0 123.19861324158049 -22.670862807825134 123.14845582873085 -22.754943614244908 75.62901959773639 292.50713526252116 -999.0 6231.0 -999.0 -1 -999 {-999.0 -999.0 -999.0 -999.0 -999.0} "" -999.0 -999.0 -999.0 -999.0 -999 -999 "" "" "" "" 0 0 0.0 0.0 -999 ""
FIBERMAP 834 R+2C24 APOGEE 0 0 0 1 0 0 235.6104459607179 37.04926906069755 143.1 37.21778029153855 235.5742276024274 169.87065 133.96553 -999.0 -999.0 -999.0 -999.0 -999.0 123.45354362131494 -21.662285871098014 123.40600717851402 -21.74703743455361 75.319435722062 296.448661808151 -999.0 16600.0 -999.0 2 -999 {-999.0 -999.0 -999.0 -999.0 -999.0} "" -999.0 -999.0 -999.0 -999.0 -999 -999 "" "" "" "" 0 0 0.0 0.0 -999 ""
FIBERMAP 834 R+2C24 BOSS 1 1 0 1 0 0 235.1951775298039 37.695991489449 143.1 36.474708146679674 235.37802795354312 169.87065 133.96553 123.45109109801031 -21.6628142633954 -1.928025 1.2832097 0.6497646 123.45108031188117 -21.662821530614952 123.4035924374071 -21.74759795678531 75.31784656693048 296.4420367859242 5400.0 5400.0 2016.0 1 193 {-999.0 15.261011 14.897919 14.781512 -999.0} sdss_psfmag_from_g3xp 15.201188 14.909198 14.453803 13.643 63050395995520692 979282287 "" ops_std_boss ops_std standard_boss 0 0 0.0 0.0 -999 ""
FIBERMAP 834 R+2C24 METROLOGY 0 0 0 1 0 0 235.92449482272713 37.728144254725734 143.1 36.66843993031224 236.0818481549681 169.87065 133.96553 -999.0 -999.0 -999.0 -999.0 -999.0 123.4517225684631 -21.660673772770398 123.40422589375487 -21.745443319401804 75.31718341538298 296.4504514893952 -999.0 6231.0 -999.0 -1 -999 {-999.0 -999.0 -999.0 -999.0 -999.0} "" -999.0 -999.0 -999.0 -999.0 -999 -999 "" "" "" "" 0 0 0.0 0.0 -999 ""
FIBERMAP 836 R+9C2 APOGEE 0 0 0 1 0 0 -158.08866870049218 159.82823851542847 143.1 -200.69847168614527 -101.25795561191075 339.20953 77.676796 -999.0 -999.0 -999.0 -999.0 -999.0 122.6762660556594 -22.68229800596617 122.62580094560929 -22.76523076042987 75.21024140527155 291.55852509888956 -999.0 16600.0 -999.0 2 -999 {-999.0 -999.0 -999.0 -999.0 -999.0} "" -999.0 -999.0 -999.0 -999.0 -999 -999 "" "" "" "" 0 0 0.0 0.0 -999 ""
FIBERMAP 836 R+9C2 BOSS 1 1 0 1 0 0 -158.49290992950705 159.22066248967388 143.1 -200.24471253800422 -101.82946206845325 339.20953 77.676796 122.67765964699119 -22.684006186604467 -2.1719847 3.500814 0.14133039 122.67765550769082 -22.684024128436825 122.62724077269394 -22.766986319426962 75.21223963201373 291.5549095219848 5400.0 5400.0 2016.0 1 19 {-999.0 17.070854 16.828886 16.73175 -999.0} sdss_psfmag_ps1 17.0606 16.796799 16.382505 15.569 63050395995332130 979857345 "" ops_std_boss ops_std standard_boss 0 0 0.0 0.0 -999 ""
FIBERMAP 836 R+9C2 METROLOGY 0 0 0 1 0 0 -158.83510347067082 159.87654328397593 143.1 -200.9740221996165 -101.95331549884676 339.20953 77.676796 -999.0 -999.0 -999.0 -999.0 -999.0 122.67525516899875 -22.684412030358782 122.62482300451637 -22.767361412413536 75.21044986943512 291.5494985880725 -999.0 6231.0 -999.0 -1 -999 {-999.0 -999.0 -999.0 -999.0 -999.0} "" -999.0 -999.0 -999.0 -999.0 -999 -999 "" "" "" "" 0 0 0.0 0.0 -999 ""
FIBERMAP 843 R+7C18 APOGEE 1 1 0 1 0 0 162.18602843006175 143.60726690582393 143.1 -86.75398313352855 198.48765005217447 97.64392 143.79756 123.04938479865777 -21.774853847519832 -5.5849576 11.763378 0.82811356 123.04969431487928 -21.774853991517595 123.00169770550156 -21.85872111563183 75.06059901464478 295.29871706101557 16000.0 16600.0 2016.0 2 119 {-999.0 9.937012 8.605864 8.0102415 -999.0} sdss_psfmag_from_g3xp 9.416553 8.543828 7.630508 5.554 63050395995402438 1152663080 bright_1x1 mwm_galactic_core_dist_apogee_sparse mwm_galactic science 0 0 1.073997139930725 0.0 -999 ""
FIBERMAP 843 R+7C18 BOSS 0 0 0 1 0 0 162.55354422043587 144.27208931542066 143.1 -87.27350711890021 199.04182092608227 97.64392 143.79756 -999.0 -999.0 -999.0 -999.0 -999.0 123.04793214319116 -21.773115878012884 122.99999165688433 -21.857009425192118 75.05835362975853 295.30115570248626 -999.0 5400.0 -999.0 1 204 {-999.0 -999.0 -999.0 -999.0 -999.0} "" -999.0 -999.0 -999.0 -999.0 -999 -999 "" "" "" "" 0 0 0.0 0.0 -999 ""
FIBERMAP 843 R+7C18 METROLOGY 0 0 0 1 0 0 162.93368704212492 143.6297350299975 143.1 -86.54539516042345 199.20594283044102 97.64392 143.79756 -999.0 -999.0 -999.0 -999.0 -999.0 123.05030618436375 -21.772593786071386 123.00235316100486 -21.85648402945884 75.0599453538893 295.30734483799665 -999.0 6231.0 -999.0 -1 -999 {-999.0 -999.0 -999.0 -999.0 -999.0} "" -999.0 -999.0 -999.0 -999.0 -999 -999 "" "" "" "" 0 0 0.0 0.0 -999 ""
FIBERMAP 844 R-3C20 APOGEE 1 1 0 1 0 0 175.34505103532155 -76.61172637017546 143.1 126.82739232799034 143.27291067882078 339.58167 58.283802 123.74677850837902 -21.940016471307953 0.40701228 1.2618642 0.8549306 123.74737892382814 -21.940030554778165 123.69927974727295 -22.02537275314901 75.69822162376222 296.09009417335005 16000.0 16600.0 2016.0 2 214 {-999.0 13.428646 12.655489 7.6039953 -999.0} sdss_psfmag_gaia 11.243268 8.126185 6.599488 2.987 63050395995513903 1107409748 bright_1x1 mwm_tess_rgb_apogee mwm_tessrgb science 0 0 2.108257532119751 0.0 -999 ""
FIBERMAP 844 R-3C20 BOSS 0 0 0 1 0 0 174.76409035597075 -77.1094718128094 143.1 127.12229427584766 142.5670411034501 339.58167 58.283802 -999.0 -999.0 -999.0 -999.0 -999.0 123.7483491599878 -21.94208866523059 123.70029523742488 -22.027461686314194 75.70012886845358 296.0849537979285 -999.0 5400.0 -999.0 1 306 {-999.0 -999.0 -999.0 -999.0 -999.0} "" -999.0 -999.0 -999.0 -999.0 -999 -999 "" "" "" "" 0 0 0.0 0.0 -999 ""
FIBERMAP 844 R-3C20 METROLOGY 0 0 0 1 0 0 174.63752751471705 -76.38126045584148 143.1 126.39048755978679 142.67060344994198 339.58167 58.283802 -999.0 -999.0 -999.0 -999.0 -999.0 123.74599282857471 -21.94177063960298 123.69792447709682 -22.027130437067317 75.69809086885843 296.08136420501444 -999.0 6231.0 -999.0 -1 -999 {-999.0 -999.0 -999.0 -999.0 -999.0} "" -999.0 -999.0 -999.0 -999.0 -999 -999 "" "" "" "" 0 0 0.0 0.0 -999 ""
FIBERMAP 845 R+9C16 APOGEE 1 1 0 1 0 0 161.105269308271 174.74260477009435 143.1 -116.71104686441473 207.03598276644203 16.627802 99.9754 122.95199997249615 -21.749343046990564 -8.484766 7.3270183 2.56805 122.95221694441034 -21.749330184455378 122.9042419154386 -21.832990681840144 74.97005220252923 295.2004274109586 16000.0 16600.0 2016.0 2 76 {-999.0 9.054361 8.209555 7.8895907 -999.0} sdss_psfmag_from_g3xp 8.778361 8.25498 7.5243497 6.054 63050395995406235 1108154149 bright_1x1 mwm_tess_rgb_apogee mwm_tessrgb science 0 0 0.9186854958534241 0.0 -999 ""
FIBERMAP 845 R+9C16 BOSS 0 0 0 1 0 0 161.38178588142765 174.04737648360964 143.1 -115.96449988092137 207.08524333473545 16.627802 99.9754 -999.0 -999.0 -999.0 -999.0 -999.0 122.95457771619218 -21.74911969224672 122.90665711325363 -21.832815422200504 74.97187155048073 295.2055247039107 -999.0 5400.0 -999.0 1 235 {-999.0 -999.0 -999.0 -999.0 -999.0} "" -999.0 -999.0 -999.0 -999.0 -999 -999 "" "" "" "" 0 0 0.0 0.0 -999 ""
FIBERMAP 845 R+9C16 METROLOGY 0 0 0 1 0 0 160.6378302069805 174.1691994578472 143.1 -116.30923895151943 206.4148550951041 16.627802 99.9754 -999.0 -999.0 -999.0 -999.0 -999.0 122.9534435691507 -21.751115490152035 122.90550246960714 -21.834799954402758 74.97199564851182 295.1968393020093 -999.0 6231.0 -999.0 -1 -999 {-999.0 -999.0 -999.0 -999.0 -999.0} "" -999.0 -999.0 -999.0 -999.0 -999 -999 "" "" "" "" 0 0 0.0 0.0 -999 ""
FIBERMAP 850 R+3C23 APOGEE 0 0 0 1 0 0 228.2477063782751 72.97791520154409 143.1 0.7677601857892273 239.61971618995523 139.2818 90.4357 -999.0 -999.0 -999.0 -999.0 -999.0 123.33480566112503 -21.650364157382345 123.28724666226634 -21.73486240186613 75.21983651024875 296.2561069408685 -999.0 16600.0 -999.0 2 -999 {-999.0 -999.0 -999.0 -999.0 -999.0} "" -999.0 -999.0 -999.0 -999.0 -999 -999 "" "" "" "" 0 0 0.0 0.0 -999 ""
FIBERMAP 850 R+3C23 BOSS 1 1 0 1 0 0 228.84253989552354 73.5991576524194 143.1 0.3596203682388668 240.37677088084462 139.2818 90.4357 123.33343045919972 -21.648046631552734 -1.3475828 3.9529867 0.44715735 123.3334193757082 -21.64803384560136 123.28591703080582 -21.732559769695122 75.21755968764337 296.2611320968256 5400.0 5400.0 2016.0 1 194 {-999.0 16.517666 16.17797 16.049953 -999.0} sdss_psfmag_ps1 16.44685 16.130392 15.645758 14.759 63050395995403917 978540394 "" ops_std_boss ops_std standard_boss 0 0 0.0 0.0 -999 ""
FIBERMAP 850 R+3C23 METROLOGY 0 0 0 1 0 0 228.9859839683198 72.85773027389558 143.1 1.109194214727736 240.285205680268 139.2818 90.4357 -999.0 -999.0 -999.0 -999.0 -999.0 123.33587563751034 -21.648272011555324 123.28835919549795 -21.732794583507186 75.21960072427979 296.26512109789115 -999.0 6231.0 -999.0 -1 -999 {-999.0 -999.0 -999.0 -999.0 -999.0} "" -999.0 -999.0 -999.0 -999.0 -999 -999 "" "" "" "" 0 0 0.0 0.0 -999 ""
FIBERMAP 853 R+1C21 APOGEE 0 0 0 1 0 0 171.75999518805065 30.355958545158224 143.1 23.947113725131608 172.76308089604572 59.637024 129.13025 -999.0 -999.0 -999.0 -999.0 -999.0 123.4110251106177 -21.85170237597288 123.36299547493297 -21.93633604985381 75.38655148872681 295.7310818358721 -999.0 16600.0 -999.0 2 -999 {-999.0 -999.0 -999.0 -999.0 -999.0} "" -999.0 -999.0 -999.0 -999.0 -999 -999 "" "" "" "" 0 0 0.0 0.0 -999 ""
FIBERMAP 853 R+1C21 BOSS 1 1 0 1 0 0 172.51264712843283 30.46094346995846 143.1 24.078724491970807 173.5115053639983 59.637024 129.13025 123.41146596008508 -21.849314081974686 -11.500118 -0.39996153 1.737447 123.41140479050281 -21.84934824888063 123.3634324177595 -21.93401259898743 75.38566881789214 295.7397505181152 5400.0 5400.0 2016.0 1 243 {-999.0 15.328136 14.625424 14.396544 -999.0} sdss_psfmag_from_g3xp 15.133224 14.67585 14.046988 12.787 63050395995386655 1096071096 bright_1x1 mwm_bin_vis_boss mwm_filler science 0 0 0.0 0.0 -999 ""
FIBERMAP 853 R+1C21 METROLOGY 0 0 0 1 0 0 172.23061084166255 29.774564424641397 143.1 24.64505109050116 173.0320360816342 59.637024 129.13025 -999.0 -999.0 -999.0 -999.0 -999.0 123.41327761630683 -21.85077898586241 123.36528798120452 -21.935438783228552 75.38788362614221 295.73855292846565 -999.0 6231.0 -999.0 -1 -999 {-999.0 -999.0 -999.0 -999.0 -999.0} "" -999.0 -999.0 -999.0 -999.0 -999 -999 "" "" "" "" 0 0 0.0 0.0 -999 ""
FIBERMAP 855 R+8C7 APOGEE 0 0 0 1 0 0 -64.65039833053876 144.55401400868965 143.1 -157.42547612116778 -17.051405675446116 266.15738 133.93437 -999.0 -999.0 -999.0 -999.0 -999.0 122.81780728005636 -22.4276169536178 122.76805613982248 -22.51089171205777 75.20362849655481 292.67926184994496 -999.0 16600.0 -999.0 2 -999 {-999.0 -999.0 -999.0 -999.0 -999.0} "" -999.0 -999.0 -999.0 -999.0 -999 -999 "" "" "" "" 0 0 0.0 0.0 -999 ""
FIBERMAP 855 R+8C7 BOSS 1 1 0 1 0 0 -65.21687874029097 144.05935550385067 143.1 -157.1290574693329 -17.7425480832208 266.15738 133.93437 122.81861751670425 -22.42953928331961 15.090566 -64.60615 21.57271 122.8186507818204 -22.429693847028975 122.76894829289341 -22.512997712547183 75.20537383781993 292.673630207668 5400.0 5400.0 2016.0 1 108 {-999.0 17.125774 15.61248 14.142075 -999.0} sdss_psfmag_ps1 16.464867 14.770466 13.526432 11.193 63050395995369974 1151099467 bright_1x1 mwm_snc_100pc_boss_single mwm_snc science 0 0 0.0 0.0 -999 ""
FIBERMAP 855 R+8C7 METROLOGY 0 0 0 1 0 0 -65.35879140106641 144.794175359503 143.1 -157.87187335790938 -17.65155812679776 266.15738 133.93437 -999.0 -999.0 -999.0 -999.0 -999.0 122.81621623754275 -22.429424473150014 122.76649816185642 -22.51271530193335 75.20325930452718 292.67028095091086 -999.0 6231.0 -999.0 -1 -999 {-999.0 -999.0 -999.0 -999.0 -999.0} "" -999.0 -999.0 -999.0 -999.0 -999 -999 "" "" "" "" 0 0 0.0 0.0 -999 ""
FIBERMAP 861 R+12C6 APOGEE 0 0 0 1 0 0 -26.378243198946347 228.22607627317183 143.1 -225.26593981654418 45.09974957850433 28.672441 66.03429 -999.0 -999.0 -999.0 -999.0 -999.0 122.59697639599462 -22.238996948647216 122.54760611626256 -22.3218205178701 74.93337192834834 292.9320010192438 -999.0 16600.0 -999.0 2 -999 {-999.0 -999.0 -999.0 -999.0 -999.0} "" -999.0 -999.0 -999.0 -999.0 -999 -999 "" "" "" "" 0 0 0.0 0.0 -999 ""
FIBERMAP 861 R+12C6 BOSS 1 1 0 1 0 0 -26.316417325095053 227.49526852067726 143.1 -224.55157457462704 44.93379271786815 28.672441 66.03429 122.59918212890624 -22.239500437468863 -999.0 -999.0 -999.0 122.5992034665323 -22.239466530206652 122.54988730299272 -22.32232325514456 74.9354564546659 292.93431136275956 5400.0 5400.0 2015.5 1 163 {-999.0 -999.0 -999.0 -999.0 -999.0} "" -999.0 -999.0 -999.0 -999.0 27021603171080887 823346745 "" ops_sky_boss_good ops_sky sky_boss 0 0 0.0 0.0 -999 ""
FIBERMAP 861 R+12C6 METROLOGY 0 0 0 1 0 0 -26.988187627557203 227.79310282040285 143.1 -225.04158196713 44.38622521785487 28.672441 66.03429 -999.0 -999.0 -999.0 -999.0 -999.0 122.59758040944436 -22.241122852348337 122.54824392307671 -22.323967776658797 74.93494190202125 292.9259253408533 -999.0 6231.0 -999.0 -1 -999 {-999.0 -999.0 -999.0 -999.0 -999.0} "" -999.0 -999.0 -999.0 -999.0 -999 -999 "" "" "" "" 0 0 0.0 0.0 -999 ""
FIBERMAP 862 R+6C19 APOGEE 1 1 0 1 0 0 190.31797133373487 114.37034197594338 143.1 -50.28277783064715 216.26188649036575 334.2393 131.55338 123.16857988509936 -21.721010943885403 -2.3146915 0.80666965 0.20813242 123.16858462020187 -21.721022572180797 123.120775446506 -21.80515337104045 75.12639211678727 295.70194494265604 16000.0 16600.0 2016.0 2 118 {-999.0 13.1144 11.68335 11.024017 -999.0} sdss_psfmag_from_g3xp 12.528774 11.586374 10.630105 8.43 63050395995404220 1156066640 bright_1x1 mwm_galactic_core_dist_apogee_extra mwm_galactic science 0 0 0.0 0.0 -999 ""
FIBERMAP 862 R+6C19 BOSS 0 0 0 1 0 0 190.55059605917674 113.63375308690149 143.1 -49.51037739220268 216.25666310104674 334.2393 131.55338 -999.0 -999.0 -999.0 -999.0 -999.0 123.17103918496748 -21.720961083387653 123.12328329632646 -21.805127297369815 75.128354383266 295.70682934759685 -999.0 5400.0 -999.0 1 203 {-999.0 -999.0 -999.0 -999.0 -999.0} "" -999.0 -999.0 -999.0 -999.0 -999 -999 "" "" "" "" 0 0 0.0 0.0 -999 ""
FIBERMAP 862 R+6C19 METROLOGY 0 0 0 1 0 0 189.810783337019 113.8108649382618 143.1 -49.906448412213855 215.60722263073848 334.2393 131.55338 -999.0 -999.0 -999.0 -999.0 -999.0 123.16975475422872 -21.722894765981554 123.12197870035652 -21.807049401734222 75.12834299788139 295.69797741984706 -999.0 6231.0 -999.0 -1 -999 {-999.0 -999.0 -999.0 -999.0 -999.0} "" -999.0 -999.0 -999.0 -999.0 -999 -999 "" "" "" "" 0 0 0.0 0.0 -999 ""
FIBERMAP 863 R+9C12 APOGEE 1 1 0 1 0 0 59.77463301525328 154.44185757975748 143.1 -128.56272420679232 104.3778045835083 335.61423 48.94538 122.91275704111172 -22.05945747969025 -1.5585043 2.415993 0.21883056 122.91273392353868 -22.059504334713296 122.86395900674705 -22.143035962377493 75.09773196981928 294.09683567820093 16000.0 16600.0 2016.0 2 144 {-999.0 14.385275 13.329193 12.905717 -999.0} sdss_psfmag_from_g3xp 14.019841 13.333415 12.53522 10.74 63050395995391616 1152662994 bright_1x1 mwm_galactic_core_dist_apogee_sparse mwm_galactic science 0 0 0.0 0.0 -999 ""
FIBERMAP 863 R+9C12 BOSS 0 0 0 1 0 0 59.049190186668476 154.12526277815886 143.1 -128.48462345068825 103.59018175570459 335.61423 48.94538 -999.0 -999.0 -999.0 -999.0 -999.0 122.91287583649141 -22.061819337185185 122.86414823074898 -22.145379880795524 75.09907167299673 294.08932561317044 -999.0 5400.0 -999.0 1 146 {-999.0 -999.0 -999.0 -999.0 -999.0} "" -999.0 -999.0 -999.0 -999.0 -999 -999 "" "" "" "" 0 0 0.0 0.0 -999 ""
FIBERMAP 863 R+9C12 METROLOGY 0 0 0 1 0 0 59.154446603003734 154.86480548198912 143.1 -129.15590840460214 103.91780073458708 335.61423 48.94538 -999.0 -999.0 -999.0 -999.0 -999.0 122.91068426352757 -22.060825124945147 122.86194315559237 -22.14437288083242 75.09680068526957 294.08867352268777 -999.0 6231.0 -999.0 -1 -999 {-999.0 -999.0 -999.0 -999.0 -999.0} "" -999.0 -999.0 -999.0 -999.0 -999 -999 "" "" "" "" 0 0 0.0 0.0 -999 ""
FIBERMAP 864 R-6C5 APOGEE 1 1 0 1 0 0 -116.08986830618112 -119.5796701993495 143.1 78.07053722434458 -147.23764538280238 28.18116 73.289474 123.59207153320311 -22.82128793399373 -999.0 -999.0 -999.0 123.59207049943112 -22.821283363142214 123.54167929844033 -22.906169163991386 76.01943466854613 292.67996222467167 16000.0 16600.0 2015.5 2 294 {-999.0 -999.0 -999.0 -999.0 -999.0} "" -999.0 -999.0 -999.0 -999.0 27021603171067638 836855956 "" ops_sky_apogee_best ops_sky sky_apogee 0 0 0.0 0.0 -999 ""
FIBERMAP 864 R-6C5 BOSS 0 0 0 1 0 0 -116.01543726980611 -120.33386135422823 143.1 78.81102841364513 -147.39880098840834 28.18116 73.289474 -999.0 -999.0 -999.0 -999.0 -999.0 123.59448861963612 -22.821790060648993 123.54414805022003 -22.906706728051695 76.02168593628399 292.6825545176623 -999.0 5400.0 -999.0 1 485 {-999.0 -999.0 -999.0 -999.0 -999.0} "" -999.0 -999.0 -999.0 -999.0 -999 -999 "" "" "" "" 0 0 0.0 0.0 -999 ""
FIBERMAP 864 R-6C5 METROLOGY 0 0 0 1 0 0 -116.69407025632827 -120.01005382917894 143.1 78.29419718976472 -147.94490931015224 28.18116 73.289474 -999.0 -999.0 -999.0 -999.0 -999.0 123.5928192391125 -22.82347552079697 123.5424592169162 -22.908381070276096 76.0211309398266 292.67337633633684 -999.0 6231.0 -999.0 -1 -999 {-999.0 -999.0 -999.0 -999.0 -999.0} "" -999.0 -999.0 -999.0 -999.0 -999 -999 "" "" "" "" 0 0 0.0 0.0 -999 ""
FIBERMAP 867 R-6C9 APOGEE 0 0 0 1 0 0 -49.42359160111623 -97.58375068091529 143.1 77.64717770010569 -77.04049841270059 148.17342 63.63291 -999.0 -999.0 -999.0 -999.0 -999.0 123.5899816414433 -22.6086722484187 123.54012792615538 -22.693583462359648 75.91442658205163 293.44228107410436 -999.0 16600.0 -999.0 2 -999 {-999.0 -999.0 -999.0 -999.0 -999.0} "" -999.0 -999.0 -999.0 -999.0 -999 -999 "" "" "" "" 0 0 0.0 0.0 -999 ""
FIBERMAP 867 R-6C9 BOSS 1 1 0 1 0 0 -48.793409832017055 -97.1799045822943 143.1 77.45675856817701 -76.31667766768871 148.17342 63.63291 123.58932495117188 -22.60646021666686 -999.0 -999.0 -999.0 123.58934297516271 -22.6064945219807 123.53954518905334 -22.691431247369785 75.91289640054734 293.44888019332774 5400.0 5400.0 2015.5 1 371 {-999.0 -999.0 -999.0 -999.0 -999.0} "" -999.0 -999.0 -999.0 -999.0 27021603171068602 814744982 "" ops_sky_boss_good ops_sky sky_boss 0 0 0.0 0.0 -999 ""
FIBERMAP 867 R-6C9 METROLOGY 0 0 0 1 0 0 -48.75935012475563 -97.9276714245153 143.1 78.17871968144615 -76.51426977426803 148.17342 63.63291 -999.0 -999.0 -999.0 -999.0 -999.0 123.59173988499242 -22.607098392577647 123.54192732047335 -22.692032637422727 75.9151044596997 293.451190674498 -999.0 6231.0 -999.0 -1 -999 {-999.0 -999.0 -999.0 -999.0 -999.0} "" -999.0 -999.0 -999.0 -999.0 -999 -999 "" "" "" "" 0 0 0.0 0.0 -999 ""
FIBERMAP 873 R+3C16 APOGEE 1 1 0 1 0 0 92.6019684853229 60.919489215460956 143.1 -29.48100805200994 106.84660038029347 21.121136 107.16689 123.23679233141125 -22.05154523430996 -1.1935438 0.3923156 0.9246314 123.23678284832418 -22.05154642121136 123.18817280276102 -22.13577750531713 75.35220336735736 294.722813105446 16000.0 16600.0 2016.0 2 71 {-999.0 10.3638315 10.654096 10.877647 -999.0} sdss_psfmag_from_g3xp 10.4894085 10.5195265 10.559274 10.656 63050395995382083 975250503 "" ops_std_apogee ops_std standard_apogee 0 0 0.0 0.0 -999 ""
FIBERMAP 873 R+3C16 BOSS 0 0 0 1 0 0 92.99950182059669 60.279743654939615 143.1 -28.75002924255788 107.02807140092658 21.121136 107.16689 -999.0 -999.0 -999.0 -999.0 -999.0 123.23910654642766 -22.05090573242486 123.19055104145417 -22.135170741149867 75.35378026809897 294.72935278925735 -999.0 5400.0 -999.0 1 228 {-999.0 -999.0 -999.0 -999.0 -999.0} "" -999.0 -999.0 -999.0 -999.0 -999 -999 "" "" "" "" 0 0 0.0 0.0 -999 ""
FIBERMAP 873 R+3C16 METROLOGY 0 0 0 1 0 0 92.26094669698634 60.25413112719334 143.1 -28.952825315072886 106.31747324693153 21.121136 107.16689 -999.0 -999.0 -999.0 -999.0 -999.0 123.23845717628377 -22.053058489332344 123.18988125512965 -22.137313620960978 75.35435063760723 294.7208229009291 -999.0 6231.0 -999.0 -1 -999 {-999.0 -999.0 -999.0 -999.0 -999.0} "" -999.0 -999.0 -999.0 -999.0 -999 -999 "" "" "" "" 0 0 0.0 0.0 -999 ""
FIBERMAP 874 R+8C3 APOGEE 1 0 1 1 0 0 -154.03925239966733 162.89621901661425 143.1 -202.37206745271516 -96.46136420109418 10.352229 169.8593 122.6634931399802 -22.64291799518459 -1.8377528 1.451516 0.12442662 122.67079623346773 -22.667768810596602 122.62036577366558 -22.75069177447067 75.19896592011557 291.5994770465711 16000.0 16600.0 2016.0 2 16 {-999.0 14.637638 13.372881 12.861671 -999.0} sdss_psfmag_from_g3xp 14.153473 13.351689 12.479823 10.486 63050395995332255 1152663017 bright_1x1 mwm_galactic_core_dist_apogee_sparse mwm_galactic science 0 0 0.0 0.0 -999 ""
FIBERMAP 874 R+8C3 BOSS 0 0 1 1 0 0 -153.2968973015064 162.82076119213994 143.1 -202.07193618898924 -95.77823781625236 10.352229 169.8593 -999.0 -999.0 -999.0 -999.0 -999.0 122.67168138651002 -22.665697492696783 122.62131079729988 -22.748649409397398 75.19877044754267 291.60813543599187 -999.0 5400.0 -999.0 1 25 {-999.0 -999.0 -999.0 -999.0 -999.0} "" -999.0 -999.0 -999.0 -999.0 -999 -999 "" "" "" "" 0 0 0.0 0.0 -999 ""
FIBERMAP 874 R+8C3 METROLOGY 0 0 1 1 0 0 -153.7325670896372 162.21235747968763 143.1 -201.62705635626375 -96.37990249020824 10.352229 169.8593 -999.0 -999.0 -999.0 -999.0 -999.0 122.67311583037889 -22.66754588790928 122.62272581565895 -22.7504930640526 75.2007910191553 291.604183347204 -999.0 6231.0 -999.0 -1 -999 {-999.0 -999.0 -999.0 -999.0 -999.0} "" -999.0 -999.0 -999.0 -999.0 -999 -999 "" "" "" "" 0 0 0.0 0.0 -999 ""
FIBERMAP 876 R+5C22 APOGEE 1 1 0 1 0 0 250.39583138788225 100.0386505866175 143.1 -18.167627556058072 269.0165886123284 28.265446 99.484276 123.27303561528475 -21.56224056775532 -1.2465795 0.44532976 0.83654505 123.27301476207126 -21.56224469680962 123.22564920182862 -21.646622502138438 75.12415384878824 296.42674759896715 16000.0 16600.0 2016.0 2 87 {-999.0 10.608998 10.884747 11.099794 -999.0} sdss_psfmag_from_g3xp 10.742864 10.76079 10.775837 10.827 63050395995536186 975250684 "" ops_std_apogee ops_std standard_apogee 0 0 0.0 0.0 -999 ""
FIBERMAP 876 R+5C22 BOSS 0 0 0 1 0 0 250.86867584453685 99.47278863230753 143.1 -17.483783193166293 269.29244186535465 28.265446 99.484276 -999.0 -999.0 -999.0 -999.0 -999.0 123.27518563700552 -21.56138789448168 123.22787479460152 -21.64580117488741 75.12545421341889 296.43378402930966 -999.0 5400.0 -999.0 1 260 {-999.0 -999.0 -999.0 -999.0 -999.0} "" -999.0 -999.0 -999.0 -999.0 -999 -999 "" "" "" "" 0 0 0.0 0.0 -999 ""
FIBERMAP 876 R+5C22 METROLOGY 0 0 0 1 0 0 250.11372062747967 99.34418909813793 143.1 -17.593633583559303 268.53456246003884 28.265446 99.484276 -999.0 -999.0 -999.0 -999.0 -999.0 123.27484275419143 -21.563617574942302 123.22751155462726 -21.648021102341218 75.12636562783673 296.4257894785163 -999.0 6231.0 -999.0 -1 -999 {-999.0 -999.0 -999.0 -999.0 -999.0} "" -999.0 -999.0 -999.0 -999.0 -999 -999 "" "" "" "" 0 0 0.0 0.0 -999 ""
FIBERMAP 878 R-3C23 APOGEE 0 0 0 1 0 0 230.56752800514874 -76.84400188284951 143.1 144.0338085880728 195.7445334180482 299.4854 65.684906 -999.0 -999.0 -999.0 -999.0 -999.0 123.80204745891596 -21.78153946836992 123.75436894697737 -21.867020839753707 75.65652638823612 296.74125016586356 -999.0 16600.0 -999.0 2 -999 {-999.0 -999.0 -999.0 -999.0 -999.0} "" -999.0 -999.0 -999.0 -999.0 -999 -999 "" "" "" "" 0 0 0.0 0.0 -999 ""
FIBERMAP 878 R-3C23 BOSS 1 1 0 1 0 0 229.81585299653892 -76.91345019220998 143.1 143.8686859387874 195.0079688853863 299.4854 65.684906 123.80150715899006 -21.783698394142302 -2.6903949 2.4942324 0.3064758 123.8014977650842 -21.78370955677894 123.75386331677402 -21.86921906582167 75.65731896982288 296.73275946739676 5400.0 5400.0 2016.0 1 279 {-999.0 17.147606 16.83291 16.768467 -999.0} sdss_psfmag_ps1 17.09294 16.83309 16.419783 15.71 63050395995515724 978541197 "" ops_std_boss ops_std standard_boss 0 0 0.0 0.0 -999 ""
FIBERMAP 878 R-3C23 METROLOGY 0 0 0 1 0 0 230.13859124474914 -76.23121197401127 143.1 143.3188184225072 195.52489161652022 299.4854 65.684906 -999.0 -999.0 -999.0 -999.0 -999.0 123.79973536432158 -21.78213081162951 123.75208997129039 -21.86762838542418 75.65507475951881 296.73457472071016 -999.0 6231.0 -999.0 -1 -999 {-999.0 -999.0 -999.0 -999.0 -999.0} "" -999.0 -999.0 -999.0 -999.0 -999 -999 "" "" "" "" 0 0 0.0 0.0 -999 ""
FIBERMAP 879 R0C22 APOGEE 0 0 0 1 0 0 173.5179861084841 -10.834377929377434 143.1 63.67960857409931 161.7663892112688 236.55972 124.05438 -999.0 -999.0 -999.0 -999.0 -999.0 123.540931467409 -21.884640220572948 123.49287752747392 -21.96954801287986 75.50636495799584 295.872312393851 -999.0 16600.0 -999.0 2 -999 {-999.0 -999.0 -999.0 -999.0 -999.0} "" -999.0 -999.0 -999.0 -999.0 -999 -999 "" "" "" "" 0 0 0.0 0.0 -999 ""
FIBERMAP 879 R0C22 BOSS 1 1 0 1 0 0 172.74345727656532 -10.816917546857061 143.1 63.42476465520687 161.03481123291448 236.55972 124.05438 123.54013014096631 -21.88673467179112 -3.9426458 2.6543732 -0.30374876 123.54008523500121 -21.88676426527485 123.49207631357245 -21.971699277965925 75.50687300737569 295.8634477461953 5400.0 5400.0 2016.0 1 255 {-999.0 16.142347 15.912147 15.764779 -999.0} sdss_psfmag_ps1 16.131187 15.8825445 15.427313 14.658 63050395995385351 1093701494 bright_1x1 mwm_astar_core_boss_single mwm_ob science 0 0 0.0 0.0 -999 ""
FIBERMAP 879 R0C22 METROLOGY 0 0 0 1 0 0 173.14559805421032 -10.185667397760833 143.1 62.947833999122736 161.61160087433146 236.55972 124.05438 -999.0 -999.0 -999.0 -999.0 -999.0 123.53854120572451 -21.885012579431912 123.4905216080719 -21.969936219818067 75.50471665144754 295.86637640049 -999.0 6231.0 -999.0 -1 -999 {-999.0 -999.0 -999.0 -999.0 -999.0} "" -999.0 -999.0 -999.0 -999.0 -999 -999 "" "" "" "" 0 0 0.0 0.0 -999 ""
FIBERMAP 881 R+5C5 APOGEE 1 0 1 1 0 0 -144.7421404440922 104.69682639941148 143.1 -144.1369068394387 -105.51640573507632 9.255089 171.80957 122.9211106723257 -22.73790136718734 -0.8107426 0.8637091 0.060301542 122.86135430717665 -22.69579062121779 122.81093968182807 -22.779121685764707 75.36724186629229 291.8280558427009 16000.0 16600.0 2016.0 2 27 {-999.0 14.979392 13.635059 13.062668 -999.0} sdss_psfmag_from_g3xp 14.447906 13.581584 12.6726465 10.53 63050395995328267 1152663002 bright_1x1 mwm_galactic_core_dist_apogee_sparse mwm_galactic science 0 0 0.0 0.0 -999 ""
FIBERMAP 881 R+5C5 BOSS 0 0 1 1 0 0 -143.9990691673063 104.68435799073616 143.1 -143.89648844352612 -104.81322354349369 9.255089 171.80957 -999.0 -999.0 -999.0 -999.0 -999.0 122.86203143251751 -22.69367435803636 122.81167598593368 -22.777033737882007 75.36684950170068 291.83660681854553 -999.0 5400.0 -999.0 1 43 {-999.0 -999.0 -999.0 -999.0 -999.0} "" -999.0 -999.0 -999.0 -999.0 -999 -999 "" "" "" "" 0 0 0.0 0.0 -999 ""
FIBERMAP 881 R+5C5 METROLOGY 0 0 1 1 0 0 -144.39046914781377 104.0370765003811 143.1 -143.4010006212996 -105.38472447792547 9.255089 171.80957 -999.0 -999.0 -999.0 -999.0 -999.0 122.86365269055389 -22.69542957008105 122.81327835564804 -22.77878467422773 75.36898054239207 291.8332778558618 -999.0 6231.0 -999.0 -1 -999 {-999.0 -999.0 -999.0 -999.0 -999.0} "" -999.0 -999.0 -999.0 -999.0 -999 -999 "" "" "" "" 0 0 0.0 0.0 -999 ""
FIBERMAP 882 R-1C8 APOGEE 0 0 0 1 0 0 -131.36249632265566 -25.96678193382043 143.1 -15.697803998874209 -132.9756509744679 195.69353 138.38095 -999.0 -999.0 -999.0 -999.0 -999.0 123.28349982730872 -22.77913403510834 123.23306944299134 -22.86336325305473 75.74949981849223 292.2739263451205 -999.0 16600.0 -999.0 2 -999 {-999.0 -999.0 -999.0 -999.0 -999.0} "" -999.0 -999.0 -999.0 -999.0 -999 -999 "" "" "" "" 0 0 0.0 0.0 -999 ""
FIBERMAP 882 R-1C8 BOSS 1 1 0 1 0 0 -132.04598878093935 -25.641812336984685 143.1 -16.217235593964844 -133.5260255532431 195.69353 138.38095 123.28170776367186 -22.78082397847814 -999.0 -999.0 -999.0 123.28173451659694 -22.7808413119802 123.23135087794049 -22.8650925349502 75.74893594788898 292.2646806868088 5400.0 5400.0 2015.5 1 459 {-999.0 -999.0 -999.0 -999.0 -999.0} "" -999.0 -999.0 -999.0 -999.0 27021603171068432 823346271 "" ops_sky_boss_good ops_sky sky_boss 0 0 0.0 0.0 -999 ""
FIBERMAP 882 R-1C8 METROLOGY 0 0 0 1 0 0 -131.42044706603988 -25.22103403530693 143.1 -16.425192568257646 -132.80141169369497 195.69353 138.38095 -999.0 -999.0 -999.0 -999.0 -999.0 123.28105765877679 -22.778670207652233 123.23066451224565 -22.862912906633714 75.74733828571155 292.2712282209793 -999.0 6231.0 -999.0 -1 -999 {-999.0 -999.0 -999.0 -999.0 -999.0} "" -999.0 -999.0 -999.0 -999.0 -999 -999 "" "" "" "" 0 0 0.0 0.0 -999 ""
FIBERMAP 883 R+4C1 APOGEE 1 1 0 1 0 0 -224.5539751175105 77.68669977985368 143.1 -142.98596108228367 -189.76356159860285 73.85229 22.34769 122.86586344328364 -22.950350501270016 -2.5317092 4.6133137 0.29143295 122.86559015093087 -22.95033230164238 122.8145266365674 -23.0336366430956 75.48915022523782 290.93992414773857 16000.0 16600.0 2016.0 2 2 {-999.0 13.144062 11.920507 11.425959 -999.0} sdss_psfmag_from_g3xp 12.679875 11.90658 11.047051 9.123 63050395995102873 1152662721 bright_1x1 mwm_galactic_core_dist_apogee_sparse mwm_galactic science 0 0 0.0 0.0 -999 ""
FIBERMAP 883 R+4C1 BOSS 0 0 0 1 0 0 -224.4451808479102 76.95069918000158 143.1 -142.2522083431073 -189.8864262073039 73.85229 22.34769 -999.0 -999.0 -999.0 -999.0 -999.0 122.86792405729568 -22.950710044913816 122.81691418549093 -23.03404495076968 75.4912883594258 290.94251935116415 -999.0 5400.0 -999.0 1 2 {-999.0 -999.0 -999.0 -999.0 -999.0} "" -999.0 -999.0 -999.0 -999.0 -999 -999 "" "" "" "" 0 0 0.0 0.0 -999 ""
FIBERMAP 883 R+4C1 METROLOGY 0 0 0 1 0 0 -225.14698560296023 77.24489166230798 143.1 -142.74798866140273 -190.4636910351285 73.85229 22.34769 -999.0 -999.0 -999.0 -999.0 -999.0 122.86629265961186 -22.95248217192997 122.81526232319897 -23.035806051596644 75.49075073195544 290.9334846849774 -999.0 6231.0 -999.0 -1 -999 {-999.0 -999.0 -999.0 -999.0 -999.0} "" -999.0 -999.0 -999.0 -999.0 -999 -999 "" "" "" "" 0 0 0.0 0.0 -999 ""
FIBERMAP 884 R+2C18 APOGEE 0 0 0 1 0 0 123.20068813749762 29.54785966988894 143.1 9.780060206435603 126.31132925363336 331.22287 106.49311 -999.0 -999.0 -999.0 -999.0 -999.0 123.36516523696095 -21.992310439752856 123.31676200327394 -22.076825854300935 75.42366882274895 295.1670870827453 -999.0 16600.0 -999.0 2 -999 {-999.0 -999.0 -999.0 -999.0 -999.0} "" -999.0 -999.0 -999.0 -999.0 -999 -999 "" "" "" "" 0 0 0.0 0.0 -999 ""
FIBERMAP 884 R+2C18 BOSS 1 1 0 1 0 0 122.95591484370331 28.72267470398892 143.1 10.489919228332917 125.82462082347914 331.22287 106.49311 123.36747549541508 -21.99368105322901 -7.725159 2.4043794 2.1351874 123.36744636031361 -21.993687176452816 123.31909208186579 -22.078236296832582 75.4262466034451 295.1667627613028 5400.0 5400.0 2016.0 1 208 {-999.0 21.400051 19.859589 18.237797 -999.0} sdss_psfmag_ps1 20.668167 18.928978 17.686188 15.319 63050395995384494 1094318858 bright_1x1 mwm_bin_vis_boss mwm_filler science 0 0 0.0 0.0 -999 ""
FIBERMAP 884 R+2C18 METROLOGY 0 0 0 1 0 0 122.49151699900742 29.310005695508426 143.1 9.788245533488992 125.56340782844555 331.22287 106.49311 -999.0 -999.0 -999.0 -999.0 -999.0 123.3651679146829 -21.994478456119012 123.31679606457482 -22.079014350996477 75.42483394917784 295.1597246250249 -999.0 6231.0 -999.0 -1 -999 {-999.0 -999.0 -999.0 -999.0 -999.0} "" -999.0 -999.0 -999.0 -999.0 -999 -999 "" "" "" "" 0 0 0.0 0.0 -999 ""
FIBERMAP 888 R-5C14 APOGEE 1 1 0 1 0 0 74.39672217622582 -109.05150758873104 143.1 126.64335024861249 37.24474829215505 41.57518 20.993673 123.749031504908 -22.26117297189642 -2.2435226 4.36876 0.3414981 123.7490027357194 -22.261203768447995 123.70009920517077 -22.346504345999417 75.86691140259529 294.9774559469978 16000.0 16600.0 2016.0 2 196 {-999.0 13.65753 12.567677 12.166649 -999.0} sdss_psfmag_from_g3xp 13.261202 12.593614 11.789851 10.039 63050395995151210 1109648829 bright_1x1 mwm_tess_rgb_apogee mwm_tessrgb science 0 0 0.0 0.0 -999 ""
FIBERMAP 888 R-5C14 BOSS 0 0 0 1 0 0 74.05719056387144 -109.71884862853857 143.1 127.17387807423006 36.71642911184877 41.57518 20.993673 -999.0 -999.0 -999.0 -999.0 -999.0 123.75076508758347 -22.26275311946823 123.70190851427009 -22.348085064219088 75.8691600259555 294.9754381640643 -999.0 5400.0 -999.0 1 271 {-999.0 -999.0 -999.0 -999.0 -999.0} "" -999.0 -999.0 -999.0 -999.0 -999 -999 "" "" "" "" 0 0 0.0 0.0 -999 ""
FIBERMAP 888 R-5C14 METROLOGY 0 0 0 1 0 0 73.64664572537139 -109.09996336670692 143.1 126.45874531839843 36.51616166849342 41.57518 20.993673 -999.0 -999.0 -999.0 -999.0 -999.0 123.74845748655302 -22.263374329547535 123.69958410921396 -22.348693366518408 75.86763075201965 294.9687667608482 -999.0 6231.0 -999.0 -1 -999 {-999.0 -999.0 -999.0 -999.0 -999.0} "" -999.0 -999.0 -999.0 -999.0 -999 -999 "" "" "" "" 0 0 0.0 0.0 -999 ""
FIBERMAP 889 R-7C3 APOGEE 1 1 0 1 0 0 -182.06810808562162 -123.06307995102586 143.1 61.09124673191896 -211.08603415079116 179.55511 67.448296 123.53674259328652 -23.0142833883009 -1.9654036 1.103212 0.20792319 123.53674959777578 -23.014294033231675 123.48584148212387 -23.099034070462228 76.06617333744164 291.87543936151656 16000.0 16600.0 2016.0 2 245 {-999.0 14.298704 12.806942 11.815379 -999.0} sdss_psfmag_from_g3xp 13.677236 12.473018 11.384793 8.895 63050395995114387 1152662420 bright_1x1 mwm_galactic_core_dist_apogee_sparse mwm_galactic science 0 0 0.0 0.0 -999 ""
FIBERMAP 889 R-7C3 BOSS 0 0 0 1 0 0 -181.68354876553656 -122.43619905424949 143.1 60.613065600147834 -210.52731681058364 179.55511 67.448296 -999.0 -999.0 -999.0 -999.0 -999.0 123.53513545158353 -23.012636043319514 123.4842818159895 -23.09739790709445 76.06413733198363 291.8786286538765 -999.0 5400.0 -999.0 1 502 {-999.0 -999.0 -999.0 -999.0 -999.0} "" -999.0 -999.0 -999.0 -999.0 -999 -999 "" "" "" "" 0 0 0.0 0.0 -999 ""
FIBERMAP 889 R-7C3 METROLOGY 0 0 0 1 0 0 -181.32097549085205 -123.05844880053282 143.1 61.31664443039828 -210.3737281899496 179.55511 67.448296 -999.0 -999.0 -999.0 -999.0 -999.0 123.53747313035234 -23.012201430296535 123.48660725684647 -23.096961269216354 76.06581878740367 291.88441061536025 -999.0 6231.0 -999.0 -1 -999 {-999.0 -999.0 -999.0 -999.0 -999.0} "" -999.0 -999.0 -999.0 -999.0 -999 -999 "" "" "" "" 0 0 0.0 0.0 -999 ""
FIBERMAP 890 R+11C6 APOGEE 1 1 0 1 0 0 -71.52365400395482 229.21251975418693 143.1 -240.09041273962504 2.4482189281913698 209.76262 19.465471 122.54832483496979 -22.368035677553777 -4.940521 3.545979 0.3918917 122.54831268796609 -22.368001120691613 122.49859225070838 -22.450701073789137 74.95675588348857 292.41379689916835 16000.0 16600.0 2016.0 2 146 {-999.0 12.330726 11.298413 10.905899 -999.0} sdss_psfmag_from_g3xp 11.979792 11.321049 10.540778 8.878 63050395995355064 1152662848 bright_1x1 mwm_galactic_core_dist_apogee_sparse mwm_galactic science 0 0 0.0 0.0 -999 ""
FIBERMAP 890 R+11C6 BOSS 0 0 0 1 0 0 -71.0139929513295 229.77891863781988 143.1 -240.47256748785816 3.1073648819139756 209.76262 19.465471 -999.0 -999.0 -999.0 -999.0 -999.0 122.54699299947546 -22.365974703974512 122.49733169271269 -22.448700023132957 74.95476698708696 292.4183647643842 -999.0 5400.0 -999.0 1 149 {-999.0 -999.0 -999.0 -999.0 -999.0} "" -999.0 -999.0 -999.0 -999.0 -999 -999 "" "" "" "" 0 0 0.0 0.0 -999 ""
FIBERMAP 890 R+11C6 METROLOGY 0 0 0 1 0 0 -70.79532616513147 229.04901705662172 143.1 -239.7108230906589 3.090917688606885 209.76262 19.465471 -999.0 -999.0 -999.0 -999.0 -999.0 122.54944029034046 -22.36603815724478 122.4997644473928 -22.448760852016925 74.9567630696171 292.4223586291587 -999.0 6231.0 -999.0 -1 -999 {-999.0 -999.0 -999.0 -999.0 -999.0} "" -999.0 -999.0 -999.0 -999.0 -999 -999 "" "" "" "" 0 0 0.0 0.0 -999 ""
FIBERMAP 892 R-3C17 APOGEE 0 0 0 1 0 0 85.97490868122797 -64.62903097213115 143.1 87.93750073392461 61.9246886354511 225.40294 92.67097 -999.0 -999.0 -999.0 -999.0 -999.0 123.62187559365576 -22.186811415204577 123.57310026148929 -22.271850255409714 75.72774806905284 294.9912091644147 -999.0 16600.0 -999.0 2 -999 {-999.0 -999.0 -999.0 -999.0 -999.0} "" -999.0 -999.0 -999.0 -999.0 -999 -999 "" "" "" "" 0 0 0.0 0.0 -999 ""
FIBERMAP 892 R-3C17 BOSS 1 1 0 1 0 0 85.40155830731403 -64.12477501290846 143.1 87.28135946728446 61.534257178668206 225.40294 92.67097 123.61975249721579 -22.18795317967599 -2.3008566 0.7407005 0.35354808 123.6197339080243 -22.187941117446 123.57100525151986 -22.273003363335608 75.72668258909371 294.98314465776707 5400.0 5400.0 2016.0 1 298 {-999.0 16.194448 15.812594 15.784289 -999.0} sdss_psfmag_ps1 16.104933 15.836275 15.409953 14.714 63050395995152528 979855670 "" ops_std_boss ops_std standard_boss 0 0 0.0 0.0 -999 ""
FIBERMAP 892 R-3C17 METROLOGY 0 0 0 1 0 0 86.11473917970822 -63.89422103174462 143.1 87.28135325552282 62.28374844164068 225.40294 92.67097 -999.0 -999.0 -999.0 -999.0 -999.0 123.61974537139248 -22.185669018304225 123.57100811908077 -22.270723635831928 75.7255083250788 294.99106994039727 -999.0 6231.0 -999.0 -1 -999 {-999.0 -999.0 -999.0 -999.0 -999.0} "" -999.0 -999.0 -999.0 -999.0 -999 -999 "" "" "" "" 0 0 0.0 0.0 -999 ""
FIBERMAP 893 R+11C7 APOGEE 0 0 0 1 0 0 -50.41793187154272 220.05555604855573 143.1 -224.88601845932695 19.713372919212553 194.3904 75.70493 -999.0 -999.0 -999.0 -999.0 -999.0 122.59792922174012 -22.31584867510667 122.54836378719017 -22.398663475801285 74.97164237306313 292.67532275208316 -999.0 16600.0 -999.0 2 130 {-999.0 -999.0 -999.0 -999.0 -999.0} "" -999.0 -999.0 -999.0 -999.0 -999 -999 "" "" "" "" 0 0 0.0 0.0 -999 ""
FIBERMAP 893 R+11C7 BOSS 1 1 0 1 0 0 -50.450246504305866 220.82641233653703 143.1 -225.6294119591716 19.919727314513125 194.3904 75.70493 122.59541092241808 -22.315220118836354 0.3083805 0.021261176 0.38476852 122.59541642939027 -22.315187827153657 122.54590591528603 -22.398025390079283 74.9693476185913 292.6731921669875 5400.0 5400.0 2016.0 1 117 {-999.0 16.69102 15.918698 15.63388 -999.0} sdss_psfmag_gaia 15.696628 15.961306 14.512704 12.397 63050395995355350 1034671074 bright_1x1 mwm_yso_disk_boss_single mwm_yso science 0 0 0.0 0.0 -999 ""
FIBERMAP 893 R+11C7 METROLOGY 0 0 0 1 0 0 -49.781081912576724 220.4477374338433 143.1 -225.06328784153047 20.43995046187439 194.3904 75.70493 -999.0 -999.0 -999.0 -999.0 -999.0 122.5972401374487 -22.31362077109052 122.54771901647001 -22.39645454213597 74.97004362652604 292.6816344681429 -999.0 6231.0 -999.0 -1 -999 {-999.0 -999.0 -999.0 -999.0 -999.0} "" -999.0 -999.0 -999.0 -999.0 -999 -999 "" "" "" "" 0 0 0.0 0.0 -999 ""
FIBERMAP 900 R-5C6 APOGEE 0 0 0 1 0 0 -120.91766064690445 -85.09338705442656 143.1 43.77259905116111 -141.2238500635983 72.225044 124.96522 -999.0 -999.0 -999.0 -999.0 -999.0 123.47923445169882 -22.80358105317921 123.4288344629067 -22.888227335025075 75.91969453077687 292.5382661169428 -999.0 16600.0 -999.0 2 -999 {-999.0 -999.0 -999.0 -999.0 -999.0} "" -999.0 -999.0 -999.0 -999.0 -999 -999 "" "" "" "" 0 0 0.0 0.0 -999 ""
FIBERMAP 900 R-5C6 BOSS 1 1 0 1 0 0 -120.09511836252776 -84.91722955706526 143.1 43.85798753425733 -140.38703498667326 72.225044 124.96522 123.47946166992188 -22.80105445458439 -999.0 -999.0 -999.0 123.47947854718863 -22.801084908036408 123.42913619808996 -22.885757946153888 75.91875029705625 292.5477141296906 5400.0 5400.0 2015.5 1 484 {-999.0 -999.0 -999.0 -999.0 -999.0} "" -999.0 -999.0 -999.0 -999.0 27021603171068380 814744959 "" ops_sky_boss_good ops_sky sky_boss 0 0 0.0 0.0 -999 ""
FIBERMAP 900 R-5C6 METROLOGY 0 0 0 1 0 0 -120.36842813551436 -85.60116837077075 143.1 44.42467641588697 -140.8574505981973 72.225044 124.96522 -999.0 -999.0 -999.0 -999.0 -999.0 123.48136682635585 -22.802524631435766 123.43100720793382 -22.887194180401647 75.92095240187116 292.54594752190724 -999.0 6231.0 -999.0 -1 -999 {-999.0 -999.0 -999.0 -999.0 -999.0} "" -999.0 -999.0 -999.0 -999.0 -999 -999 "" "" "" "" 0 0 0.0 0.0 -999 ""
FIBERMAP 909 R+1C23 APOGEE 0 0 0 1 0 0 217.34969023335105 27.21190234369864 143.1 40.96116497534682 215.17369728731103 18.799694 151.78755 -999.0 -999.0 -999.0 -999.0 -999.0 123.4660159700939 -21.723655397485572 123.41833156837185 -21.80842510516831 75.36203798243824 296.26825279875584 -999.0 16600.0 -999.0 2 -999 {-999.0 -999.0 -999.0 -999.0 -999.0} "" -999.0 -999.0 -999.0 -999.0 -999 -999 "" "" "" "" 0 0 0.0 0.0 -999 ""
FIBERMAP 909 R+1C23 BOSS 1 1 0 1 0 0 218.07440972457758 27.091815952941058 143.1 41.29833502842401 215.8263168298116 18.799694 151.78755 123.46710205078124 -21.72158993028198 -999.0 -999.0 -999.0 123.4670635754314 -21.721614683592218 123.41943569641148 -21.806416919725113 75.36182856867802 296.27713623445277 5400.0 5400.0 2015.5 1 190 {-999.0 -999.0 -999.0 -999.0 -999.0} "" -999.0 -999.0 -999.0 -999.0 27021603171086244 823346235 "" ops_sky_boss_good ops_sky sky_boss 0 0 0.0 0.0 -999 ""
FIBERMAP 909 R+1C23 METROLOGY 0 0 0 1 0 0 217.61797443232592 26.51367472653035 143.1 41.70803363535063 215.2142023800534 18.799694 151.78755 -999.0 -999.0 -999.0 -999.0 -999.0 123.4684286918166 -21.723430720437307 123.42078243327495 -21.808227125506235 75.36385385576928 296.27373556545587 -999.0 6231.0 -999.0 -1 -999 {-999.0 -999.0 -999.0 -999.0 -999.0} "" -999.0 -999.0 -999.0 -999.0 -999 -999 "" "" "" "" 0 0 0.0 0.0 -999 ""
FIBERMAP 911 R+5C9 APOGEE 0 0 0 1 0 0 -75.6063355910666 94.0298682463579 143.1 -112.72261987663992 -43.016048873034954 238.25378 57.366913 -999.0 -999.0 -999.0 -999.0 -999.0 122.96421971743368 -22.50651845820307 122.91433451346705 -22.590098267575573 75.36019144199794 292.66553513142213 -999.0 16600.0 -999.0 2 43 {-999.0 -999.0 -999.0 -999.0 -999.0} "" -999.0 -999.0 -999.0 -999.0 -999 -999 "" ops_sky_apogee_best_unassigned ops_sky sky_apogee 0 0 0.0 0.0 -999 ""
FIBERMAP 911 R+5C9 BOSS 1 1 0 1 0 0 -75.89863884549194 94.70091086005235 143.1 -113.45101037387813 -43.08776921311516 238.25378 57.366913 122.96173095703125 -22.50674275894265 -999.0 -999.0 -999.0 122.96171488414112 -22.50672944287614 122.91188103737574 -22.590331038745834 75.35832467714839 292.66037566149055 5400.0 5400.0 2015.5 1 77 {-999.0 -999.0 -999.0 -999.0 -999.0} "" -999.0 -999.0 -999.0 -999.0 27021603171079875 814746137 "" ops_sky_boss_good ops_sky sky_boss 0 0 0.0 0.0 -999 ""
FIBERMAP 911 R+5C9 METROLOGY 0 0 0 1 0 0 -75.17531665072036 94.64353750716519 143.1 -113.17394028640163 -42.41718980126082 238.25378 57.366913 -999.0 -999.0 -999.0 -999.0 -999.0 122.96262511099249 -22.504707471594116 122.91278178841822 -22.58830360732227 75.35806637869864 292.6689844782683 -999.0 6231.0 -999.0 -1 -999 {-999.0 -999.0 -999.0 -999.0 -999.0} "" -999.0 -999.0 -999.0 -999.0 -999 -999 "" "" "" "" 0 0 0.0 0.0 -999 ""
FIBERMAP 913 R-2C5 APOGEE 1 1 0 1 0 0 -169.85806376150418 -44.44751698206218 143.1 -9.954282917174025 -175.28773403783643 310.4151 134.36082 123.30271429003464 -22.90705001824185 -1.1076882 1.000723 0.21035106 123.30271784024437 -22.907057063486075 123.25197088648105 -22.991309602885316 75.82559610372317 291.8490263487226 16000.0 16600.0 2016.0 2 287 {-999.0 14.220079 12.78042 12.067821 -999.0} sdss_psfmag_from_g3xp 13.629246 12.643729 11.666337 9.422 63050395995099806 1152662690 bright_1x1 mwm_galactic_core_dist_apogee_sparse mwm_galactic science 0 0 0.0 0.0 -999 ""
FIBERMAP 913 R-2C5 BOSS 0 0 0 1 0 0 -169.92470570857455 -45.17000996393077 143.1 -9.287343332426095 -175.57336795409395 310.4151 134.36082 -999.0 -999.0 -999.0 -999.0 -999.0 123.30485945598645 -22.90795379938707 123.25416310291126 -22.992236366917094 75.82781269451908 291.84957759808395 -999.0 5400.0 -999.0 1 471 {-999.0 -999.0 -999.0 -999.0 -999.0} "" -999.0 -999.0 -999.0 -999.0 -999 -999 "" "" "" "" 0 0 0.0 0.0 -999 ""
FIBERMAP 913 R-2C5 METROLOGY 0 0 0 1 0 0 -170.5372499743896 -44.76473663573177 143.1 -9.861359948998413 -176.0315368272603 310.4151 134.36082 -999.0 -999.0 -999.0 -999.0 -999.0 123.30298711361625 -22.909370451587108 123.25227156875582 -22.99364155009674 75.8269402299921 291.8411623749455 -999.0 6231.0 -999.0 -1 -999 {-999.0 -999.0 -999.0 -999.0 -999.0} "" -999.0 -999.0 -999.0 -999.0 -999 -999 "" "" "" "" 0 0 0.0 0.0 -999 ""
FIBERMAP 915 R+5C16 APOGEE 1 1 0 1 0 0 82.97046018246762 87.4797742767151 143.1 -57.7150538982032 105.85186726047033 262.08252 51.06388 123.1443639510647 -22.054724633256374 -0.80644983 0.7113364 0.13059169 123.1443654959794 -22.05472564654962 123.09570596661104 -22.138757365287944 75.28022970810383 294.5392658538318 16000.0 16600.0 2016.0 2 68 {-999.0 14.739683 13.567336 13.097844 -999.0} sdss_psfmag_from_g3xp 14.307943 13.560259 12.720809 10.836 63050395995382999 1152662969 bright_1x1 mwm_galactic_core_dist_apogee_sparse mwm_galactic science 0 0 0.0 0.0 -999 ""
FIBERMAP 915 R+5C16 BOSS 0 0 0 1 0 0 82.47262023875491 88.0267835044953 143.1 -58.38864842305379 105.54643255926109 262.08252 51.06388 -999.0 -999.0 -999.0 -999.0 -999.0 123.14207661948967 -22.055571772996753 123.09346617568258 -22.139627303179218 75.2788935243634 294.53214330927995 -999.0 5400.0 -999.0 1 222 {-999.0 -999.0 -999.0 -999.0 -999.0} "" -999.0 -999.0 -999.0 -999.0 -999 -999 "" "" "" "" 0 0 0.0 0.0 -999 ""
FIBERMAP 915 R+5C16 METROLOGY 0 0 0 1 0 0 83.19039330529989 88.1877791069986 143.1 -58.321058775003415 106.27889833320843 262.08252 51.06388 -999.0 -999.0 -999.0 -999.0 -999.0 123.14230547534105 -22.053348838534273 123.09368593383232 -22.137397001754163 75.27792587076173 294.54009118829686 -999.0 6231.0 -999.0 -1 -999 {-999.0 -999.0 -999.0 -999.0 -999.0} "" -999.0 -999.0 -999.0 -999.0 -999 -999 "" "" "" "" 0 0 0.0 0.0 -999 ""
FIBERMAP 922 R-1C18 APOGEE 1 1 0 1 0 0 93.74716165349753 -16.52161185688532 143.1 44.55486855546326 84.1167804865488 79.31868 173.29579 123.47946166992188 -22.119911201323617 -999.0 -999.0 -999.0 123.47946844821243 -22.119918801952245 123.43079611289289 -22.204661698750357 75.58025235338057 294.94901775523226 16000.0 16600.0 2015.5 2 212 {-999.0 -999.0 -999.0 -999.0 -999.0} "" -999.0 -999.0 -999.0 -999.0 27021603171080378 836857300 "" ops_sky_apogee_best ops_sky sky_apogee 0 0 0.0 0.0 -999 ""
FIBERMAP 922 R-1C18 BOSS 0 0 0 1 0 0 94.08467456023803 -15.84361883494341 143.1 44.01358466852467 84.64645526178049 79.31868 173.29579 -999.0 -999.0 -999.0 -999.0 -999.0 123.4776646126763 -22.118240633060545 123.42904668694916 -22.203008372817607 75.57801158553936 294.95134482793304 -999.0 5400.0 -999.0 1 301 {-999.0 -999.0 -999.0 -999.0 -999.0} "" -999.0 -999.0 -999.0 -999.0 -999 -999 "" "" "" "" 0 0 0.0 0.0 -999 ""
FIBERMAP 922 R-1C18 METROLOGY 0 0 0 1 0 0 94.48711809441136 -16.474218450098515 143.1 44.73737158274163 84.8354113603895 79.31868 173.29579 -999.0 -999.0 -999.0 -999.0 -999.0 123.48005257963592 -22.117661341062746 123.43142273601228 -22.202426216838738 75.57959479045864 294.9579080742867 -999.0 6231.0 -999.0 -1 -999 {-999.0 -999.0 -999.0 -999.0 -999.0} "" -999.0 -999.0 -999.0 -999.0 -999 -999 "" "" "" "" 0 0 0.0 0.0 -999 ""
FIBERMAP 923 R+4C16 APOGEE 0 0 0 1 0 0 79.01203490149668 76.1905200444746 143.1 -48.191095832620064 98.61314047270965 165.50102 136.4067 -999.0 -999.0 -999.0 -999.0 -999.0 123.17555348396299 -22.076612551611984 123.12685274478616 -22.16070834243247 75.31624917474599 294.52318187223494 -999.0 16600.0 -999.0 2 -999 {-999.0 -999.0 -999.0 -999.0 -999.0} "" -999.0 -999.0 -999.0 -999.0 -999 -999 "" "" "" "" 0 0 0.0 0.0 -999 ""
FIBERMAP 923 R+4C16 BOSS 1 1 0 1 0 0 78.60446815694758 76.84112497485361 143.1 -48.9354932029638 98.4254630077063 165.50102 136.4067 123.17300490125828 -22.077121676325053 -1.74386 6.085212 1.4216056 123.17303606885926 -22.07710395370746 123.1243850948307 -22.161223020130613 75.31454929299892 294.51682331450974 5400.0 5400.0 2016.0 1 219 {-999.0 13.855753 13.47338 13.357834 -999.0} sdss_psfmag_from_g3xp 13.789527 13.489908 13.026505 12.245 63050395995381918 977963980 "" ops_std_boss ops_std standard_boss 0 0 0.0 0.0 -999 ""
FIBERMAP 923 R+4C16 METROLOGY 0 0 0 1 0 0 79.35288753043196 76.8563411181453 143.1 -48.71977112107213 99.14224906006584 165.50102 136.4067 -999.0 -999.0 -999.0 -999.0 -999.0 123.17375044147477 -22.074928036507263 123.12509049902707 -22.159040801130157 75.31399353379388 294.5255370277624 -999.0 6231.0 -999.0 -1 -999 {-999.0 -999.0 -999.0 -999.0 -999.0} "" -999.0 -999.0 -999.0 -999.0 -999 -999 "" "" "" "" 0 0 0.0 0.0 -999 ""
FIBERMAP 924 R-11C4 APOGEE 1 0 1 1 0 0 -100.4352318816453 -205.82299226292088 143.1 164.94438444239006 -158.8694245121699 8.64246 172.00302 123.9713560442283 -22.868204564310112 -3.3632472 3.5764105 0.48277318 123.87726984712555 -22.854535022632902 123.8269313834167 -22.94002652413952 76.26565830839587 293.08788922579953 16000.0 16600.0 2016.0 2 178 {-999.0 12.401275 11.320114 10.902569 -999.0} sdss_psfmag_from_g3xp 12.020834 11.333394 10.535274 8.804 63050395995120517 1152662452 bright_1x1 mwm_galactic_core_dist_apogee_sparse mwm_galactic science 0 0 0.0 0.0 -999 ""
FIBERMAP 924 R-11C4 BOSS 0 0 1 1 0 0 -99.69237872968363 -205.7933777896727 143.1 165.14469473885103 -158.1535059471114 8.64246 172.00302 -999.0 -999.0 -999.0 -999.0 -999.0 123.87789865500552 -22.85236870697618 123.82761568913014 -22.93788737852293 76.26516734711429 293.09705140120167 -999.0 5400.0 -999.0 1 424 {-999.0 -999.0 -999.0 -999.0 -999.0} "" -999.0 -999.0 -999.0 -999.0 -999 -999 "" "" "" "" 0 0 0.0 0.0 -999 ""
FIBERMAP 924 R-11C4 METROLOGY 0 0 1 1 0 0 -100.03958314084856 -206.45896337146053 143.1 165.6711922710187 -158.68858569344246 8.64246 172.00302 -999.0 -999.0 -999.0 -999.0 -999.0 123.87967044386586 -22.854001503311885 123.82937011109215 -22.939516493789906 76.26737178486123 293.0943711104639 -999.0 6231.0 -999.0 -1 -999 {-999.0 -999.0 -999.0 -999.0 -999.0} "" -999.0 -999.0 -999.0 -999.0 -999 -999 "" "" "" "" 0 0 0.0 0.0 -999 ""
FIBERMAP 926 R+12C11 APOGEE 0 0 0 1 0 0 78.20962958221111 234.48276201654755 143.1 -199.04975736089423 146.53742908102197 351.87628 133.36998 -999.0 -999.0 -999.0 -999.0 -999.0 122.68369064091625 -21.932299070336057 122.63513663337005 -22.015353582384055 74.85022605575794 294.1056909422373 -999.0 16600.0 -999.0 2 -999 {-999.0 -999.0 -999.0 -999.0 -999.0} "" -999.0 -999.0 -999.0 -999.0 -999 -999 "" "" "" "" 0 0 0.0 0.0 -999 ""
FIBERMAP 926 R+12C11 BOSS 1 1 0 1 0 0 78.6547815146464 233.8603445575353 143.1 -198.32061929017553 146.769538033673 351.87628 133.36998 122.68598146394949 -21.931554935206083 -0.46516937 3.7005768 0.4685418 122.68599004456203 -21.931553294098507 122.63749284402343 -22.014642419037312 74.85174506708508 294.11228554359144 5400.0 5400.0 2016.0 1 107 {-999.0 16.21673 15.855968 15.752041 -999.0} sdss_psfmag_ps1 16.157902 15.870662 15.418025 14.605 63050395995397267 978540281 "" ops_std_boss ops_std standard_boss 0 0 0.0 0.0 -999 ""
FIBERMAP 926 R+12C11 METROLOGY 0 0 0 1 0 0 77.89507665199736 233.8041202326217 143.1 -198.50079412668543 146.02940071043528 351.87628 133.36998 -999.0 -999.0 -999.0 -999.0 -999.0 122.68537027421694 -21.93377106019455 122.63685191377425 -22.01685015662773 74.85235636746843 294.103854782491 -999.0 6231.0 -999.0 -1 -999 {-999.0 -999.0 -999.0 -999.0 -999.0} "" -999.0 -999.0 -999.0 -999.0 -999 -999 "" "" "" "" 0 0 0.0 0.0 -999 ""
FIBERMAP 928 R-10C10 APOGEE 0 0 0 1 0 0 40.655797373967786 -182.73057836098454 143.1 186.369407795269 -17.521374195903405 97.70692 32.96665 -999.0 -999.0 -999.0 -999.0 -999.0 123.94530409906986 -22.426259418785968 123.8960777930929 -22.511956384107314 76.10729887387599 294.7749328209133 -999.0 16600.0 -999.0 2 -999 {-999.0 -999.0 -999.0 -999.0 -999.0} "" -999.0 -999.0 -999.0 -999.0 -999 -999 "" "" "" "" 0 0 0.0 0.0 -999 ""
FIBERMAP 928 R-10C10 BOSS 1 1 0 1 0 0 41.12600260611042 -183.30816933239214 143.1 187.0636003033861 -17.251639739809548 97.70692 32.96665 123.94764154460356 -22.425398078552405 -4.2420483 0.35415098 -0.38030025 123.94758071909949 -22.425405917086774 123.8984069740601 -22.51113497805358 76.10872828086707 294.7824545751398 5400.0 5400.0 2016.0 1 403 {-999.0 15.817984 15.396716 15.282376 -999.0} sdss_psfmag_ps1 15.726902 15.403127 14.889147 14.032 63050395995145224 1093512715 bright_1x1 mwm_astar_core_boss_single mwm_ob science 0 0 0.0 0.0 -999 ""
FIBERMAP 928 R-10C10 METROLOGY 0 0 0 1 0 0 40.423406846724426 -183.441558571429 143.1 186.97441201912093 -17.961173407993748 97.70692 32.96665 -999.0 -999.0 -999.0 -999.0 -999.0 123.94734455154706 -22.427568055258664 123.8981512810006 -22.513288618508724 76.10962618069769 294.77424149692655 -999.0 6231.0 -999.0 -1 -999 {-999.0 -999.0 -999.0 -999.0 -999.0} "" -999.0 -999.0 -999.0 -999.0 -999 -999 "" "" "" "" 0 0 0.0 0.0 -999 ""
FIBERMAP 929 R-3C18 APOGEE 1 1 0 1 0 0 127.5735322143997 -67.15830156736732 143.1 103.13901629817182 100.72697812347236 265.31915 143.79578 123.6711520229731 -22.069041133821223 -63.953808 11.197033 10.735049 123.67093613053042 -22.069017345933847 123.6224790256042 -22.1541778144762 75.70565810004757 295.494997376554 16000.0 16600.0 2016.0 2 217 {-999.0 11.06294 10.547857 10.362591 -999.0} sdss_psfmag_from_g3xp 10.949699 10.57513 10.028841 9.04 63050395995379334 984761449 bright_1x1 mwm_snc_100pc_apogee mwm_snc science 0 0 0.0 0.0 -999 ""
FIBERMAP 929 R-3C18 BOSS 0 0 0 1 0 0 127.0926445125259 -67.73026475714197 143.1 103.53531552041441 100.09349795170355 265.31915 143.79578 -999.0 -999.0 -999.0 -999.0 -999.0 123.67224402993003 -22.070858136467365 123.62383318182015 -22.15604972400327 75.70770619761396 295.4911927666839 -999.0 5400.0 -999.0 1 309 {-999.0 -999.0 -999.0 -999.0 -999.0} "" -999.0 -999.0 -999.0 -999.0 -999 -999 "" "" "" "" 0 0 0.0 0.0 -999 ""
FIBERMAP 929 R-3C18 METROLOGY 0 0 0 1 0 0 126.8398288364675 -67.01534272242564 143.1 102.77732029190766 100.07284573820735 265.31915 143.79578 -999.0 -999.0 -999.0 -999.0 -999.0 123.66979288831251 -22.07092509522592 123.62136651016095 -22.156103326813632 75.70578711458231 295.4861677626585 -999.0 6231.0 -999.0 -1 -999 {-999.0 -999.0 -999.0 -999.0 -999.0} "" -999.0 -999.0 -999.0 -999.0 -999 -999 "" "" "" "" 0 0 0.0 0.0 -999 ""
FIBERMAP 931 R+4C2 APOGEE 0 0 0 1 0 0 -243.7771898384556 81.4998874922589 143.1 -152.52683652617623 -206.88119447600337 218.79738 54.84282 -999.0 -999.0 -999.0 -999.0 -999.0 122.83445501240419 -23.00176321907868 122.78324510136571 -23.084993040410158 75.48716308465777 290.7051157784629 -999.0 16600.0 -999.0 2 -999 {-999.0 -999.0 -999.0 -999.0 -999.0} "" -999.0 -999.0 -999.0 -999.0 -999 -999 "" "" "" "" 0 0 0.0 0.0 -999 ""
FIBERMAP 931 R+4C2 BOSS 1 1 0 1 0 0 -243.82937653620908 82.2503555382579 143.1 -153.25694330647428 -206.7000189928466 218.79738 54.84282 122.83190270683576 -23.001171506713273 -0.699785 6.8354836 4.1923995 122.83200077290735 -23.001189738955603 122.7808448495179 -23.08443973789759 75.48494652290361 290.7030481837575 5400.0 5400.0 2016.0 1 74 {-999.0 18.380133 16.937304 15.589703 -999.0} sdss_psfmag_ps1 17.74145 16.243006 15.053141 12.794 63050395995102178 1075848446 bright_1x1 mwm_erosita_stars_boss mwm_erosita science 0 0 0.0 0.0 -999 ""
FIBERMAP 931 R+4C2 METROLOGY 0 0 0 1 0 0 -243.1670095778548 81.93252852864963 143.1 -152.75080555060023 -206.16754797111983 218.79738 54.84282 -999.0 -999.0 -999.0 -999.0 -999.0 122.83363958189194 -22.999639294514534 122.7824731888831 -23.082885858983182 75.48556752424754 290.7112957225156 -999.0 6231.0 -999.0 -1 -999 {-999.0 -999.0 -999.0 -999.0 -999.0} "" -999.0 -999.0 -999.0 -999.0 -999 -999 "" "" "" "" 0 0 0.0 0.0 -999 ""
FIBERMAP 933 R+1C7 APOGEE 1 1 0 1 0 0 -144.6701834399987 37.66625379924342 143.1 -80.33654440615926 -126.06530237846606 123.56015 74.424126 123.07088573926299 -22.75829508176659 -1.9578022 1.9689815 0.21471164 123.07087040580676 -22.75832026397081 123.02039341133906 -22.84209461755939 75.56707300038013 291.97230332133404 16000.0 16600.0 2016.0 2 14 {-999.0 14.239373 12.73984 11.693084 -999.0} sdss_psfmag_from_g3xp 13.611759 12.358813 11.255284 8.715 63050395995106149 1152662732 bright_1x1 mwm_galactic_core_dist_apogee_sparse mwm_galactic science 0 0 0.0 0.0 -999 ""
FIBERMAP 933 R+1C7 BOSS 0 0 0 1 0 0 -143.95653174055363 37.93676995783002 143.1 -80.37442900123601 -125.30307150770189 123.56015 74.424126 -999.0 -999.0 -999.0 -999.0 -999.0 123.07065016994831 -22.756042104639956 123.02023158121159 -22.839842530906605 75.565871851438 291.9799695488729 -999.0 5400.0 -999.0 1 21 {-999.0 -999.0 -999.0 -999.0 -999.0} "" -999.0 -999.0 -999.0 -999.0 -999 -999 "" "" "" "" 0 0 0.0 0.0 -999 ""
FIBERMAP 933 R+1C7 METROLOGY 0 0 0 1 0 0 -144.1003875737798 37.18955187515002 143.1 -79.70771354559218 -125.66977785291584 123.56015 74.424126 -999.0 -999.0 -999.0 -999.0 -999.0 123.07284891361428 -22.757175361655612 123.02241352078914 -22.840972931440806 75.5681783193289 291.97981207521286 -999.0 6231.0 -999.0 -1 -999 {-999.0 -999.0 -999.0 -999.0 -999.0} "" -999.0 -999.0 -999.0 -999.0 -999 -999 "" "" "" "" 0 0 0.0 0.0 -999 ""
FIBERMAP 937 R+8C19 APOGEE 1 1 0 1 0 0 213.79918269024543 138.2055992475617 143.1 -65.73915592931442 245.93506621370338 4.341703 43.158173 123.11834125200197 -21.63186096091872 -1.7806123 2.929561 0.16366626 123.11831074273466 -21.63189918265792 123.07070321005602 -21.715934260894212 75.03964340434278 295.8999270654714 16000.0 16600.0 2016.0 2 101 {-999.0 14.495805 13.446878 13.002694 -999.0} sdss_psfmag_from_g3xp 14.131701 13.436663 12.629392 10.801 63050395995408579 1156066650 bright_1x1 mwm_galactic_core_dist_apogee_extra mwm_galactic science 0 0 0.0 0.0 -999 ""
FIBERMAP 937 R+8C19 BOSS 0 0 0 1 0 0 213.3000557878077 137.6378311769774 143.1 -65.35245831804356 245.28552215360878 4.341703 43.158173 -999.0 -999.0 -999.0 -999.0 -999.0 123.1195105778748 -21.63380369660022 123.07195101403528 -21.717871568575987 75.04165559454412 295.89596105369424 -999.0 5400.0 -999.0 1 175 {-999.0 -999.0 -999.0 -999.0 -999.0} "" -999.0 -999.0 -999.0 -999.0 -999 -999 "" "" "" "" 0 0 0.0 0.0 -999 ""
FIBERMAP 937 R+8C19 METROLOGY 0 0 0 1 0 0 213.06268734018744 138.3534131142018 143.1 -66.1063301491169 245.27977063833586 4.341703 43.158173 -999.0 -999.0 -999.0 -999.0 -999.0 123.11706036565387 -21.63379248925257 123.06948496889578 -21.717846449223767 75.03970221588771 295.8913226051883 -999.0 6231.0 -999.0 -1 -999 {-999.0 -999.0 -999.0 -999.0 -999.0} "" -999.0 -999.0 -999.0 -999.0 -999 -999 "" "" "" "" 0 0 0.0 0.0 -999 ""
FIBERMAP 939 R+2C6 APOGEE 0 0 0 1 0 0 -147.79184382330556 29.536568746335995 143.1 -73.56147892769258 -131.53603940089667 312.78287 118.26845 -999.0 -999.0 -999.0 -999.0 -999.0 123.09317181465404 -22.774890878396565 123.04266299263622 -22.858710962322686 75.59302368118807 291.9527073306577 -999.0 16600.0 -999.0 2 -999 {-999.0 -999.0 -999.0 -999.0 -999.0} "" -999.0 -999.0 -999.0 -999.0 -999 -999 "" "" "" "" 0 0 0.0 0.0 -999 ""
FIBERMAP 939 R+2C6 BOSS 1 1 0 1 0 0 -148.0091933623513 28.83651135948171 143.1 -72.96224121955589 -131.9581677597238 312.78287 118.26845 123.09507694610794 -22.77619667436396 -4.8172903 2.4817274 0.26198798 123.09505701924607 -22.776201006532744 123.04459835486574 -22.860051107906653 75.59522942343318 291.9513677717903 5400.0 5400.0 2016.0 1 49 {-999.0 17.463879 17.13164 16.943914 -999.0} sdss_psfmag_ps1 17.3529 17.051111 16.588463 15.829 63050395995106065 979855453 "" ops_std_boss ops_std standard_boss 0 0 0.0 0.0 -999 ""
FIBERMAP 939 R+2C6 METROLOGY 0 0 0 1 0 0 -148.5232694709427 29.37999691370098 143.1 -73.63747698402113 -132.2801346590916 312.78287 118.26845 -999.0 -999.0 -999.0 -999.0 -999.0 123.09284488352782 -22.77719708701885 123.0423677419667 -22.861034871446943 75.59388696852878 291.943966606623 -999.0 6231.0 -999.0 -1 -999 {-999.0 -999.0 -999.0 -999.0 -999.0} "" -999.0 -999.0 -999.0 -999.0 -999 -999 "" "" "" "" 0 0 0.0 0.0 -999 ""
FIBERMAP 947 R+11C15 APOGEE 0 0 0 1 0 0 135.27948544086846 218.01533767052567 143.1 -165.82770687358465 195.77316435351057 141.41628 131.43402 -999.0 -999.0 -999.0 -999.0 -999.0 122.7924094621937 -21.78364033198831 122.74427840516489 -21.866950894445136 74.86094156490459 294.79209752043664 -999.0 16600.0 -999.0 2 -999 {-999.0 -999.0 -999.0 -999.0 -999.0} "" -999.0 -999.0 -999.0 -999.0 -999 -999 "" "" "" "" 0 0 0.0 0.0 -999 ""
FIBERMAP 947 R+11C15 BOSS 1 1 0 1 0 0 135.2207616500187 218.73423569971587 143.1 -166.52978611216383 195.93840957294216 141.41628 131.43402 122.7900695800781 -21.783087497887692 -999.0 -999.0 -999.0 122.79007212532714 -21.783110868585787 122.74199487711599 -21.86644650586274 74.8588674593299 294.7895472854676 5400.0 5400.0 2015.5 1 186 {-999.0 -999.0 -999.0 -999.0 -999.0} "" -999.0 -999.0 -999.0 -999.0 27021603171081590 823347307 "" ops_sky_boss_good ops_sky sky_boss 0 0 0.0 0.0 -999 ""
FIBERMAP 947 R+11C15 METROLOGY 0 0 0 1 0 0 135.9059205868007 218.42408848060063 143.1 -166.0239451308195 196.49492886097224 141.41628 131.43402 -999.0 -999.0 -999.0 -999.0 -999.0 122.79170680450117 -21.78140403203608 122.7436194091257 -21.864734930457928 74.85927063946257 294.79814238991446 -999.0 6231.0 -999.0 -1 -999 {-999.0 -999.0 -999.0 -999.0 -999.0} "" -999.0 -999.0 -999.0 -999.0 -999 -999 "" "" "" "" 0 0 0.0 0.0 -999 ""
FIBERMAP 949 R+1C19 APOGEE 0 0 0 1 0 0 141.6663046181025 16.300158337987305 143.1 28.064660751965302 139.8062411784379 30.634398 70.65299 -999.0 -999.0 -999.0 -999.0 -999.0 123.42484295769147 -21.95132212127259 123.37656954911142 -22.035971464048 75.44963836495688 295.4207146754634 -999.0 16600.0 -999.0 2 -999 {-999.0 -999.0 -999.0 -999.0 -999.0} "" -999.0 -999.0 -999.0 -999.0 -999 -999 "" "" "" "" 0 0 0.0 0.0 -999 ""
FIBERMAP 949 R+1C19 BOSS 1 1 0 1 0 0 141.83682227112462 15.574369623679077 143.1 28.807682058450347 139.7452461035076 30.634398 70.65299 123.42727661132812 -21.95139959283263 -999.0 -999.0 -999.0 123.4272362479471 -21.951407808011254 123.3790148572827 -22.03609141147151 75.45163246495211 295.4250310178379 5400.0 5400.0 2015.5 1 241 {-999.0 -999.0 -999.0 -999.0 -999.0} "" -999.0 -999.0 -999.0 -999.0 27021603171080699 823347288 "" ops_sky_boss_good ops_sky sky_boss 0 0 0.0 0.0 -999 ""
FIBERMAP 949 R+1C19 METROLOGY 0 0 0 1 0 0 141.10391433507354 15.806989618023511 143.1 28.360919950922202 139.11944867347924 30.634398 70.65299 -999.0 -999.0 -999.0 -999.0 -999.0 123.42579994049716 -21.95329787106757 123.37755866514772 -22.03796986412134 75.4514655719615 295.4158466566613 -999.0 6231.0 -999.0 -1 -999 {-999.0 -999.0 -999.0 -999.0 -999.0} "" -999.0 -999.0 -999.0 -999.0 -999 -999 "" "" "" "" 0 0 0.0 0.0 -999 ""
FIBERMAP 952 R+4C8 APOGEE 0 0 0 1 0 0 -77.83899058164859 65.99866910251993 143.1 -86.73822595003541 -53.76225232591938 339.7582 91.11179 -999.0 -999.0 -999.0 -999.0 -999.0 123.04951178889301 -22.539154464359207 122.9995827311858 -22.622913636194657 75.44491936412527 292.7034796450086 -999.0 16600.0 -999.0 2 -999 {-999.0 -999.0 -999.0 -999.0 -999.0} "" -999.0 -999.0 -999.0 -999.0 -999 -999 "" "" "" "" 0 0 0.0 0.0 -999 ""
FIBERMAP 952 R+4C8 BOSS 1 1 0 1 0 0 -78.07790928741834 65.29834754346732 143.1 -86.14537116348966 -54.204984563724224 339.7582 91.11179 123.05135958930718 -22.540495019645626 -2.9469411 2.15469 0.09900022 123.05135518584751 -22.540501108073187 123.00147626657872 -22.624291118073025 75.44711633734312 292.70206888498325 5400.0 5400.0 2016.0 1 33 {-999.0 14.809291 14.402067 14.242706 -999.0} sdss_psfmag_from_g3xp 14.728467 14.427756 13.905537 13.065 63050395995364236 1093865220 bright_1x1 mwm_astar_core_boss_single mwm_ob science 0 0 0.0 0.0 -999 ""
FIBERMAP 952 R+4C8 METROLOGY 0 0 0 1 0 0 -78.57413214304192 65.86059266894682 143.1 -86.83296494953096 -54.50419435856651 339.7582 91.11179 -999.0 -999.0 -999.0 -999.0 -999.0 123.04910425002814 -22.54142163446612 122.99920702372299 -22.625198993691555 75.44572675179755 292.69486087409666 -999.0 6231.0 -999.0 -1 -999 {-999.0 -999.0 -999.0 -999.0 -999.0} "" -999.0 -999.0 -999.0 -999.0 -999 -999 "" "" "" "" 0 0 0.0 0.0 -999 ""
FIBERMAP 953 R+4C11 APOGEE 0 0 0 1 0 0 -24.1776552976512 58.90439837518569 143.1 -63.48293873140571 -4.88664682302468 304.7802 68.89596 -999.0 -999.0 -999.0 -999.0 -999.0 123.12570033673613 -22.39077065016444 123.07618279188665 -22.474714888968244 75.43386628780796 293.35520611650634 -999.0 16600.0 -999.0 2 -999 {-999.0 -999.0 -999.0 -999.0 -999.0} "" -999.0 -999.0 -999.0 -999.0 -999 -999 "" "" "" "" 0 0 0.0 0.0 -999 ""
FIBERMAP 953 R+4C11 BOSS 1 1 0 1 0 0 -24.952691901595237 58.73257002950341 143.1 -63.55783444731192 -5.676929642047605 304.7802 68.89596 123.12536103819292 -22.393168300107988 -1.8655816 0.930046 0.17667155 123.12536232808895 -22.39314637435638 123.07589100445983 -22.47711713268931 75.43482127955586 293.34637595947055 5400.0 5400.0 2016.0 1 118 {-999.0 18.394894 17.988789 17.848215 -999.0} sdss_psfmag_ps1 18.279158 17.953312 17.515062 16.464 63050395995368092 978540172 "" ops_std_boss ops_std standard_boss 0 0 0.0 0.0 -999 ""
FIBERMAP 953 R+4C11 METROLOGY 0 0 0 1 0 0 -24.70794818091964 59.43192816083854 143.1 -64.14798088526584 -5.22895135326496 304.7802 68.89596 -999.0 -999.0 -999.0 -999.0 -999.0 123.12343234358141 -22.391795778346733 123.07394871704355 -22.475754757276807 75.43258745858634 293.34755023965715 -999.0 6231.0 -999.0 -1 -999 {-999.0 -999.0 -999.0 -999.0 -999.0} "" -999.0 -999.0 -999.0 -999.0 -999 -999 "" "" "" "" 0 0 0.0 0.0 -999 ""
FIBERMAP 955 R-1C19 APOGEE 0 0 0 1 0 0 134.2661902641604 -12.536826892825243 143.1 53.2263290271711 123.8954601162969 30.93699 118.842606 -999.0 -999.0 -999.0 -999.0 -999.0 123.50733380683008 -21.99929234759744 123.45897719897891 -22.084111977124447 75.53991268936439 295.41644817018636 -999.0 16600.0 -999.0 2 -999 {-999.0 -999.0 -999.0 -999.0 -999.0} "" -999.0 -999.0 -999.0 -999.0 -999 -999 "" "" "" "" 0 0 0.0 0.0 -999 ""
FIBERMAP 955 R-1C19 BOSS 1 1 0 1 0 0 134.8912455915593 -12.902419175258729 143.1 53.766438104571954 124.37773816522976 30.93699 118.842606 123.50903945248719 -21.99764135203697 16.193018 -28.262178 0.81973344 123.50907029510243 -21.99773906499795 123.46076923539812 -22.082591561116626 75.54053292640094 295.4251160070163 5400.0 5400.0 2016.0 1 302 {-999.0 17.810785 17.18462 16.946117 -999.0} sdss_psfmag_ps1 17.60106 17.173172 16.585909 15.714 63050395995380524 1072945407 bright_1x1 mwm_halo_local_high_boss_single mwm_halo science 0 0 0.0 0.0 -999 ""
FIBERMAP 955 R-1C19 METROLOGY 0 0 0 1 0 0 134.27085909266665 -13.284808455991392 143.1 53.939454353275444 123.66983714073251 30.93699 118.842606 -999.0 -999.0 -999.0 -999.0 -999.0 123.50966690803106 -21.999876250712813 123.46134633869156 -22.084721523672712 75.54210267413647 295.4189650763624 -999.0 6231.0 -999.0 -1 -999 {-999.0 -999.0 -999.0 -999.0 -999.0} "" -999.0 -999.0 -999.0 -999.0 -999 -999 "" "" "" "" 0 0 0.0 0.0 -999 ""
FIBERMAP 960 R+13C6 APOGEE 1 1 0 1 0 0 -48.784259735811304 238.1101501582049 143.1 -241.56211114819428 26.821037464555108 280.61508 45.799576 122.54376025556377 -22.294305986802094 -1.6127089 1.4098827 0.07952308 122.54379425547243 -22.294229767972105 122.49425978867612 -22.37693032953276 74.91737293715356 292.6543206050117 16000.0 16600.0 2016.0 2 51 {-999.0 17.20685 14.723399 12.934257 -999.0} sdss_psfmag_ps1 16.461912 12.819464 11.424554 8.317 63050395995356318 1154243623 bright_1x1 mwm_galactic_core_dist_apogee_sparse mwm_galactic science 0 0 0.0 0.0 -999 ""
FIBERMAP 960 R+13C6 BOSS 0 0 0 1 0 0 -49.42767551124699 238.51616046568583 143.1 -242.14632449001058 26.33372165753485 280.61508 45.799576 -999.0 -999.0 -999.0 -999.0 -999.0 122.54181018091475 -22.295669813412285 122.49232571821074 -22.378394082226908 74.91652659266052 292.6460563329407 -999.0 5400.0 -999.0 1 88 {-999.0 -999.0 -999.0 -999.0 -999.0} "" -999.0 -999.0 -999.0 -999.0 -999 -999 "" "" "" "" 0 0 0.0 0.0 -999 ""
FIBERMAP 960 R+13C6 METROLOGY 0 0 0 1 0 0 -48.76076106065359 238.8601879315172 143.1 -242.268529114258 27.074093700488707 280.61508 45.799576 -999.0 -999.0 -999.0 -999.0 -999.0 122.54139323047622 -22.29343184450167 122.49189882357228 -22.376147536969977 74.91508543792706 292.6528501542817 -999.0 6231.0 -999.0 -1 -999 {-999.0 -999.0 -999.0 -999.0 -999.0} "" -999.0 -999.0 -999.0 -999.0 -999 -999 "" "" "" "" 0 0 0.0 0.0 -999 ""
FIBERMAP 961 R-2C8 APOGEE 0 0 0 1 0 0 -109.96754664072583 -20.981111522342413 143.1 -13.860878093962459 -111.08529060115028 117.33299 77.825745 -999.0 -999.0 -999.0 -999.0 -999.0 123.28938306050317 -22.71282088017937 123.23912403271152 -22.797072082034862 75.72257189510361 292.52082071110084 -999.0 16600.0 -999.0 2 -999 {-999.0 -999.0 -999.0 -999.0 -999.0} "" -999.0 -999.0 -999.0 -999.0 -999 -999 "" "" "" "" 0 0 0.0 0.0 -999 ""
FIBERMAP 961 R-2C8 BOSS 1 1 0 1 0 0 -109.14339834709956 -20.79990805436736 143.1 -13.77979677083245 -110.24539539193457 117.33299 77.825745 123.28954805086518 -22.710332919765662 1.5632844 6.034602 11.033886 123.28958388628153 -22.71030820327156 123.23938320765876 -22.7945864968093 75.72158336750277 292.5301183693549 5400.0 5400.0 2016.0 1 497 {-999.0 15.825264 16.187109 16.356413 -999.0} sdss_psfmag_ps1 15.89691 15.95781 16.063265 16.193 63050395995137054 1151076015 bright_1x1 mwm_snc_100pc_boss_single mwm_snc science 0 0 0.0 0.0 -999 ""
FIBERMAP 961 R-2C8 METROLOGY 0 0 0 1 0 0 -109.4265674306082 -21.497676824135524 143.1 -13.202981507871808 -110.72944577563753 117.33299 77.825745 -999.0 -999.0 -999.0 -999.0 -999.0 123.2914986583916 -22.711790362635806 123.24128040698412 -22.79606510557002 75.72382848601907 292.528283369261 -999.0 6231.0 -999.0 -1 -999 {-999.0 -999.0 -999.0 -999.0 -999.0} "" -999.0 -999.0 -999.0 -999.0 -999 -999 "" "" "" "" 0 0 0.0 0.0 -999 ""
FIBERMAP 966 R-8C2 APOGEE 0 0 0 1 0 0 -174.32072261981787 -171.13494298124579 143.1 109.21360127191083 -218.50056852545282 312.30185 88.47131 -999.0 -999.0 -999.0 -999.0 -999.0 123.69495013667121 -23.035690149253472 123.6440640909816 -23.120766202517718 76.20473505011323 292.08203180098735 -999.0 16600.0 -999.0 2 -999 {-999.0 -999.0 -999.0 -999.0 -999.0} "" -999.0 -999.0 -999.0 -999.0 -999 -999 "" "" "" "" 0 0 0.0 0.0 -999 ""
FIBERMAP 966 R-8C2 BOSS 1 1 0 1 0 0 -174.84706679465094 -171.63329161114294 143.1 109.52587616513357 -219.15465713416012 312.30185 88.47131 123.69608777442976 -23.037702526553332 -40.353096 15.098524 2.2401023 123.69594037148191 -23.037646728982946 123.64510027850247 -23.122749521183042 76.20651257759975 292.0765924618929 5400.0 5400.0 2016.0 1 456 {-999.0 14.873938 14.0701275 13.844899 -999.0} sdss_psfmag_ps1 -999.0 16.890352 -999.0 11.914 63050395995113461 1096371983 bright_1x1 mwm_bin_vis_boss mwm_filler science 0 0 0.0 0.0 -999 ""
FIBERMAP 966 R-8C2 METROLOGY 0 0 0 1 0 0 -175.03306751800804 -170.90676988287848 143.1 108.77739510515788 -219.10816842499256 312.30185 88.47131 -999.0 -999.0 -999.0 -999.0 -999.0 123.69351709473557 -23.03756873289259 123.64266173513005 -23.122659293644624 76.20449376840958 292.0724789760037 -999.0 6231.0 -999.0 -1 -999 {-999.0 -999.0 -999.0 -999.0 -999.0} "" -999.0 -999.0 -999.0 -999.0 -999 -999 "" "" "" "" 0 0 0.0 0.0 -999 ""
FIBERMAP 968 R0C21 APOGEE 1 1 0 1 0 0 163.94569164326543 -17.94765220120197 143.1 67.5034842828636 150.47063386746075 335.49002 64.66599 123.55361938476562 -21.91872648930037 -999.0 -999.0 -999.0 123.55360215883951 -21.918758560629982 123.50546844058692 -22.003688727723787 75.53432230792937 295.78108652878245 16000.0 16600.0 2015.5 2 83 {-999.0 -999.0 -999.0 -999.0 -999.0} "" -999.0 -999.0 -999.0 -999.0 27021603171080557 836857404 "" ops_sky_apogee_best ops_sky sky_apogee 0 0 0.0 0.0 -999 ""
FIBERMAP 968 R0C21 BOSS 0 0 0 1 0 0 163.34410017646988 -18.410966281852858 143.1 67.75927984040314 149.7557249654755 335.49002 64.66599 -999.0 -999.0 -999.0 -999.0 -999.0 123.5544273882958 -21.92082975886431 123.50633952755987 -22.005790601752896 75.53611775359826 295.7756463826337 -999.0 5400.0 -999.0 1 254 {-999.0 -999.0 -999.0 -999.0 -999.0} "" -999.0 -999.0 -999.0 -999.0 -999 -999 "" "" "" "" 0 0 0.0 0.0 -999 ""
FIBERMAP 968 R0C21 METROLOGY 0 0 0 1 0 0 163.2418270190062 -17.6881821125979 143.1 67.04010804005935 149.88072915086838 335.49002 64.66599 -999.0 -999.0 -999.0 -999.0 -999.0 123.55209885254631 -21.9204473200376 123.50399654473262 -22.005394951770363 75.5340638585188 295.7724016473733 -999.0 6231.0 -999.0 -1 -999 {-999.0 -999.0 -999.0 -999.0 -999.0} "" -999.0 -999.0 -999.0 -999.0 -999 -999 "" "" "" "" 0 0 0.0 0.0 -999 ""
FIBERMAP 970 R-3C14 APOGEE 0 0 0 1 0 0 23.92029907574252 -46.06431362979977 143.1 51.18670061307703 8.591149782157391 144.80644 98.29558 -999.0 -999.0 -999.0 -999.0 -999.0 123.50211393872169 -22.349084484419052 123.45287481897827 -22.43384376205004 75.71488150552308 294.1962705045924 -999.0 16600.0 -999.0 2 231 {-999.0 -999.0 -999.0 -999.0 -999.0} "" -999.0 -999.0 -999.0 -999.0 -999 -999 "" ops_sky_apogee_best_unassigned ops_sky sky_apogee 0 0 0.0 0.0 -999 ""
FIBERMAP 970 R-3C14 BOSS 1 1 0 1 0 0 24.202587654818682 -45.394921637010896 143.1 50.63661445080243 9.065634212888883 144.80644 98.29558 123.50029393910164 -22.34764315082221 -7.3410444 8.781349 2.7775328 123.50028646576429 -22.347616091637654 123.45110119061127 -22.432399250524245 75.71273688589721 294.1979652041384 5400.0 5400.0 2016.0 1 340 {-999.0 15.289396 14.196351 13.763157 -999.0} sdss_psfmag_from_g3xp 14.894663 14.205143 13.399302 11.763 63050395995149501 1075944465 bright_1x1 mwm_erosita_stars_boss mwm_erosita science 0 0 0.0 0.0 -999 ""
FIBERMAP 970 R-3C14 METROLOGY 0 0 0 1 0 0 24.65773159047766 -45.978777688100216 143.1 51.33213547935804 9.319111128530777 144.80644 98.29558 -999.0 -999.0 -999.0 -999.0 -999.0 123.5025858781296 -22.346846121090145 123.45338915286015 -22.431626502408015 75.71417132274028 294.20499816030184 -999.0 6231.0 -999.0 -1 -999 {-999.0 -999.0 -999.0 -999.0 -999.0} "" -999.0 -999.0 -999.0 -999.0 -999 -999 "" "" "" "" 0 0 0.0 0.0 -999 ""
FIBERMAP 974 R+9C1 APOGEE 1 1 0 1 0 0 -190.4680976246791 182.57963824698908 143.1 -232.30527936062919 -125.06841621323099 24.337332 164.7044 122.57320661354963 -22.753728351533656 -3.4096818 1.1685224 0.6594991 122.57318314667435 -22.75373736494325 122.52248803468166 -22.836436814891794 75.15944693273102 291.1380280736515 16000.0 16600.0 2016.0 2 47 {-999.0 12.515077 11.81605 11.561433 -999.0} sdss_psfmag_from_g3xp 12.3275 11.85601 11.214222 9.924 63050395995331386 1105041356 bright_1x1 mwm_tess_rgb_apogee mwm_tessrgb science 0 0 0.0 0.0 -999 ""
FIBERMAP 974 R+9C1 BOSS 0 0 0 1 0 0 -189.7187242744537 182.7550655763305 143.1 -232.241701546039 -124.30144447872294 24.337332 164.7044 -999.0 -999.0 -999.0 -999.0 -999.0 122.57333195797999 -22.751397825409498 122.52269747373265 -22.834124391118394 75.15854103472174 291.14636863295306 -999.0 5400.0 -999.0 1 83 {-999.0 -999.0 -999.0 -999.0 -999.0} "" -999.0 -999.0 -999.0 -999.0 -999 -999 "" "" "" "" 0 0 0.0 0.0 -999 ""
FIBERMAP 974 R+9C1 METROLOGY 0 0 0 1 0 0 -189.95869601482656 182.0391590844354 143.1 -231.6343419060434 -124.74997229419088 24.337332 164.7044 -999.0 -999.0 -999.0 -999.0 -999.0 122.57528071353985 -22.752793867793734 122.52462807512114 -22.835516955071263 75.16076411167992 291.144792066185 -999.0 6231.0 -999.0 -1 -999 {-999.0 -999.0 -999.0 -999.0 -999.0} "" -999.0 -999.0 -999.0 -999.0 -999 -999 "" "" "" "" 0 0 0.0 0.0 -999 ""
FIBERMAP 976 R-8C8 APOGEE 0 0 0 1 0 0 -32.58530493920826 -147.156277629357 143.1 129.99357629312954 -76.26680117067474 45.459797 104.36288 -999.0 -999.0 -999.0 -999.0 -999.0 123.7617803088988 -22.605447213824604 123.71201594312305 -22.69072677732932 76.05074242235216 293.77704047869173 -999.0 16600.0 -999.0 2 -999 {-999.0 -999.0 -999.0 -999.0 -999.0} "" -999.0 -999.0 -999.0 -999.0 -999 -999 "" "" "" "" 0 0 0.0 0.0 -999 ""
FIBERMAP 976 R-8C8 BOSS 1 1 0 1 0 0 -31.939589100771244 -147.4644497867607 143.1 130.48540607703066 -75.74720369803626 45.459797 104.36288 123.76317685092118 -22.60386679759442 -2.759619 3.0832834 0.15629938 123.76339782995001 -22.603869399477485 123.71368828691016 -22.689179157436453 76.0513104682334 293.7857944895655 5400.0 5400.0 2016.0 1 382 {-999.0 12.566657 12.628922 12.717275 -999.0} sdss_psfmag_from_g3xp 12.390851 12.733953 12.252699 12.075 63050395995142232 1068636359 bright_1x1 mwm_ob_core_boss_single mwm_ob science 0 0 0.8561428785324097 0.0 -999 ""
FIBERMAP 976 R-8C8 METROLOGY 0 0 0 1 0 0 -32.572066672768905 -147.90415660693142 143.1 130.70923981146913 -76.48423894649055 45.459797 104.36288 -999.0 -999.0 -999.0 -999.0 -999.0 123.76417184259111 -22.606115240216578 123.7144428063113 -22.691418818931943 76.0530289059964 293.7791725826211 -999.0 6231.0 -999.0 -1 -999 {-999.0 -999.0 -999.0 -999.0 -999.0} "" -999.0 -999.0 -999.0 -999.0 -999 -999 "" "" "" "" 0 0 0.0 0.0 -999 ""
FIBERMAP 977 R+4C7 APOGEE 1 1 0 1 0 0 -96.99036746421861 81.44277035214756 143.1 -107.32358364748916 -67.23407943672174 32.568336 97.80953 122.98201909098603 -22.579996898353 -2.6920319 1.399584 0.5504418 122.98198266294851 -22.579987282007274 122.93191870801513 -22.66359507020003 75.40998078253706 292.44182471891986 16000.0 16600.0 2016.0 2 31 {-999.0 12.941233 12.098265 11.78008 -999.0} sdss_psfmag_from_g3xp 12.687094 12.129729 11.425833 9.963 63050395995364032 1107447619 bright_1x1 mwm_tess_rgb_apogee mwm_tessrgb science 0 0 0.0 0.0 -999 ""
FIBERMAP 977 R+4C7 BOSS 0 0 0 1 0 0 -96.48152457223942 80.89518268447735 143.1 -106.64605444578181 -66.91835357087815 32.568336 97.80953 -999.0 -999.0 -999.0 -999.0 -999.0 122.98409404562915 -22.57903844713711 122.93408645185502 -22.66267786049445 75.41129023078483 292.44884619069313 -999.0 5400.0 -999.0 1 52 {-999.0 -999.0 -999.0 -999.0 -999.0} "" -999.0 -999.0 -999.0 -999.0 -999 -999 "" "" "" "" 0 0 0.0 0.0 -999 ""
FIBERMAP 977 R+4C7 METROLOGY 0 0 0 1 0 0 -97.20082267171921 80.71522402221257 143.1 -106.69607019910272 -67.65810306857901 32.568336 97.80953 -999.0 -999.0 -999.0 -999.0 -999.0 122.98393502208765 -22.58129655069075 122.93390659662248 -22.664927663339085 75.4122304838909 292.4407045947372 -999.0 6231.0 -999.0 -1 -999 {-999.0 -999.0 -999.0 -999.0 -999.0} "" -999.0 -999.0 -999.0 -999.0 -999 -999 "" "" "" "" 0 0 0.0 0.0 -999 ""
FIBERMAP 978 R-1C23 APOGEE 0 0 0 1 0 0 221.9108450633919 -11.265608985364409 143.1 78.97466302614822 207.67857394178174 35.368412 125.07697 -999.0 -999.0 -999.0 -999.0 -999.0 123.59000951695566 -21.74599020358267 123.54232451494562 -21.831022676402196 75.47131689308394 296.43764373413387 -999.0 16600.0 -999.0 2 -999 {-999.0 -999.0 -999.0 -999.0 -999.0} "" -999.0 -999.0 -999.0 -999.0 -999 -999 "" "" "" "" 0 0 0.0 0.0 -999 ""
FIBERMAP 978 R-1C23 BOSS 1 1 0 1 0 0 222.59793849847452 -11.53239239746821 143.1 79.43983924080155 208.25027176934034 35.368412 125.07697 123.59153442948109 -21.744170340750905 -2.1691976 0.83176 0.37991083 123.5914790897816 -21.744196265690157 123.54384972286118 -21.829261995108578 75.47156537938096 296.4465953605785 5400.0 5400.0 2016.0 1 288 {-999.0 16.731998 16.586994 16.279823 -999.0} sdss_psfmag_ps1 16.66704 16.354294 15.881674 15.014 63050395995519344 979858775 "" ops_std_boss ops_std standard_boss 0 0 0.0 0.0 -999 ""
FIBERMAP 978 R-1C23 METROLOGY 0 0 0 1 0 0 222.0433982501625 -12.001766488534116 143.1 79.7158728583937 207.57826720015095 35.368412 125.07697 -999.0 -999.0 -999.0 -999.0 -999.0 123.59241907000009 -21.746194868822897 123.54477081654676 -21.831253865507975 75.4733565626333 296.4417286915763 -999.0 6231.0 -999.0 -1 -999 {-999.0 -999.0 -999.0 -999.0 -999.0} "" -999.0 -999.0 -999.0 -999.0 -999 -999 "" "" "" "" 0 0 0.0 0.0 -999 ""
FIBERMAP 980 R+4C20 APOGEE 0 0 0 1 0 0 188.84122127482686 93.98348478924697 143.1 -31.339317821553674 208.58616920397043 101.99729 66.98329 -999.0 -999.0 -999.0 -999.0 -999.0 123.23034332193359 -21.744004076068265 123.18250364619905 -21.828264550683745 75.18724964359922 295.7437313965041 -999.0 16600.0 -999.0 2 -999 {-999.0 -999.0 -999.0 -999.0 -999.0} "" -999.0 -999.0 -999.0 -999.0 -999 -999 "" "" "" "" 0 0 0.0 0.0 -999 ""
FIBERMAP 980 R+4C20 BOSS 1 1 0 1 0 0 189.59097184437135 93.85334311373998 143.1 -30.98488127311122 209.25951249031772 101.99729 66.98329 123.23145246864769 -21.74185218185625 0.37649277 -8.67606 1.8399572 123.23143730903445 -21.741893968786705 123.18365524302624 -21.82618711025568 75.18705729195004 295.7528388451618 5400.0 5400.0 2016.0 1 213 {-999.0 16.874573 15.652652 15.043739 -999.0} sdss_psfmag_ps1 16.342222 15.499834 14.585169 12.768 63050395995403196 1095285252 bright_1x1 mwm_bin_vis_boss mwm_filler science 0 0 0.0 0.0 -999 ""
FIBERMAP 980 R+4C20 METROLOGY 0 0 0 1 0 0 189.09074025726463 93.27833339117751 143.1 -30.591633157452797 208.60668994719023 101.99729 66.98329 -999.0 -999.0 -999.0 -999.0 -999.0 123.23273123908301 -21.7438355905981 123.18493017974805 -21.828122730579626 75.18908590523588 295.7488648928555 -999.0 6231.0 -999.0 -1 -999 {-999.0 -999.0 -999.0 -999.0 -999.0} "" -999.0 -999.0 -999.0 -999.0 -999 -999 "" "" "" "" 0 0 0.0 0.0 -999 ""
FIBERMAP 981 R-9C12 APOGEE 1 1 0 1 0 0 62.48800825050449 -185.87256262831647 143.1 196.07412566098643 2.285115332007151 299.26727 118.924 123.97661941493878 -22.366055099252268 -1.2897198 -0.5438784 1.0901003 123.97656341977708 -22.36604594335628 123.9275030467623 -22.451818089646807 76.10136704075056 295.05191069588443 16000.0 16600.0 2016.0 2 168 {-999.0 10.838611 10.965193 11.101967 -999.0} sdss_psfmag_from_g3xp 10.945044 10.891731 10.777884 10.594 63050395995145937 996674825 bright_1x1 mwm_bin_gaia_sb_apogee mwm_bin science 0 0 0.0 0.0 -999 ""
FIBERMAP 981 R-9C12 BOSS 0 0 0 1 0 0 62.13500355613783 -186.51690659608414 143.1 196.57862816874965 1.7510502608306928 299.26727 118.924 -999.0 -999.0 -999.0 -999.0 -999.0 123.97823264763615 -22.36762604819018 123.92921830865333 -22.453428857714435 76.1035554207927 295.04956086340155 -999.0 5400.0 -999.0 1 401 {-999.0 -999.0 -999.0 -999.0 -999.0} "" -999.0 -999.0 -999.0 -999.0 -999 -999 "" "" "" "" 0 0 0.0 0.0 -999 ""
FIBERMAP 981 R-9C12 METROLOGY 0 0 0 1 0 0 61.74713828641808 -185.86214752948104 143.1 195.8363380307284 1.583396084728304 299.26727 118.924 -999.0 -999.0 -999.0 -999.0 -999.0 123.9758587637812 -22.36815607267819 123.92682803641645 -22.453945997567235 76.10192800162768 295.04297921895375 -999.0 6231.0 -999.0 -1 -999 {-999.0 -999.0 -999.0 -999.0 -999.0} "" -999.0 -999.0 -999.0 -999.0 -999 -999 "" "" "" "" 0 0 0.0 0.0 -999 ""
FIBERMAP 982 R+12C10 APOGEE 0 0 0 1 0 0 59.24910335131347 241.6795158621411 143.1 -211.72922921585217 130.71046122807064 58.31073 85.55721 -999.0 -999.0 -999.0 -999.0 -999.0 122.64224842784073 -21.98012903690409 122.59355520708039 -22.06308711621258 74.84120699820275 293.873552799868 -999.0 16600.0 -999.0 2 -999 {-999.0 -999.0 -999.0 -999.0 -999.0} "" -999.0 -999.0 -999.0 -999.0 -999 -999 "" "" "" "" 0 0 0.0 0.0 -999 ""
FIBERMAP 982 R+12C10 BOSS 1 1 0 1 0 0 59.89071608586275 241.21808605486098 143.1 -211.0928399263998 131.1790154668761 58.31073 85.55721 122.64428149972683 -21.978677649559355 -7.577877 4.3759594 -1.6816163 122.64425078522444 -21.978672770532587 122.59561621327583 -22.061664761081207 74.84213603652131 293.8819387243101 5400.0 5400.0 2016.0 1 160 {-999.0 14.894641 14.744769 14.541078 -999.0} sdss_psfmag_from_g3xp 14.858348 14.891299 14.19133 13.536 63050395995394923 1093755445 bright_1x1 mwm_astar_core_boss_single mwm_ob science 0 0 0.0 0.0 -999 ""
FIBERMAP 982 R+12C10 METROLOGY 0 0 0 1 0 0 59.19466465185424 240.93350336573283 143.1 -211.03615779734744 130.4292042873815 58.31073 85.55721 -999.0 -999.0 -999.0 -999.0 -999.0 122.6443968741892 -21.980922179738936 122.59574134087359 -22.063905839855128 74.84336899734615 293.87476763733036 -999.0 6231.0 -999.0 -1 -999 {-999.0 -999.0 -999.0 -999.0 -999.0} "" -999.0 -999.0 -999.0 -999.0 -999 -999 "" "" "" "" 0 0 0.0 0.0 -999 ""
FIBERMAP 987 R-13C12 APOGEE 1 1 0 1 0 0 94.93888208326717 -261.03423529597086 143.1 277.5702197702886 10.043125351396865 213.02393 137.7065 124.24129735908961 -22.340805609079368 -3.682943 2.2934425 0.21119392 124.24129717362683 -22.340778478737956 124.19242529565423 -22.427118371135936 76.29789710714506 295.6729368681979 16000.0 16600.0 2016.0 2 160 {-999.0 11.679252 10.441307 9.939628 -999.0} sdss_psfmag_from_g3xp 11.21067 10.427452 9.564177 7.634 63050395995239292 996654165 bright_1x1 mwm_bin_gaia_sb_apogee mwm_bin science 0 0 0.0 0.0 -999 ""
FIBERMAP 987 R-13C12 BOSS 0 0 0 1 0 0 94.19016197561862 -260.9413026489902 143.1 277.2515038085132 9.359317720823555 213.02393 137.7065 -999.0 -999.0 -999.0 -999.0 -999.0 124.24021838680491 -22.342826712246932 124.19138910810216 -22.429191333350754 76.29816335724998 295.66336219132563 -999.0 5400.0 -999.0 1 350 {-999.0 -999.0 -999.0 -999.0 -999.0} "" -999.0 -999.0 -999.0 -999.0 -999 -999 "" "" "" "" 0 0 0.0 0.0 -999 ""
FIBERMAP 987 R-13C12 METROLOGY 0 0 0 1 0 0 94.64376656406353 -260.3461222917721 143.1 276.8247221422967 9.97397973430057 213.02393 137.7065 -999.0 -999.0 -999.0 -999.0 -999.0 124.23889186943187 -22.34098417082534 124.1900529033054 -22.427338492864745 76.29614224902214 295.6673080208561 -999.0 6231.0 -999.0 -1 -999 {-999.0 -999.0 -999.0 -999.0 -999.0} "" -999.0 -999.0 -999.0 -999.0 -999 -999 "" "" "" "" 0 0 0.0 0.0 -999 ""
FIBERMAP 992 R-2C20 APOGEE 0 0 0 1 0 0 156.2667552735574 -48.81225499286394 143.1 94.50862904087451 133.67090171801945 237.51479 142.93605 -999.0 -999.0 -999.0 -999.0 -999.0 123.64210921833356 -21.969353534847198 123.5938887875588 -22.054466263039668 75.63074129413734 295.7815549810376 -999.0 16600.0 -999.0 2 -999 {-999.0 -999.0 -999.0 -999.0 -999.0} "" -999.0 -999.0 -999.0 -999.0 -999 -999 "" "" "" "" 0 0 0.0 0.0 -999 ""
FIBERMAP 992 R-2C20 BOSS 1 1 0 1 0 0 155.5629415267744 -49.06199041178972 143.1 94.5297671557746 132.92442323012312 237.51479 142.93605 123.64221830689998 -21.97151213935017 -2.0088973 5.5894575 -1.014202 123.64218273072315 -21.971529660777506 123.59400724355527 -22.0566712084969 75.63199738759178 295.774239093551 5400.0 5400.0 2016.0 1 304 {-999.0 15.322577 14.9373455 14.74341 -999.0} sdss_psfmag_from_g3xp 15.251778 14.9754 14.407651 13.517 63050395995379925 1093865273 bright_1x1 mwm_astar_core_boss_single mwm_ob science 0 0 0.0 0.0 -999 ""
FIBERMAP 992 R-2C20 METROLOGY 0 0 0 1 0 0 155.69289357141378 -48.332483210024535 143.1 93.87562669619375 133.27245286375762 237.51479 142.93605 -999.0 -999.0 -999.0 -999.0 -999.0 123.64006567511474 -21.970474201816792 123.59187760419331 -22.055603157448115 75.62975712298687 295.77370188976715 -999.0 6231.0 -999.0 -1 -999 {-999.0 -999.0 -999.0 -999.0 -999.0} "" -999.0 -999.0 -999.0 -999.0 -999 -999 "" "" "" "" 0 0 0.0 0.0 -999 ""
FIBERMAP 998 R+3C8 APOGEE 0 0 0 1 0 0 -112.49930069472258 65.00082993042957 143.1 -96.4496714714469 -87.0477509902596 154.35815 112.79016 -999.0 -999.0 -999.0 -999.0 -999.0 123.01774419328162 -22.6400868947338 122.96754373583758 -22.72376335695515 75.46775024839215 292.2949709726482 -999.0 16600.0 -999.0 2 -999 {-999.0 -999.0 -999.0 -999.0 -999.0} "" -999.0 -999.0 -999.0 -999.0 -999 -999 "" "" "" "" 0 0 0.0 0.0 -999 ""
FIBERMAP 998 R+3C8 BOSS 1 1 0 1 0 0 -112.46860483551619 65.76034707728772 143.1 -97.16289514863197 -86.78493110005246 154.35815 112.79016 123.01528930664061 -22.639294414695854 -999.0 -999.0 -999.0 123.01529649846448 -22.639304666518964 122.96514977771227 -22.723002654073504 75.46544803238446 292.29340536959126 5400.0 5400.0 2015.5 1 53 {-999.0 -999.0 -999.0 -999.0 -999.0} "" -999.0 -999.0 -999.0 -999.0 27021603171079805 814746175 "" ops_sky_boss_good ops_sky sky_boss 0 0 0.0 0.0 -999 ""
FIBERMAP 998 R+3C8 METROLOGY 0 0 0 1 0 0 -111.838268786738 65.35087997459807 143.1 -96.57941581790722 -86.31112363372473 154.35815 112.79016 -999.0 -999.0 -999.0 -999.0 -999.0 123.01721459804945 -22.637886414207248 122.967057384459 -22.721581176588064 75.46630891688764 292.30174056059934 -999.0 6231.0 -999.0 -1 -999 {-999.0 -999.0 -999.0 -999.0 -999.0} "" -999.0 -999.0 -999.0 -999.0 -999 -999 "" "" "" "" 0 0 0.0 0.0 -999 ""
FIBERMAP 1001 R+8C12 APOGEE 0 0 0 1 0 0 38.35703077877504 163.85585063365673 143.1 -144.107605238777 86.89496046706144 104.32532 135.85538 -999.0 -999.0 -999.0 -999.0 -999.0 122.86185876403628 -22.112496586517587 122.8129271532992 -22.19591089786901 75.08367200365123 293.8266767423737 -999.0 16600.0 -999.0 2 -999 {-999.0 -999.0 -999.0 -999.0 -999.0} "" -999.0 -999.0 -999.0 -999.0 -999 -999 "" "" "" "" 0 0 0.0 0.0 -999 ""
FIBERMAP 1001 R+8C12 BOSS 1 1 0 1 0 0 38.685371639079804 164.48863869740146 143.1 -144.60869867674603 87.40200401856828 104.32532 135.85538 122.86013021067801 -22.11092293199278 -1.6551381 2.9680483 0.14289674 122.86011361448284 -22.110899565499693 122.81123858314038 -22.19433910408749 75.08152975555066 293.8288936593385 5400.0 5400.0 2016.0 1 145 {-999.0 17.985678 17.596327 17.486101 -999.0} sdss_psfmag_ps1 17.90525 17.61088 17.126104 16.68 63050395995390912 979857785 "" ops_std_boss ops_std standard_boss 0 0 0.0 0.0 -999 ""
FIBERMAP 1001 R+8C12 METROLOGY 0 0 0 1 0 0 39.104424162338375 163.88587307529377 143.1 -143.9062866248355 87.61532445388659 104.32532 135.85538 -999.0 -999.0 -999.0 -999.0 -999.0 122.86240428845284 -22.1102490479591 122.81351680829749 -22.193685473229984 75.08302297721264 293.8352138954219 -999.0 6231.0 -999.0 -1 -999 {-999.0 -999.0 -999.0 -999.0 -999.0} "" -999.0 -999.0 -999.0 -999.0 -999 -999 "" "" "" "" 0 0 0.0 0.0 -999 ""
FIBERMAP 1002 R+12C5 APOGEE 0 0 0 1 0 0 -52.15215935503006 242.67147851891778 143.1 -246.93802606157828 25.019529408028706 68.39059 76.857025 -999.0 -999.0 -999.0 -999.0 -999.0 122.52631297207111 -22.29964479848231 122.47675694855889 -22.382306708364805 74.90586852448307 292.60595714362 -999.0 16600.0 -999.0 2 -999 {-999.0 -999.0 -999.0 -999.0 -999.0} "" -999.0 -999.0 -999.0 -999.0 -999 -999 "" "" "" "" 0 0 0.0 0.0 -999 ""
FIBERMAP 1002 R+12C5 BOSS 1 1 0 1 0 0 -51.55243445982401 242.25934873373274 143.1 -246.3614286661979 25.4633919910221 68.39059 76.857025 122.52792161125514 -22.298340087909114 -2.0456734 5.454381 0.8376605 122.5281145131824 -22.298275600295145 122.47861738285451 -22.380969814509182 74.90671848160011 292.6136609137507 5400.0 5400.0 2016.0 1 164 {-999.0 13.571465 13.343967 13.273889 -999.0} sdss_psfmag_from_g3xp 13.562954 13.343677 12.946915 12.226 63050395995356381 1075944458 bright_1x1 mwm_erosita_stars_boss mwm_erosita science 0 0 0.6027788519859314 0.0 -999 ""
FIBERMAP 1002 R+12C5 METROLOGY 0 0 0 1 0 0 -52.2123774265275 241.92591027880744 143.1 -246.24715497169313 24.732910157114144 68.39059 76.857025 -999.0 -999.0 -999.0 -999.0 -999.0 122.52844584934016 -22.30049016552534 122.47892774940743 -22.38317678613455 74.90804524455606 292.6067984988507 -999.0 6231.0 -999.0 -1 -999 {-999.0 -999.0 -999.0 -999.0 -999.0} "" -999.0 -999.0 -999.0 -999.0 -999 -999 "" "" "" "" 0 0 0.0 0.0 -999 ""
FIBERMAP 1003 R-2C13 APOGEE 0 0 0 1 0 0 20.812912199098424 -31.527709455728132 143.1 36.399642052822905 10.10572434513305 98.34351 12.673125 -999.0 -999.0 -999.0 -999.0 -999.0 123.45356013664397 -22.344630467337204 123.40430982787706 -22.429286178650102 75.67383084790758 294.1204751516791 -999.0 16600.0 -999.0 2 -999 {-999.0 -999.0 -999.0 -999.0 -999.0} "" -999.0 -999.0 -999.0 -999.0 -999 -999 "" "" "" "" 0 0 0.0 0.0 -999 ""
FIBERMAP 1003 R-2C13 BOSS 1 1 0 1 0 0 21.0916272147299 -32.23338268235268 143.1 37.15680338510878 10.153864016759178 98.34351 12.673125 123.45606392894348 -22.344377264915355 0.97154546 -4.743444 1.5766475 123.45601967366737 -22.34444310159696 123.40682212247424 -22.42913174468469 75.67575804217154 294.12574879407407 5400.0 5400.0 2016.0 1 420 {-999.0 20.297924 18.795055 17.702812 -999.0} sdss_psfmag_ps1 19.580967 18.415457 17.131575 14.747 63050395995149625 1096649478 bright_1x1 mwm_bin_vis_boss mwm_filler science 0 0 0.0 0.0 -999 ""
FIBERMAP 1003 R-2C13 METROLOGY 0 0 0 1 0 0 20.361631392442717 -32.12423594327104 143.1 36.8284192869569 9.492859318130893 98.34351 12.673125 -999.0 -999.0 -999.0 -999.0 -999.0 123.45496619189451 -22.34646084030481 123.4057485707221 -22.431139104364437 75.67591378960205 294.1167198830706 -999.0 6231.0 -999.0 -1 -999 {-999.0 -999.0 -999.0 -999.0 -999.0} "" -999.0 -999.0 -999.0 -999.0 -999 -999 "" "" "" "" 0 0 0.0 0.0 -999 ""
FIBERMAP 1005 R+8C16 APOGEE 0 0 0 1 0 0 156.0275600395712 159.46410856092706 143.1 -103.73567701664416 197.5052630500164 85.075005 21.60628 -999.0 -999.0 -999.0 -999.0 -999.0 122.99437064057265 -21.777943312729317 122.94634201661722 -21.861690718205505 75.01836686249932 295.18480942222607 -999.0 16600.0 -999.0 2 -999 {-999.0 -999.0 -999.0 -999.0 -999.0} "" -999.0 -999.0 -999.0 -999.0 -999 -999 "" "" "" "" 0 0 0.0 0.0 -999 ""
FIBERMAP 1005 R+8C16 BOSS 1 1 0 1 0 0 156.26954200204858 158.75721800295622 143.1 -102.98865582488762 197.51807753830388 85.075005 21.60628 122.99674391671327 -21.7778101505738 -4.207649 3.0494914 0.4052716 122.99672994930326 -21.777832136623008 122.94875535430884 -21.861614627334923 75.02023687916275 295.18958747180693 5400.0 5400.0 2016.0 1 210 {-999.0 17.017004 16.650509 16.4678 -999.0} sdss_psfmag_ps1 16.891943 16.5955 16.145079 15.179 63050395995402368 979857925 "" ops_std_boss ops_std standard_boss 0 0 0.0 0.0 -999 ""
FIBERMAP 1005 R+8C16 METROLOGY 0 0 0 1 0 0 155.52161980757333 158.91317961955437 143.1 -103.36709714909935 196.8544156492575 85.075005 21.60628 -999.0 -999.0 -999.0 -999.0 -999.0 122.99548997925955 -21.779813125831705 122.94749492006065 -21.86358416213937 75.02026838489722 295.18072590358406 -999.0 6231.0 -999.0 -1 -999 {-999.0 -999.0 -999.0 -999.0 -999.0} "" -999.0 -999.0 -999.0 -999.0 -999 -999 "" "" "" "" 0 0 0.0 0.0 -999 ""
FIBERMAP 1007 R+12C9 APOGEE 0 0 0 1 0 0 16.00239370593627 246.62709871299265 143.1 -229.73864057866444 91.08387928997607 131.02724 99.987 -999.0 -999.0 -999.0 -999.0 -999.0 122.58310892715248 -22.0998839935906 122.53408605447703 -22.182697131468966 74.85360176815051 293.3719925781319 -999.0 16600.0 -999.0 2 -999 {-999.0 -999.0 -999.0 -999.0 -999.0} "" -999.0 -999.0 -999.0 -999.0 -999 -999 "" "" "" "" 0 0 0.0 0.0 -999 ""
FIBERMAP 1007 R+12C9 BOSS 1 1 0 1 0 0 16.489981871599262 247.2296706107728 143.1 -230.16200242700592 91.73314948859165 131.02724 99.987 122.58166306807638 -22.097892873874294 -1.4786471 -2.0192025 -1.6938843 122.58167133103846 -22.097884853208203 122.53270725244636 -22.180724103961744 74.8515113755671 293.37610225891444 5400.0 5400.0 2016.0 1 161 {-999.0 14.568029 14.321671 14.257309 -999.0} sdss_psfmag_gaia 13.870989 14.323676 13.249462 12.651 63050395995393774 1093562467 bright_1x1 mwm_astar_core_boss_single mwm_ob science 0 0 0.0 0.0 -999 ""
FIBERMAP 1007 R+12C9 METROLOGY 0 0 0 1 0 0 16.7423888287995 246.51798668370742 143.1 -229.407213906577 91.75440879630895 131.02724 99.987 -999.0 -999.0 -999.0 -999.0 -999.0 122.58409337899523 -22.097812836914294 122.53511513892875 -22.18064914105794 74.85340679482833 293.3806053106814 -999.0 6231.0 -999.0 -1 -999 {-999.0 -999.0 -999.0 -999.0 -999.0} "" -999.0 -999.0 -999.0 -999.0 -999 -999 "" "" "" "" 0 0 0.0 0.0 -999 ""
FIBERMAP 1008 R0C26 APOGEE 1 1 0 1 0 0 288.916123194116 -1.7041821156156458 143.1 90.48674152166416 274.3736543221939 46.608982 54.628807 123.62607021068206 -21.54557310891149 -1.9022006 0.37228703 0.18396255 123.62603300571644 -21.545560073267186 123.57886415137693 -21.630697874974512 75.39120407891915 297.17995181909777 16000.0 16600.0 2016.0 2 106 {-999.0 14.348805 13.295566 12.869842 -999.0} sdss_psfmag_from_g3xp 13.985103 13.299065 12.50037 10.705 63050395995523189 1156066701 bright_1x1 mwm_galactic_core_dist_apogee_extra mwm_galactic science 0 0 0.0 0.0 -999 ""
FIBERMAP 1008 R0C26 BOSS 0 0 0 1 0 0 289.0997496946928 -2.4218871511079603 143.1 91.22610341041552 274.32761843957536 46.608982 54.628807 -999.0 -999.0 -999.0 -999.0 -999.0 123.62837217128074 -21.545696770529645 123.58125432136922 -21.63087016105859 75.39315772453199 297.1842031079397 -999.0 5400.0 -999.0 1 180 {-999.0 -999.0 -999.0 -999.0 -999.0} "" -999.0 -999.0 -999.0 -999.0 -999 -999 "" "" "" "" 0 0 0.0 0.0 -999 ""
FIBERMAP 1008 R0C26 METROLOGY 0 0 0 1 0 0 288.3709622434162 -2.197258404675576 143.1 90.78821219791226 273.7032836074003 46.608982 54.628807 -999.0 -999.0 -999.0 -999.0 -999.0 123.62699993160508 -21.547519442215037 123.57986268028662 -21.632680961814046 75.39306639966156 297.17538602484615 -999.0 6231.0 -999.0 -1 -999 {-999.0 -999.0 -999.0 -999.0 -999.0} "" -999.0 -999.0 -999.0 -999.0 -999 -999 "" "" "" "" 0 0 0.0 0.0 -999 ""
FIBERMAP 1015 R+8C1 APOGEE 1 0 0 1 0 0 -192.43309236065596 167.27088814749027 143.1 -218.34371022828873 -131.6467567442948 68.349205 100.73137 122.6652376408502 -22.796518798260173 -7.0108805 4.830569 0.55796415 122.61872547644752 -22.773850807822434 122.56799968689438 -22.856646075211426 75.20597433911824 291.14442561774115 16000.0 16600.0 2016.0 2 48 {-999.0 12.458604 11.664603 11.365804 -999.0} sdss_psfmag_from_g3xp 12.226502 11.697608 11.012825 9.59 63050395995327308 1103894564 bright_1x1 mwm_tess_rgb_apogee mwm_tessrgb science 0 0 0.0 0.0 -999 ""
FIBERMAP 1015 R+8C1 BOSS 0 0 0 1 0 0 -191.6766868480869 167.15419592457857 143.1 -218.0000236239241 -130.96294461224352 68.349205 100.73137 -999.0 -999.0 -999.0 -999.0 -999.0 122.6197783003924 -22.771772693867312 122.56911271401185 -22.85459689958634 75.20592831988547 291.1533980017743 -999.0 5400.0 -999.0 1 84 {-999.0 -999.0 -999.0 -999.0 -999.0} "" -999.0 -999.0 -999.0 -999.0 -999 -999 "" "" "" "" 0 0 0.0 0.0 -999 ""
FIBERMAP 1015 R+8C1 METROLOGY 0 0 0 1 0 0 -192.15489893155478 166.58088678918145 143.1 -217.60162079107957 -131.59429297532432 68.349205 100.73137 -999.0 -999.0 -999.0 -999.0 -999.0 122.62105336133861 -22.77371671656439 122.57036796102767 -22.856535932143778 75.20785463486358 291.14878532891055 -999.0 6231.0 -999.0 -1 -999 {-999.0 -999.0 -999.0 -999.0 -999.0} "" -999.0 -999.0 -999.0 -999.0 -999 -999 "" "" "" "" 0 0 0.0 0.0 -999 ""
FIBERMAP 1020 R-3C9 APOGEE 1 1 0 1 0 0 -82.52055035409863 -50.04375005237223 143.1 22.233820346132745 -93.90915970401372 74.77711 150.71913 123.40795662065491 -22.660508120706872 -0.9881597 0.7431084 0.14456804 123.40798209867515 -22.66048546427516 123.35791156829993 -22.744998903368966 75.79316018831992 292.92167636932123 16000.0 16600.0 2016.0 2 291 {-999.0 14.4016695 13.394473 12.990863 -999.0} sdss_psfmag_from_g3xp 14.063214 13.404669 12.625101 10.892 63050395995139142 1156066568 bright_1x1 mwm_galactic_core_dist_apogee_extra mwm_galactic science 0 0 0.0 0.0 -999 ""
FIBERMAP 1020 R-3C9 BOSS 0 0 0 1 0 0 -81.91875584859153 -49.57254448361701 143.1 21.97057864872469 -93.19163033927681 74.77711 150.71913 -999.0 -999.0 -999.0 -999.0 -999.0 123.40707240084653 -22.65833867309096 123.3570583043637 -22.742876914201688 75.79143924998141 292.9276650402369 -999.0 5400.0 -999.0 1 478 {-999.0 -999.0 -999.0 -999.0 -999.0} "" -999.0 -999.0 -999.0 -999.0 -999 -999 "" "" "" "" 0 0 0.0 0.0 -999 ""
FIBERMAP 1020 R-3C9 METROLOGY 0 0 0 1 0 0 -81.83510774858175 -50.332292902098324 143.1 22.719192459599082 -93.34572540717275 74.77711 150.71913 -999.0 -999.0 -999.0 -999.0 -999.0 123.40955326571913 -22.65881525251211 123.35952454771513 -22.74335125584423 75.79365663620406 292.93049225508787 -999.0 6231.0 -999.0 -1 -999 {-999.0 -999.0 -999.0 -999.0 -999.0} "" -999.0 -999.0 -999.0 -999.0 -999 -999 "" "" "" "" 0 0 0.0 0.0 -999 ""
FIBERMAP 1021 R+4C5 APOGEE 1 1 0 1 0 0 -172.0951614158226 90.41295937396734 143.1 -138.95937966975222 -135.93570306558874 188.9557 56.326992 122.8784678821383 -22.787864799522932 -2.6128285 2.0742962 0.18223971 122.87845205894558 -22.78786718799257 122.8278101869073 -22.87122220925941 75.4244127621875 291.53510941660727 16000.0 16600.0 2016.0 2 25 {-999.0 13.204027 11.663787 10.679516 -999.0} sdss_psfmag_from_g3xp 12.556811 11.341137 10.2538805 7.728 63050395995328012 1156066575 bright_1x1 mwm_galactic_core_dist_apogee_extra mwm_galactic science 0 0 0.0 0.0 -999 ""
FIBERMAP 1021 R+4C5 BOSS 0 0 0 1 0 0 -171.82011214017996 91.08554092733372 143.1 -139.51472730981612 -135.46712563544875 188.9557 56.326992 -999.0 -999.0 -999.0 -999.0 -999.0 122.87653031136118 -22.78645946579975 122.82594458300582 -22.869836730397438 75.42224448850799 291.53676157816676 -999.0 5400.0 -999.0 1 42 {-999.0 -999.0 -999.0 -999.0 -999.0} "" -999.0 -999.0 -999.0 -999.0 -999 -999 "" "" "" "" 0 0 0.0 0.0 -999 ""
FIBERMAP 1021 R+4C5 METROLOGY 0 0 0 1 0 0 -171.35165735519732 90.50938487474872 143.1 -138.8224385029608 -135.19861533986597 188.9557 56.326992 -999.0 -999.0 -999.0 -999.0 -999.0 122.87879351352714 -22.785679920157207 122.8281956764389 -22.869054760611697 75.42370823352954 291.5433756135 -999.0 6231.0 -999.0 -1 -999 {-999.0 -999.0 -999.0 -999.0 -999.0} "" -999.0 -999.0 -999.0 -999.0 -999 -999 "" "" "" "" 0 0 0.0 0.0 -999 ""
FIBERMAP 1022 R-11C3 APOGEE 1 1 0 1 0 0 -134.91692190976573 -201.47229737269103 143.1 150.1988575102642 -190.3398598032556 160.05666 88.51791 123.82926221790339 -22.949865031175655 -1.0594312 -0.14586647 -0.75756013 123.82922537018165 -22.949855534951066 123.77862229917775 -23.035230950026758 76.27277822140617 292.6462045003249 16000.0 16600.0 2016.0 2 152 {-999.0 13.633961 12.980892 12.690998 -999.0} sdss_psfmag_from_g3xp 13.459583 13.020593 12.340279 10.996 63050395995111867 1152662758 bright_1x1 mwm_galactic_core_dist_apogee_sparse mwm_galactic science 0 0 0.0 0.0 -999 ""
FIBERMAP 1022 R-11C3 BOSS 0 0 0 1 0 0 -134.65780019596954 -200.7777341503804 143.1 149.61769573526567 -189.87967597092717 160.05666 88.51791 -999.0 -999.0 -999.0 -999.0 -999.0 123.82728456855652 -22.94847971422303 123.77673397243876 -23.033876351215778 76.2706033118253 292.6476915797106 -999.0 5400.0 -999.0 1 433 {-999.0 -999.0 -999.0 -999.0 -999.0} "" -999.0 -999.0 -999.0 -999.0 -999 -999 "" "" "" "" 0 0 0.0 0.0 -999 ""
FIBERMAP 1022 R-11C3 METROLOGY 0 0 0 1 0 0 -134.179336920568 -201.34734328387185 143.1 150.30683370766715 -189.59962908876108 160.05666 88.51791 -999.0 -999.0 -999.0 -999.0 -999.0 123.82958315207361 -22.94765584862128 123.77902160293974 -23.033050382198645 76.27205254826144 292.655006866497 -999.0 6231.0 -999.0 -1 -999 {-999.0 -999.0 -999.0 -999.0 -999.0} "" -999.0 -999.0 -999.0 -999.0 -999 -999 "" "" "" "" 0 0 0.0 0.0 -999 ""
FIBERMAP 1024 R+6C15 APOGEE 1 1 0 1 0 0 107.39024977422912 103.81021729212537 143.1 -65.74206422693712 134.10974330572992 35.84762 26.981508 123.11809629232272 -21.96916516429679 2.409104 -3.8518898 0.67184675 123.11809992580623 -21.96919227368491 123.06964429423982 -22.053179455448745 75.21552233434194 294.7787787404276 16000.0 16600.0 2016.0 2 113 {-999.0 12.677969 11.759289 11.433335 -999.0} sdss_psfmag_from_g3xp 12.386193 11.800986 11.075807 9.556 63050395995383584 1105258224 bright_1x1 mwm_tess_rgb_apogee mwm_tessrgb science 0 0 0.0 0.0 -999 ""
FIBERMAP 1024 R+6C15 BOSS 0 0 0 1 0 0 107.01138774572303 103.15553190540771 143.1 -65.23567530579712 133.54789467688394 35.84762 26.981508 -999.0 -999.0 -999.0 -999.0 -999.0 123.11967138289242 -21.970801459820898 123.07126470269134 -22.054820992258055 75.21765573878628 294.77630396890976 -999.0 5400.0 -999.0 1 196 {-999.0 -999.0 -999.0 -999.0 -999.0} "" -999.0 -999.0 -999.0 -999.0 -999 -999 "" "" "" "" 0 0 0.0 0.0 -999 ""
FIBERMAP 1024 R+6C15 METROLOGY 0 0 0 1 0 0 106.61231577723795 103.78700703167763 143.1 -65.95925821993434 133.36241584561745 35.84762 26.981508 -999.0 -999.0 -999.0 -999.0 -999.0 123.11731245006901 -21.971360306659797 123.06888849458369 -22.055366405782326 75.21605034074328 294.7700206935082 -999.0 6231.0 -999.0 -1 -999 {-999.0 -999.0 -999.0 -999.0 -999.0} "" -999.0 -999.0 -999.0 -999.0 -999 -999 "" "" "" "" 0 0 0.0 0.0 -999 ""
FIBERMAP 1027 R+8C18 APOGEE 0 0 0 1 0 0 197.7551004462683 148.51219469715974 143.1 -80.4805348342768 233.83956530235025 28.994087 58.83059 -999.0 -999.0 -999.0 -999.0 -999.0 123.07030283729934 -21.668373474785483 123.02258283567068 -21.752299994163426 75.02105225628407 295.6887732353721 -999.0 16600.0 -999.0 2 -999 {-999.0 -999.0 -999.0 -999.0 -999.0} "" -999.0 -999.0 -999.0 -999.0 -999 -999 "" "" "" "" 0 0 0.0 0.0 -999 ""
FIBERMAP 1027 R+8C18 BOSS 1 1 0 1 0 0 197.72357946760062 147.78901461056063 143.1 -79.80213892411591 233.58713693424505 28.994087 58.83059 123.07246774410514 -21.669061982600326 0.4636584 -7.421283 1.0153216 123.07244902770138 -21.669076659239902 123.02478060342037 -21.75303806776593 75.02317482753044 295.69053035621175 5400.0 5400.0 2016.0 1 250 {-999.0 14.296609 13.91694 13.806954 -999.0} sdss_psfmag_from_g3xp 14.229454 13.937186 13.465078 12.651 63050395995408398 1096080079 bright_1x1 mwm_bin_vis_boss mwm_filler science 0 0 0.0 0.0 -999 ""
FIBERMAP 1027 R+8C18 METROLOGY 0 0 0 1 0 0 197.091663565586 148.16672440589485 143.1 -80.35588775482748 233.10205831023512 28.994087 58.83059 -999.0 -999.0 -999.0 -999.0 -999.0 123.07064458324588 -21.670507926550275 123.02295693150097 -21.75445663731288 75.02248836826936 295.68240442896365 -999.0 6231.0 -999.0 -1 -999 {-999.0 -999.0 -999.0 -999.0 -999.0} "" -999.0 -999.0 -999.0 -999.0 -999 -999 "" "" "" "" 0 0 0.0 0.0 -999 ""
FIBERMAP 1029 R+7C2 APOGEE 0 0 0 1 0 0 -179.71518549261378 122.97354005106158 143.1 -172.2838897679405 -133.17096999150704 336.55264 87.63265 -999.0 -999.0 -999.0 -999.0 -999.0 122.76925867129242 -22.779151212879363 122.71858857066735 -22.86227148769832 75.33132373072178 291.3795274851578 -999.0 16600.0 -999.0 2 -999 {-999.0 -999.0 -999.0 -999.0 -999.0} "" -999.0 -999.0 -999.0 -999.0 -999 -999 "" "" "" "" 0 0 0.0 0.0 -999 ""
FIBERMAP 1029 R+7C2 BOSS 1 1 0 1 0 0 -180.03677034710253 122.2877329455074 143.1 -171.73027176521353 -133.68789301554776 336.55264 87.63265 122.77101760704232 -22.780730023521418 -2.4320614 3.540715 -0.1518579 122.77098021750366 -22.78072197021073 122.72036072508473 -22.863872010031503 75.33351581534548 291.37695927654596 5400.0 5400.0 2016.0 1 72 {-999.0 14.815134 14.554835 14.474028 -999.0} sdss_psfmag_from_g3xp 14.794798 14.567225 14.144778 13.498 63050395995326336 1093755463 bright_1x1 mwm_astar_core_boss_single mwm_ob science 0 0 0.0 0.0 -999 ""
FIBERMAP 1029 R+7C2 METROLOGY 0 0 0 1 0 0 -180.46085784120316 122.91462515188202 143.1 -172.45718843627975 -133.89858323313052 336.55264 87.63265 -999.0 -999.0 -999.0 -999.0 -999.0 122.76858883483267 -22.781376978180738 122.71795131430633 -22.86451431082331 75.3318542707213 291.37061486491666 -999.0 6231.0 -999.0 -1 -999 {-999.0 -999.0 -999.0 -999.0 -999.0} "" -999.0 -999.0 -999.0 -999.0 -999 -999 "" "" "" "" 0 0 0.0 0.0 -999 ""
FIBERMAP 1030 R-7C6 APOGEE 0 0 0 1 0 0 -85.78147850924634 -123.25611386258801 143.1 90.89089796101244 -119.53063340051554 88.11117 58.443523 -999.0 -999.0 -999.0 -999.0 -999.0 123.63393846137551 -22.737226063268302 123.5837802389629 -22.822213403931052 76.01262740241884 293.06164689240643 -999.0 16600.0 -999.0 2 -999 {-999.0 -999.0 -999.0 -999.0 -999.0} "" -999.0 -999.0 -999.0 -999.0 -999 -999 "" "" "" "" 0 0 0.0 0.0 -999 ""
FIBERMAP 1030 R-7C6 BOSS 1 1 0 1 0 0 -85.12850567823125 -123.73600408492162 143.1 91.54834611603718 -119.05694834207583 88.11117 58.443523 123.63612605739102 -22.735835323046896 -4.4503455 4.0606213 -2.146853 123.63608673852175 -22.735806809728857 123.58598371544048 -22.82082501624492 76.01372287711952 293.0707608282898 5400.0 5400.0 2016.0 1 504 {-999.0 14.566819 14.236523 14.071805 -999.0} sdss_psfmag_from_g3xp 14.509757 14.26966 13.737009 12.951 63050395995133349 1093865247 bright_1x1 mwm_astar_core_boss_single mwm_ob science 0 0 0.0 0.0 -999 ""
FIBERMAP 1030 R-7C6 METROLOGY 0 0 0 1 0 0 -85.81779995659812 -124.00322762183646 143.1 91.59058973985957 -119.79499087146674 88.11117 58.443523 -999.0 -999.0 -999.0 -999.0 -999.0 123.63625858961284 -22.738061860815016 123.58613560311125 -22.823072726104787 76.01494172205679 293.0629251068908 -999.0 6231.0 -999.0 -1 -999 {-999.0 -999.0 -999.0 -999.0 -999.0} "" -999.0 -999.0 -999.0 -999.0 -999 -999 "" "" "" "" 0 0 0.0 0.0 -999 ""
FIBERMAP 1031 R+1C16 APOGEE 1 1 0 1 0 0 52.303146835881066 28.971661578037164 143.1 -11.478469203086892 58.67652934431548 84.03325 140.48499 123.29603260044563 -22.197564741665285 -3.6110299 3.987852 0.5829249 123.29603739660296 -22.19753600179267 123.24708608364881 -22.28187399436606 75.47379372955409 294.33509138943907 16000.0 16600.0 2016.0 2 114 {-999.0 12.601874 11.911741 11.65496 -999.0} sdss_psfmag_from_g3xp 12.417286 11.945511 11.308569 10.05 63050395995377435 1106272949 bright_1x1 mwm_tess_rgb_apogee mwm_tessrgb science 0 0 0.0 0.0 -999 ""
FIBERMAP 1031 R+1C16 BOSS 0 0 0 1 0 0 52.81826228957708 29.523561359068875 143.1 -11.845150676661856 59.33640539464932 84.03325 140.48499 -999.0 -999.0 -999.0 -999.0 -999.0 123.29477085409668 -22.19547074595768 123.24587588749557 -22.279834567128244 75.47179243181837 294.3398220514844 -999.0 5400.0 -999.0 1 198 {-999.0 -999.0 -999.0 -999.0 -999.0} "" -999.0 -999.0 -999.0 -999.0 -999 -999 "" "" "" "" 0 0 0.0 0.0 -999 ""
FIBERMAP 1031 R+1C16 METROLOGY 0 0 0 1 0 0 53.03135849167099 28.805061260539997 143.1 -11.095967967354165 59.31816478842979 84.03325 140.48499 -999.0 -999.0 -999.0 -999.0 -999.0 123.29724186174653 -22.195524079620167 123.24833322244189 -22.279885196171367 75.4737760462535 294.3442584081698 -999.0 6231.0 -999.0 -1 -999 {-999.0 -999.0 -999.0 -999.0 -999.0} "" -999.0 -999.0 -999.0 -999.0 -999 -999 "" "" "" "" 0 0 0.0 0.0 -999 ""
FIBERMAP 1033 R-9C16 APOGEE 1 1 0 1 0 0 131.94280347028555 -177.26941257102388 143.1 209.25141117529677 71.0161133286865 197.18997 110.51276 124.01779174804689 -22.1576652349017 -999.0 -999.0 -999.0 124.01777421865239 -22.157661103273913 123.96925520044942 -22.243550426373965 76.02585755992322 295.8736180596718 16000.0 16600.0 2015.5 2 208 {-999.0 -999.0 -999.0 -999.0 -999.0} "" -999.0 -999.0 -999.0 -999.0 27021603171074779 836856754 "" ops_sky_apogee_best ops_sky sky_apogee 0 0 0.0 0.0 -999 ""
FIBERMAP 1033 R-9C16 BOSS 0 0 0 1 0 0 131.465156626647 -176.69904705488364 143.1 208.56180463943628 70.7370759140671 197.18997 110.51276 -999.0 -999.0 -999.0 -999.0 -999.0 124.01553420529486 -22.15847385676052 123.96706113287343 -22.244386390078397 76.02457137456334 295.8662470075161 -999.0 5400.0 -999.0 1 294 {-999.0 -999.0 -999.0 -999.0 -999.0} "" -999.0 -999.0 -999.0 -999.0 -999 -999 "" "" "" "" 0 0 0.0 0.0 -999 ""
FIBERMAP 1033 R-9C16 METROLOGY 0 0 0 1 0 0 132.21001845705476 -176.5729344807806 143.1 208.67091678313702 71.48458672393761 197.18997 110.51276 -999.0 -999.0 -999.0 -999.0 -999.0 124.01591637348814 -22.156206668790144 123.96743525577727 -22.242112377481696 76.02366822846147 295.8750063866614 -999.0 6231.0 -999.0 -1 -999 {-999.0 -999.0 -999.0 -999.0 -999.0} "" -999.0 -999.0 -999.0 -999.0 -999 -999 "" "" "" "" 0 0 0.0 0.0 -999 ""
FIBERMAP 1038 R+9C11 APOGEE 0 0 0 1 0 0 39.807826828747054 180.57113515959205 143.1 -159.56562132894723 93.4166753124343 352.91125 156.66914 -999.0 -999.0 -999.0 -999.0 -999.0 122.81147528588873 -22.092776601248723 122.76257124042297 -22.17608483745204 75.03340343788129 293.80205912756287 -999.0 16600.0 -999.0 2 140 {-999.0 -999.0 -999.0 -999.0 -999.0} "" -999.0 -999.0 -999.0 -999.0 -999 -999 "" "" "" "" 0 0 0.0 0.0 -999 ""
FIBERMAP 1038 R+9C11 BOSS 1 1 0 1 0 0 40.46394828507388 180.2052554693916 143.1 -159.01568342318393 93.92842375141207 352.91125 156.66914 122.81286946383032 -22.091159307531534 -2.332993 -9.705641 -4.237408 122.8131632681418 -22.09116625732135 122.76431753138473 -22.17450723569787 75.03400626054805 293.8104899784572 5400.0 5400.0 2016.0 1 139 {-999.0 12.456958 12.146903 12.041149 -999.0} sdss_psfmag_from_g3xp 12.350479 12.335982 11.712921 11.072 63050395995391005 1093755471 bright_1x1 mwm_astar_core_boss_single mwm_ob science 0 0 1.0244109630584717 0.0 -999 ""
FIBERMAP 1038 R+9C11 METROLOGY 0 0 0 1 0 0 39.80100517268112 179.82449018852583 143.1 -158.8573020032798 93.18053048490637 352.91125 156.66914 -999.0 -999.0 -999.0 -999.0 -999.0 122.81366522674506 -22.093426302289927 122.76479883166996 -22.176759859993155 75.0355255849886 293.80382232920056 -999.0 6231.0 -999.0 -1 -999 {-999.0 -999.0 -999.0 -999.0 -999.0} "" -999.0 -999.0 -999.0 -999.0 -999 -999 "" "" "" "" 0 0 0.0 0.0 -999 ""
FIBERMAP 1045 R+11C11 APOGEE 1 1 0 1 0 0 37.37841262240939 225.293084914571 143.1 -202.86489192196836 104.8607801794486 225.78053 14.441373 122.67059326171874 -22.05826800868404 -999.0 -999.0 -999.0 122.67062129990319 -22.05821957050085 122.62174261815022 -22.14122806071269 74.9031381978776 293.66534076891537 16000.0 16600.0 2015.5 2 126 {-999.0 -999.0 -999.0 -999.0 -999.0} "" -999.0 -999.0 -999.0 -999.0 27021603171080940 836857223 "" ops_sky_apogee_best ops_sky sky_apogee 0 0 0.0 0.0 -999 ""
FIBERMAP 1045 R+11C11 BOSS 0 0 0 1 0 0 37.72861033830756 225.94120427572335 143.1 -203.3738500145078 105.39333570862466 225.78053 14.441373 -999.0 -999.0 -999.0 -999.0 -999.0 122.66888525511025 -22.056564030812627 122.62006401945547 -22.139598060665953 74.90097500868102 293.6677536483761 -999.0 5400.0 -999.0 1 113 {-999.0 -999.0 -999.0 -999.0 -999.0} "" -999.0 -999.0 -999.0 -999.0 -999 -999 "" "" "" "" 0 0 0.0 0.0 -999 ""
FIBERMAP 1045 R+11C11 METROLOGY 0 0 0 1 0 0 38.11844543802687 225.32007200831714 143.1 -202.662949210428 105.57320711844164 225.78053 14.441373 -999.0 -999.0 -999.0 -999.0 -999.0 122.67117906103582 -22.05601021896564 122.6223449254536 -22.13904105557546 74.90252200237163 293.6736772746067 -999.0 6231.0 -999.0 -1 -999 {-999.0 -999.0 -999.0 -999.0 -999.0} "" -999.0 -999.0 -999.0 -999.0 -999 -999 "" "" "" "" 0 0 0.0 0.0 -999 ""
FIBERMAP 1047 R+10C15 APOGEE 0 0 0 1 0 0 130.93842907943218 206.72941073644455 143.1 -156.4246048961286 188.17139527146614 106.6478 117.30231 -999.0 -999.0 -999.0 -999.0 -999.0 122.82283920157073 -21.806469429243798 122.77466379618994 -21.889842535560682 74.89691672770189 294.7729753072567 -999.0 16600.0 -999.0 2 77 {-999.0 -999.0 -999.0 -999.0 -999.0} "" -999.0 -999.0 -999.0 -999.0 -999 -999 "" ops_sky_apogee_best_unassigned ops_sky sky_apogee 0 0 0.0 0.0 -999 ""
FIBERMAP 1047 R+10C15 BOSS 1 1 0 1 0 0 131.44847738299802 207.25881070676343 143.1 -156.77143681782925 188.8195295063358 106.6478 117.30231 122.82165527343747 -21.804429549412973 -999.0 -999.0 -999.0 122.82165273369446 -21.804471828212513 122.77353522656693 -21.887872608830037 74.89500121163309 294.77736450028374 5400.0 5400.0 2015.5 1 236 {-999.0 -999.0 -999.0 -999.0 -999.0} "" -999.0 -999.0 -999.0 -999.0 27021603171081588 814746239 "" ops_sky_boss_good ops_sky sky_boss 0 0 0.0 0.0 -999 ""
FIBERMAP 1047 R+10C15 METROLOGY 0 0 0 1 0 0 131.65454579263314 206.52262266611834 143.1 -156.00758600924098 188.7891616148895 106.6478 117.30231 -999.0 -999.0 -999.0 -999.0 -999.0 122.82412087864853 -21.8045333746848 122.77598915843606 -21.887930989062106 74.89697977111331 294.7816955434099 -999.0 6231.0 -999.0 -1 -999 {-999.0 -999.0 -999.0 -999.0 -999.0} "" -999.0 -999.0 -999.0 -999.0 -999 -999 "" "" "" "" 0 0 0.0 0.0 -999 ""
FIBERMAP 1048 R-5C8 APOGEE 0 0 0 1 0 0 -66.06746383788969 -101.4736778202926 143.1 76.22901770428575 -94.07327466544648 341.51074 116.70594 -999.0 -999.0 -999.0 -999.0 -999.0 123.58550445656776 -22.66033481218897 123.53551792723437 -22.745229167063012 75.93614995540737 293.2488191329853 -999.0 16600.0 -999.0 2 -999 {-999.0 -999.0 -999.0 -999.0 -999.0} "" -999.0 -999.0 -999.0 -999.0 -999 -999 "" "" "" "" 0 0 0.0 0.0 -999 ""
FIBERMAP 1048 R-5C8 BOSS 1 1 0 1 0 0 -65.96897120967888 -102.23007088177896 143.1 76.97900486291266 -94.2122134203039 341.51074 116.70594 123.58795166015625 -22.66076717179493 -999.0 -999.0 -999.0 123.58796243917797 -22.660766778521033 123.53802672100124 -22.745692710155353 75.93839323762005 293.2518313656486 5400.0 5400.0 2015.5 1 481 {-999.0 -999.0 -999.0 -999.0 -999.0} "" -999.0 -999.0 -999.0 -999.0 27021603171068540 814744947 "" ops_sky_boss_good ops_sky sky_boss 0 0 0.0 0.0 -999 ""
FIBERMAP 1048 R-5C8 METROLOGY 0 0 0 1 0 0 -66.65233987844029 -101.93995910233805 143.1 76.49277784917862 -94.77319183468869 341.51074 116.70594 -999.0 -999.0 -999.0 -999.0 -999.0 123.58639327564138 -22.662491735050086 123.53643807466807 -22.747406583797744 75.93795803003918 293.24272592163294 -999.0 6231.0 -999.0 -1 -999 {-999.0 -999.0 -999.0 -999.0 -999.0} "" -999.0 -999.0 -999.0 -999.0 -999 -999 "" "" "" "" 0 0 0.0 0.0 -999 ""
FIBERMAP 1050 R+12C14 APOGEE 1 1 0 1 0 0 114.75489556599047 227.84015802520594 143.1 -181.48880768885078 179.26636624650484 248.53421 49.44428 122.74095839259911 -21.833479473265093 -4.498635 2.3948102 0.6256502 122.7412802175505 -21.833484449184702 122.69300112265012 -21.91667745567156 74.84585986350638 294.5351035457802 16000.0 16600.0 2016.0 2 56 {-999.0 10.673878 9.236097 8.381529 -999.0} sdss_psfmag_from_g3xp 10.088256 9.00634 7.977178 5.678 63050395995397991 1152663047 bright_1x1 mwm_galactic_core_dist_apogee_sparse mwm_galactic science 0 0 1.035250186920166 0.0 -999 ""
FIBERMAP 1050 R+12C14 BOSS 0 0 0 1 0 0 114.40505282421893 228.49826626281504 143.1 -182.22258946996743 179.13591987722776 248.53421 49.44428 -999.0 -999.0 -999.0 -999.0 -999.0 122.73883321125666 -21.833844715813743 122.69060583505546 -21.917062261169498 74.84415227456624 294.52946848204 -999.0 5400.0 -999.0 1 93 {-999.0 -999.0 -999.0 -999.0 -999.0} "" -999.0 -999.0 -999.0 -999.0 -999 -999 "" "" "" "" 0 0 0.0 0.0 -999 ""
FIBERMAP 1050 R+12C14 METROLOGY 0 0 0 1 0 0 115.16648255780744 228.46687873461423 143.1 -181.9585231945017 179.85075059731247 248.53421 49.44428 -999.0 -999.0 -999.0 -999.0 -999.0 122.7396834004264 -21.831664927117135 122.69144668066741 -21.914876155648834 74.84369648827007 294.5381735208669 -999.0 6231.0 -999.0 -1 -999 {-999.0 -999.0 -999.0 -999.0 -999.0} "" -999.0 -999.0 -999.0 -999.0 -999 -999 "" "" "" "" 0 0 0.0 0.0 -999 ""
FIBERMAP 1052 R-8C18 APOGEE 0 0 0 1 0 0 182.03238419071272 -145.6781978242111 143.1 194.5996383554218 128.39220544986253 45.993877 141.84297 -999.0 -999.0 -999.0 -999.0 -999.0 123.96843984574873 -21.98434592806239 123.9203310694536 -22.070154296900583 75.89547102347407 296.3804845848568 -999.0 16600.0 -999.0 2 -999 {-999.0 -999.0 -999.0 -999.0 -999.0} "" -999.0 -999.0 -999.0 -999.0 -999 -999 "" "" "" "" 0 0 0.0 0.0 -999 ""
FIBERMAP 1052 R-8C18 BOSS 1 1 0 1 0 0 182.77859600719003 -145.55920965060142 143.1 194.71594445234342 129.13880941048757 45.993877 141.84297 123.96857237644463 -21.98204608013655 -1.45468 2.6644974 0.20762809 123.96877529974844 -21.98204189770133 123.92072158192332 -22.067880099224112 75.89456194858515 296.3891665159739 5400.0 5400.0 2016.0 1 275 {-999.0 12.730773 12.940673 13.123853 -999.0} sdss_psfmag_from_g3xp 12.8462515 12.828402 12.793117 12.738 63050395995260623 1068636375 bright_1x1 mwm_ob_core_boss_single mwm_ob science 0 0 0.6680571436882019 0.0 -999 ""
FIBERMAP 1052 R-8C18 METROLOGY 0 0 0 1 0 0 182.50234868302098 -146.26011843113744 143.1 195.29787637677458 128.6603791312171 45.993877 141.84297 -999.0 -999.0 -999.0 -999.0 -999.0 123.97072933842617 -21.98346816903093 123.92265902464271 -22.069302176745197 75.8968394883914 296.3881704209368 -999.0 6231.0 -999.0 -1 -999 {-999.0 -999.0 -999.0 -999.0 -999.0} "" -999.0 -999.0 -999.0 -999.0 -999 -999 "" "" "" "" 0 0 0.0 0.0 -999 ""
FIBERMAP 1055 R+1C11 APOGEE 1 1 0 1 0 0 -45.95579643235495 19.558738621446203 143.1 -32.7448945261478 -37.71010223134042 334.36243 141.64758 123.22677612304685 -22.490340454538824 -999.0 -999.0 -999.0 123.22680343593613 -22.490321510587865 123.17708000267311 -22.57446940547501 75.56416221104035 293.1924791737554 16000.0 16600.0 2015.5 2 21 {-999.0 -999.0 -999.0 -999.0 -999.0} "" -999.0 -999.0 -999.0 -999.0 27021603171079922 836857394 "" ops_sky_apogee_best ops_sky sky_apogee 0 0 0.0 0.0 -999 ""
FIBERMAP 1055 R+1C11 BOSS 0 0 0 1 0 0 -45.60862169450797 18.878055452052873 143.1 -31.990453784057138 -37.589138044440865 334.36243 141.64758 -999.0 -999.0 -999.0 -999.0 -999.0 123.22920798422474 -22.489947586522746 123.1795386435964 -22.574127877204663 75.56597036742158 293.198154229518 -999.0 5400.0 -999.0 1 31 {-999.0 -999.0 -999.0 -999.0 -999.0} "" -999.0 -999.0 -999.0 -999.0 -999 -999 "" "" "" "" 0 0 0.0 0.0 -999 ""
FIBERMAP 1055 R+1C11 METROLOGY 0 0 0 1 0 0 -46.3601148697832 18.93738620898266 143.1 -32.27805117345091 -38.28591951144163 334.36243 141.64758 -999.0 -999.0 -999.0 -999.0 -999.0 123.22827862026453 -22.492075625160172 123.1785887129642 -22.57624591169925 75.56624919902123 293.1890254814831 -999.0 6231.0 -999.0 -1 -999 {-999.0 -999.0 -999.0 -999.0 -999.0} "" -999.0 -999.0 -999.0 -999.0 -999 -999 "" "" "" "" 0 0 0.0 0.0 -999 ""
FIBERMAP 1059 R+3C13 APOGEE 1 1 0 1 0 0 -2.1077885781118564 53.31056604585603 143.1 -51.37223864789555 14.391824378431396 209.65962 109.14024 123.16535238065826 -22.332244354878572 -2.9666321 3.5400898 0.16903047 123.1653806974386 -22.332194479363302 123.11602962234889 -22.416232414573102 75.43675633558107 293.6297960666782 16000.0 16600.0 2016.0 2 125 {-999.0 14.342893 13.27682 12.845055 -999.0} sdss_psfmag_from_g3xp 13.973061 13.278076 12.472902 10.671 63050395995368335 1152662909 bright_1x1 mwm_galactic_core_dist_apogee_sparse mwm_galactic science 0 0 0.0 0.0 -999 ""
FIBERMAP 1059 R+3C13 BOSS 0 0 0 1 0 0 -2.6704526923575305 53.79817717644605 143.1 -52.00925580231977 14.006441039988005 209.65962 109.14024 -999.0 -999.0 -999.0 -999.0 -999.0 123.16320411621017 -22.333330699510164 123.11390141164787 -22.417391581552156 75.43562951147618 293.62189776191076 -999.0 5400.0 -999.0 1 111 {-999.0 -999.0 -999.0 -999.0 -999.0} "" -999.0 -999.0 -999.0 -999.0 -999 -999 "" "" "" "" 0 0 0.0 0.0 -999 ""
FIBERMAP 1059 R+3C13 METROLOGY 0 0 0 1 0 0 -1.9616599171928275 54.03909673592452 143.1 -52.020474348942834 14.754945377329316 209.65962 109.14024 -999.0 -999.0 -999.0 -999.0 -999.0 123.1631745976295 -22.331064144232606 123.11386281221718 -22.41511741150758 75.43446406461256 293.6296645268477 -999.0 6231.0 -999.0 -1 -999 {-999.0 -999.0 -999.0 -999.0 -999.0} "" -999.0 -999.0 -999.0 -999.0 -999 -999 "" "" "" "" 0 0 0.0 0.0 -999 ""
FIBERMAP 1061 R+9C10 APOGEE 1 1 0 1 0 0 12.313295120434676 188.52274639118608 143.1 -175.58822664819803 69.70195454788796 92.22648 110.72356 122.75902750991628 -22.164637331049576 -4.0069532 2.3875177 0.35221672 122.75900300683087 -22.16460594826006 122.70989361790981 -22.24779064130267 75.02713839129774 293.46721959311094 16000.0 16600.0 2016.0 2 136 {-999.0 12.724659 11.276919 10.407571 -999.0} sdss_psfmag_from_g3xp 12.128586 11.03158 9.994541 7.598 63050395995388647 1152662991 bright_1x1 mwm_galactic_core_dist_apogee_sparse mwm_galactic science 0 0 0.0 0.0 -999 ""
FIBERMAP 1061 R+9C10 BOSS 0 0 0 1 0 0 12.994301538816785 188.82134523269417 143.1 -175.6628724299263 70.44176180907272 92.22648 110.72356 -999.0 -999.0 -999.0 -999.0 -999.0 122.75865323558732 -22.162314486514884 122.70960320845694 -22.245527366864295 75.0257762333568 293.474292097289 -999.0 5400.0 -999.0 1 131 {-999.0 -999.0 -999.0 -999.0 -999.0} "" -999.0 -999.0 -999.0 -999.0 -999 -999 "" "" "" "" 0 0 0.0 0.0 -999 ""
FIBERMAP 1061 R+9C10 METROLOGY 0 0 0 1 0 0 12.92576325481215 188.0901540510806 143.1 -174.9882399627138 70.15164816160639 92.22648 110.72356 -999.0 -999.0 -999.0 -999.0 -999.0 122.76083979378933 -22.16319177213105 122.71177328787024 -22.246401142818453 75.02795286998006 293.47524038514314 -999.0 6231.0 -999.0 -1 -999 {-999.0 -999.0 -999.0 -999.0 -999.0} "" -999.0 -999.0 -999.0 -999.0 -999 -999 "" "" "" "" 0 0 0.0 0.0 -999 ""
FIBERMAP 1062 R-12C6 APOGEE 0 0 0 1 0 0 -55.581657788599436 -237.5157470581007 143.1 208.8955259900804 -125.94026304389924 192.77145 128.11241 -999.0 -999.0 -999.0 -999.0 -999.0 124.02062820734788 -22.75383041495783 123.970613338504 -22.83964215262001 76.33166448220716 293.7315264760498 -999.0 16600.0 -999.0 2 -999 {-999.0 -999.0 -999.0 -999.0 -999.0} "" -999.0 -999.0 -999.0 -999.0 -999 -999 "" "" "" "" 0 0 0.0 0.0 -999 ""
FIBERMAP 1062 R-12C6 BOSS 1 1 0 1 0 0 -56.09469415944868 -237.05189476435476 143.1 208.29637946127886 -126.28573436947714 192.77145 128.11241 124.01870419933839 -22.754904729445627 -7.0654607 4.998233 0.5366969 124.01864972635464 -22.754878638518868 123.9686804225999 -22.840711842943985 76.33064696829744 293.72385998196216 5400.0 5400.0 2016.0 1 365 {-999.0 16.053984 15.691452 15.555066 -999.0} sdss_psfmag_ps1 15.959703 15.66097 15.198063 14.416 63050395995121375 978537833 "" ops_std_boss ops_std standard_boss 0 0 0.0 0.0 -999 ""
FIBERMAP 1062 R-12C6 METROLOGY 0 0 0 1 0 0 -55.46111572494143 -236.7775276952517 143.1 208.23020175018286 -125.59850711690055 192.77145 128.11241 -999.0 -999.0 -999.0 -999.0 -999.0 124.01847792498727 -22.75283332527396 123.9684997638496 -22.838659134591953 76.32948545639258 293.7310561301857 -999.0 6231.0 -999.0 -1 -999 {-999.0 -999.0 -999.0 -999.0 -999.0} "" -999.0 -999.0 -999.0 -999.0 -999 -999 "" "" "" "" 0 0 0.0 0.0 -999 ""
FIBERMAP 1065 R-10C5 APOGEE 0 0 0 1 0 0 -91.27171004335617 -181.2170242115876 143.1 144.35083463892002 -142.58217950525068 97.36002 118.18734 -999.0 -999.0 -999.0 -999.0 -999.0 123.80963222065999 -22.8058685928466 123.75938426848239 -22.891222348262694 76.18754581113532 293.1395276375824 -999.0 16600.0 -999.0 2 -999 {-999.0 -999.0 -999.0 -999.0 -999.0} "" -999.0 -999.0 -999.0 -999.0 -999 -999 "" "" "" "" 0 0 0.0 0.0 -999 ""
FIBERMAP 1065 R-10C5 BOSS 1 1 0 1 0 0 -90.68807391121564 -180.79889858403132 143.1 144.1325122493494 -141.89825387085597 97.36002 118.18734 123.80907626866743 -22.803681906837546 -43.790615 -50.18003 10.532626 123.80890159955946 -22.803818906005475 123.75870843946217 -22.88919712146908 76.18601407851011 293.1456589300465 5400.0 5400.0 2016.0 1 423 {-999.0 19.562912 18.057274 16.39829 -999.0} sdss_psfmag_ps1 18.789713 17.0182 15.732958 13.41 63050395995117192 1157814163 bright_1x1 mwm_snc_100pc_bright_boss_single mwm_snc science 0 0 0.0 0.0 -999 ""
FIBERMAP 1065 R-10C5 METROLOGY 0 0 0 1 0 0 -90.59001912075965 -181.52491331962102 143.1 144.85346037647423 -142.02826540921947 97.36002 118.18734 -999.0 -999.0 -999.0 -999.0 -999.0 123.81130294029182 -22.80422166387874 123.76109575146046 -22.889597663091813 76.18812916996227 293.1486904700885 -999.0 6231.0 -999.0 -1 -999 {-999.0 -999.0 -999.0 -999.0 -999.0} "" -999.0 -999.0 -999.0 -999.0 -999 -999 "" "" "" "" 0 0 0.0 0.0 -999 ""
FIBERMAP 1066 R-11C10 APOGEE 0 0 0 1 0 0 25.763808343875706 -200.0948121657564 143.1 198.31062401820842 -37.031716217949096 137.71407 98.62992 -999.0 -999.0 -999.0 -999.0 -999.0 123.98466369625672 -22.48511445264289 123.93530812561153 -22.570887174389327 76.16852270237565 294.64050215652526 -999.0 16600.0 -999.0 2 175 {-999.0 -999.0 -999.0 -999.0 -999.0} "" -999.0 -999.0 -999.0 -999.0 -999 -999 "" ops_sky_apogee_best_unassigned ops_sky sky_apogee 0 0 0.0 0.0 -999 ""
FIBERMAP 1066 R-11C10 BOSS 1 1 0 1 0 0 26.16724619198843 -199.4763146734929 143.1 197.84622621119712 -36.457614921275756 137.71407 98.62992 123.98336473490323 -22.483589477185156 -56.33984 74.415985 5.2330003 123.98314609596729 -22.483368734677736 123.9338434172252 -22.569165343060458 76.16648208520381 294.64382179382324 5400.0 5400.0 2016.0 1 417 {-999.0 17.737206 16.498194 15.46162 -999.0} sdss_psfmag_ps1 17.22053 16.024565 14.915967 12.821 63050395995129190 1075848453 bright_1x1 mwm_erosita_stars_boss mwm_erosita science 0 0 0.0 0.0 -999 ""
FIBERMAP 1066 R-11C10 METROLOGY 0 0 0 1 0 0 26.509309670010232 -200.11175921334686 143.1 198.5560511863368 -36.32759943007212 137.71407 98.62992 -999.0 -999.0 -999.0 -999.0 -999.0 123.98550437909012 -22.48297126394379 123.93618986218871 -22.56876534388056 76.1681434514793 294.64987521300577 -999.0 6231.0 -999.0 -1 -999 {-999.0 -999.0 -999.0 -999.0 -999.0} "" -999.0 -999.0 -999.0 -999.0 -999 -999 "" "" "" "" 0 0 0.0 0.0 -999 ""
FIBERMAP 1067 R+3C14 APOGEE 1 0 1 1 0 0 34.35817212796627 66.0146231192201 143.1 -52.243637273130204 52.99597869391683 10.570271 169.91641 123.15431868506995 -22.262099709491896 8.915621 -7.1466584 1.071727 123.16239560001536 -22.215004163652168 123.1133395543975 -22.29905215910873 75.37579927521425 294.0271099802574 16000.0 16600.0 2016.0 2 122 {-999.0 11.4931755 10.685741 10.3885975 -999.0} sdss_psfmag_from_g3xp 11.255559 10.723478 10.038135 8.691 63050395995369227 1105463888 bright_1x1 mwm_tess_rgb_apogee mwm_tessrgb science 0 0 0.0 0.0 -999 ""
FIBERMAP 1067 R+3C14 BOSS 0 0 1 1 0 0 35.08783228394845 65.92507531652954 143.1 -51.9340044100325 53.66269228259571 10.570271 169.91641 -999.0 -999.0 -999.0 -999.0 -999.0 123.16332275002291 -22.212918951278887 123.11432460028033 -22.29699748758051 75.37554881726759 294.0359571494456 -999.0 5400.0 -999.0 1 102 {-999.0 -999.0 -999.0 -999.0 -999.0} "" -999.0 -999.0 -999.0 -999.0 -999 -999 "" "" "" "" 0 0 0.0 0.0 -999 ""
FIBERMAP 1067 R+3C14 METROLOGY 0 0 1 1 0 0 34.65205192564838 65.3203222742937 143.1 -51.49263212528217 53.06204528189071 10.570271 169.91641 -999.0 -999.0 -999.0 -999.0 -999.0 123.16478155289808 -22.21474341162192 123.11576465474644 -22.298816820610657 75.37761740252212 294.03240079244915 -999.0 6231.0 -999.0 -1 -999 {-999.0 -999.0 -999.0 -999.0 -999.0} "" -999.0 -999.0 -999.0 -999.0 -999 -999 "" "" "" "" 0 0 0.0 0.0 -999 ""
FIBERMAP 1072 R-5C17 APOGEE 0 0 0 1 0 0 134.59355381992006 -106.3963842285925 143.1 142.63248440499729 95.3374789740354 330.9854 106.39897 -999.0 -999.0 -999.0 -999.0 -999.0 123.80005583366643 -22.08491664392108 123.75161810688456 -22.170351173606225 75.81598516605936 295.693887907071 -999.0 16600.0 -999.0 2 -999 {-999.0 -999.0 -999.0 -999.0 -999.0} "" -999.0 -999.0 -999.0 -999.0 -999 -999 "" "" "" "" 0 0 0.0 0.0 -999 ""
FIBERMAP 1072 R-5C17 BOSS 1 1 0 1 0 0 134.4414245660814 -107.1158357550814 143.1 143.2702357949025 94.97144111523492 330.9854 106.39897 123.80218505859375 -22.085941215005363 -999.0 -999.0 -999.0 123.80215343945775 -22.08595366229593 123.75376387629473 -22.17142099750707 75.81823801985387 295.6944325005055 5400.0 5400.0 2015.5 1 296 {-999.0 -999.0 -999.0 -999.0 -999.0} "" -999.0 -999.0 -999.0 -999.0 27021603171069567 814745076 "" ops_sky_boss_good ops_sky sky_boss 0 0 0.0 0.0 -999 ""
FIBERMAP 1072 R-5C17 METROLOGY 0 0 0 1 0 0 133.88171419793386 -106.62612880277571 143.1 142.63213302621608 94.58951284220399 330.9854 106.39897 -999.0 -999.0 -999.0 -999.0 -999.0 123.80011282920805 -22.08711372918866 123.75170531543426 -22.172568468620458 75.81721846412503 295.6863604642934 -999.0 6231.0 -999.0 -1 -999 {-999.0 -999.0 -999.0 -999.0 -999.0} "" -999.0 -999.0 -999.0 -999.0 -999 -999 "" "" "" "" 0 0 0.0 0.0 -999 ""
FIBERMAP 1073 R+13C13 APOGEE 1 1 0 1 0 0 107.40707230860758 264.2936248969408 143.1 -218.43359608629382 183.48747254827381 193.1168 55.012333 122.62157894705938 -21.82099305221707 -2.9970884 1.3438714 0.459633 122.62159008399642 -21.82102819507598 122.57329054873094 -21.903963965012366 74.74403145330618 294.35922663349385 16000.0 16600.0 2016.0 2 58 {-999.0 12.619438 11.596659 11.204105 -999.0} sdss_psfmag_from_g3xp 12.273855 11.618162 10.839002 9.131 63050395995398830 1152663050 bright_1x1 mwm_galactic_core_dist_apogee_sparse mwm_galactic science 0 0 0.0 0.0 -999 ""
FIBERMAP 1073 R+13C13 BOSS 0 0 0 1 0 0 107.66631755125789 265.0121426584551 143.1 -219.03751212412485 183.95514188825973 193.1168 55.012333 -999.0 -999.0 -999.0 -999.0 -999.0 122.61961560725607 -21.819613650854098 122.5713729293962 -21.902575333812685 74.74179196541232 294.36029153613777 -999.0 5400.0 -999.0 1 96 {-999.0 -999.0 -999.0 -999.0 -999.0} "" -999.0 -999.0 -999.0 -999.0 -999 -999 "" "" "" "" 0 0 0.0 0.0 -999 ""
FIBERMAP 1073 R+13C13 METROLOGY 0 0 0 1 0 0 108.14634855140233 264.4165985206716 143.1 -218.32321531826952 184.22870330188107 193.1168 55.012333 -999.0 -999.0 -999.0 -999.0 -999.0 122.621901140129 -21.81875546356222 122.5736462731154 -21.901713719142954 74.74316119117879 294.36721189228564 -999.0 6231.0 -999.0 -1 -999 {-999.0 -999.0 -999.0 -999.0 -999.0} "" -999.0 -999.0 -999.0 -999.0 -999 -999 "" "" "" "" 0 0 0.0 0.0 -999 ""
FIBERMAP 1075 R-7C7 APOGEE 1 1 0 1 0 0 -87.76161914829575 -143.2736670742203 143.1 109.32813911467994 -127.57172554949445 208.15608 126.95596 123.69459074697971 -22.76125820730256 -3.7648215 5.9326024 1.0487913 123.69457263783421 -22.761231118815743 123.6443825300052 -22.846344949722617 76.07315563350093 293.0872777841802 16000.0 16600.0 2016.0 2 267 {-999.0 11.532959 10.601556 10.273538 -999.0} sdss_psfmag_from_g3xp 11.231598 10.64391 9.918015 8.397 63050395995118359 1105838770 bright_1x1 mwm_tess_rgb_apogee mwm_tessrgb science 0 0 0.0 0.0 -999 ""
FIBERMAP 1075 R-7C7 BOSS 0 0 0 1 0 0 -88.43030944705518 -142.96417965015064 143.1 108.82799136287969 -128.11277820332361 208.15608 126.95596 -999.0 -999.0 -999.0 -999.0 -999.0 123.69293136365867 -22.762901372642364 123.64278662339166 -22.848037392063656 76.07269732121084 293.0781587664448 -999.0 5400.0 -999.0 1 362 {-999.0 -999.0 -999.0 -999.0 -999.0} "" -999.0 -999.0 -999.0 -999.0 -999 -999 "" "" "" "" 0 0 0.0 0.0 -999 ""
FIBERMAP 1075 R-7C7 METROLOGY 0 0 0 1 0 0 -87.84282198645393 -142.5295162724667 143.1 108.5951182368922 -127.42010140249282 208.15608 126.95596 -999.0 -999.0 -999.0 -999.0 -999.0 123.69218866769658 -22.76083266010362 123.6420345344099 -22.845960035539647 76.0710790026892 293.08428830070307 -999.0 6231.0 -999.0 -1 -999 {-999.0 -999.0 -999.0 -999.0 -999.0} "" -999.0 -999.0 -999.0 -999.0 -999 -999 "" "" "" "" 0 0 0.0 0.0 -999 ""
FIBERMAP 1076 R-13C6 APOGEE 1 1 0 1 0 0 -53.057114718955674 -262.1731229104198 143.1 233.1330214968952 -131.12236352661765 278.6432 26.444101 124.09981338574228 -22.76872845083292 -1.8419507 2.6517363 0.13416067 124.09974781567672 -22.768707711849974 124.04973371547237 -22.854686084852116 76.40244025682239 293.8295130461666 16000.0 16600.0 2016.0 2 263 {-999.0 14.493371 13.468359 13.044616 -999.0} sdss_psfmag_from_g3xp 14.146328 13.469817 12.6754875 10.878 63050395995121058 1152662459 bright_1x1 mwm_galactic_core_dist_apogee_sparse mwm_galactic science 0 0 0.0 0.0 -999 ""
FIBERMAP 1076 R-13C6 BOSS 0 0 0 1 0 0 -53.497989389490414 -261.5496701043357 143.1 232.40421392096147 -131.3500842977774 278.6432 26.444101 -999.0 -999.0 -999.0 -999.0 -999.0 124.09732477522944 -22.769392463133176 124.04735665013163 -22.85539132330225 76.40088875920522 293.82228468778527 -999.0 5400.0 -999.0 1 357 {-999.0 -999.0 -999.0 -999.0 -999.0} "" -999.0 -999.0 -999.0 -999.0 -999 -999 "" "" "" "" 0 0 0.0 0.0 -999 ""
FIBERMAP 1076 R-13C6 METROLOGY 0 0 0 1 0 0 -52.74179723670689 -261.4843240385135 143.1 232.57462916159957 -130.61048356819734 278.6432 26.444101 -999.0 -999.0 -999.0 -999.0 -999.0 124.09793256527787 -22.767186351213027 124.04795644166711 -22.85317952569478 76.4002706579413 293.83161739530067 -999.0 6231.0 -999.0 -1 -999 {-999.0 -999.0 -999.0 -999.0 -999.0} "" -999.0 -999.0 -999.0 -999.0 -999 -999 "" "" "" "" 0 0 0.0 0.0 -999 ""
FIBERMAP 1077 R-13C11 APOGEE 0 0 0 1 0 0 68.521398678287 -267.3188626439761 143.1 275.42438671294553 -17.02560904140199 271.83694 76.559395 -999.0 -999.0 -999.0 -999.0 -999.0 124.23507322626328 -22.422662448833332 124.1859934721382 -22.508977611775844 76.33541063605244 295.36434098058754 -999.0 16600.0 -999.0 2 159 {-999.0 -999.0 -999.0 -999.0 -999.0} "" -999.0 -999.0 -999.0 -999.0 -999 -999 "" ops_sky_apogee_best_unassigned ops_sky sky_apogee 0 0 0.0 0.0 -999 ""
FIBERMAP 1077 R-13C11 BOSS 1 1 0 1 0 0 67.80672367561982 -267.1739843362786 143.1 275.0667171525122 -17.661045922502034 271.83694 76.559395 124.23393510037461 -22.4246147258791 -30.434229 4.3607693 7.451108 124.23386678617834 -22.424565245624034 124.1848299700917 -22.510904577563892 76.33548936949519 295.3550068509297 5400.0 5400.0 2016.0 1 351 {-999.0 18.425188 16.949554 15.595367 -999.0} sdss_psfmag_ps1 17.848646 16.275469 15.061068 12.808 63050395995238209 1075862617 bright_1x1 mwm_erosita_stars_boss mwm_erosita science 0 0 0.0 0.0 -999 ""
FIBERMAP 1077 R-13C11 METROLOGY 0 0 0 1 0 0 68.28525611977234 -266.6094234702104 143.1 274.67673665744485 -17.032083548298388 271.83694 76.559395 -999.0 -999.0 -999.0 -999.0 -999.0 124.23265913577677 -22.422684769137632 124.18361277374117 -22.50901414751636 76.33354832933347 295.35938627568925 -999.0 6231.0 -999.0 -1 -999 {-999.0 -999.0 -999.0 -999.0 -999.0} "" -999.0 -999.0 -999.0 -999.0 -999 -999 "" "" "" "" 0 0 0.0 0.0 -999 ""
FIBERMAP 1079 R+9C17 APOGEE 0 0 0 1 0 0 174.3013638544371 192.43737950672173 143.1 -129.4883918012377 225.03438386318484 112.477486 67.49997 -999.0 -999.0 -999.0 -999.0 -999.0 122.91087464740454 -21.695278234207734 122.86301765811282 -21.7788571161116 74.90909524087277 295.300758658679 -999.0 16600.0 -999.0 2 -999 {-999.0 -999.0 -999.0 -999.0 -999.0} "" -999.0 -999.0 -999.0 -999.0 -999 -999 "" "" "" "" 0 0 0.0 0.0 -999 ""
FIBERMAP 1079 R+9C17 BOSS 1 1 0 1 0 0 175.01308090265331 192.4719974753299 143.1 -129.30241911775298 225.7222160397491 112.477486 67.49997 122.91143950484793 -21.693158529700835 -1.2896829 1.5358521 0.1917396 122.91143111795265 -21.69317281766923 122.86363268124774 -21.77678353869998 74.90849361989487 295.30868985355625 5400.0 5400.0 2016.0 1 251 {-999.0 17.19477 16.834826 16.782936 -999.0} sdss_psfmag_ps1 17.117167 16.858341 16.425804 15.875 63050395995406650 979857964 "" ops_std_boss ops_std standard_boss 0 0 0.0 0.0 -999 ""
FIBERMAP 1079 R+9C17 METROLOGY 0 0 0 1 0 0 174.68413184162426 191.7947389502823 143.1 -128.7592000094259 225.20091550758997 112.477486 67.49997 -999.0 -999.0 -999.0 -999.0 -999.0 122.91317885801135 -21.69470205436859 122.86536230416533 -21.778307729536053 74.9106606632584 295.3069426822544 -999.0 6231.0 -999.0 -1 -999 {-999.0 -999.0 -999.0 -999.0 -999.0} "" -999.0 -999.0 -999.0 -999.0 -999 -999 "" "" "" "" 0 0 0.0 0.0 -999 ""
FIBERMAP 1082 R-2C22 APOGEE 0 0 0 1 0 0 204.37580067098764 -26.760910805613037 143.1 88.32467352386837 186.2282672227622 71.46091 123.09 -999.0 -999.0 -999.0 -999.0 -999.0 123.62090131264908 -21.810597532127 123.57306864632596 -21.895687124152726 75.53005980546726 296.2806546277682 -999.0 16600.0 -999.0 2 -999 {-999.0 -999.0 -999.0 -999.0 -999.0} "" -999.0 -999.0 -999.0 -999.0 -999 -999 "" "" "" "" 0 0 0.0 0.0 -999 ""
FIBERMAP 1082 R-2C22 BOSS 1 1 0 1 0 0 205.07661361354587 -26.554060796504324 143.1 88.34341701448832 186.9586997487922 71.46091 123.09 123.62059936902823 -21.808286790353375 -5.265472 1.5629169 0.32800817 123.62092095851587 -21.80831738962152 123.5731444035107 -21.89343694245644 75.52891594628002 296.2884144274284 5400.0 5400.0 2016.0 1 311 {-999.0 13.002784 11.87865 11.433908 -999.0} sdss_psfmag_from_g3xp 12.602347 11.882485 11.061118 9.214 63050395995518967 996714290 bright_1x1 mwm_bin_gaia_sb_boss mwm_bin science 0 0 1.233197808265686 0.0 -999 ""
FIBERMAP 1082 R-2C22 METROLOGY 0 0 0 1 0 0 204.91097428771116 -27.28348847138068 143.1 88.9865050593219 186.57673885218585 71.46091 123.09 -999.0 -999.0 -999.0 -999.0 -999.0 123.62305320936981 -21.80944658788833 123.57526050013536 -21.894562158515047 75.53117680646125 296.28881165605264 -999.0 6231.0 -999.0 -1 -999 {-999.0 -999.0 -999.0 -999.0 -999.0} "" -999.0 -999.0 -999.0 -999.0 -999 -999 "" "" "" "" 0 0 0.0 0.0 -999 ""
FIBERMAP 1084 R-6C17 APOGEE 1 1 0 1 0 0 146.20449070330676 -114.62531155634522 143.1 154.03345086638262 103.85398424426317 359.29065 124.4294 123.83707902640523 -22.05898893312325 -1.5147641 2.0828521 0.20147946 123.8370483568792 -22.059001972622845 123.78869252962068 -22.144519225891923 75.8315837758126 295.85736814015263 16000.0 16600.0 2016.0 2 209 {-999.0 13.978761 13.033104 12.653336 -999.0} sdss_psfmag_from_g3xp 13.670105 13.046009 12.289576 10.666 63050395995259914 1152662904 bright_1x1 mwm_galactic_core_dist_apogee_sparse mwm_galactic science 0 0 0.0 0.0 -999 ""
FIBERMAP 1084 R-6C17 BOSS 0 0 0 1 0 0 146.6471436094791 -115.20930444317172 143.1 154.72526008211392 104.09553411065141 359.29065 124.4294 -999.0 -999.0 -999.0 -999.0 -999.0 123.83930261034848 -22.05820046776416 123.79099947706953 -22.143751208051572 75.832994029283 295.86463879650387 -999.0 5400.0 -999.0 1 295 {-999.0 -999.0 -999.0 -999.0 -999.0} "" -999.0 -999.0 -999.0 -999.0 -999 -999 "" "" "" "" 0 0 0.0 0.0 -999 ""
FIBERMAP 1084 R-6C17 METROLOGY 0 0 0 1 0 0 145.90154400216713 -115.311516424051 143.1 154.593180082392 103.3546727007011 359.29065 124.4294 -999.0 -999.0 -999.0 -999.0 -999.0 123.83892655127843 -22.06043870863501 123.79060357398089 -22.145980232421515 75.83385819425433 295.8561107880045 -999.0 6231.0 -999.0 -1 -999 {-999.0 -999.0 -999.0 -999.0 -999.0} "" -999.0 -999.0 -999.0 -999.0 -999 -999 "" "" "" "" 0 0 0.0 0.0 -999 ""
FIBERMAP 1088 R+6C21 APOGEE 1 1 0 1 0 0 242.64158540676766 122.23718344029348 143.1 -41.674143565245856 268.466438332424 63.143383 61.957928 123.1966259790527 -21.564084065256182 -2.2411866 3.262441 0.2796405 123.1965971685395 -21.564080341313478 123.14919370492049 -21.64829350254276 75.0651398491364 296.2726992855369 16000.0 16600.0 2016.0 2 88 {-999.0 13.699113 12.59676 12.165523 -999.0} sdss_psfmag_from_g3xp 13.307223 12.60363 11.795554 10.038 63050395995409257 1152663097 bright_1x1 mwm_galactic_core_dist_apogee_sparse mwm_galactic science 0 0 0.0 0.0 -999 ""
FIBERMAP 1088 R+6C21 BOSS 0 0 0 1 0 0 243.062090740752 121.63563322876415 143.1 -40.97244109417683 268.6815149254469 63.143383 61.957928 -999.0 -999.0 -999.0 -999.0 -999.0 123.19882743600414 -21.563407581587605 123.1514785389146 -21.64765634875492 75.06658934221088 296.27920967099044 -999.0 5400.0 -999.0 1 262 {-999.0 -999.0 -999.0 -999.0 -999.0} "" -999.0 -999.0 -999.0 -999.0 -999 -999 "" "" "" "" 0 0 0.0 0.0 -999 ""
FIBERMAP 1088 R+6C21 METROLOGY 0 0 0 1 0 0 242.33053873693473 121.55985518939113 143.1 -41.125351670324086 267.9621501158708 63.143383 61.957928 -999.0 -999.0 -999.0 -999.0 -999.0 123.19833674000735 -21.565521924443793 123.15096762553378 -21.6497606293005 75.06731853291822 296.2713311472925 -999.0 6231.0 -999.0 -1 -999 {-999.0 -999.0 -999.0 -999.0 -999.0} "" -999.0 -999.0 -999.0 -999.0 -999 -999 "" "" "" "" 0 0 0.0 0.0 -999 ""
FIBERMAP 1089 R+7C13 APOGEE 1 1 0 1 0 0 66.04344876799281 143.17739229524184 143.1 -115.91664245762986 106.8777147516792 30.247766 122.88298 122.95407241380919 -22.051896961125237 -1.1650013 1.369083 0.202075 122.95405005443261 -22.051888045806166 122.90531275104723 -22.135509916345733 75.12690913475765 294.1977769294686 16000.0 16600.0 2016.0 2 91 {-999.0 14.09419 12.602396 11.386509 -999.0} sdss_psfmag_from_g3xp 13.4800415 12.087046 10.927296 8.322 63050395995391362 1152662993 bright_1x1 mwm_galactic_core_dist_apogee_sparse mwm_galactic science 0 0 0.0 0.0 -999 ""
FIBERMAP 1089 R+7C13 BOSS 0 0 0 1 0 0 66.71313578991928 142.8842270969774 143.1 -115.43171839892841 107.4247361816383 30.247766 122.88298 -999.0 -999.0 -999.0 -999.0 -999.0 122.95553207233121 -22.050155878267745 122.90685274498736 -22.13381015168974 75.12727319896337 294.20630504675853 -999.0 5400.0 -999.0 1 156 {-999.0 -999.0 -999.0 -999.0 -999.0} "" -999.0 -999.0 -999.0 -999.0 -999 -999 "" "" "" "" 0 0 0.0 0.0 -999 ""
FIBERMAP 1089 R+7C13 METROLOGY 0 0 0 1 0 0 66.11002486860122 142.43995056639497 143.1 -115.1945040400714 106.71423714720135 30.247766 122.88298 -999.0 -999.0 -999.0 -999.0 -999.0 122.95630353194103 -22.052302361241725 122.90760411886669 -22.135949783722054 75.12896045936294 294.2005055680026 -999.0 6231.0 -999.0 -1 -999 {-999.0 -999.0 -999.0 -999.0 -999.0} "" -999.0 -999.0 -999.0 -999.0 -999 -999 "" "" "" "" 0 0 0.0 0.0 -999 ""
FIBERMAP 1090 R+2C22 APOGEE 0 0 0 1 0 0 199.26177501780356 50.6042279206374 143.1 13.140334204643956 205.15845892352615 92.9053 125.7315 -999.0 -999.0 -999.0 -999.0 -999.0 123.37542406107853 -21.754019450949947 123.32762342579792 -21.83859039455289 75.30691825092747 295.9900025887524 -999.0 16600.0 -999.0 2 -999 {-999.0 -999.0 -999.0 -999.0 -999.0} "" -999.0 -999.0 -999.0 -999.0 -999 -999 "" "" "" "" 0 0 0.0 0.0 -999 ""
FIBERMAP 1090 R+2C22 BOSS 1 1 0 1 0 0 199.8234813639864 51.10207193650387 143.1 12.839416190193766 205.84603871085432 92.9053 125.7315 123.37438611657059 -21.751670751240635 7.218756 -56.83013 12.637592 123.3743880914091 -21.751867168782137 123.3266436926906 -21.836466107113566 75.3050182007401 295.9951871166361 5400.0 5400.0 2016.0 1 232 {-999.0 17.926458 16.413649 14.986475 -999.0} sdss_psfmag_ps1 17.287678 15.695423 14.469579 12.21 63050395995387238 1151084481 bright_1x1 mwm_snc_100pc_boss_single mwm_snc science 0 0 0.0 0.0 -999 ""
FIBERMAP 1090 R+2C22 METROLOGY 0 0 0 1 0 0 199.96210782183405 50.34148816271162 143.1 13.605735148997669 205.74399749512386 92.9053 125.7315 -999.0 -999.0 -999.0 -999.0 -999.0 123.37690518051643 -21.75214814239848 123.3291466485486 -21.83674396809797 75.30713334190257 295.9991322483527 -999.0 6231.0 -999.0 -1 -999 {-999.0 -999.0 -999.0 -999.0 -999.0} "" -999.0 -999.0 -999.0 -999.0 -999 -999 "" "" "" "" 0 0 0.0 0.0 -999 ""
FIBERMAP 1097 R-1C6 APOGEE 0 0 0 1 0 0 -179.7385754121142 -28.405286557736396 143.1 -28.257202002131216 -179.7545475317133 229.38518 104.22803 -999.0 -999.0 -999.0 -999.0 -999.0 123.24252177600756 -22.92063050462868 123.19171167978385 -23.004751658044988 75.78298794866383 291.69417338473323 -999.0 16600.0 -999.0 2 -999 {-999.0 -999.0 -999.0 -999.0 -999.0} "" -999.0 -999.0 -999.0 -999.0 -999 -999 "" "" "" "" 0 0 0.0 0.0 -999 ""
FIBERMAP 1097 R-1C6 BOSS 1 1 0 1 0 0 -180.48845657824256 -27.95254859161623 143.1 -28.918622544766595 -180.32879043573035 229.38518 104.22803 123.24028285423641 -22.922391813715286 -2.2225535 2.7206821 0.11082412 123.24028708756475 -22.922402099662428 123.18952352944956 -23.006543717676475 75.78205178302744 291.6838795821068 5400.0 5400.0 2016.0 1 461 {-999.0 14.639235 14.458994 14.426386 -999.0} sdss_psfmag_from_g3xp 14.651041 14.454531 14.09662 13.546 63050395995099854 1093865249 bright_1x1 mwm_astar_core_boss_single mwm_ob science 0 0 0.0 0.0 -999 ""
FIBERMAP 1097 R-1C6 METROLOGY 0 0 0 1 0 0 -179.80153046664196 -27.659944436354877 143.1 -28.985743716200812 -179.58519456098506 229.38518 104.22803 -999.0 -999.0 -999.0 -999.0 -999.0 123.24007119633055 -22.92018787478897 123.18929841354787 -23.004322113369803 75.78082522811394 291.6914679825593 -999.0 6231.0 -999.0 -1 -999 {-999.0 -999.0 -999.0 -999.0 -999.0} "" -999.0 -999.0 -999.0 -999.0 -999 -999 "" "" "" "" 0 0 0.0 0.0 -999 ""
FIBERMAP 1102 R+4C17 APOGEE 1 1 0 1 0 0 132.63522905894555 84.2311261284652 143.1 -39.34806832019274 152.10766317457276 84.32126 32.53299 123.20441294827499 -21.91457088071648 -5.014664 4.7633524 0.38505828 123.20435028224374 -21.91457562321483 123.15607055414387 -21.998756184715795 75.25584719136002 295.12432897364164 16000.0 16600.0 2016.0 2 66 {-999.0 12.865385 11.882877 11.494432 -999.0} sdss_psfmag_from_g3xp 12.54016 11.904415 11.129698 9.487 63050395995384283 1152662989 bright_1x1 mwm_galactic_core_dist_apogee_sparse mwm_galactic science 0 0 0.0 0.0 -999 ""
FIBERMAP 1102 R+4C17 BOSS 0 0 0 1 0 0 132.98670781962724 83.5720642547326 143.1 -38.61287596454704 152.23937286184454 84.32126 32.53299 -999.0 -999.0 -999.0 -999.0 -999.0 123.20668305800434 -21.914079375037257 123.15845758468362 -21.99829439719306 75.25749673890716 295.1304045862631 -999.0 5400.0 -999.0 1 218 {-999.0 -999.0 -999.0 -999.0 -999.0} "" -999.0 -999.0 -999.0 -999.0 -999 -999 "" "" "" "" 0 0 0.0 0.0 -999 ""
FIBERMAP 1102 R+4C17 METROLOGY 0 0 0 1 0 0 132.23941799344792 83.60120974952854 143.1 -38.87045981716599 151.53730636882602 84.32126 32.53299 -999.0 -999.0 -999.0 -999.0 -999.0 123.20585267840919 -21.91619489266297 123.15760678903814 -22.000399501464443 75.25791866536832 295.1217273835904 -999.0 6231.0 -999.0 -1 -999 {-999.0 -999.0 -999.0 -999.0 -999.0} "" -999.0 -999.0 -999.0 -999.0 -999 -999 "" "" "" "" 0 0 0.0 0.0 -999 ""
FIBERMAP 1110 R-12C9 APOGEE 0 0 0 1 0 0 26.251269248199552 -248.1471210443984 143.1 244.18135488745887 -51.347907015669705 303.04745 96.21589 -999.0 -999.0 -999.0 -999.0 -999.0 124.1344082343642 -22.527300349740493 124.08501803751994 -22.61338647056585 76.30910900076748 294.78287191079124 -999.0 16600.0 -999.0 2 -999 {-999.0 -999.0 -999.0 -999.0 -999.0} "" -999.0 -999.0 -999.0 -999.0 -999 -999 "" "" "" "" 0 0 0.0 0.0 -999 ""
FIBERMAP 1110 R-12C9 BOSS 1 1 0 1 0 0 25.690325094543326 -248.63292681396098 143.1 244.47105319110477 -52.03105885074005 303.04745 96.21589 124.1353804090311 -22.52939387350505 -4.020022 6.9668283 1.0299593 124.1353343522897 -22.529335705604442 124.08598815937518 -22.61545015870501 76.31093200247025 294.77730240752607 5400.0 5400.0 2016.0 1 367 {-999.0 18.645126 17.3653 16.628328 -999.0} sdss_psfmag_ps1 18.143227 17.271236 16.366383 14.531 63050395995128329 1095594747 bright_1x1 mwm_bin_vis_boss mwm_filler science 0 0 0.0 0.0 -999 ""
FIBERMAP 1110 R-12C9 METROLOGY 0 0 0 1 0 0 25.548333436201276 -247.89142696741106 143.1 243.721857128537 -51.93808941745726 303.04745 96.21589 -999.0 -999.0 -999.0 -999.0 -999.0 124.13295634002966 -22.529091541841726 124.08359583598872 -22.615193412933415 76.30890155159665 294.7734760271052 -999.0 6231.0 -999.0 -1 -999 {-999.0 -999.0 -999.0 -999.0 -999.0} "" -999.0 -999.0 -999.0 -999.0 -999 -999 "" "" "" "" 0 0 0.0 0.0 -999 ""
FIBERMAP 1117 R-12C14 APOGEE 1 1 0 1 0 0 137.0876815779171 -243.6581758563259 143.1 274.00144161434577 55.49140684135223 266.56168 132.69434 124.22834844018476 -22.20358346491626 -3.2843707 7.3026013 0.53948265 124.22835251671688 -22.203490734254103 124.1798175733474 -22.289822329259867 76.21577696405329 296.13867889500125 16000.0 16600.0 2016.0 2 233 {-999.0 13.392866 12.548522 12.225808 -999.0} sdss_psfmag_from_g3xp 13.129918 12.579505 11.865336 10.336 63050395995253884 1104148136 bright_1x1 mwm_tess_rgb_apogee mwm_tessrgb science 0 0 0.0 0.0 -999 ""
FIBERMAP 1117 R-12C14 BOSS 0 0 0 1 0 0 136.5498092215633 -244.15399126148074 143.1 274.30776034056885 54.8271285748308 266.56168 132.69434 -999.0 -999.0 -999.0 -999.0 -999.0 124.22929646582261 -22.205468288663106 124.18080527021863 -22.291829453829347 76.21761461638356 296.13356103471926 -999.0 5400.0 -999.0 1 342 {-999.0 -999.0 -999.0 -999.0 -999.0} "" -999.0 -999.0 -999.0 -999.0 -999 -999 "" "" "" "" 0 0 0.0 0.0 -999 ""
FIBERMAP 1117 R-12C14 METROLOGY 0 0 0 1 0 0 136.38499046286117 -243.41800707735152 143.1 273.55679112572403 54.89668196970511 266.56168 132.69434 -999.0 -999.0 -999.0 -999.0 -999.0 124.22693725079962 -22.2052689781814 124.17843177761353 -22.291617262177173 76.21563890209012 296.12943902817346 -999.0 6231.0 -999.0 -1 -999 {-999.0 -999.0 -999.0 -999.0 -999.0} "" -999.0 -999.0 -999.0 -999.0 -999 -999 "" "" "" "" 0 0 0.0 0.0 -999 ""
FIBERMAP 1119 R-13C14 APOGEE 0 0 0 1 0 0 154.85902821884056 -261.8564789876345 143.1 296.7828947851576 66.803021705389 315.81277 115.95572 -999.0 -999.0 -999.0 -999.0 -999.0 124.3015901357688 -22.16889140619809 124.25317599539068 -22.25538366178542 76.25501108130676 296.41283669609953 -999.0 16600.0 -999.0 2 -999 {-999.0 -999.0 -999.0 -999.0 -999.0} "" -999.0 -999.0 -999.0 -999.0 -999 -999 "" "" "" "" 0 0 0.0 0.0 -999 ""
FIBERMAP 1119 R-13C14 BOSS 1 1 0 1 0 0 154.62203573202558 -262.57235194722733 143.1 297.3911388830465 66.35733890314785 315.81277 115.95572 124.30343627929688 -22.170252163446534 -999.0 -999.0 -999.0 124.30345778501545 -22.17021091968095 124.25508919147461 -22.256734905164326 76.25722943035672 296.41199449672456 5400.0 5400.0 2015.5 1 343 {-999.0 -999.0 -999.0 -999.0 -999.0} "" -999.0 -999.0 -999.0 -999.0 27021603171074150 814745586 "" ops_sky_boss_good ops_sky sky_boss 0 0 0.0 0.0 -999 ""
FIBERMAP 1119 R-13C14 METROLOGY 0 0 0 1 0 0 154.12756329729064 -262.0128672395527 143.1 296.7067099755739 66.05894554489024 315.81277 115.95572 -999.0 -999.0 -999.0 -999.0 -999.0 124.30134501961186 -22.17111714296116 124.25295958662832 -22.257628587777603 76.256037551441 296.4043914248757 -999.0 6231.0 -999.0 -1 -999 {-999.0 -999.0 -999.0 -999.0 -999.0} "" -999.0 -999.0 -999.0 -999.0 -999 -999 "" "" "" "" 0 0 0.0 0.0 -999 ""
FIBERMAP 1120 R-8C16 APOGEE 0 0 0 1 0 0 140.38947691234608 -149.68468308715674 143.1 185.60314102144824 87.53750346116996 344.8345 161.0395 -999.0 -999.0 -999.0 -999.0 -999.0 123.94035069969543 -22.107998701787587 123.89191994578078 -22.193729758835314 75.93875773749478 295.8926567636677 -999.0 16600.0 -999.0 2 -999 {-999.0 -999.0 -999.0 -999.0 -999.0} "" -999.0 -999.0 -999.0 -999.0 -999 -999 "" "" "" "" 0 0 0.0 0.0 -999 ""
FIBERMAP 1120 R-8C16 BOSS 1 1 0 1 0 0 141.04063258770793 -150.0973974626161 143.1 186.19611379774386 88.03012157882338 344.8345 161.0395 123.94229796342154 -22.106482984595747 -5.9096074 11.247833 1.1450242 123.9422698715451 -22.106449046750274 123.89389316366146 -22.192212749283357 75.93950991323112 295.9019279886098 5400.0 5400.0 2016.0 1 293 {-999.0 17.632706 16.699825 16.337345 -999.0} sdss_psfmag_gaia 16.428638 16.731665 15.073085 13.601 63050395995258659 1095558284 bright_1x1 mwm_bin_vis_boss mwm_filler science 0 0 0.0 0.0 -999 ""
FIBERMAP 1120 R-8C16 METROLOGY 0 0 0 1 0 0 140.35915964994655 -150.4320645696653 143.1 186.3049343095985 87.27877650366237 344.8345 161.0395 -999.0 -999.0 -999.0 -999.0 -999.0 123.94268764776614 -22.108716880760184 123.89429149397148 -22.194473122116253 75.9410154339639 295.89482358456627 -999.0 6231.0 -999.0 -1 -999 {-999.0 -999.0 -999.0 -999.0 -999.0} "" -999.0 -999.0 -999.0 -999.0 -999 -999 "" "" "" "" 0 0 0.0 0.0 -999 ""
FIBERMAP 1122 R-6C16 APOGEE 0 0 0 1 0 0 103.06121948568968 -113.6627549678596 143.1 139.84752688081446 63.10010162273996 128.02362 146.8543 -999.0 -999.0 -999.0 -999.0 -999.0 123.79166807428709 -22.182625718364342 123.74298156740821 -22.268028593860514 75.86022793129236 295.33645874834497 -999.0 16600.0 -999.0 2 -999 {-999.0 -999.0 -999.0 -999.0 -999.0} "" -999.0 -999.0 -999.0 -999.0 -999 -999 "" "" "" "" 0 0 0.0 0.0 -999 ""
FIBERMAP 1122 R-6C16 BOSS 1 1 0 1 0 0 103.0082471770191 -112.91076419964827 143.1 139.1157296218638 63.28099797419041 128.02362 146.8543 123.78928272403317 -22.18211570330681 7.4842153 32.613785 10.355076 123.78928783668823 -22.18203127484525 123.74065158766422 -22.267457248825668 75.85808918033928 295.3338652707465 5400.0 5400.0 2016.0 1 291 {-999.0 19.815842 18.243534 16.528965 -999.0} sdss_psfmag_ps1 19.165104 17.18219 15.862774 13.256 63050395995151844 1157814171 bright_1x1 mwm_snc_100pc_bright_boss_single mwm_snc science 0 0 0.0 0.0 -999 ""
FIBERMAP 1122 R-6C16 METROLOGY 0 0 0 1 0 0 103.67432849224932 -113.23427443986382 143.1 139.62841732370913 63.815255074678106 128.02362 146.8543 -999.0 -999.0 -999.0 -999.0 -999.0 123.7909834132236 -22.180405511923993 123.74233788957366 -22.26582737946545 75.85857409183942 295.34288533549375 -999.0 6231.0 -999.0 -1 -999 {-999.0 -999.0 -999.0 -999.0 -999.0} "" -999.0 -999.0 -999.0 -999.0 -999 -999 "" "" "" "" 0 0 0.0 0.0 -999 ""
FIBERMAP 1123 R-1C3 APOGEE 1 1 0 1 0 0 -227.53687723204283 -16.31944833545156 143.1 -54.458503943724644 -221.51628196944333 327.67358 158.52408 123.15666128384677 -23.046562909058018 -1.9802049 1.9749514 0.14967948 123.15665309096694 -23.04657467448329 123.10548062989795 -23.13049325117771 75.77132037167617 291.09090131102175 16000.0 16600.0 2016.0 2 248 {-999.0 14.415843 13.195225 12.662701 -999.0} sdss_psfmag_from_g3xp 13.957776 13.152622 12.275338 10.3 63050395995098843 1152662666 bright_1x1 mwm_galactic_core_dist_apogee_sparse mwm_galactic science 0 0 0.0 0.0 -999 ""
FIBERMAP 1123 R-1C3 BOSS 0 0 0 1 0 0 -227.05604133549366 -16.933659330596015 143.1 -53.72619843061528 -221.247696292712 327.67358 158.52408 -999.0 -999.0 -999.0 -999.0 -999.0 123.15899723683846 -23.045778808238257 123.10788038107074 -23.12972763436087 75.7729250502065 291.0978077366751 -999.0 5400.0 -999.0 1 511 {-999.0 -999.0 -999.0 -999.0 -999.0} "" -999.0 -999.0 -999.0 -999.0 -999 -999 "" "" "" "" 0 0 0.0 0.0 -999 ""
FIBERMAP 1123 R-1C3 METROLOGY 0 0 0 1 0 0 -227.81168487193764 -17.019849732702344 143.1 -53.8766119639846 -221.99318635663943 327.67358 158.52408 -999.0 -999.0 -999.0 -999.0 -999.0 123.15851451053157 -23.048064573368652 123.10737671720216 -23.132004921898673 75.77356476272683 291.08871704045623 -999.0 6231.0 -999.0 -1 -999 {-999.0 -999.0 -999.0 -999.0 -999.0} "" -999.0 -999.0 -999.0 -999.0 -999 -999 "" "" "" "" 0 0 0.0 0.0 -999 ""
FIBERMAP 1124 R-4C19 APOGEE 1 1 0 1 0 0 147.06921508087746 -89.44131274519016 143.1 130.33736017394574 112.42288340096071 247.0348 99.185455 123.75955926673439 -22.03331411070469 -1.1499354 3.1910846 0.25686446 123.75953787170538 -22.033320859247667 123.71121076735636 -22.11867597307327 75.75697024137605 295.7926736477941 16000.0 16600.0 2016.0 2 215 {-999.0 13.075294 11.979698 11.533999 -999.0} sdss_psfmag_from_g3xp 12.686784 11.976748 11.161625 9.356 63050395995153502 1156066471 bright_1x1 mwm_galactic_core_dist_apogee_extra mwm_galactic science 0 0 0.0 0.0 -999 ""
FIBERMAP 1124 R-4C19 BOSS 0 0 0 1 0 0 146.34979881089257 -89.27805227440365 143.1 129.96074203231703 111.78858931301157 247.0348 99.185455 -999.0 -999.0 -999.0 -999.0 -999.0 123.75832514169272 -22.03517405806482 123.71004278760591 -22.12055499454201 75.75704057253934 295.78386534508803 -999.0 5400.0 -999.0 1 307 {-999.0 -999.0 -999.0 -999.0 -999.0} "" -999.0 -999.0 -999.0 -999.0 -999 -999 "" "" "" "" 0 0 0.0 0.0 -999 ""
FIBERMAP 1124 R-4C19 METROLOGY 0 0 0 1 0 0 146.84668197400413 -88.73064170407491 143.1 129.59272403684216 112.42973691074215 247.0348 99.185455 -999.0 -999.0 -999.0 -999.0 -999.0 123.75714088407143 -22.033230842532397 123.70884870247562 -22.11860139717979 75.75507110895143 295.7882453303829 -999.0 6231.0 -999.0 -1 -999 {-999.0 -999.0 -999.0 -999.0 -999.0} "" -999.0 -999.0 -999.0 -999.0 -999 -999 "" "" "" "" 0 0 0.0 0.0 -999 ""
FIBERMAP 1128 R+2C19 APOGEE 1 1 0 1 0 0 119.32402404078809 40.77525330535623 143.1 -2.0949670902475015 126.07610029745938 187.52312 100.378174 123.32630109806276 -21.993104696523996 -1.6371981 5.495484 0.44490394 123.32630988182204 -21.993107250106384 123.27788717167135 -22.077539060121126 75.39326147895468 295.0903566947742 16000.0 16600.0 2016.0 2 72 {-999.0 13.16764 12.355505 12.054009 -999.0} sdss_psfmag_from_g3xp 12.927376 12.388936 11.701038 10.292 63050395995382701 1109205712 bright_1x1 mwm_tess_rgb_apogee mwm_tessrgb science 0 0 0.0 0.0 -999 ""
FIBERMAP 1128 R+2C19 BOSS 0 0 0 1 0 0 119.08269714854745 41.47609067212693 143.1 -2.8360273059266787 126.06204724574371 187.52312 100.378174 -999.0 -999.0 -999.0 -999.0 -999.0 123.32383178717008 -21.99306274981142 123.27545962705796 -22.077518259635724 75.39132810491893 295.0857960162018 -999.0 5400.0 -999.0 1 229 {-999.0 -999.0 -999.0 -999.0 -999.0} "" -999.0 -999.0 -999.0 -999.0 -999 -999 "" "" "" "" 0 0 0.0 0.0 -999 ""
FIBERMAP 1128 R+2C19 METROLOGY 0 0 0 1 0 0 119.80879251844541 41.334193961722306 143.1 -2.4776819814436437 126.70926745863484 187.52312 100.378174 -999.0 -999.0 -999.0 -999.0 -999.0 123.32501414528907 -21.991095049597615 123.27663285227891 -22.0755451583984 75.39123274840955 295.0947200512653 -999.0 6231.0 -999.0 -1 -999 {-999.0 -999.0 -999.0 -999.0 -999.0} "" -999.0 -999.0 -999.0 -999.0 -999 -999 "" "" "" "" 0 0 0.0 0.0 -999 ""
FIBERMAP 1133 R0C15 APOGEE 1 1 0 1 0 0 25.22487902412376 -21.18256676915464 143.1 27.913487943402604 17.4855954896694 343.70987 34.00096 123.42562086465617 -22.322320163010136 -2.2028768 1.8089304 0.09854808 123.42562866973957 -22.322297023563102 123.37642184692982 -22.406895911355264 75.64027442861871 294.1459795112504 16000.0 16600.0 2016.0 2 110 {-999.0 14.729209 13.052994 10.9514 -999.0} sdss_psfmag_from_g3xp 14.074959 11.68329 10.295399 7.11 63050395995149725 1152662636 bright_1x1 mwm_galactic_core_dist_apogee_sparse mwm_galactic science 0 0 0.0 0.0 -999 ""
FIBERMAP 1133 R0C15 BOSS 0 0 0 1 0 0 24.50862338166627 -21.398665003146753 143.1 27.898794062728655 16.73762496538009 343.70987 34.00096 -999.0 -999.0 -999.0 -999.0 -999.0 123.42555590336364 -22.324530020768268 123.3763946702407 -22.40915615316101 75.6413939556885 294.1380614887307 -999.0 5400.0 -999.0 1 188 {-999.0 -999.0 -999.0 -999.0 -999.0} "" -999.0 -999.0 -999.0 -999.0 -999 -999 "" "" "" "" 0 0 0.0 0.0 -999 ""
FIBERMAP 1133 R0C15 METROLOGY 0 0 0 1 0 0 24.69820805317358 -20.653695393139298 143.1 27.248283326659973 17.147149783852242 343.70987 34.00096 -999.0 -999.0 -999.0 -999.0 -999.0 123.42343307366767 -22.323298241484927 123.37425945122533 -22.40791213894858 75.63906195472367 294.1383729733404 -999.0 6231.0 -999.0 -1 -999 {-999.0 -999.0 -999.0 -999.0 -999.0} "" -999.0 -999.0 -999.0 -999.0 -999 -999 "" "" "" "" 0 0 0.0 0.0 -999 ""
FIBERMAP 1134 R-4C17 APOGEE 1 1 0 1 0 0 130.27539306149237 -89.1601647244912 143.1 124.90438501855792 96.5303784152618 34.363773 31.359602 123.74219648999133 -22.081458579661728 -4.4281545 3.2760334 0.4934536 123.74214372990777 -22.08150210699421 123.69368794909178 -22.166813242123908 75.76845915429388 295.5914700202873 16000.0 16600.0 2016.0 2 210 {-999.0 13.489523 12.579543 12.238065 -999.0} sdss_psfmag_from_g3xp 13.199347 12.606356 11.877402 10.324 63050395995153356 1107093208 bright_1x1 mwm_tess_rgb_apogee mwm_tessrgb science 0 0 0.0 0.0 -999 ""
FIBERMAP 1134 R-4C17 BOSS 0 0 0 1 0 0 129.970656958671 -89.83548445530288 143.1 125.45320686086433 96.03271235874848 34.363773 31.359602 -999.0 -999.0 -999.0 -999.0 -999.0 123.74395306254547 -22.08293492339556 123.69554453267932 -22.168278229933478 75.77069125782727 295.590060368932 -999.0 5400.0 -999.0 1 297 {-999.0 -999.0 -999.0 -999.0 -999.0} "" -999.0 -999.0 -999.0 -999.0 -999 -999 "" "" "" "" 0 0 0.0 0.0 -999 ""
FIBERMAP 1134 R-4C17 METROLOGY 0 0 0 1 0 0 129.53450502516955 -89.23244856452592 143.1 124.74527819200459 95.80320531116323 34.363773 31.359602 -999.0 -999.0 -999.0 -999.0 -999.0 123.74167534405044 -22.083634473448704 123.69324984885418 -22.168964730021276 75.76924114124414 295.58315143464057 -999.0 6231.0 -999.0 -1 -999 {-999.0 -999.0 -999.0 -999.0 -999.0} "" -999.0 -999.0 -999.0 -999.0 -999 -999 "" "" "" "" 0 0 0.0 0.0 -999 ""
FIBERMAP 1138 R+7C7 APOGEE 1 1 0 1 0 0 -89.68504766188636 126.39545955855885 143.1 -147.84817431885878 -46.45660149588564 232.57364 104.961784 122.84912109374999 -22.516837451763692 -999.0 -999.0 -999.0 122.84911012633714 -22.516823972980497 122.79914614881017 -22.600153801058667 75.27203177664921 292.4275676028741 16000.0 16600.0 2015.5 2 44 {-999.0 -999.0 -999.0 -999.0 -999.0} "" -999.0 -999.0 -999.0 -999.0 27021603171078700 836857128 "" ops_sky_apogee_best ops_sky sky_apogee 0 0 0.0 0.0 -999 ""
FIBERMAP 1138 R+7C7 BOSS 0 0 0 1 0 0 -90.35845299840281 126.69629778537845 143.1 -148.3415427932258 -47.004800745305964 232.57364 104.961784 -999.0 -999.0 -999.0 -999.0 -999.0 122.84737290860355 -22.518476170053507 122.79745740281595 -22.601829238882456 75.27147591958993 292.4188351871562 -999.0 5400.0 -999.0 1 78 {-999.0 -999.0 -999.0 -999.0 -999.0} "" -999.0 -999.0 -999.0 -999.0 -999 -999 "" "" "" "" 0 0 0.0 0.0 -999 ""
FIBERMAP 1138 R+7C7 METROLOGY 0 0 0 1 0 0 -89.77493520508239 127.13388476845293 143.1 -148.57841866653357 -46.315001755495906 232.57364 104.961784 -999.0 -999.0 -999.0 -999.0 -999.0 122.8465937826459 -22.516396366382953 122.79666806666143 -22.599740335124295 75.26982889012253 292.4246447731057 -999.0 6231.0 -999.0 -1 -999 {-999.0 -999.0 -999.0 -999.0 -999.0} "" -999.0 -999.0 -999.0 -999.0 -999 -999 "" "" "" "" 0 0 0.0 0.0 -999 ""
FIBERMAP 1139 R-5C16 APOGEE 0 0 0 1 0 0 97.98970707633191 -109.11033549570175 143.1 133.95608886230158 59.67490035329738 251.4638 122.874115 -999.0 -999.0 -999.0 -999.0 -999.0 123.77248423738351 -22.193085793419705 123.7237626136843 -22.278446170104424 75.85044710091088 295.26221529776774 -999.0 16600.0 -999.0 2 206 {-999.0 -999.0 -999.0 -999.0 -999.0} "" -999.0 -999.0 -999.0 -999.0 -999 -999 "" "" "" "" 0 0 0.0 0.0 -999 ""
FIBERMAP 1139 R-5C16 BOSS 1 1 0 1 0 0 97.27177361264495 -109.31814300958659 143.1 133.93299046293703 58.927883488055734 251.4638 122.874115 123.77208218351325 -22.19529987291447 -2.759769 -2.5023437 0.3250654 123.77243880263674 -22.19529607632311 123.72376154558657 -22.280684107306367 75.85160807643243 295.2543883761562 5400.0 5400.0 2016.0 1 290 {-999.0 12.351786 11.584717 11.294687 -999.0} sdss_psfmag_from_g3xp 12.135177 11.619569 10.945578 9.592 63050395995151833 996757948 bright_1x1 mwm_bin_gaia_sb_boss mwm_bin science 0 0 1.2722735404968262 0.0 -999 ""
FIBERMAP 1139 R-5C16 METROLOGY 0 0 0 1 0 0 97.49665544996496 -108.56215933142212 143.1 133.28285681875226 59.374380566936296 251.4638 122.874115 -999.0 -999.0 -999.0 -999.0 -999.0 123.77033469996483 -22.19395173041344 123.72164569747446 -22.2793275012365 75.8492304326727 295.2549740412522 -999.0 6231.0 -999.0 -1 -999 {-999.0 -999.0 -999.0 -999.0 -999.0} "" -999.0 -999.0 -999.0 -999.0 -999 -999 "" "" "" "" 0 0 0.0 0.0 -999 ""
FIBERMAP 1141 R+13C2 APOGEE 0 0 0 1 0 0 -108.79324958717652 259.0849209306679 143.1 -279.97683347063224 -23.824847913276738 45.51151 95.12288 -999.0 -999.0 -999.0 -999.0 -999.0 122.41859688760898 -22.447028012602495 122.36861684858297 -22.529435523211752 74.88940119967023 291.92622963774306 -999.0 16600.0 -999.0 2 60 {-999.0 -999.0 -999.0 -999.0 -999.0} "" -999.0 -999.0 -999.0 -999.0 -999 -999 "" ops_sky_apogee_best_unassigned ops_sky sky_apogee 0 0 0.0 0.0 -999 ""
FIBERMAP 1141 R+13C2 BOSS 1 1 0 1 0 0 -108.33424664567352 258.50256708436456 143.1 -279.2815548007483 -23.567237181511537 45.51151 95.12288 122.4208384731395 -22.446252403140747 -3.822863 5.5242105 0.060821384 122.42081940886382 -22.44622962094256 122.3708974510028 -22.52866975910693 74.8908850346476 291.9326743473309 5400.0 5400.0 2016.0 1 100 {-999.0 14.515194 14.18066 14.055446 -999.0} sdss_psfmag_from_g3xp 14.464183 14.197191 13.723234 12.935 63050395995352168 1093867775 bright_1x1 mwm_astar_core_boss_single mwm_ob science 0 0 0.0 0.0 -999 ""
FIBERMAP 1141 R+13C2 METROLOGY 0 0 0 1 0 0 -109.07659870068437 258.3846616096501 143.1 -279.3977038725827 -24.30983563929375 45.51151 95.12288 -999.0 -999.0 -999.0 -999.0 -999.0 122.42039132499504 -22.448484988372012 122.37044781329547 -22.530916025797843 74.89159447799976 291.92434377571055 -999.0 6231.0 -999.0 -1 -999 {-999.0 -999.0 -999.0 -999.0 -999.0} "" -999.0 -999.0 -999.0 -999.0 -999 -999 "" "" "" "" 0 0 0.0 0.0 -999 ""
FIBERMAP 1146 R-1C11 APOGEE 1 1 0 1 0 0 -43.51101309461413 -15.086496876532745 143.1 0.9713141659639494 -46.04017306502797 20.355597 116.3233 123.33765252580044 -22.515426344364695 -0.9473022 0.958702 0.2116741 123.33767551204424 -22.51541622974581 123.28793981083214 -22.599799023654793 75.66571386197171 293.30673333832164 16000.0 16600.0 2016.0 2 247 {-999.0 14.883338 13.315418 12.140289 -999.0} sdss_psfmag_from_g3xp 14.293144 12.877929 11.7149105 9.099 63050395995140855 1152662579 bright_1x1 mwm_galactic_core_dist_apogee_sparse mwm_galactic science 0 0 0.0 0.0 -999 ""
FIBERMAP 1146 R-1C11 BOSS 0 0 0 1 0 0 -42.96326866189351 -15.573853186803643 143.1 1.6034998464009609 -45.6689071228291 20.355597 116.3233 -999.0 -999.0 -999.0 -999.0 -999.0 123.33970021123173 -22.5142866581053 123.29001993974981 -22.5987009919998 75.66684283684364 293.3144175726743 -999.0 5400.0 -999.0 1 508 {-999.0 -999.0 -999.0 -999.0 -999.0} "" -999.0 -999.0 -999.0 -999.0 -999 -999 "" "" "" "" 0 0 0.0 0.0 -999 ""
FIBERMAP 1146 R-1C11 METROLOGY 0 0 0 1 0 0 -43.654559396539256 -15.816706657615509 143.1 1.6219417738266748 -46.40135345902663 20.355597 116.3233 -999.0 -999.0 -999.0 -999.0 -999.0 123.33978133929415 -22.51652205516035 123.29008081300151 -22.600928582954097 75.66799042742784 293.3067016905701 -999.0 6231.0 -999.0 -1 -999 {-999.0 -999.0 -999.0 -999.0 -999.0} "" -999.0 -999.0 -999.0 -999.0 -999 -999 "" "" "" "" 0 0 0.0 0.0 -999 ""
FIBERMAP 1147 R+8C8 APOGEE 0 0 0 1 0 0 -50.71738625944779 136.2462862753183 143.1 -145.23530536546218 -6.349730523418177 303.02057 56.542477 -999.0 -999.0 -999.0 -999.0 -999.0 122.85771697112712 -22.39520539321378 122.80806631325186 -22.47857094557401 75.22011125275534 292.8604758524257 -999.0 16600.0 -999.0 2 -999 {-999.0 -999.0 -999.0 -999.0 -999.0} "" -999.0 -999.0 -999.0 -999.0 -999 -999 "" "" "" "" 0 0 0.0 0.0 -999 ""
FIBERMAP 1147 R+8C8 BOSS 1 1 0 1 0 0 -51.47120072429525 136.23644025569848 143.1 -145.4577964412186 -7.069998145193848 303.02057 56.542477 122.8568594213799 -22.39740373893357 0.9668303 0.57304657 1.1048145 122.85686262297936 -22.397364965868036 122.80725949054067 -22.480756051470728 75.2205303729375 292.8515758219507 5400.0 5400.0 2016.0 1 137 {-999.0 14.112134 13.715404 13.595076 -999.0} sdss_psfmag_from_g3xp 14.042757 13.734033 13.263441 12.44 63050395995370146 977963957 "" ops_std_boss ops_std standard_boss 0 0 0.0 0.0 -999 ""
FIBERMAP 1147 R+8C8 METROLOGY 0 0 0 1 0 0 -51.09398068801707 136.89256396576312 143.1 -145.96605894422848 -6.509269437022942 303.02057 56.542477 -999.0 -999.0 -999.0 -999.0 -999.0 122.8551980701315 -22.395670996788812 122.80558336123579 -22.479050885347032 75.21834532304473 292.85443436085495 -999.0 6231.0 -999.0 -1 -999 {-999.0 -999.0 -999.0 -999.0 -999.0} "" -999.0 -999.0 -999.0 -999.0 -999 -999 "" "" "" "" 0 0 0.0 0.0 -999 ""
FIBERMAP 1154 R+2C15 APOGEE 1 1 0 1 0 0 39.2587645798001 59.68928821177226 143.1 -44.717878002385866 55.713237150182984 172.88507 30.163921 123.18704527789141 -22.206746227327734 -1.1710103 1.6025856 0.22184196 123.18705963331607 -22.206721392532213 123.13803568388823 -22.290823650505587 75.3913616223891 294.1009969607415 16000.0 16600.0 2016.0 2 120 {-999.0 14.125695 12.596293 11.720014 -999.0} sdss_psfmag_from_g3xp 13.481634 12.35017 11.301168 8.903 63050395995373484 1156066732 bright_1x1 mwm_galactic_core_dist_apogee_extra mwm_galactic science 0 0 0.0 0.0 -999 ""
FIBERMAP 1154 R+2C15 BOSS 0 0 0 1 0 0 39.93117675215141 60.02001659864437 143.1 -44.82573782548143 56.454749613542724 172.88507 30.163921 -999.0 -999.0 -999.0 -999.0 -999.0 123.18662193579358 -22.20440925379688 123.13765574634374 -22.28853916846555 75.38990301848723 294.1081056976571 -999.0 5400.0 -999.0 1 206 {-999.0 -999.0 -999.0 -999.0 -999.0} "" -999.0 -999.0 -999.0 -999.0 -999 -999 "" "" "" "" 0 0 0.0 0.0 -999 ""
FIBERMAP 1154 R+2C15 METROLOGY 0 0 0 1 0 0 39.874641335751605 59.2767591429208 143.1 -44.13593268357454 56.17234508869925 172.88507 30.163921 -999.0 -999.0 -999.0 -999.0 -999.0 123.18889541189016 -22.205266012424328 123.13991331236264 -22.289392684785085 75.3921367131459 294.1093753364303 -999.0 6231.0 -999.0 -1 -999 {-999.0 -999.0 -999.0 -999.0 -999.0} "" -999.0 -999.0 -999.0 -999.0 -999 -999 "" "" "" "" 0 0 0.0 0.0 -999 ""
FIBERMAP 1157 R+10C1 APOGEE 0 0 0 1 0 0 -189.41060747541422 187.81046283986527 143.1 -236.957038450298 -122.45333105791107 200.76646 126.65809 -999.0 -999.0 -999.0 -999.0 -999.0 122.55802175014306 -22.74575537072637 122.50734016286418 -22.828423093526922 75.14336036102881 291.14033595193234 -999.0 16600.0 -999.0 2 46 {-999.0 -999.0 -999.0 -999.0 -999.0} "" -999.0 -999.0 -999.0 -999.0 -999 -999 "" "" "" "" 0 0 0.0 0.0 -999 ""
FIBERMAP 1157 R+10C1 BOSS 1 1 0 1 0 0 -190.0278241893535 188.20957903295073 143.1 -237.5266338362146 -122.91783949135377 200.76646 126.65809 122.55577739069953 -22.7471362620579 -1.1537689 4.2072344 0.4512362 122.5561152554511 -22.747119120956185 122.50548393058403 -22.82980900719032 75.1424916484637 291.13244572913453 5400.0 5400.0 2016.0 1 81 {-999.0 12.90831 12.038466 11.698621 -999.0} sdss_psfmag_from_g3xp 12.638158 12.061347 11.33947 9.76 63050395995331421 996714221 bright_1x1 mwm_bin_gaia_sb_boss mwm_bin science 0 0 1.1420623064041138 0.0 -999 ""
FIBERMAP 1157 R+10C1 METROLOGY 0 0 0 1 0 0 -189.39410397804969 188.55888560099996 143.1 -237.66407135213424 -122.20742733954181 200.76646 126.65809 -999.0 -999.0 -999.0 -999.0 -999.0 122.5556328270194 -22.745002477907846 122.50499122585074 -22.82768411690667 75.14110035465936 291.138954519515 -999.0 6231.0 -999.0 -1 -999 {-999.0 -999.0 -999.0 -999.0 -999.0} "" -999.0 -999.0 -999.0 -999.0 -999 -999 "" "" "" "" 0 0 0.0 0.0 -999 ""
FIBERMAP 1160 R-9C13 APOGEE 1 1 0 1 0 0 69.11593621380037 -179.63108910708033 143.1 192.17411809130797 10.511215930610026 184.13701 137.28702 123.96370095405447 -22.34120107502426 -1.6246276 2.2610433 0.1964968 123.96366168281641 -22.341195741321954 123.91465759259364 -22.426943837079186 76.07837075168722 295.11511461629254 16000.0 16600.0 2016.0 2 185 {-999.0 14.026835 12.814993 12.314237 -999.0} sdss_psfmag_from_g3xp 13.572589 12.791342 11.934006 9.984 63050395995146020 1152662612 bright_1x1 mwm_galactic_core_dist_apogee_sparse mwm_galactic science 0 0 0.0 0.0 -999 ""
FIBERMAP 1160 R-9C13 BOSS 0 0 0 1 0 0 68.59314036270563 -179.06953910997487 143.1 191.47901234471502 10.186508661128405 184.13701 137.28702 -999.0 -999.0 -999.0 -999.0 -999.0 123.96141543787273 -22.342161977100222 123.91245713639785 -22.427932568326877 76.0771384808762 295.1072328070037 -999.0 5400.0 -999.0 1 379 {-999.0 -999.0 -999.0 -999.0 -999.0} "" -999.0 -999.0 -999.0 -999.0 -999 -999 "" "" "" "" 0 0 0.0 0.0 -999 ""
FIBERMAP 1160 R-9C13 METROLOGY 0 0 0 1 0 0 69.3438994302538 -178.92551113953505 143.1 191.5728922331889 10.945141016483253 184.13701 137.28702 -999.0 -999.0 -999.0 -999.0 -999.0 123.96174696190157 -22.339867252976788 123.91278061005022 -22.425631107864408 76.07620717750152 295.11606714515784 -999.0 6231.0 -999.0 -1 -999 {-999.0 -999.0 -999.0 -999.0 -999.0} "" -999.0 -999.0 -999.0 -999.0 -999 -999 "" "" "" "" 0 0 0.0 0.0 -999 ""
FIBERMAP 1161 R-13C7 APOGEE 1 1 0 1 0 0 -19.33433707375633 -235.1137317215395 143.1 217.75906144040255 -90.71285741874514 157.87497 67.622856 124.04909474857469 -22.647092731087753 -2.9317062 1.0039881 0.5883082 124.04905338936742 -22.647099847052957 123.99932111942292 -22.732987202856542 76.30142446205491 294.1781303802222 16000.0 16600.0 2016.0 2 264 {-999.0 12.9811735 11.963721 11.626828 -999.0} sdss_psfmag_from_g3xp 12.637325 12.012924 11.263882 9.676 63050395995125508 1109462417 bright_1x1 mwm_tess_rgb_apogee mwm_tessrgb science 0 0 0.0 0.0 -999 ""
FIBERMAP 1161 R-13C7 BOSS 0 0 0 1 0 0 -18.777104406764437 -234.59070022578405 143.1 217.43280202905063 -90.02178704422558 157.87497 67.622856 -999.0 -999.0 -999.0 -999.0 -999.0 124.04796124077775 -22.645005090136117 123.99828274494035 -22.73091665103294 76.29955693772399 294.1836628391699 -999.0 5400.0 -999.0 1 358 {-999.0 -999.0 -999.0 -999.0 -999.0} "" -999.0 -999.0 -999.0 -999.0 -999 -999 "" "" "" "" 0 0 0.0 0.0 -999 ""
FIBERMAP 1161 R-13C7 METROLOGY 0 0 0 1 0 0 -18.606146206068463 -235.30855817055465 143.1 218.1684128735369 -90.07992358920445 157.87497 67.622856 -999.0 -999.0 -999.0 -999.0 -999.0 124.05041362889479 -22.645181768246765 124.00072196613394 -22.731091097192735 76.30159032519245 294.1877939745889 -999.0 6231.0 -999.0 -1 -999 {-999.0 -999.0 -999.0 -999.0 -999.0} "" -999.0 -999.0 -999.0 -999.0 -999 -999 "" "" "" "" 0 0 0.0 0.0 -999 ""
FIBERMAP 1164 R+8C9 APOGEE 0 0 0 1 0 0 -22.490195474042622 164.70628204744864 143.1 -163.6322529676056 29.261636212883904 55.04397 146.60814 -999.0 -999.0 -999.0 -999.0 -999.0 122.79771254265597 -22.287167795475806 122.74830935734775 -22.370418908699236 75.11884770975254 293.12237718761503 -999.0 16600.0 -999.0 2 -999 {-999.0 -999.0 -999.0 -999.0 -999.0} "" -999.0 -999.0 -999.0 -999.0 -999 -999 "" "" "" "" 0 0 0.0 0.0 -999 ""
FIBERMAP 1164 R+8C9 BOSS 1 1 0 1 0 0 -21.812491119846477 164.99380733141473 143.1 -163.69737813778002 29.994895605851102 55.04397 146.60814 122.79740390606129 -22.284934415415808 -4.512568 2.4435754 -1.0028956 122.79738135253024 -22.284904860946916 122.74803735905084 -22.36818371409649 75.11752554234106 293.1294624511189 5400.0 5400.0 2016.0 1 128 {-999.0 16.071714 15.746981 15.632845 -999.0} sdss_psfmag_ps1 16.04789 15.78033 15.298898 14.601 63050395995371758 1093564774 bright_1x1 mwm_astar_core_boss_single mwm_ob science 0 0 0.0 0.0 -999 ""
FIBERMAP 1164 R+8C9 METROLOGY 0 0 0 1 0 0 -21.89896113123559 164.24808976392387 143.1 -163.0144395762695 29.6832522364406 55.04397 146.60814 -999.0 -999.0 -999.0 -999.0 -999.0 122.79960398817231 -22.285855366888153 122.75024338376596 -22.369130913149533 75.11976724919431 293.1301768632457 -999.0 6231.0 -999.0 -1 -999 {-999.0 -999.0 -999.0 -999.0 -999.0} "" -999.0 -999.0 -999.0 -999.0 -999 -999 "" "" "" "" 0 0 0.0 0.0 -999 ""
FIBERMAP 1165 R+13C8 APOGEE 0 0 0 1 0 0 4.518223762996807 262.4481734350884 143.1 -248.324390080291 85.02319407215008 116.31222 123.9598 -999.0 -999.0 -999.0 -999.0 -999.0 122.52272206781849 -22.118182618898437 122.47362618699452 -22.20086232705094 74.81407441106856 293.20531572815906 -999.0 16600.0 -999.0 2 99 {-999.0 -999.0 -999.0 -999.0 -999.0} "" -999.0 -999.0 -999.0 -999.0 -999 -999 "" ops_sky_apogee_best_unassigned ops_sky sky_apogee 0 0 0.0 0.0 -999 ""
FIBERMAP 1165 R+13C8 BOSS 1 1 0 1 0 0 4.842275613489126 263.10063157939203 143.1 -248.8455184207667 85.5322068702007 116.31222 123.9598 122.52098302165976 -22.116653023805444 -2.564042 2.5907655 0.05206202 122.52098496156042 -22.116613971566103 122.47194688696425 -22.199319036793977 74.81195858414303 293.2074833857197 5400.0 5400.0 2016.0 1 173 {-999.0 16.208342 15.981927 15.884407 -999.0} sdss_psfmag_ps1 16.198446 15.954647 15.519255 14.788 63050395995393687 1093564788 bright_1x1 mwm_astar_core_boss_single mwm_ob science 0 0 0.0 0.0 -999 ""
FIBERMAP 1165 R+13C8 METROLOGY 0 0 0 1 0 0 5.256743491061495 262.4857536270508 143.1 -248.13299188447024 85.7374395797925 116.31222 123.9598 -999.0 -999.0 -999.0 -999.0 -999.0 122.52326326241007 -22.11598682183993 122.47421230730066 -22.198688724485553 74.81346638006914 293.21354696762734 -999.0 6231.0 -999.0 -1 -999 {-999.0 -999.0 -999.0 -999.0 -999.0} "" -999.0 -999.0 -999.0 -999.0 -999 -999 "" "" "" "" 0 0 0.0 0.0 -999 ""
FIBERMAP 1166 R0C7 APOGEE 1 1 0 1 0 0 -169.3442262248623 -10.031557880722891 143.1 -42.54232280254108 -164.21311664386693 239.32945 96.087 123.19540535011804 -22.873710655099174 -2.5881162 2.5674908 0.21948402 123.19540477428872 -22.87371883703744 123.14469201306747 -22.957745194025538 75.72267112004639 291.7799202591423 16000.0 16600.0 2016.0 2 277 {-999.0 12.931895 11.835221 11.407081 -999.0} sdss_psfmag_from_g3xp 12.545076 11.843402 11.034999 9.279 63050395995100263 1152662691 bright_1x1 mwm_galactic_core_dist_apogee_sparse mwm_galactic science 0 0 0.0 0.0 -999 ""
FIBERMAP 1166 R0C7 BOSS 0 0 0 1 0 0 -169.9621791038836 -9.64564068141337 143.1 -43.09958604442531 -164.6823852893995 239.32945 96.087 -999.0 -999.0 -999.0 -999.0 -999.0 123.19350496520795 -22.875174747835327 123.14283987192033 -22.959222531599814 75.72186337057056 291.77137769460916 -999.0 5400.0 -999.0 1 450 {-999.0 -999.0 -999.0 -999.0 -999.0} "" -999.0 -999.0 -999.0 -999.0 -999 -999 "" "" "" "" 0 0 0.0 0.0 -999 ""
FIBERMAP 1166 R0C7 METROLOGY 0 0 0 1 0 0 -169.29140068189594 -9.293081877550467 143.1 -43.22871957769652 -163.9357126745427 239.32945 96.087 -999.0 -999.0 -999.0 -999.0 -999.0 123.19308358763931 -22.87294603502806 123.1424091640705 -22.956985942487396 75.72045938418722 291.7786174440163 -999.0 6231.0 -999.0 -1 -999 {-999.0 -999.0 -999.0 -999.0 -999.0} "" -999.0 -999.0 -999.0 -999.0 -999 -999 "" "" "" "" 0 0 0.0 0.0 -999 ""
FIBERMAP 1171 R+5C19 APOGEE 0 0 0 1 0 0 171.73699892418264 84.45801956217245 143.1 -27.53697283711975 189.3819920507494 285.1691 118.524155 -999.0 -999.0 -999.0 -999.0 -999.0 123.24280947095504 -21.80188763448745 123.19483001811983 -21.886166788020194 75.22753312172074 295.5747796447364 -999.0 16600.0 -999.0 2 -999 {-999.0 -999.0 -999.0 -999.0 -999.0} "" -999.0 -999.0 -999.0 -999.0 -999 -999 "" "" "" "" 0 0 0.0 0.0 -999 ""
FIBERMAP 1171 R+5C19 BOSS 1 1 0 1 0 0 171.1903503858175 83.91434383742772 143.1 -27.187815378875836 188.6946424775018 285.1691 118.524155 123.24370120810998 -21.80386577470711 -0.2068898 -0.96150446 0.21719818 123.24389045390978 -21.803871184999124 123.19595830137922 -21.888182159850754 75.22948448815116 295.5702225450831 5400.0 5400.0 2016.0 1 212 {-999.0 13.047797 13.045425 13.092987 -999.0} sdss_psfmag_from_g3xp 13.091494 13.022333 12.757042 12.436 63050395995402749 1093865218 bright_1x1 mwm_astar_core_boss_single mwm_ob science 0 0 0.682001531124115 0.0 -999 ""
FIBERMAP 1171 R+5C19 METROLOGY 0 0 0 1 0 0 171.01889764348164 84.6673727743562 143.1 -27.957042820634044 188.76312642172786 285.1691 118.524155 -999.0 -999.0 -999.0 -999.0 -999.0 123.24139008462788 -21.80365294648891 123.19344269963557 -21.887950136960423 75.22737788357516 295.56617531420756 -999.0 6231.0 -999.0 -1 -999 {-999.0 -999.0 -999.0 -999.0 -999.0} "" -999.0 -999.0 -999.0 -999.0 -999 -999 "" "" "" "" 0 0 0.0 0.0 -999 ""
FIBERMAP 1173 R-8C17 APOGEE 1 1 0 1 0 0 150.80410668649682 -169.52727528998523 143.1 207.68631206938443 91.34359863774998 264.03986 98.248276 124.01209934090326 -22.096201002052293 -2.9244926 0.7463561 0.2487555 124.0120986174148 -22.096184126273666 123.96373065825674 -22.18206996649047 75.98904459590088 296.07836004988945 16000.0 16600.0 2016.0 2 221 {-999.0 13.702424 12.813657 12.456664 -999.0} sdss_psfmag_from_g3xp 13.424633 12.829993 12.09625 10.517 63050395995259072 1152662903 bright_1x1 mwm_galactic_core_dist_apogee_sparse mwm_galactic science 0 0 0.0 0.0 -999 ""
FIBERMAP 1173 R-8C17 BOSS 0 0 0 1 0 0 150.04795673213928 -169.52013364551738 143.1 207.44693922262064 90.62633393583913 264.03986 98.248276 -999.0 -999.0 -999.0 -999.0 -999.0 124.0113309778441 -22.098312765560728 123.96300636538979 -22.184225002995355 75.98961688731734 296.0693422739279 -999.0 5400.0 -999.0 1 319 {-999.0 -999.0 -999.0 -999.0 -999.0} "" -999.0 -999.0 -999.0 -999.0 -999 -999 "" "" "" "" 0 0 0.0 0.0 -999 ""
FIBERMAP 1173 R-8C17 METROLOGY 0 0 0 1 0 0 150.44176476550658 -168.87879370208472 143.1 206.95784533418427 91.19829857395234 264.03986 98.248276 -999.0 -999.0 -999.0 -999.0 -999.0 124.00977310408646 -22.096582706472805 123.96143820392655 -22.18248383877382 75.98746310524541 296.0722669803553 -999.0 6231.0 -999.0 -1 -999 {-999.0 -999.0 -999.0 -999.0 -999.0} "" -999.0 -999.0 -999.0 -999.0 -999 -999 "" "" "" "" 0 0 0.0 0.0 -999 ""
FIBERMAP 1175 R-8C4 APOGEE 0 0 0 1 0 0 -150.32655541182473 -164.50194588192517 143.1 110.28260041322406 -193.63041824413557 247.76096 73.257706 -999.0 -999.0 -999.0 -999.0 -999.0 123.69828907247027 -22.960757328325343 123.64759496430929 -23.045851067321816 76.1720078070644 292.36463832650173 -999.0 16600.0 -999.0 2 -999 {-999.0 -999.0 -999.0 -999.0 -999.0} "" -999.0 -999.0 -999.0 -999.0 -999 -999 "" "" "" "" 0 0 0.0 0.0 -999 ""
FIBERMAP 1175 R-8C4 BOSS 1 1 0 1 0 0 -150.89618821238258 -164.04918715578407 143.1 109.67660117568208 -194.03315210011823 247.76096 73.257706 123.69625578361727 -22.962028480982532 -2.3351486 2.0404744 0.2728669 123.69627405510806 -22.961995848913947 123.6456262514331 -23.0471102800032 76.17101635660681 292.3563924061351 5400.0 5400.0 2016.0 1 490 {-999.0 17.061575 16.743954 16.5669 -999.0} sdss_psfmag_ps1 16.955746 16.673279 16.22831 15.794 63050395995113784 978537822 "" ops_std_boss ops_std standard_boss 0 0 0.0 0.0 -999 ""
FIBERMAP 1175 R-8C4 METROLOGY 0 0 0 1 0 0 -150.21343287070562 -163.76255322069107 143.1 109.6138776960458 -193.29536095744612 247.76096 73.257706 -999.0 -999.0 -999.0 -999.0 -999.0 123.69609583322924 -22.95981040224296 123.64543920226669 -23.04491762908935 76.16981907314323 292.3641107549021 -999.0 6231.0 -999.0 -1 -999 {-999.0 -999.0 -999.0 -999.0 -999.0} "" -999.0 -999.0 -999.0 -999.0 -999 -999 "" "" "" "" 0 0 0.0 0.0 -999 ""
FIBERMAP 1180 R+3C19 APOGEE 0 0 0 1 0 0 156.64482942491026 59.1630579722449 143.1 -8.111401843133986 167.2418374378406 346.75974 134.37059 -999.0 -999.0 -999.0 -999.0 -999.0 123.30635241703735 -21.86861027228911 123.25823364458228 -21.95301668612584 75.31271438785139 295.4727600992012 -999.0 16600.0 -999.0 2 -999 {-999.0 -999.0 -999.0 -999.0 -999.0} "" -999.0 -999.0 -999.0 -999.0 -999 -999 "" "" "" "" 0 0 0.0 0.0 -999 ""
FIBERMAP 1180 R+3C19 BOSS 1 1 0 1 0 0 157.01504137104519 58.48587929512009 143.1 -7.353209735866718 167.38579897790063 346.75974 134.37059 123.3087791960015 -21.868056883252375 -5.954869 1.7780603 0.644545 123.30877360941076 -21.86807572348084 123.2607088345178 -21.95251691950691 75.31440611642087 295.4791908561957 5400.0 5400.0 2016.0 1 225 {-999.0 15.126771 14.7908535 14.677534 -999.0} sdss_psfmag_from_g3xp 15.072822 14.792067 14.348263 13.582 63050395995386073 977963972 "" ops_std_boss ops_std standard_boss 0 0 0.0 0.0 -999 ""
FIBERMAP 1180 R+3C19 METROLOGY 0 0 0 1 0 0 156.2825090227084 58.50867112721791 143.1 -7.600209080566781 166.69581965668982 346.75974 134.37059 -999.0 -999.0 -999.0 -999.0 -999.0 123.30798466270201 -21.870150401781427 123.25989971258014 -21.954581244123396 75.31485084582843 295.4707059922352 -999.0 6231.0 -999.0 -1 -999 {-999.0 -999.0 -999.0 -999.0 -999.0} "" -999.0 -999.0 -999.0 -999.0 -999 -999 "" "" "" "" 0 0 0.0 0.0 -999 ""
FIBERMAP 1181 R-7C8 APOGEE 1 1 0 1 0 0 -51.5468938373007 -151.47137848793264 143.1 128.26707375918372 -95.6356133595872 307.4648 93.60191 123.75638450993274 -22.6641884983134 -1.0843178 5.7620497 0.35133848 123.75636482303632 -22.664167228835055 123.70644961402922 -22.74942695581315 76.0753996037539 293.5548420391345 16000.0 16600.0 2016.0 2 270 {-999.0 13.172166 12.222712 11.838824 -999.0} sdss_psfmag_from_g3xp 12.862379 12.234872 11.475294 9.836 63050395995126355 1108367185 bright_1x1 mwm_tess_rgb_apogee mwm_tessrgb science 0 0 0.0 0.0 -999 ""
FIBERMAP 1181 R-7C8 BOSS 0 0 0 1 0 0 -52.21799669929393 -151.82707778078262 143.1 128.3990956122713 -96.38356062875579 307.4648 93.60191 -999.0 -999.0 -999.0 -999.0 -999.0 123.7568138802081 -22.666443094323867 123.7069432504519 -22.751729739615204 76.07693365474688 293.54745847524623 -999.0 5400.0 -999.0 1 372 {-999.0 -999.0 -999.0 -999.0 -999.0} "" -999.0 -999.0 -999.0 -999.0 -999 -999 "" "" "" "" 0 0 0.0 0.0 -999 ""
FIBERMAP 1181 R-7C8 METROLOGY 0 0 0 1 0 0 -52.183386834955385 -151.08096461576372 143.1 127.699829427307 -96.12113945856127 307.4648 93.60191 -999.0 -999.0 -999.0 -999.0 -999.0 123.75454798298217 -22.665681034899894 123.70466400427017 -22.75095549515134 76.07472376650028 293.54593816239554 -999.0 6231.0 -999.0 -1 -999 {-999.0 -999.0 -999.0 -999.0 -999.0} "" -999.0 -999.0 -999.0 -999.0 -999 -999 "" "" "" "" 0 0 0.0 0.0 -999 ""
FIBERMAP 1188 R+1C9 APOGEE 1 1 0 1 0 0 -82.05197276729804 15.910890316670951 143.1 -40.37655597387745 -73.17689218548934 33.21485 65.544106 123.20192043230772 -22.598003746279428 -1.6881562 1.5427932 0.20294558 123.20192672031745 -22.597992757328736 123.15191859034303 -22.68207196494898 75.59653482751624 292.7699747195896 16000.0 16600.0 2016.0 2 28 {-999.0 14.540398 13.041021 12.046151 -999.0} sdss_psfmag_from_g3xp 13.915854 12.70404 11.616544 9.142 63050395995138804 1152662558 bright_1x1 mwm_galactic_core_dist_apogee_sparse mwm_galactic science 0 0 0.0 0.0 -999 ""
FIBERMAP 1188 R+1C9 BOSS 0 0 0 1 0 0 -81.92633530993125 15.190557419867389 143.1 -39.65253008374981 -73.2789117475895 33.21485 65.544106 -999.0 -999.0 -999.0 -999.0 -999.0 123.20423021466935 -22.59831628878951 123.15427449023696 -22.682427176914782 75.5986071068422 292.772974595097 -999.0 5400.0 -999.0 1 46 {-999.0 -999.0 -999.0 -999.0 -999.0} "" -999.0 -999.0 -999.0 -999.0 -999 -999 "" "" "" "" 0 0 0.0 0.0 -999 ""
FIBERMAP 1188 R+1C9 METROLOGY 0 0 0 1 0 0 -82.61397444729188 15.430492143174561 143.1 -40.09232816367839 -73.85938695904821 33.21485 65.544106 -999.0 -999.0 -999.0 -999.0 -999.0 123.20279840908495 -22.600093337939427 123.152822730433 -22.684193304031147 75.59829489193706 292.7641512187868 -999.0 6231.0 -999.0 -1 -999 {-999.0 -999.0 -999.0 -999.0 -999.0} "" -999.0 -999.0 -999.0 -999.0 -999 -999 "" "" "" "" 0 0 0.0 0.0 -999 ""
FIBERMAP 1191 R0C18 APOGEE 0 0 0 1 0 0 80.25569716418264 12.770033819684155 143.1 12.534737492075136 80.28949329508085 147.10435 96.13417 -999.0 -999.0 -999.0 -999.0 -999.0 123.37459355839523 -22.131786112000682 123.32584365986878 -22.21630217541128 75.50294996448669 294.7086760876771 -999.0 16600.0 -999.0 2 -999 {-999.0 -999.0 -999.0 -999.0 -999.0} "" -999.0 -999.0 -999.0 -999.0 -999 -999 "" "" "" "" 0 0 0.0 0.0 -999 ""
FIBERMAP 1191 R0C18 BOSS 1 1 0 1 0 0 80.60769214535922 13.433516078596492 143.1 12.011714719529358 80.8284842284295 147.10435 96.13417 123.37280484486993 -22.130118303413948 6.207924 13.41708 2.8907795 123.37283081121222 -22.13007893483179 123.32413581562088 -22.214619928486467 75.50072945954408 294.711199509658 5400.0 5400.0 2016.0 1 252 {-999.0 16.15389 14.999353 14.514891 -999.0} sdss_psfmag_from_g3xp 15.72184 14.98392 14.143808 12.444 63050395995377926 1075944468 bright_1x1 mwm_erosita_stars_boss mwm_erosita science 0 0 0.0 0.0 -999 ""
FIBERMAP 1191 R0C18 METROLOGY 0 0 0 1 0 0 81.00306748781175 12.80062493203115 143.1 12.73550793456578 81.01001025342123 147.10435 96.13417 -999.0 -999.0 -999.0 -999.0 -999.0 123.37521741579158 -22.1295234847863 123.3265103286081 -22.21406161414173 75.50232902683663 294.71762217914466 -999.0 6231.0 -999.0 -1 -999 {-999.0 -999.0 -999.0 -999.0 -999.0} "" -999.0 -999.0 -999.0 -999.0 -999 -999 "" "" "" "" 0 0 0.0 0.0 -999 ""
FIBERMAP 1195 R-8C11 APOGEE 0 0 0 1 0 0 7.21356430123905 -163.81686810125558 143.1 158.08718492149075 -43.52347356207585 240.65924 82.089516 -999.0 -999.0 -999.0 -999.0 -999.0 123.85332196723391 -22.505644441205742 123.80385253528277 -22.59113377121358 76.07416081915842 294.3112198998575 -999.0 16600.0 -999.0 2 -999 {-999.0 -999.0 -999.0 -999.0 -999.0} "" -999.0 -999.0 -999.0 -999.0 -999 -999 "" "" "" "" 0 0 0.0 0.0 -999 ""
FIBERMAP 1195 R-8C11 BOSS 1 1 0 1 0 0 6.620128708876273 -163.36559059805973 143.1 157.47527373975674 -43.94931088824265 240.65924 82.089516 123.85138511818349 -22.50694784188445 -2.1436398 2.8136601 0.70990026 123.8513450043153 -22.50693798530054 123.80192110122812 -22.592449752769948 76.0732859207624 294.3027593171362 5400.0 5400.0 2016.0 1 396 {-999.0 14.810454 14.461125 14.353269 -999.0} sdss_psfmag_from_g3xp 14.757731 14.471489 14.024072 13.252 63050395995143133 977963590 "" ops_std_boss ops_std standard_boss 0 0 0.0 0.0 -999 ""
FIBERMAP 1195 R-8C11 METROLOGY 0 0 0 1 0 0 7.31434801909063 -163.07569277853355 143.1 157.41297084463784 -43.19960810172643 240.65924 82.089516 -999.0 -999.0 -999.0 -999.0 -999.0 123.85116364324246 -22.504678962675282 123.80173125206488 -22.590183058509552 76.0719902536674 294.3105207860883 -999.0 6231.0 -999.0 -1 -999 {-999.0 -999.0 -999.0 -999.0 -999.0} "" -999.0 -999.0 -999.0 -999.0 -999 -999 "" "" "" "" 0 0 0.0 0.0 -999 ""
FIBERMAP 1196 R-12C2 APOGEE 1 1 0 1 0 0 -128.67600638236368 -250.21451268631782 143.1 198.49567640354957 -199.39395770125142 326.12122 73.56349 123.98741375523002 -22.97564543658402 -0.9992744 0.78316104 0.18495601 123.98736363679046 -22.97563397927677 123.9367722711794 -23.061343581722074 76.41289585684967 292.8460587407209 16000.0 16600.0 2016.0 2 153 {-999.0 14.234636 13.287375 12.901345 -999.0} sdss_psfmag_from_g3xp 13.928576 13.297416 12.53559 10.859 63050395995110944 1152662757 bright_1x1 mwm_galactic_core_dist_apogee_sparse mwm_galactic science 0 0 0.0 0.0 -999 ""
FIBERMAP 1196 R-12C2 BOSS 0 0 0 1 0 0 -129.21067433901854 -250.71820762063132 143.1 198.81047795587332 -200.05761064366305 326.12122 73.56349 -999.0 -999.0 -999.0 -999.0 -999.0 123.98832960767861 -22.977578618750478 123.9377831299281 -23.063315011992295 76.41466170280894 292.840618201716 -999.0 5400.0 -999.0 1 434 {-999.0 -999.0 -999.0 -999.0 -999.0} "" -999.0 -999.0 -999.0 -999.0 -999 -999 "" "" "" "" 0 0 0.0 0.0 -999 ""
FIBERMAP 1196 R-12C2 METROLOGY 0 0 0 1 0 0 -129.37434443210452 -249.97035120449536 143.1 198.04856586142176 -199.98331263814987 326.12122 73.56349 -999.0 -999.0 -999.0 -999.0 -999.0 123.98589747681724 -22.977428735329 123.93533621464996 -23.063152874369976 76.41261144967551 292.83659931584623 -999.0 6231.0 -999.0 -1 -999 {-999.0 -999.0 -999.0 -999.0 -999.0} "" -999.0 -999.0 -999.0 -999.0 -999 -999 "" "" "" "" 0 0 0.0 0.0 -999 ""
FIBERMAP 1197 R-12C11 APOGEE 0 0 0 1 0 0 77.20640014651475 -246.66606321227454 143.1 258.4450126416417 -2.4095878855229436 334.22803 85.57586 -999.0 -999.0 -999.0 -999.0 -999.0 124.17962758358179 -22.378894102170953 124.13063103784174 -22.465097365651836 76.26891827738567 295.4107690796072 -999.0 16600.0 -999.0 2 -999 {-999.0 -999.0 -999.0 -999.0 -999.0} "" -999.0 -999.0 -999.0 -999.0 -999 -999 "" "" "" "" 0 0 0.0 0.0 -999 ""
FIBERMAP 1197 R-12C11 BOSS 1 1 0 1 0 0 76.81461210709392 -247.30941659136312 143.1 258.9366435859665 -2.9802498358867267 334.22803 85.57586 124.18121337890625 -22.380621120230515 -999.0 -999.0 -999.0 124.18119758021984 -22.38058131835238 124.13224601775494 -22.466814880152903 76.27108535999606 295.40784729839584 5400.0 5400.0 2015.5 1 369 {-999.0 -999.0 -999.0 -999.0 -999.0} "" -999.0 -999.0 -999.0 -999.0 27021603171074009 823345266 "" ops_sky_boss_good ops_sky sky_boss 0 0 0.0 0.0 -999 ""
FIBERMAP 1197 R-12C11 METROLOGY 0 0 0 1 0 0 76.45841580379997 -246.6618632301769 143.1 258.21095031779646 -3.1199879744799377 334.22803 85.57586 -999.0 -999.0 -999.0 -999.0 -999.0 124.17891126109912 -22.38102939038809 124.12994376313645 -22.467250314122694 76.26949272968568 295.4016271877856 -999.0 6231.0 -999.0 -1 -999 {-999.0 -999.0 -999.0 -999.0 -999.0} "" -999.0 -999.0 -999.0 -999.0 -999 -999 "" "" "" "" 0 0 0.0 0.0 -999 ""
FIBERMAP 1199 R+1C1 APOGEE 1 1 0 1 0 0 -269.4064330994611 10.584040869995992 143.1 -92.93492773401245 -253.07930000702083 326.08746 110.61446 123.03045400166742 -23.141282647592952 -0.96354115 0.7214053 0.2617462 123.0304587725681 -23.14128571252165 122.97898373246835 -23.22491898631745 75.71112175654196 290.53398803978394 16000.0 16600.0 2016.0 2 10 {-999.0 14.009102 12.605782 11.986715 -999.0} sdss_psfmag_from_g3xp 13.44044 12.524574 11.587292 9.356 63050395995095970 1156066458 bright_1x1 mwm_galactic_core_dist_apogee_extra mwm_galactic science 0 0 0.0 0.0 -999 ""
FIBERMAP 1199 R+1C1 BOSS 0 0 0 1 0 0 -269.53833313865164 9.832593716321108 143.1 -92.26051102238073 -253.43593144067768 326.08746 110.61446 -999.0 -999.0 -999.0 -999.0 -999.0 123.03262707251994 -23.14233092600569 122.98120334247062 -23.225993505871017 75.71342698443095 290.5338580855396 -999.0 5400.0 -999.0 1 12 {-999.0 -999.0 -999.0 -999.0 -999.0} "" -999.0 -999.0 -999.0 -999.0 -999 -999 "" "" "" "" 0 0 0.0 0.0 -999 ""
FIBERMAP 1199 R+1C1 METROLOGY 0 0 0 1 0 0 -270.1090369045305 10.338121431413283 143.1 -92.9170482913285 -253.82345353507043 326.08746 110.61446 -999.0 -999.0 -999.0 -999.0 -999.0 123.0304701338318 -23.143543751069124 122.97902726523165 -23.227194484231955 75.71218973525835 290.52584505233943 -999.0 6231.0 -999.0 -1 -999 {-999.0 -999.0 -999.0 -999.0 -999.0} "" -999.0 -999.0 -999.0 -999.0 -999 -999 "" "" "" "" 0 0 0.0 0.0 -999 ""
FIBERMAP 1204 R+8C11 APOGEE 0 0 0 1 0 0 42.92552043224798 152.92116936950876 143.1 -132.29829510035032 87.87848030589893 51.069477 46.55275 -999.0 -999.0 -999.0 -999.0 -999.0 122.90042859404255 -22.109490185301407 122.85152175692633 -22.19298821020787 75.11306334886427 293.9065293549364 -999.0 16600.0 -999.0 2 -999 {-999.0 -999.0 -999.0 -999.0 -999.0} "" -999.0 -999.0 -999.0 -999.0 -999 -999 "" "" "" "" 0 0 0.0 0.0 -999 ""
FIBERMAP 1204 R+8C11 BOSS 1 1 0 1 0 0 43.01850287735046 152.2057297880267 143.1 -131.58896917724775 87.74689525532865 51.069477 46.55275 122.90267944335938 -22.109845167347288 -999.0 -999.0 -999.0 122.90263246879945 -22.109821876714996 122.85377892650092 -22.193353370254894 75.11505206652265 293.90940629310734 5400.0 5400.0 2015.5 1 140 {-999.0 -999.0 -999.0 -999.0 -999.0} "" -999.0 -999.0 -999.0 -999.0 27021603171080954 823347037 "" ops_sky_boss_good ops_sky sky_boss 0 0 0.0 0.0 -999 ""
FIBERMAP 1204 R+8C11 METROLOGY 0 0 0 1 0 0 42.33209723867451 152.46581551795467 143.1 -132.04756112977336 87.17379176914478 51.069477 46.55275 -999.0 -999.0 -999.0 -999.0 -999.0 122.90112905071041 -22.11155743795813 122.85225538803115 -22.19507728752315 75.11470366868997 293.90084163359893 -999.0 6231.0 -999.0 -1 -999 {-999.0 -999.0 -999.0 -999.0 -999.0} "" -999.0 -999.0 -999.0 -999.0 -999 -999 "" "" "" "" 0 0 0.0 0.0 -999 ""
FIBERMAP 1205 R-2C3 APOGEE 0 0 1 1 0 0 -223.2840886618094 -31.009627106359183 143.1 -39.17301793020829 -221.9882667616912 8.948195 170.52669 -999.0 -999.0 -999.0 -999.0 -999.0 123.20693832614138 -23.047991817450878 123.1557861958999 -23.132018460354352 75.81305792201871 291.172430354624 -999.0 16600.0 -999.0 2 288 {-999.0 -999.0 -999.0 -999.0 -999.0} "" -999.0 -999.0 -999.0 -999.0 -999 -999 "" ops_sky_apogee_best_unassigned ops_sky sky_apogee 0 0 0.0 0.0 -999 ""
FIBERMAP 1205 R-2C3 BOSS 1 0 1 1 0 0 -222.53931005924414 -31.06886598892725 143.1 -38.887573235571935 -221.2978458155351 8.948195 170.52669 123.2388347404961 -23.01049769706514 23.046871 -53.979267 1.6356614 123.20781191657726 -23.04592780910391 123.15671774949044 -23.129981690577132 75.81287590189142 291.181415227087 5400.0 5400.0 2016.0 1 473 {-999.0 19.360926 17.95813 17.175032 -999.0} sdss_psfmag_ps1 18.7565 17.717962 16.723793 14.835 63050395995098006 1072945396 bright_1x1 mwm_halo_local_high_boss_single mwm_halo science 0 0 0.0 0.0 -999 ""
FIBERMAP 1205 R-2C3 METROLOGY 0 0 1 1 0 0 -222.98649409064953 -31.696748286648845 143.1 -38.42770149208907 -221.91645731029885 8.948195 170.52669 -999.0 -999.0 -999.0 -999.0 -999.0 123.20933841641768 -23.047830963286824 123.15822529665479 -23.131880752865573 75.81498320697165 291.177159655334 -999.0 6231.0 -999.0 -1 -999 {-999.0 -999.0 -999.0 -999.0 -999.0} "" -999.0 -999.0 -999.0 -999.0 -999 -999 "" "" "" "" 0 0 0.0 0.0 -999 ""
FIBERMAP 1206 R0C2 APOGEE 0 0 0 1 0 0 -261.9922604427682 5.255906580265221 143.1 -85.58485391549277 -247.66370055076052 350.74554 154.4731 -999.0 -999.0 -999.0 -999.0 -999.0 123.05455485699353 -23.12507890649861 123.0031328358478 -23.208766421747207 75.72355178555769 290.6331891189335 -999.0 16600.0 -999.0 2 253 {-999.0 -999.0 -999.0 -999.0 -999.0} "" -999.0 -999.0 -999.0 -999.0 -999 -999 "" "" "" "" 0 0 0.0 0.0 -999 ""
FIBERMAP 1206 R0C2 BOSS 1 1 0 1 0 0 -261.3615011427804 4.824044905720618 143.1 -84.97993641979885 -247.19637852489836 350.74554 154.4731 123.05620809897194 -23.123646535060733 -2.6667616 1.6584882 0.2893521 123.0564835941686 -23.12365905149418 123.00511899220572 -23.207375762992875 75.72454425428627 290.64157987334664 5400.0 5400.0 2016.0 1 522 {-999.0 13.735585 12.68522 12.241926 -999.0} sdss_psfmag_from_g3xp 13.371029 12.676203 11.869344 10.101 63050395995096497 996757926 bright_1x1 mwm_bin_gaia_sb_boss mwm_bin science 0 0 0.9759558439254761 0.0 -999 ""
FIBERMAP 1206 R0C2 METROLOGY 0 0 0 1 0 0 -262.0454376299363 4.510360954063112 143.1 -84.89183869670748 -247.94361358747463 350.74554 154.4731 -999.0 -999.0 -999.0 -999.0 -999.0 123.05677856531567 -23.125955407586204 123.00539323829622 -23.2096653862657 75.72581077341074 290.6337768537852 -999.0 6231.0 -999.0 -1 -999 {-999.0 -999.0 -999.0 -999.0 -999.0} "" -999.0 -999.0 -999.0 -999.0 -999 -999 "" "" "" "" 0 0 0.0 0.0 -999 ""
FIBERMAP 1209 R-2C21 APOGEE 1 1 0 1 0 0 173.3605196290096 -32.926795254041515 143.1 84.65166163597952 154.8213447827571 83.76937 157.43068 123.60955390182016 -21.905441797462295 -2.5496492 3.7403243 0.58605915 123.60952464878346 -21.905470504727017 123.5614494630779 -21.99052239834567 75.57141210631495 295.93590548866274 16000.0 16600.0 2016.0 2 218 {-999.0 12.466313 11.740302 11.474346 -999.0} sdss_psfmag_from_g3xp 12.266317 11.777154 11.126345 9.856 63050395995381249 1106117747 bright_1x1 mwm_tess_rgb_apogee mwm_tessrgb science 0 0 0.0 0.0 -999 ""
FIBERMAP 1209 R-2C21 BOSS 0 0 0 1 0 0 173.69115849812957 -32.24861616150631 143.1 84.1080863800283 155.34453628253297 83.76937 157.43068 -999.0 -999.0 -999.0 -999.0 -999.0 123.60772214762218 -21.9038084519165 123.55970078292978 -21.98888595680271 75.56916989645039 295.9380273847302 -999.0 5400.0 -999.0 1 310 {-999.0 -999.0 -999.0 -999.0 -999.0} "" -999.0 -999.0 -999.0 -999.0 -999 -999 "" "" "" "" 0 0 0.0 0.0 -999 ""
FIBERMAP 1209 R-2C21 METROLOGY 0 0 0 1 0 0 174.10297636007726 -32.87593025666629 143.1 84.83163055817995 155.5434224288965 83.76937 157.43068 -999.0 -999.0 -999.0 -999.0 -999.0 123.61010643481934 -21.90319017536944 123.56207338502611 -21.988264590507093 75.57070638685025 295.9448201262744 -999.0 6231.0 -999.0 -1 -999 {-999.0 -999.0 -999.0 -999.0 -999.0} "" -999.0 -999.0 -999.0 -999.0 -999 -999 "" "" "" "" 0 0 0.0 0.0 -999 ""
FIBERMAP 1210 R-3C6 APOGEE 0 0 0 1 0 0 -157.394163117138 -46.665160032871135 143.1 -4.0105756273008915 -164.11069138150862 159.75519 90.0952 -999.0 -999.0 -999.0 -999.0 -999.0 123.32219247352923 -22.873249288637183 123.27154085888696 -22.95754845627543 75.8255059809869 292.0053021986982 -999.0 16600.0 -999.0 2 -999 {-999.0 -999.0 -999.0 -999.0 -999.0} "" -999.0 -999.0 -999.0 -999.0 -999 -999 "" "" "" "" 0 0 0.0 0.0 -999 ""
FIBERMAP 1210 R-3C6 BOSS 1 1 0 1 0 0 -157.1385700286545 -45.958984751440994 143.1 -4.603871380717456 -163.65029331031877 159.75519 90.0952 123.32015991210935 -22.871884797325663 -999.0 -999.0 -999.0 123.32018281954731 -22.871901372478927 123.26958548555626 -22.956222089362257 75.82329188492261 292.00658600953204 5400.0 5400.0 2015.5 1 475 {-999.0 -999.0 -999.0 -999.0 -999.0} "" -999.0 -999.0 -999.0 -999.0 27021603171068391 814744939 "" ops_sky_boss_good ops_sky sky_boss 0 0 0.0 0.0 -999 ""
FIBERMAP 1210 R-3C6 METROLOGY 0 0 0 1 0 0 -156.65853512457315 -46.52969906671808 143.1 -3.9131984464061143 -163.36909098879372 159.75519 90.0952 -999.0 -999.0 -999.0 -999.0 -999.0 123.32246810489121 -22.871073872743956 123.27185927434482 -22.955392343042856 75.82474198891953 292.0136222218327 -999.0 6231.0 -999.0 -1 -999 {-999.0 -999.0 -999.0 -999.0 -999.0} "" -999.0 -999.0 -999.0 -999.0 -999 -999 "" "" "" "" 0 0 0.0 0.0 -999 ""
FIBERMAP 1211 R-11C11 APOGEE 1 1 0 1 0 0 43.30651077407537 -211.1763901482826 143.1 214.25033088372155 -23.748678875330405 168.95563 117.89014 124.03641175421689 -22.444515151242697 -0.5796684 2.770782 0.16302592 124.03638323106755 -22.444520488589585 123.98715416459476 -22.530409254849225 76.18902283045236 294.88853259521215 16000.0 16600.0 2016.0 2 182 {-999.0 13.643991 12.428084 11.92174 -999.0} sdss_psfmag_from_g3xp 13.187683 12.402528 11.540272 9.549 63050395995129850 1152662507 bright_1x1 mwm_galactic_core_dist_apogee_sparse mwm_galactic science 0 0 0.0 0.0 -999 ""
FIBERMAP 1211 R-11C11 BOSS 0 0 0 1 0 0 43.031256486225296 -210.49085249716407 143.1 213.51339259873228 -23.799719064668782 168.95563 117.89014 -999.0 -999.0 -999.0 -999.0 -999.0 124.03398414467325 -22.444669892178236 123.98480259087523 -22.530580527271116 76.18724509276474 294.8832558234411 -999.0 5400.0 -999.0 1 375 {-999.0 -999.0 -999.0 -999.0 -999.0} "" -999.0 -999.0 -999.0 -999.0 -999 -999 "" "" "" "" 0 0 0.0 0.0 -999 ""
FIBERMAP 1211 R-11C11 METROLOGY 0 0 0 1 0 0 43.774454974742895 -210.5935291677128 143.1 213.8396814534814 -23.12416222379041 168.95563 117.89014 -999.0 -999.0 -999.0 -999.0 -999.0 124.03508193765445 -22.44262731680199 123.98589213563577 -22.528532931866266 76.18706044868341 294.89278066277546 -999.0 6231.0 -999.0 -1 -999 {-999.0 -999.0 -999.0 -999.0 -999.0} "" -999.0 -999.0 -999.0 -999.0 -999 -999 "" "" "" "" 0 0 0.0 0.0 -999 ""
FIBERMAP 1214 R+5C1 APOGEE 0 0 0 1 0 0 -217.9938582856191 87.76806662806932 143.1 -150.56040668960392 -180.4209018690422 20.854342 58.281925 -999.0 -999.0 -999.0 -999.0 -999.0 122.84068733201804 -22.922072936555352 122.78968456169503 -23.00532745959102 75.45580448853791 290.9980005979988 -999.0 16600.0 -999.0 2 1 {-999.0 -999.0 -999.0 -999.0 -999.0} "" -999.0 -999.0 -999.0 -999.0 -999 -999 "" ops_sky_apogee_best_unassigned ops_sky sky_apogee 0 0 0.0 0.0 -999 ""
FIBERMAP 1214 R+5C1 BOSS 1 1 0 1 0 0 -218.10403314465754 86.99686223396627 143.1 -149.8605091016576 -180.76293919570207 20.854342 58.281925 122.84294384110304 -22.923112525286022 -7.785316 2.2657423 1.1202129 122.84290799463432 -22.923112336529027 122.79195720234122 -23.006397203007275 75.45815396449348 290.9980696016142 5400.0 5400.0 2016.0 1 1 {-999.0 15.518677 14.971908 14.786913 -999.0} sdss_psfmag_from_g3xp 15.390254 15.004653 14.450468 13.479 63050395995103202 1095787096 bright_1x1 mwm_bin_vis_boss mwm_filler science 0 0 0.0 0.0 -999 ""
FIBERMAP 1214 R+5C1 METROLOGY 0 0 0 1 0 0 -218.69892591817606 87.50431570780347 143.1 -150.52631878158414 -181.17288431236182 20.854342 58.281925 -999.0 -999.0 -999.0 -999.0 -999.0 122.84071729097523 -22.9243765363314 122.78974705357092 -23.007649207555918 75.45692768830146 290.98990560457844 -999.0 6231.0 -999.0 -1 -999 {-999.0 -999.0 -999.0 -999.0 -999.0} "" -999.0 -999.0 -999.0 -999.0 -999 -999 "" "" "" "" 0 0 0.0 0.0 -999 ""
FIBERMAP 1216 R-2C17 APOGEE 1 1 0 1 0 0 79.86929347912294 -24.0306617623246 143.1 47.4310020447768 68.60262586525953 156.72668 78.08702 123.4891042677362 -22.166987072408016 -6.380008 5.064434 0.70093894 123.48908204969834 -22.166954076278337 123.44029577721159 -22.251710991010373 75.61203146813736 294.805133963648 16000.0 16600.0 2016.0 2 211 {-999.0 11.921183 11.032007 10.717128 -999.0} sdss_psfmag_from_g3xp 11.646193 11.076376 10.363303 8.906 63050395995376847 1107690657 bright_1x1 mwm_tess_rgb_apogee mwm_tessrgb science 0 0 0.0 0.0 -999 ""
FIBERMAP 1216 R-2C17 BOSS 0 0 0 1 0 0 80.29739358773186 -23.43053974978291 143.1 46.99167378830288 69.19454084527817 156.72668 78.08702 -999.0 -999.0 -999.0 -999.0 -999.0 123.48761369938151 -22.165093246233678 123.4388824239403 -22.24987556724214 75.60996574632715 294.80876171466093 -999.0 5400.0 -999.0 1 300 {-999.0 -999.0 -999.0 -999.0 -999.0} "" -999.0 -999.0 -999.0 -999.0 -999 -999 "" "" "" "" 0 0 0.0 0.0 -999 ""
FIBERMAP 1216 R-2C17 METROLOGY 0 0 0 1 0 0 80.6134740804611 -24.110719006743633 143.1 47.736071054215465 69.28607448297271 156.72668 78.08702 -999.0 -999.0 -999.0 -999.0 -999.0 123.49007158458778 -22.164810500545943 123.44132768831582 -22.249590116316096 75.61175990396174 294.8144305264092 -999.0 6231.0 -999.0 -1 -999 {-999.0 -999.0 -999.0 -999.0 -999.0} "" -999.0 -999.0 -999.0 -999.0 -999 -999 "" "" "" "" 0 0 0.0 0.0 -999 ""
FIBERMAP 1217 R-3C13 APOGEE 1 1 0 1 0 0 4.648235506733325 -66.76903349781205 143.1 64.95909176778427 -16.114215917503287 210.59293 135.88136 123.54761108314443 -22.423950000414884 -7.078799 -3.936618 0.64208066 123.54761185360711 -22.423945644947533 123.49820496639785 -22.50879198699524 75.78882622609169 294.0189783482988 16000.0 16600.0 2016.0 2 169 {-999.0 13.280981 12.093543 11.6475315 -999.0} sdss_psfmag_from_g3xp 12.841831 12.1052475 11.276756 9.488 63050395995148165 1108759060 bright_1x1 mwm_tess_rgb_apogee mwm_tessrgb science 0 0 0.0 0.0 -999 ""
FIBERMAP 1217 R-3C13 BOSS 0 0 0 1 0 0 3.9077492462994528 -66.65550604412343 143.1 64.62331284414756 -16.783854628526544 210.59293 135.88136 -999.0 -999.0 -999.0 -999.0 -999.0 123.54650943666581 -22.425965573948694 123.49714777316444 -22.510836546339668 75.78900882118086 294.0097786503525 -999.0 5400.0 -999.0 1 407 {-999.0 -999.0 -999.0 -999.0 -999.0} "" -999.0 -999.0 -999.0 -999.0 -999 -999 "" "" "" "" 0 0 0.0 0.0 -999 ""
FIBERMAP 1217 R-3C13 METROLOGY 0 0 0 1 0 0 4.39347493532185 -66.07103861301024 143.1 64.21660416519464 -16.14192513717495 210.59293 135.88136 -999.0 -999.0 -999.0 -999.0 -999.0 123.54518687238568 -22.42403011681136 123.49581507528876 -22.5088908004424 75.78696687401244 294.0141125684399 -999.0 6231.0 -999.0 -1 -999 {-999.0 -999.0 -999.0 -999.0 -999.0} "" -999.0 -999.0 -999.0 -999.0 -999 -999 "" "" "" "" 0 0 0.0 0.0 -999 ""
FIBERMAP 1218 R0C17 APOGEE 1 1 0 1 0 0 74.91933362403884 -0.4791586847071513 143.1 23.499708777051886 71.13684551059626 277.1876 172.32787 123.41039841252898 -22.159460200155408 -0.142702 -11.622296 0.9378317 123.41061804374759 -22.159468382983036 123.36181481630064 -22.244057928280828 75.54577195516491 294.6817266178741 16000.0 16600.0 2016.0 2 111 {-999.0 10.743243 9.450614 8.85154 -999.0} sdss_psfmag_from_g3xp 10.244495 9.381264 8.469034 6.423 63050395995377785 1152662962 bright_1x1 mwm_galactic_core_dist_apogee_sparse mwm_galactic science 0 0 0.800895094871521 0.0 -999 ""
FIBERMAP 1218 R0C17 BOSS 0 0 0 1 0 0 74.91170676313062 -1.2112458464596043 143.1 24.19392897644071 70.9044122594343 277.1876 172.32787 -999.0 -999.0 -999.0 -999.0 -999.0 123.41286017365672 -22.16009718210002 123.36410764673599 -22.244719799470236 75.54793324965135 294.6838107443191 -999.0 5400.0 -999.0 1 189 {-999.0 -999.0 -999.0 -999.0 -999.0} "" -999.0 -999.0 -999.0 -999.0 -999 -999 "" "" "" "" 0 0 0.0 0.0 -999 ""
FIBERMAP 1218 R0C17 METROLOGY 0 0 0 1 0 0 74.26785330734236 -0.8383889410768912 143.1 23.64112580167719 70.40648263617855 277.1876 172.32787 -999.0 -999.0 -999.0 -999.0 -999.0 123.41106957270155 -22.161614379790873 123.36229788711944 -22.24622490233066 75.54726702590801 294.6751916425901 -999.0 6231.0 -999.0 -1 -999 {-999.0 -999.0 -999.0 -999.0 -999.0} "" -999.0 -999.0 -999.0 -999.0 -999 -999 "" "" "" "" 0 0 0.0 0.0 -999 ""
FIBERMAP 1219 R+1C17 APOGEE 0 0 0 1 0 0 73.54385927159215 37.09238431395407 143.1 -12.671922494705996 81.38442011994924 144.10832 73.09013 -999.0 -999.0 -999.0 -999.0 -999.0 123.29197833633114 -22.12864225951611 123.2431989073956 -22.21298121232356 75.4355546443739 294.5637195329201 -999.0 16600.0 -999.0 2 -999 {-999.0 -999.0 -999.0 -999.0 -999.0} "" -999.0 -999.0 -999.0 -999.0 -999 -999 "" "" "" "" 0 0 0.0 0.0 -999 ""
FIBERMAP 1219 R+1C17 BOSS 1 1 0 1 0 0 74.16479397489354 37.535330806048066 143.1 -12.902389083806227 82.11146902610454 144.10832 73.09013 123.2911587028108 -22.12636240584365 -1.7562069 0.8373761 0.27642274 123.29115843415609 -22.126361701058585 123.24243608972057 -22.210727737594603 75.43379451030044 294.56998007359545 5400.0 5400.0 2016.0 1 199 {-999.0 18.768969 18.392101 18.294176 -999.0} sdss_psfmag_ps1 18.673656 18.375269 17.886026 -999.0 63050395995377730 979857739 "" ops_std_boss ops_std standard_boss 0 0 0.0 0.0 -999 ""
FIBERMAP 1219 R+1C17 METROLOGY 0 0 0 1 0 0 74.23121247852691 36.79735247548136 143.1 -12.179788574508656 81.94767642255503 144.10832 73.09013 -999.0 -999.0 -999.0 -999.0 -999.0 123.29354135380898 -22.126854441878127 123.24480418611267 -22.211217446580658 75.43592853363357 294.57277007697974 -999.0 6231.0 -999.0 -1 -999 {-999.0 -999.0 -999.0 -999.0 -999.0} "" -999.0 -999.0 -999.0 -999.0 -999 -999 "" "" "" "" 0 0 0.0 0.0 -999 ""
FIBERMAP 1220 R+1C3 APOGEE 1 1 0 1 0 0 -215.52547290881841 9.759229616895793 143.1 -75.5773514466719 -202.06635628006677 49.305862 18.687145 123.08711526623274 -22.987917203769552 -3.2377882 1.8357447 0.602301 123.08704510171829 -22.987943326333138 123.03598952623503 -23.071720199281472 75.68747284840467 291.18247033499404 16000.0 16600.0 2016.0 2 38 {-999.0 12.4179325 11.616591 11.313234 -999.0} sdss_psfmag_from_g3xp 12.182887 11.648871 10.960713 9.533 63050395995099318 1109827732 bright_1x1 mwm_tess_rgb_apogee mwm_tessrgb science 0 0 0.0 0.0 -999 ""
FIBERMAP 1220 R+1C3 BOSS 0 0 0 1 0 0 -215.78865211457864 9.088897496482812 143.1 -75.02049308284066 -202.52294769565324 49.305862 18.687145 -999.0 -999.0 -999.0 -999.0 -999.0 123.08880935015091 -22.989339660021525 123.03780374035318 -23.073145471792827 75.68961222791903 291.1804871002529 -999.0 5400.0 -999.0 1 62 {-999.0 -999.0 -999.0 -999.0 -999.0} "" -999.0 -999.0 -999.0 -999.0 -999 -999 "" "" "" "" 0 0 0.0 0.0 -999 ""
FIBERMAP 1220 R+1C3 METROLOGY 0 0 0 1 0 0 -216.26853156607186 9.663491913256463 143.1 -75.71481004066342 -202.80280865986018 49.305862 18.687145 -999.0 -999.0 -999.0 -999.0 -999.0 123.08653148466715 -22.990218231333373 123.03550762230532 -23.07401182927572 75.68814106746265 291.17342348287605 -999.0 6231.0 -999.0 -1 -999 {-999.0 -999.0 -999.0 -999.0 -999.0} "" -999.0 -999.0 -999.0 -999.0 -999 -999 "" "" "" "" 0 0 0.0 0.0 -999 ""
FIBERMAP 1221 R-8C13 APOGEE 0 0 0 1 0 0 49.13169302128244 -160.92924599140642 143.1 168.23291086062213 -2.7510455328052132 239.79861 67.536316 -999.0 -999.0 -999.0 -999.0 -999.0 123.8857702046203 -22.38183918876299 123.83662746115482 -22.46741523962609 76.03731495072012 294.81717178042317 -999.0 16600.0 -999.0 2 -999 {-999.0 -999.0 -999.0 -999.0 -999.0} "" -999.0 -999.0 -999.0 -999.0 -999 -999 "" "" "" "" 0 0 0.0 0.0 -999 ""
FIBERMAP 1221 R-8C13 BOSS 1 1 0 1 0 0 48.67725534885488 -160.33531585773852 143.1 167.5280217803794 -3.000751852151252 239.79861 67.536316 123.88353967709637 -22.382557651535958 -4.371356 -6.944781 -0.09821817 123.8834920697094 -22.382582688335535 123.83439595647917 -22.468181071620283 76.03593584616468 294.8100697042942 5400.0 5400.0 2016.0 1 418 {-999.0 15.408396 14.959019 14.784574 -999.0} sdss_psfmag_from_g3xp 15.315327 14.979282 14.449131 13.506 63050395995146467 1093712866 bright_1x1 mwm_astar_core_boss_single mwm_ob science 0 0 0.0 0.0 -999 ""
FIBERMAP 1221 R-8C13 METROLOGY 0 0 0 1 0 0 49.42164566604004 -160.23973480179876 143.1 167.66603901540233 -2.263080606882192 239.79861 67.536316 -999.0 -999.0 -999.0 -999.0 -999.0 123.88396503928938 -22.380351257591585 123.83486070599741 -22.465943232913606 76.03515878860678 294.81894626592054 -999.0 6231.0 -999.0 -1 -999 {-999.0 -999.0 -999.0 -999.0 -999.0} "" -999.0 -999.0 -999.0 -999.0 -999 -999 "" "" "" "" 0 0 0.0 0.0 -999 ""
FIBERMAP 1223 R+13C7 APOGEE 0 0 0 1 0 0 -0.20010063203999273 264.9255605753139 143.1 -252.13284284719023 81.29580253053268 74.93347 87.27961 -999.0 -999.0 -999.0 -999.0 -999.0 122.51031253120121 -22.129439453636294 122.46118259027588 -22.21209067484096 74.80964012165539 293.1462901473634 -999.0 16600.0 -999.0 2 100 {-999.0 -999.0 -999.0 -999.0 -999.0} "" -999.0 -999.0 -999.0 -999.0 -999 -999 "" ops_sky_apogee_best_unassigned ops_sky sky_apogee 0 0 0.0 0.0 -999 ""
FIBERMAP 1223 R+13C7 BOSS 1 1 0 1 0 0 0.4963242293493497 264.65673533109214 143.1 -251.66285369685414 81.87575099115836 74.93347 87.27961 122.51178523655771 -22.127681560468893 -1.6820548 1.7183186 0.17388134 122.51179057675196 -22.127658895128118 122.46272043068626 -22.210342434814354 74.81001010546885 293.15477816875205 5400.0 5400.0 2016.0 1 174 {-999.0 14.587315 14.300336 14.213815 -999.0} sdss_psfmag_from_g3xp 14.559801 14.299021 13.879868 13.16 63050395995393666 1093755418 bright_1x1 mwm_astar_core_boss_single mwm_ob science 0 0 0.0 0.0 -999 ""
FIBERMAP 1223 R+13C7 METROLOGY 0 0 0 1 0 0 -0.114808810691164 264.19721194504126 143.1 -251.41359971946983 81.15292942325688 74.93347 87.27961 -999.0 -999.0 -999.0 -999.0 -999.0 122.51254972811381 -22.129836453974608 122.46345889967233 -22.212513146598493 74.81167985230537 293.1488760398802 -999.0 6231.0 -999.0 -1 -999 {-999.0 -999.0 -999.0 -999.0 -999.0} "" -999.0 -999.0 -999.0 -999.0 -999 -999 "" "" "" "" 0 0 0.0 0.0 -999 ""
FIBERMAP 1224 R+5C18 APOGEE 1 1 0 1 0 0 141.9699164366362 109.63662197219095 143.1 -60.64970524708501 168.80368865560158 107.04031 117.83058 123.13476501295396 -21.86423144152811 -3.113847 -0.23803084 0.7030414 123.13475310271366 -21.86425061310014 123.08656909012296 -21.94828842368856 75.17454098430002 295.16159564317195 16000.0 16600.0 2016.0 2 64 {-999.0 11.889752 11.2060995 10.965376 -999.0} sdss_psfmag_from_g3xp 11.705748 11.245312 10.618584 9.402 63050395995400573 996654183 bright_1x1 mwm_bin_gaia_sb_apogee mwm_bin science 0 0 0.0 0.0 -999 ""
FIBERMAP 1224 R+5C18 BOSS 0 0 0 1 0 0 142.5818018088943 110.05031826120161 143.1 -60.85512426800648 169.51313048632127 107.04031 117.83058 -999.0 -999.0 -999.0 -999.0 -999.0 123.13400786277039 -21.862020629225075 123.08588135637655 -21.946086749068396 75.17284875814272 295.16763798455054 -999.0 5400.0 -999.0 1 216 {-999.0 -999.0 -999.0 -999.0 -999.0} "" -999.0 -999.0 -999.0 -999.0 -999 -999 "" "" "" "" 0 0 0.0 0.0 -999 ""
FIBERMAP 1224 R+5C18 METROLOGY 0 0 0 1 0 0 142.634566768343 109.31081475635008 143.1 -60.13527216355772 169.33587769715427 107.04031 117.83058 -999.0 -999.0 -999.0 -999.0 -999.0 123.13636441011094 -21.86253759704302 123.08822283941419 -21.946600328520265 75.17496974162198 295.1703509662365 -999.0 6231.0 -999.0 -1 -999 {-999.0 -999.0 -999.0 -999.0 -999.0} "" -999.0 -999.0 -999.0 -999.0 -999 -999 "" "" "" "" 0 0 0.0 0.0 -999 ""
FIBERMAP 1227 R-4C8 APOGEE 0 0 0 1 0 0 -102.12625335642225 -85.9783408447397 143.1 50.394503365852565 -123.61640269123353 229.02629 101.0758 -999.0 -999.0 -999.0 -999.0 -999.0 123.5008613038214 -22.750199149599986 123.45060704056363 -22.834899346704265 75.91152660570185 292.7699829048488 -999.0 16600.0 -999.0 2 -999 {-999.0 -999.0 -999.0 -999.0 -999.0} "" -999.0 -999.0 -999.0 -999.0 -999 -999 "" "" "" "" 0 0 0.0 0.0 -999 ""
FIBERMAP 1227 R-4C8 BOSS 1 1 0 1 0 0 -102.7784018618091 -85.63611984754468 143.1 49.86829823255692 -124.13164792365197 229.02629 101.0758 123.49908949529706 -22.75181638000513 -6.7199836 3.2226725 1.2008823 123.49911058675676 -22.751800047341273 123.44890253272297 -22.83652232318106 75.91093807096117 292.7610245050571 5400.0 5400.0 2016.0 1 479 {-999.0 14.30915 13.9384775 13.828589 -999.0} sdss_psfmag_from_g3xp 14.247085 13.954797 13.500018 12.731 63050395995133552 979281628 "" ops_std_boss ops_std standard_boss 0 0 0.0 0.0 -999 ""
FIBERMAP 1227 R-4C8 METROLOGY 0 0 0 1 0 0 -102.14006535453515 -85.23047224297584 143.1 49.67867325065278 -123.3995140008713 229.02629 101.0758 -999.0 -999.0 -999.0 -999.0 -999.0 123.4985007463765 -22.74960575834872 123.44828348964592 -22.834319655260234 75.90937229607016 292.7678061186962 -999.0 6231.0 -999.0 -1 -999 {-999.0 -999.0 -999.0 -999.0 -999.0} "" -999.0 -999.0 -999.0 -999.0 -999 -999 "" "" "" "" 0 0 0.0 0.0 -999 ""
FIBERMAP 1228 R-4C5 APOGEE 1 1 0 1 0 0 -162.71301597333525 -59.51815853217119 143.1 6.582811062495625 -173.12481616972977 150.10165 66.633804 123.35711297466291 -22.90040205980043 -3.2060761 6.108261 0.35535762 123.35712361922441 -22.900410282145184 123.30641943398058 -22.984780706051758 75.86668653193942 291.96941990316554 16000.0 16600.0 2016.0 2 296 {-999.0 13.433796 12.063509 11.437778 -999.0} sdss_psfmag_from_g3xp 12.884979 11.982118 11.049006 8.979 63050395995130627 1152662517 bright_1x1 mwm_galactic_core_dist_apogee_sparse mwm_galactic science 0 0 0.0 0.0 -999 ""
FIBERMAP 1228 R-4C5 BOSS 0 0 0 1 0 0 -162.12201084226487 -59.06807368596646 143.1 6.336346692374431 -172.4240490188132 150.10165 66.633804 -999.0 -999.0 -999.0 -999.0 -999.0 123.35625812694384 -22.898333851418528 123.30561049075021 -22.982728271854953 75.86505906546417 291.97538032603484 -999.0 5400.0 -999.0 1 487 {-999.0 -999.0 -999.0 -999.0 -999.0} "" -999.0 -999.0 -999.0 -999.0 -999 -999 "" "" "" "" 0 0 0.0 0.0 -999 ""
FIBERMAP 1228 R-4C5 METROLOGY 0 0 0 1 0 0 -162.0192486079264 -59.811071083118534 143.1 7.074901399925586 -172.5548050718986 150.10165 66.633804 -999.0 -999.0 -999.0 -999.0 -999.0 123.35870562688825 -22.898751783495275 123.30804343960745 -22.983144158104864 75.86722891140343 291.97822212229244 -999.0 6231.0 -999.0 -1 -999 {-999.0 -999.0 -999.0 -999.0 -999.0} "" -999.0 -999.0 -999.0 -999.0 -999 -999 "" "" "" "" 0 0 0.0 0.0 -999 ""
FIBERMAP 1230 R+8C17 APOGEE 1 1 0 1 0 0 170.91764360574385 161.99927906880126 143.1 -101.56792647675726 212.45264692610647 44.610813 97.318985 123.00155639648436 -21.732883428224895 -999.0 -999.0 -999.0 123.0015419977126 -21.73289701202267 122.95362984284463 -21.816666221965114 75.00055615591447 295.3468047955553 16000.0 16600.0 2015.5 2 75 {-999.0 -999.0 -999.0 -999.0 -999.0} "" -999.0 -999.0 -999.0 -999.0 27021603171081607 845458810 "" ops_sky_apogee_best ops_sky sky_apogee 0 0 0.0 0.0 -999 ""
FIBERMAP 1230 R+8C17 BOSS 0 0 0 1 0 0 171.49477394692033 161.53016560389756 143.1 -100.94405993252794 212.85748412522102 44.610813 97.318985 -999.0 -999.0 -999.0 -999.0 -999.0 123.00350830875625 -21.731614518917194 122.95565291748204 -21.815418304308587 75.00150006085815 295.35471783086814 -999.0 5400.0 -999.0 1 234 {-999.0 -999.0 -999.0 -999.0 -999.0} "" -999.0 -999.0 -999.0 -999.0 -999 -999 "" "" "" "" 0 0 0.0 0.0 -999 ""
FIBERMAP 1230 R+8C17 METROLOGY 0 0 0 1 0 0 170.799487462365 161.2580353368115 143.1 -100.89899074611166 212.1122309139276 44.610813 97.318985 -999.0 -999.0 -999.0 -999.0 -999.0 123.0036461102087 -21.733831278802995 122.95577027507602 -21.81762649784494 75.00275161784526 295.3476751629399 -999.0 6231.0 -999.0 -1 -999 {-999.0 -999.0 -999.0 -999.0 -999.0} "" -999.0 -999.0 -999.0 -999.0 -999 -999 "" "" "" "" 0 0 0.0 0.0 -999 ""
FIBERMAP 1233 R+11C16 APOGEE 1 1 0 1 0 0 165.98036361948206 235.49612417812307 143.1 -173.01729921376776 230.36119309317453 176.66841 10.345512 122.76967557082418 -21.67963979535052 -2.1518695 -1.0292348 0.9868832 122.7697087189943 -21.67968462404682 122.72182991866367 -21.762960755394648 74.78905423193198 295.0899866746863 16000.0 16600.0 2016.0 2 104 {-999.0 11.6033945 10.717887 10.411161 -999.0} sdss_psfmag_from_g3xp 11.329526 10.76584 10.057659 8.585 63050395995407414 1110193768 bright_1x1 mwm_tess_rgb_apogee mwm_tessrgb science 0 0 0.0 0.0 -999 ""
FIBERMAP 1233 R+11C16 BOSS 0 0 0 1 0 0 166.7028443227757 235.60357475252144 143.1 -172.89731457604697 231.08166862934172 176.66841 10.345512 -999.0 -999.0 -999.0 -999.0 -999.0 122.770079417385 -21.677516002593944 122.72225977771012 -21.76082370451956 74.78827831740047 295.0977267555934 -999.0 5400.0 -999.0 1 178 {-999.0 -999.0 -999.0 -999.0 -999.0} "" -999.0 -999.0 -999.0 -999.0 -999 -999 "" "" "" "" 0 0 0.0 0.0 -999 ""
FIBERMAP 1233 R+11C16 METROLOGY 0 0 0 1 0 0 166.4275957644845 234.90399424646236 143.1 -172.31633927595004 230.6045972081598 176.66841 10.345512 -999.0 -999.0 -999.0 -999.0 -999.0 122.77192908183689 -21.67890293660156 122.72409156881156 -21.76220580422311 74.79045098712896 295.0966224073944 -999.0 6231.0 -999.0 -1 -999 {-999.0 -999.0 -999.0 -999.0 -999.0} "" -999.0 -999.0 -999.0 -999.0 -999 -999 "" "" "" "" 0 0 0.0 0.0 -999 ""
FIBERMAP 1234 R+5C14 APOGEE 1 1 0 1 0 0 58.47223101797565 106.38000658729322 143.1 -83.23344287802811 88.35566057345214 43.031784 144.53073 123.06086863083311 -22.10789311082447 -5.3849077 2.526166 0.4740843 123.0608543219231 -22.10787952116252 123.01202321195012 -22.191723844002336 75.24058966094124 294.20483018820437 16000.0 16600.0 2016.0 2 93 {-999.0 11.435593 10.299386 9.844234 -999.0} sdss_psfmag_from_g3xp 11.02573 10.298177 9.472991 7.605 63050395995375102 1156066736 bright_1x1 mwm_galactic_core_dist_apogee_extra mwm_galactic science 0 0 0.0 0.0 -999 ""
FIBERMAP 1234 R+5C14 BOSS 0 0 0 1 0 0 59.21135310430187 106.45015866529388 143.1 -83.07285089665405 89.08049772145267 43.031784 144.53073 -999.0 -999.0 -999.0 -999.0 -999.0 123.06128205854016 -22.105607302174402 123.01250943952755 -22.189481570600606 75.23983847123837 294.2133090616452 -999.0 5400.0 -999.0 1 166 {-999.0 -999.0 -999.0 -999.0 -999.0} "" -999.0 -999.0 -999.0 -999.0 -999 -999 "" "" "" "" 0 0 0.0 0.0 -999 ""
FIBERMAP 1234 R+5C14 METROLOGY 0 0 0 1 0 0 58.91622968174896 105.77919962971359 143.1 -82.52522148502383 88.59331920423908 43.031784 144.53073 -999.0 -999.0 -999.0 -999.0 -999.0 123.06307954921672 -22.107080990252115 123.014289113416 -22.1909507865411 75.24200423443226 294.2116274950457 -999.0 6231.0 -999.0 -1 -999 {-999.0 -999.0 -999.0 -999.0 -999.0} "" -999.0 -999.0 -999.0 -999.0 -999 -999 "" "" "" "" 0 0 0.0 0.0 -999 ""
FIBERMAP 1236 R+13C5 APOGEE 0 0 0 1 0 0 -67.35420250871665 268.8059698268903 143.1 -276.48033110697475 18.593579132761306 176.21329 54.353542 -999.0 -999.0 -999.0 -999.0 -999.0 122.43042623655472 -22.318841281968112 122.38077875766947 -22.401292541357588 74.83755177371668 292.3770681182303 -999.0 16600.0 -999.0 2 52 {-999.0 -999.0 -999.0 -999.0 -999.0} "" -999.0 -999.0 -999.0 -999.0 -999 -999 "" "" "" "" 0 0 0.0 0.0 -999 ""
FIBERMAP 1236 R+13C5 BOSS 1 1 0 1 0 0 -66.87809413761495 269.3893842413148 143.1 -276.88899597072856 19.226034052820403 176.21329 54.353542 122.42868564017373 -22.316956391230775 -1.8176212 0.95988846 0.3150914 122.42907442980247 -22.31689880730994 122.37948628907822 -22.399375587923178 74.83557729016856 292.3812630291843 5400.0 5400.0 2016.0 1 89 {-999.0 10.752696 10.919724 11.0656595 -999.0} sdss_psfmag_from_g3xp 10.862891 10.827572 10.73679 10.59 63050395995356080 1068636384 bright_1x1 mwm_ob_core_boss_single mwm_ob science 0 0 1.3449829816818237 0.0 -999 ""
FIBERMAP 1236 R+13C5 METROLOGY 0 0 0 1 0 0 -66.62190941319919 268.66604182946463 143.1 -276.1219526673696 19.247301895467213 176.21329 54.353542 -999.0 -999.0 -999.0 -999.0 -999.0 122.43151457360896 -22.316845405304708 122.381912061724 -22.399319501199674 74.83751156898796 292.38560788971904 -999.0 6231.0 -999.0 -1 -999 {-999.0 -999.0 -999.0 -999.0 -999.0} "" -999.0 -999.0 -999.0 -999.0 -999 -999 "" "" "" "" 0 0 0.0 0.0 -999 ""
FIBERMAP 1237 R-2C7 APOGEE 1 1 0 1 0 0 -123.98144368601214 -23.952919858501836 143.1 -15.34367785860015 -125.33330248676718 89.96139 75.92805 123.28461150476289 -22.755985028047274 -6.8872538 3.9761944 0.85909355 123.28460883412806 -22.75599166272376 123.23423782745772 -22.840226522544775 75.73936576617459 292.35850432484256 16000.0 16600.0 2016.0 2 286 {-999.0 11.588659 10.841305 10.602405 -999.0} sdss_psfmag_from_g3xp 11.376619 10.896579 10.258234 9.027 63050395995136417 1108948543 bright_1x1 mwm_tess_rgb_apogee mwm_tessrgb science 0 0 0.0 0.0 -999 ""
FIBERMAP 1237 R-2C7 BOSS 0 0 0 1 0 0 -123.37683702296601 -24.378166042634135 143.1 -14.753098934406303 -124.88882936203592 89.96139 75.92805 -999.0 -999.0 -999.0 -999.0 -999.0 123.28648879305072 -22.75467921529786 123.2361739013121 -22.83894444180024 75.74031669884104 292.36654524907345 -999.0 5400.0 -999.0 1 469 {-999.0 -999.0 -999.0 -999.0 -999.0} "" -999.0 -999.0 -999.0 -999.0 -999 -999 "" "" "" "" 0 0 0.0 0.0 -999 ""
FIBERMAP 1237 R-2C7 METROLOGY 0 0 0 1 0 0 -124.05143231201993 -24.682508033080328 143.1 -14.671016718386854 -125.62430304995688 89.96139 75.92805 -999.0 -999.0 -999.0 -999.0 -999.0 123.28677741030523 -22.756926788092823 123.23644223265592 -22.841184905208003 75.74160808580206 292.35904453949524 -999.0 6231.0 -999.0 -1 -999 {-999.0 -999.0 -999.0 -999.0 -999.0} "" -999.0 -999.0 -999.0 -999.0 -999 -999 "" "" "" "" 0 0 0.0 0.0 -999 ""
FIBERMAP 1238 R-9C3 APOGEE 1 1 0 1 0 0 -128.3532069776711 -162.23218366513586 143.1 114.88156260047185 -172.02508623739323 99.71653 35.69722 123.71325893014455 -22.895479351451307 -3.0307727 1.2678612 0.08936993 123.71321929565802 -22.89547935984179 123.66269800410754 -22.980614240214837 76.15295824169783 292.6319110831203 16000.0 16600.0 2016.0 2 283 {-999.0 13.267214 12.720929 12.505887 -999.0} sdss_psfmag_from_g3xp 13.139303 12.739465 12.160869 10.967 63050395995116307 1152662422 bright_1x1 mwm_galactic_core_dist_apogee_sparse mwm_galactic science 0 0 0.0 0.0 -999 ""
FIBERMAP 1238 R-9C3 BOSS 0 0 0 1 0 0 -127.80859010235582 -162.74117786180608 143.1 115.53337431207498 -171.66345151558463 99.71653 35.69722 -999.0 -999.0 -999.0 -999.0 -999.0 123.71533744046003 -22.8943909309369 123.66487026060702 -22.979555927726217 76.15420242455784 292.6398077951884 -999.0 5400.0 -999.0 1 464 {-999.0 -999.0 -999.0 -999.0 -999.0} "" -999.0 -999.0 -999.0 -999.0 -999 -999 "" "" "" "" 0 0 0.0 0.0 -999 ""
FIBERMAP 1238 R-9C3 METROLOGY 0 0 0 1 0 0 -128.53263529917328 -162.94983436379587 143.1 115.50920385178615 -172.41654470390617 99.71653 35.69722 -999.0 -999.0 -999.0 -999.0 -999.0 123.71529672721344 -22.89669675169358 123.66480941802382 -22.981854124550946 76.1552588244637 292.631275516856 -999.0 6231.0 -999.0 -1 -999 {-999.0 -999.0 -999.0 -999.0 -999.0} "" -999.0 -999.0 -999.0 -999.0 -999 -999 "" "" "" "" 0 0 0.0 0.0 -999 ""
FIBERMAP 1239 R0C25 APOGEE 1 1 0 1 0 0 225.89893848799562 7.939544357122991 143.1 61.9280129405253 217.3803132766339 235.92783 17.640142 123.53434290431439 -21.716878270107113 -4.659597 3.797273 0.41443142 123.53430109346832 -21.71687691173696 123.48666401001913 -21.80179405162942 75.41203036744238 296.425298501275 16000.0 16600.0 2016.0 2 105 {-999.0 12.9122715 11.537058 10.905959 -999.0} sdss_psfmag_from_g3xp 12.361494 11.45368 10.518187 8.445 63050395995520306 1156066698 bright_1x1 mwm_galactic_core_dist_apogee_extra mwm_galactic science 0 0 0.0 0.0 -999 ""
FIBERMAP 1239 R0C25 BOSS 0 0 0 1 0 0 226.14420038734536 8.631694952475353 143.1 61.3448837089795 217.8265676973752 235.92783 17.640142 -999.0 -999.0 -999.0 -999.0 -999.0 123.53235444875787 -21.715469350780605 123.48477072508649 -21.8004125037288 75.40980550369297 296.4261753317142 -999.0 5400.0 -999.0 1 179 {-999.0 -999.0 -999.0 -999.0 -999.0} "" -999.0 -999.0 -999.0 -999.0 -999 -999 "" "" "" "" 0 0 0.0 0.0 -999 ""
FIBERMAP 1239 R0C25 METROLOGY 0 0 0 1 0 0 226.62509892102128 8.108339936533557 143.1 61.99076086734719 218.123158587998 235.92783 17.640142 -999.0 -999.0 -999.0 -999.0 -999.0 123.5344781849805 -21.714546677181584 123.48688333714097 -21.7994860168821 75.41096206452218 296.4334613584437 -999.0 6231.0 -999.0 -1 -999 {-999.0 -999.0 -999.0 -999.0 -999.0} "" -999.0 -999.0 -999.0 -999.0 -999 -999 "" "" "" "" 0 0 0.0 0.0 -999 ""
FIBERMAP 1244 R-7C12 APOGEE 1 1 0 1 0 0 50.140263229845885 -142.73781386114499 143.1 151.23434979987232 3.803936052007751 12.16351 77.859886 123.8301262852895 -22.362270957965 -2.35159 1.5201826 0.2513678 123.83007208461792 -22.362260513627856 123.78095241238975 -22.44772028106668 75.98303372367083 294.77818508675875 16000.0 16600.0 2016.0 2 163 {-999.0 13.482171 12.423156 12.00847 -999.0} sdss_psfmag_from_g3xp 13.113767 12.434128 11.641006 9.911 63050395995146439 1152662614 bright_1x1 mwm_galactic_core_dist_apogee_sparse mwm_galactic science 0 0 0.0 0.0 -999 ""
FIBERMAP 1244 R-7C12 BOSS 0 0 0 1 0 0 50.156525372433116 -143.47830329060608 143.1 151.94391240139504 3.591648321088102 12.16351 77.859886 -999.0 -999.0 -999.0 -999.0 -999.0 123.8324182204299 -22.362863164235304 123.7833478860615 -22.448355262254367 75.98526068297915 294.78061196791145 -999.0 5400.0 -999.0 1 394 {-999.0 -999.0 -999.0 -999.0 -999.0} "" -999.0 -999.0 -999.0 -999.0 -999 -999 "" "" "" "" 0 0 0.0 0.0 -999 ""
FIBERMAP 1244 R-7C12 METROLOGY 0 0 0 1 0 0 49.502188691129014 -143.14314912173467 143.1 151.4237581694924 3.072147458215129 12.16351 77.859886 -999.0 -999.0 -999.0 -999.0 -999.0 123.83075966335046 -22.364454948257453 123.78167045616124 -22.44993550856722 75.98473762175816 294.7717297525428 -999.0 6231.0 -999.0 -1 -999 {-999.0 -999.0 -999.0 -999.0 -999.0} "" -999.0 -999.0 -999.0 -999.0 -999 -999 "" "" "" "" 0 0 0.0 0.0 -999 ""
FIBERMAP 1245 R-13C10 APOGEE 1 1 0 1 0 0 65.5364911628767 -245.83034379606752 143.1 254.0603947758848 -13.2562176940447 20.3363 130.0356 124.16569018834527 -22.41184869936532 -4.145326 8.0091305 0.48132235 124.16566511959448 -22.411812094733257 124.1165794844436 -22.497981004491677 76.2748468634095 295.2639033028819 16000.0 16600.0 2016.0 2 158 {-999.0 12.506902 11.750409 11.467153 -999.0} sdss_psfmag_from_g3xp 12.292196 11.784715 11.117114 9.777 63050395995129657 1108245666 bright_1x1 mwm_tess_rgb_apogee mwm_tessrgb science 0 0 0.0 0.0 -999 ""
FIBERMAP 1245 R-13C10 BOSS 0 0 0 1 0 0 66.20021923608498 -246.1781892086665 143.1 254.59551308684905 -12.731684703767426 20.3363 130.0356 -999.0 -999.0 -999.0 -999.0 -999.0 124.16735470784265 -22.410185594815562 124.11832247294774 -22.49638541595849 76.27540022720315 295.2731690290763 -999.0 5400.0 -999.0 1 439 {-999.0 -999.0 -999.0 -999.0 -999.0} "" -999.0 -999.0 -999.0 -999.0 -999 -999 "" "" "" "" 0 0 0.0 0.0 -999 ""
FIBERMAP 1245 R-13C10 METROLOGY 0 0 0 1 0 0 65.57062145055295 -246.5796417899569 143.1 254.7838344581276 -13.454213598677303 20.3363 130.0356 -999.0 -999.0 -999.0 -999.0 -999.0 124.16804682337303 -22.412376357067277 124.11899567662635 -22.498569663311947 76.27706200843656 295.26664407381656 -999.0 6231.0 -999.0 -1 -999 {-999.0 -999.0 -999.0 -999.0 -999.0} "" -999.0 -999.0 -999.0 -999.0 -999 -999 "" "" "" "" 0 0 0.0 0.0 -999 ""
FIBERMAP 1248 R-10C3 APOGEE 1 1 0 1 0 0 -142.16762679717533 -192.93284844694497 143.1 139.8435626298213 -194.61218210697407 97.821236 169.40741 123.79531860351561 -22.96300670733659 -999.0 -999.0 -999.0 123.79530637798065 -22.96300537030881 123.74465352100071 -23.048306404401842 76.25162558433031 292.53474345328846 16000.0 16600.0 2015.5 2 284 {-999.0 -999.0 -999.0 -999.0 -999.0} "" -999.0 -999.0 -999.0 -999.0 27021603171067291 845457756 "" ops_sky_apogee_best ops_sky sky_apogee 0 0 0.0 0.0 -999 ""
FIBERMAP 1248 R-10C3 BOSS 0 0 0 1 0 0 -142.17068131156395 -192.17229443565114 143.1 139.11897140753055 -194.38115609216348 97.821236 169.40741 -999.0 -999.0 -999.0 -999.0 -999.0 123.79289639487371 -22.96232607784521 123.74229415356331 -23.04764719246232 76.24940407919674 292.53280223407296 -999.0 5400.0 -999.0 1 465 {-999.0 -999.0 -999.0 -999.0 -999.0} "" -999.0 -999.0 -999.0 -999.0 -999 -999 "" "" "" "" 0 0 0.0 0.0 -999 ""
FIBERMAP 1248 R-10C3 METROLOGY 0 0 0 1 0 0 -141.5246334571015 -192.56147511465514 143.1 139.68798127806565 -193.88615943343248 97.821236 169.40741 -999.0 -999.0 -999.0 -999.0 -999.0 123.79479867580423 -22.96085905642686 123.74418688444962 -23.046177325047246 76.25022862233726 292.54174090357515 -999.0 6231.0 -999.0 -1 -999 {-999.0 -999.0 -999.0 -999.0 -999.0} "" -999.0 -999.0 -999.0 -999.0 -999 -999 "" "" "" "" 0 0 0.0 0.0 -999 ""
FIBERMAP 1250 R-9C17 APOGEE 0 0 0 1 0 0 181.06686376612367 -176.6115626165862 143.1 223.73513112884754 117.95900244083275 351.24313 117.299 -999.0 -999.0 -999.0 -999.0 -999.0 124.06338344676782 -22.01553073997751 124.01524063540887 -22.101537271832044 75.9865730029363 296.4648181763665 -999.0 16600.0 -999.0 2 -999 {-999.0 -999.0 -999.0 -999.0 -999.0} "" -999.0 -999.0 -999.0 -999.0 -999 -999 "" "" "" "" 0 0 0.0 0.0 -999 ""
FIBERMAP 1250 R-9C17 BOSS 1 1 0 1 0 0 181.3024524754773 -177.34904189344329 143.1 224.50929041977065 117.95632535527113 351.24313 117.299 124.06585693359374 -22.015510973558506 -999.0 -999.0 -999.0 124.06585915217393 -22.01549449035289 124.01776637659174 -22.101534932587676 75.98854897284511 296.4699960313966 5400.0 5400.0 2015.5 1 334 {-999.0 -999.0 -999.0 -999.0 -999.0} "" -999.0 -999.0 -999.0 -999.0 27021603171074990 814745677 "" ops_sky_boss_good ops_sky sky_boss 0 0 0.0 0.0 -999 ""
FIBERMAP 1250 R-9C17 METROLOGY 0 0 0 1 0 0 180.58073698341258 -177.18005093478374 143.1 224.12651263708656 117.3216061960662 351.24313 117.299 -999.0 -999.0 -999.0 -999.0 -999.0 124.06469585734646 -22.017402866453597 124.01658395640408 -22.103432443337404 75.98863824989894 296.4609538991891 -999.0 6231.0 -999.0 -1 -999 {-999.0 -999.0 -999.0 -999.0 -999.0} "" -999.0 -999.0 -999.0 -999.0 -999 -999 "" "" "" "" 0 0 0.0 0.0 -999 ""
FIBERMAP 1255 R-8C3 APOGEE 1 1 0 1 0 0 -163.38135195035966 -142.92896648944836 143.1 85.74093468055176 -199.416343487488 125.016 111.15935 123.61771668156877 -22.978707754030832 -3.5497217 1.8713495 0.320292 123.617706097172 -22.97870143041446 123.56692751956246 -23.063620036570015 76.11517555679335 292.15192530123977 16000.0 16600.0 2016.0 2 282 {-999.0 11.95043 10.839788 10.410173 -999.0} sdss_psfmag_from_g3xp 11.551066 10.848994 10.040218 8.269 63050395995113930 1152662410 bright_1x1 mwm_galactic_core_dist_apogee_sparse mwm_galactic science 0 0 0.0 0.0 -999 ""
FIBERMAP 1255 R-8C3 BOSS 0 0 0 1 0 0 -162.9626956942677 -142.32169426722413 143.1 85.29189839057099 -198.83121486949716 125.016 111.15935 -999.0 -999.0 -999.0 -999.0 -999.0 123.61619520220393 -22.97696337422513 123.5654710383497 -23.061904143972797 76.11318180599517 292.1555699337122 -999.0 5400.0 -999.0 1 463 {-999.0 -999.0 -999.0 -999.0 -999.0} "" -999.0 -999.0 -999.0 -999.0 -999 -999 "" "" "" "" 0 0 0.0 0.0 -999 ""
FIBERMAP 1255 R-8C3 METROLOGY 0 0 0 1 0 0 -162.6473909987729 -143.00251908147888 143.1 86.03667127029432 -198.74061794859398 125.016 111.15935 -999.0 -999.0 -999.0 -999.0 -999.0 123.61867107336293 -22.97671314277333 123.56793435743288 -23.06165212410841 76.11505726036489 292.16097565003236 -999.0 6231.0 -999.0 -1 -999 {-999.0 -999.0 -999.0 -999.0 -999.0} "" -999.0 -999.0 -999.0 -999.0 -999 -999 "" "" "" "" 0 0 0.0 0.0 -999 ""
FIBERMAP 1257 R0C5 APOGEE 1 1 0 1 0 0 -192.10062116235778 17.215794234799233 143.1 -75.46707097766667 -177.48458399841704 110.33614 59.498337 123.08723500615964 -22.913756840314893 -2.2202415 1.8592854 0.1791128 123.0872171776023 -22.913790956343274 123.03635117025925 -22.99757864559081 75.65328253091486 291.44828216946286 16000.0 16600.0 2016.0 2 278 {-999.0 14.214068 13.252782 12.857825 -999.0} sdss_psfmag_from_g3xp 13.899529 13.259335 12.49062 10.82 63050395995103868 1152662730 bright_1x1 mwm_galactic_core_dist_apogee_sparse mwm_galactic science 0 0 0.0 0.0 -999 ""
FIBERMAP 1257 R0C5 BOSS 0 0 0 1 0 0 -191.4028742376652 16.965456077783198 143.1 -75.01426527352893 -176.897691335864 110.33614 59.498337 -999.0 -999.0 -999.0 -999.0 -999.0 123.08862403006704 -22.912048704695184 123.03781581423067 -22.99586529790585 75.65367418207438 291.456937815212 -999.0 5400.0 -999.0 1 452 {-999.0 -999.0 -999.0 -999.0 -999.0} "" -999.0 -999.0 -999.0 -999.0 -999 -999 "" "" "" "" 0 0 0.0 0.0 -999 ""
FIBERMAP 1257 R0C5 METROLOGY 0 0 0 1 0 0 -191.96961173293985 16.48072558493511 143.1 -74.72737199840971 -177.58602468274253 110.33614 59.498337 -999.0 -999.0 -999.0 -999.0 -999.0 123.08957648558878 -22.914158935248768 123.03874839795486 -22.997970015494722 75.65541649304046 291.45104581369105 -999.0 6231.0 -999.0 -1 -999 {-999.0 -999.0 -999.0 -999.0 -999.0} "" -999.0 -999.0 -999.0 -999.0 -999 -999 "" "" "" "" 0 0 0.0 0.0 -999 ""
FIBERMAP 1258 R-12C12 APOGEE 0 0 0 1 0 0 87.19317701103563 -248.60518497829872 143.1 263.36179519856995 6.496189741739508 281.78793 95.13284 -999.0 -999.0 -999.0 -999.0 -999.0 124.19534490767822 -22.351840894735364 124.14642354566053 -22.43808142060551 76.26733924976179 295.5399546439343 -999.0 16600.0 -999.0 2 -999 {-999.0 -999.0 -999.0 -999.0 -999.0} "" -999.0 -999.0 -999.0 -999.0 -999 -999 "" "" "" "" 0 0 0.0 0.0 -999 ""
FIBERMAP 1258 R-12C12 BOSS 1 1 0 1 0 0 86.44701156969079 -248.81551312484046 143.1 263.3324114967547 5.7215354226715425 281.78793 95.13284 124.19522102297762 -22.354190879319603 -2.5439613 2.0190299 0.07515999 124.19522448557396 -22.354157140949575 124.14634567344609 -22.440424372046 76.26849792900839 295.5313707554727 5400.0 5400.0 2016.0 1 428 {-999.0 16.140453 15.822558 15.759574 -999.0} sdss_psfmag_ps1 16.069468 15.821999 15.405368 14.768 63050395995239217 1093512610 bright_1x1 mwm_astar_core_boss_single mwm_ob science 0 0 0.0 0.0 -999 ""
FIBERMAP 1258 R-12C12 METROLOGY 0 0 0 1 0 0 86.64523296976071 -248.09601354898695 143.1 262.7087914790968 6.131443802504851 281.78793 95.13284 -999.0 -999.0 -999.0 -999.0 -999.0 124.19325781940373 -22.3529382708277 124.14436741270879 -22.43919375662365 76.26629610976924 295.5317857387628 -999.0 6231.0 -999.0 -1 -999 {-999.0 -999.0 -999.0 -999.0 -999.0} "" -999.0 -999.0 -999.0 -999.0 -999 -999 "" "" "" "" 0 0 0.0 0.0 -999 ""
FIBERMAP 1259 R+6C4 APOGEE 0 0 0 1 0 0 -144.26509894806156 125.25123480639373 143.1 -163.54728026763803 -98.74035521118958 51.58205 99.52364 -999.0 -999.0 -999.0 -999.0 -999.0 122.79775197032399 -22.675108799718963 122.74736088898703 -22.758305340415703 75.3057550354392 291.79068176120353 -999.0 16600.0 -999.0 2 -999 {-999.0 -999.0 -999.0 -999.0 -999.0} "" -999.0 -999.0 -999.0 -999.0 -999 -999 "" "" "" "" 0 0 0.0 0.0 -999 ""
FIBERMAP 1259 R+6C4 BOSS 1 1 0 1 0 0 -143.5937907377457 124.9226604577662 143.1 -163.02816647329755 -98.20268245200658 51.58205 99.52364 122.79935649320493 -22.67348955343756 -2.7731645 1.887433 0.35086155 122.79934162720964 -22.673490186356144 122.74900910303938 -22.756717050045133 75.30634049361757 291.7990354539654 5400.0 5400.0 2016.0 1 39 {-999.0 16.425688 16.111181 16.04012 -999.0} sdss_psfmag_ps1 16.361042 16.102766 15.687164 15.042 63050395995329827 978539721 "" ops_std_boss ops_std standard_boss 0 0 0.0 0.0 -999 ""
FIBERMAP 1259 R+6C4 METROLOGY 0 0 0 1 0 0 -144.24544916291856 124.50349681569115 143.1 -162.8297788310778 -98.95164919209755 51.58205 99.52364 -999.0 -999.0 -999.0 -999.0 -999.0 122.7999843303831 -22.675780180177167 122.74963103635821 -22.7590005491452 75.30792787693875 291.7921799149557 -999.0 6231.0 -999.0 -1 -999 {-999.0 -999.0 -999.0 -999.0 -999.0} "" -999.0 -999.0 -999.0 -999.0 -999 -999 "" "" "" "" 0 0 0.0 0.0 -999 ""
FIBERMAP 1262 R-5C7 APOGEE 1 1 0 1 0 0 -89.4611183210012 -86.30879770597691 143.1 54.60448725745225 -111.66742608634776 61.72445 97.18624 123.5145745686751 -22.713959100136552 -1.7552012 3.973587 0.28491864 123.51459666603832 -22.713951965795466 123.46444081302582 -22.798686727975895 75.90509684382869 292.92543998410747 16000.0 16600.0 2016.0 2 293 {-999.0 13.455044 12.381289 11.961626 -999.0} sdss_psfmag_from_g3xp 13.080387 12.391667 11.5927305 9.842 63050395995134673 1156066556 bright_1x1 mwm_galactic_core_dist_apogee_extra mwm_galactic science 0 0 0.0 0.0 -999 ""
FIBERMAP 1262 R-5C7 BOSS 0 0 0 1 0 0 -88.76034343699624 -86.6104525079661 143.1 55.10705105226355 -111.0934364312085 61.72445 97.18624 -999.0 -999.0 -999.0 -999.0 -999.0 123.51622325536046 -22.712236604121493 123.46612354389896 -22.797001300109677 75.9056319878078 292.93458597579377 -999.0 5400.0 -999.0 1 482 {-999.0 -999.0 -999.0 -999.0 -999.0} "" -999.0 -999.0 -999.0 -999.0 -999 -999 "" "" "" "" 0 0 0.0 0.0 -999 ""
FIBERMAP 1262 R-5C7 METROLOGY 0 0 0 1 0 0 -89.35466276851699 -87.05199819718555 143.1 55.34437120111391 -111.79473049012331 61.72445 97.18624 -999.0 -999.0 -999.0 -999.0 -999.0 123.51703087379873 -22.71437739404922 123.46691165638094 -22.7991360896856 75.90730549734013 292.9283788278193 -999.0 6231.0 -999.0 -1 -999 {-999.0 -999.0 -999.0 -999.0 -999.0} "" -999.0 -999.0 -999.0 -999.0 -999 -999 "" "" "" "" 0 0 0.0 0.0 -999 ""
FIBERMAP 1263 R-7C13 APOGEE 1 1 0 1 0 0 69.08900054183678 -139.45893898254235 143.1 153.9428474191549 22.841796303966266 347.55984 114.53617 123.83860354677705 -22.304493077110717 -5.9566665 3.9767187 0.41115317 123.83855982547657 -22.30448239502889 123.78958928035848 -22.389968418514776 75.96023278253895 294.99954306310804 16000.0 16600.0 2016.0 2 176 {-999.0 12.302406 11.146721 10.689888 -999.0} sdss_psfmag_from_g3xp 11.880124 11.148189 10.319562 8.511 63050395995146979 1156066592 bright_1x1 mwm_galactic_core_dist_apogee_extra mwm_galactic science 0 0 0.0 0.0 -999 ""
FIBERMAP 1263 R-7C13 BOSS 0 0 0 1 0 0 69.25923659734762 -140.20223301808664 143.1 154.70243806943915 22.775148982222138 347.55984 114.53617 -999.0 -999.0 -999.0 -999.0 -999.0 123.84106460037317 -22.30463491377201 123.79214454832174 -22.390153887498215 75.96235346292283 295.0039041265954 -999.0 5400.0 -999.0 1 419 {-999.0 -999.0 -999.0 -999.0 -999.0} "" -999.0 -999.0 -999.0 -999.0 -999 -999 "" "" "" "" 0 0 0.0 0.0 -999 ""
FIBERMAP 1263 R-7C13 METROLOGY 0 0 0 1 0 0 68.54686269663182 -139.973900675518 143.1 154.26607146442012 22.167570467933796 347.55984 114.53617 -999.0 -999.0 -999.0 -999.0 -999.0 123.83968407707383 -22.30648957275106 123.79074464063797 -22.391997504007954 75.96219343827178 294.9946407624402 -999.0 6231.0 -999.0 -1 -999 {-999.0 -999.0 -999.0 -999.0 -999.0} "" -999.0 -999.0 -999.0 -999.0 -999 -999 "" "" "" "" 0 0 0.0 0.0 -999 ""
FIBERMAP 1268 R0C1 APOGEE 1 1 0 1 0 0 -304.40917779293915 4.953533158492889 143.1 -98.3438096688351 -288.115541241092 166.29817 110.00465 123.01303819297759 -23.24621355638846 -3.0353427 2.0916138 0.18948528 123.01307058880816 -23.24620928435484 122.96131799724913 -23.32979026587258 75.74390116444164 290.1245911537727 16000.0 16600.0 2016.0 2 254 {-999.0 14.151135 13.246286 12.863562 -999.0} sdss_psfmag_from_g3xp 13.860761 13.251815 12.498627 10.9 63050395995094552 1156066456 bright_1x1 mwm_galactic_core_dist_apogee_extra mwm_galactic science 0 0 0.0 0.0 -999 ""
FIBERMAP 1268 R0C1 BOSS 0 0 0 1 0 0 -304.47358500513127 5.67808785204559 143.1 -99.05301922389218 -287.95396379659394 166.29817 110.00465 -999.0 -999.0 -999.0 -999.0 -999.0 123.01070827593561 -23.245638124698186 122.95900909064267 -23.329238486572358 75.7417583174082 290.1227408605763 -999.0 5400.0 -999.0 1 524 {-999.0 -999.0 -999.0 -999.0 -999.0} "" -999.0 -999.0 -999.0 -999.0 -999 -999 "" "" "" "" 0 0 0.0 0.0 -999 ""
FIBERMAP 1268 R0C1 METROLOGY 0 0 0 1 0 0 -303.82192683185343 5.402918608024438 143.1 -98.59076329034708 -287.41856122820366 166.29817 110.00465 -999.0 -999.0 -999.0 -999.0 -999.0 123.01221082853795 -23.244112592906507 122.96050123669687 -23.327709501153887 75.74229896274163 290.1307827309477 -999.0 6231.0 -999.0 -1 -999 {-999.0 -999.0 -999.0 -999.0 -999.0} "" -999.0 -999.0 -999.0 -999.0 -999 -999 "" "" "" "" 0 0 0.0 0.0 -999 ""
FIBERMAP 1269 R+7C9 APOGEE 1 1 0 1 0 0 -28.72606180380861 156.9464874828325 143.1 -158.16700283674209 20.94156688035028 146.76584 28.762182 122.81552514679215 -22.31245461196824 -6.062841 0.10870863 0.6103921 122.81552454288321 -22.312405208749265 122.76606525277901 -22.39569126316773 75.14559375847345 293.0682490023063 16000.0 16600.0 2016.0 2 139 {-999.0 13.205143 12.24436 11.899768 -999.0} sdss_psfmag_from_g3xp 12.8908205 12.280454 11.538573 9.979 63050395995371638 1106432583 bright_1x1 mwm_tess_rgb_apogee mwm_tessrgb science 0 0 0.0 0.0 -999 ""
FIBERMAP 1269 R+7C9 BOSS 0 0 0 1 0 0 -27.973326974580996 156.88916293363755 143.1 -157.88093240355047 21.640146828224516 146.76584 28.762182 -999.0 -999.0 -999.0 -999.0 -999.0 122.81633893407587 -22.31025068042998 122.76693901175355 -22.393566830446677 75.14524986927047 293.0770125669148 -999.0 5400.0 -999.0 1 136 {-999.0 -999.0 -999.0 -999.0 -999.0} "" -999.0 -999.0 -999.0 -999.0 -999 -999 "" "" "" "" 0 0 0.0 0.0 -999 ""
FIBERMAP 1269 R+7C9 METROLOGY 0 0 0 1 0 0 -28.40315761365256 156.27780266764668 143.1 -157.4314434560508 21.043128605030187 146.76584 28.762182 -999.0 -999.0 -999.0 -999.0 -999.0 122.8178000343345 -22.31206755329686 122.76838098053923 -22.395378655391177 75.14730282950454 293.0734255817215 -999.0 6231.0 -999.0 -1 -999 {-999.0 -999.0 -999.0 -999.0 -999.0} "" -999.0 -999.0 -999.0 -999.0 -999 -999 "" "" "" "" 0 0 0.0 0.0 -999 ""
FIBERMAP 1273 R+2C9 APOGEE 1 1 0 1 0 0 -95.72613417337308 20.062704357651885 143.1 -48.53284150504754 -84.9105582379666 300.14343 57.794044 123.17515672089043 -22.63364699239751 -2.1818252 3.126622 0.17851168 123.17518089805131 -22.63360675751644 123.12506987190875 -22.717623377354354 75.59210969844362 292.59672331916016 16000.0 16600.0 2016.0 2 32 {-999.0 13.943315 12.944299 12.540447 -999.0} sdss_psfmag_from_g3xp 13.607956 12.95094 12.173124 10.443 63050395995138016 1152662553 bright_1x1 mwm_galactic_core_dist_apogee_sparse mwm_galactic science 0 0 0.0 0.0 -999 ""
FIBERMAP 1273 R+2C9 BOSS 0 0 0 1 0 0 -96.46925322231795 20.047137798692162 143.1 -48.74659989191039 -85.62240892043674 300.14343 57.794044 -999.0 -999.0 -999.0 -999.0 -999.0 123.17440035512915 -22.63578759472431 123.12433570352869 -22.719828865644715 75.59258351283377 292.58764870652374 -999.0 5400.0 -999.0 1 54 {-999.0 -999.0 -999.0 -999.0 -999.0} "" -999.0 -999.0 -999.0 -999.0 -999 -999 "" "" "" "" 0 0 0.0 0.0 -999 ""
FIBERMAP 1273 R+2C9 METROLOGY 0 0 0 1 0 0 -96.10329662470302 20.70946307422054 143.1 -49.26422748368832 -85.07048965897923 300.14343 57.794044 -999.0 -999.0 -999.0 -999.0 -999.0 123.17270484732455 -22.634130370026696 123.12262880845981 -22.718160679635922 75.59039870682386 292.5904571842606 -999.0 6231.0 -999.0 -1 -999 {-999.0 -999.0 -999.0 -999.0 -999.0} "" -999.0 -999.0 -999.0 -999.0 -999 -999 "" "" "" "" 0 0 0.0 0.0 -999 ""
FIBERMAP 1275 R-6C7 APOGEE 1 0 0 1 1 0 -101.66038396454752 -121.56998738074026 143.1 84.40252569125455 -134.12046849400832 202.52974 116.822655 123.59496604220296 -22.682874649021084 -2.323522 0.35445294 0.4949202 123.6127614528695 -22.781497542329607 123.56248099391343 -22.866433282630705 76.01698672002688 292.86226935477185 16000.0 16600.0 2016.0 2 246 {-999.0 12.6176815 11.805522 11.525025 -999.0} sdss_psfmag_from_g3xp 12.378397 11.852727 11.174326 9.853 63050395995134316 1109154867 bright_1x1 mwm_tess_rgb_apogee mwm_tessrgb science 0 0 0.0 0.0 -999 ""
FIBERMAP 1275 R-6C7 BOSS 0 0 0 1 1 0 -102.23011153228451 -121.0907581859969 143.1 83.77131119128956 -134.51515069330898 202.52974 116.822655 -999.0 -999.0 -999.0 -999.0 -999.0 123.6106780768445 -22.78273229261061 123.56044418712622 -22.867689290822614 76.01595453941938 292.8539572878998 -999.0 5400.0 -999.0 1 505 {-999.0 -999.0 -999.0 -999.0 -999.0} "" -999.0 -999.0 -999.0 -999.0 -999 -999 "" "" "" "" 0 0 0.0 0.0 -999 ""
FIBERMAP 1275 R-6C7 METROLOGY 0 0 0 1 1 0 -101.52834887375317 -120.8384879024788 143.1 83.74713032741558 -133.76984409688214 202.52974 116.822655 -999.0 -999.0 -999.0 -999.0 -999.0 123.61061691626195 -22.780500361271937 123.56037428851778 -22.865450209576277 76.01481236446259 292.8619309768808 -999.0 6231.0 -999.0 -1 -999 {-999.0 -999.0 -999.0 -999.0 -999.0} "" -999.0 -999.0 -999.0 -999.0 -999 -999 "" "" "" "" 0 0 0.0 0.0 -999 ""
FIBERMAP 1278 R+2C4 APOGEE 0 0 0 1 0 0 -199.47649197516964 53.428323221410736 143.1 -112.19123877441677 -173.36427240622604 93.38089 104.56289 -999.0 -999.0 -999.0 -999.0 -999.0 122.9665200604079 -22.90116627474019 122.91562962804198 -22.984695457570798 75.54896269367082 291.28574161435415 -999.0 16600.0 -999.0 2 -999 {-999.0 -999.0 -999.0 -999.0 -999.0} "" -999.0 -999.0 -999.0 -999.0 -999 -999 "" "" "" "" 0 0 0.0 0.0 -999 ""
FIBERMAP 1278 R+2C4 BOSS 1 1 0 1 0 0 -198.8340854717333 53.68122584592879 143.1 -112.23427815155239 -172.67524749067104 93.38089 104.56289 122.96635207481911 -22.899112805870594 -16.911386 11.947699 2.4105077 122.96628977361394 -22.899104246415956 122.91545763969009 -22.98265895167674 75.5478746468081 291.2926687615467 5400.0 5400.0 2016.0 1 35 {-999.0 -999.0 -999.0 -999.0 -999.0} "" -999.0 14.73994 -999.0 11.325 63050395995105129 1094958555 bright_1x1 mwm_bin_vis_boss mwm_filler science 0 0 0.0 0.0 -999 ""
FIBERMAP 1278 R+2C4 METROLOGY 0 0 0 1 0 0 -198.91554777423246 52.93351030703698 143.1 -111.54789828231438 -172.98274066566518 93.38089 104.56289 -999.0 -999.0 -999.0 -999.0 -999.0 122.96854351216336 -22.9000698602875 122.91769490144083 -22.983621998131802 75.55014584834929 291.2930953336549 -999.0 6231.0 -999.0 -1 -999 {-999.0 -999.0 -999.0 -999.0 -999.0} "" -999.0 -999.0 -999.0 -999.0 -999 -999 "" "" "" "" 0 0 0.0 0.0 -999 ""
FIBERMAP 1279 R-5C22 APOGEE 1 1 0 1 0 0 239.55917968398714 -77.90690522972344 143.1 147.8108050268036 203.97297817427403 125.10754 59.331974 123.81409976666458 -21.756637232574484 -3.283329 -25.164692 2.2958891 123.8140860739975 -21.756735842569917 123.76647485007845 -21.842246433576058 75.6525732467856 296.8498780525543 16000.0 16600.0 2016.0 2 236 {-999.0 11.39235 11.0407915 10.921072 -999.0} sdss_psfmag_from_g3xp 11.335807 11.047624 10.589697 9.78 63050395995517551 1076245784 bright_1x1 mwm_snc_ext_main_apogee mwm_snc science 0 0 0.0 0.0 -999 ""
FIBERMAP 1279 R-5C22 BOSS 0 0 0 1 0 0 240.29975217623385 -77.82073939390875 143.1 147.95660636052347 204.70412088930007 125.10754 59.331974 -999.0 -999.0 -999.0 -999.0 -999.0 123.81449790524398 -21.754492187737508 123.76694213074353 -21.840033697664957 75.65173896755488 296.8583314845015 -999.0 5400.0 -999.0 1 346 {-999.0 -999.0 -999.0 -999.0 -999.0} "" -999.0 -999.0 -999.0 -999.0 -999 -999 "" "" "" "" 0 0 0.0 0.0 -999 ""
FIBERMAP 1279 R-5C22 METROLOGY 0 0 0 1 0 0 239.9897399690177 -78.50955111412826 143.1 148.51664272503888 204.19728484052723 125.10754 59.331974 -999.0 -999.0 -999.0 -999.0 -999.0 123.8163747007378 -21.755986842331286 123.76880196553947 -21.84152372674208 75.65399727918484 296.8570523979921 -999.0 6231.0 -999.0 -1 -999 {-999.0 -999.0 -999.0 -999.0 -999.0} "" -999.0 -999.0 -999.0 -999.0 -999 -999 "" "" "" "" 0 0 0.0 0.0 -999 ""
FIBERMAP 1282 R+11C4 APOGEE 1 1 0 1 0 0 -93.57786047910766 216.24984747671684 143.1 -234.5401583965474 -22.522988893704564 309.6232 169.30698 122.56622314453124 -22.443667605096763 -999.0 -999.0 -999.0 122.56615510068544 -22.443633665826344 122.51624974648485 -22.526361618507565 75.00758025072726 292.1885166677713 16000.0 16600.0 2015.5 2 148 {-999.0 -999.0 -999.0 -999.0 -999.0} "" -999.0 -999.0 -999.0 -999.0 27021603171079426 845457632 "" ops_sky_apogee_best ops_sky sky_apogee 0 0 0.0 0.0 -999 ""
FIBERMAP 1282 R+11C4 BOSS 0 0 0 1 0 0 -93.22070797860968 215.62658675775316 143.1 -233.83728497601447 -22.37486898618895 309.6232 169.30698 -999.0 -999.0 -999.0 -999.0 -999.0 122.56835412127644 -22.443167974329256 122.5185054367389 -22.525928394334013 75.00919822241354 292.1938610182269 -999.0 5400.0 -999.0 1 151 {-999.0 -999.0 -999.0 -999.0 -999.0} "" -999.0 -999.0 -999.0 -999.0 -999 -999 "" "" "" "" 0 0 0.0 0.0 -999 ""
FIBERMAP 1282 R+11C4 METROLOGY 0 0 0 1 0 0 -93.95883056923621 215.62014244425112 143.1 -234.05818617633116 -23.079159806249205 309.6232 169.30698 -999.0 -999.0 -999.0 -999.0 -999.0 122.56760453326936 -22.445309014477612 122.51773460854855 -22.528059670834185 75.00959965953683 292.18531346067255 -999.0 6231.0 -999.0 -1 -999 {-999.0 -999.0 -999.0 -999.0 -999.0} "" -999.0 -999.0 -999.0 -999.0 -999 -999 "" "" "" "" 0 0 0.0 0.0 -999 ""
FIBERMAP 1283 R+3C24 APOGEE 0 0 0 1 0 0 267.79783323104135 76.13569207217614 143.1 9.92808584843943 278.2221330881286 116.220604 47.359634 -999.0 -999.0 -999.0 -999.0 -999.0 123.36428069554694 -21.534457340410633 123.31702447936647 -21.619035202227547 75.18072020845263 296.69644199311597 -999.0 16600.0 -999.0 2 85 {-999.0 -999.0 -999.0 -999.0 -999.0} "" -999.0 -999.0 -999.0 -999.0 -999 -999 "" ops_sky_apogee_best_unassigned ops_sky sky_apogee 0 0 0.0 0.0 -999 ""
FIBERMAP 1283 R+3C24 BOSS 1 1 0 1 0 0 268.5097891061741 75.9353822418053 143.1 10.337661024748797 278.8379330651421 116.220604 47.359634 123.36558618130483 -21.532552285300945 -1.961382 0.17708273 0.3823215 123.36555398473216 -21.532598065109912 123.31835425438732 -21.61720968146235 75.18076954482652 296.70505976368213 5400.0 5400.0 2016.0 1 258 {-999.0 15.263578 14.290949 13.945838 -999.0} sdss_psfmag_from_g3xp 14.943712 14.327971 13.585559 12.025 63050395995536081 1075944511 bright_1x1 mwm_erosita_stars_boss mwm_erosita science 0 0 0.0 0.0 -999 ""
FIBERMAP 1283 R+3C24 METROLOGY 0 0 0 1 0 0 267.9984625729411 75.39849748702956 143.1 10.69122140723116 278.18628043964907 116.220604 47.359634 -999.0 -999.0 -999.0 -999.0 -999.0 123.36672572520465 -21.534500363507906 123.31950721845288 -21.619105507498663 75.18269795013563 296.7011025298581 -999.0 6231.0 -999.0 -1 -999 {-999.0 -999.0 -999.0 -999.0 -999.0} "" -999.0 -999.0 -999.0 -999.0 -999 -999 "" "" "" "" 0 0 0.0 0.0 -999 ""
FIBERMAP 1284 R+4C21 APOGEE 1 1 0 1 0 0 196.9579950422969 58.182145220593554 143.1 5.221499609286638 205.29728598731984 306.56717 55.89172 123.34962566972337 -21.75363066289837 -3.6117978 3.318353 0.5078055 123.349594849222 -21.753655893186572 123.30178367431506 -21.83817139872002 75.28637999798228 295.94116459134887 16000.0 16600.0 2016.0 2 116 {-999.0 12.20773 11.517027 11.267994 -999.0} sdss_psfmag_from_g3xp 12.023871 11.555361 10.92205 9.715 63050395995387155 1110183094 bright_1x1 mwm_tess_rgb_apogee mwm_tessrgb science 0 0 0.0 0.0 -999 ""
FIBERMAP 1284 R+4C21 BOSS 0 0 0 1 0 0 196.2151684978351 58.126065435356054 143.1 5.046378704181546 204.5732524991061 306.56717 55.89172 -999.0 -999.0 -999.0 -999.0 -999.0 123.3489794972873 -21.755756908889207 123.3012141832869 -21.840300710494322 75.28706338044076 295.93295613470525 -999.0 5400.0 -999.0 1 201 {-999.0 -999.0 -999.0 -999.0 -999.0} "" -999.0 -999.0 -999.0 -999.0 -999 -999 "" "" "" "" 0 0 0.0 0.0 -999 ""
FIBERMAP 1284 R+4C21 METROLOGY 0 0 0 1 0 0 196.54303130761326 58.79702228894412 143.1 4.508821397628543 205.0915812078484 306.56717 55.89172 -999.0 -999.0 -999.0 -999.0 -999.0 123.34723691344162 -21.754177378956022 123.29946022430681 -21.838709186024158 75.28483856483686 295.93485974189537 -999.0 6231.0 -999.0 -1 -999 {-999.0 -999.0 -999.0 -999.0 -999.0} "" -999.0 -999.0 -999.0 -999.0 -999 -999 "" "" "" "" 0 0 0.0 0.0 -999 ""
FIBERMAP 1288 R-12C5 APOGEE 0 0 0 1 0 0 -57.92066724746813 -225.29039194640401 143.1 196.5439126760552 -124.40549034977725 30.349482 126.18775 -999.0 -999.0 -999.0 -999.0 -999.0 123.98026715501979 -22.749557658516334 123.93024359209079 -22.835283868941108 76.29718147514029 293.66967558392554 -999.0 16600.0 -999.0 2 -999 {-999.0 -999.0 -999.0 -999.0 -999.0} "" -999.0 -999.0 -999.0 -999.0 -999 -999 "" "" "" "" 0 0 0.0 0.0 -999 ""
FIBERMAP 1288 R-12C5 BOSS 1 1 0 1 0 0 -57.24823483431503 -225.57087677071826 143.1 197.01761604770348 -123.85195648766857 30.349482 126.18775 123.98181786009323 -22.747874323071528 -2.8452713 -3.8433151 -0.0019459043 123.98179007886242 -22.747863544379598 123.93182082303366 -22.833619119675188 76.29762090839696 293.6788191283827 5400.0 5400.0 2016.0 1 427 {-999.0 15.6200075 15.196591 15.130262 -999.0} sdss_psfmag_ps1 15.436195 15.341803 14.617843 13.687 63050395995124701 1093512711 bright_1x1 mwm_astar_core_boss_single mwm_ob science 0 0 0.0 0.0 -999 ""
FIBERMAP 1288 R-12C5 METROLOGY 0 0 0 1 0 0 -57.831536545911696 -226.03305871881017 143.1 197.27795999393328 -124.5491148356772 30.349482 126.18775 -999.0 -999.0 -999.0 -999.0 -999.0 123.98269785163478 -22.749989786341224 123.9327096964816 -22.835739661364546 76.29938211607192 293.67275090166453 -999.0 6231.0 -999.0 -1 -999 {-999.0 -999.0 -999.0 -999.0 -999.0} "" -999.0 -999.0 -999.0 -999.0 -999 -999 "" "" "" "" 0 0 0.0 0.0 -999 ""
FIBERMAP 1292 R-8C6 APOGEE 0 0 0 1 0 0 -71.03822579842179 -150.48413497361588 143.1 121.33255898618577 -113.8775624307244 58.087166 65.06614 -999.0 -999.0 -999.0 -999.0 -999.0 123.73382864593187 -22.719546514421516 123.68376273339135 -22.804750235327493 76.08445218228084 293.3118801651219 -999.0 16600.0 -999.0 2 -999 {-999.0 -999.0 -999.0 -999.0 -999.0} "" -999.0 -999.0 -999.0 -999.0 -999 -999 "" "" "" "" 0 0 0.0 0.0 -999 ""
FIBERMAP 1292 R-8C6 BOSS 1 1 0 1 0 0 -70.59766615461514 -151.12064305326692 143.1 122.07369149364439 -113.65415696138191 58.087166 65.06614 123.73626708984374 -22.71888678758401 -999.0 -999.0 -999.0 123.73625953686127 -22.718873371197883 123.68624669145436 -22.804108475742236 76.08613189410849 293.3188801024668 5400.0 5400.0 2015.5 1 363 {-999.0 -999.0 -999.0 -999.0 -999.0} "" -999.0 -999.0 -999.0 -999.0 27021603171067679 823345179 "" ops_sky_boss_good ops_sky sky_boss 0 0 0.0 0.0 -999 ""
FIBERMAP 1292 R-8C6 METROLOGY 0 0 0 1 0 0 -71.36698015650897 -151.15601203739672 143.1 121.87071763032395 -114.3970224692002 58.087166 65.06614 -999.0 -999.0 -999.0 -999.0 -999.0 123.73563205531724 -22.721147768654436 123.6855989335944 -22.80637381201158 76.0867238732956 293.3094535680246 -999.0 6231.0 -999.0 -1 -999 {-999.0 -999.0 -999.0 -999.0 -999.0} "" -999.0 -999.0 -999.0 -999.0 -999 -999 "" "" "" "" 0 0 0.0 0.0 -999 ""
FIBERMAP 1293 R+1C5 APOGEE 1 1 0 1 0 0 -191.29182843064072 32.009937954876236 143.1 -89.29462889708792 -172.16462960361923 89.43159 120.733604 123.04172850334218 -22.897655932958873 -2.5289292 1.3347837 0.4820377 123.04172723635207 -22.897678890418604 122.99088099177794 -22.981370788630752 75.60870005036676 291.42724538563874 16000.0 16600.0 2016.0 2 39 {-999.0 12.953807 12.148829 11.84352 -999.0} sdss_psfmag_from_g3xp 12.716798 12.178294 11.489028 10.061 63050395995104137 1106811063 bright_1x1 mwm_tess_rgb_apogee mwm_tessrgb science 0 0 0.0 0.0 -999 ""
FIBERMAP 1293 R+1C5 BOSS 0 0 0 1 0 0 -190.66813720192084 32.39497223554532 143.1 -89.46914533589545 -171.45277064276652 89.43159 120.733604 -999.0 -999.0 -999.0 -999.0 -999.0 123.04106660900332 -22.895554426130555 122.99027833420075 -22.9792709089742 75.60722858002865 291.43367265378674 -999.0 5400.0 -999.0 1 65 {-999.0 -999.0 -999.0 -999.0 -999.0} "" -999.0 -999.0 -999.0 -999.0 -999 -999 "" "" "" "" 0 0 0.0 0.0 -999 ""
FIBERMAP 1293 R+1C5 METROLOGY 0 0 0 1 0 0 -190.61751246451274 31.664461524824837 143.1 -88.75850798524868 -171.62929379291307 89.43159 120.733604 -999.0 -999.0 -999.0 -999.0 -999.0 123.04340526309765 -22.896121436491878 122.99260165396225 -22.97983559380175 75.60938357119679 291.435684298133 -999.0 6231.0 -999.0 -1 -999 {-999.0 -999.0 -999.0 -999.0 -999.0} "" -999.0 -999.0 -999.0 -999.0 -999 -999 "" "" "" "" 0 0 0.0 0.0 -999 ""
FIBERMAP 1294 R+13C4 APOGEE 1 1 0 1 0 0 -72.42647097933771 233.6772701962904 143.1 -244.61622197173833 2.9624814127449275 334.61078 60.81841 122.53338172633941 -22.36646470615842 -8.141462 18.583714 0.7413605 122.53360884155113 -22.36640576959944 122.48388591221573 -22.449074080546627 74.94407779338435 292.3939151748775 16000.0 16600.0 2016.0 2 53 {-999.0 10.522384 9.260985 8.6707325 -999.0} sdss_psfmag_from_g3xp 10.044988 9.194628 8.289245 6.189 63050395995354599 1152662847 bright_1x1 mwm_galactic_core_dist_apogee_sparse mwm_galactic science 0 0 0.8763779401779175 0.0 -999 ""
FIBERMAP 1294 R+13C4 BOSS 0 0 0 1 0 0 -73.08180967075592 233.3092574506182 143.1 -244.46763535131794 2.2257460420667434 334.61078 60.81841 -999.0 -999.0 -999.0 -999.0 -999.0 122.53400452308088 -22.36860844264589 122.48433075654088 -22.451305236739895 74.9455181922824 292.38716710406936 -999.0 5400.0 -999.0 1 90 {-999.0 -999.0 -999.0 -999.0 -999.0} "" -999.0 -999.0 -999.0 -999.0 -999 -999 "" "" "" "" 0 0 0.0 0.0 -999 ""
FIBERMAP 1294 R+13C4 METROLOGY 0 0 0 1 0 0 -73.06629899257257 234.07700449104672 143.1 -245.19336028560286 2.476648903423815 334.61078 60.81841 -999.0 -999.0 -999.0 -999.0 -999.0 122.53161970294093 -22.367850102472254 122.48193133881836 -22.450533920544565 74.94320450648209 292.3856303187505 -999.0 6231.0 -999.0 -1 -999 {-999.0 -999.0 -999.0 -999.0 -999.0} "" -999.0 -999.0 -999.0 -999.0 -999 -999 "" "" "" "" 0 0 0.0 0.0 -999 ""
FIBERMAP 1295 R-12C3 APOGEE 0 0 0 1 0 0 -114.73075285798335 -242.40385356879932 143.1 195.353294353764 -183.72291788087168 225.28929 143.23944 -999.0 -999.0 -999.0 -999.0 -999.0 123.97697897211202 -22.92856442764736 123.92650162892699 -23.014258477219425 76.38184756537842 293.0018414447195 -999.0 16600.0 -999.0 2 -999 {-999.0 -999.0 -999.0 -999.0 -999.0} "" -999.0 -999.0 -999.0 -999.0 -999 -999 "" "" "" "" 0 0 0.0 0.0 -999 ""
FIBERMAP 1295 R-12C3 BOSS 1 1 0 1 0 0 -115.49618400527865 -242.547760107866 143.1 195.25478606589823 -184.49547307237165 225.28929 143.23944 123.97667272557204 -22.930896960167562 -6.068332 3.9446235 1.5892786 123.97661020958807 -22.930866480698928 123.92617623204819 -23.01658460394006 76.38271342672209 292.99258380437107 5400.0 5400.0 2016.0 1 425 {-999.0 15.299533 14.514907 14.213668 -999.0} sdss_psfmag_from_g3xp 15.064243 14.542558 13.861304 -999.0 63050395995112110 1075944457 bright_1x1 mwm_erosita_stars_boss mwm_erosita science 0 0 0.0 0.0 -999 ""
FIBERMAP 1295 R-12C3 METROLOGY 0 0 0 1 0 0 -115.19412828360804 -241.81667264972648 143.1 194.65207792697237 -183.98320422440793 225.28929 143.23944 -999.0 -999.0 -999.0 -999.0 -999.0 123.97469119249918 -22.929385665532838 123.92424604023392 -23.01509276813905 76.38043638003145 292.99446760007135 -999.0 6231.0 -999.0 -1 -999 {-999.0 -999.0 -999.0 -999.0 -999.0} "" -999.0 -999.0 -999.0 -999.0 -999 -999 "" "" "" "" 0 0 0.0 0.0 -999 ""
FIBERMAP 1297 R+11C13 APOGEE 0 0 0 1 0 0 91.02699999553391 199.76893176203646 143.1 -162.07786653565046 148.05556591573182 261.51923 86.918846 -999.0 -999.0 -999.0 -999.0 -999.0 122.8039004239328 -21.927539738227 122.75541106206163 -22.01085487296687 74.9438504085868 294.3387789912631 -999.0 16600.0 -999.0 2 123 {-999.0 -999.0 -999.0 -999.0 -999.0} "" -999.0 -999.0 -999.0 -999.0 -999 -999 "" ops_sky_apogee_best_unassigned ops_sky sky_apogee 0 0 0.0 0.0 -999 ""
FIBERMAP 1297 R+11C13 BOSS 1 1 0 1 0 0 90.30615832346982 199.90688749990267 143.1 -162.43084616460501 147.41213231959375 261.51923 86.918846 122.80266068958873 -21.929418050191973 -5.9594474 -2.5777106 4.019939 122.80265462164209 -21.92942590139989 122.75421342581711 -22.012767566755812 74.94387398665478 294.33026557570446 5400.0 5400.0 2016.0 1 104 {-999.0 15.500889 14.323216 13.772362 -999.0} sdss_psfmag_from_g3xp 15.056064 14.346007 13.40204 11.645 63050395995393276 1075944472 bright_1x1 mwm_erosita_stars_boss mwm_erosita science 0 0 0.0 0.0 -999 ""
FIBERMAP 1297 R+11C13 METROLOGY 0 0 0 1 0 0 90.76874400247195 200.47580464913514 143.1 -162.8298765042335 148.02726158230706 261.51923 86.918846 -999.0 -999.0 -999.0 -999.0 -999.0 122.80135270493656 -21.927555769563195 122.75290051194781 -22.010886533341544 74.94186624182396 294.3340934359934 -999.0 6231.0 -999.0 -1 -999 {-999.0 -999.0 -999.0 -999.0 -999.0} "" -999.0 -999.0 -999.0 -999.0 -999 -999 "" "" "" "" 0 0 0.0 0.0 -999 ""
FIBERMAP 1298 R+9C18 APOGEE 1 1 0 1 0 0 180.82607715105897 181.6654476069982 143.1 -117.23223623075259 227.92926949636555 134.83873 126.42822 122.95074462890625 -21.686460271281064 -999.0 -999.0 -999.0 122.9507369465634 -21.686464165399283 122.90291944147265 -21.770130316358532 74.93604488989111 295.40412255663045 16000.0 16600.0 2015.5 2 102 {-999.0 -999.0 -999.0 -999.0 -999.0} "" -999.0 -999.0 -999.0 -999.0 27021603171081626 845457969 "" ops_sky_apogee_best ops_sky sky_apogee 0 0 0.0 0.0 -999 ""
FIBERMAP 1298 R+9C18 BOSS 0 0 0 1 0 0 180.9702966687604 182.38507961928642 143.1 -117.87259223752787 228.28783691580648 134.83873 126.42822 -999.0 -999.0 -999.0 -999.0 -999.0 122.94860168538476 -21.685352734512406 122.90083892050228 -21.769044789720283 74.9338306258077 295.40376610827093 -999.0 5400.0 -999.0 1 176 {-999.0 -999.0 -999.0 -999.0 -999.0} "" -999.0 -999.0 -999.0 -999.0 -999 -999 "" "" "" "" 0 0 0.0 0.0 -999 ""
FIBERMAP 1298 R+9C18 METROLOGY 0 0 0 1 0 0 181.53017294370804 181.89752277627008 143.1 -117.23648422434698 228.6705843795744 134.83873 126.42822 -999.0 -999.0 -999.0 -999.0 -999.0 122.95066559373016 -21.684163628491344 122.90289172661011 -21.767851704622558 74.93482471722953 295.4115273303155 -999.0 6231.0 -999.0 -1 -999 {-999.0 -999.0 -999.0 -999.0 -999.0} "" -999.0 -999.0 -999.0 -999.0 -999 -999 "" "" "" "" 0 0 0.0 0.0 -999 ""
FIBERMAP 1299 R+7C16 APOGEE 0 0 0 1 0 0 131.2840842949154 125.88700247514296 143.1 -79.39837657162093 163.6346521620667 307.05136 119.92944 -999.0 -999.0 -999.0 -999.0 -999.0 123.07354257501389 -21.879991282040862 123.02529187506553 -21.963895013600958 75.1341263889562 294.99416851956386 -999.0 16600.0 -999.0 2 62 {-999.0 -999.0 -999.0 -999.0 -999.0} "" -999.0 -999.0 -999.0 -999.0 -999 -999 "" ops_sky_apogee_best_unassigned ops_sky sky_apogee 0 0 0.0 0.0 -999 ""
FIBERMAP 1299 R+7C16 BOSS 1 1 0 1 0 0 130.9655299752321 125.21805300954041 143.1 -78.8598661349096 163.12579772813612 307.05136 119.92944 123.07524608944799 -21.88144557422566 -5.8434587 2.4585333 -0.22112732 123.07521707600942 -21.881439955447995 123.02701591801349 -21.96537664367917 75.13626217861065 294.99246886037804 5400.0 5400.0 2016.0 1 209 {-999.0 15.653978 15.239718 15.133014 -999.0} sdss_psfmag_ps1 15.539663 15.326315 14.760588 13.967 63050395995400760 1093701447 bright_1x1 mwm_astar_core_boss_single mwm_ob science 0 0 0.0 0.0 -999 ""
FIBERMAP 1299 R+7C16 METROLOGY 0 0 0 1 0 0 130.54590340418386 125.80905538286635 143.1 -79.55126226074313 162.90831294060283 307.05136 119.92944 -999.0 -999.0 -999.0 -999.0 -999.0 123.07296325720269 -21.882088894242823 123.02474461135444 -21.966012258448796 75.13479189306892 294.98608818050707 -999.0 6231.0 -999.0 -1 -999 {-999.0 -999.0 -999.0 -999.0 -999.0} "" -999.0 -999.0 -999.0 -999.0 -999 -999 "" "" "" "" 0 0 0.0 0.0 -999 ""
FIBERMAP 1305 R+6C10 APOGEE 0 0 0 1 0 0 -18.0386068101934 104.56383366493438 143.1 -105.03870741056414 14.998529626646361 286.11884 121.48217 -999.0 -999.0 -999.0 -999.0 -999.0 122.98938231047156 -22.33047571760595 122.93995559836446 -22.41413460012975 75.29448109702872 293.31671918840993 -999.0 16600.0 -999.0 2 -999 {-999.0 -999.0 -999.0 -999.0 -999.0} "" -999.0 -999.0 -999.0 -999.0 -999 -999 "" "" "" "" 0 0 0.0 0.0 -999 ""
FIBERMAP 1305 R+6C10 BOSS 1 1 0 1 0 0 -18.53949033916208 104.01834471985319 143.1 -104.67374824094675 14.354166818294033 286.11884 121.48217 122.99047770331298 -22.33245232591094 -0.05403931 -1.2382412 0.06406725 122.99046304058093 -22.33239539950467 122.94108483389482 -22.416084214553674 75.2963536297715 293.31208391270275 5400.0 5400.0 2016.0 1 133 {-999.0 16.528864 15.648892 15.326222 -999.0} sdss_psfmag_ps1 16.210878 15.663866 14.9530735 13.45 63050395995370593 1071078354 bright_1x1 mwm_halo_vmp_xp_boss_single mwm_halo science 0 0 0.0 0.0 -999 ""
FIBERMAP 1305 R+6C10 METROLOGY 0 0 0 1 0 0 -18.770515422179454 104.71813207871998 143.1 -105.41064074975182 14.349592766054625 286.11884 121.48217 -999.0 -999.0 -999.0 -999.0 -999.0 122.98805202370629 -22.33241624778268 122.93865769159123 -22.416091961241897 75.29440821013405 293.30767972172066 -999.0 6231.0 -999.0 -1 -999 {-999.0 -999.0 -999.0 -999.0 -999.0} "" -999.0 -999.0 -999.0 -999.0 -999 -999 "" "" "" "" 0 0 0.0 0.0 -999 ""
FIBERMAP 1307 R+1C13 APOGEE 1 1 0 1 0 0 -13.059697020505672 34.095524848242356 143.1 -36.45812095131762 -1.9388849724604809 109.64819 103.44705 123.21413509763698 -22.381732055129394 -2.170157 1.1325321 0.3766064 123.21441078163366 -22.381720315373443 123.16495675773069 -22.465856822086092 75.50068905054478 293.5480956097755 16000.0 16600.0 2016.0 2 11 {-999.0 11.973461 10.489391 9.256403 -999.0} sdss_psfmag_from_g3xp 11.351386 9.962908 8.804269 6.198 63050395995367141 1152662892 bright_1x1 mwm_galactic_core_dist_apogee_sparse mwm_galactic science 0 0 0.8735445141792297 0.0 -999 ""
FIBERMAP 1307 R+1C13 BOSS 0 0 0 1 0 0 -12.442814709479288 34.52331718957883 143.1 -36.67541511423292 -1.2203529713483652 109.64819 103.44705 -999.0 -999.0 -999.0 -999.0 -999.0 123.2136160693528 -22.379512678566375 123.16421933307305 -22.463675381456127 75.49901266034067 293.55429938527146 -999.0 5400.0 -999.0 1 13 {-999.0 -999.0 -999.0 -999.0 -999.0} "" -999.0 -999.0 -999.0 -999.0 -999 -999 "" "" "" "" 0 0 0.0 0.0 -999 ""
FIBERMAP 1307 R+1C13 METROLOGY 0 0 0 1 0 0 -12.380603907957777 33.777322461438686 143.1 -35.94648137650989 -1.3906148134596326 109.64819 103.44705 -999.0 -999.0 -999.0 -999.0 -999.0 123.21602249091735 -22.380034357213077 123.16661077622052 -22.4641943427439 75.50118788733782 293.55689307263384 -999.0 6231.0 -999.0 -1 -999 {-999.0 -999.0 -999.0 -999.0 -999.0} "" -999.0 -999.0 -999.0 -999.0 -999 -999 "" "" "" "" 0 0 0.0 0.0 -999 ""
FIBERMAP 1310 R+2C13 APOGEE 0 0 0 1 0 0 -10.860960130885076 45.63400758024503 143.1 -46.76046242549033 3.7021920837924673 145.06523 119.69718 -999.0 -999.0 -999.0 -999.0 -999.0 123.18055999649694 -22.364634888578987 123.131133731369 -22.448700939421943 75.46503878571842 293.54542475252805 -999.0 16600.0 -999.0 2 -999 {-999.0 -999.0 -999.0 -999.0 -999.0} "" -999.0 -999.0 -999.0 -999.0 -999 -999 "" "" "" "" 0 0 0.0 0.0 -999 ""
FIBERMAP 1310 R+2C13 BOSS 1 1 0 1 0 0 -10.80471297674441 46.38602715175464 143.1 -47.4586932069164 3.9870173974273633 145.06523 119.69718 123.17817099939646 -22.363772318180935 -6.387023 4.767371 0.44914055 123.17818200259862 -22.36374275132301 123.12880910035994 -22.44783147938349 75.46274253313638 293.5441701527552 5400.0 5400.0 2016.0 1 110 {-999.0 15.659807 15.222435 15.16741 -999.0} sdss_psfmag_ps1 15.540888 15.245841 14.78432 13.979 63050395995368212 979857708 "" ops_std_boss ops_std standard_boss 0 0 0.0 0.0 -999 ""
FIBERMAP 1310 R+2C13 METROLOGY 0 0 0 1 0 0 -10.189364309983937 45.963336094261386 143.1 -46.86724139254853 4.44249723035565 145.06523 119.69718 -999.0 -999.0 -999.0 -999.0 -999.0 123.18013254079527 -22.36236444987984 123.13074922383339 -22.446449732430118 75.46361023163583 293.55250012785274 -999.0 6231.0 -999.0 -1 -999 {-999.0 -999.0 -999.0 -999.0 -999.0} "" -999.0 -999.0 -999.0 -999.0 -999 -999 "" "" "" "" 0 0 0.0 0.0 -999 ""
FIBERMAP 1311 R-8C9 APOGEE 0 0 0 1 0 0 -16.42632918441455 -165.238022575481 143.1 152.16819130310836 -66.45347335178508 289.36212 129.03374 -999.0 -999.0 -999.0 -999.0 -999.0 123.83430236944012 -22.575263929200183 123.78464853496104 -22.660702827393557 76.0938234419883 294.02412221503585 -999.0 16600.0 -999.0 2 -999 {-999.0 -999.0 -999.0 -999.0 -999.0} "" -999.0 -999.0 -999.0 -999.0 -999 -999 "" "" "" "" 0 0 0.0 0.0 -999 ""
FIBERMAP 1311 R-8C9 BOSS 1 1 0 1 0 0 -16.81962100876808 -165.8672366642456 143.1 152.64590646318828 -67.02121713925236 289.36212 129.03374 123.8359198440927 -22.57699855827932 0.5903773 1.155648 0.3247789 123.83588980641143 -22.576973777755676 123.78628221164223 -22.662442413965323 76.09599950359468 294.02099817185035 5400.0 5400.0 2016.0 1 387 {-999.0 16.28032 15.907373 15.800717 -999.0} sdss_psfmag_ps1 16.1819 15.899154 15.403573 14.534 63050395995142833 979855645 "" ops_std_boss ops_std standard_boss 0 0 0.0 0.0 -999 ""
FIBERMAP 1311 R-8C9 METROLOGY 0 0 0 1 0 0 -17.174090875389233 -165.21929638241414 143.1 151.9203760678101 -67.15919359875836 289.36212 129.03374 -999.0 -999.0 -999.0 -999.0 -999.0 123.83355024596572 -22.577422728485953 123.78392630361742 -22.66287876592719 76.09433616948186 294.0148964773958 -999.0 6231.0 -999.0 -1 -999 {-999.0 -999.0 -999.0 -999.0 -999.0} "" -999.0 -999.0 -999.0 -999.0 -999 -999 "" "" "" "" 0 0 0.0 0.0 -999 ""
FIBERMAP 1313 R+6C17 APOGEE 0 0 0 1 0 0 128.48048497733333 96.63801420033434 143.1 -52.43089289283872 151.9706373913843 310.3444 46.37118 -999.0 -999.0 -999.0 -999.0 -999.0 123.16159869765778 -21.915075292955677 123.11329869843024 -21.999163761328507 75.22218315625386 295.0420354353018 -999.0 16600.0 -999.0 2 63 {-999.0 -999.0 -999.0 -999.0 -999.0} "" -999.0 -999.0 -999.0 -999.0 -999 -999 "" ops_sky_apogee_best_unassigned ops_sky sky_apogee 0 0 0.0 0.0 -999 ""
FIBERMAP 1313 R+6C17 BOSS 1 1 0 1 0 0 127.73227322091311 96.76658782285845 143.1 -52.78336416027564 151.29827595045592 310.3444 46.37118 123.16036170799323 -21.917064728015603 -2.1359565 9.090297 -2.005799 123.16037198728552 -21.91701959996421 123.11211869067847 -22.001134533271713 75.22227183502936 295.0332051240612 5400.0 5400.0 2016.0 1 215 {-999.0 14.219122 13.922181 13.801443 -999.0} sdss_psfmag_from_g3xp 14.178435 13.94619 13.471454 12.724 63050395995400452 1093865228 bright_1x1 mwm_astar_core_boss_single mwm_ob science 0 0 0.0 0.0 -999 ""
FIBERMAP 1313 R+6C17 METROLOGY 0 0 0 1 0 0 128.22592576114113 97.33539316921565 143.1 -53.17273253079181 151.94293031279207 310.3444 46.37118 -999.0 -999.0 -999.0 -999.0 -999.0 123.15910712029161 -21.915062846487015 123.11084341322686 -21.999167011577054 75.22023953235755 295.03738893657993 -999.0 6231.0 -999.0 -1 -999 {-999.0 -999.0 -999.0 -999.0 -999.0} "" -999.0 -999.0 -999.0 -999.0 -999 -999 "" "" "" "" 0 0 0.0 0.0 -999 ""
FIBERMAP 1315 R+3C7 APOGEE 0 0 0 1 0 0 -142.31317910421825 68.90509197000938 143.1 -109.3346942297288 -114.2141727091095 221.51265 24.79227 -999.0 -999.0 -999.0 -999.0 -999.0 122.97555416948269 -22.72234411373384 122.92512458160661 -22.805917982637947 75.47261822287473 291.9328083126747 -999.0 16600.0 -999.0 2 26 {-999.0 -999.0 -999.0 -999.0 -999.0} "" -999.0 -999.0 -999.0 -999.0 -999 -999 "" ops_sky_apogee_best_unassigned ops_sky sky_apogee 0 0 0.0 0.0 -999 ""
FIBERMAP 1315 R+3C7 BOSS 1 1 0 1 0 0 -142.03653177861338 69.59220041011939 143.1 -109.90337237721988 -113.73960656562835 221.51265 24.79227 122.97362164592107 -22.720943102246125 -9.669667 2.8153052 1.1334255 122.97358236781005 -22.720925572471867 122.92320853867295 -22.804521788859834 75.47040073823621 291.9343614192083 5400.0 5400.0 2016.0 1 44 {-999.0 14.210534 13.829591 13.708322 -999.0} sdss_psfmag_from_g3xp 14.143834 13.842411 13.377467 12.597 63050395995328804 979282002 "" ops_std_boss ops_std standard_boss 0 0 0.0 0.0 -999 ""
FIBERMAP 1315 R+3C7 METROLOGY 0 0 0 1 0 0 -141.5714492378595 69.01205900523405 143.1 -109.20832882836082 -113.47553071253895 221.51265 24.79227 -999.0 -999.0 -999.0 -999.0 -999.0 122.97586415236897 -22.720150162374708 122.92547831672618 -22.803743930518195 75.47187235714351 291.9410522149219 -999.0 6231.0 -999.0 -1 -999 {-999.0 -999.0 -999.0 -999.0 -999.0} "" -999.0 -999.0 -999.0 -999.0 -999 -999 "" "" "" "" 0 0 0.0 0.0 -999 ""
FIBERMAP 1319 R0C9 APOGEE 1 1 0 1 0 0 -123.65028868422307 9.159699563812008 143.1 -46.74780624708586 -114.83338695673035 156.28137 103.48015 123.18123143461656 -22.7242789565988 -1.3607126 -6.076143 -0.6691625 123.18123261591903 -22.724302863262718 123.1308937687881 -22.808319745877924 75.64047394713691 292.28710792662656 16000.0 16600.0 2016.0 2 276 {-999.0 11.028655 10.729522 10.647135 -999.0} sdss_psfmag_from_g3xp 10.988312 10.77878 10.320379 9.648 63050395995136745 1152662550 bright_1x1 mwm_galactic_core_dist_apogee_sparse mwm_galactic science 0 0 0.0 0.0 -999 ""
FIBERMAP 1319 R0C9 BOSS 0 0 0 1 0 0 -123.51486376270407 9.879219865100424 143.1 -47.3907610179618 -114.48322177735028 156.28137 103.48015 -999.0 -999.0 -999.0 -999.0 -999.0 123.17903758586502 -22.723275270018558 123.12875261491598 -22.807313875812874 75.63825956215551 292.2868556850959 -999.0 5400.0 -999.0 1 449 {-999.0 -999.0 -999.0 -999.0 -999.0} "" -999.0 -999.0 -999.0 -999.0 -999 -999 "" "" "" "" 0 0 0.0 0.0 -999 ""
FIBERMAP 1319 R0C9 METROLOGY 0 0 0 1 0 0 -122.93980277643969 9.402713862839112 143.1 -46.76049711966235 -114.08262733497928 156.28137 103.48015 -999.0 -999.0 -999.0 -999.0 -999.0 123.18111765680943 -22.722079565020923 123.13082187675025 -22.806115365623626 75.63935966695824 292.29478154227985 -999.0 6231.0 -999.0 -1 -999 {-999.0 -999.0 -999.0 -999.0 -999.0} "" -999.0 -999.0 -999.0 -999.0 -999 -999 "" "" "" "" 0 0 0.0 0.0 -999 ""
FIBERMAP 1320 R+5C8 APOGEE 0 0 0 1 0 0 -92.73208715178959 105.2664131413905 143.1 -128.68152825245048 -55.854700971944666 174.54195 89.743286 -999.0 -999.0 -999.0 -999.0 -999.0 122.9119098636912 -22.545408654306673 122.86190178326655 -22.628870082835604 75.33662696874185 292.4387396028031 -999.0 16600.0 -999.0 2 -999 {-999.0 -999.0 -999.0 -999.0 -999.0} "" -999.0 -999.0 -999.0 -999.0 -999 -999 "" "" "" "" 0 0 0.0 0.0 -999 ""
FIBERMAP 1320 R+5C8 BOSS 1 1 0 1 0 0 -92.68815217151288 105.99573978874861 143.1 -129.36195417355728 -55.58857036497249 174.54195 89.743286 122.90954589843749 -22.54460166047133 -999.0 -999.0 -999.0 122.90956068828874 -22.544597733198092 122.85960684247482 -22.628081304072207 75.33439113597468 292.43742766316024 5400.0 5400.0 2015.5 1 67 {-999.0 -999.0 -999.0 -999.0 -999.0} "" -999.0 -999.0 -999.0 -999.0 27021603171078520 814746064 "" ops_sky_boss_good ops_sky sky_boss 0 0 0.0 0.0 -999 ""
FIBERMAP 1320 R+5C8 METROLOGY 0 0 0 1 0 0 -92.05467793637553 105.58361177264258 143.1 -128.77497778972256 -55.112595425665994 174.54195 89.743286 -999.0 -999.0 -999.0 -999.0 -999.0 122.91148402608111 -22.543170400168353 122.86151959907494 -22.626650647984224 75.33524623968403 292.4457437592941 -999.0 6231.0 -999.0 -1 -999 {-999.0 -999.0 -999.0 -999.0 -999.0} "" -999.0 -999.0 -999.0 -999.0 -999 -999 "" "" "" "" 0 0 0.0 0.0 -999 ""
FIBERMAP 1321 R-6C21 APOGEE 1 1 0 1 0 0 232.3083820497053 -101.43577489220235 143.1 167.96783609597202 189.83694694794377 90.49498 84.13295 123.87998067755288 -21.799191540958255 -5.0327873 1.7889179 0.6352255 123.87999495050208 -21.79918391064885 123.83230770280329 -21.8848293986298 75.72699674019624 296.8388843956178 16000.0 16600.0 2016.0 2 195 {-999.0 12.442823 11.7196665 11.465411 -999.0} sdss_psfmag_from_g3xp 12.247203 11.763358 11.118709 9.829 63050395995516504 1107515128 bright_1x1 mwm_tess_rgb_apogee mwm_tessrgb science 0 0 0.0 0.0 -999 ""
FIBERMAP 1321 R-6C21 BOSS 0 0 0 1 0 0 233.06349533197135 -101.49911279605449 143.1 168.26035968219972 190.53594034914116 90.49498 84.13295 -999.0 -999.0 -999.0 -999.0 -999.0 123.88088268908837 -21.79703714501419 123.833250628869 -21.882714364914882 75.72658763726642 296.8480186793132 -999.0 5400.0 -999.0 1 268 {-999.0 -999.0 -999.0 -999.0 -999.0} "" -999.0 -999.0 -999.0 -999.0 -999 -999 "" "" "" "" 0 0 0.0 0.0 -999 ""
FIBERMAP 1321 R-6C21 METROLOGY 0 0 0 1 0 0 232.64157751014642 -102.10969217350025 143.1 168.71153946607905 189.94669119785667 90.49498 84.13295 -999.0 -999.0 -999.0 -999.0 -999.0 123.88241277890866 -21.798783461632784 123.83476304638225 -21.884455330307595 75.72871008788702 296.84516252811716 -999.0 6231.0 -999.0 -1 -999 {-999.0 -999.0 -999.0 -999.0 -999.0} "" -999.0 -999.0 -999.0 -999.0 -999 -999 "" "" "" "" 0 0 0.0 0.0 -999 ""
FIBERMAP 1322 R+4C3 APOGEE 1 1 0 1 0 0 -216.5300340743785 76.96137992830153 143.1 -139.827818352854 -182.3520394487594 195.94267 103.93268 122.87590554508442 -22.92801362042637 -0.49743694 0.7742569 0.08247227 122.87589040734048 -22.928025171562282 122.82488883918825 -23.01135490676534 75.48732693105333 291.03637379231304 16000.0 16600.0 2016.0 2 20 {-999.0 14.655428 13.424809 12.921574 -999.0} sdss_psfmag_from_g3xp 14.190406 13.402518 12.539547 10.54 63050395995102952 1152662728 bright_1x1 mwm_galactic_core_dist_apogee_sparse mwm_galactic science 0 0 0.0 0.0 -999 ""
FIBERMAP 1322 R+4C3 BOSS 0 0 0 1 0 0 -216.8864323997723 77.5961269730297 143.1 -140.54138880900695 -182.49590879296466 195.94267 103.93268 -999.0 -999.0 -999.0 -999.0 -999.0 122.87347392753266 -22.928453796117015 122.82252362263932 -23.011803909360093 75.48560392183916 291.03077003489636 -999.0 5400.0 -999.0 1 29 {-999.0 -999.0 -999.0 -999.0 -999.0} "" -999.0 -999.0 -999.0 -999.0 -999 -999 "" "" "" "" 0 0 0.0 0.0 -999 ""
FIBERMAP 1322 R+4C3 METROLOGY 0 0 0 1 0 0 -216.1642000657567 77.61124862547176 143.1 -140.3336314691688 -181.8040682409645 195.94267 103.93268 -999.0 -999.0 -999.0 -999.0 -999.0 122.87414049470662 -22.92640659013367 122.82318058232511 -23.009751165855292 75.48519133593598 291.03914824470513 -999.0 6231.0 -999.0 -1 -999 {-999.0 -999.0 -999.0 -999.0 -999.0} "" -999.0 -999.0 -999.0 -999.0 -999 -999 "" "" "" "" 0 0 0.0 0.0 -999 ""
FIBERMAP 1327 R+4C12 APOGEE 0 0 0 1 0 0 -18.70166068746959 82.98372830376773 143.1 -84.7096181039127 7.730006715888455 209.88873 61.29306 -999.0 -999.0 -999.0 -999.0 -999.0 123.05602774643471 -22.35251375678657 123.0065754050878 -22.436313248342092 75.35896138325025 293.36112348308745 -999.0 16600.0 -999.0 2 -999 {-999.0 -999.0 -999.0 -999.0 -999.0} "" -999.0 -999.0 -999.0 -999.0 -999 -999 "" "" "" "" 0 0 0.0 0.0 -999 ""
FIBERMAP 1327 R+4C12 BOSS 1 1 0 1 0 0 -18.743892831797854 83.70978220122001 143.1 -85.4134334810188 7.913144414875382 209.88873 61.29306 123.0533679553752 -22.351950604623404 3.372079 0.19933972 0.99612814 123.05361273009537 -22.35192673412723 123.00421343209189 -22.435748872196402 75.35678547286356 293.35878229198084 5400.0 5400.0 2016.0 1 120 {-999.0 13.38231 13.088176 12.995885 -999.0} sdss_psfmag_from_g3xp 13.34702 13.086804 12.667515 11.944 63050395995368479 1075944462 bright_1x1 mwm_erosita_stars_boss mwm_erosita science 0 0 0.7157666087150574 0.0 -999 ""
FIBERMAP 1327 R+4C12 METROLOGY 0 0 0 1 0 0 -18.070557129745122 83.38523361658889 143.1 -84.89752650054353 8.45398454172954 209.88873 61.29306 -999.0 -999.0 -999.0 -999.0 -999.0 123.05531070567932 -22.350290839863344 123.00590140008933 -22.43410900265706 75.35732774345885 293.36747545257265 -999.0 6231.0 -999.0 -1 -999 {-999.0 -999.0 -999.0 -999.0 -999.0} "" -999.0 -999.0 -999.0 -999.0 -999 -999 "" "" "" "" 0 0 0.0 0.0 -999 ""
FIBERMAP 1337 R-5C21 APOGEE 0 0 0 1 0 0 221.35396168171167 -100.9782846444024 143.1 164.1631666522488 179.55475375524193 297.08987 149.09004 -999.0 -999.0 -999.0 -999.0 -999.0 123.86795184657959 -21.830196002855057 123.82018180755671 -21.91581140933716 75.7342699201056 296.7084518052568 -999.0 16600.0 -999.0 2 -999 {-999.0 -999.0 -999.0 -999.0 -999.0} "" -999.0 -999.0 -999.0 -999.0 -999 -999 "" "" "" "" 0 0 0.0 0.0 -999 ""
FIBERMAP 1337 R-5C21 BOSS 1 1 0 1 0 0 221.31944417663726 -101.67885192560921 143.1 164.8191252608815 179.30642953305644 297.08987 149.09004 123.87004145492419 -21.830884126968318 1.6956958 -1.1382014 4.591512 123.87005900931685 -21.83089277959498 123.82233767099524 -21.916542000051145 75.73634813260368 296.7103337893385 5400.0 5400.0 2016.0 1 277 {-999.0 17.136414 15.624157 14.861674 -999.0} sdss_psfmag_ps1 16.520075 15.498855 14.416383 12.354 63050395995514678 1075862636 bright_1x1 mwm_erosita_stars_boss mwm_erosita science 0 0 0.0 0.0 -999 ""
FIBERMAP 1337 R-5C21 METROLOGY 0 0 0 1 0 0 220.6865777297497 -101.31606693739556 143.1 164.27928471133134 178.8158558907242 297.08987 149.09004 -999.0 -999.0 -999.0 -999.0 -999.0 123.86836389647536 -21.832352879322823 123.82062412881993 -21.917989935238033 75.73579051455562 296.7019052237935 -999.0 6231.0 -999.0 -1 -999 {-999.0 -999.0 -999.0 -999.0 -999.0} "" -999.0 -999.0 -999.0 -999.0 -999 -999 "" "" "" "" 0 0 0.0 0.0 -999 ""
FIBERMAP 1343 R+6C1 APOGEE 1 1 0 1 0 0 -218.24724806332867 123.11385667397519 143.1 -184.2691467603012 -169.79028692598888 3.563654 152.64156 122.73026333976766 -22.889543082924302 -7.252203 4.375825 2.803012 122.73023244249984 -22.889527266417602 122.67926166396751 -22.97254757474999 75.3504992333621 290.92716446127474 16000.0 16600.0 2016.0 2 50 {-999.0 8.852086 8.699573 8.675405 -999.0} sdss_psfmag_from_g3xp 8.874958 8.686841 8.351496 7.862 63050395995325185 975250358 "" ops_std_apogee ops_std standard_apogee 0 0 0.0 0.0 -999 ""
FIBERMAP 1343 R+6C1 BOSS 0 0 0 1 0 0 -217.55673866868733 122.80428496381342 143.1 -183.7622076623382 -169.2284997699736 3.563654 152.64156 -999.0 -999.0 -999.0 -999.0 -999.0 122.73181885955702 -22.887827738278144 122.68090718279717 -22.970877592697384 75.35107251476434 290.93578725499265 -999.0 5400.0 -999.0 1 87 {-999.0 -999.0 -999.0 -999.0 -999.0} "" -999.0 -999.0 -999.0 -999.0 -999 -999 "" "" "" "" 0 0 0.0 0.0 -999 ""
FIBERMAP 1343 R+6C1 METROLOGY 0 0 0 1 0 0 -218.13302617034142 122.36700385414329 143.1 -183.52339891760587 -169.91132520297202 3.563654 152.64156 -999.0 -999.0 -999.0 -999.0 -999.0 122.73258509935332 -22.889927512956096 122.68165308880049 -22.97297139023736 75.35264811237835 290.92969552816885 -999.0 6231.0 -999.0 -1 -999 {-999.0 -999.0 -999.0 -999.0 -999.0} "" -999.0 -999.0 -999.0 -999.0 -999 -999 "" "" "" "" 0 0 0.0 0.0 -999 ""
FIBERMAP 1344 R-6C18 APOGEE 0 0 0 1 0 0 158.1125498104646 -124.39456424877011 143.1 166.9913949506766 112.17941973691586 212.55765 166.10635 -999.0 -999.0 -999.0 -999.0 -999.0 123.87906966183887 -22.033663333172814 123.83079655208974 -22.11927394041913 75.85134959671684 296.0292567206435 -999.0 16600.0 -999.0 2 -999 {-999.0 -999.0 -999.0 -999.0 -999.0} "" -999.0 -999.0 -999.0 -999.0 -999 -999 "" "" "" "" 0 0 0.0 0.0 -999 ""
FIBERMAP 1344 R-6C18 BOSS 1 1 0 1 0 0 157.4681613814091 -124.60091483819116 143.1 166.98953140734724 111.50282760288475 212.55765 166.10635 123.87908935546874 -22.035630322473935 -999.0 -999.0 -999.0 123.87908100392848 -22.035650874829535 123.83085242700139 -22.121289853186667 75.85246114465794 296.02237304245904 5400.0 5400.0 2015.5 1 314 {-999.0 -999.0 -999.0 -999.0 -999.0} "" -999.0 -999.0 -999.0 -999.0 27021603171075015 814745679 "" ops_sky_boss_good ops_sky sky_boss 0 0 0.0 0.0 -999 ""
FIBERMAP 1344 R-6C18 METROLOGY 0 0 0 1 0 0 157.55215326330458 -123.89913117889363 143.1 166.3476328413518 111.79859982615531 212.55765 166.10635 -999.0 -999.0 -999.0 -999.0 -999.0 123.87702129996562 -22.034755275383336 123.8287799935278 -22.12038186968065 75.85035172580571 296.0213647424868 -999.0 6231.0 -999.0 -1 -999 {-999.0 -999.0 -999.0 -999.0 -999.0} "" -999.0 -999.0 -999.0 -999.0 -999 -999 "" "" "" "" 0 0 0.0 0.0 -999 ""
FIBERMAP 1352 R+7C11 APOGEE 1 1 0 1 0 0 1.0815177126756783 122.71324515329964 143.1 -116.42650812439591 38.77336289071183 257.51572 89.488174 122.95211791992186 -22.258392266334013 -999.0 -999.0 -999.0 122.9521199274772 -22.258344501218623 122.90285925300657 -22.341933144212376 75.22884281770865 293.4960467453835 16000.0 16600.0 2015.5 2 141 {-999.0 -999.0 -999.0 -999.0 -999.0} "" -999.0 -999.0 -999.0 -999.0 27021603171080237 836857252 "" ops_sky_apogee_best ops_sky sky_apogee 0 0 0.0 0.0 -999 ""
FIBERMAP 1352 R+7C11 BOSS 0 0 0 1 0 0 0.3490697445011506 122.86236918762461 143.1 -116.79368404248501 38.12232130039257 257.51572 89.488174 -999.0 -999.0 -999.0 -999.0 -999.0 122.9507990727448 -22.260272409771954 122.90158593007652 -22.343886094304885 75.22879442342673 293.48710387391856 -999.0 5400.0 -999.0 1 141 {-999.0 -999.0 -999.0 -999.0 -999.0} "" -999.0 -999.0 -999.0 -999.0 -999 -999 "" "" "" "" 0 0 0.0 0.0 -999 ""
FIBERMAP 1352 R+7C11 METROLOGY 0 0 0 1 0 0 0.861698318698533 123.42100094829651 143.1 -117.16753577615704 38.78190176755733 257.51572 89.488174 -999.0 -999.0 -999.0 -999.0 -999.0 122.9495788640035 -22.2582754520014 122.90035521278651 -22.341878809136983 75.22680752935116 293.4917064571805 -999.0 6231.0 -999.0 -1 -999 {-999.0 -999.0 -999.0 -999.0 -999.0} "" -999.0 -999.0 -999.0 -999.0 -999 -999 "" "" "" "" 0 0 0.0 0.0 -999 ""
FIBERMAP 1360 R-3C11 APOGEE 1 1 0 1 0 0 -39.1647400231016 -42.90290873121884 143.1 28.77489873064172 -50.460595361151924 133.15285 91.78446 123.42908025078563 -22.528601269482987 -2.750393 1.2292386 0.38819388 123.42910573822306 -22.52860380931784 123.37937917994321 -22.61318115638065 75.7457258400811 293.42843166416424 16000.0 16600.0 2016.0 2 151 {-999.0 12.300272 11.440068 11.096439 -999.0} sdss_psfmag_from_g3xp 12.03912 11.462426 10.738429 9.167 63050395995140259 1152662567 bright_1x1 mwm_galactic_core_dist_apogee_sparse mwm_galactic science 0 0 0.0 0.0 -999 ""
FIBERMAP 1360 R-3C11 BOSS 0 0 0 1 0 0 -38.64093367663956 -42.35296437772895 143.1 28.412750964298347 -49.79305155597187 133.15285 91.78446 -999.0 -999.0 -999.0 -999.0 -999.0 123.42787718826892 -22.526585085554977 123.37820646934478 -22.611187024196845 75.74379883515005 293.4332967189977 -999.0 5400.0 -999.0 1 432 {-999.0 -999.0 -999.0 -999.0 -999.0} "" -999.0 -999.0 -999.0 -999.0 -999 -999 "" "" "" "" 0 0 0.0 0.0 -999 ""
FIBERMAP 1360 R-3C11 METROLOGY 0 0 0 1 0 0 -38.43054377131378 -43.08491271222386 143.1 29.17389699051868 -49.81800357688701 133.15285 91.78446 -999.0 -999.0 -999.0 -999.0 -999.0 123.43039696555559 -22.52666546098542 123.38071267207096 -22.611265161497062 75.745848321451 293.4376673868484 -999.0 6231.0 -999.0 -1 -999 {-999.0 -999.0 -999.0 -999.0 -999.0} "" -999.0 -999.0 -999.0 -999.0 -999 -999 "" "" "" "" 0 0 0.0 0.0 -999 ""
FIBERMAP 1361 R+12C3 APOGEE 0 0 0 1 0 0 -111.5980903050606 246.80229492921956 143.1 -269.1528810825388 -30.271505147516333 95.820305 111.329056 -999.0 -999.0 -999.0 -999.0 -999.0 122.45363312630344 -22.46666306111528 122.40361855881667 -22.549143818601383 74.92721760978611 291.9190991828974 -999.0 16600.0 -999.0 2 -999 {-999.0 -999.0 -999.0 -999.0 -999.0} "" -999.0 -999.0 -999.0 -999.0 -999 -999 "" "" "" "" 0 0 0.0 0.0 -999 ""
FIBERMAP 1361 R+12C3 BOSS 1 1 0 1 0 0 -110.94601004659708 247.1487327025349 143.1 -269.2819417881222 -29.544506171464338 95.820305 111.329056 122.45318123145738 -22.464442990641388 -3.625719 3.173808 -0.3420143 122.45317351473862 -22.464435041827453 122.4032193681818 -22.54694272466453 74.92584179179534 291.92585627145047 5400.0 5400.0 2016.0 1 99 {-999.0 15.562486 15.18234 15.085646 -999.0} sdss_psfmag_ps1 15.414174 15.357074 14.601405 13.74 63050395995352076 1093704959 bright_1x1 mwm_astar_core_boss_single mwm_ob science 0 0 0.0 0.0 -999 ""
FIBERMAP 1361 R+12C3 METROLOGY 0 0 0 1 0 0 -110.977508223847 246.3847112881694 143.1 -268.56467916996047 -29.809474880246807 95.820305 111.329056 -999.0 -999.0 -999.0 -999.0 -999.0 122.45545728633337 -22.46525918981828 122.40548648175832 -22.547763883628622 74.92807343976648 291.92693120162426 -999.0 6231.0 -999.0 -1 -999 {-999.0 -999.0 -999.0 -999.0 -999.0} "" -999.0 -999.0 -999.0 -999.0 -999 -999 "" "" "" "" 0 0 0.0 0.0 -999 ""
FIBERMAP 1366 R+3C11 APOGEE 1 1 0 1 0 0 -26.767648207086744 49.45072798004423 143.1 -55.28459699831544 -10.258746393613638 292.564 132.0416 123.15261840820312 -22.407097159397367 -999.0 -999.0 -999.0 123.15263257543519 -22.407057574202376 123.10308607712722 -22.491057525660214 75.46355522247627 293.34766228963935 16000.0 16600.0 2015.5 2 12 {-999.0 -999.0 -999.0 -999.0 -999.0} "" -999.0 -999.0 -999.0 -999.0 27021603171079975 845457641 "" ops_sky_apogee_best ops_sky sky_apogee 0 0 0.0 0.0 -999 ""
FIBERMAP 1366 R+3C11 BOSS 0 0 0 1 0 0 -27.07111989063912 48.76027451758279 143.1 -54.72098680546316 -10.759864236323818 292.564 132.0416 -999.0 -999.0 -999.0 -999.0 -999.0 123.15439570843682 -22.408556693564982 123.10489851091552 -22.492587741616312 75.46576760757071 293.34566571403286 -999.0 5400.0 -999.0 1 14 {-999.0 -999.0 -999.0 -999.0 -999.0} "" -999.0 -999.0 -999.0 -999.0 -999 -999 "" "" "" "" 0 0 0.0 0.0 -999 ""
FIBERMAP 1366 R+3C11 METROLOGY 0 0 0 1 0 0 -27.508912029320975 49.35736970364767 143.1 -55.423767511050904 -10.992759156566255 292.564 132.0416 -999.0 -999.0 -999.0 -999.0 -999.0 123.15209849997287 -22.40927493321864 123.10258361743718 -22.49329313583967 75.46425796531112 293.3390066831167 -999.0 6231.0 -999.0 -1 -999 {-999.0 -999.0 -999.0 -999.0 -999.0} "" -999.0 -999.0 -999.0 -999.0 -999 -999 "" "" "" "" 0 0 0.0 0.0 -999 ""
FIBERMAP 1367 R-10C9 APOGEE 0 0 0 1 0 0 14.053540281345226 -183.11139100121173 143.1 178.5493818676503 -42.95001297789055 72.304405 78.07642 -999.0 -999.0 -999.0 -999.0 -999.0 123.92023127315504 -22.50348193721696 123.87079895896994 -22.589114521215656 76.12646284297323 294.4485963626329 -999.0 16600.0 -999.0 2 -999 {-999.0 -999.0 -999.0 -999.0 -999.0} "" -999.0 -999.0 -999.0 -999.0 -999 -999 "" "" "" "" 0 0 0.0 0.0 -999 ""
FIBERMAP 1367 R-10C9 BOSS 1 1 0 1 0 0 14.705732109365753 -183.483673815574 143.1 179.10420353527175 -42.44397298287791 72.304405 78.07642 123.92220584850115 -22.50199375039988 -38.833973 22.004354 3.456428 123.9220508277536 -22.50192362773632 123.87267275267158 -22.587587151199397 76.1271807018604 294.4577437915678 5400.0 5400.0 2016.0 1 404 {-999.0 14.923224 14.056114 13.744404 -999.0} sdss_psfmag_from_g3xp 14.652343 14.096298 13.394104 11.985 63050395995144953 1095613275 bright_1x1 mwm_bin_vis_boss mwm_filler science 0 0 0.0 0.0 -999 ""
FIBERMAP 1367 R-10C9 METROLOGY 0 0 0 1 0 0 14.061557140273852 -183.85934417271983 143.1 179.26350997179784 -43.17244163769091 72.304405 78.07642 -999.0 -999.0 -999.0 -999.0 -999.0 123.92262370209117 -22.504140852510318 123.87322630396693 -22.589797677237954 76.12874121689424 294.4508744887871 -999.0 6231.0 -999.0 -1 -999 {-999.0 -999.0 -999.0 -999.0 -999.0} "" -999.0 -999.0 -999.0 -999.0 -999 -999 "" "" "" "" 0 0 0.0 0.0 -999 ""
FIBERMAP 1371 R-4C4 APOGEE 0 0 0 1 0 0 -182.46099139042497 -92.25944488928766 143.1 31.661369344656038 -201.98522719020713 270.49036 102.18217 -999.0 -999.0 -999.0 -999.0 -999.0 123.43987099896404 -22.987267487617054 123.38898513916104 -23.071803430299084 75.97473969217798 291.8013612396962 -999.0 16600.0 -999.0 2 -999 {-999.0 -999.0 -999.0 -999.0 -999.0} "" -999.0 -999.0 -999.0 -999.0 -999 -999 "" "" "" "" 0 0 0.0 0.0 -999 ""
FIBERMAP 1371 R-4C4 BOSS 1 1 0 1 0 0 -183.2079257912024 -92.44211109133836 143.1 31.60542934623782 -202.7521048569338 270.49036 102.18217 123.43963623046874 -22.989595489613876 -999.0 -999.0 -999.0 123.43965024541554 -22.989607031056398 123.38880970970354 -23.074167353303366 75.97570875023672 291.79243911908276 5400.0 5400.0 2015.5 1 493 {-999.0 -999.0 -999.0 -999.0 -999.0} "" -999.0 -999.0 -999.0 -999.0 27021603171067453 814744840 "" ops_sky_boss_good ops_sky sky_boss 0 0 0.0 0.0 -999 ""
FIBERMAP 1371 R-4C4 METROLOGY 0 0 0 1 0 0 -182.98811849152898 -91.7287517236281 143.1 30.99429103484598 -202.32354654586814 270.49036 102.18217 -999.0 -999.0 -999.0 -999.0 -999.0 123.4376555712053 -22.988358444360617 123.38680270160086 -23.072907526995706 75.97348679123289 291.7934451746114 -999.0 6231.0 -999.0 -1 -999 {-999.0 -999.0 -999.0 -999.0 -999.0} "" -999.0 -999.0 -999.0 -999.0 -999 -999 "" "" "" "" 0 0 0.0 0.0 -999 ""
FIBERMAP 1375 R+7C1 APOGEE 1 1 0 1 0 0 -201.0366699248811 128.28075802133728 143.1 -183.89169357769035 -151.8255278979638 331.87744 110.9839 122.73139373070978 -22.8353406392901 -3.0714161 2.1214483 0.1890973 122.7313628248693 -22.83533377975487 122.68053141756906 -22.9183641747476 75.3264542635807 291.11905883840666 16000.0 16600.0 2016.0 2 49 {-999.0 13.249884 11.701459 10.412684 -999.0} sdss_psfmag_from_g3xp 12.609863 11.13503 9.950056 7.267 63050395995326096 1152662975 bright_1x1 mwm_galactic_core_dist_apogee_sparse mwm_galactic science 0 0 0.0 0.0 -999 ""
FIBERMAP 1375 R+7C1 BOSS 0 0 0 1 0 0 -201.12026839926716 127.53474231991856 143.1 -183.2075881162147 -152.13453075865155 331.87744 110.9839 -999.0 -999.0 -999.0 -999.0 -999.0 122.73352375252294 -22.836269508899875 122.6827449363912 -22.919330516029245 75.32870863380117 291.11941733094733 -999.0 5400.0 -999.0 1 36 {-999.0 -999.0 -999.0 -999.0 -999.0} "" -999.0 -999.0 -999.0 -999.0 -999 -999 "" "" "" "" 0 0 0.0 0.0 -999 ""
FIBERMAP 1375 R+7C1 METROLOGY 0 0 0 1 0 0 -201.72255593951624 127.9807977667179 143.1 -183.81725331241384 -152.57039674142771 331.87744 110.9839 -999.0 -999.0 -999.0 -999.0 -999.0 122.73151428258205 -22.83760825778774 122.68071581441598 -22.920657338468157 75.32766934013469 291.11135185510943 -999.0 6231.0 -999.0 -1 -999 {-999.0 -999.0 -999.0 -999.0 -999.0} "" -999.0 -999.0 -999.0 -999.0 -999 -999 "" "" "" "" 0 0 0.0 0.0 -999 ""
FIBERMAP 1377 R-3C22 APOGEE 1 1 0 1 0 0 217.2303923542897 -50.28595712802758 143.1 114.6621120289998 191.22328198629526 21.801922 150.15862 123.70662279909834 -21.79532567742846 -2.1818192 1.9524585 0.17944023 123.70660019393875 -21.79535496616123 123.6588441635584 -21.880630211631498 75.58918049764674 296.50271222735455 16000.0 16600.0 2016.0 2 202 {-999.0 14.183562 13.120986 12.69943 -999.0} sdss_psfmag_from_g3xp 13.813887 13.128223 12.330151 10.578 63050395995515844 1152663186 bright_1x1 mwm_galactic_core_dist_apogee_sparse mwm_galactic science 0 0 0.0 0.0 -999 ""
FIBERMAP 1377 R-3C22 BOSS 0 0 0 1 0 0 217.9492475637585 -50.392990796358944 143.1 114.98505893710305 191.8743365592821 21.801922 150.15862 -999.0 -999.0 -999.0 -999.0 -999.0 123.70760854436521 -21.79332516281449 123.65990811312099 -21.8786324711361 75.58893943216192 296.5116135667697 -999.0 5400.0 -999.0 1 285 {-999.0 -999.0 -999.0 -999.0 -999.0} "" -999.0 -999.0 -999.0 -999.0 -999 -999 "" "" "" "" 0 0 0.0 0.0 -999 ""
FIBERMAP 1377 R-3C22 METROLOGY 0 0 0 1 0 0 217.50998930610766 -50.9708851950676 143.1 115.39980603008773 191.2786416290562 21.801922 150.15862 -999.0 -999.0 -999.0 -999.0 -999.0 123.70900690845973 -21.795096681177768 123.66128848817397 -21.88039833459067 75.59096873496321 296.5083963270189 -999.0 6231.0 -999.0 -1 -999 {-999.0 -999.0 -999.0 -999.0 -999.0} "" -999.0 -999.0 -999.0 -999.0 -999 -999 "" "" "" "" 0 0 0.0 0.0 -999 ""
FIBERMAP 1379 R-4C9 APOGEE 1 1 0 1 0 0 -72.10147348797952 -88.21498916762123 143.1 61.75769488970212 -95.73638542955952 232.1404 129.15907 123.53793592539635 -22.665599285404937 -1.1500987 2.9364116 -3.820939 123.53796128151767 -22.665578728563297 123.48793902436336 -22.750370408286646 75.90042654264859 293.1419929977508 16000.0 16600.0 2016.0 2 292 {-999.0 12.575762 11.809639 11.520085 -999.0} sdss_psfmag_from_g3xp 12.34346 11.852305 11.168339 9.776 63050395995134891 1152662536 bright_1x1 mwm_galactic_core_dist_apogee_sparse mwm_galactic science 0 0 0.0 0.0 -999 ""
FIBERMAP 1379 R-4C9 BOSS 0 0 0 1 0 0 -72.84366813567195 -88.17788948583967 143.1 61.494109972060684 -96.43115740307644 232.1404 129.15907 -999.0 -999.0 -999.0 -999.0 -999.0 123.53708618168947 -22.667712935087543 123.48710904110982 -22.752528801508735 75.9008156818076 293.1327288665561 -999.0 5400.0 -999.0 1 480 {-999.0 -999.0 -999.0 -999.0 -999.0} "" -999.0 -999.0 -999.0 -999.0 -999 -999 "" "" "" "" 0 0 0.0 0.0 -999 ""
FIBERMAP 1379 R-4C9 METROLOGY 0 0 0 1 0 0 -72.42357648684158 -87.54462070502555 143.1 61.02077998425984 -95.83666697822848 232.1404 129.15907 -999.0 -999.0 -999.0 -999.0 -999.0 123.53554534712397 -22.665933963331938 123.48555755413628 -22.750739309371564 75.89869211265972 293.1362595071137 -999.0 6231.0 -999.0 -1 -999 {-999.0 -999.0 -999.0 -999.0 -999.0} "" -999.0 -999.0 -999.0 -999.0 -999 -999 "" "" "" "" 0 0 0.0 0.0 -999 ""
FIBERMAP 1385 R-13C3 APOGEE 1 1 0 1 0 0 -103.03450017530514 -268.9930792802938 143.1 224.24995375968035 -180.77252398474118 290.36188 87.4193 124.07135009765625 -22.918703681637396 -999.0 -999.0 -999.0 124.07130475694348 -22.91868240325853 124.02089840333417 -23.00457907864801 76.45306561637179 293.21774843091976 16000.0 16600.0 2015.5 2 156 {-999.0 -999.0 -999.0 -999.0 -999.0} "" -999.0 -999.0 -999.0 -999.0 27021603171067718 836855972 "" ops_sky_apogee_best ops_sky sky_apogee 0 0 0.0 0.0 -999 ""
FIBERMAP 1385 R-13C3 BOSS 0 0 0 1 0 0 -103.75978347364023 -269.23524766123796 143.1 224.2572883551784 -181.5371028346359 290.36188 87.4193 -999.0 -999.0 -999.0 -999.0 -999.0 124.07125784942049 -22.920938121440077 124.02089478712372 -23.006859563793007 76.45417440841851 293.2092406928639 -999.0 5400.0 -999.0 1 437 {-999.0 -999.0 -999.0 -999.0 -999.0} "" -999.0 -999.0 -999.0 -999.0 -999 -999 "" "" "" "" 0 0 0.0 0.0 -999 ""
FIBERMAP 1385 R-13C3 METROLOGY 0 0 0 1 0 0 -103.59141434743391 -268.4904076778034 143.1 223.6003754474843 -181.14780404779066 290.36188 87.4193 -999.0 -999.0 -999.0 -999.0 -999.0 124.06917737105981 -22.919834856118758 124.01880219529738 -23.005744883869415 76.45194923810392 293.20938771451296 -999.0 6231.0 -999.0 -1 -999 {-999.0 -999.0 -999.0 -999.0 -999.0} "" -999.0 -999.0 -999.0 -999.0 -999 -999 "" "" "" "" 0 0 0.0 0.0 -999 ""
FIBERMAP 1386 R-3C2 APOGEE 0 0 0 1 0 0 -230.54082133544918 -75.81757537355182 143.1 1.2287991748838547 -242.674995404076 323.51822 73.754425 -999.0 -999.0 -999.0 -999.0 -999.0 123.34003758514375 -23.110043570230328 123.28879066289352 -23.194347764023064 75.9503043182409 291.177343492155 -999.0 16600.0 -999.0 2 -999 {-999.0 -999.0 -999.0 -999.0 -999.0} "" -999.0 -999.0 -999.0 -999.0 -999 -999 "" "" "" "" 0 0 0.0 0.0 -999 ""
FIBERMAP 1386 R-3C2 BOSS 1 1 0 1 0 0 -231.1272110901465 -76.2692048315925 143.1 1.4781528160915123 -243.37184621200277 323.51822 73.754425 123.34083689166027 -23.112149971292833 -7.6921015 6.9829392 1.8260031 123.34081177246247 -23.11213565721319 123.2896116726564 -23.196465980357246 75.95195129618013 291.17103680352807 5400.0 5400.0 2016.0 1 514 {-999.0 14.419673 13.873668 13.670622 -999.0} sdss_psfmag_from_g3xp 13.969649 13.932355 13.054537 11.874 63050395995079790 1095751533 bright_1x1 mwm_bin_vis_boss mwm_filler science 0 0 0.0 0.0 -999 ""
FIBERMAP 1386 R-3C2 METROLOGY 0 0 0 1 0 0 -231.22751832001754 -75.52101936167413 143.1 0.7354168764591051 -243.2371585169134 323.51822 73.754425 -999.0 -999.0 -999.0 -999.0 -999.0 123.33838170498711 -23.111784742948256 123.28716666129174 -23.196102877215115 75.94978992411095 291.168092264432 -999.0 6231.0 -999.0 -1 -999 {-999.0 -999.0 -999.0 -999.0 -999.0} "" -999.0 -999.0 -999.0 -999.0 -999 -999 "" "" "" "" 0 0 0.0 0.0 -999 ""
FIBERMAP 1389 R+2C3 APOGEE 1 1 0 1 0 0 -219.75339357482505 17.00522366412231 143.1 -83.77219783002829 -203.86040348592712 2.7290893 11.3524685 123.06015453862351 -22.993321961100843 -2.5863194 1.4167292 0.5567723 123.06012122454739 -22.993317073408623 123.00903917704619 -23.077035155290314 75.66795204206602 291.11704522674785 16000.0 16600.0 2016.0 2 37 {-999.0 11.618415 10.724653 10.400943 -999.0} sdss_psfmag_from_g3xp 11.337765 10.763082 10.0437355 8.569 63050395995099297 996674820 bright_1x1 mwm_bin_gaia_sb_apogee mwm_bin science 0 0 0.0 0.0 -999 ""
FIBERMAP 1389 R+2C3 BOSS 0 0 0 1 0 0 -220.45070432473486 16.79695539750724 143.1 -83.78851466783273 -204.58793997644412 2.7290893 11.3524685 -999.0 -999.0 -999.0 -999.0 -999.0 123.06000306115416 -22.99552383897471 123.00896812445802 -23.07926667750395 75.6689256087752 291.1089290778147 -999.0 5400.0 -999.0 1 61 {-999.0 -999.0 -999.0 -999.0 -999.0} "" -999.0 -999.0 -999.0 -999.0 -999 -999 "" "" "" "" 0 0 0.0 0.0 -999 ""
FIBERMAP 1389 R+2C3 METROLOGY 0 0 0 1 0 0 -220.27335775683048 17.531093573306826 143.1 -84.4324837279562 -204.19339101373245 2.7290893 11.3524685 -999.0 -999.0 -999.0 -999.0 -999.0 123.05788386937738 -22.994370590695596 123.00683592006123 -23.078101850811645 75.66664776290011 291.10943928331636 -999.0 6231.0 -999.0 -1 -999 {-999.0 -999.0 -999.0 -999.0 -999.0} "" -999.0 -999.0 -999.0 -999.0 -999 -999 "" "" "" "" 0 0 0.0 0.0 -999 ""
FIBERMAP 1390 R+5C10 APOGEE 1 1 0 1 0 0 -53.765806446416605 94.55261492801353 143.1 -106.50226060705421 -22.074441337455802 240.87303 51.09173 122.9846081115575 -22.443014838974317 -1.4120548 1.2161514 0.3609929 122.98459378566487 -22.442986923873722 122.93487934687693 -22.526619636423533 75.34579324568386 292.9212860258698 16000.0 16600.0 2016.0 2 138 {-999.0 13.302847 12.117362 11.633739 -999.0} sdss_psfmag_from_g3xp 12.865514 12.104223 11.256783 9.358 63050395995366261 1156066715 bright_1x1 mwm_galactic_core_dist_apogee_extra mwm_galactic science 0 0 0.0 0.0 -999 ""
FIBERMAP 1390 R+5C10 BOSS 0 0 0 1 0 0 -54.05851653719853 95.23609337142463 143.1 -107.2426086792732 -22.14272374324941 240.87303 51.09173 -999.0 -999.0 -999.0 -999.0 -999.0 122.98205057275533 -22.44317809137034 122.93238743451747 -22.526832744391275 75.34389045564795 292.9160977721019 -999.0 5400.0 -999.0 1 134 {-999.0 -999.0 -999.0 -999.0 -999.0} "" -999.0 -999.0 -999.0 -999.0 -999 -999 "" "" "" "" 0 0 0.0 0.0 -999 ""
FIBERMAP 1390 R+5C10 METROLOGY 0 0 0 1 0 0 -53.29929832827758 95.13913098508927 143.1 -106.91682948080877 -21.450166855487325 240.87303 51.09173 -999.0 -999.0 -999.0 -999.0 -999.0 122.9831219278417 -22.441086227334782 122.93344958390264 -22.524735711352665 75.34371930920327 292.9252230463541 -999.0 6231.0 -999.0 -1 -999 {-999.0 -999.0 -999.0 -999.0 -999.0} "" -999.0 -999.0 -999.0 -999.0 -999 -999 "" "" "" "" 0 0 0.0 0.0 -999 ""
FIBERMAP 1394 R+6C7 APOGEE 1 1 0 1 0 0 -77.42211606098402 134.68996742477609 143.1 -151.96837969153054 -32.23743394076252 129.57686 22.73074 122.83565929682504 -22.473688706011657 -1.5302013 2.5532036 0.17836557 122.83563328390008 -22.473690199818236 122.78577298559969 -22.55699698726065 75.24033691337429 292.55246930864536 16000.0 16600.0 2016.0 2 41 {-999.0 14.357885 13.233229 12.775947 -999.0} sdss_psfmag_from_g3xp 13.953399 13.226666 12.401596 10.535 63050395995369564 1156066717 bright_1x1 mwm_galactic_core_dist_apogee_extra mwm_galactic science 0 0 0.0 0.0 -999 ""
FIBERMAP 1394 R+6C7 BOSS 0 0 0 1 0 0 -76.75925475757094 134.34194296342622 143.1 -151.4333576216432 -31.713780736437386 129.57686 22.73074 -999.0 -999.0 -999.0 -999.0 -999.0 122.83726169354107 -22.47209103890897 122.78745970049107 -22.555428977434165 75.24093850643803 292.5608174228115 -999.0 5400.0 -999.0 1 68 {-999.0 -999.0 -999.0 -999.0 -999.0} "" -999.0 -999.0 -999.0 -999.0 -999 -999 "" "" "" "" 0 0 0.0 0.0 -999 ""
FIBERMAP 1394 R+6C7 METROLOGY 0 0 0 1 0 0 -77.40791953389429 133.94723740597408 143.1 -151.2573205597689 -32.45237622668753 129.57686 22.73074 -999.0 -999.0 -999.0 -999.0 -999.0 122.83783310030427 -22.47434329774368 122.78801047327778 -22.557674380284187 75.24247246410687 292.5540779167843 -999.0 6231.0 -999.0 -1 -999 {-999.0 -999.0 -999.0 -999.0 -999.0} "" -999.0 -999.0 -999.0 -999.0 -999 -999 "" "" "" "" 0 0 0.0 0.0 -999 ""
FIBERMAP 1397 R-3C19 APOGEE 0 0 0 1 0 0 144.64254721886476 -40.51412290074823 143.1 83.0377336839269 125.16305530094188 127.31941 79.05738 -999.0 -999.0 -999.0 -999.0 -999.0 123.60478671100495 -21.99520237975414 123.55648454850655 -22.08023151834521 75.61482958008958 295.61984616678484 -999.0 16600.0 -999.0 2 -999 {-999.0 -999.0 -999.0 -999.0 -999.0} "" -999.0 -999.0 -999.0 -999.0 -999 -999 "" "" "" "" 0 0 0.0 0.0 -999 ""
FIBERMAP 1397 R-3C19 BOSS 1 1 0 1 0 0 145.3049479620132 -40.18569571498827 143.1 82.9289840768551 125.89433428571668 127.31941 79.05738 123.60443115234375 -21.992880119919164 -999.0 -999.0 -999.0 123.60440686084162 -21.992905560645085 123.55616079202167 -22.077963109867273 75.61338258272391 295.6269805034986 5400.0 5400.0 2015.5 1 305 {-999.0 -999.0 -999.0 -999.0 -999.0} "" -999.0 -999.0 -999.0 -999.0 27021603171080541 814746328 "" ops_sky_boss_good ops_sky sky_boss 0 0 0.0 0.0 -999 ""
FIBERMAP 1397 R-3C19 METROLOGY 0 0 0 1 0 0 145.26433076041766 -40.92991545028468 143.1 83.62460095621203 125.62677963991335 127.31941 79.05738 -999.0 -999.0 -999.0 -999.0 -999.0 123.60670985909152 -21.993703317759753 123.55844851669542 -22.07875749640855 75.61560373184452 295.6287433048261 -999.0 6231.0 -999.0 -1 -999 {-999.0 -999.0 -999.0 -999.0 -999.0} "" -999.0 -999.0 -999.0 -999.0 -999 -999 "" "" "" "" 0 0 0.0 0.0 -999 ""
FIBERMAP 1399 R+5C21 APOGEE 0 0 1 1 0 0 213.74911796984955 104.76701022930197 143.1 -33.93841592127941 235.60234017459175 10.01198 170.0724 -999.0 -999.0 -999.0 -999.0 -999.0 123.22180662168545 -21.6626971548366 123.17416710140469 -21.746950695129648 75.13751329490981 295.99675093012206 -999.0 16600.0 -999.0 2 -999 {-999.0 -999.0 -999.0 -999.0 -999.0} "" -999.0 -999.0 -999.0 -999.0 -999 -999 "" "" "" "" 0 0 0.0 0.0 -999 ""
FIBERMAP 1399 R+5C21 BOSS 1 0 1 1 0 0 214.47211675803462 104.78602914470737 143.1 -33.73413100097355 236.2961087180668 10.01198 170.0724 123.19983865605522 -21.627947643121335 -1.3553867 0.63630795 0.96676165 123.22241402700402 -21.66055082969937 123.17483199978949 -21.744836309454417 75.13690918591163 296.00500914484803 5400.0 5400.0 2016.0 1 247 {-999.0 9.037757 9.320241 9.516049 -999.0} sdss_psfmag_from_g3xp 9.176155 9.193309 9.189116 9.228 63050395995405132 1068636419 bright_1x1 mwm_ob_core_boss_single mwm_ob science 0 0 2.0092029571533203 0.0 -999 ""
FIBERMAP 1399 R+5C21 METROLOGY 0 0 1 1 0 0 214.12324605726613 104.11930165980321 143.1 -33.207059490970785 235.75909230274385 10.01198 170.0724 -999.0 -999.0 -999.0 -999.0 -999.0 123.22414016981915 -21.6621303887797 123.17654024289499 -21.746410759866325 75.13909083323463 296.00311166514996 -999.0 6231.0 -999.0 -1 -999 {-999.0 -999.0 -999.0 -999.0 -999.0} "" -999.0 -999.0 -999.0 -999.0 -999 -999 "" "" "" "" 0 0 0.0 0.0 -999 ""
FIBERMAP 1401 R-2C6 APOGEE 0 0 0 1 0 0 -163.9603039288683 -29.85322043333083 143.1 -22.026418309725532 -165.18719998804036 113.79963 130.71304 -999.0 -999.0 -999.0 -999.0 -999.0 123.26291467804577 -22.876600827902045 123.21222646070709 -22.960772051852157 75.77892114295533 291.88832867227615 -999.0 16600.0 -999.0 2 -999 {-999.0 -999.0 -999.0 -999.0 -999.0} "" -999.0 -999.0 -999.0 -999.0 -999 -999 "" "" "" "" 0 0 0.0 0.0 -999 ""
FIBERMAP 1401 R-2C6 BOSS 1 1 0 1 0 0 -163.65849689976758 -29.17210120383988 143.1 -22.58165918616482 -164.69053706739408 113.79963 130.71304 123.26109086954011 -22.875080895118487 -22.914106 -17.522991 2.953769 123.26102235133645 -22.875141058985218 123.2103889816052 -22.95933411048888 75.77675050994489 291.89023164926675 5400.0 5400.0 2016.0 1 470 {-999.0 14.684986 13.803212 13.518345 -999.0} sdss_psfmag_from_g3xp 14.411258 13.866205 13.150708 11.771 63050395995100189 1096098775 bright_1x1 mwm_bin_vis_boss mwm_filler science 0 0 0.0 0.0 -999 ""
FIBERMAP 1401 R-2C6 METROLOGY 0 0 0 1 0 0 -163.21572891943816 -29.781762248857767 143.1 -21.865391844037497 -164.45677276019217 113.79963 130.71304 -999.0 -999.0 -999.0 -999.0 -999.0 123.26338973985456 -22.874458840417418 123.21274447840437 -22.95864980055653 75.77833832052612 291.8968590829259 -999.0 6231.0 -999.0 -1 -999 {-999.0 -999.0 -999.0 -999.0 -999.0} "" -999.0 -999.0 -999.0 -999.0 -999 -999 "" "" "" "" 0 0 0.0 0.0 -999 ""
