#%yanny
#
# confSummaryF-10021915.par
#
# Created by pydl.pydlutils.yanny.yanny
#
# 2026-05-18 23:36:05 UTC
#
configuration_id 10021915
robostrategy_run iota-1
fps_calibrations_version 2025.12.04+ccda1c9
jaeger_version 1.11.1
coordio_version 1.18.1
kaiju_version 1.4.1
design_id 739271
field_id 107071
focal_scale 0.9999538
instruments BOSS APOGEE
epoch 2461179.4853445203
obstime Mon May 18 23:36:05 2026
MJD 61179
observatory LCO
temperature 11.138950773644218
raCen 175.46040708869
decCen -7.89480907864341
pa 265.61792
is_dithered 0
parent_configuration -999
dither_radius -999.0
cloned_from -999
rotator_angle 184.43
fvc_centroid_method flex
fvc_rms 0.01644
fvc_90_perc 0.0089
fvc_percent_reached 65.7
fvc_image_path /data/fcam/61179/proc-fimg-fvc1s-0004.fits

typedef enum {
    BOSS,
    APOGEE,
    METROLOGY,
    NONE
} FIBERTYPE;

typedef struct {
    short positionerId;
    char holeId[28];
    FIBERTYPE fiberType;
    short assigned;
    short on_target;
    short disabled;
    short valid;
    short decollided;
    short too;
    double xwok;
    double ywok;
    double zwok;
    double xFocal;
    double yFocal;
    float alpha;
    float beta;
    double racat;
    double deccat;
    float pmra;
    float pmdec;
    float parallax;
    double ra;
    double dec;
    double ra_observed;
    double dec_observed;
    double alt_observed;
    double az_observed;
    float lambda_design;
    float lambda_eff;
    float coord_epoch;
    short spectrographId;
    short fiberId;
    float mag[5];
    char optical_prov[120];
    float bp_mag;
    float gaia_g_mag;
    float rp_mag;
    float h_mag;
    long catalogid;
    long carton_to_target_pk;
    char cadence[400];
    char firstcarton[400];
    char program[400];
    char category[400];
    long sdssv_boss_target0;
    long sdssv_apogee_target0;
    double delta_ra;
    double delta_dec;
    long too_id;
    char too_program[80];
} FIBERMAP;

FIBERMAP 4 R+1C12 APOGEE 0 0 0 1 0 0 -28.718709302887333 27.311928230560905 143.1 -25.036614798169925 -30.720164017956513 20.558613 148.9094 -999.0 -999.0 -999.0 -999.0 -999.0 175.3836149252512 -7.988172523063135 175.38114317912118 -8.141748014283303 64.71256093133661 37.34897177386176 -999.0 16600.0 -999.0 2 -999 {-999.0 -999.0 -999.0 -999.0 -999.0} "" -999.0 -999.0 -999.0 -999.0 -999 -999 "" "" "" "" 0 0 0.0 0.0 -999 ""
FIBERMAP 4 R+1C12 BOSS 1 1 0 1 0 0 -27.993044351852667 27.179009173350547 143.1 -24.959533879595988 -29.986498330652303 20.558613 148.9094 175.38403145844478 -7.9858544591171094 -46.975437 -0.5864553 5.338997 175.38388967393504 -7.985878453618883 175.3813636645673 -8.139539912591928 64.71057971368 37.34663300576602 5400.0 5400.0 2016.0 1 22 {-999.0 21.534658 19.949024 18.04954 -999.0} sdss_psfmag_ps1 20.84224 18.747192 17.385887 14.614 63050395164331094 1077939895 bright_flexible_2x1 mwm_snc_ext_main_boss mwm_snc science 0 0 0.0 0.0 -999 ""
FIBERMAP 4 R+1C12 METROLOGY 0 0 0 1 0 0 -28.46596117358756 26.607927804473277 143.1 -24.354015687847447 -30.41437818613619 20.558613 148.9094 -999.0 -999.0 -999.0 -999.0 -999.0 175.38572930029775 -7.987204747841579 175.38321897212757 -8.140842230952549 64.71069492837236 37.3518965545793 -999.0 6231.0 -999.0 -1 -999 {-999.0 -999.0 -999.0 -999.0 -999.0} "" -999.0 -999.0 -999.0 -999.0 -999 -999 "" "" "" "" 0 0 0.0 0.0 -999 ""
FIBERMAP 6 R+3C2 APOGEE 0 0 0 1 0 0 -221.92073989775227 65.84697822372505 143.1 -48.69589916602139 -226.29272554828754 46.345634 99.5382 -999.0 -999.0 -999.0 -999.0 -999.0 175.31143253788562 -8.579966772157324 175.3088092885231 -8.733429047211454 65.24917550101715 37.96218932467974 -999.0 16600.0 -999.0 2 -999 {-999.0 -999.0 -999.0 -999.0 -999.0} "" -999.0 -999.0 -999.0 -999.0 -999 -999 "" "" "" "" 0 0 0.0 0.0 -999 ""
FIBERMAP 6 R+3C2 BOSS 1 1 0 1 0 0 -221.32522586733015 65.44984070604369 143.1 -48.34544034265422 -225.66863706018682 46.345634 99.5382 175.31263517284717 -8.57805242396137 -27.25587 1.0194275 3.5094216 175.31254988722097 -8.578042062072997 175.3098729408672 -8.731587871703566 65.24705871256216 37.96190259034478 5400.0 5400.0 2016.0 1 75 {-999.0 19.879267 19.821749 19.962204 -999.0} sdss_psfmag_ps1 19.967026 19.805563 19.558582 -999.0 63050395164319471 1143553556 dark_1x3 mwm_wd_pwd_boss_1x3 mwm_wd science 0 0 0.0 0.0 -999 ""
FIBERMAP 6 R+3C2 METROLOGY 0 0 0 1 0 0 -221.9676759702534 65.10045613972869 143.1 -47.94800769237071 -226.2824852360034 46.345634 99.5382 -999.0 -999.0 -999.0 -999.0 -999.0 175.31374537542266 -8.579950567784971 175.31108373737106 -8.733472879575183 65.24798871217413 37.96675076083443 -999.0 6231.0 -999.0 -1 -999 {-999.0 -999.0 -999.0 -999.0 -999.0} "" -999.0 -999.0 -999.0 -999.0 -999 -999 "" "" "" "" 0 0 0.0 0.0 -999 ""
FIBERMAP 13 R-1C1 APOGEE 0 0 0 1 0 0 -295.7764657608571 -29.26058448120059 143.1 51.77210158030283 -292.6625814516881 252.0824 71.52492 -999.0 -999.0 -999.0 -999.0 -999.0 175.6188223968355 -8.778999744841984 175.61623874481995 -8.932509065611873 65.2485098635535 38.829696389065816 -999.0 16600.0 -999.0 2 255 {-999.0 -999.0 -999.0 -999.0 -999.0} "" -999.0 -999.0 -999.0 -999.0 -999 -999 "" "" "" "" 0 0 0.0 0.0 -999 ""
FIBERMAP 13 R-1C1 BOSS 1 1 0 1 0 0 -296.3753040185353 -28.827767485551444 143.1 51.38632320752469 -293.2927103386549 252.0824 71.52492 175.61777211095094 -8.780754736801994 -21.76316 4.8571243 0.6107484 175.61768831956007 -8.780757339695253 175.61504844312196 -8.93434831896713 65.25069244871355 38.829798509299906 5400.0 5400.0 2016.0 1 525 {-999.0 16.754078 16.225906 16.007044 -999.0} sdss_psfmag_ps1 16.61617 16.20704 15.633526 14.559 63050395164240060 1136356867 dark_flexible_3x1 mwm_halo_local_high_boss_triple mwm_halo science 0 0 0.0 0.0 -999 ""
FIBERMAP 13 R-1C1 METROLOGY 0 0 0 1 0 0 -295.7093222870876 -28.51319064729116 143.1 51.02179702600647 -292.65274097076446 252.0824 71.52492 -999.0 -999.0 -999.0 -999.0 -999.0 175.6165722384363 -8.778933271235124 175.6139481846967 -8.932500966585778 65.24975899867576 38.82518984614592 -999.0 6231.0 -999.0 -1 -999 {-999.0 -999.0 -999.0 -999.0 -999.0} "" -999.0 -999.0 -999.0 -999.0 -999 -999 "" "" "" "" 0 0 0.0 0.0 -999 ""
FIBERMAP 15 R-1C25 APOGEE 0 0 0 1 0 0 271.4475908433393 -36.689053275092704 143.1 15.84052244459123 273.44474113188096 24.065126 20.43005 -999.0 -999.0 -999.0 -999.0 -999.0 175.50844713016207 -7.068065628399127 175.50620369371416 -7.221822073793356 63.866725757513336 36.467514644287235 -999.0 16600.0 -999.0 2 -999 {-999.0 -999.0 -999.0 -999.0 -999.0} "" -999.0 -999.0 -999.0 -999.0 -999 -999 "" "" "" "" 0 0 0.0 0.0 -999 ""
FIBERMAP 15 R-1C25 BOSS 1 1 0 1 0 0 270.96337364662344 -37.20167781032718 143.1 16.38862077239748 273.00112814073 24.065126 20.43005 175.51007170199105 -7.069309309166864 -38.174988 -3.6310353 4.9851937 175.51017293691808 -7.069316607069028 175.5078740120823 -7.223162882425119 63.86699956703881 36.4723140087047 5400.0 5400.0 2016.0 1 336 {-999.0 18.59761 17.14962 15.817073 15.0829315} sdss_psfmag_from_lsdr10 18.038319 16.518831 15.314114 13.063 63050395164338021 1058922815 bright_flexible_2x1 bhm_spiders_agn_lsdr10 bhm_spiders science 0 0 0.804948627948761 0.0 -999 ""
FIBERMAP 15 R-1C25 METROLOGY 0 0 0 1 0 0 270.7276521309049 -36.48610878235033 143.1 15.693186516127467 272.7114344807868 24.065126 20.43005 -999.0 -999.0 -999.0 -999.0 -999.0 175.50804234374408 -7.07015670155162 175.505758571677 -7.223976902053055 63.86879251652157 36.469223956267 -999.0 6231.0 -999.0 -1 -999 {-999.0 -999.0 -999.0 -999.0 -999.0} "" -999.0 -999.0 -999.0 -999.0 -999 -999 "" "" "" "" 0 0 0.0 0.0 -999 ""
FIBERMAP 24 R+3C10 APOGEE 0 0 0 1 0 0 -56.408438922623084 48.12545676894322 143.1 -43.67274384203883 -59.91790229452564 241.16353 141.37633 -999.0 -999.0 -999.0 -999.0 -999.0 175.32648995622813 -8.076796396961562 175.32398455406565 -8.230342777374252 64.81767907383305 37.34831857237805 -999.0 16600.0 -999.0 2 -999 {-999.0 -999.0 -999.0 -999.0 -999.0} "" -999.0 -999.0 -999.0 -999.0 -999 -999 "" "" "" "" 0 0 0.0 0.0 -999 ""
FIBERMAP 24 R+3C10 BOSS 1 1 0 1 0 0 -57.10070313048548 47.84995621297578 143.1 -43.34516983379351 -60.58706166724183 241.16353 141.37633 175.3276142496269 -8.078804983078541 -32.180355 11.9803295 2.1629884 175.32752286053872 -8.078778784320173 175.32496265795976 -8.232410216160638 64.8189054343043 37.35284385960006 5400.0 5400.0 2016.0 1 24 {-999.0 18.524845 18.870535 19.230965 -999.0} sdss_psfmag_ps1 18.60169 18.681704 18.948465 -999.0 63050395164321630 1143553583 dark_1x3 mwm_wd_pwd_boss_1x3 mwm_wd science 0 0 0.0 0.0 -999 ""
FIBERMAP 24 R+3C10 METROLOGY 0 0 0 1 0 0 -57.00116443041498 48.58171841450303 143.1 -44.082364285389154 -60.54372783950169 241.16353 141.37633 -999.0 -999.0 -999.0 -999.0 -999.0 175.32524296259362 -8.078675887844646 175.32269770828316 -8.232282621735516 64.81999937045063 37.34823553191558 -999.0 6231.0 -999.0 -1 -999 {-999.0 -999.0 -999.0 -999.0 -999.0} "" -999.0 -999.0 -999.0 -999.0 -999 -999 "" "" "" "" 0 0 0.0 0.0 -999 ""
FIBERMAP 27 R-2C1 APOGEE 0 0 0 1 0 0 -263.1496250803375 -25.21585300639814 143.1 45.24657057716279 -260.44165408317065 79.54451 104.677 -999.0 -999.0 -999.0 -999.0 -999.0 175.5989694257741 -8.682522754416562 175.59640098056423 -8.83604241945426 65.17905506179066 38.66330526696606 -999.0 16600.0 -999.0 2 256 {-999.0 -999.0 -999.0 -999.0 -999.0} "" -999.0 -999.0 -999.0 -999.0 -999 -999 "" "" "" "" 0 0 0.0 0.0 -999 ""
FIBERMAP 27 R-2C1 BOSS 1 1 0 1 0 0 -262.40753841773625 -25.131889416273868 143.1 45.106158173738535 -259.7081860729443 79.54451 104.677 175.59860229492188 -8.680222262109623 -999.0 -999.0 -999.0 175.59859758447107 -8.680242200849754 175.59597404088697 -8.833844775956852 65.17745706968378 38.65957361116875 5400.0 5400.0 2015.5 1 526 {-999.0 -999.0 -999.0 -999.0 -999.0} "" -999.0 -999.0 -999.0 -999.0 27021603139009001 811629407 "" ops_sky_boss_good ops_sky sky_boss 0 0 0.0 0.0 -999 ""
FIBERMAP 27 R-2C1 METROLOGY 0 0 0 1 0 0 -262.71125888602256 -25.81991215868222 143.1 45.8153432777042 -259.9584372328391 79.54451 104.677 -999.0 -999.0 -999.0 -999.0 -999.0 175.6007590201803 -8.681060138380294 175.5981516065981 -8.834639702462788 65.17692981712376 38.66489134903662 -999.0 6231.0 -999.0 -1 -999 {-999.0 -999.0 -999.0 -999.0 -999.0} "" -999.0 -999.0 -999.0 -999.0 -999 -999 "" "" "" "" 0 0 0.0 0.0 -999 ""
FIBERMAP 34 R-11C16 APOGEE 0 0 0 1 0 0 178.97460977943797 -231.56914430339424 143.1 217.20721660920842 196.13589713213466 2.3174107 40.172688 -999.0 -999.0 -999.0 -999.0 -999.0 176.12191697774443 -7.301525574811203 176.1197498981942 -7.455392638529647 63.74002409132477 37.91588826012372 -999.0 16600.0 -999.0 2 235 {-999.0 -999.0 -999.0 -999.0 -999.0} "" -999.0 -999.0 -999.0 -999.0 -999 -999 "" "" "" "" 0 0 0.0 0.0 -999 ""
FIBERMAP 34 R-11C16 BOSS 1 1 0 1 0 0 178.4160366240261 -232.07884191287437 143.1 217.7580777692542 195.6179253445685 2.3174107 40.172688 176.12360215441194 -7.302996648115896 -0.7841464 -0.493913 -0.110495515 176.1236243900185 -7.303026664120862 176.12139955966495 -7.456982765498903 63.74047387684117 37.92094307684067 5400.0 5400.0 2016.0 1 345 {-999.0 17.521832 16.756836 16.369562 -999.0} sdss_psfmag_ps1 17.24821 16.713142 16.028374 14.648 63050395164334785 1061260609 dark_flexible_2x1 manual_mwm_halo_distant_kgiant_near_boss mwm_halo science 0 0 0.0 0.0 -999 ""
FIBERMAP 34 R-11C16 METROLOGY 0 0 0 1 0 0 178.25107344943956 -231.3560847533411 143.1 217.05007052987187 195.39823071879155 2.3174107 40.172688 -999.0 -999.0 -999.0 -999.0 -999.0 176.1215143807663 -7.303664049134842 176.11930538984905 -7.4575943694187865 63.74211329564577 37.91774813914674 -999.0 6231.0 -999.0 -1 -999 {-999.0 -999.0 -999.0 -999.0 -999.0} "" -999.0 -999.0 -999.0 -999.0 -999 -999 "" "" "" "" 0 0 0.0 0.0 -999 ""
FIBERMAP 38 R+13C14 APOGEE 0 0 0 1 0 0 139.01700275493127 262.23014497130936 143.1 -272.0728943960498 118.5688692654058 114.168144 126.47106 -999.0 -999.0 -999.0 -999.0 -999.0 174.6311426498127 -7.536048615180881 174.62860665768312 -7.68948872683589 64.71694716493104 35.307725565292344 -999.0 16600.0 -999.0 2 57 {-999.0 -999.0 -999.0 -999.0 -999.0} "" -999.0 -999.0 -999.0 -999.0 -999 -999 "" "" "" "" 0 0 0.0 0.0 -999 ""
FIBERMAP 38 R+13C14 BOSS 1 1 0 1 0 0 139.4801681258773 262.8070109002206 143.1 -272.68343492488907 118.98658466421467 114.168144 126.47106 174.62940433846813 -7.5347251880962 -999.0 -999.0 -999.0 174.62940156944634 -7.5347247099935775 174.62681342239466 -7.688251641640063 64.71678932664244 35.30266918920904 5400.0 5400.0 2016.0 1 95 {-999.0 21.623512 20.221897 19.669323 19.294378} sdss_fiber2mag_from_lsdr10 19.967072 21.418892 18.249134 16.124 63050395164328598 1128419973 dark_flexible_3x1 bhm_spiders_clusters_lsdr10_d3 bhm_spiders science 0 0 0.0 0.0 -999 ""
FIBERMAP 38 R+13C14 METROLOGY 0 0 0 1 0 0 139.74925633545547 262.09876467491273 143.1 -271.9978510645069 119.30898645119564 114.168144 126.47106 -999.0 -999.0 -999.0 -999.0 -999.0 174.63140371593784 -7.533746677473329 174.62883102213016 -7.687249668171831 64.71490778077943 35.30549977522435 -999.0 6231.0 -999.0 -1 -999 {-999.0 -999.0 -999.0 -999.0 -999.0} "" -999.0 -999.0 -999.0 -999.0 -999 -999 "" "" "" "" 0 0 0.0 0.0 -999 ""
FIBERMAP 41 R+10C10 APOGEE 0 0 0 1 0 0 15.106237106144942 185.36499725924267 143.1 -185.96875232614207 0.8988181922664654 215.43309 130.79749 -999.0 -999.0 -999.0 -999.0 -999.0 174.89135061734973 -7.891907715920747 174.88878447756406 -8.045365426629207 64.88871795095429 36.257707484829666 -999.0 16600.0 -999.0 2 -999 {-999.0 -999.0 -999.0 -999.0 -999.0} "" -999.0 -999.0 -999.0 -999.0 -999 -999 "" "" "" "" 0 0 0.0 0.0 -999 ""
FIBERMAP 41 R+10C10 BOSS 1 1 0 1 0 0 14.388838268113252 185.54462502748552 143.1 -186.0930348216924 0.1698253566882082 215.43309 130.79749 174.89075187231433 -7.894071445916068 -27.876259 14.4433975 1.6896795 174.89096104490656 -7.894030880096242 174.88834128431347 -8.047573823234131 64.89083035174707 36.259543955859954 5400.0 5400.0 2016.0 1 127 {-999.0 16.496931 15.340372 14.890537 -999.0} sdss_psfmag_ps1 16.08591 15.337694 14.488497 12.728 63050395164326841 943110279 bright_1x1 openfibertargets_nov2020_35b open_fiber science 0 0 1.0605276823043823 0.0 -999 ""
FIBERMAP 41 R+10C10 METROLOGY 0 0 0 1 0 0 14.886738375505542 186.08006265768103 143.1 -186.66492392837873 0.6253376251426833 215.43309 130.79749 -999.0 -999.0 -999.0 -999.0 -999.0 174.8891801434958 -7.892672466149352 174.8865753229752 -8.046190848029191 64.89056433341727 36.25432781548324 -999.0 6231.0 -999.0 -1 -999 {-999.0 -999.0 -999.0 -999.0 -999.0} "" -999.0 -999.0 -999.0 -999.0 -999 -999 "" "" "" "" 0 0 0.0 0.0 -999 ""
FIBERMAP 47 R-6C12 APOGEE 0 0 0 1 0 0 17.73159908142739 -108.39642483911804 143.1 106.71979716848736 25.960830309915984 82.1735 149.10162 -999.0 -999.0 -999.0 -999.0 -999.0 175.78726020924046 -7.815872608710642 175.78491996984826 -7.969577282118504 64.35196934724898 37.91601692454276 -999.0 16600.0 -999.0 2 -999 {-999.0 -999.0 -999.0 -999.0 -999.0} "" -999.0 -999.0 -999.0 -999.0 -999 -999 "" "" "" "" 0 0 0.0 0.0 -999 ""
FIBERMAP 47 R-6C12 BOSS 1 1 0 1 0 0 18.155195474536484 -107.80312704233341 143.1 106.09589677847289 26.337838770955813 82.1735 149.10162 175.78558571843817 -7.814634487640333 -42.009037 4.0472302 3.8718944 175.78546424998098 -7.814629092244344 175.7830674501571 -7.96842000855598 64.35199267993838 37.91100582732088 5400.0 5400.0 2016.0 1 391 {-999.0 19.33011 19.46345 19.57584 -999.0} sdss_psfmag_ps1 19.46092 19.353395 19.286053 -999.0 63050395164330097 1143436635 dark_1x3 mwm_wd_pwd_boss_1x3 mwm_wd science 0 0 0.0 0.0 -999 ""
FIBERMAP 47 R-6C12 METROLOGY 0 0 0 1 0 0 18.471939555211453 -108.50316845566391 143.1 106.76965910732628 26.707128043672633 82.1735 149.10162 -999.0 -999.0 -999.0 -999.0 -999.0 175.78751874827694 -7.813528715336372 175.78513862272393 -7.967295805112493 64.34993543125134 37.91357723853497 -999.0 6231.0 -999.0 -1 -999 {-999.0 -999.0 -999.0 -999.0 -999.0} "" -999.0 -999.0 -999.0 -999.0 -999 -999 "" "" "" "" 0 0 0.0 0.0 -999 ""
FIBERMAP 48 R-6C4 APOGEE 0 0 0 1 0 0 -171.47485345263644 -120.7764413163422 143.1 133.51911701240783 -161.73792041668617 211.72534 101.16345 -999.0 -999.0 -999.0 -999.0 -999.0 175.86928050707638 -8.384490570935375 175.86684535858956 -8.538123727154924 64.78296059042111 38.79988358908929 -999.0 16600.0 -999.0 2 -999 {-999.0 -999.0 -999.0 -999.0 -999.0} "" -999.0 -999.0 -999.0 -999.0 -999 -999 "" "" "" "" 0 0 0.0 0.0 -999 ""
FIBERMAP 48 R-6C4 BOSS 1 1 0 1 0 0 -171.96407003395882 -120.23315476953485 143.1 133.01482161652942 -162.2671934115136 211.72534 101.16345 175.8678330421182 -8.386045308077804 -999.0 -999.0 -999.0 175.86782628225032 -8.38604929984214 175.86533387801364 -8.539765906385488 64.78515584692686 38.79909872536791 5400.0 5400.0 2016.0 1 491 {-999.0 21.989952 21.73557 21.444399 21.185907} sdss_psfmag_from_lsdr10 nan nan nan -999.0 63050396875866409 1131654722 dark_flexible_3x1 bhm_spiders_agn_lsdr10_d3 bhm_spiders science 0 0 0.0 0.0 -999 ""
FIBERMAP 48 R-6C4 METROLOGY 0 0 0 1 0 0 -171.262493506317 -120.0592234484699 143.1 132.7878037516414 -161.58098911011461 211.72534 101.16345 -999.0 -999.0 -999.0 -999.0 -999.0 175.8671393530512 -8.384027435932003 175.8646632110807 -8.537720389546308 64.78382047770603 38.79514245014519 -999.0 6231.0 -999.0 -1 -999 {-999.0 -999.0 -999.0 -999.0 -999.0} "" -999.0 -999.0 -999.0 -999.0 -999 -999 "" "" "" "" 0 0 0.0 0.0 -999 ""
FIBERMAP 50 R-4C21 APOGEE 0 0 0 1 0 0 195.90539496160832 -66.47539075311354 143.1 51.31011309945744 200.40264272166797 113.01385 120.91119 -999.0 -999.0 -999.0 -999.0 -999.0 175.61693172248073 -7.2877100811068365 175.61466345989925 -7.441458229561454 63.996706011566445 36.93894325027469 -999.0 16600.0 -999.0 2 225 {-999.0 -999.0 -999.0 -999.0 -999.0} "" -999.0 -999.0 -999.0 -999.0 -999 -999 "" "" "" "" 0 0 0.0 0.0 -999 ""
FIBERMAP 50 R-4C21 BOSS 1 1 0 1 0 0 196.30824856133046 -65.87416272381064 143.1 50.67989084988376 200.75836408354414 113.01385 120.91119 175.61508178710938 -7.286509197663378 -999.0 -999.0 -999.0 175.6150743334269 -7.286497654182443 175.61275004765287 -7.4403342285074245 63.99675834049496 36.93391470239999 5400.0 5400.0 2015.5 1 323 {-999.0 -999.0 -999.0 -999.0 -999.0} "" -999.0 -999.0 -999.0 -999.0 27021603139074170 811639029 "" ops_sky_boss_good ops_sky sky_boss 0 0 0.0 0.0 -999 ""
FIBERMAP 50 R-4C21 METROLOGY 0 0 0 1 0 0 196.64650828414432 -66.54253031121068 143.1 51.320429530348406 201.14668511456 113.01385 120.91119 -999.0 -999.0 -999.0 -999.0 -999.0 175.61701948388855 -7.2853242366460504 175.61471167978289 -7.4391363588474695 63.994711699974026 36.936229080900716 -999.0 6231.0 -999.0 -1 -999 {-999.0 -999.0 -999.0 -999.0 -999.0} "" -999.0 -999.0 -999.0 -999.0 -999 -999 "" "" "" "" 0 0 0.0 0.0 -999 ""
FIBERMAP 51 R+5C4 APOGEE 0 0 0 1 0 0 -171.81876732131144 76.41733607414754 143.1 -63.062843483942714 -177.14713805122582 319.79288 41.280945 -999.0 -999.0 -999.0 -999.0 -999.0 175.26728000863264 -8.431751905179688 175.2646789647847 -8.585226083821286 65.14833519867284 37.68316764347793 -999.0 16600.0 -999.0 2 -999 {-999.0 -999.0 -999.0 -999.0 -999.0} "" -999.0 -999.0 -999.0 -999.0 -999 -999 "" "" "" "" 0 0 0.0 0.0 -999 ""
FIBERMAP 51 R+5C4 BOSS 1 1 0 1 0 0 -172.5258916012336 76.36283857370722 143.1 -62.9544809283393 -177.84799881180086 319.79288 41.280945 175.26763916015625 -8.433851235106985 -999.0 -999.0 -999.0 175.26764817973415 -8.433841394174372 175.2649924556847 -8.58739887234908 65.14999546636001 37.686583363817476 5400.0 5400.0 2015.5 1 38 {-999.0 -999.0 -999.0 -999.0 -999.0} "" -999.0 -999.0 -999.0 -999.0 27021603139061622 811637207 "" ops_sky_boss_good ops_sky sky_boss 0 0 0.0 0.0 -999 ""
FIBERMAP 51 R+5C4 METROLOGY 0 0 0 1 0 0 -172.21546620776385 77.05147187213053 143.1 -63.664787056133434 -177.5911092848135 319.79288 41.280945 -999.0 -999.0 -999.0 -999.0 -999.0 175.26544799108862 -8.433109827844437 175.2628072547883 -8.586643169041153 65.15052788454364 37.681285754321436 -999.0 6231.0 -999.0 -1 -999 {-999.0 -999.0 -999.0 -999.0 -999.0} "" -999.0 -999.0 -999.0 -999.0 -999 -999 "" "" "" "" 0 0 0.0 0.0 -999 ""
FIBERMAP 60 R-3C7 APOGEE 0 0 0 1 0 0 -130.0673769980128 -71.53860360692782 143.1 81.26380202512044 -124.21534861452524 256.3753 103.890274 -999.0 -999.0 -999.0 -999.0 -999.0 175.70951334454543 -8.27148569808272 175.70706064112778 -8.425098225214844 64.77578113570425 38.34421512014478 -999.0 16600.0 -999.0 2 290 {-999.0 -999.0 -999.0 -999.0 -999.0} "" -999.0 -999.0 -999.0 -999.0 -999 -999 "" "" "" "" 0 0 0.0 0.0 -999 ""
FIBERMAP 60 R-3C7 BOSS 1 1 0 1 0 0 -130.79473515366672 -71.42270825064354 143.1 81.20382362488193 -124.94940180576249 256.3753 103.890274 175.70943102017168 -8.273689123237437 -999.0 -999.0 -999.0 175.70942117215887 -8.273679198582071 175.7069119913873 -8.427375801818066 64.77776625046344 38.34685784523157 5400.0 5400.0 2016.0 1 476 {-999.0 20.344694 20.141964 23.32759 -999.0} sdss_psfmag_ps1 -999.0 -999.0 -999.0 -999.0 63050397591252775 1164996655 bright_1x1 openfibertargets_bhm_clu_boss open_fiber science 0 0 0.0 0.0 -999 ""
FIBERMAP 60 R-3C7 METROLOGY 0 0 0 1 0 0 -130.33610228719357 -70.84158233803774 143.1 80.58938206170113 -124.53653093107566 256.3753 103.890274 -999.0 -999.0 -999.0 -999.0 -999.0 175.7075331693744 -8.272471184320793 175.70503963820397 -8.426143587706528 64.77775166724592 38.34163752972506 -999.0 6231.0 -999.0 -1 -999 {-999.0 -999.0 -999.0 -999.0 -999.0} "" -999.0 -999.0 -999.0 -999.0 -999 -999 "" "" "" "" 0 0 0.0 0.0 -999 ""
FIBERMAP 73 R-11C14 APOGEE 0 0 0 1 0 0 136.22113434359952 -216.0060991998716 143.1 204.95690560056403 152.3202989385617 348.9905 117.124466 -999.0 -999.0 -999.0 -999.0 -999.0 176.08557133542124 -7.433429867585283 176.08337195736203 -7.587267089283906 63.87036607435283 38.00936224807123 -999.0 16600.0 -999.0 2 232 {-999.0 -999.0 -999.0 -999.0 -999.0} "" -999.0 -999.0 -999.0 -999.0 -999 -999 "" "" "" "" 0 0 0.0 0.0 -999 ""
FIBERMAP 73 R-11C14 BOSS 1 1 0 1 0 0 136.30022741027642 -216.72050133213335 143.1 205.66314341175502 152.45374008165442 348.9905 117.124466 176.0877207955082 -7.432925618286215 -101.48442 -5.5304074 10.196893 176.08777962697943 -7.432936577353737 176.0855231605002 -7.586862691578998 63.868868093806185 38.012928290008574 5400.0 5400.0 2016.0 1 341 {-999.0 16.775846 15.463875 14.193965 -999.0} sdss_psfmag_ps1 16.25808 14.792767 13.620679 11.399 63050395164334631 1151069284 bright_1x1 mwm_snc_100pc_boss_single mwm_snc science 0 0 1.2618380784988403 0.0 -999 ""
FIBERMAP 73 R-11C14 METROLOGY 0 0 0 1 0 0 135.60753942212557 -216.43021336473032 143.1 205.4266413085414 151.7409298769097 348.9905 117.124466 -999.0 -999.0 -999.0 -999.0 -999.0 176.08709463882266 -7.435083091428223 176.08485396255708 -7.588983667285255 63.871009121025935 38.01428031912684 -999.0 6231.0 -999.0 -1 -999 {-999.0 -999.0 -999.0 -999.0 -999.0} "" -999.0 -999.0 -999.0 -999.0 -999 -999 "" "" "" "" 0 0 0.0 0.0 -999 ""
FIBERMAP 85 R+2C11 APOGEE 0 0 0 1 0 0 -53.30397553182701 57.51633255047807 143.1 -53.27292701473844 -57.540154409704364 169.80309 49.102753 -999.0 -999.0 -999.0 -999.0 -999.0 175.29705970749768 -8.069567831437634 175.2945487759199 -8.223107629413283 64.8271734203181 37.28138125080159 -999.0 16600.0 -999.0 2 15 {-999.0 -999.0 -999.0 -999.0 -999.0} "" -999.0 -999.0 -999.0 -999.0 -999 -999 "" "" "" "" 0 0 0.0 0.0 -999 ""
FIBERMAP 85 R+2C11 BOSS 1 1 0 1 0 0 -52.75196708479364 57.986010501533 143.1 -53.783385781694456 -57.02567018938915 169.80309 49.102753 175.29551809110876 -8.06796584791643 0.5037628 -0.7480514 -0.10236381 175.29551687811224 -8.067954534789566 175.29295145032745 -8.22157931255846 64.82672844164686 37.27631870608383 5400.0 5400.0 2016.0 1 23 {-999.0 20.110168 19.954815 19.820345 19.738626} sdss_psfmag_from_gaiadr2 20.095478 19.946667 19.563963 -999.0 63050395164321635 1130008222 dark_flexible_3x1 bhm_gua_dark_d3 bhm_filler science 0 0 0.0 0.0 -999 ""
FIBERMAP 85 R+2C11 METROLOGY 0 0 0 1 0 0 -52.61316378282906 57.248209888165825 143.1 -53.05838104817333 -56.830908383152895 169.80309 49.102753 -999.0 -999.0 -999.0 -999.0 -999.0 175.2977191883244 -8.067393738080074 175.2951698585257 -8.220995064104127 64.825059891582 37.27994395510922 -999.0 6231.0 -999.0 -1 -999 {-999.0 -999.0 -999.0 -999.0 -999.0} "" -999.0 -999.0 -999.0 -999.0 -999 -999 "" "" "" "" 0 0 0.0 0.0 -999 ""
FIBERMAP 89 R-9C1 APOGEE 1 1 0 1 0 0 -201.84296140976852 -155.57485086836377 143.1 170.53443171639321 -189.35712871426827 199.97212 14.668517 175.98222493974902 -8.467368227812445 -38.016296 1.6026995 2.2270494 175.9820960941609 -8.467287697180357 175.9796737268864 -8.620934276472155 64.7897419706686 39.12565101060511 16000.0 16600.0 2016.0 2 258 {-999.0 12.734798 12.240514 12.094982 -999.0} sdss_psfmag_from_g3xp 12.631385 12.276836 11.759808 10.858 63050395164250746 974986404 "" ops_std_apogee ops_std standard_apogee 0 0 0.0 0.0 -999 ""
FIBERMAP 89 R-9C1 BOSS 0 0 0 1 0 0 -201.24523524549784 -155.14971187503807 143.1 170.06488665406167 -188.7936595903005 199.97212 14.668517 -999.0 -999.0 -999.0 -999.0 -999.0 175.98073461900722 -8.465523702375458 175.9782552657266 -8.619254007876203 64.78913041628824 39.120717380599615 -999.0 5400.0 -999.0 1 352 {-999.0 -999.0 -999.0 -999.0 -999.0} "" -999.0 -999.0 -999.0 -999.0 -999 -999 "" "" "" "" 0 0 0.0 0.0 -999 ""
FIBERMAP 89 R-9C1 METROLOGY 0 0 0 1 0 0 -201.16885622882953 -155.88815541748394 143.1 170.7953018510116 -188.66108758664183 199.97212 14.668517 -999.0 -999.0 -999.0 -999.0 -999.0 175.98297645631308 -8.465169567586733 175.98051389694604 -8.618876718049465 64.787571070323 39.12457321996976 -999.0 6231.0 -999.0 -1 -999 {-999.0 -999.0 -999.0 -999.0 -999.0} "" -999.0 -999.0 -999.0 -999.0 -999 -999 "" "" "" "" 0 0 0.0 0.0 -999 ""
FIBERMAP 92 R-1C26 APOGEE 0 0 0 1 0 0 292.5244772154641 -27.480669183760487 143.1 5.049130305528258 293.75548831713894 339.42712 104.41994 -999.0 -999.0 -999.0 -999.0 -999.0 175.47554464326032 -7.007256466954656 175.4733078960976 -7.161014398594232 63.831969939417576 36.332235402085644 -999.0 16600.0 -999.0 2 229 {-999.0 -999.0 -999.0 -999.0 -999.0} "" -999.0 -999.0 -999.0 -999.0 -999 -999 "" "" "" "" 0 0 0.0 0.0 -999 ""
FIBERMAP 92 R-1C26 BOSS 1 1 0 1 0 0 292.46115364296696 -28.271528840818583 143.1 5.842479762597473 293.75277734247635 339.42712 104.41994 175.4780220137635 -7.007216034591064 -0.06496515 0.111270934 0.4282206 175.47801431205988 -7.007215963905796 175.47572259680567 -7.161064386227168 63.830761437000774 36.336927640461454 5400.0 5400.0 2016.0 1 338 {-999.0 19.938025 19.746479 19.582554 19.461645} sdss_psfmag_from_gaiadr2 19.845797 19.749834 19.19473 -999.0 63050395164338050 1130008488 dark_flexible_3x1 bhm_gua_dark_d3 bhm_filler science 0 0 0.0 0.0 -999 ""
FIBERMAP 92 R-1C26 METROLOGY 0 0 0 1 0 0 291.8388911662996 -27.800303000865757 143.1 5.420196291358531 293.0963592155958 339.42712 104.41994 -999.0 -999.0 -999.0 -999.0 -999.0 175.47671520055997 -7.009142003180107 175.47443853753828 -7.162964308198259 63.83304704194961 36.33671380883288 -999.0 6231.0 -999.0 -1 -999 {-999.0 -999.0 -999.0 -999.0 -999.0} "" -999.0 -999.0 -999.0 -999.0 -999 -999 "" "" "" "" 0 0 0.0 0.0 -999 ""
FIBERMAP 101 R-9C6 APOGEE 0 0 0 1 0 0 -60.80124367617208 -170.0404205929511 143.1 174.1809453790373 -47.62899317593039 51.126427 74.0134 -999.0 -999.0 -999.0 -999.0 -999.0 175.99360156186566 -8.038765799315401 175.99126561323897 -8.192483745190819 64.42686548052765 38.5937311750626 -999.0 16600.0 -999.0 2 181 {-999.0 -999.0 -999.0 -999.0 -999.0} "" -999.0 -999.0 -999.0 -999.0 -999 -999 "" "" "" "" 0 0 0.0 0.0 -999 ""
FIBERMAP 101 R-9C6 BOSS 1 1 0 1 0 0 -60.37175040504736 -170.6615074950645 143.1 174.76737319152215 -47.153321919535315 51.126427 74.0134 175.99552141590553 -8.037250106950971 -999.0 -999.0 -999.0 175.99550722216622 -8.03725033312772 175.99311488824776 -8.191054590424281 64.42466417258782 38.5954446462876 5400.0 5400.0 2016.0 1 374 {-999.0 21.549873 21.515886 21.194368 20.889229} sdss_psfmag_from_lsdr10 nan nan 20.60722 -999.0 63050395164329648 1131658745 dark_flexible_3x1 bhm_spiders_agn_lsdr10_d3 bhm_spiders science 0 0 0.0 0.0 -999 ""
FIBERMAP 101 R-9C6 METROLOGY 0 0 0 1 0 0 -61.08779397033998 -170.7244516404511 143.1 174.88483877687221 -47.86243012632184 51.126427 74.0134 -999.0 -999.0 -999.0 -999.0 -999.0 175.99587329416178 -8.039428892865518 175.99349681717592 -8.193208614099781 64.4262531265045 38.59892553666441 -999.0 6231.0 -999.0 -1 -999 {-999.0 -999.0 -999.0 -999.0 -999.0} "" -999.0 -999.0 -999.0 -999.0 -999 -999 "" "" "" "" 0 0 0.0 0.0 -999 ""
FIBERMAP 105 R-2C23 APOGEE 0 0 0 1 0 0 222.8963906222721 -55.579236593731665 143.1 38.384102945622566 226.48098623793206 291.9609 88.15472 -999.0 -999.0 -999.0 -999.0 -999.0 175.57734980308047 -7.209135488919715 175.57509002464337 -7.362886458020642 63.95077930745198 36.76833024837106 -999.0 16600.0 -999.0 2 203 {-999.0 -999.0 -999.0 -999.0 -999.0} "" -999.0 -999.0 -999.0 -999.0 -999 -999 "" "" "" "" 0 0 0.0 0.0 -999 ""
FIBERMAP 105 R-2C23 BOSS 1 1 0 1 0 0 222.20677774275245 -55.82244458402036 143.1 38.679277705484296 225.81200305080515 291.9609 88.15472 175.57805274810795 -7.211043408039379 -29.169464 0.9570806 0.90216833 175.57831548996097 -7.2110236836842905 175.5759997305188 -7.364863595571745 63.9519823830586 36.77245171821596 5400.0 5400.0 2016.0 1 286 {-999.0 14.579468 14.403734 14.081158 -999.0} sdss_psfmag_ps1 14.527349 14.205999 13.721924 12.852 63050395164337598 1136357109 dark_flexible_3x1 mwm_halo_local_high_boss_triple mwm_halo science 0 0 1.2965641021728516 0.0 -999 ""
FIBERMAP 105 R-2C23 METROLOGY 0 0 0 1 0 0 222.34086713780965 -55.09146594858536 143.1 37.94022469396985 225.88984484716389 291.9609 88.15472 -999.0 -999.0 -999.0 -999.0 -999.0 175.57605038097034 -7.210777415277444 175.5737500277363 -7.364591571605623 63.95292899472936 36.7678091988617 -999.0 6231.0 -999.0 -1 -999 {-999.0 -999.0 -999.0 -999.0 -999.0} "" -999.0 -999.0 -999.0 -999.0 -999 -999 "" "" "" "" 0 0 0.0 0.0 -999 ""
FIBERMAP 109 R-5C5 APOGEE 0 0 1 1 0 0 -148.20870233939968 -89.77182195762886 143.1 100.82894279523526 -140.90972121940902 24.80575 163.29262 -999.0 -999.0 -999.0 -999.0 -999.0 175.76938241756812 -8.321863518743585 175.76693445377316 -8.4754826215474 64.78532740142168 38.52532423836436 -999.0 16600.0 -999.0 2 295 {-999.0 -999.0 -999.0 -999.0 -999.0} "" -999.0 -999.0 -999.0 -999.0 -999 -999 "" "" "" "" 0 0 0.0 0.0 -999 ""
FIBERMAP 109 R-5C5 BOSS 1 0 1 1 0 0 -147.5077496074351 -89.49761551460946 143.1 100.50199522226029 -140.23180024704718 24.80575 163.29262 175.82629227281564 -8.307222396067495 -13.371071 -13.819174 0.496342 175.76847729227336 -8.319783491304046 175.7659733160749 -8.473486987434264 64.78418508548287 38.52088205995369 5400.0 5400.0 2016.0 1 486 {-999.0 17.678553 17.284632 17.152596 -999.0} sdss_psfmag_ps1 17.620184 17.279951 16.79851 15.86 63050395164329228 944484623 bright_1x1 openfibertargets_nov2020_6c open_fiber science 0 0 0.0 0.0 -999 ""
FIBERMAP 109 R-5C5 METROLOGY 0 0 1 1 0 0 -147.62073729736787 -90.23551952611972 143.1 101.24634079851018 -140.2880738729485 24.80575 163.29262 -999.0 -999.0 -999.0 -999.0 -999.0 175.77075203563027 -8.319988918593141 175.7682645184907 -8.473669050558295 64.78308913919567 38.52555747205707 -999.0 6231.0 -999.0 -1 -999 {-999.0 -999.0 -999.0 -999.0 -999.0} "" -999.0 -999.0 -999.0 -999.0 -999 -999 "" "" "" "" 0 0 0.0 0.0 -999 ""
FIBERMAP 111 R+1C26 APOGEE 0 0 1 1 0 0 281.0082211428464 27.064494814054267 143.1 -48.454185068971455 278.10597843935597 8.069913 170.54987 -999.0 -999.0 -999.0 -999.0 -999.0 175.31260970308733 -7.0542315226657974 175.3103309527728 -7.207939329238227 63.95621451356661 36.07400829377792 -999.0 16600.0 -999.0 2 107 {-999.0 -999.0 -999.0 -999.0 -999.0} "" -999.0 -999.0 -999.0 -999.0 -999 -999 "" "" "" "" 0 0 0.0 0.0 -999 ""
FIBERMAP 111 R+1C26 BOSS 1 0 1 1 0 0 281.75278537232754 27.044064170178704 143.1 -48.49070251830911 278.84989276050385 8.069913 170.54987 175.28847147062726 -7.071584567072712 -19.066076 -1.6037258 0.0908012 175.3125614002589 -7.051938205045492 175.31022833902603 -7.2057359401369325 63.95438395705804 36.07120559000083 5400.0 5400.0 2016.0 1 183 {-999.0 18.061724 17.710491 17.576117 17.530773} sdss_psfmag_from_gaia 18.0101 17.7209 17.25 -999.0 63050395164337949 968259106 "" ops_std_boss_gdr2 ops_std standard_boss 0 0 0.0 0.0 -999 ""
FIBERMAP 111 R+1C26 METROLOGY 0 0 1 1 0 0 281.3742271386702 26.40214876606071 143.1 -47.82176996437466 278.5215032869169 8.069913 170.54987 -999.0 -999.0 -999.0 -999.0 -999.0 175.3145710542164 -7.052887311118105 175.3122537024027 -7.206660037373355 63.954130943502086 36.076209488694246 -999.0 6231.0 -999.0 -1 -999 {-999.0 -999.0 -999.0 -999.0 -999.0} "" -999.0 -999.0 -999.0 -999.0 -999 -999 "" "" "" "" 0 0 0.0 0.0 -999 ""
FIBERMAP 112 R-4C23 APOGEE 0 0 0 1 0 0 251.3147633755854 -64.26493697766479 143.1 44.87274480575868 255.47859366364204 78.639206 108.837135 -999.0 -999.0 -999.0 -999.0 -999.0 175.59698721857052 -7.121993855562859 175.59474977054822 -7.2757639731207 63.86647235252496 36.70153879385043 -999.0 16600.0 -999.0 2 237 {-999.0 -999.0 -999.0 -999.0 -999.0} "" -999.0 -999.0 -999.0 -999.0 -999 -999 "" "" "" "" 0 0 0.0 0.0 -999 ""
FIBERMAP 112 R-4C23 BOSS 1 1 0 1 0 0 252.03713166738675 -64.18553325098667 143.1 44.73838528143771 256.1927502443655 78.639206 108.837135 175.59663658554575 -7.11974366539461 -2.9679637 -1.8188804 0.39849678 175.5966306036601 -7.119754288508646 175.5943376846601 -7.273614097622233 63.864860413350705 36.69817856495598 5400.0 5400.0 2016.0 1 347 {-999.0 18.35877 17.961643 17.616152 -999.0} sdss_psfmag_ps1 18.205715 17.84222 17.285519 16.372 63050395164337719 944484687 bright_1x1 openfibertargets_nov2020_6c open_fiber science 0 0 0.0 0.0 -999 ""
FIBERMAP 112 R-4C23 METROLOGY 0 0 0 1 0 0 251.76607474098745 -64.85853927163592 143.1 45.43010263987127 255.9739183039262 78.639206 108.837135 -999.0 -999.0 -999.0 -999.0 -999.0 175.59873246974593 -7.1203911777585756 175.59645566116512 -7.274226071369452 63.864273662434144 36.702964356965765 -999.0 6231.0 -999.0 -1 -999 {-999.0 -999.0 -999.0 -999.0 -999.0} "" -999.0 -999.0 -999.0 -999.0 -999 -999 "" "" "" "" 0 0 0.0 0.0 -999 ""
FIBERMAP 113 R-7C11 APOGEE 1 1 0 1 0 0 32.394099963358016 -142.3386678888042 143.1 139.44098462322782 43.1731042166125 56.264458 21.608505 175.8871734637195 -7.763572106985743 -999.0 -999.0 -999.0 175.8871955067583 -7.763592764188797 175.8848886648792 -7.917329932854244 64.25431060114596 38.042237925704626 16000.0 16600.0 2016.0 2 167 {-999.0 16.621956 15.190393 13.7293215 -999.0} sdss_psfmag_ps1 16.02291 14.531532 12.810405 10.402 63050395164330724 1103780989 bright_1x1 mwm_tess_2min_apogee mwm_planet science 0 0 0.0 0.0 -999 ""
FIBERMAP 113 R-7C11 BOSS 0 0 0 1 0 0 32.25233078687551 -143.07867963453234 143.1 140.18963068577568 43.088295605540736 56.264458 21.608505 -999.0 -999.0 -999.0 -999.0 -999.0 175.88960276264848 -7.763742443664013 175.88723963224777 -7.917566917072641 64.25324244357452 38.04703236626932 -999.0 5400.0 -999.0 1 400 {-999.0 -999.0 -999.0 -999.0 -999.0} "" -999.0 -999.0 -999.0 -999.0 -999 -999 "" "" "" "" 0 0 0.0 0.0 -999 ""
FIBERMAP 113 R-7C11 METROLOGY 0 0 0 1 0 0 31.687817639796606 -142.57425261990412 143.1 139.72983236657296 42.48691863828337 56.264458 21.608505 -999.0 -999.0 -999.0 -999.0 -999.0 175.88820184715357 -7.7655869144454135 175.88585413439705 -7.919386164080009 64.2555154976885 38.04666074913911 -999.0 6231.0 -999.0 -1 -999 {-999.0 -999.0 -999.0 -999.0 -999.0} "" -999.0 -999.0 -999.0 -999.0 -999 -999 "" "" "" "" 0 0 0.0 0.0 -999 ""
FIBERMAP 116 R+4C14 APOGEE 0 0 0 1 0 0 60.82707668147852 68.43730549294246 143.1 -72.88150091241394 55.41759863922224 8.249946 72.01362 -999.0 -999.0 -999.0 -999.0 -999.0 175.23707559348867 -7.726648088980798 175.23462870251558 -7.880226998932009 64.56830154156748 36.73729634406584 -999.0 16600.0 -999.0 2 -999 {-999.0 -999.0 -999.0 -999.0 -999.0} "" -999.0 -999.0 -999.0 -999.0 -999 -999 "" "" "" "" 0 0 0.0 0.0 -999 ""
FIBERMAP 116 R+4C14 BOSS 1 1 0 1 0 0 60.71179435083975 67.68021522925319 143.1 -72.117850736069 55.36050308600129 8.249946 72.01362 175.23942887095998 -7.726702204933769 0.32993627 0.10498683 -0.13935451 175.2394257472594 -7.726702401167625 175.2369250185451 -7.880368509892968 64.5672205112138 36.74196826737011 5400.0 5400.0 2016.0 1 165 {-999.0 18.99721 18.589605 18.552113 18.577633} sdss_psfmag_from_lsdr10 19.071804 18.697428 18.21172 -999.0 63050395164331679 1058915753 dark_flexible_2x1 bhm_spiders_agn_lsdr10 bhm_spiders science 0 0 0.0 0.0 -999 ""
FIBERMAP 116 R+4C14 METROLOGY 0 0 0 1 0 0 60.128667645613554 68.16949392594383 143.1 -72.56112357440293 54.741725217904275 8.249946 72.01362 -999.0 -999.0 -999.0 -999.0 -999.0 175.23804477202117 -7.728600133213758 175.23555870410792 -7.88224102598191 64.569525356153 36.741594803441444 -999.0 6231.0 -999.0 -1 -999 {-999.0 -999.0 -999.0 -999.0 -999.0} "" -999.0 -999.0 -999.0 -999.0 -999 -999 "" "" "" "" 0 0 0.0 0.0 -999 ""
FIBERMAP 121 R+6C3 APOGEE 0 0 0 1 0 0 -192.11711560822735 133.44901798826405 143.1 -118.37430946394598 -201.74264194436628 191.92473 36.362938 -999.0 -999.0 -999.0 -999.0 -999.0 175.0981845924738 -8.505524336675439 175.09552198847348 -8.658941475847117 65.30059591264398 37.44190998590494 -999.0 16600.0 -999.0 2 18 {-999.0 -999.0 -999.0 -999.0 -999.0} "" -999.0 -999.0 -999.0 -999.0 -999 -999 "" "" "" "" 0 0 0.0 0.0 -999 ""
FIBERMAP 121 R+6C3 BOSS 1 1 0 1 0 0 -191.6362154895938 133.99371264007183 143.1 -118.95412924350892 -201.3047864557401 191.92473 36.362938 175.09636939267116 -8.503994401145947 30.865046 -60.432842 1.0370201 175.09644658957566 -8.504144398284284 175.09373021540978 -8.657644430931878 65.30045490162821 37.436666776272716 5400.0 5400.0 2016.0 1 26 {-999.0 19.921589 20.037409 20.128796 -999.0} sdss_psfmag_gaia 19.985678 19.955847 19.788296 -999.0 63050395164319277 1143436627 dark_1x3 mwm_wd_pwd_boss_1x3 mwm_wd science 0 0 0.0 0.0 -999 ""
FIBERMAP 121 R+6C3 METROLOGY 0 0 0 1 0 0 -191.3904268164395 133.28944879532898 143.1 -118.27073576884429 -201.00591928874098 191.92473 36.362938 -999.0 -999.0 -999.0 -999.0 -999.0 175.09849802450182 -8.503307841182409 175.09579758571522 -8.65678500412912 65.29863128289342 37.43968451672754 -999.0 6231.0 -999.0 -1 -999 {-999.0 -999.0 -999.0 -999.0 -999.0} "" -999.0 -999.0 -999.0 -999.0 -999 -999 "" "" "" "" 0 0 0.0 0.0 -999 ""
FIBERMAP 127 R-1C2 APOGEE 0 0 0 1 0 0 -269.8541681440729 -20.13539443347176 143.1 40.69344933109394 -267.5144544952783 176.08519 125.25015 -999.0 -999.0 -999.0 -999.0 -999.0 175.5850264513345 -8.70376309388442 175.58244965345227 -8.857275900519692 65.20436972906502 38.663909808728704 -999.0 16600.0 -999.0 2 -999 {-999.0 -999.0 -999.0 -999.0 -999.0} "" -999.0 -999.0 -999.0 -999.0 -999 -999 "" "" "" "" 0 0 0.0 0.0 -999 ""
FIBERMAP 127 R-1C2 BOSS 1 1 0 1 0 0 -270.23228968761254 -19.50502939745254 143.1 40.093845947227855 -267.93961544890567 176.08519 125.25015 175.58325145071146 -8.70495189608075 1.1791204 -0.060196847 -0.29499382 175.58324593742452 -8.704951337813705 175.58061297570976 -8.858546037090035 65.2064314723999 38.66197867843442 5400.0 5400.0 2016.0 1 512 {-999.0 20.027979 19.784124 19.566708 19.3916} sdss_psfmag_from_gaiadr2 19.887339 19.813637 19.092567 -999.0 63050395164240184 1130006892 dark_flexible_3x1 bhm_gua_dark_d3 bhm_filler science 0 0 0.0 0.0 -999 ""
FIBERMAP 127 R-1C2 METROLOGY 0 0 0 1 0 0 -269.4943761404572 -19.47961403506825 143.1 40.012126761656184 -267.20583486413045 176.08519 125.25015 -999.0 -999.0 -999.0 -999.0 -999.0 175.58298987332563 -8.702827062939416 175.58037300542503 -8.856398653994773 65.20477324429868 38.658676458252216 -999.0 6231.0 -999.0 -1 -999 {-999.0 -999.0 -999.0 -999.0 -999.0} "" -999.0 -999.0 -999.0 -999.0 -999 -999 "" "" "" "" 0 0 0.0 0.0 -999 ""
FIBERMAP 133 R-7C18 APOGEE 0 0 0 1 0 0 160.20645601360076 -132.42184194457383 143.1 119.78827445014235 169.8482567946578 108.282715 155.40273 -999.0 -999.0 -999.0 -999.0 -999.0 175.8261473391141 -7.380101345353728 175.8239036227884 -7.533885989713941 63.96428316570767 37.45136702145652 -999.0 16600.0 -999.0 2 222 {-999.0 -999.0 -999.0 -999.0 -999.0} "" -999.0 -999.0 -999.0 -999.0 -999 -999 "" "" "" "" 0 0 0.0 0.0 -999 ""
FIBERMAP 133 R-7C18 BOSS 1 1 0 1 0 0 160.29535017294077 -131.66831463799943 143.1 119.03019280387375 169.8793147556744 108.282715 155.40273 175.82391664290856 -7.379877511726877 -999.0 -999.0 -999.0 175.82392170106036 -7.379874046674996 175.82162090161455 -7.533746585106579 63.96537931526019 37.446845213522806 5400.0 5400.0 2016.0 1 320 {-999.0 21.263138 20.439392 20.0512 19.82626} sdss_fiber2mag_from_lsdr10 20.562092 20.771738 19.149141 -999.0 63050395164332634 1131662870 dark_flexible_3x1 bhm_spiders_agn_lsdr10_d3 bhm_spiders science 0 0 0.0 0.0 -999 ""
FIBERMAP 133 R-7C18 METROLOGY 0 0 0 1 0 0 160.8893593084983 -132.11395056958497 143.1 119.4291210110395 170.5056082734896 108.282715 155.40273 -999.0 -999.0 -999.0 -999.0 -999.0 175.82513284206738 -7.377985368948447 175.82284872908474 -7.531833463269746 63.96311178673024 37.44684810561199 -999.0 6231.0 -999.0 -1 -999 {-999.0 -999.0 -999.0 -999.0 -999.0} "" -999.0 -999.0 -999.0 -999.0 -999 -999 "" "" "" "" 0 0 0.0 0.0 -999 ""
FIBERMAP 135 R-9C8 APOGEE 1 1 0 1 0 0 -17.692591294351224 -171.01724798862406 143.1 171.8612136914641 -4.573713005544298 35.991714 91.68645 175.98646817408593 -7.9082022508089596 -18.040321 -24.693066 2.76666 175.9863991967089 -7.908272636426307 175.9840868738446 -8.062009911796665 64.3218022266974 38.41409787844191 16000.0 16600.0 2016.0 2 189 {-999.0 12.151201 11.685863 11.533025 -999.0} sdss_psfmag_gaia 12.062462 11.717266 11.203851 10.31 63050395164330253 975464360 "" ops_std_apogee ops_std standard_apogee 0 0 0.0 0.0 -999 ""
FIBERMAP 135 R-9C8 BOSS 0 0 0 1 0 0 -17.224819362914868 -171.57826117040065 143.1 172.38482153502568 -4.064466603905766 35.991714 91.68645 -999.0 -999.0 -999.0 -999.0 -999.0 175.98811586639374 -7.906641424565589 175.98574711928143 -8.060465550171207 64.31960908335672 38.415313279809425 -999.0 5400.0 -999.0 1 386 {-999.0 -999.0 -999.0 -999.0 -999.0} "" -999.0 -999.0 -999.0 -999.0 -999 -999 "" "" "" "" 0 0 0.0 0.0 -999 ""
FIBERMAP 135 R-9C8 METROLOGY 0 0 0 1 0 0 -17.973387024917564 -171.70776351755597 143.1 172.5711326462468 -4.800917041672979 35.991714 91.68645 -999.0 -999.0 -999.0 -999.0 -999.0 175.98869284216818 -7.908898440588738 175.9863399849013 -8.062697906531621 64.32115305098009 38.41927289609504 -999.0 6231.0 -999.0 -1 -999 {-999.0 -999.0 -999.0 -999.0 -999.0} "" -999.0 -999.0 -999.0 -999.0 -999 -999 "" "" "" "" 0 0 0.0 0.0 -999 ""
FIBERMAP 137 R-11C13 APOGEE 0 0 0 1 0 0 109.47762579387583 -203.80255631286607 143.1 194.8329012577278 124.72380641213816 47.853912 119.478836 -999.0 -999.0 -999.0 -999.0 -999.0 176.05522760104003 -7.516708655984323 176.05300598017357 -7.670525327055979 63.95660963559625 38.054834960499306 -999.0 16600.0 -999.0 2 184 {-999.0 -999.0 -999.0 -999.0 -999.0} "" -999.0 -999.0 -999.0 -999.0 -999 -999 "" "" "" "" 0 0 0.0 0.0 -999 ""
FIBERMAP 137 R-11C13 BOSS 1 1 0 1 0 0 110.15245203830005 -204.08396903308827 143.1 195.06191917009562 125.4181298099144 47.853912 119.478836 176.05598800951063 -7.514457331447541 5.590674 -15.272512 1.8867906 176.0560011639403 -7.5145046663648305 176.05372262303194 -7.668409804392162 63.954448101824255 38.0535717164841 5400.0 5400.0 2016.0 1 377 {-999.0 -999.0 -999.0 -999.0 -999.0} "" -999.0 17.50927 -999.0 13.137 63050395164332225 1095250328 bright_1x1 mwm_bin_vis_boss mwm_filler science 0 0 0.0 0.0 -999 ""
FIBERMAP 137 R-11C13 METROLOGY 0 0 0 1 0 0 109.55315236796424 -204.53866338396932 143.1 195.56105205090233 124.85534998948543 47.853912 119.478836 -999.0 -999.0 -999.0 -999.0 -999.0 176.05754172261547 -7.516211897555726 176.05527948253507 -7.670092191968875 63.955020606978586 38.05860454780867 -999.0 6231.0 -999.0 -1 -999 {-999.0 -999.0 -999.0 -999.0 -999.0} "" -999.0 -999.0 -999.0 -999.0 -999 -999 "" "" "" "" 0 0 0.0 0.0 -999 ""
FIBERMAP 139 R+9C14 APOGEE 0 0 0 1 0 0 93.42816298175195 187.99708607437216 143.1 -194.57710676372378 78.78707635547359 134.36052 101.09182 -999.0 -999.0 -999.0 -999.0 -999.0 174.86562884359742 -7.655950659603485 174.8631147852252 -7.809438952606826 64.70042897587902 35.91860098081179 -999.0 16600.0 -999.0 2 95 {-999.0 -999.0 -999.0 -999.0 -999.0} "" -999.0 -999.0 -999.0 -999.0 -999 -999 "" "" "" "" 0 0 0.0 0.0 -999 ""
FIBERMAP 139 R+9C14 BOSS 1 1 0 1 0 0 93.91242601821843 188.5325780310476 143.1 -195.14800811353768 79.22898789572378 134.36052 101.09182 174.86389160156247 -7.65449289397236 -999.0 -999.0 -999.0 174.8639024026082 -7.654508753654984 174.86133534713565 -7.8080834995257025 64.70018216226389 35.913429514661516 5400.0 5400.0 2015.5 1 169 {-999.0 -999.0 -999.0 -999.0 -999.0} "" -999.0 -999.0 -999.0 -999.0 27021603139066900 820037092 "" ops_sky_boss_good ops_sky sky_boss 0 0 0.0 0.0 -999 ""
FIBERMAP 139 R+9C14 METROLOGY 0 0 0 1 0 0 94.14744722254645 187.82243248566766 143.1 -194.45792772920788 79.51756894987444 134.36052 101.09182 -999.0 -999.0 -999.0 -999.0 -999.0 174.86596061074232 -7.653646495019835 174.86340923367857 -7.807197391956653 64.69836025581562 35.91646910717151 -999.0 6231.0 -999.0 -1 -999 {-999.0 -999.0 -999.0 -999.0 -999.0} "" -999.0 -999.0 -999.0 -999.0 -999 -999 "" "" "" "" 0 0 0.0 0.0 -999 ""
FIBERMAP 141 R-12C15 APOGEE 0 0 0 1 0 0 154.3047310186829 -249.34824841608594 143.1 236.81839690403163 172.89766078968105 286.15167 88.31905 -999.0 -999.0 -999.0 -999.0 -999.0 176.1817765084444 -7.371641830546126 176.17960885563048 -7.525511095428948 63.766657297175364 38.114690239633944 -999.0 16600.0 -999.0 2 234 {-999.0 -999.0 -999.0 -999.0 -999.0} "" -999.0 -999.0 -999.0 -999.0 -999 -999 "" "" "" "" 0 0 0.0 0.0 -999 ""
FIBERMAP 141 R-12C15 BOSS 1 1 0 1 0 0 153.60599210804193 -249.53344731506564 143.1 237.05643208495965 172.21514656347262 286.15167 88.31905 176.18253521196897 -7.373645367804535 -0.0749146 0.14889717 0.07201448 176.18253609195102 -7.3736339696909505 176.18031020545936 -7.527591695785947 63.76802387117044 38.11857255292682 5400.0 5400.0 2016.0 1 344 {-999.0 19.38896 18.886698 18.72336 18.611244} sdss_psfmag_from_lsdr10 19.277668 18.93163 18.37524 -999.0 63050395164334673 1131664813 dark_flexible_3x1 bhm_spiders_agn_lsdr10_d3 bhm_spiders science 0 0 0.0 0.0 -999 ""
FIBERMAP 141 R-12C15 METROLOGY 0 0 0 1 0 0 153.75589607987763 -248.83034521547572 143.1 236.34396454219655 172.31088584650956 286.15167 88.31905 -999.0 -999.0 -999.0 -999.0 -999.0 176.18041204852207 -7.373327874120896 176.17820222455396 -7.527260056912845 63.76888355728846 38.11419821714122 -999.0 6231.0 -999.0 -1 -999 {-999.0 -999.0 -999.0 -999.0 -999.0} "" -999.0 -999.0 -999.0 -999.0 -999 -999 "" "" "" "" 0 0 0.0 0.0 -999 ""
FIBERMAP 143 R-8C14 APOGEE 0 0 0 1 0 0 106.4211588834982 -143.2174627042686 143.1 134.66123224083296 117.04749279406519 92.594734 47.35791 -999.0 -999.0 -999.0 -999.0 -999.0 175.87204038668207 -7.53975782248662 175.8697746166623 -7.693527589961653 64.07435826581815 37.73498176507621 -999.0 16600.0 -999.0 2 -999 {-999.0 -999.0 -999.0 -999.0 -999.0} "" -999.0 -999.0 -999.0 -999.0 -999 -999 "" "" "" "" 0 0 0.0 0.0 -999 ""
FIBERMAP 143 R-8C14 BOSS 1 1 0 1 0 0 107.00865879434119 -143.7058593285869 143.1 135.1032914971057 117.67056348857668 92.594734 47.35791 175.8734769978257 -7.537744855307173 -999.0 -999.0 -999.0 175.87348772333843 -7.537744098337803 175.8711658613148 -7.691602270247223 64.07199327256559 37.73525758867743 5400.0 5400.0 2016.0 1 273 {-999.0 21.195543 19.916569 19.389103 19.013695} sdss_fiber2mag_from_lsdr10 19.5445 21.269665 17.95978 15.596 63050395164332287 1128420002 dark_flexible_3x1 bhm_spiders_clusters_lsdr10_d3 bhm_spiders science 0 0 0.0 0.0 -999 ""
FIBERMAP 143 R-8C14 METROLOGY 0 0 0 1 0 0 106.29500718739199 -143.9547441745129 143.1 135.405962902532 116.97804668632388 92.594734 47.35791 -999.0 -999.0 -999.0 -999.0 -999.0 175.87441930491866 -7.539850430176042 175.87211332330105 -7.693683615216105 64.07323785270466 37.73963585970898 -999.0 6231.0 -999.0 -1 -999 {-999.0 -999.0 -999.0 -999.0 -999.0} "" -999.0 -999.0 -999.0 -999.0 -999 -999 "" "" "" "" 0 0 0.0 0.0 -999 ""
FIBERMAP 145 R-10C1 APOGEE 0 0 0 1 0 0 -182.0247020899813 -214.40973340294747 143.1 227.68042450407927 -165.10251711333143 318.13586 48.384544 -999.0 -999.0 -999.0 -999.0 -999.0 176.15615701989137 -8.393190171044225 176.153793880919 -8.54688863807957 64.63204280154193 39.36272129056573 -999.0 16600.0 -999.0 2 259 {-999.0 -999.0 -999.0 -999.0 -999.0} "" -999.0 -999.0 -999.0 -999.0 -999 -999 "" "" "" "" 0 0 0.0 0.0 -999 ""
FIBERMAP 145 R-10C1 BOSS 1 1 0 1 0 0 -182.75136828454293 -214.48015470908288 143.1 227.80615665542896 -165.82164512450984 318.13586 48.384544 176.15660338926673 -8.395237127669935 -5.735818 -4.2939386 1.0048208 176.15657243203216 -8.395257008342703 176.15415135400906 -8.549039397409661 64.63362514899761 39.366220140832866 5400.0 5400.0 2016.0 1 353 {-999.0 19.836515 18.422495 17.826294 -999.0} sdss_psfmag_ps1 19.294611 18.400045 17.358103 15.428 63050395164250636 1096544018 bright_1x1 mwm_bin_vis_boss mwm_filler science 0 0 0.0 0.0 -999 ""
FIBERMAP 145 R-10C1 METROLOGY 0 0 0 1 0 0 -182.4426232903266 -213.79458269557 143.1 227.0990311111098 -165.566197113704 318.13586 48.384544 -999.0 -999.0 -999.0 -999.0 -999.0 176.15445754545277 -8.394558547617855 176.152052400505 -8.548316721301958 64.63419099202001 39.36126273287732 -999.0 6231.0 -999.0 -1 -999 {-999.0 -999.0 -999.0 -999.0 -999.0} "" -999.0 -999.0 -999.0 -999.0 -999 -999 "" "" "" "" 0 0 0.0 0.0 -999 ""
FIBERMAP 149 R-10C17 APOGEE 0 0 0 1 0 0 177.172685975627 -212.4814851334009 143.1 198.31390925832915 192.88095700991963 303.26178 71.298515 -999.0 -999.0 -999.0 -999.0 -999.0 176.06470271406124 -7.311146135982552 176.06252205069256 -7.464998452795995 63.778820106852564 37.81974625528909 -999.0 16600.0 -999.0 2 191 {-999.0 -999.0 -999.0 -999.0 -999.0} "" -999.0 -999.0 -999.0 -999.0 -999 -999 "" "" "" "" 0 0 0.0 0.0 -999 ""
FIBERMAP 149 R-10C17 BOSS 1 1 0 1 0 0 176.43373079046142 -212.7118733610588 143.1 198.60007225454166 192.161798555844 303.26178 71.298515 176.06563464564485 -7.313232750405341 -0.850804 1.1235284 1.4664592 176.06563110251452 -7.31323478687816 176.06339263715108 -7.467175793610702 63.780184697072876 37.824054812453085 5400.0 5400.0 2016.0 1 264 {-999.0 20.955217 20.82498 20.700972 20.6469} sdss_psfmag_from_gaiadr2 20.465727 20.816372 20.036081 -999.0 63050395164334768 1130008442 dark_flexible_3x1 bhm_gua_dark_d3 bhm_filler science 0 0 0.0 0.0 -999 ""
FIBERMAP 149 R-10C17 METROLOGY 0 0 0 1 0 0 176.6034285908801 -211.99959755448924 143.1 197.87694592408445 192.276571987604 303.26178 71.298515 -999.0 -999.0 -999.0 -999.0 -999.0 176.0634582060747 -7.312870157022644 176.06123569024385 -7.466785550940759 63.781013092668545 37.819505455176056 -999.0 6231.0 -999.0 -1 -999 {-999.0 -999.0 -999.0 -999.0 -999.0} "" -999.0 -999.0 -999.0 -999.0 -999 -999 "" "" "" "" 0 0 0.0 0.0 -999 ""
FIBERMAP 152 R+6C16 APOGEE 0 0 0 1 0 0 129.2201844040905 102.79659705295796 143.1 -112.36425042002709 120.98244675640682 34.21317 24.438591 -999.0 -999.0 -999.0 -999.0 -999.0 175.1166313160681 -7.527985475064939 175.11420357480642 -7.681563957779478 64.46185295642383 36.258889739085134 -999.0 16600.0 -999.0 2 -999 {-999.0 -999.0 -999.0 -999.0 -999.0} "" -999.0 -999.0 -999.0 -999.0 -999 -999 "" "" "" "" 0 0 0.0 0.0 -999 ""
FIBERMAP 152 R+6C16 BOSS 1 1 0 1 0 0 128.83928453570172 102.17823726099671 143.1 -111.71862462355334 120.64992286643933 34.21317 24.438591 175.1186066352831 -7.528841322446212 -999.0 -999.0 -999.0 175.11860999088665 -7.528854606160995 175.11612852367784 -7.682520869069011 64.46167355627863 36.263822702615755 5400.0 5400.0 2016.0 1 223 {-999.0 23.69273 22.644588 22.15078 21.775568} sdss_fiber2mag_from_lsdr10 nan nan nan -999.0 63050397591133025 1131662858 dark_flexible_3x1 bhm_spiders_agn_lsdr10_d3 bhm_spiders science 0 0 0.0 0.0 -999 ""
FIBERMAP 152 R+6C16 METROLOGY 0 0 0 1 0 0 128.4724624860922 102.81684921681854 143.1 -112.3273137617088 120.23539775960185 34.21317 24.438591 -999.0 -999.0 -999.0 -999.0 -999.0 175.11671914011345 -7.5301216971260985 175.11425225908886 -7.683762473597245 64.46370312166506 36.26164680904395 -999.0 6231.0 -999.0 -1 -999 {-999.0 -999.0 -999.0 -999.0 -999.0} "" -999.0 -999.0 -999.0 -999.0 -999 -999 "" "" "" "" 0 0 0.0 0.0 -999 ""
FIBERMAP 154 R-11C7 APOGEE 0 0 0 1 0 0 -24.142122755750854 -223.37884598804223 143.1 224.56009867495231 -7.0034760713445605 317.4762 112.10301 -999.0 -999.0 -999.0 -999.0 -999.0 176.14686474049734 -7.9153399787919385 176.14458867787835 -8.069113142155901 64.24022044967074 38.72878313437349 -999.0 16600.0 -999.0 2 172 {-999.0 -999.0 -999.0 -999.0 -999.0} "" -999.0 -999.0 -999.0 -999.0 -999 -999 "" "" "" "" 0 0 0.0 0.0 -999 ""
FIBERMAP 154 R-11C7 BOSS 1 1 0 1 0 0 -24.39859006895374 -224.0780258160152 143.1 225.27679742133378 -7.205761946001202 317.4762 112.10301 176.1492402724957 -7.915864854579375 -32.091934 -3.6417575 0.64230734 176.14914157108592 -7.915862879267154 176.14680819309694 -8.06972270659423 64.23951410536944 38.733772426965515 5400.0 5400.0 2016.0 1 414 {-999.0 17.16321 16.534895 16.069366 -999.0} sdss_psfmag_ps1 16.971933 16.434326 15.747183 14.297 63050395164330276 1136357143 dark_flexible_3x1 mwm_halo_local_high_boss_triple mwm_halo science 0 0 0.0 0.0 -999 ""
FIBERMAP 154 R-11C7 METROLOGY 0 0 0 1 0 0 -24.875313541424482 -223.5138997558928 143.1 224.75076987313977 -7.724171143544514 317.4762 112.10301 -999.0 -999.0 -999.0 -999.0 -999.0 176.14756536033013 -7.917461591793619 176.1452476853524 -8.071296360357849 64.24167947523142 38.732810544592894 -999.0 6231.0 -999.0 -1 -999 {-999.0 -999.0 -999.0 -999.0 -999.0} "" -999.0 -999.0 -999.0 -999.0 -999 -999 "" "" "" "" 0 0 0.0 0.0 -999 ""
FIBERMAP 156 R-6C19 APOGEE 0 0 0 1 0 0 187.543648043777 -116.85912266879863 143.1 102.18310525521223 195.91522607391255 298.4065 161.66788 -999.0 -999.0 -999.0 -999.0 -999.0 175.77219523056957 -7.3013906236900095 175.76995615345584 -7.4551749645406264 63.926412707382575 37.252599007298215 -999.0 16600.0 -999.0 2 223 {-999.0 -999.0 -999.0 -999.0 -999.0} "" -999.0 -999.0 -999.0 -999.0 -999 -999 "" "" "" "" 0 0 0.0 0.0 -999 ""
FIBERMAP 156 R-6C19 BOSS 1 1 0 1 0 0 187.70751928914748 -117.56415360736742 143.1 102.8735223366598 196.1324776647733 298.4065 161.66788 175.77438354492185 -7.3006115310827795 -999.0 -999.0 -999.0 175.77437462272027 -7.300612044604352 175.77207965752393 -7.454485760100223 63.924705823070525 37.2558124073513 5400.0 5400.0 2015.5 1 321 {-999.0 -999.0 -999.0 -999.0 -999.0} "" -999.0 -999.0 -999.0 -999.0 27021603139070799 811638470 "" ops_sky_boss_good ops_sky sky_boss 0 0 0.0 0.0 -999 ""
FIBERMAP 156 R-6C19 METROLOGY 0 0 0 1 0 0 186.9777672018939 -117.3455245835844 143.1 102.71129822796415 195.38818842289794 298.4065 161.66788 -999.0 -999.0 -999.0 -999.0 -999.0 175.77388767572907 -7.302849678971067 175.7716081686068 -7.456697763068748 63.92682576221789 37.25760004888173 -999.0 6231.0 -999.0 -1 -999 {-999.0 -999.0 -999.0 -999.0 -999.0} "" -999.0 -999.0 -999.0 -999.0 -999 -999 "" "" "" "" 0 0 0.0 0.0 -999 ""
FIBERMAP 161 R-11C9 APOGEE 0 0 0 1 0 0 22.331639738405652 -229.41408354907034 143.1 227.02665017263774 39.79340298156554 350.5892 62.68917 -999.0 -999.0 -999.0 -999.0 -999.0 176.15402884804917 -7.773647928124853 176.1517808377564 -7.927445615783968 64.11811571609053 38.563050115389956 -999.0 16600.0 -999.0 2 174 {-999.0 -999.0 -999.0 -999.0 -999.0} "" -999.0 -999.0 -999.0 -999.0 -999 -999 "" "" "" "" 0 0 0.0 0.0 -999 ""
FIBERMAP 161 R-11C9 BOSS 1 1 0 1 0 0 21.898129804220726 -229.99067728119547 143.1 227.63465352923845 39.4052341648252 350.5892 62.68917 176.15595886704725 -7.774723668581984 -999.0 -999.0 -999.0 176.15597172635668 -7.7747283225702555 176.15366614289542 -7.928613125113283 64.1180626557646 38.568093654604354 5400.0 5400.0 2016.0 1 416 {-999.0 21.43277 20.389935 19.919619 19.56939} sdss_fiber2mag_from_lsdr10 20.338469 20.921556 18.877161 -999.0 63050395164330494 1131660784 dark_flexible_3x1 bhm_spiders_agn_lsdr10_d3 bhm_spiders science 0 0 0.0 0.0 -999 ""
FIBERMAP 161 R-11C9 METROLOGY 0 0 0 1 0 0 21.591676286234023 -229.33872080144883 143.1 227.0080471155903 39.049878762930966 350.5892 62.68917 -999.0 -999.0 -999.0 -999.0 -999.0 176.15409291998054 -7.775823780569971 176.15180309439506 -7.929683363034988 64.11997186463587 38.565913979232164 -999.0 6231.0 -999.0 -1 -999 {-999.0 -999.0 -999.0 -999.0 -999.0} "" -999.0 -999.0 -999.0 -999.0 -999 -999 "" "" "" "" 0 0 0.0 0.0 -999 ""
FIBERMAP 163 R+5C6 APOGEE 0 0 0 1 0 0 -104.44724209890984 88.82990807299133 143.1 -80.58598865162293 -110.92402943202744 31.185503 48.698017 -999.0 -999.0 -999.0 -999.0 -999.0 175.21343332403188 -8.231365047101638 175.21086465249493 -8.384856818740188 65.00811822067918 37.32076463975534 -999.0 16600.0 -999.0 2 -999 {-999.0 -999.0 -999.0 -999.0 -999.0} "" -999.0 -999.0 -999.0 -999.0 -999 -999 "" "" "" "" 0 0 0.0 0.0 -999 ""
FIBERMAP 163 R+5C6 BOSS 1 1 0 1 0 0 -104.57016898080059 88.10271885204376 143.1 -79.85156665921939 -110.99103138592378 31.185503 48.698017 175.2157064281843 -8.231545149425846 1.0351083 1.294685 -4.8399944 175.21569857498469 -8.231539496132836 175.21307628365378 -8.385116225739955 65.00716460238705 37.32546586166785 5400.0 5400.0 2016.0 1 51 {-999.0 21.132153 20.950369 20.795362 20.684906} sdss_psfmag_from_gaiadr2 20.896421 20.949839 20.27544 -999.0 63050395164321358 1130008217 dark_flexible_3x1 bhm_gua_dark_d3 bhm_filler science 0 0 0.0 0.0 -999 ""
FIBERMAP 163 R+5C6 METROLOGY 0 0 0 1 0 0 -105.1446312978188 88.5594519359909 143.1 -80.26305251557703 -111.59868398985006 31.185503 48.698017 -999.0 -999.0 -999.0 -999.0 -999.0 175.21441529092075 -8.233414602290013 175.21180759264894 -8.386966771359402 65.00939961111499 37.32530539091357 -999.0 6231.0 -999.0 -1 -999 {-999.0 -999.0 -999.0 -999.0 -999.0} "" -999.0 -999.0 -999.0 -999.0 -999 -999 "" "" "" "" 0 0 0.0 0.0 -999 ""
FIBERMAP 165 R-3C3 APOGEE 1 1 0 1 0 0 -221.88530450414916 -78.33334583759282 143.1 95.0535932617472 -215.24149190388877 321.94104 19.025705 175.75188429346466 -8.544832638792847 8.755843 -2.4921086 2.7475538 175.75146760359647 -8.546252640283065 175.74896874734532 -8.699831591765335 64.98215217949033 38.782417337936465 16000.0 16600.0 2016.0 2 241 {-999.0 11.119631 10.737807 10.627876 -999.0} sdss_psfmag_from_g3xp 11.057649 10.760713 10.300156 9.549 63050395164240405 974986302 "" ops_std_apogee ops_std standard_apogee 0 0 0.0 0.0 -999 ""
FIBERMAP 165 R-3C3 BOSS 0 0 0 1 0 0 -222.5677872493272 -78.01424639633436 143.1 94.78758551866214 -215.9463284706238 321.94104 19.025705 -999.0 -999.0 -999.0 -999.0 -999.0 175.75071987239616 -8.548322600201105 175.7481643010243 -8.701984326439227 64.98438481788403 38.78367290643797 -999.0 5400.0 -999.0 1 498 {-999.0 -999.0 -999.0 -999.0 -999.0} "" -999.0 -999.0 -999.0 -999.0 -999 -999 "" "" "" "" 0 0 0.0 0.0 -999 ""
FIBERMAP 165 R-3C3 METROLOGY 0 0 0 1 0 0 -221.95525502694238 -77.59533313111709 143.1 94.32311646104108 -215.3676215847854 321.94104 19.025705 -999.0 -999.0 -999.0 -999.0 -999.0 175.74930225845935 -8.546644670280743 175.7467625572832 -8.700282720400871 64.98373610523674 38.778715550846584 -999.0 6231.0 -999.0 -1 -999 {-999.0 -999.0 -999.0 -999.0 -999.0} "" -999.0 -999.0 -999.0 -999.0 -999 -999 "" "" "" "" 0 0 0.0 0.0 -999 ""
FIBERMAP 166 R-4C1 APOGEE 0 0 0 1 0 0 -267.2536464664503 -70.08915000433531 143.1 90.30018453186075 -261.10500530542737 235.02887 20.057562 -999.0 -999.0 -999.0 -999.0 -999.0 175.73670426476488 -8.684123278019793 175.7341728690243 -8.837676707456012 65.10492351070926 38.934956937953075 -999.0 16600.0 -999.0 2 272 {-999.0 -999.0 -999.0 -999.0 -999.0} "" -999.0 -999.0 -999.0 -999.0 -999 -999 "" "" "" "" 0 0 0.0 0.0 -999 ""
FIBERMAP 166 R-4C1 BOSS 1 1 0 1 0 0 -267.1050998997985 -69.36684087982869 143.1 89.5686707075943 -261.01208688381064 235.02887 20.057562 175.73455810546875 -8.683759854891065 -999.0 -999.0 -999.0 175.73452101312358 -8.683756593119094 175.73193310405418 -8.837392243545816 65.10591791486968 38.930211591158695 5400.0 5400.0 2015.5 1 444 {-999.0 -999.0 -999.0 -999.0 -999.0} "" -999.0 -999.0 -999.0 -999.0 27021603139008929 811629392 "" ops_sky_boss_good ops_sky sky_boss 0 0 0.0 0.0 -999 ""
FIBERMAP 166 R-4C1 METROLOGY 0 0 0 1 0 0 -266.5429162508279 -69.86144274226254 143.1 90.01885103124698 -260.4137831750481 235.02887 20.057562 -999.0 -999.0 -999.0 -999.0 -999.0 175.7359020453018 -8.682032060180129 175.73333073445588 -8.835644892295525 65.10369766595515 38.930629890477405 -999.0 6231.0 -999.0 -1 -999 {-999.0 -999.0 -999.0 -999.0 -999.0} "" -999.0 -999.0 -999.0 -999.0 -999 -999 "" "" "" "" 0 0 0.0 0.0 -999 ""
FIBERMAP 168 R+5C2 APOGEE 0 0 0 1 0 0 -227.74640422033946 108.5709768559444 143.1 -90.84793254696922 -235.36536091068106 183.12659 68.72352 -999.0 -999.0 -999.0 -999.0 -999.0 175.1825333062821 -8.6069761696349 175.17986928149503 -8.760399984852247 65.34101477008149 37.74115529352747 -999.0 16600.0 -999.0 2 -999 {-999.0 -999.0 -999.0 -999.0 -999.0} "" -999.0 -999.0 -999.0 -999.0 -999 -999 "" "" "" "" 0 0 0.0 0.0 -999 ""
FIBERMAP 168 R+5C2 BOSS 1 1 0 1 0 0 -227.50672809360577 109.30366888118101 143.1 -91.59676107262767 -235.18237681760144 183.12659 68.72352 175.1802945952065 -8.606348353979053 -999.0 -999.0 -999.0 175.1802914126231 -8.60635065608484 175.17757300068251 -8.759856718346775 65.34178711625052 37.73587715470097 5400.0 5400.0 2016.0 1 73 {-999.0 21.79218 21.035162 20.561968 20.197393} sdss_fiber2mag_from_lsdr10 nan nan nan -999.0 63050399021051602 1131654714 dark_flexible_3x1 bhm_spiders_agn_lsdr10_d3 bhm_spiders science 0 0 0.0 0.0 -999 ""
FIBERMAP 168 R+5C2 METROLOGY 0 0 0 1 0 0 -227.0164573327082 108.73430400627021 143.1 -91.06654532793314 -234.65006029390915 183.12659 68.72352 -999.0 -999.0 -999.0 -999.0 -999.0 175.18187713667487 -8.604820837171237 175.17917478739218 -8.758304121807116 65.33962457981534 37.737051874004464 -999.0 6231.0 -999.0 -1 -999 {-999.0 -999.0 -999.0 -999.0 -999.0} "" -999.0 -999.0 -999.0 -999.0 -999 -999 "" "" "" "" 0 0 0.0 0.0 -999 ""
FIBERMAP 172 R-5C1 APOGEE 0 0 0 1 0 0 -224.5242661431112 -109.9105344701015 143.1 126.7386439544606 -215.46000493036297 336.79327 87.73157 -999.0 -999.0 -999.0 -999.0 -999.0 175.84829240460658 -8.546535323862159 175.84581912421265 -8.700137610609247 64.92924869392304 38.97090802491181 -999.0 16600.0 -999.0 2 273 {-999.0 -999.0 -999.0 -999.0 -999.0} "" -999.0 -999.0 -999.0 -999.0 -999 -999 "" "" "" "" 0 0 0.0 0.0 -999 ""
FIBERMAP 172 R-5C1 BOSS 1 1 0 1 0 0 -224.8461077904369 -110.57974942323946 143.1 127.43046164065544 -215.72976044468132 336.79327 87.73157 175.8504653396981 -8.54726724325556 1.429999 -0.15681624 0.25637 175.85046861263575 -8.547269023634131 175.84793929442878 -8.700955056948901 64.9287617825393 38.976090963793865 5400.0 5400.0 2016.0 1 445 {-999.0 20.544645 20.400055 20.271605 20.201723} sdss_psfmag_from_gaiadr2 20.553198 20.390593 20.062685 -999.0 63050395164240363 1130006897 dark_flexible_3x1 bhm_gua_dark_d3 bhm_filler science 0 0 0.0 0.0 -999 ""
FIBERMAP 172 R-5C1 METROLOGY 0 0 0 1 0 0 -225.27473313936133 -109.98431583523981 143.1 126.86954465576322 -216.20260634914146 336.79327 87.73157 -999.0 -999.0 -999.0 -999.0 -999.0 175.8487591980064 -8.548760925033028 175.8462451322829 -8.702422687850072 64.93091307066013 38.97473444162375 -999.0 6231.0 -999.0 -1 -999 {-999.0 -999.0 -999.0 -999.0 -999.0} "" -999.0 -999.0 -999.0 -999.0 -999 -999 "" "" "" "" 0 0 0.0 0.0 -999 ""
FIBERMAP 173 R-1C17 APOGEE 0 0 0 1 0 0 73.52837358004945 -6.229466999656525 143.1 0.593133076232832 73.78599491867085 118.73316 109.76886 -999.0 -999.0 -999.0 -999.0 -999.0 175.4621356374923 -7.670852588026349 175.45975204069873 -7.824499396769429 64.40279014643312 37.10763522005021 -999.0 16600.0 -999.0 2 -999 {-999.0 -999.0 -999.0 -999.0 -999.0} "" -999.0 -999.0 -999.0 -999.0 -999 -999 "" "" "" "" 0 0 0.0 0.0 -999 ""
FIBERMAP 173 R-1C17 BOSS 1 1 0 1 0 0 74.00418010098926 -5.680152629922043 143.1 0.009096465850856982 74.21841897103609 118.73316 109.76886 175.46027336938153 -7.669196049852425 40.416183 -72.109146 1.9801966 175.4604013917455 -7.669409413726344 175.45796251305592 -7.823142952093265 64.40258610256498 37.10249008857994 5400.0 5400.0 2016.0 1 315 {-999.0 20.120192 18.582901 17.907341 -999.0} sdss_psfmag_ps1 19.502249 18.524038 17.541283 15.7 63050395164331761 1136357196 dark_flexible_3x1 mwm_halo_local_high_boss_triple mwm_halo science 0 0 0.0 0.0 -999 ""
FIBERMAP 173 R-1C17 METROLOGY 0 0 0 1 0 0 74.26108741822799 -6.3798952155529065 143.1 0.6871326016531507 74.52802632607614 118.73316 109.76886 -999.0 -999.0 -999.0 -999.0 -999.0 175.46246309126187 -7.668487376838947 175.46004051564614 -7.822196958742471 64.40068914751775 37.105357227480624 -999.0 6231.0 -999.0 -1 -999 {-999.0 -999.0 -999.0 -999.0 -999.0} "" -999.0 -999.0 -999.0 -999.0 -999 -999 "" "" "" "" 0 0 0.0 0.0 -999 ""
FIBERMAP 174 R-8C12 APOGEE 0 0 0 1 0 0 47.94660741132529 -168.07884850126408 143.1 163.91646481809505 60.64607439995019 283.69843 116.32221 -999.0 -999.0 -999.0 -999.0 -999.0 175.9617713349422 -7.710593522862131 175.95949180327943 -7.864356936650818 64.16964182923867 38.118407740584075 -999.0 16600.0 -999.0 2 -999 {-999.0 -999.0 -999.0 -999.0 -999.0} "" -999.0 -999.0 -999.0 -999.0 -999 -999 "" "" "" "" 0 0 0.0 0.0 -999 ""
FIBERMAP 174 R-8C12 BOSS 1 1 0 1 0 0 47.43955273966326 -168.58329340270976 143.1 164.45815266695868 60.17906679278569 283.69843 116.32221 175.96355866304225 -7.7118909304252234 -2.9935584 -1.935871 0.84482646 175.96354411713662 -7.711899204329316 175.96120762912346 -7.8657498437274755 64.16988345303088 38.12342075636229 5400.0 5400.0 2016.0 1 395 {-999.0 21.026377 20.52347 20.317787 20.162092} sdss_psfmag_from_lsdr10 20.969034 20.455757 19.783985 -999.0 63050395164330768 1131660781 dark_flexible_3x1 bhm_spiders_agn_lsdr10_d3 bhm_spiders science 0 0 0.0 0.0 -999 ""
FIBERMAP 174 R-8C12 METROLOGY 0 0 0 1 0 0 47.237253237260525 -167.84154095285274 143.1 163.73405917307403 59.92069539486419 283.69843 116.32221 -999.0 -999.0 -999.0 -999.0 -999.0 175.9613428620809 -7.712699785140375 175.9590219104125 -7.866525112970737 64.17171343872799 38.12022383312171 -999.0 6231.0 -999.0 -1 -999 {-999.0 -999.0 -999.0 -999.0 -999.0} "" -999.0 -999.0 -999.0 -999.0 -999 -999 "" "" "" "" 0 0 0.0 0.0 -999 ""
FIBERMAP 175 R-9C10 APOGEE 0 0 0 1 0 0 -4.8257628043522836 -187.3492039068182 143.1 187.16160134392058 9.502730248894514 273.8041 49.02574 -999.0 -999.0 -999.0 -999.0 -999.0 176.03297379661055 -7.865533975801928 176.0306805891936 -8.019289007616305 64.26076742688036 38.44893110919918 -999.0 16600.0 -999.0 2 165 {-999.0 -999.0 -999.0 -999.0 -999.0} "" -999.0 -999.0 -999.0 -999.0 -999 -999 "" "" "" "" 0 0 0.0 0.0 -999 ""
FIBERMAP 175 R-9C10 BOSS 1 1 0 1 0 0 -5.423850205602886 -186.8932103973508 143.1 186.7526579087164 8.871579218464161 273.8041 49.02574 176.03185230521794 -7.867356131166562 -999.0 -999.0 -999.0 176.03184942380906 -7.867359173130566 176.029498285788 -8.021200028374897 64.26300742452283 38.449094605301866 5400.0 5400.0 2016.0 1 398 {-999.0 22.261541 20.811079 20.19967 19.79536} sdss_fiber2mag_from_lsdr10 20.61242 21.562435 19.107973 -999.0 63050395164330596 1128418843 dark_flexible_3x1 bhm_spiders_clusters_lsdr10_d3 bhm_spiders science 0 0 0.0 0.0 -999 ""
FIBERMAP 175 R-9C10 METROLOGY 0 0 0 1 0 0 -4.727144644464431 -186.61329918868904 143.1 186.42034700900635 9.544829766471645 273.8041 49.02574 -999.0 -999.0 -999.0 -999.0 -999.0 176.0308420691562 -7.865343135986674 176.02850733015782 -8.019159609465554 64.26184097805839 38.44462595153533 -999.0 6231.0 -999.0 -1 -999 {-999.0 -999.0 -999.0 -999.0 -999.0} "" -999.0 -999.0 -999.0 -999.0 -999 -999 "" "" "" "" 0 0 0.0 0.0 -999 ""
FIBERMAP 176 R-7C19 APOGEE 0 0 0 1 0 0 175.31289412584508 -124.54619315525073 143.1 110.7818242914158 184.3081100155056 185.2187 67.588264 -999.0 -999.0 -999.0 -999.0 -999.0 175.79853285307198 -7.336428457105178 175.79629214676402 -7.490213511401032 63.942071334833614 37.34544460639688 -999.0 16600.0 -999.0 2 -999 {-999.0 -999.0 -999.0 -999.0 -999.0} "" -999.0 -999.0 -999.0 -999.0 -999 -999 "" "" "" "" 0 0 0.0 0.0 -999 ""
FIBERMAP 176 R-7C19 BOSS 1 1 0 1 0 0 175.50989992616388 -123.81739831961879 143.1 110.04014155199678 184.4488482455357 185.2187 67.588264 175.79635620117188 -7.3358693121632825 -999.0 -999.0 -999.0 175.7963506681854 -7.335871758192916 175.79405305137607 -7.489744946037664 63.942863198237404 37.340604267100446 5400.0 5400.0 2015.5 1 276 {-999.0 -999.0 -999.0 -999.0 -999.0} "" -999.0 -999.0 -999.0 -999.0 27021603139070741 820037324 "" ops_sky_boss_good ops_sky sky_boss 0 0 0.0 0.0 -999 ""
FIBERMAP 176 R-7C19 METROLOGY 0 0 0 1 0 0 176.0416571574776 -124.37766226632566 143.1 110.55811367458338 185.0218327069422 185.2187 67.588264 -999.0 -999.0 -999.0 -999.0 -999.0 175.7979246862355 -7.3341431195822775 175.79564377168458 -7.487991876304816 63.940538342536215 37.34150253842887 -999.0 6231.0 -999.0 -1 -999 {-999.0 -999.0 -999.0 -999.0 -999.0} "" -999.0 -999.0 -999.0 -999.0 -999 -999 "" "" "" "" 0 0 0.0 0.0 -999 ""
FIBERMAP 180 R-4C11 APOGEE 0 0 0 1 0 0 -24.46567675251746 -85.90506064088554 143.1 87.51924410304503 -17.829568731354346 206.69392 156.8456 -999.0 -999.0 -999.0 -999.0 -999.0 175.72862405555674 -7.948839336653513 175.72624288183874 -8.102508289738463 64.49514368831974 37.97021528120831 -999.0 16600.0 -999.0 2 -999 {-999.0 -999.0 -999.0 -999.0 -999.0} "" -999.0 -999.0 -999.0 -999.0 -999 -999 "" "" "" "" 0 0 0.0 0.0 -999 ""
FIBERMAP 180 R-4C11 BOSS 1 1 0 1 0 0 -25.20718744472289 -85.95726350937429 143.1 87.62794608781773 -18.564889116611944 206.69392 156.8456 175.72906494140625 -7.950991173040492 -999.0 -999.0 -999.0 175.72906567279793 -7.950995800423831 175.72662800735463 -8.104750371880819 64.49681853023448 37.97378858796395 5400.0 5400.0 2015.5 1 422 {-999.0 -999.0 -999.0 -999.0 -999.0} "" -999.0 -999.0 -999.0 -999.0 27021603139068812 820037194 "" ops_sky_boss_good ops_sky sky_boss 0 0 0.0 0.0 -999 ""
FIBERMAP 180 R-4C11 METROLOGY 0 0 0 1 0 0 -24.872614177709462 -85.27744599098148 143.1 86.92458457701656 -18.283249862170553 206.69392 156.8456 -999.0 -999.0 -999.0 -999.0 -999.0 175.72690313971884 -7.950169108307319 175.7244810510848 -8.103898953141524 64.49725897134118 37.9685699158141 -999.0 6231.0 -999.0 -1 -999 {-999.0 -999.0 -999.0 -999.0 -999.0} "" -999.0 -999.0 -999.0 -999.0 -999 -999 "" "" "" "" 0 0 0.0 0.0 -999 ""
FIBERMAP 182 R+7C8 APOGEE 0 0 0 1 0 0 -35.99920469299059 131.0344290450246 143.1 -127.89486903746462 -45.9038189248265 42.418102 48.279533 -999.0 -999.0 -999.0 -999.0 -999.0 175.0685646636663 -8.034046538190431 175.06600652779468 -8.18753066193007 64.91742261909866 36.785783960309004 -999.0 16600.0 -999.0 2 124 {-999.0 -999.0 -999.0 -999.0 -999.0} "" -999.0 -999.0 -999.0 -999.0 -999 -999 "" "" "" "" 0 0 0.0 0.0 -999 ""
FIBERMAP 182 R+7C8 BOSS 1 1 0 1 0 0 -35.98786970861123 130.28577857604745 143.1 -127.14930762040734 -45.835317967404634 42.418102 48.279533 175.07085741732146 -8.033774039697025 -999.0 -999.0 -999.0 175.0708364677579 -8.033778644855806 175.06822529530268 -8.187348596954374 64.91610618075867 36.789952681840646 5400.0 5400.0 2016.0 1 109 {-999.0 21.34778 21.2018 21.035383 20.87925} sdss_psfmag_from_lsdr10 nan nan nan -999.0 63050397591243811 1131658735 dark_flexible_3x1 bhm_spiders_agn_lsdr10_d3 bhm_spiders science 0 0 0.0 0.0 -999 ""
FIBERMAP 182 R+7C8 METROLOGY 0 0 0 1 0 0 -36.64136845767801 130.66215151247874 143.1 -127.47463327584701 -46.51563250639885 42.418102 48.279533 -999.0 -999.0 -999.0 -999.0 -999.0 175.06981249747759 -8.035870071122135 175.06721578745726 -8.189415267436402 64.91838855536862 36.79053205771402 -999.0 6231.0 -999.0 -1 -999 {-999.0 -999.0 -999.0 -999.0 -999.0} "" -999.0 -999.0 -999.0 -999.0 -999 -999 "" "" "" "" 0 0 0.0 0.0 -999 ""
FIBERMAP 183 R+12C1 APOGEE 0 0 0 1 0 0 -173.80105553482474 247.33348931122183 143.1 -233.32002994143585 -192.18215861495452 224.28268 6.7803288 -999.0 -999.0 -999.0 -999.0 -999.0 174.74795329616884 -8.474957829341205 174.74520582875095 -8.628282035624038 65.45932545020062 36.699352429862074 -999.0 16600.0 -999.0 2 8 {-999.0 -999.0 -999.0 -999.0 -999.0} "" -999.0 -999.0 -999.0 -999.0 -999 -999 "" "" "" "" 0 0 0.0 0.0 -999 ""
FIBERMAP 183 R+12C1 BOSS 1 1 0 1 0 0 -173.34180151526263 247.9259282499643 143.1 -233.94579839659642 -191.76953278813508 224.28268 6.7803288 174.74593666589735 -8.473498539114606 -75.23295 -29.90717 1.6117424 174.74614637940235 -8.473585204159361 174.74334645116255 -8.626992217746478 65.45920218476387 36.693953716395015 5400.0 5400.0 2016.0 1 8 {-999.0 14.264206 13.837891 13.700941 -999.0} sdss_psfmag_gaia 14.189895 13.8652725 13.372991 12.469 63050395164320530 1136478093 dark_flexible_3x1 mwm_halo_local_high_boss_triple mwm_halo science 0 0 1.4193929433822632 0.0 -999 ""
FIBERMAP 183 R+12C1 METROLOGY 0 0 0 1 0 0 -173.05910331740105 247.22457732423578 143.1 -233.26812921394557 -191.43408825199296 224.28268 6.7803288 -999.0 -999.0 -999.0 -999.0 -999.0 174.74813131904082 -8.472656302518427 174.7453469743739 -8.626040483809646 65.45734885982705 36.69678508813092 -999.0 6231.0 -999.0 -1 -999 {-999.0 -999.0 -999.0 -999.0 -999.0} "" -999.0 -999.0 -999.0 -999.0 -999 -999 "" "" "" "" 0 0 0.0 0.0 -999 ""
FIBERMAP 186 R+12C12 APOGEE 0 0 0 1 0 0 69.06115090505726 227.21476237141843 143.1 -231.8166026631173 51.496045133439274 260.2236 36.11153 -999.0 -999.0 -999.0 -999.0 -999.0 174.75220717797527 -7.738585163621351 174.74964683373696 -7.8920278772387045 64.82924166193365 35.79309626791098 -999.0 16600.0 -999.0 2 -999 {-999.0 -999.0 -999.0 -999.0 -999.0} "" -999.0 -999.0 -999.0 -999.0 -999 -999 "" "" "" "" 0 0 0.0 0.0 -999 ""
FIBERMAP 186 R+12C12 BOSS 1 1 0 1 0 0 68.748781400215 227.8905245371511 143.1 -232.4664920719346 51.13297247004809 260.2236 36.11153 174.7506307875926 -7.739572371670732 -216.997 -8.999519 15.4226 174.75025499593448 -7.7395910853633785 174.74764143534424 -7.893119360527222 64.83120202976264 35.79042151200463 5400.0 5400.0 2016.0 1 106 {-999.0 18.700804 17.20022 15.435687 -999.0} sdss_psfmag_ps1 18.061724 16.173859 14.810729 12.266 63050395164327263 1151135693 dark_1x1 mwm_snc_100pc_boss_single mwm_snc science 0 0 0.9116106629371643 0.0 -999 ""
FIBERMAP 186 R+12C12 METROLOGY 0 0 0 1 0 0 69.48078415286953 227.83396036408848 143.1 -232.46602354306168 51.86712334763048 260.2236 36.11153 -999.0 -999.0 -999.0 -999.0 -999.0 174.7502091554981 -7.73738537863957 174.74761102207594 -7.890889549072915 64.82930794273614 35.7876539912001 -999.0 6231.0 -999.0 -1 -999 {-999.0 -999.0 -999.0 -999.0 -999.0} "" -999.0 -999.0 -999.0 -999.0 -999 -999 "" "" "" "" 0 0 0.0 0.0 -999 ""
FIBERMAP 193 R+4C23 APOGEE 0 0 0 1 0 0 260.1039320259139 61.64235607102652 143.1 -81.3322079241379 254.62188690217775 8.77006 44.28978 -999.0 -999.0 -999.0 -999.0 -999.0 175.2123299514284 -7.1248244111244645 175.21001543889884 -7.278494034526094 64.06813577531088 35.963262324297546 -999.0 16600.0 -999.0 2 86 {-999.0 -999.0 -999.0 -999.0 -999.0} "" -999.0 -999.0 -999.0 -999.0 -999 -999 "" "" "" "" 0 0 0.0 0.0 -999 ""
FIBERMAP 193 R+4C23 BOSS 1 1 0 1 0 0 259.58811311136117 61.12186134376823 143.1 -80.77384828710451 254.1473673416973 8.77006 44.28978 175.21407484710454 -7.126155193815558 -999.0 -999.0 -999.0 175.2140812739146 -7.126157498508697 175.21171238410898 -7.279916566760932 64.06848126182665 35.96823971603499 5400.0 5400.0 2016.0 1 259 {-999.0 22.262123 21.468393 20.939003 20.525032} sdss_fiber2mag_from_lsdr10 nan nan nan -999.0 63050399021050113 1131664799 dark_flexible_3x1 bhm_spiders_agn_lsdr10_d3 bhm_spiders science 0 0 0.0 0.0 -999 ""
FIBERMAP 193 R+4C23 METROLOGY 0 0 0 1 0 0 259.3749632697159 61.81949579078747 143.1 -81.4531257751198 253.8815485997551 8.77006 44.28978 -999.0 -999.0 -999.0 -999.0 -999.0 175.2119795384004 -7.126937076951575 175.20962547999306 -7.280670175341061 64.07019781666513 35.96508204736847 -999.0 6231.0 -999.0 -1 -999 {-999.0 -999.0 -999.0 -999.0 -999.0} "" -999.0 -999.0 -999.0 -999.0 -999 -999 "" "" "" "" 0 0 0.0 0.0 -999 ""
FIBERMAP 197 R0C13 APOGEE 0 0 0 1 0 0 -32.47508880227267 -8.786582057238183 143.1 11.241706894917328 -31.707331390013756 223.11406 114.589424 -999.0 -999.0 -999.0 -999.0 -999.0 175.4948617518401 -7.991149850006726 175.4924159706103 -8.144753519097424 64.65591397408144 37.57000804039188 -999.0 16600.0 -999.0 2 250 {-999.0 -999.0 -999.0 -999.0 -999.0} "" -999.0 -999.0 -999.0 -999.0 -999 -999 "" "" "" "" 0 0 0.0 0.0 -999 ""
FIBERMAP 197 R0C13 BOSS 1 1 0 1 0 0 -33.13078376195287 -8.453632522391098 143.1 10.9598434995771 -32.386517911753444 223.11406 114.589424 175.4940547364874 -7.99314511692739 0.35040957 0.08341178 -0.440854 175.49406030401659 -7.9931477480281625 175.491558643134 -8.146836445130615 64.65812604603178 37.57095867503642 5400.0 5400.0 2016.0 1 518 {-999.0 19.423157 19.1803 18.963953 18.789848} sdss_psfmag_from_gaiadr2 19.453289 19.209259 18.661047 -999.0 63050395164331077 1130008386 dark_flexible_3x1 bhm_gua_dark_d3 bhm_filler science 0 0 0.0 0.0 -999 ""
FIBERMAP 197 R0C13 METROLOGY 0 0 0 1 0 0 -32.50823515558605 -8.043723474056764 143.1 10.503586633690388 -31.797136429185564 223.11406 114.589424 -999.0 -999.0 -999.0 -999.0 -999.0 175.4926456617039 -7.991385154464783 175.49015970747985 -8.14504953328562 64.65736636673383 37.56598409576759 -999.0 6231.0 -999.0 -1 -999 {-999.0 -999.0 -999.0 -999.0 -999.0} "" -999.0 -999.0 -999.0 -999.0 -999 -999 "" "" "" "" 0 0 0.0 0.0 -999 ""
FIBERMAP 213 R+3C1 APOGEE 0 0 0 1 0 0 -239.28651519434362 68.95793167200956 143.1 -50.47080638047045 -243.84462369981017 93.68839 36.28023 -999.0 -999.0 -999.0 -999.0 -999.0 175.3060660151085 -8.632736378223393 175.30342930618588 -8.786188878256459 65.2963197496253 38.02022281249879 -999.0 16600.0 -999.0 2 3 {-999.0 -999.0 -999.0 -999.0 -999.0} "" -999.0 -999.0 -999.0 -999.0 -999 -999 "" "" "" "" 0 0 0.0 0.0 -999 ""
FIBERMAP 213 R+3C1 BOSS 1 1 0 1 0 0 -238.81646257260903 68.3620158536202 143.1 -49.912573792090335 -243.330436691137 93.68839 36.28023 175.30781281121196 -8.63112166921334 -1.5011886 0.34917074 -0.38712177 175.3078224177761 -8.631130146119277 175.30513214459154 -8.784666067385341 65.2941257890341 38.02161284110889 5400.0 5400.0 2016.0 1 3 {-999.0 20.736835 20.541029 20.373058 20.247616} sdss_psfmag_from_gaiadr2 20.720594 20.546213 20.05679 -999.0 63050395164318846 1130008177 dark_flexible_3x1 bhm_gua_dark_d3 bhm_filler science 0 0 0.0 0.0 -999 ""
FIBERMAP 213 R+3C1 METROLOGY 0 0 0 1 0 0 -239.55576816061108 68.25959049772968 143.1 -49.75396692690971 -244.05972133844594 93.68839 36.28023 -999.0 -999.0 -999.0 -999.0 -999.0 175.3082864830768 -8.633387534778734 175.30561123738016 -8.786899775393852 65.2957404429705 38.025475699774915 -999.0 6231.0 -999.0 -1 -999 {-999.0 -999.0 -999.0 -999.0 -999.0} "" -999.0 -999.0 -999.0 -999.0 -999 -999 "" "" "" "" 0 0 0.0 0.0 -999 ""
FIBERMAP 216 R-9C18 APOGEE 0 0 0 1 0 0 200.78138523647914 -168.15002755028482 143.1 152.31029715532915 213.03246807841987 24.73364 125.05394 -999.0 -999.0 -999.0 -999.0 -999.0 175.92462269200027 -7.250129698081901 175.92242506240484 -7.40395910257425 63.80222968468021 37.48029214023245 -999.0 16600.0 -999.0 2 192 {-999.0 -999.0 -999.0 -999.0 -999.0} "" -999.0 -999.0 -999.0 -999.0 -999 -999 "" "" "" "" 0 0 0.0 0.0 -999 ""
FIBERMAP 216 R-9C18 BOSS 1 1 0 1 0 0 201.35605031138482 -168.66157922117216 143.1 152.77642333070204 213.64451117847415 24.73364 125.05394 175.92609791368767 -7.248187153010277 -0.10358033 0.8242075 0.30809397 175.9260893961776 -7.248200284567634 175.92383535578165 -7.402119378131497 63.79992680476629 37.480729230610166 5400.0 5400.0 2016.0 1 265 {-999.0 20.669304 20.234806 19.829916 19.487736} sdss_psfmag_from_gaiadr2 20.916912 20.374607 19.717098 -999.0 63050395164335130 1130008451 dark_flexible_3x1 bhm_gua_dark_d3 bhm_filler science 0 0 0.0 0.0 -999 ""
FIBERMAP 216 R-9C18 METROLOGY 0 0 0 1 0 0 200.6557440003547 -168.88441654520733 143.1 153.05210492951863 212.96330991923622 24.73364 125.05394 -999.0 -999.0 -999.0 -999.0 -999.0 175.9269508077695 -7.250237197127135 175.92471272050852 -7.4041309280239505 63.8011573182105 37.48483707793031 -999.0 6231.0 -999.0 -1 -999 {-999.0 -999.0 -999.0 -999.0 -999.0} "" -999.0 -999.0 -999.0 -999.0 -999 -999 "" "" "" "" 0 0 0.0 0.0 -999 ""
FIBERMAP 223 R-7C9 APOGEE 0 0 0 1 0 0 -22.558251864032414 -120.7184687572576 143.1 122.0835442181899 -13.267936127749238 94.91266 69.41581 -999.0 -999.0 -999.0 -999.0 -999.0 175.83439021985708 -7.9348671690869 175.83203689370112 -8.088564066310472 64.42640987837943 38.156361305579594 -999.0 16600.0 -999.0 2 186 {-999.0 -999.0 -999.0 -999.0 -999.0} "" -999.0 -999.0 -999.0 -999.0 -999 -999 "" "" "" "" 0 0 0.0 0.0 -999 ""
FIBERMAP 223 R-7C9 BOSS 1 1 0 1 0 0 -21.826768174786437 -120.91300667826664 143.1 122.22161645870973 -12.523761073903142 94.91266 69.41581 175.83492777235654 -7.932524125929071 -3.3606637 -2.4315534 0.1695424 175.83492981266036 -7.9325289002480375 175.8325205282099 -8.086312295936992 64.42426162471465 38.154444417343996 5400.0 5400.0 2016.0 1 380 {-999.0 18.197252 17.811728 17.746447 -999.0} sdss_psfmag_ps1 18.15866 17.833498 17.364447 16.616 63050395164329972 944484644 bright_1x1 openfibertargets_nov2020_6c open_fiber science 0 0 0.0 0.0 -999 ""
FIBERMAP 223 R-7C9 METROLOGY 0 0 0 1 0 0 -22.363346018055346 -121.4433258798807 143.1 122.7913574556223 -13.018227296498823 94.91266 69.41581 -999.0 -999.0 -999.0 -999.0 -999.0 175.8366704814016 -7.934052839548144 175.83427732379687 -8.087812035358384 64.42456922654561 38.1597164144938 -999.0 6231.0 -999.0 -1 -999 {-999.0 -999.0 -999.0 -999.0 -999.0} "" -999.0 -999.0 -999.0 -999.0 -999 -999 "" "" "" "" 0 0 0.0 0.0 -999 ""
FIBERMAP 224 R+2C5 APOGEE 0 0 0 1 0 0 -189.33364050019722 46.767512022638556 143.1 -32.162860334525156 -192.34464827756142 140.6573 119.56311 -999.0 -999.0 -999.0 -999.0 -999.0 175.36196232177863 -8.47772807246862 175.35937558400337 -8.631219788426181 65.13621989014051 37.9296450600429 -999.0 16600.0 -999.0 2 23 {-999.0 -999.0 -999.0 -999.0 -999.0} "" -999.0 -999.0 -999.0 -999.0 -999 -999 "" "" "" "" 0 0 0.0 0.0 -999 ""
FIBERMAP 224 R+2C5 BOSS 1 1 0 1 0 0 -189.19468478075828 47.52489134554229 143.1 -32.92860744514869 -192.2639717156905 140.6573 119.56311 175.35964965820312 -8.477455584582884 -999.0 -999.0 -999.0 175.3596613268204 -8.477456129880844 175.3570194135549 -8.631030682386893 65.13732763944355 37.924750462973634 5400.0 5400.0 2015.5 1 34 {-999.0 -999.0 -999.0 -999.0 -999.0} "" -999.0 -999.0 -999.0 -999.0 27021603139061394 811637171 "" ops_sky_boss_good ops_sky sky_boss 0 0 0.0 0.0 -999 ""
FIBERMAP 224 R+2C5 METROLOGY 0 0 0 1 0 0 -188.628865903435 47.022888941197266 143.1 -32.47132629923307 -191.6614781444637 140.6573 119.56311 -999.0 -999.0 -999.0 -999.0 -999.0 175.36104084187932 -8.475689632107517 175.35841516638186 -8.629241197981399 65.13507549654248 37.925191369791435 -999.0 6231.0 -999.0 -1 -999 {-999.0 -999.0 -999.0 -999.0 -999.0} "" -999.0 -999.0 -999.0 -999.0 -999 -999 "" "" "" "" 0 0 0.0 0.0 -999 ""
FIBERMAP 226 R-2C25 APOGEE 0 0 0 1 0 0 289.58786350826426 -41.73382906372556 143.1 19.484335343602098 291.9165879764693 51.095432 44.191196 -999.0 -999.0 -999.0 -999.0 -999.0 175.51949197795824 -7.012760150816241 175.51726253970844 -7.166528443659901 63.81387305475327 36.423046121222114 -999.0 16600.0 -999.0 2 239 {-999.0 -999.0 -999.0 -999.0 -999.0} "" -999.0 -999.0 -999.0 -999.0 -999 -999 "" "" "" "" 0 0 0.0 0.0 -999 ""
FIBERMAP 226 R-2C25 BOSS 1 1 0 1 0 0 289.6901246016857 -42.50859743353663 143.1 20.24899002097259 292.0777405530176 51.095432 44.191196 175.52155815318838 -7.012196143420377 1.7140801 -11.738079 0.1694368 175.52187203036084 -7.012228620547857 175.51958754712302 -7.166087457382342 63.81229003384328 36.42697756239062 5400.0 5400.0 2016.0 1 349 {-999.0 15.484394 14.938759 14.697045 -999.0} sdss_psfmag_from_g3xp 15.354694 14.944525 14.353861 13.203 63050395164338053 1133186007 dark_flexible_3x1 mwm_halo_mp_xp_boss_triple mwm_halo science 0 0 1.114598035812378 0.0 -999 ""
FIBERMAP 226 R-2C25 METROLOGY 0 0 0 1 0 0 288.99677780738 -42.172896006270136 143.1 19.967259642303826 291.36080374411904 51.095432 44.191196 -999.0 -999.0 -999.0 -999.0 -999.0 175.52100521563523 -7.014336167232135 175.51873587874923 -7.168168969231761 63.81450596019719 36.42781450099443 -999.0 6231.0 -999.0 -1 -999 {-999.0 -999.0 -999.0 -999.0 -999.0} "" -999.0 -999.0 -999.0 -999.0 -999 -999 "" "" "" "" 0 0 0.0 0.0 -999 ""
FIBERMAP 229 R+9C7 APOGEE 0 0 0 1 0 0 -57.11881010500178 192.53610772533838 143.1 -187.60031167998514 -71.65966541210912 127.62226 77.18397 -999.0 -999.0 -999.0 -999.0 -999.0 174.88629281596292 -8.111736947657654 174.8836713982373 -8.265158126894855 65.07855908815844 36.51991776071537 -999.0 16600.0 -999.0 2 133 {-999.0 -999.0 -999.0 -999.0 -999.0} "" -999.0 -999.0 -999.0 -999.0 -999 -999 "" "" "" "" 0 0 0.0 0.0 -999 ""
FIBERMAP 229 R+9C7 BOSS 1 1 0 1 0 0 -56.454530370739946 192.8662941050709 143.1 -187.98027101372168 -71.02258561354348 127.62226 77.18397 174.88513211541033 -8.10973628418758 -999.0 -999.0 -999.0 174.8851352097282 -8.109739326144158 174.88246106416307 -8.263245242980831 65.07756185050133 36.515112942982114 5400.0 5400.0 2016.0 1 123 {-999.0 22.270227 20.89645 20.353313 19.9807} sdss_fiber2mag_from_lsdr10 nan nan nan -999.0 63050397582401505 1058070399 dark_flexible_2x2 bhm_spiders_clusters_lsdr10 bhm_spiders science 0 0 0.0 0.0 -999 ""
FIBERMAP 229 R+9C7 METROLOGY 0 0 0 1 0 0 -56.50084595228812 192.12171871994278 143.1 -187.23436786625217 -71.01187538767662 127.62226 77.18397 -999.0 -999.0 -999.0 -999.0 -999.0 174.88736650967536 -8.109747173253997 174.88470790627912 -8.2632297011673 65.07637942781213 36.519581662534335 -999.0 6231.0 -999.0 -1 -999 {-999.0 -999.0 -999.0 -999.0 -999.0} "" -999.0 -999.0 -999.0 -999.0 -999 -999 "" "" "" "" 0 0 0.0 0.0 -999 ""
FIBERMAP 230 R+10C2 APOGEE 0 0 0 1 0 0 -158.54172104395545 204.68434297727492 143.1 -191.96339345836887 -173.70958409851755 78.423386 134.6545 -999.0 -999.0 -999.0 -999.0 -999.0 174.87348009785484 -8.420079577402996 174.87077926945346 -8.57344813225131 65.34704934250266 36.882588730050315 -999.0 16600.0 -999.0 2 -999 {-999.0 -999.0 -999.0 -999.0 -999.0} "" -999.0 -999.0 -999.0 -999.0 -999 -999 "" "" "" "" 0 0 0.0 0.0 -999 ""
FIBERMAP 230 R+10C2 BOSS 1 1 0 1 0 0 -157.95138356947612 205.10547939597637 143.1 -192.42838330829554 -173.15317591328903 78.423386 134.6545 174.87209951264896 -8.418310674201834 -999.0 -999.0 -999.0 174.87210683684063 -8.418316948750759 174.8693532705223 -8.571768803384611 65.3463744438551 36.87758695478249 5400.0 5400.0 2016.0 1 18 {-999.0 21.76184 21.472778 21.174982 20.914248} sdss_psfmag_from_lsdr10 nan nan nan -999.0 63050399012308353 1131654709 dark_flexible_3x1 bhm_spiders_agn_lsdr10_d3 bhm_spiders science 0 0 0.0 0.0 -999 ""
FIBERMAP 230 R+10C2 METROLOGY 0 0 0 1 0 0 -157.86291633250315 204.37014179887763 143.1 -191.7019884181937 -173.00878888925445 78.423386 134.6545 -999.0 -999.0 -999.0 -999.0 -999.0 174.8742665090451 -8.417948429873013 174.87152855841873 -8.57137731589621 65.34490103470323 36.88145916792871 -999.0 6231.0 -999.0 -1 -999 {-999.0 -999.0 -999.0 -999.0 -999.0} "" -999.0 -999.0 -999.0 -999.0 -999 -999 "" "" "" "" 0 0 0.0 0.0 -999 ""
FIBERMAP 231 R+2C20 APOGEE 0 0 0 1 0 0 162.12045484028735 50.60707995392562 143.1 -62.843403981577886 157.77249399092665 64.42448 118.26447 -999.0 -999.0 -999.0 -999.0 -999.0 175.26813002653017 -7.416533923549967 175.26576060690854 -7.570171127661129 64.288360760647 36.420316229441596 -999.0 16600.0 -999.0 2 -999 {-999.0 -999.0 -999.0 -999.0 -999.0} "" -999.0 -999.0 -999.0 -999.0 -999 -999 "" "" "" "" 0 0 0.0 0.0 -999 ""
FIBERMAP 231 R+2C20 BOSS 1 1 0 1 0 0 162.86030910714692 50.66699752542187 143.1 -62.959671204628975 158.50557343787972 64.42448 118.26447 175.26747512281318 -7.414074156164356 -14.50057 -37.701168 0.8205002 175.26780841043632 -7.414170386190575 175.26538491101041 -7.567895845321159 64.28661752702227 36.41683837236042 5400.0 5400.0 2016.0 1 230 {-999.0 14.71363 14.206087 13.994244 -999.0} sdss_psfmag_ps1 14.478616 14.1266 13.60646 12.647 63050395164336888 1136357281 dark_flexible_3x1 mwm_halo_local_high_boss_triple mwm_halo science 0 0 1.323861837387085 0.0 -999 ""
FIBERMAP 231 R+2C20 METROLOGY 0 0 0 1 0 0 162.5425246358038 49.989540234952976 143.1 -62.25994563869102 158.24049279698372 64.42448 118.26447 -999.0 -999.0 -999.0 -999.0 -999.0 175.2699225040006 -7.414974784455305 175.26751472438707 -7.568675746631405 64.28617616662379 36.421925122417065 -999.0 6231.0 -999.0 -1 -999 {-999.0 -999.0 -999.0 -999.0 -999.0} "" -999.0 -999.0 -999.0 -999.0 -999 -999 "" "" "" "" 0 0 0.0 0.0 -999 ""
FIBERMAP 232 R+13C3 APOGEE 0 0 0 1 0 0 -113.732507218938 260.8473158835621 143.1 -251.38318553948324 -133.32448155896384 163.465 99.06236 -999.0 -999.0 -999.0 -999.0 -999.0 174.69262337604334 -8.297334369214147 174.68990682805327 -8.450670791506136 65.33709712658211 36.36309220418582 -999.0 16600.0 -999.0 2 54 {-999.0 -999.0 -999.0 -999.0 -999.0} "" -999.0 -999.0 -999.0 -999.0 -999 -999 "" "" "" "" 0 0 0.0 0.0 -999 ""
FIBERMAP 232 R+13C3 BOSS 1 1 0 1 0 0 -113.53408831721255 261.55363367550683 143.1 -252.1025659439078 -133.1806170952934 163.465 99.06236 174.69050144392492 -8.296795905104629 -999.0 -999.0 -999.0 174.69051846882297 -8.296791583722737 174.68774935897898 -8.450211326169516 65.33782437554643 36.35815959520062 5400.0 5400.0 2016.0 1 91 {-999.0 20.48872 20.02373 19.661612 19.497358} sdss_fiber2mag_from_lsdr10 19.449825 21.154936 18.460958 -999.0 63050395164321064 1131656763 dark_flexible_3x1 bhm_spiders_agn_lsdr10_d3 bhm_spiders science 0 0 0.0 0.0 -999 ""
FIBERMAP 232 R+13C3 METROLOGY 0 0 0 1 0 0 -113.02293294614111 261.0403471605409 143.1 -251.62985770246064 -132.63176256705412 163.465 99.06236 -999.0 -999.0 -999.0 -999.0 -999.0 174.691880305353 -8.295195226285266 174.68912673021066 -8.448591861209156 65.3357310969042 36.35890613073218 -999.0 6231.0 -999.0 -1 -999 {-999.0 -999.0 -999.0 -999.0 -999.0} "" -999.0 -999.0 -999.0 -999.0 -999 -999 "" "" "" "" 0 0 0.0 0.0 -999 ""
FIBERMAP 234 R+3C20 APOGEE 0 0 0 1 0 0 159.4769775204685 60.577635858577565 143.1 -72.58238232617892 154.37507922928503 122.1751 152.36179 -999.0 -999.0 -999.0 -999.0 -999.0 175.23835505641654 -7.426834787371799 175.23597695217256 -7.580462398890344 64.31258424829605 36.374730730968054 -999.0 16600.0 -999.0 2 69 {-999.0 -999.0 -999.0 -999.0 -999.0} "" -999.0 -999.0 -999.0 -999.0 -999 -999 "" "" "" "" 0 0 0.0 0.0 -999 ""
FIBERMAP 234 R+3C20 BOSS 1 1 0 1 0 0 159.44056673043065 61.32572033122462 143.1 -73.32546354439856 154.281620169652 122.1751 152.36179 175.23611623809416 -7.426965495501385 -3.2696843 -5.4382353 0.39939773 175.2361106957256 -7.426973659559934 175.2336776569913 -7.580688535690399 64.31396938114561 36.37052243224713 5400.0 5400.0 2016.0 1 224 {-999.0 16.834352 16.475374 16.353022 -999.0} sdss_psfmag_ps1 16.734854 16.439363 15.984334 15.23 63050395164336880 980423050 "" ops_std_boss_tic ops_std standard_boss 0 0 0.0 0.0 -999 ""
FIBERMAP 234 R+3C20 METROLOGY 0 0 0 1 0 0 160.10479974705922 60.99337384594267 143.1 -73.04485374668994 154.96927332052906 122.1751 152.36179 -999.0 -999.0 -999.0 -999.0 -999.0 175.2369471505914 -7.424899423019227 175.23453018412079 -7.578589958647658 64.31173878104687 36.369651222370464 -999.0 6231.0 -999.0 -1 -999 {-999.0 -999.0 -999.0 -999.0 -999.0} "" -999.0 -999.0 -999.0 -999.0 -999 -999 "" "" "" "" 0 0 0.0 0.0 -999 ""
FIBERMAP 243 R-11C12 APOGEE 0 0 0 1 0 0 59.98213701630253 -216.25567797930188 143.1 211.03068119784012 76.32675187477533 228.7327 69.30181 -999.0 -999.0 -999.0 -999.0 -999.0 176.10506358302723 -7.663097196688942 176.10282521992235 -7.816901607638394 64.05233439096183 38.33145429185191 -999.0 16600.0 -999.0 2 183 {-999.0 -999.0 -999.0 -999.0 -999.0} "" -999.0 -999.0 -999.0 -999.0 -999 -999 "" "" "" "" 0 0 0.0 0.0 -999 ""
FIBERMAP 243 R-11C12 BOSS 1 1 0 1 0 0 59.594611180223005 -215.60265499914956 143.1 210.40920567188908 75.8904834036955 228.7327 69.30181 176.10325714190748 -7.664315900845003 -999.0 -999.0 -999.0 176.10327616561602 -7.664315753101936 176.10097953118316 -7.818206857687229 64.0544276966972 38.32959008473813 5400.0 5400.0 2016.0 1 376 {-999.0 21.025225 20.037748 19.580667 19.243685} sdss_fiber2mag_from_lsdr10 20.050194 20.922218 18.499998 16.306 63050395164330862 1131660783 dark_flexible_3x1 bhm_spiders_agn_lsdr10_d3 bhm_spiders science 0 0 0.0 0.0 -999 ""
FIBERMAP 243 R-11C12 METROLOGY 0 0 0 1 0 0 60.33569534756026 -215.5911872734274 143.1 210.3411504603683 76.62849084431281 228.7327 69.30181 -999.0 -999.0 -999.0 -999.0 -999.0 176.10307778347777 -7.662095226756119 176.10079785846756 -7.815961912227174 64.05264750597894 38.32643710374833 -999.0 6231.0 -999.0 -1 -999 {-999.0 -999.0 -999.0 -999.0 -999.0} "" -999.0 -999.0 -999.0 -999.0 -999 -999 "" "" "" "" 0 0 0.0 0.0 -999 ""
FIBERMAP 244 R-4C15 APOGEE 0 0 0 1 0 0 67.94361760662083 -94.84105033505878 143.1 89.36829189320994 74.98807081189584 301.84082 84.73895 -999.0 -999.0 -999.0 -999.0 -999.0 175.73395338058447 -7.667154761949296 175.73163143334978 -7.820870431480096 64.25542456598068 37.62815810839777 -999.0 16600.0 -999.0 2 199 {-999.0 -999.0 -999.0 -999.0 -999.0} "" -999.0 -999.0 -999.0 -999.0 -999 -999 "" "" "" "" 0 0 0.0 0.0 -999 ""
FIBERMAP 244 R-4C15 BOSS 1 1 0 1 0 0 67.26494735618354 -95.15692018141235 143.1 89.73507669261033 74.33554939242225 301.84082 84.73895 175.7351663082474 -7.669000819750837 3.2950888 -0.028600631 0.12729889 175.73518233883996 -7.669007304690131 175.73280403871706 -7.822810062486339 64.2564323055839 37.632817689507306 5400.0 5400.0 2016.0 1 280 {-999.0 18.144907 17.822435 17.68121 -999.0} sdss_psfmag_ps1 18.104963 17.77063 17.322603 -999.0 63050395164332026 944484725 bright_1x1 openfibertargets_nov2020_6c open_fiber science 0 0 0.0 0.0 -999 ""
FIBERMAP 244 R-4C15 METROLOGY 0 0 0 1 0 0 67.33513958303135 -94.407416060581 143.1 88.98243518173483 74.34826833992858 301.84082 84.73895 -999.0 -999.0 -999.0 -999.0 -999.0 175.73287272907882 -7.668986113912934 175.7305098629272 -7.822763628405395 64.25761812686211 37.628352204568046 -999.0 6231.0 -999.0 -1 -999 {-999.0 -999.0 -999.0 -999.0 -999.0} "" -999.0 -999.0 -999.0 -999.0 -999 -999 "" "" "" "" 0 0 0.0 0.0 -999 ""
FIBERMAP 249 R+8C6 APOGEE 0 0 0 1 0 0 -72.82321392453863 164.95483213870568 143.1 -158.90106118968285 -85.21012688580547 77.35897 61.713936 -999.0 -999.0 -999.0 -999.0 -999.0 174.97385761125457 -8.152999611265598 174.97124773521557 -8.306438667191296 65.06793743199466 36.74627969520418 -999.0 16600.0 -999.0 2 -999 {-999.0 -999.0 -999.0 -999.0 -999.0} "" -999.0 -999.0 -999.0 -999.0 -999 -999 "" "" "" "" 0 0 0.0 0.0 -999 ""
FIBERMAP 249 R+8C6 BOSS 1 1 0 1 0 0 -72.2746904552054 164.4882178370422 143.1 -158.47774163384503 -84.62758114648483 77.35897 61.713936 174.9757545773937 -8.151134214639765 -210.6127 -14.400307 3.3477726 174.97514639375206 -8.151183286586338 174.97248401379875 -8.304707598897618 65.06582131695276 36.74657164445307 5400.0 5400.0 2016.0 1 79 {-999.0 20.70269 19.085161 18.26206 -999.0} sdss_psfmag_ps1 19.814892 18.779383 17.749384 15.88 63050395164321777 1136357098 dark_flexible_3x1 mwm_halo_local_high_boss_triple mwm_halo science 0 0 0.0 0.0 -999 ""
FIBERMAP 249 R+8C6 METROLOGY 0 0 0 1 0 0 -72.98078686579245 164.2236215090095 143.1 -158.15998264406474 -85.31136477189382 77.35897 61.713936 -999.0 -999.0 -999.0 -999.0 -999.0 174.97608225127013 -8.15329181857115 174.97343468458848 -8.30679207061636 65.06709315883407 36.751080111760814 -999.0 6231.0 -999.0 -1 -999 {-999.0 -999.0 -999.0 -999.0 -999.0} "" -999.0 -999.0 -999.0 -999.0 -999 -999 "" "" "" "" 0 0 0.0 0.0 -999 ""
FIBERMAP 253 R+5C3 APOGEE 1 1 0 1 0 0 -209.56382618608612 102.47929511123849 143.1 -86.16355462423942 -216.77134687736088 213.34763 55.70607 175.1968238928512 -8.550983960494161 -25.98485 -32.598026 1.2108526 175.19674913924564 -8.551080873477611 175.19410195573982 -8.7045173519143 65.28641163513308 37.69705327561519 16000.0 16600.0 2016.0 2 19 {-999.0 10.906282 10.309224 10.101641 -999.0} sdss_psfmag_gaia 10.758749 10.350058 9.760308 8.633 63050395164319167 975464335 "" ops_std_apogee ops_std standard_apogee 0 0 0.0 0.0 -999 ""
FIBERMAP 253 R+5C3 BOSS 0 0 0 1 0 0 -209.58572468864395 103.22064183385457 143.1 -86.90102689105719 -216.84982195309937 213.34763 55.70607 -999.0 -999.0 -999.0 -999.0 -999.0 175.19453548462073 -8.551259109250086 175.19183367414303 -8.70477796005413 65.28784369557857 37.692879789321694 -999.0 5400.0 -999.0 1 28 {-999.0 -999.0 -999.0 -999.0 -999.0} "" -999.0 -999.0 -999.0 -999.0 -999 -999 "" "" "" "" 0 0 0.0 0.0 -999 ""
FIBERMAP 253 R+5C3 METROLOGY 0 0 0 1 0 0 -208.92002712250567 102.8555031854675 143.1 -86.58783419913038 -216.1582031604409 213.34763 55.70607 -999.0 -999.0 -999.0 -999.0 -999.0 175.19545987130172 -8.549238669387314 175.1927740766904 -8.702734575059406 65.28562222887737 37.69210615211057 -999.0 6231.0 -999.0 -1 -999 {-999.0 -999.0 -999.0 -999.0 -999.0} "" -999.0 -999.0 -999.0 -999.0 -999 -999 "" "" "" "" 0 0 0.0 0.0 -999 ""
FIBERMAP 255 R-5C11 APOGEE 0 0 0 1 0 0 -6.228544834944807 -104.0369745910172 143.1 104.20393425173867 1.7387549201441233 257.60873 156.42288 -999.0 -999.0 -999.0 -999.0 -999.0 175.77964882580932 -7.889390257930054 175.7772918538709 -8.04308123536192 64.4177892267553 37.993690867395 -999.0 16600.0 -999.0 2 170 {-999.0 -999.0 -999.0 -999.0 -999.0} "" -999.0 -999.0 -999.0 -999.0 -999 -999 "" "" "" "" 0 0 0.0 0.0 -999 ""
FIBERMAP 255 R-5C11 BOSS 1 1 0 1 0 0 -6.695864786891698 -104.64600821826535 143.1 104.8468643863913 1.3193550064750175 257.60873 156.42288 175.78175144395533 -7.890580711737891 -4.777609 -3.6723552 0.15468504 175.78173196831483 -7.890574230514895 175.77931887658042 -8.04435167019325 64.41776424805332 37.99919157248269 5400.0 5400.0 2016.0 1 409 {-999.0 18.39482 17.897985 17.876362 -999.0} sdss_psfmag_ps1 18.264545 17.98237 17.50768 -999.0 63050395164330056 944484645 bright_1x1 openfibertargets_nov2020_6c open_fiber science 0 0 0.0 0.0 -999 ""
FIBERMAP 255 R-5C11 METROLOGY 0 0 0 1 0 0 -6.980736224000302 -103.96302523125055 143.1 104.18767464472789 0.9831470618486043 257.60873 156.42288 -999.0 -999.0 -999.0 -999.0 -999.0 175.77970982224625 -7.891621165570653 175.7773120232166 -8.045373528080528 64.41970227666623 37.996615965349974 -999.0 6231.0 -999.0 -1 -999 {-999.0 -999.0 -999.0 -999.0 -999.0} "" -999.0 -999.0 -999.0 -999.0 -999 -999 "" "" "" "" 0 0 0.0 0.0 -999 ""
FIBERMAP 266 R-11C1 APOGEE 0 0 0 1 0 0 -150.79136089773993 -216.86681503024235 143.1 227.74386878788462 -133.7741891491048 19.640099 80.97949 -999.0 -999.0 -999.0 -999.0 -999.0 176.15654795409122 -8.298712549109457 176.15420260461997 -8.452426240594274 64.55355818921906 39.240197145024695 -999.0 16600.0 -999.0 2 260 {-999.0 -999.0 -999.0 -999.0 -999.0} "" -999.0 -999.0 -999.0 -999.0 -999 -999 "" "" "" "" 0 0 0.0 0.0 -999 ""
FIBERMAP 266 R-11C1 BOSS 1 1 0 1 0 0 -150.76552226534278 -217.6234206691404 143.1 228.49625362135419 -133.69061980626984 19.640099 80.97949 176.15890502929688 -8.298355491142729 -999.0 -999.0 -999.0 176.15889204261592 -8.298363402216443 176.15648965893615 -8.452162258957287 64.55207415687399 39.2442180531163 5400.0 5400.0 2015.5 1 354 {-999.0 -999.0 -999.0 -999.0 -999.0} "" -999.0 -999.0 -999.0 -999.0 27021603139016034 811630412 "" ops_sky_boss_good ops_sky sky_boss 0 0 0.0 0.0 -999 ""
FIBERMAP 266 R-11C1 METROLOGY 0 0 0 1 0 0 -151.4265442484195 -217.25148103318068 143.1 228.17592290485365 -134.37809651968254 19.640099 80.97949 -999.0 -999.0 -999.0 -999.0 -999.0 176.15794219835334 -8.30049255633532 176.15555552876083 -8.454266880995855 64.5543355964659 39.24517501007074 -999.0 6231.0 -999.0 -1 -999 {-999.0 -999.0 -999.0 -999.0 -999.0} "" -999.0 -999.0 -999.0 -999.0 -999 -999 "" "" "" "" 0 0 0.0 0.0 -999 ""
FIBERMAP 267 R-9C2 APOGEE 0 0 0 1 0 0 -173.63351934376618 -166.102172239073 143.1 178.87518918320674 -160.42712501294457 95.499466 140.98744 -999.0 -999.0 -999.0 -999.0 -999.0 176.00769972374584 -8.379930422301 176.00530101395964 -8.533596933781727 64.70311486766458 39.06078979653694 -999.0 16600.0 -999.0 2 -999 {-999.0 -999.0 -999.0 -999.0 -999.0} "" -999.0 -999.0 -999.0 -999.0 -999 -999 "" "" "" "" 0 0 0.0 0.0 -999 ""
FIBERMAP 267 R-9C2 BOSS 1 1 0 1 0 0 -173.2721894228743 -165.48468319243221 143.1 178.23192676197218 -160.11404643200189 95.499466 140.98744 176.00582535252352 -8.378941309987745 0.440437 -0.45717198 -0.0011657921 176.0058190088742 -8.378929811299736 176.00336291916665 -8.532680194553288 64.7034215553567 39.05586979570808 5400.0 5400.0 2016.0 1 457 {-999.0 19.72705 19.614101 19.560814 19.52368} sdss_psfmag_from_lsdr10 19.721613 19.5806 19.325052 -999.0 63050395164250814 1131654726 dark_flexible_3x1 bhm_spiders_agn_lsdr10_d3 bhm_spiders science 0 0 0.0 0.0 -999 ""
FIBERMAP 267 R-9C2 METROLOGY 0 0 0 1 0 0 -172.88606654917888 -166.13067726774713 143.1 178.84650144593252 -159.67971379140374 95.499466 140.98744 -999.0 -999.0 -999.0 -999.0 -999.0 176.0077085635236 -8.37766032723404 176.00526937904874 -8.531387510881785 64.7012976448201 39.057848060149865 -999.0 6231.0 -999.0 -1 -999 {-999.0 -999.0 -999.0 -999.0 -999.0} "" -999.0 -999.0 -999.0 -999.0 -999 -999 "" "" "" "" 0 0 0.0 0.0 -999 ""
FIBERMAP 274 R+2C17 APOGEE 0 0 0 1 0 0 74.96797491291039 24.93114338662606 143.1 -30.584940834952928 72.84053707932668 274.8651 53.47023 -999.0 -999.0 -999.0 -999.0 -999.0 175.36662946287103 -7.6737476663615665 175.36422379197973 -7.827369271220358 64.45551492728494 36.92543276725394 -999.0 16600.0 -999.0 2 61 {-999.0 -999.0 -999.0 -999.0 -999.0} "" -999.0 -999.0 -999.0 -999.0 -999 -999 "" "" "" "" 0 0 0.0 0.0 -999 ""
FIBERMAP 274 R+2C17 BOSS 1 1 0 1 0 0 74.36992337891095 25.392189478874954 143.1 -30.99892459035703 72.2090357738621 274.8651 53.47023 175.3654318230883 -7.675498098508506 -10.036984 -12.208203 6.3603773 175.36539713266114 -7.675534150134826 175.36293593937194 -7.829242012830672 64.45777924108125 36.92522743281842 5400.0 5400.0 2016.0 1 207 {-999.0 21.685986 20.19679 19.238739 -999.0} sdss_psfmag_ps1 20.806198 20.001513 18.831873 -999.0 63050395164331814 1077939897 bright_flexible_2x1 mwm_snc_ext_main_boss mwm_snc science 0 0 0.0 0.0 -999 ""
FIBERMAP 274 R+2C17 METROLOGY 0 0 0 1 0 0 75.07348743412612 25.66843581303779 143.1 -31.328105511926722 72.88940446036307 274.8651 53.47023 -999.0 -999.0 -999.0 -999.0 -999.0 175.36437090704666 -7.673487934939474 175.36192548474617 -7.8271712480556195 64.45655443101283 36.92071246844796 -999.0 6231.0 -999.0 -1 -999 {-999.0 -999.0 -999.0 -999.0 -999.0} "" -999.0 -999.0 -999.0 -999.0 -999 -999 "" "" "" "" 0 0 0.0 0.0 -999 ""
FIBERMAP 280 R-3C15 APOGEE 0 0 0 1 0 0 39.60218620667551 -62.55395678877963 143.1 59.342459459047724 44.26394361529894 224.16919 85.1334 -999.0 -999.0 -999.0 -999.0 -999.0 175.64216573563195 -7.760397824518426 175.63980369205376 -7.91407575012828 64.38294880146196 37.56714309218086 -999.0 16600.0 -999.0 2 -999 {-999.0 -999.0 -999.0 -999.0 -999.0} "" -999.0 -999.0 -999.0 -999.0 -999 -999 "" "" "" "" 0 0 0.0 0.0 -999 ""
FIBERMAP 280 R-3C15 BOSS 1 1 0 1 0 0 39.12936186232726 -61.94381693954585 143.1 58.770256845918624 43.74590634635361 224.16919 85.1334 175.6404939893787 -7.761872917253391 0.33532017 -0.30913982 0.5214268 175.64050629517425 -7.761857849533227 175.63808770161256 -7.915621759026437 64.38516661266245 37.56575481204044 5400.0 5400.0 2016.0 1 328 {-999.0 20.164469 20.029558 19.87748 19.734383} sdss_psfmag_from_lsdr10 20.130993 19.853039 19.366823 -999.0 63050395164331382 1131660779 dark_flexible_3x1 bhm_spiders_agn_lsdr10_d3 bhm_spiders science 0 0 0.0 0.0 -999 ""
FIBERMAP 280 R-3C15 METROLOGY 0 0 0 1 0 0 39.86840006151373 -61.85493718942045 143.1 58.62517579411599 44.47595933258707 224.16919 85.1334 -999.0 -999.0 -999.0 -999.0 -999.0 175.64004912736792 -7.7596622311602035 175.637646723069 -7.9134018365295 64.38353079708025 37.56213955827042 -999.0 6231.0 -999.0 -1 -999 {-999.0 -999.0 -999.0 -999.0 -999.0} "" -999.0 -999.0 -999.0 -999.0 -999 -999 "" "" "" "" 0 0 0.0 0.0 -999 ""
FIBERMAP 284 R-1C5 APOGEE 0 0 0 1 0 0 -194.97243545092846 -4.91267945761887 143.1 19.79469824440606 -194.0181441539653 121.87948 102.02767 -999.0 -999.0 -999.0 -999.0 -999.0 175.5211398842257 -8.482765529509836 175.51859378883933 -8.636297341931568 65.0545824341315 38.249482029578814 -999.0 16600.0 -999.0 2 281 {-999.0 -999.0 -999.0 -999.0 -999.0} "" -999.0 -999.0 -999.0 -999.0 -999 -999 "" "" "" "" 0 0 0.0 0.0 -999 ""
FIBERMAP 284 R-1C5 BOSS 1 1 0 1 0 0 -194.33918050758325 -4.514847898072629 143.1 19.34966500155844 -193.4171653611942 121.87948 102.02767 175.51983251689924 -8.48093772190772 -2.1265051 1.8853049 0.4489364 175.51983770474786 -8.48092752726621 175.5172364329013 -8.634542760397432 65.05384906641524 38.24454166030523 5400.0 5400.0 2016.0 1 462 {-999.0 17.244654 16.804289 16.640657 -999.0} sdss_psfmag_ps1 17.120016 16.80183 16.334223 15.706 63050395164319459 977028372 "" ops_std_boss ops_std standard_boss 0 0 0.0 0.0 -999 ""
FIBERMAP 284 R-1C5 METROLOGY 0 0 0 1 0 0 -194.30470594017842 -5.237650027867373 143.1 20.067686883952938 -193.32756843819362 121.87948 102.02767 -999.0 -999.0 -999.0 -999.0 -999.0 175.52202476248561 -8.48070555013328 175.51943975939946 -8.634297723242174 65.05245126289864 38.248545228297985 -999.0 6231.0 -999.0 -1 -999 {-999.0 -999.0 -999.0 -999.0 -999.0} "" -999.0 -999.0 -999.0 -999.0 -999 -999 "" "" "" "" 0 0 0.0 0.0 -999 ""
FIBERMAP 286 R-5C13 APOGEE 0 0 1 1 0 0 34.42658478030722 -89.33874330269138 143.1 86.44314697849302 41.15016598565141 9.904719 170.04735 -999.0 -999.0 -999.0 -999.0 -999.0 175.72515364571163 -7.769813394553269 175.72280858627187 -7.923510329172658 64.34655197125193 37.7389233648629 -999.0 16600.0 -999.0 2 162 {-999.0 -999.0 -999.0 -999.0 -999.0} "" -999.0 -999.0 -999.0 -999.0 -999 -999 "" "" "" "" 0 0 0.0 0.0 -999 ""
FIBERMAP 286 R-5C13 BOSS 1 0 1 1 0 0 35.165773623959865 -89.3212451898982 143.1 86.36922409598463 41.885822986892805 9.904719 170.04735 175.71242704241837 -7.813238239894621 -999.0 -999.0 -999.0 175.72503001003886 -7.767470532849944 175.7226292222275 -7.921254467255937 64.34474984003184 37.73576242266938 5400.0 5400.0 2016.0 1 392 {-999.0 18.009087 17.572115 17.52496 -999.0} sdss_psfmag_ps1 17.895704 18.012117 17.113832 16.382 63050395164331347 944484702 bright_1x1 openfibertargets_nov2020_6c open_fiber science 0 0 0.0 0.0 -999 ""
FIBERMAP 286 R-5C13 METROLOGY 0 0 1 1 0 0 34.809408088213445 -89.9766775800826 143.1 87.04993789590462 41.580593060075756 9.904719 170.04735 -999.0 -999.0 -999.0 -999.0 -999.0 175.72710735714793 -7.768416698828275 175.72472276490566 -7.922176432104009 64.34440505915414 37.74094294483666 -999.0 6231.0 -999.0 -1 -999 {-999.0 -999.0 -999.0 -999.0 -999.0} "" -999.0 -999.0 -999.0 -999.0 -999 -999 "" "" "" "" 0 0 0.0 0.0 -999 ""
FIBERMAP 290 R+8C13 APOGEE 0 0 0 1 0 0 59.967064633604785 170.1839092368701 143.1 -174.26027362633005 46.78632806017672 142.1068 88.61956 -999.0 -999.0 -999.0 -999.0 -999.0 174.92725962458601 -7.752853516744618 174.9247358301044 -7.906343581144964 64.75153612259662 36.15866020712832 -999.0 16600.0 -999.0 2 -999 {-999.0 -999.0 -999.0 -999.0 -999.0} "" -999.0 -999.0 -999.0 -999.0 -999 -999 "" "" "" "" 0 0 0.0 0.0 -999 ""
FIBERMAP 290 R+8C13 BOSS 1 1 0 1 0 0 60.44775959100757 170.7704639955841 143.1 -174.88181353972794 47.22078073168195 142.1068 88.61956 174.9253719821964 -7.7513906742100085 -0.65058154 -15.029612 1.8719679 174.92536044878273 -7.751434301480345 174.92278339344512 -7.905010379795387 64.75140538967113 36.15316195105572 5400.0 5400.0 2016.0 1 157 {-999.0 18.878832 19.094536 19.436531 -999.0} sdss_psfmag_ps1 19.008354 18.983612 19.14327 -999.0 63050395164326982 1143553618 dark_1x3 mwm_wd_pwd_boss_1x3 mwm_wd science 0 0 0.0 0.0 -999 ""
FIBERMAP 290 R+8C13 METROLOGY 0 0 0 1 0 0 60.70527947443425 170.06333948288835 143.1 -174.19646419880308 47.53156284017144 142.1068 88.61956 -999.0 -999.0 -999.0 -999.0 -999.0 174.92741343634015 -7.7505106995109845 174.92485213871828 -7.9040630425633625 64.74952940587002 36.15610583357625 -999.0 6231.0 -999.0 -1 -999 {-999.0 -999.0 -999.0 -999.0 -999.0} "" -999.0 -999.0 -999.0 -999.0 -999 -999 "" "" "" "" 0 0 0.0 0.0 -999 ""
FIBERMAP 294 R+11C8 APOGEE 0 0 0 1 0 0 -6.338823439173096 199.94106664176277 143.1 -198.86305904712933 -21.596229055804535 299.99338 107.323235 -999.0 -999.0 -999.0 -999.0 -999.0 174.85200650075203 -7.960019080419407 174.84941423096302 -8.113454804961949 64.96714065968789 36.263211944077796 -999.0 16600.0 -999.0 2 129 {-999.0 -999.0 -999.0 -999.0 -999.0} "" -999.0 -999.0 -999.0 -999.0 -999 -999 "" "" "" "" 0 0 0.0 0.0 -999 ""
FIBERMAP 294 R+11C8 BOSS 1 1 0 1 0 0 -6.82039143437175 199.39426591457544 143.1 -198.28108841768733 -22.03458952597265 299.99338 107.323235 174.85334710259144 -7.961290755139965 -7.02496 7.4761353 0.18748201 174.853774812868 -7.961270826876442 174.85112980382098 -8.11479222351325 64.96739354216746 36.26828579037698 5400.0 5400.0 2016.0 1 116 {-999.0 13.212567 13.466325 13.6715555 -999.0} sdss_psfmag_from_g3xp 13.345569 13.338787 13.342257 13.316 63050395164326709 1127794923 bright_1x1 openfibertargets_mwm_more_ob_boss open_fiber science 0 0 1.5921491384506226 0.0 -999 ""
FIBERMAP 294 R+11C8 METROLOGY 0 0 0 1 0 0 -7.070716947931803 200.09052737833406 143.1 -198.95615664218982 -22.337368650693964 299.99338 107.323235 -999.0 -999.0 -999.0 -999.0 -999.0 174.85167558442032 -7.962211966185602 174.84904482414333 -8.115708421582937 64.96925326662796 36.265257910307184 -999.0 6231.0 -999.0 -1 -999 {-999.0 -999.0 -999.0 -999.0 -999.0} "" -999.0 -999.0 -999.0 -999.0 -999 -999 "" "" "" "" 0 0 0.0 0.0 -999 ""
FIBERMAP 300 R-4C2 APOGEE 0 0 0 1 0 0 -212.62434213409577 -62.92642007026464 143.1 78.98484494853852 -207.18517413879357 91.48888 69.6768 -999.0 -999.0 -999.0 -999.0 -999.0 175.70234967986036 -8.522139170648666 175.6998428545396 -8.675709946035356 64.98893121267844 38.65519004426608 -999.0 16600.0 -999.0 2 -999 {-999.0 -999.0 -999.0 -999.0 -999.0} "" -999.0 -999.0 -999.0 -999.0 -999 -999 "" "" "" "" 0 0 0.0 0.0 -999 ""
FIBERMAP 300 R-4C2 BOSS 1 1 0 1 0 0 -211.89921021674905 -63.163628781765695 143.1 79.16594657290699 -206.4440717918307 91.48888 69.6768 175.70297241210938 -8.519886185849643 -999.0 -999.0 -999.0 175.70297775494777 -8.519861395277395 175.70041565581016 -8.673516071966262 64.98678977452234 38.653439268911484 5400.0 5400.0 2015.5 1 453 {-999.0 -999.0 -999.0 -999.0 -999.0} "" -999.0 -999.0 -999.0 -999.0 27021603139009130 811629395 "" ops_sky_boss_good ops_sky sky_boss 0 0 0.0 0.0 -999 ""
FIBERMAP 300 R-4C2 METROLOGY 0 0 0 1 0 0 -212.4627085289461 -63.656743830307015 143.1 79.70065071168746 -206.96822107982032 91.48888 69.6768 -999.0 -999.0 -999.0 -999.0 -999.0 175.7046085225737 -8.521491308695593 175.70206235469823 -8.675122491706663 64.98722918381611 38.65874744961508 -999.0 6231.0 -999.0 -1 -999 {-999.0 -999.0 -999.0 -999.0 -999.0} "" -999.0 -999.0 -999.0 -999.0 -999 -999 "" "" "" "" 0 0 0.0 0.0 -999 ""
FIBERMAP 303 R-1C21 APOGEE 0 0 0 1 0 0 162.64219802573524 -2.3035640133639035 143.1 -10.129734199153887 162.33525441950715 142.91338 76.05855 -999.0 -999.0 -999.0 -999.0 -999.0 175.42928685508173 -7.402631446523582 175.42695474044194 -7.556313145139351 64.19258853521032 36.71636039653657 -999.0 16600.0 -999.0 2 -999 {-999.0 -999.0 -999.0 -999.0 -999.0} "" -999.0 -999.0 -999.0 -999.0 -999 -999 "" "" "" "" 0 0 0.0 0.0 -999 ""
FIBERMAP 303 R-1C21 BOSS 1 1 0 1 0 0 163.22028139784769 -1.819268828501535 143.1 -10.656759015523152 162.87461932882763 142.91338 76.05855 175.4277115928596 -7.4008269711955705 -0.68200594 -2.295541 0.13153262 175.42772632476917 -7.400848268299523 175.42533911544763 -7.554617949712437 64.19199284750712 36.711181224887866 5400.0 5400.0 2016.0 1 324 {-999.0 18.034208 17.146803 16.873892 -999.0} sdss_psfmag_ps1 17.707235 17.210806 16.578531 15.293 63050395164337381 944083571 bright_1x1 openfibertargets_nov2020_6b open_fiber science 0 0 0.0 0.0 -999 ""
FIBERMAP 303 R-1C21 METROLOGY 0 0 0 1 0 0 163.3444843927672 -2.561036488547437 143.1 -9.9266834981438 163.05512727854156 142.91338 76.05855 -999.0 -999.0 -999.0 -999.0 -999.0 175.4299420905014 -7.400307108658522 175.4275710930433 -7.554052487496946 64.19034558598764 36.714814318634694 -999.0 6231.0 -999.0 -1 -999 {-999.0 -999.0 -999.0 -999.0 -999.0} "" -999.0 -999.0 -999.0 -999.0 -999 -999 "" "" "" "" 0 0 0.0 0.0 -999 ""
FIBERMAP 306 R+4C10 APOGEE 0 0 0 1 0 0 -35.29995426608084 62.155806408541395 143.1 -59.27419757023912 -39.9440664350198 337.96368 75.144264 -999.0 -999.0 -999.0 -999.0 -999.0 175.2786594565555 -8.016152242087948 175.2761562121675 -8.169695730822623 64.7917635602184 37.17815504986078 -999.0 16600.0 -999.0 2 -999 {-999.0 -999.0 -999.0 -999.0 -999.0} "" -999.0 -999.0 -999.0 -999.0 -999 -999 "" "" "" "" 0 0 0.0 0.0 -999 ""
FIBERMAP 306 R+4C10 BOSS 1 1 0 1 0 0 -35.74345596730525 61.56824868299789 143.1 -58.65449936883269 -40.34135966042987 337.96368 75.144264 175.28056835222887 -8.017277649679562 -0.31734344 0.14827071 -0.332363 175.2805772615936 -8.017298163563966 175.27801977530748 -8.170927316225086 64.791820072852 37.183361048018924 5400.0 5400.0 2016.0 1 76 {-999.0 20.558949 19.773062 19.320917 18.981483} sdss_fiber2mag_from_lsdr10 19.497606 19.659575 18.258577 16.086 63050395164321720 1131658738 dark_flexible_3x1 bhm_spiders_agn_lsdr10_d3 bhm_spiders science 0 0 0.0 0.0 -999 ""
FIBERMAP 306 R+4C10 METROLOGY 0 0 0 1 0 0 -36.043458896831226 62.2376543214581 143.1 -59.298995976768566 -40.69161680749558 337.96368 75.144264 -999.0 -999.0 -999.0 -999.0 -999.0 175.27858105266895 -8.018388436705983 175.2760382714671 -8.171992698304766 64.79376810804577 37.180802654609636 -999.0 6231.0 -999.0 -1 -999 {-999.0 -999.0 -999.0 -999.0 -999.0} "" -999.0 -999.0 -999.0 -999.0 -999 -999 "" "" "" "" 0 0 0.0 0.0 -999 ""
FIBERMAP 313 R-10C2 APOGEE 0 0 0 1 0 0 -166.79331311632637 -179.31164778842071 143.1 191.52282421281265 -152.597977677237 158.15565 79.15214 -999.0 -999.0 -999.0 -999.0 -999.0 176.0462746149541 -8.356110722378329 176.0438903823857 -8.509789991328024 64.66207569127914 39.103845149922904 -999.0 16600.0 -999.0 2 -999 {-999.0 -999.0 -999.0 -999.0 -999.0} "" -999.0 -999.0 -999.0 -999.0 -999 -999 "" "" "" "" 0 0 0.0 0.0 -999 ""
FIBERMAP 313 R-10C2 BOSS 1 1 0 1 0 0 -166.3072274795618 -178.6664354467734 143.1 190.84238902475334 -152.16263198689467 158.15565 79.15214 176.04426414763932 -8.35473039409412 -0.79854465 0.16607337 2.3813689 176.04428061076115 -8.354737785864897 176.0418388901004 -8.508501087883417 64.66213727464653 39.09823030334189 5400.0 5400.0 2016.0 1 515 {-999.0 20.84556 20.484392 20.144386 19.860476} sdss_psfmag_from_gaiadr2 20.76687 20.582993 19.709274 -999.0 63050395164250847 1130007075 dark_flexible_3x1 bhm_gua_dark_d3 bhm_filler science 0 0 0.0 0.0 -999 ""
FIBERMAP 313 R-10C2 METROLOGY 0 0 0 1 0 0 -166.04664740488343 -179.35624074920457 143.1 191.51023677270734 -151.8501220249172 158.15565 79.15214 -999.0 -999.0 -999.0 -999.0 -999.0 176.04633292617638 -8.353833813916447 176.0439081197701 -8.50757385610335 64.66022639644564 39.100991356628015 -999.0 6231.0 -999.0 -1 -999 {-999.0 -999.0 -999.0 -999.0 -999.0} "" -999.0 -999.0 -999.0 -999.0 -999 -999 "" "" "" "" 0 0 0.0 0.0 -999 ""
FIBERMAP 316 R-2C11 APOGEE 1 1 0 1 0 0 -32.044882095763846 -54.95672440421989 143.1 57.24188379886468 -27.750834582902247 2.6231787 47.903095 175.63597802676213 -7.979024237135071 -32.986767 -6.7302337 3.7532408 175.63588484958132 -7.979048625284948 175.63347533969443 -8.132689799581948 64.57032829172327 37.828898865623444 16000.0 16600.0 2016.0 2 299 {-999.0 12.576507 11.963641 11.7516365 -999.0} sdss_psfmag_from_g3xp 12.427433 12.0037365 11.412993 10.32 63050395164329876 974986610 "" ops_std_apogee ops_std standard_apogee 0 0 0.0 0.0 -999 ""
FIBERMAP 316 R-2C11 BOSS 0 0 0 1 0 0 -32.50945822376095 -55.549898877325475 143.1 57.868792232844115 -28.168710517353237 2.6231787 47.903095 -999.0 -999.0 -999.0 -999.0 -999.0 175.63789842789845 -7.980247216413237 175.6354333460191 -8.133974382578154 64.57035779218815 37.8343137199854 -999.0 5400.0 -999.0 1 495 {-999.0 -999.0 -999.0 -999.0 -999.0} "" -999.0 -999.0 -999.0 -999.0 -999 -999 "" "" "" "" 0 0 0.0 0.0 -999 ""
FIBERMAP 316 R-2C11 METROLOGY 0 0 0 1 0 0 -32.78677797409995 -54.84455220530367 143.1 57.18672823569655 -28.499097866169144 2.6231787 47.903095 -999.0 -999.0 -999.0 -999.0 -999.0 175.63579736521064 -7.9812790691357645 175.6333473836845 -8.134981260534913 64.5723229211219 37.83154223631789 -999.0 6231.0 -999.0 -1 -999 {-999.0 -999.0 -999.0 -999.0 -999.0} "" -999.0 -999.0 -999.0 -999.0 -999 -999 "" "" "" "" 0 0 0.0 0.0 -999 ""
FIBERMAP 318 R-5C18 APOGEE 0 0 0 1 0 0 151.34865438407414 -79.12786782975857 143.1 67.32931808598092 156.94490291196226 113.72116 67.24522 -999.0 -999.0 -999.0 -999.0 -999.0 175.66610921857946 -7.418943341871838 175.66382380608172 -7.572682452715886 64.0819381063321 37.192611245770195 -999.0 16600.0 -999.0 2 216 {-999.0 -999.0 -999.0 -999.0 -999.0} "" -999.0 -999.0 -999.0 -999.0 -999 -999 "" "" "" "" 0 0 0.0 0.0 -999 ""
FIBERMAP 318 R-5C18 BOSS 1 1 0 1 0 0 152.09150016473296 -79.08979816231998 143.1 67.23460532996798 157.6826342494972 113.72116 67.24522 175.665922844463 -7.416549634175315 -7.062106 -4.826798 0.17203555 175.66589685010874 -7.416565766401532 175.66355583488973 -7.570393362117746 64.08014328568481 37.189304497887065 5400.0 5400.0 2016.0 1 308 {-999.0 18.258871 17.87385 17.697304 -999.0} sdss_psfmag_ps1 18.113129 17.811464 17.344559 16.581 63050395164332554 944484587 bright_1x1 openfibertargets_nov2020_6c open_fiber science 0 0 0.0 0.0 -999 ""
FIBERMAP 318 R-5C18 METROLOGY 0 0 0 1 0 0 151.77721445230006 -79.75913661190916 143.1 67.92596884487897 157.4204216693109 113.72116 67.24522 -999.0 -999.0 -999.0 -999.0 -999.0 175.66800384122467 -7.417364956164416 175.6656789854893 -7.571167962653863 64.07967623421148 37.19432257592763 -999.0 6231.0 -999.0 -1 -999 {-999.0 -999.0 -999.0 -999.0 -999.0} "" -999.0 -999.0 -999.0 -999.0 -999 -999 "" "" "" "" 0 0 0.0 0.0 -999 ""
FIBERMAP 342 R+6C13 APOGEE 0 0 0 1 0 0 61.54802582466084 104.31271426801338 143.1 -108.70546559484158 53.39539473121891 20.28709 47.224106 -999.0 -999.0 -999.0 -999.0 -999.0 175.12745750388734 -7.732802843861124 175.1249842405515 -7.886351287943184 64.63071966196074 36.529596652988175 -999.0 16600.0 -999.0 2 -999 {-999.0 -999.0 -999.0 -999.0 -999.0} "" -999.0 -999.0 -999.0 -999.0 -999 -999 "" "" "" "" 0 0 0.0 0.0 -999 ""
FIBERMAP 342 R+6C13 BOSS 1 1 0 1 0 0 61.274282376186434 103.60917454244469 143.1 -107.98309993715161 53.17621713257366 20.28709 47.224106 175.12970808614156 -7.733338867767605 -15.336254 -3.4826214 0.14567985 175.12966334008286 -7.7333533778652335 175.1271365060943 -7.886988829006955 64.63014168964435 36.5346119316153 5400.0 5400.0 2016.0 1 155 {-999.0 18.4566 18.186796 17.952013 -999.0} sdss_psfmag_ps1 18.416603 18.093002 17.653452 -999.0 63050395164336490 944484669 bright_1x1 openfibertargets_nov2020_6c open_fiber science 0 0 0.0 0.0 -999 ""
FIBERMAP 342 R+6C13 METROLOGY 0 0 0 1 0 0 60.80841304232973 104.201039969231 143.1 -108.53761377950237 52.66651045477826 20.28709 47.224106 -999.0 -999.0 -999.0 -999.0 -999.0 175.12793900832196 -7.7349191939287065 175.1254267072336 -7.888529407801214 64.63234244063723 36.533138650455896 -999.0 6231.0 -999.0 -1 -999 {-999.0 -999.0 -999.0 -999.0 -999.0} "" -999.0 -999.0 -999.0 -999.0 -999 -999 "" "" "" "" 0 0 0.0 0.0 -999 ""
FIBERMAP 351 R0C11 APOGEE 0 0 0 1 0 0 -76.18809975433184 1.252616224831826 143.1 4.572152400189457 -76.05757381045288 131.0478 151.22493 -999.0 -999.0 -999.0 -999.0 -999.0 175.4744395962767 -8.125776049678285 175.47195950173693 -8.279352929726478 64.78016665862191 37.7001303546827 -999.0 16600.0 -999.0 2 251 {-999.0 -999.0 -999.0 -999.0 -999.0} "" -999.0 -999.0 -999.0 -999.0 -999 -999 "" "" "" "" 0 0 0.0 0.0 -999 ""
FIBERMAP 351 R0C11 BOSS 1 1 0 1 0 0 -76.3530572174558 1.9907431856731044 143.1 3.848820561697317 -76.27843705069489 131.0478 151.22493 175.47225952148438 -8.126402011609443 -999.0 -999.0 -999.0 175.47227894660548 -8.126407510209527 175.4697430444022 -8.28006870090411 64.78195417623775 37.69670671838594 5400.0 5400.0 2015.5 1 519 {-999.0 -999.0 -999.0 -999.0 -999.0} "" -999.0 -999.0 -999.0 -999.0 27021603139061873 811637259 "" ops_sky_boss_good ops_sky sky_boss 0 0 0.0 0.0 -999 ""
FIBERMAP 351 R0C11 METROLOGY 0 0 0 1 0 0 -75.64563310653297 1.758730121017811 143.1 4.026094908100445 -75.55538689558632 131.0478 151.22493 -999.0 -999.0 -999.0 -999.0 -999.0 175.47280698604243 -8.124244130783769 175.47028731094224 -8.277881731580429 64.77982294415877 37.694996858877744 -999.0 6231.0 -999.0 -1 -999 {-999.0 -999.0 -999.0 -999.0 -999.0} "" -999.0 -999.0 -999.0 -999.0 -999 -999 "" "" "" "" 0 0 0.0 0.0 -999 ""
FIBERMAP 357 R-9C9 APOGEE 0 0 0 1 0 0 3.8133594264408472 -167.56953702625142 143.1 166.78060704724572 16.60496095071952 51.4631 88.86851 -999.0 -999.0 -999.0 -999.0 -999.0 175.970799501365 -7.844084356335832 175.96849602743737 -7.997828326043994 64.27657934644897 38.3032111087947 -999.0 16600.0 -999.0 2 166 {-999.0 -999.0 -999.0 -999.0 -999.0} "" -999.0 -999.0 -999.0 -999.0 -999 -999 "" "" "" "" 0 0 0.0 0.0 -999 ""
FIBERMAP 357 R-9C9 BOSS 1 1 0 1 0 0 4.3867299880542845 -168.02664592702962 143.1 167.19255101859775 17.211553754841862 51.4631 88.86851 175.97217191557382 -7.842146186672368 0.45782998 -0.6157201 0.19491623 175.97217498444041 -7.842150622789603 175.96981510569844 -7.995981684813912 64.27431890895112 38.30340106340611 5400.0 5400.0 2016.0 1 399 {-999.0 20.638756 20.508415 20.384396 20.330212} sdss_psfmag_from_gaiadr2 20.478605 20.499788 20.048498 -999.0 63050395164330616 1130008378 dark_flexible_3x1 bhm_gua_dark_d3 bhm_filler science 0 0 0.0 0.0 -999 ""
FIBERMAP 357 R-9C9 METROLOGY 0 0 0 1 0 0 3.700350478412851 -168.3050730956643 143.1 167.52259333688258 16.548485210419376 51.4631 88.86851 -999.0 -999.0 -999.0 -999.0 -999.0 175.973189959969 -7.844182486998427 175.97084609958006 -7.997988952451322 64.27543990699048 38.307900887675316 -999.0 6231.0 -999.0 -1 -999 {-999.0 -999.0 -999.0 -999.0 -999.0} "" -999.0 -999.0 -999.0 -999.0 -999 -999 "" "" "" "" 0 0 0.0 0.0 -999 ""
FIBERMAP 374 R+10C5 APOGEE 0 0 0 1 0 0 -89.07838900088844 205.91643769545843 143.1 -198.49908196410027 -104.54665069171295 77.37621 126.93978 -999.0 -999.0 -999.0 -999.0 -999.0 174.85316936326296 -8.211150755819114 174.85051514027475 -8.36454676825587 65.18033597912451 36.57796139377126 -999.0 16600.0 -999.0 2 -999 {-999.0 -999.0 -999.0 -999.0 -999.0} "" -999.0 -999.0 -999.0 -999.0 -999 -999 "" "" "" "" 0 0 0.0 0.0 -999 ""
FIBERMAP 374 R+10C5 BOSS 1 1 0 1 0 0 -88.38089475597693 206.23357772461543 143.1 -198.86857139661052 -103.8754582197122 77.37621 126.93978 174.85208550058545 -8.209046241677733 -7.634125 1.8243375 0.41144088 174.85205825326827 -8.209051343163436 174.84935148424097 -8.36253167516395 65.17922940438703 36.57310165228762 5400.0 5400.0 2016.0 1 152 {-999.0 18.166754 17.796808 17.65298 17.600224} sdss_psfmag_from_gaia 18.1149 17.8085 17.3307 -999.0 63050395164321105 968248270 "" ops_std_boss_gdr2 ops_std standard_boss 0 0 0.0 0.0 -999 ""
FIBERMAP 374 R+10C5 METROLOGY 0 0 0 1 0 0 -88.46601856290181 205.48690229124108 143.1 -198.11760934651664 -103.90328053201564 77.37621 126.93978 -999.0 -999.0 -999.0 -999.0 -999.0 174.85429848659152 -8.20918412600049 174.85160719990722 -8.36264118043646 65.17814706316231 36.57775821630031 -999.0 6231.0 -999.0 -1 -999 {-999.0 -999.0 -999.0 -999.0 -999.0} "" -999.0 -999.0 -999.0 -999.0 -999 -999 "" "" "" "" 0 0 0.0 0.0 -999 ""
FIBERMAP 391 R+1C10 APOGEE 0 0 0 1 0 0 -80.7533183598492 3.186450235680738 143.1 2.9928600303971447 -80.75698859130333 285.22873 90.707565 -999.0 -999.0 -999.0 -999.0 -999.0 175.4695994371583 -8.140034236795762 175.46711503131507 -8.293607596359022 64.79475097987321 37.70874763007998 -999.0 16600.0 -999.0 2 -999 {-999.0 -999.0 -999.0 -999.0 -999.0} "" -999.0 -999.0 -999.0 -999.0 -999 -999 "" "" "" "" 0 0 0.0 0.0 -999 ""
FIBERMAP 391 R+1C10 BOSS 1 1 0 1 0 0 -81.47456447614537 2.970534741674154 143.1 3.263240230254787 -81.45959633094944 285.22873 90.707565 175.47048319793376 -8.142114130107583 0.41076073 -0.40973544 0.5133978 175.47048611293707 -8.142128522094412 175.46794633863453 -8.295786669497312 64.79613958026884 37.713138795996315 5400.0 5400.0 2016.0 1 30 {-999.0 19.56681 19.387003 19.393736 19.44423} sdss_psfmag_from_lsdr10 19.871925 19.88969 19.44928 -999.0 63050395164320306 1131656772 dark_flexible_3x1 bhm_spiders_agn_lsdr10_d3 bhm_spiders science 0 0 0.0 0.0 -999 ""
FIBERMAP 391 R+1C10 METROLOGY 0 0 0 1 0 0 -81.30199787798114 3.694829034588233 143.1 2.5279119141171855 -81.34288087621825 285.22873 90.707565 -999.0 -999.0 -999.0 -999.0 -999.0 175.4682152030016 -8.14180654142569 175.46569056859119 -8.295440100253213 64.79705462094327 37.70828881918425 -999.0 6231.0 -999.0 -1 -999 {-999.0 -999.0 -999.0 -999.0 -999.0} "" -999.0 -999.0 -999.0 -999.0 -999 -999 "" "" "" "" 0 0 0.0 0.0 -999 ""
FIBERMAP 398 R-5C4 APOGEE 0 0 0 1 0 0 -150.77188653530445 -106.6206474140525 143.1 117.82357454821617 -142.17798256549324 19.916887 58.827423 -999.0 -999.0 -999.0 -999.0 -999.0 175.82136822960194 -8.325549359273447 175.81893273216542 -8.47918044920673 64.76005718836521 38.63077942284724 -999.0 16600.0 -999.0 2 -999 {-999.0 -999.0 -999.0 -999.0 -999.0} "" -999.0 -999.0 -999.0 -999.0 -999 -999 "" "" "" "" 0 0 0.0 0.0 -999 ""
FIBERMAP 398 R-5C4 BOSS 1 1 0 1 0 0 -150.93122243989876 -107.34756312866723 143.1 118.56050562876982 -142.28130632723983 19.916887 58.827423 175.82373277699193 -8.325717404869406 2.2650032 -35.846886 1.0382242 175.82371737901144 -8.325817254555567 175.82122600796777 -8.47953315071946 64.75909922754164 38.63567138757901 5400.0 5400.0 2016.0 1 492 {-999.0 17.57301 16.841524 16.462002 -999.0} sdss_psfmag_ps1 17.362211 16.846107 16.182943 14.907 63050395164329220 1136357135 dark_flexible_3x1 mwm_halo_local_high_boss_triple mwm_halo science 0 0 0.0 0.0 -999 ""
FIBERMAP 398 R-5C4 METROLOGY 0 0 0 1 0 0 -151.48070724745625 -106.8595436568457 143.1 118.11591791232375 -142.86644598341562 19.916887 58.827423 -999.0 -999.0 -999.0 -999.0 -999.0 175.822355854216 -8.32763356537849 175.81987976030064 -8.481324952168128 64.76132831891263 38.6353873268788 -999.0 6231.0 -999.0 -1 -999 {-999.0 -999.0 -999.0 -999.0 -999.0} "" -999.0 -999.0 -999.0 -999.0 -999 -999 "" "" "" "" 0 0 0.0 0.0 -999 ""
FIBERMAP 400 R-2C24 APOGEE 0 0 0 1 0 0 264.62181611129085 -36.24227528753788 143.1 15.916585229821527 266.6050991570076 46.129227 73.7954 -999.0 -999.0 -999.0 -999.0 -999.0 175.50869610588694 -7.088570421926544 175.50644831834074 -7.242323587078646 63.88405899230024 36.49238549369471 -999.0 16600.0 -999.0 2 -999 {-999.0 -999.0 -999.0 -999.0 -999.0} "" -999.0 -999.0 -999.0 -999.0 -999 -999 "" "" "" "" 0 0 0.0 0.0 -999 ""
FIBERMAP 400 R-2C24 BOSS 1 1 0 1 0 0 264.9772420288957 -36.98421951802748 143.1 16.629170517355682 267.01615693440783 46.129227 73.7954 175.51095020155068 -7.087247634552461 -0.7907099 -0.92568094 -0.60037535 175.5109218442337 -7.087251422448929 175.5086192218323 -7.241094885989763 63.88188363058951 36.49508814620708 5400.0 5400.0 2016.0 1 335 {-999.0 20.691298 20.517052 20.368525 20.266205} sdss_psfmag_from_gaiadr2 20.374784 20.513859 19.778006 -999.0 63050395164338013 1130008486 dark_flexible_3x1 bhm_gua_dark_d3 bhm_filler science 0 0 0.0 0.0 -999 ""
FIBERMAP 400 R-2C24 METROLOGY 0 0 0 1 0 0 264.2474692463127 -36.88985743790733 143.1 16.590845939408464 266.28134150711736 46.129227 73.7954 -999.0 -999.0 -999.0 -999.0 -999.0 175.51079441233944 -7.089429319095238 175.50850704249547 -7.243247020554515 63.88377459164349 36.497436130877645 -999.0 6231.0 -999.0 -1 -999 {-999.0 -999.0 -999.0 -999.0 -999.0} "" -999.0 -999.0 -999.0 -999.0 -999 -999 "" "" "" "" 0 0 0.0 0.0 -999 ""
FIBERMAP 401 R+11C3 APOGEE 0 0 0 1 0 0 -135.32998385157836 226.3824432656147 143.1 -215.37052564981073 -152.22458519207984 164.96165 79.21801 -999.0 -999.0 -999.0 -999.0 -999.0 174.8020959620113 -8.3549298807598 174.79939288257492 -8.508288570988697 65.32913526269448 36.656389072684306 -999.0 16600.0 -999.0 2 5 {-999.0 -999.0 -999.0 -999.0 -999.0} "" -999.0 -999.0 -999.0 -999.0 -999 -999 "" "" "" "" 0 0 0.0 0.0 -999 ""
FIBERMAP 401 R+11C3 BOSS 1 1 0 1 0 0 -134.98317773612973 227.0232015091588 143.1 -216.03587850137868 -151.92776514172687 164.96165 79.21801 174.80009907649 -8.353943869116673 5.681351 2.0410662 -0.9072521 174.80012238283746 -8.353941211859983 174.79736648165772 -8.507383146640008 65.32942413446119 36.651166095965664 5400.0 5400.0 2016.0 1 5 {-999.0 20.870165 20.65437 20.466484 20.32005} sdss_psfmag_from_gaiadr2 20.967445 20.668978 20.246614 -999.0 63050395164320696 1130008209 dark_flexible_3x1 bhm_gua_dark_d3 bhm_filler science 0 0 0.0 0.0 -999 ""
FIBERMAP 401 R+11C3 METROLOGY 0 0 0 1 0 0 -134.59287164730557 226.41428089027175 143.1 -215.45858680208033 -151.49209425500553 164.96165 79.21801 -999.0 -999.0 -999.0 -999.0 -999.0 174.80181808145832 -8.352688474041484 174.79907782199518 -8.506107389184855 65.32744720676882 36.65299674562783 -999.0 6231.0 -999.0 -1 -999 {-999.0 -999.0 -999.0 -999.0 -999.0} "" -999.0 -999.0 -999.0 -999.0 -999 -999 "" "" "" "" 0 0 0.0 0.0 -999 ""
FIBERMAP 403 R-11C5 APOGEE 0 0 0 1 0 0 -65.32759874611942 -215.70673743959685 143.1 220.05749225208004 -48.6528344050164 352.25635 115.26319 -999.0 -999.0 -999.0 -999.0 -999.0 176.13332199334909 -8.041473712143866 176.13101911570948 -8.195223461174995 64.35268818055049 38.86392105612367 -999.0 16600.0 -999.0 2 188 {-999.0 -999.0 -999.0 -999.0 -999.0} "" -999.0 -999.0 -999.0 -999.0 -999 -999 "" "" "" "" 0 0 0.0 0.0 -999 ""
FIBERMAP 403 R-11C5 BOSS 1 1 0 1 0 0 -65.07169331649652 -216.426684774314 143.1 220.7557496895352 -48.342682245979276 352.25635 115.26319 176.13555908203125 -8.040452995978526 -999.0 -999.0 -999.0 176.13554088576 -8.040450887243047 176.1331810655861 -8.194286989001725 64.35072246465616 38.86683605981284 5400.0 5400.0 2015.5 1 385 {-999.0 -999.0 -999.0 -999.0 -999.0} "" -999.0 -999.0 -999.0 -999.0 27021603139068917 811638221 "" ops_sky_boss_good ops_sky sky_boss 0 0 0.0 0.0 -999 ""
FIBERMAP 403 R-11C5 METROLOGY 0 0 0 1 0 0 -65.8184277705547 -216.2633937186433 143.1 220.64999674510022 -49.09967540486426 352.25635 115.26319 -999.0 -999.0 -999.0 -999.0 -999.0 176.13523946258871 -8.042775377852003 176.13289547782335 -8.196586747702264 64.35279311973021 38.86923830208741 -999.0 6231.0 -999.0 -1 -999 {-999.0 -999.0 -999.0 -999.0 -999.0} "" -999.0 -999.0 -999.0 -999.0 -999 -999 "" "" "" "" 0 0 0.0 0.0 -999 ""
FIBERMAP 405 R+10C6 APOGEE 0 0 0 1 0 0 -77.08385802029095 188.27384218485116 143.1 -181.82529977231655 -91.23977712274657 197.50093 130.82356 -999.0 -999.0 -999.0 -999.0 -999.0 174.903932421777 -8.171061950083116 174.90130077575236 -8.324478629209887 65.11980242587029 36.62932966145769 -999.0 16600.0 -999.0 2 -999 {-999.0 -999.0 -999.0 -999.0 -999.0} "" -999.0 -999.0 -999.0 -999.0 -999 -999 "" "" "" "" 0 0 0.0 0.0 -999 ""
FIBERMAP 405 R+10C6 BOSS 1 1 0 1 0 0 -77.70524968893095 188.66984870216953 143.1 -182.17265380758056 -91.88957999631089 197.50093 130.82356 174.90287627489008 -8.17297784861486 -0.069252536 -0.083401136 -0.3077368 174.90287998929102 -8.172964814335923 174.90019462671125 -8.326465375360364 65.12206764725728 36.62960934529184 5400.0 5400.0 2016.0 1 124 {-999.0 18.406834 18.376614 18.173994 17.969027} sdss_psfmag_from_lsdr10 18.376852 18.196476 17.822578 -999.0 63050395164321772 1058911149 dark_flexible_2x1 bhm_spiders_agn_lsdr10 bhm_spiders science 0 0 0.0 0.0 -999 ""
FIBERMAP 405 R+10C6 METROLOGY 0 0 0 1 0 0 -77.05487291726479 189.02127651681528 143.1 -182.57272926549078 -91.26798480057364 197.50093 130.82356 -999.0 -999.0 -999.0 -999.0 -999.0 174.9016172852222 -8.171116632511884 174.89894708170505 -8.32459319827393 65.1211277456988 36.624769678759094 -999.0 6231.0 -999.0 -1 -999 {-999.0 -999.0 -999.0 -999.0 -999.0} "" -999.0 -999.0 -999.0 -999.0 -999 -999 "" "" "" "" 0 0 0.0 0.0 -999 ""
FIBERMAP 406 R-1C24 APOGEE 1 1 0 1 0 0 222.49516938400117 -7.496600541233599 143.1 -9.525103364552745 222.40726732483802 168.42702 81.340996 175.43125908592705 -7.221373114854553 -38.582825 -7.6070566 6.674453 175.4311479947372 -7.221394049754425 175.4288559246154 -7.3751056433438 64.03747810386423 36.50172014932298 16000.0 16600.0 2016.0 2 204 {-999.0 9.054939 8.911637 8.8892975 -999.0} sdss_psfmag_gaia 9.075382 8.894246 8.569108 8.121 63050395164337552 975464370 "" ops_std_apogee ops_std standard_apogee 0 0 0.0 0.0 -999 ""
FIBERMAP 406 R-1C24 BOSS 0 0 0 1 0 0 222.72484921627648 -6.791052256446301 143.1 -10.246104996063789 222.58235868705293 168.42702 81.340996 -999.0 -999.0 -999.0 -999.0 -999.0 175.42900066412727 -7.220737339565312 175.42665309250287 -7.374537370659901 64.03814008047388 36.49679056365295 -999.0 5400.0 -999.0 1 287 {-999.0 -999.0 -999.0 -999.0 -999.0} "" -999.0 -999.0 -999.0 -999.0 -999 -999 "" "" "" "" 0 0 0.0 0.0 -999 ""
FIBERMAP 406 R-1C24 METROLOGY 0 0 0 1 0 0 223.22571025167989 -7.35059712920226 143.1 -9.726489229997767 223.1244837548049 168.42702 81.340996 -999.0 -999.0 -999.0 -999.0 -999.0 175.43056975464125 -7.21909542492323 175.42823850180764 -7.372870945275038 64.03589661567929 36.497852067333895 -999.0 6231.0 -999.0 -1 -999 {-999.0 -999.0 -999.0 -999.0 -999.0} "" -999.0 -999.0 -999.0 -999.0 -999 -999 "" "" "" "" 0 0 0.0 0.0 -999 ""
FIBERMAP 407 R-6C15 APOGEE 0 0 0 1 0 0 107.59505695034494 -113.5692588108036 143.1 105.01137463330382 115.95267404022077 45.526558 76.310936 -999.0 -999.0 -999.0 -999.0 -999.0 175.78152337533652 -7.543024896594128 175.77923726520282 -7.696772276782814 64.12545384574932 37.565974583767115 -999.0 16600.0 -999.0 2 200 {-999.0 -999.0 -999.0 -999.0 -999.0} "" -999.0 -999.0 -999.0 -999.0 -999 -999 "" "" "" "" 0 0 0.0 0.0 -999 ""
FIBERMAP 407 R-6C15 BOSS 1 1 0 1 0 0 107.98106444584448 -114.198407586619 143.1 105.60916285295016 116.38560460280291 45.526558 76.310936 175.7834322380728 -7.5415783519357795 -999.0 -999.0 -999.0 175.78344745495002 -7.541578342850275 175.78110559300615 -7.695414092864952 64.1233128568735 37.56787639437795 5400.0 5400.0 2016.0 1 282 {-999.0 21.738607 21.565966 21.159922 20.877064} sdss_fiber2mag_from_lsdr10 nan nan nan -999.0 63050397591159448 1131662869 dark_flexible_3x1 bhm_spiders_agn_lsdr10_d3 bhm_spiders science 0 0 0.0 0.0 -999 ""
FIBERMAP 407 R-6C15 METROLOGY 0 0 0 1 0 0 107.2403641767479 -114.22821180656037 143.1 105.69547077968846 115.64938089563609 45.526558 76.310936 -999.0 -999.0 -999.0 -999.0 -999.0 175.78371324645747 -7.543818995808223 175.78138698897362 -7.697629596532231 64.12503030800153 37.57114636627415 -999.0 6231.0 -999.0 -1 -999 {-999.0 -999.0 -999.0 -999.0 -999.0} "" -999.0 -999.0 -999.0 -999.0 -999 -999 "" "" "" "" 0 0 0.0 0.0 -999 ""
FIBERMAP 408 R+13C11 APOGEE 1 1 0 1 0 0 89.66683935710618 238.75540967623098 143.1 -244.89733142869653 71.15880012836097 341.41647 81.182945 174.71272871806914 -7.679070552508494 0.7164681 -19.71137 1.7880559 174.71272398302239 -7.679121018056205 174.71016967331877 -7.832561888006142 64.7984346881691 35.642332019036246 16000.0 16600.0 2016.0 2 96 {-999.0 11.897293 11.344368 11.129701 -999.0} sdss_psfmag_from_g3xp 11.777254 11.371088 10.7881775 9.594 63050395164327313 1104314308 bright_1x1 mwm_tess_rgb_apogee mwm_tessrgb science 0 0 0.0 0.0 -999 ""
FIBERMAP 408 R+13C11 BOSS 0 0 0 1 0 0 89.29679416930537 238.12152989539047 143.1 -244.23706106513106 70.83828447130264 341.41647 81.182945 -999.0 -999.0 -999.0 -999.0 -999.0 174.71476172918815 -7.679998850011784 174.71215526019148 -7.833526693812683 64.79825016551248 35.64745911664829 -999.0 5400.0 -999.0 1 170 {-999.0 -999.0 -999.0 -999.0 -999.0} "" -999.0 -999.0 -999.0 -999.0 -999 -999 "" "" "" "" 0 0 0.0 0.0 -999 ""
FIBERMAP 408 R+13C11 METROLOGY 0 0 0 1 0 0 88.92165142409709 238.75849356609274 143.1 -244.84347108098922 70.41558931106664 341.41647 81.182945 -999.0 -999.0 -999.0 -999.0 -999.0 174.71286044722862 -7.681289914753376 174.7102680755561 -7.834792476699052 64.80029738299201 35.645223154690825 -999.0 6231.0 -999.0 -1 -999 {-999.0 -999.0 -999.0 -999.0 -999.0} "" -999.0 -999.0 -999.0 -999.0 -999 -999 "" "" "" "" 0 0 0.0 0.0 -999 ""
FIBERMAP 418 R-5C2 APOGEE 0 0 0 1 0 0 -212.16029446652982 -77.92268483587213 143.1 93.90112536924205 -205.5767349870931 131.42311 65.14605 -999.0 -999.0 -999.0 -999.0 -999.0 175.74798477769662 -8.517157078435424 175.74549101933076 -8.670739814491208 64.95983348826712 38.737568859201474 -999.0 16600.0 -999.0 2 -999 {-999.0 -999.0 -999.0 -999.0 -999.0} "" -999.0 -999.0 -999.0 -999.0 -999 -999 "" "" "" "" 0 0 0.0 0.0 -999 ""
FIBERMAP 418 R-5C2 BOSS 1 1 0 1 0 0 -211.46311905326442 -77.71803706067524 143.1 93.64381851985168 -204.89726558085613 131.42311 65.14605 175.74721391903407 -8.514746859326566 20.122625 -110.946594 1.6445304 175.7472734650813 -8.51506527111647 175.74472386846105 -8.668731594789778 64.95858073654696 38.7334504099951 5400.0 5400.0 2016.0 1 454 {-999.0 19.419746 17.988483 17.470505 -999.0} sdss_psfmag_ps1 18.784498 17.92529 17.0333 15.499 63050395164240414 1136356847 dark_flexible_3x1 mwm_halo_local_high_boss_triple mwm_halo science 0 0 0.0 0.0 -999 ""
FIBERMAP 418 R-5C2 METROLOGY 0 0 0 1 0 0 -211.61163269510521 -78.43108278765135 143.1 94.3660939374351 -204.99085893283967 131.42311 65.14605 -999.0 -999.0 -999.0 -999.0 -999.0 175.7494812061134 -8.515395769228837 175.7469480102469 -8.669038935501293 64.95761967039815 38.73817849632724 -999.0 6231.0 -999.0 -1 -999 {-999.0 -999.0 -999.0 -999.0 -999.0} "" -999.0 -999.0 -999.0 -999.0 -999 -999 "" "" "" "" 0 0 0.0 0.0 -999 ""
FIBERMAP 420 R+1C6 APOGEE 0 0 0 1 0 0 -180.8222547401174 15.672094632652659 143.1 -1.8100776041364937 -181.48273245715987 197.0231 115.52548 -999.0 -999.0 -999.0 -999.0 -999.0 175.45494181087378 -8.444967409502597 175.45238668317052 -8.598488359082836 65.0586906737787 38.0704955780696 -999.0 16600.0 -999.0 2 -999 {-999.0 -999.0 -999.0 -999.0 -999.0} "" -999.0 -999.0 -999.0 -999.0 -999 -999 "" "" "" "" 0 0 0.0 0.0 -999 ""
FIBERMAP 420 R+1C6 BOSS 1 1 0 1 0 0 -181.34478641473206 16.219454030121305 143.1 -2.3158883620566777 -182.0455328012233 197.0231 115.52548 175.45345839531797 -8.446653184622296 -6.6046696 -0.10823924 0.45188245 175.45344649383443 -8.44664522991114 175.45083561365743 -8.600249101508044 65.06100291332811 38.06972423174159 5400.0 5400.0 2016.0 1 20 {-999.0 20.030424 20.340147 20.598576 -999.0} sdss_psfmag_ps1 20.032343 20.182745 20.081615 -999.0 63050395164319559 1166248515 dark_1x1 openfibertargets_mwm_strippedstars_boss open_fiber science 0 0 0.0 0.0 -999 ""
FIBERMAP 420 R+1C6 METROLOGY 0 0 0 1 0 0 -180.62039182183156 16.392337354946495 143.1 -2.5436047261336774 -181.33649811902546 197.0231 115.52548 -999.0 -999.0 -999.0 -999.0 -999.0 175.45273218508132 -8.444552010136345 175.450137166354 -8.59813235422819 65.0596052134677 38.06561385520581 -999.0 6231.0 -999.0 -1 -999 {-999.0 -999.0 -999.0 -999.0 -999.0} "" -999.0 -999.0 -999.0 -999.0 -999 -999 "" "" "" "" 0 0 0.0 0.0 -999 ""
FIBERMAP 426 R+3C15 APOGEE 0 0 0 1 0 0 73.73922264633534 65.17157885198891 143.1 -70.61200653289993 68.54091715456994 63.025864 67.376335 -999.0 -999.0 -999.0 -999.0 -999.0 175.24405609871 -7.6868299371916855 175.24161989371714 -7.840417114932346 64.53083324025533 36.70208826738792 -999.0 16600.0 -999.0 2 -999 {-999.0 -999.0 -999.0 -999.0 -999.0} "" -999.0 -999.0 -999.0 -999.0 -999 -999 "" "" "" "" 0 0 0.0 0.0 -999 ""
FIBERMAP 426 R+3C15 BOSS 1 1 0 1 0 0 74.23419619795143 64.61149389622621 143.1 -70.09140246226237 69.07721348494711 63.025864 67.376335 175.24566650390622 -7.685074310231556 -999.0 -999.0 -999.0 175.2456657057123 -7.685076936650288 175.24317587036785 -7.838751590646155 64.5286051403807 36.703089955083385 5400.0 5400.0 2015.5 1 205 {-999.0 -999.0 -999.0 -999.0 -999.0} "" -999.0 -999.0 -999.0 -999.0 27021603139070028 820037257 "" ops_sky_boss_good ops_sky sky_boss 0 0 0.0 0.0 -999 ""
FIBERMAP 426 R+3C15 METROLOGY 0 0 0 1 0 0 73.50051674102286 64.46269401820767 143.1 -69.88698863487842 68.35708144556983 63.025864 67.376335 -999.0 -999.0 -999.0 -999.0 -999.0 175.246267456499 -7.687279765065023 175.24379266712083 -7.84092962948548 64.53013297506969 36.70696908332167 -999.0 6231.0 -999.0 -1 -999 {-999.0 -999.0 -999.0 -999.0 -999.0} "" -999.0 -999.0 -999.0 -999.0 -999 -999 "" "" "" "" 0 0 0.0 0.0 -999 ""
FIBERMAP 427 R+3C22 APOGEE 1 1 0 1 0 0 196.2413815548501 52.58740042500493 143.1 -67.42480760522764 191.6407994466054 230.56917 81.0152 175.25430381370643 -7.314289419679181 2.223883 6.783448 1.7182294 175.25430068635887 -7.314273385018146 175.2519515575218 -7.467923471715753 64.20835333831218 36.27042899847538 16000.0 16600.0 2016.0 2 115 {-999.0 12.281215 11.911381 11.811581 -999.0} sdss_psfmag_from_g3xp 12.221396 11.931558 11.481333 10.744 63050395164337756 974986641 "" ops_std_apogee ops_std standard_apogee 0 0 0.0 0.0 -999 ""
FIBERMAP 427 R+3C22 BOSS 0 0 0 1 0 0 195.78232975216878 53.17030161628051 143.1 -67.97090471445657 191.13857495657672 230.56917 81.0152 -999.0 -999.0 -999.0 -999.0 -999.0 175.2526671722415 -7.315651383115157 175.25026287454637 -7.469389192542757 64.21047734546659 36.268903711281666 -999.0 5400.0 -999.0 1 200 {-999.0 -999.0 -999.0 -999.0 -999.0} "" -999.0 -999.0 -999.0 -999.0 -999 -999 "" "" "" "" 0 0 0.0 0.0 -999 ""
FIBERMAP 427 R+3C22 METROLOGY 0 0 0 1 0 0 196.51030439861196 53.28485003089001 143.1 -68.14073291522159 191.8556360620728 230.56917 81.0152 -999.0 -999.0 -999.0 -999.0 -999.0 175.25212755914515 -7.3134869928115505 175.24973909125322 -7.467199969569563 64.20888064609751 36.265260160126616 -999.0 6231.0 -999.0 -1 -999 {-999.0 -999.0 -999.0 -999.0 -999.0} "" -999.0 -999.0 -999.0 -999.0 -999 -999 "" "" "" "" 0 0 0.0 0.0 -999 ""
FIBERMAP 429 R-3C5 APOGEE 1 1 0 1 0 0 -163.80211980987787 -46.20990391490387 143.1 58.58777011732371 -159.78512579365832 68.64373 120.03564 175.64013204934636 -8.379250671624886 -39.098003 9.931669 3.0660927 175.64001298356814 -8.379226644088304 175.63751997739973 -8.532804791096758 64.9035661244681 38.347911127292775 16000.0 16600.0 2016.0 2 289 {-999.0 11.38309 11.1091 11.0335865 -999.0} sdss_psfmag_gaia 11.36186 11.115712 10.70992 10.06 63050395164319681 975423241 "" ops_std_apogee ops_std standard_apogee 0 0 0.0 0.0 -999 ""
FIBERMAP 429 R-3C5 BOSS 0 0 0 1 0 0 -163.07860948077226 -46.09550410010297 143.1 58.41843116527341 -159.0725043957368 68.64373 120.03564 -999.0 -999.0 -999.0 -999.0 -999.0 175.6395734482754 -8.377050130373439 175.6370250799058 -8.530712482616428 64.9020852916082 38.344240166681004 -999.0 5400.0 -999.0 1 474 {-999.0 -999.0 -999.0 -999.0 -999.0} "" -999.0 -999.0 -999.0 -999.0 -999 -999 "" "" "" "" 0 0 0.0 0.0 -999 ""
FIBERMAP 429 R-3C5 METROLOGY 0 0 0 1 0 0 -163.3193443312457 -46.789387136948406 143.1 59.12864683101636 -159.25950921730566 68.64373 120.03564 -999.0 -999.0 -999.0 -999.0 -999.0 175.64174057084114 -8.377654893241688 175.6392084135498 -8.531293890969687 64.90138683103719 38.34924804478226 -999.0 6231.0 -999.0 -1 -999 {-999.0 -999.0 -999.0 -999.0 -999.0} "" -999.0 -999.0 -999.0 -999.0 -999 -999 "" "" "" "" 0 0 0.0 0.0 -999 ""
FIBERMAP 434 R+1C15 APOGEE 0 0 0 1 0 0 33.767604760317816 1.6088803703065686 143.1 -4.184071376665262 33.544412024474774 303.47772 77.88669 -999.0 -999.0 -999.0 -999.0 -999.0 175.4475208756662 -7.793005539591269 175.44510724504516 -7.946628909985612 64.51383404390029 37.23025748431729 -999.0 16600.0 -999.0 2 -999 {-999.0 -999.0 -999.0 -999.0 -999.0} "" -999.0 -999.0 -999.0 -999.0 -999 -999 "" "" "" "" 0 0 0.0 0.0 -999 ""
FIBERMAP 434 R+1C15 BOSS 1 1 0 1 0 0 33.01222230313287 1.3250728990910297 143.1 -3.8433926546195747 32.81295650232943 303.47772 77.88669 175.44807825733434 -7.794922529885483 60.989037 -68.29097 11.076379 175.44861806068553 -7.795118740662218 175.44614908803692 -7.948828443025484 64.515142131477 37.23501557412834 5400.0 5400.0 2016.0 1 197 {-999.0 16.61482 15.167812 14.074738 -999.0} sdss_psfmag_ps1 15.989779 14.700223 13.580295 -999.0 63050395164331433 1151076350 bright_1x1 mwm_snc_100pc_boss_single mwm_snc science 0 0 1.2985467910766602 0.0 -999 ""
FIBERMAP 434 R+1C15 METROLOGY 0 0 0 1 0 0 33.171611119759795 2.06086465898316 143.1 -4.589177466890748 32.91565485670863 303.47772 77.88669 -999.0 -999.0 -999.0 -999.0 -999.0 175.4463156302788 -7.794829171743904 175.4438618210869 -7.948513846046929 64.51608640560084 37.2301743867265 -999.0 6231.0 -999.0 -1 -999 {-999.0 -999.0 -999.0 -999.0 -999.0} "" -999.0 -999.0 -999.0 -999.0 -999 -999 "" "" "" "" 0 0 0.0 0.0 -999 ""
FIBERMAP 435 R-5C3 APOGEE 0 0 0 1 0 0 -208.91962972173323 -100.74488604821565 143.1 116.40796047419275 -200.60199341830304 231.5179 69.82775 -999.0 -999.0 -999.0 -999.0 -999.0 175.8168158572832 -8.50192551230275 175.81434333062407 -8.655527350475605 64.9094475206735 38.85140326410237 -999.0 16600.0 -999.0 2 243 {-999.0 -999.0 -999.0 -999.0 -999.0} "" -999.0 -999.0 -999.0 -999.0 -999 -999 "" "" "" "" 0 0 0.0 0.0 -999 ""
FIBERMAP 435 R-5C3 BOSS 1 1 0 1 0 0 -209.3110491565215 -100.11390626619038 143.1 115.80876017719754 -201.0404597457055 231.5179 69.82775 175.81504055255425 -8.503219194939401 -999.0 -999.0 -999.0 175.8150562631018 -8.503200035710604 175.81252667267006 -8.656884760960216 64.91157333367957 38.849655933567306 5400.0 5400.0 2016.0 1 500 {-999.0 21.076908 20.871073 20.693277 20.557245} sdss_psfmag_from_gaiadr2 20.890089 20.880827 20.197145 -999.0 63050395164240458 1130006898 dark_flexible_3x1 bhm_gua_dark_d3 bhm_filler science 0 0 0.0 0.0 -999 ""
FIBERMAP 435 R-5C3 METROLOGY 0 0 0 1 0 0 -208.56389873706883 -100.08796176649668 143.1 115.72580769473186 -200.29751014431656 231.5179 69.82775 -999.0 -999.0 -999.0 -999.0 -999.0 175.8148097544472 -8.501018919215337 175.812296510637 -8.654680272341523 64.90986555171672 38.846324910392696 -999.0 6231.0 -999.0 -1 -999 {-999.0 -999.0 -999.0 -999.0 -999.0} "" -999.0 -999.0 -999.0 -999.0 -999 -999 "" "" "" "" 0 0 0.0 0.0 -999 ""
FIBERMAP 438 R+12C2 APOGEE 0 0 0 1 0 0 -132.89303721834216 254.15755213138223 143.1 -243.24935166005957 -151.9169945309501 150.73299 34.73154 -999.0 -999.0 -999.0 -999.0 -999.0 174.71743124401067 -8.353533721125102 174.71470670459416 -8.506868390812244 65.37205166846121 36.48390404131209 -999.0 16600.0 -999.0 2 6 {-999.0 -999.0 -999.0 -999.0 -999.0} "" -999.0 -999.0 -999.0 -999.0 -999 -999 "" "" "" "" 0 0 0.0 0.0 -999 ""
FIBERMAP 438 R+12C2 BOSS 1 1 0 1 0 0 -132.17109259968112 254.26272954147845 143.1 -243.40937596610803 -151.20522956889448 150.73299 34.73154 174.71704446275865 -8.351235572087706 -10.423161 -12.878429 0.35669073 174.7170178513183 -8.351286168460128 174.71424152720692 -8.504704696207092 65.3704529786889 36.480235389422546 5400.0 5400.0 2016.0 1 6 {-999.0 17.484486 17.139856 16.990665 -999.0} sdss_psfmag_ps1 17.4015 17.10442 16.638372 15.625 63050395164321031 977028376 "" ops_std_boss ops_std standard_boss 0 0 0.0 0.0 -999 ""
FIBERMAP 438 R+12C2 METROLOGY 0 0 0 1 0 0 -132.4478339936898 253.55663914595414 143.1 -242.68423815834586 -151.42720133057205 150.73299 34.73154 -999.0 -999.0 -999.0 -999.0 -999.0 174.71915357568915 -8.352023080209253 174.71639241575178 -8.505418407599945 65.36994173542882 36.48547769994968 -999.0 6231.0 -999.0 -1 -999 {-999.0 -999.0 -999.0 -999.0 -999.0} "" -999.0 -999.0 -999.0 -999.0 -999 -999 "" "" "" "" 0 0 0.0 0.0 -999 ""
FIBERMAP 439 R-6C3 APOGEE 0 0 0 1 0 0 -188.08759636695274 -108.88767711528978 143.1 122.93492915839498 -179.20967902336722 125.72878 130.00032 -999.0 -999.0 -999.0 -999.0 -999.0 175.8368640450149 -8.437350025066408 175.83440986446215 -8.590966982107545 64.84472183757997 38.80595979264149 -999.0 16600.0 -999.0 2 244 {-999.0 -999.0 -999.0 -999.0 -999.0} "" -999.0 -999.0 -999.0 -999.0 -999 -999 "" "" "" "" 0 0 0.0 0.0 -999 ""
FIBERMAP 439 R-6C3 BOSS 1 1 0 1 0 0 -187.86153176613462 -108.17033906543523 143.1 122.20244898684174 -179.03909293878294 125.72878 130.00032 175.83469267897593 -8.436789911067503 -1.3244196 0.15458325 0.92152333 175.83470878591558 -8.436797723502641 175.8321977260855 -8.590498061668136 64.84554376611602 38.80106514700077 5400.0 5400.0 2016.0 1 501 {-999.0 nan nan nan nan} undefined 20.158808 20.132557 19.34532 -999.0 63050395164240495 1131654721 dark_flexible_3x1 bhm_spiders_agn_lsdr10_d3 bhm_spiders science 0 0 0.0 0.0 -999 ""
FIBERMAP 439 R-6C3 METROLOGY 0 0 0 1 0 0 -187.3523458885783 -108.73498839983331 143.1 122.72651800917951 -178.48827774886948 125.72878 130.00032 -999.0 -999.0 -999.0 -999.0 -999.0 175.83631587333906 -8.435180575101619 175.83382154567187 -8.58885781172685 64.843288627427 38.80207079798623 -999.0 6231.0 -999.0 -1 -999 {-999.0 -999.0 -999.0 -999.0 -999.0} "" -999.0 -999.0 -999.0 -999.0 -999 -999 "" "" "" "" 0 0 0.0 0.0 -999 ""
FIBERMAP 441 R-2C4 APOGEE 0 0 0 1 0 0 -185.7496796144569 -47.395954738732385 143.1 61.44717286836367 -181.57689663122284 7.362944 75.69066 -999.0 -999.0 -999.0 -999.0 -999.0 175.6487348496596 -8.445036586702614 175.64623018233328 -8.598606406716376 64.95382048706234 38.450194388668365 -999.0 16600.0 -999.0 2 -999 {-999.0 -999.0 -999.0 -999.0 -999.0} "" -999.0 -999.0 -999.0 -999.0 -999 -999 "" "" "" "" 0 0 0.0 0.0 -999 ""
FIBERMAP 441 R-2C4 BOSS 1 1 0 1 0 0 -185.81483376568067 -48.11102433576473 143.1 62.16509717678283 -181.58722338641155 7.362944 75.69066 175.65101627716652 -8.445037849181931 0.47862414 -0.104743324 0.033668008 175.65100816554272 -8.445035044167081 175.64844835322754 -8.598689108264821 64.95268329155388 38.454628491152846 5400.0 5400.0 2016.0 1 472 {-999.0 17.835278 17.777512 17.670835 17.564957} sdss_psfmag_from_lsdr10 17.98555 17.844696 17.488077 -999.0 63050395164319612 1058908796 dark_flexible_2x1 bhm_spiders_agn_lsdr10 bhm_spiders science 0 0 0.0 0.0 -999 ""
FIBERMAP 441 R-2C4 METROLOGY 0 0 0 1 0 0 -186.43445727410378 -47.69691615427371 143.1 61.799560133923414 -182.23664638334586 7.362944 75.69066 -999.0 -999.0 -999.0 -999.0 -999.0 175.6498800841729 -8.447046063825281 175.6473353519973 -8.600675806984322 64.95494777560017 38.45503869559411 -999.0 6231.0 -999.0 -1 -999 {-999.0 -999.0 -999.0 -999.0 -999.0} "" -999.0 -999.0 -999.0 -999.0 -999 -999 "" "" "" "" 0 0 0.0 0.0 -999 ""
FIBERMAP 442 R+13C12 APOGEE 1 1 0 1 0 0 115.94685148317906 239.19904134699834 143.1 -247.34753472580417 97.32688218362492 9.641024 57.32829 174.70575369206992 -7.600035983392109 -43.57737 0.83396864 5.665006 174.70561831818722 -7.600041346867216 174.70308245490094 -7.753492855950054 64.73420006966984 35.53293225446674 16000.0 16600.0 2016.0 2 59 {-999.0 8.43143 8.236104 8.179533 -999.0} sdss_psfmag_from_g3xp 8.431046 8.222458 7.860199 7.345 63050395164327448 974986599 "" ops_std_apogee ops_std standard_apogee 0 0 0.0 0.0 -999 ""
FIBERMAP 442 R+13C12 BOSS 0 0 0 1 0 0 115.66579590758013 238.50436410375863 143.1 -246.63344656125943 97.09973704421533 9.641024 57.32829 -999.0 -999.0 -999.0 -999.0 -999.0 174.70783057809206 -7.600637731742443 174.70524266463474 -7.754176652987057 64.7336891139564 35.53805889764385 -999.0 5400.0 -999.0 1 97 {-999.0 -999.0 -999.0 -999.0 -999.0} "" -999.0 -999.0 -999.0 -999.0 -999 -999 "" "" "" "" 0 0 0.0 0.0 -999 ""
FIBERMAP 442 R+13C12 METROLOGY 0 0 0 1 0 0 115.2043240068333 239.10334466583942 143.1 -247.19539039141355 96.59387111960955 9.641024 57.32829 -999.0 -999.0 -999.0 -999.0 -999.0 174.70606046992984 -7.602174796208991 174.70348662532604 -7.755688335395299 64.73587930872306 35.53637626464331 -999.0 6231.0 -999.0 -1 -999 {-999.0 -999.0 -999.0 -999.0 -999.0} "" -999.0 -999.0 -999.0 -999.0 -999 -999 "" "" "" "" 0 0 0.0 0.0 -999 ""
FIBERMAP 445 R-4C10 APOGEE 0 0 0 1 0 0 -64.10515301983031 -68.90096643920481 143.1 73.59424208691793 -58.65051577703115 216.67787 39.97563 -999.0 -999.0 -999.0 -999.0 -999.0 175.68602799286603 -8.072781474757702 175.68361088538722 -8.22642004066359 64.62207335333574 38.04469874428855 -999.0 16600.0 -999.0 2 -999 {-999.0 -999.0 -999.0 -999.0 -999.0} "" -999.0 -999.0 -999.0 -999.0 -999 -999 "" "" "" "" 0 0 0.0 0.0 -999 ""
FIBERMAP 445 R-4C10 BOSS 1 1 0 1 0 0 -63.92756922693968 -68.15893616794582 143.1 72.84084712505162 -58.530153119001895 216.67787 39.97563 175.6838305464082 -8.07238022280242 -999.0 -999.0 -999.0 175.68381757009206 -8.072367301141036 175.68134406256831 -8.226090694784578 64.62301868978544 38.03988962452826 5400.0 5400.0 2016.0 1 360 {-999.0 22.206541 21.956419 21.540432 21.184828} sdss_psfmag_from_lsdr10 nan nan nan -999.0 63050396875847190 1131658740 dark_flexible_3x1 bhm_spiders_agn_lsdr10_d3 bhm_spiders science 0 0 0.0 0.0 -999 ""
FIBERMAP 445 R-4C10 METROLOGY 0 0 0 1 0 0 -63.391530775674276 -68.67682026046917 143.1 73.31623813393435 -57.956138125835075 216.67787 39.97563 -999.0 -999.0 -999.0 -999.0 -999.0 175.68526499832925 -8.070652997229082 175.68280805134555 -8.224352853986623 64.62077212442989 38.04051756624193 -999.0 6231.0 -999.0 -1 -999 {-999.0 -999.0 -999.0 -999.0 -999.0} "" -999.0 -999.0 -999.0 -999.0 -999 -999 "" "" "" "" 0 0 0.0 0.0 -999 ""
FIBERMAP 449 R-10C16 APOGEE 0 0 0 1 0 0 150.35665837355634 -208.74433022892464 143.1 196.63669380876576 165.85902373770125 267.27423 93.02517 -999.0 -999.0 -999.0 -999.0 -999.0 176.06008710997634 -7.392542602607279 176.05789008123702 -7.546380589765379 63.849729472273 37.910843451316566 -999.0 16600.0 -999.0 2 -999 {-999.0 -999.0 -999.0 -999.0 -999.0} "" -999.0 -999.0 -999.0 -999.0 -999 -999 "" "" "" "" 0 0 0.0 0.0 -999 ""
FIBERMAP 449 R-10C16 BOSS 1 1 0 1 0 0 149.47087778702485 -208.6930251607377 143.1 196.6532179568407 164.97195346383194 267.27423 93.02517 176.06042390146288 -7.395046808715169 -73.67744 -24.601337 5.0138674 176.060217385492 -7.395122491167694 176.0579623404352 -7.549048542538966 63.85193268287794 37.91426136789045 5400.0 5400.0 2016.0 1 333 {-999.0 19.477194 19.526428 19.471848 -999.0} sdss_psfmag_ps1 19.615475 19.416151 19.144283 -999.0 63050395164334646 1143553647 dark_1x3 mwm_wd_pwd_boss_1x3 mwm_wd science 0 0 0.0 0.0 -999 ""
FIBERMAP 449 R-10C16 METROLOGY 0 0 0 1 0 0 149.96410007526006 -208.10762291843196 143.1 196.03187000376738 165.4189843243956 267.27423 93.02517 -999.0 -999.0 -999.0 -999.0 -999.0 176.05834258178328 -7.393765479475988 176.0561037153741 -7.547666253938532 63.85176973778779 37.90904772931276 -999.0 6231.0 -999.0 -1 -999 {-999.0 -999.0 -999.0 -999.0 -999.0} "" -999.0 -999.0 -999.0 -999.0 -999 -999 "" "" "" "" 0 0 0.0 0.0 -999 ""
FIBERMAP 453 R+7C19 APOGEE 0 0 0 1 0 0 187.14967929207202 126.60733378914138 143.1 -140.53030938450783 176.92070046558263 220.21947 144.72829 -999.0 -999.0 -999.0 -999.0 -999.0 175.03122242990938 -7.3590713252441775 175.0288162150133 -7.512653697152825 64.36148883601749 35.88828023966005 -999.0 16600.0 -999.0 2 -999 {-999.0 -999.0 -999.0 -999.0 -999.0} "" -999.0 -999.0 -999.0 -999.0 -999 -999 "" "" "" "" 0 0 0.0 0.0 -999 ""
FIBERMAP 453 R+7C19 BOSS 1 1 0 1 0 0 186.4087180066444 126.55036414986792 143.1 -140.41689675992532 176.18629205441437 220.21947 144.72829 175.03159046016194 -7.3611842699237755 0.23945753 0.0005078513 -0.11557418 175.03158819598147 -7.361166791241366 175.02912789035793 -7.514836996348382 64.36319781156261 35.89150074089315 5400.0 5400.0 2016.0 1 249 {-999.0 18.111374 17.886757 17.778046 17.69255} sdss_psfmag_from_lsdr10 18.028265 17.785032 17.345675 -999.0 63050395164337245 1058920403 dark_flexible_2x1 bhm_spiders_agn_lsdr10 bhm_spiders science 0 0 0.0 0.0 -999 ""
FIBERMAP 453 R+7C19 METROLOGY 0 0 0 1 0 0 186.73354981267036 127.2288918903427 143.1 -141.11822803942542 176.458317317582 220.21947 144.72829 -999.0 -999.0 -999.0 -999.0 -999.0 175.0294177733949 -7.360348344791453 175.02697242043575 -7.513993126884631 64.3635804824606 35.886264662566305 -999.0 6231.0 -999.0 -1 -999 {-999.0 -999.0 -999.0 -999.0 -999.0} "" -999.0 -999.0 -999.0 -999.0 -999 -999 "" "" "" "" 0 0 0.0 0.0 -999 ""
FIBERMAP 454 R+10C8 APOGEE 0 0 0 1 0 0 -19.901524454469904 183.53767559540822 143.1 -181.47213577820338 -33.86537843948627 262.9927 135.64812 -999.0 -999.0 -999.0 -999.0 -999.0 174.90497331254286 -7.997288046769605 174.90238456433894 -8.150732735056366 64.97145502380485 36.41493124807789 -999.0 16600.0 -999.0 2 -999 {-999.0 -999.0 -999.0 -999.0 -999.0} "" -999.0 -999.0 -999.0 -999.0 -999 -999 "" "" "" "" 0 0 0.0 0.0 -999 ""
FIBERMAP 454 R+10C8 BOSS 1 1 0 1 0 0 -20.449287608418143 183.07134297126737 143.1 -180.96533676055984 -34.37588556774512 262.9927 135.64812 174.90659274395836 -7.998572916459858 -25.888544 -68.303696 2.2604642 174.90651004204182 -7.998763991779592 174.90386826070176 -8.152294110658161 64.97201418588112 36.41982264133293 5400.0 5400.0 2016.0 1 125 {-999.0 19.355452 18.010935 16.969883 -999.0} sdss_psfmag_ps1 18.843431 17.71115 16.69178 14.82 63050395164321955 1136357099 dark_flexible_3x1 mwm_halo_local_high_boss_triple mwm_halo science 0 0 0.0 0.0 -999 ""
FIBERMAP 454 R+10C8 METROLOGY 0 0 0 1 0 0 -20.603203063705568 183.7967997859756 143.1 -181.6768797249647 -34.5847715424694 262.9927 135.64812 -999.0 -999.0 -999.0 -999.0 -999.0 174.90430147275865 -7.999421782839088 174.90167403591806 -8.152927019527855 64.97369221511889 36.41623574225571 -999.0 6231.0 -999.0 -1 -999 {-999.0 -999.0 -999.0 -999.0 -999.0} "" -999.0 -999.0 -999.0 -999.0 -999 -999 "" "" "" "" 0 0 0.0 0.0 -999 ""
FIBERMAP 458 R-13C8 APOGEE 0 0 0 1 0 0 24.84201823560111 -237.57698756551045 143.1 234.97351344646472 42.9200029318901 98.3501 55.756855 -999.0 -999.0 -999.0 -999.0 -999.0 176.17812608482194 -7.764165986128952 176.17588531267052 -7.917970669970265 64.09706128025798 38.59674275726246 -999.0 16600.0 -999.0 2 265 {-999.0 -999.0 -999.0 -999.0 -999.0} "" -999.0 -999.0 -999.0 -999.0 -999 -999 "" "" "" "" 0 0 0.0 0.0 -999 ""
FIBERMAP 458 R-13C8 BOSS 1 1 0 1 0 0 25.47694728279479 -237.97178709597577 143.1 235.31862977368647 43.58321076836333 98.3501 55.756855 176.17884235131098 -7.761927957026201 13.780906 -41.48412 1.1642597 176.17925293755314 -7.762066173481104 176.1769549028195 -7.915958368049927 64.09479821784304 38.596229755687546 5400.0 5400.0 2016.0 1 359 {-999.0 14.639923 14.208091 14.049817 -999.0} sdss_psfmag_from_g3xp 14.554067 14.219609 13.716314 12.825 63050395164330499 1135975674 dark_flexible_3x1 mwm_halo_local_high_boss_triple mwm_halo science 0 0 1.3063517808914185 0.0 -999 ""
FIBERMAP 458 R-13C8 METROLOGY 0 0 0 1 0 0 24.83698576696949 -238.3301999795854 143.1 235.72487379573522 42.972533586540415 98.3501 55.756855 -999.0 -999.0 -999.0 -999.0 -999.0 176.18051474678708 -7.763930649394483 176.17823306128616 -7.9177981909563595 64.09563648769657 38.60096795922669 -999.0 6231.0 -999.0 -1 -999 {-999.0 -999.0 -999.0 -999.0 -999.0} "" -999.0 -999.0 -999.0 -999.0 -999 -999 "" "" "" "" 0 0 0.0 0.0 -999 ""
FIBERMAP 461 R+11C5 APOGEE 0 0 0 1 0 0 -81.60127702933616 231.9058061123479 143.1 -224.9825570878899 -99.0774236970472 140.42613 70.13063 -999.0 -999.0 -999.0 -999.0 -999.0 174.77258352942158 -8.194306649241229 174.76991333527576 -8.347682437420024 65.20790154169748 36.39512721494117 -999.0 16600.0 -999.0 2 147 {-999.0 -999.0 -999.0 -999.0 -999.0} "" -999.0 -999.0 -999.0 -999.0 -999 -999 "" "" "" "" 0 0 0.0 0.0 -999 ""
FIBERMAP 461 R+11C5 BOSS 1 1 0 1 0 0 -80.98991453648004 232.2821508019555 143.1 -225.40449459999908 -98.49663067269552 140.42613 70.13063 174.77133603173252 -8.192447676083257 -5.764668 -1.1861829 0.1787391 174.77133153112908 -8.192470282067292 174.7686089967574 -8.345930336296902 65.20708642868644 36.39031565765379 5400.0 5400.0 2016.0 1 150 {-999.0 17.863798 17.52197 17.547682 -999.0} sdss_psfmag_ps1 17.821936 17.53988 17.102743 16.154 63050395164321218 976143061 "" ops_std_boss ops_std standard_boss 0 0 0.0 0.0 -999 ""
FIBERMAP 461 R+11C5 METROLOGY 0 0 0 1 0 0 -80.935732436491 231.53205961592582 143.1 -224.66077042006617 -98.38529975241241 140.42613 70.13063 -999.0 -999.0 -999.0 -999.0 -999.0 174.77353689284234 -8.192183836655259 174.77082985110746 -8.345620669887293 65.20567048359908 36.394390023142876 -999.0 6231.0 -999.0 -1 -999 {-999.0 -999.0 -999.0 -999.0 -999.0} "" -999.0 -999.0 -999.0 -999.0 -999 -999 "" "" "" "" 0 0 0.0 0.0 -999 ""
FIBERMAP 462 R+11C9 APOGEE 0 0 0 1 0 0 -5.552359811418462 212.9507868833698 143.1 -211.89423735408548 -21.806090879879406 207.75511 88.28228 -999.0 -999.0 -999.0 -999.0 -999.0 174.81234482926862 -7.960584805980188 174.80974293812267 -8.11400918994621 64.9881144789104 36.18469742958473 -999.0 16600.0 -999.0 2 128 {-999.0 -999.0 -999.0 -999.0 -999.0} "" -999.0 -999.0 -999.0 -999.0 -999 -999 "" "" "" "" 0 0 0.0 0.0 -999 ""
FIBERMAP 462 R+11C9 BOSS 1 1 0 1 0 0 -5.856898846481133 213.63777788914516 143.1 -212.55592053689986 -22.16221424942645 207.75511 88.28228 174.81033325195312 -7.961584313627554 -999.0 -999.0 -999.0 174.8103357361071 -7.96157918865038 174.8076804274515 -8.115088191740847 64.99009995652446 36.18190753434675 5400.0 5400.0 2015.5 1 115 {-999.0 -999.0 -999.0 -999.0 -999.0} "" -999.0 -999.0 -999.0 -999.0 27021603139066420 811637890 "" ops_sky_boss_good ops_sky sky_boss 0 0 0.0 0.0 -999 ""
FIBERMAP 462 R+11C9 METROLOGY 0 0 0 1 0 0 -5.123159775823531 213.55805280361338 143.1 -212.5324925298364 -21.424562631282626 207.75511 88.28228 -999.0 -999.0 -999.0 -999.0 -999.0 174.8103617722357 -7.959372449017709 174.8077219514829 -8.112857631635649 64.98817523260198 36.17923939464686 -999.0 6231.0 -999.0 -1 -999 {-999.0 -999.0 -999.0 -999.0 -999.0} "" -999.0 -999.0 -999.0 -999.0 -999 -999 "" "" "" "" 0 0 0.0 0.0 -999 ""
FIBERMAP 465 R+5C7 APOGEE 1 1 0 1 0 0 -84.05398932746188 101.56193254853595 143.1 -94.83832609028548 -91.5641048864204 45.64951 82.99488 175.16979752644272 -8.17263385822701 -6.025093 3.1833656 0.46790054 175.169752955709 -8.172640318366279 175.1671870132658 -8.326129751447112 64.98161247761966 37.16007191072248 16000.0 16600.0 2016.0 2 33 {-999.0 12.438326 11.106747 10.500419 -999.0} sdss_psfmag_gaia 11.923094 11.042119 10.116258 8.116 63050395164321399 1156869495 bright_1x1 mwm_galactic_core_dist_apogee_extra mwm_galactic science 0 0 0.0 0.0 -999 ""
FIBERMAP 465 R+5C7 BOSS 0 0 0 1 0 0 -83.59558595985344 100.97865795006236 143.1 -94.29180713983301 -91.0624983763491 45.64951 82.99488 -999.0 -999.0 -999.0 -999.0 -999.0 175.17143269123036 -8.171082381668043 175.16881353326426 -8.324657135299157 64.97950808924857 37.16143071524556 -999.0 5400.0 -999.0 1 55 {-999.0 -999.0 -999.0 -999.0 -999.0} "" -999.0 -999.0 -999.0 -999.0 -999 -999 "" "" "" "" 0 0 0.0 0.0 -999 ""
FIBERMAP 465 R+5C7 METROLOGY 0 0 0 1 0 0 -84.34310223943052 100.87764954752572 143.1 -94.13398569372104 -91.80007759509228 45.64951 82.99488 -999.0 -999.0 -999.0 -999.0 -999.0 175.17189185405292 -8.173352649775172 175.1692875820146 -8.326903177198735 64.9811568099868 37.16520381634257 -999.0 6231.0 -999.0 -1 -999 {-999.0 -999.0 -999.0 -999.0 -999.0} "" -999.0 -999.0 -999.0 -999.0 -999 -999 "" "" "" "" 0 0 0.0 0.0 -999 ""
FIBERMAP 468 R-2C9 APOGEE 0 0 0 1 0 0 -75.12086037358317 -39.712451113537796 143.1 45.334038447964154 -71.86362265826149 8.379068 107.1289 -999.0 -999.0 -999.0 -999.0 -999.0 175.59942530240207 -8.112970060616005 175.5969786164668 -8.266580642960339 64.7024028433739 37.927611529185754 -999.0 16600.0 -999.0 2 300 {-999.0 -999.0 -999.0 -999.0 -999.0} "" -999.0 -999.0 -999.0 -999.0 -999 -999 "" "" "" "" 0 0 0.0 0.0 -999 ""
FIBERMAP 468 R-2C9 BOSS 1 1 0 1 0 0 -74.82550547431781 -40.38919662550189 143.1 45.9862082611205 -71.51743894660115 8.379068 107.1289 175.60152683649528 -8.111873219083165 0.2786972 -0.119172245 -0.5695086 175.60150720515205 -8.11187454265104 175.59900563223528 -8.265570915742979 64.70046547169832 37.93026935757831 5400.0 5400.0 2016.0 1 496 {-999.0 19.579464 19.400673 19.248287 19.141056} sdss_psfmag_from_gaiadr2 19.542833 19.399048 18.931355 -999.0 63050395164329729 1130008363 dark_flexible_3x1 bhm_gua_dark_d3 bhm_filler science 0 0 0.0 0.0 -999 ""
FIBERMAP 468 R-2C9 METROLOGY 0 0 0 1 0 0 -75.55576131313946 -40.311330697235526 143.1 45.964367759165874 -72.25147562949446 8.379068 107.1289 -999.0 -999.0 -999.0 -999.0 -999.0 175.60142907587735 -8.11413267271221 175.5989427689093 -8.26780454273415 64.70237461397669 37.93298640881869 -999.0 6231.0 -999.0 -1 -999 {-999.0 -999.0 -999.0 -999.0 -999.0} "" -999.0 -999.0 -999.0 -999.0 -999 -999 "" "" "" "" 0 0 0.0 0.0 -999 ""
FIBERMAP 470 R+2C23 APOGEE 0 0 0 1 0 0 204.2466354798761 40.605892517334226 143.1 -56.090507831382176 200.5377138123862 225.93448 55.0356 -999.0 -999.0 -999.0 -999.0 -999.0 175.2889456605623 -7.287400147778205 175.28660979343215 -7.441063791929068 64.16750533577617 36.30554999806145 -999.0 16600.0 -999.0 2 74 {-999.0 -999.0 -999.0 -999.0 -999.0} "" -999.0 -999.0 -999.0 -999.0 -999 -999 "" "" "" "" 0 0 0.0 0.0 -999 ""
FIBERMAP 470 R+2C23 BOSS 1 1 0 1 0 0 204.07296438206075 41.33980810556817 143.1 -56.8089750488535 200.3084845756807 225.93448 55.0356 175.2867902555264 -7.287961632870736 -999.0 -999.0 -999.0 175.2867919599456 -7.287956196997991 175.2844008698977 -7.4417077001019365 64.16919817180144 36.30203449509469 5400.0 5400.0 2016.0 1 233 {-999.0 21.039335 19.674932 19.114223 -999.0} sdss_psfmag_ps1 20.366951 21.184341 18.632126 -999.0 63050395164337765 1166932190 dark_1x1 openfibertargets_bhm_iragn2_boss open_fiber science 0 0 0.0 0.0 -999 ""
FIBERMAP 470 R+2C23 METROLOGY 0 0 0 1 0 0 204.786194974825 41.123252253319464 143.1 -56.64755565315123 201.03614298356194 225.93448 55.0356 -999.0 -999.0 -999.0 -999.0 -999.0 175.2872644510409 -7.285757848225192 175.28488944055266 -7.439484754560282 64.16704933676743 36.30031908755478 -999.0 6231.0 -999.0 -1 -999 {-999.0 -999.0 -999.0 -999.0 -999.0} "" -999.0 -999.0 -999.0 -999.0 -999 -999 "" "" "" "" 0 0 0.0 0.0 -999 ""
FIBERMAP 472 R-1C15 APOGEE 0 0 0 1 0 0 28.235284864714576 -13.611513493107791 143.1 11.413817007876867 29.191413308477895 69.12675 165.35992 -999.0 -999.0 -999.0 -999.0 -999.0 175.49533370846336 -7.806210424110692 175.49292820968276 -7.959843929543315 64.49966679094034 37.33965432708828 -999.0 16600.0 -999.0 2 -999 {-999.0 -999.0 -999.0 -999.0 -999.0} "" -999.0 -999.0 -999.0 -999.0 -999 -999 "" "" "" "" 0 0 0.0 0.0 -999 ""
FIBERMAP 472 R-1C15 BOSS 1 1 0 1 0 0 28.682932912638066 -13.012386974485691 143.1 10.78226756934467 29.591956670509795 69.12675 165.35992 175.49345324283627 -7.804877204104582 -999.0 -999.0 -999.0 175.49345979157644 -7.804889246679559 175.49099884935504 -7.958608856101276 64.4996470436623 37.33436974669428 5400.0 5400.0 2016.0 1 326 {-999.0 21.557283 20.485981 19.99577 19.625235} sdss_fiber2mag_from_lsdr10 20.770851 20.935047 18.811813 -999.0 63050395164331406 1131660777 dark_flexible_3x1 bhm_spiders_agn_lsdr10_d3 bhm_spiders science 0 0 0.0 0.0 -999 ""
FIBERMAP 472 R-1C15 METROLOGY 0 0 0 1 0 0 28.978552832369346 -13.695483398755243 143.1 11.440749188087779 29.938889848594147 69.12675 165.35992 -999.0 -999.0 -999.0 -999.0 -999.0 175.49546348136192 -7.803856973630856 175.49301889031562 -7.957552788527418 64.49768381931136 37.336980471572986 -999.0 6231.0 -999.0 -1 -999 {-999.0 -999.0 -999.0 -999.0 -999.0} "" -999.0 -999.0 -999.0 -999.0 -999 -999 "" "" "" "" 0 0 0.0 0.0 -999 ""
FIBERMAP 474 R-3C8 APOGEE 0 0 0 1 0 0 -119.7510563632996 -69.0440869186154 143.1 77.98848788775082 -114.12025110568369 281.9499 23.276031 -999.0 -999.0 -999.0 -999.0 -999.0 175.6994912990458 -8.240934965316935 175.69704243995557 -8.394549914008142 64.75566081843711 38.28549926261019 -999.0 16600.0 -999.0 2 -999 {-999.0 -999.0 -999.0 -999.0 -999.0} "" -999.0 -999.0 -999.0 -999.0 -999 -999 "" "" "" "" 0 0 0.0 0.0 -999 ""
FIBERMAP 474 R-3C8 BOSS 1 1 0 1 0 0 -120.20292948800123 -68.36361063693316 143.1 77.34455694710815 -114.62277332722346 281.9499 23.276031 175.6976446660846 -8.242448668561805 -12.065886 0.5583723 2.154833 175.6976114098216 -8.242430178407298 175.6951058071843 -8.396129003555872 64.75803130562011 38.2837683149051 5400.0 5400.0 2016.0 1 477 {-999.0 20.643257 19.249886 18.071848 -999.0} sdss_psfmag_ps1 20.131176 18.763632 17.628603 15.619 63050395164329336 1096311882 bright_1x1 mwm_bin_vis_boss mwm_filler science 0 0 0.0 0.0 -999 ""
FIBERMAP 474 R-3C8 METROLOGY 0 0 0 1 0 0 -119.45952220476696 -68.35524292233993 143.1 77.2794150471055 -113.88221281671683 281.9499 23.276031 -999.0 -999.0 -999.0 -999.0 -999.0 175.69740519009025 -8.240223652283316 175.69491585484036 -8.393898817691534 64.75626819080132 38.28053568360667 -999.0 6231.0 -999.0 -1 -999 {-999.0 -999.0 -999.0 -999.0 -999.0} "" -999.0 -999.0 -999.0 -999.0 -999 -999 "" "" "" "" 0 0 0.0 0.0 -999 ""
FIBERMAP 477 R-7C14 APOGEE 0 0 0 1 0 0 88.1011868355713 -130.80111368217496 143.1 123.68146470111206 97.8332650352807 9.190577 134.61212 -999.0 -999.0 -999.0 -999.0 -999.0 175.8386877232217 -7.597919482591916 175.83640305614676 -7.751671813879218 64.14115282361747 37.74317128411076 -999.0 16600.0 -999.0 2 197 {-999.0 -999.0 -999.0 -999.0 -999.0} "" -999.0 -999.0 -999.0 -999.0 -999 -999 "" "" "" "" 0 0 0.0 0.0 -999 ""
FIBERMAP 477 R-7C14 BOSS 1 1 0 1 0 0 88.71301245295109 -131.23269694327837 143.1 124.06502072102857 98.47624845589054 9.190577 134.61212 175.83996894432013 -7.59584429574441 -999.0 -999.0 -999.0 175.8399626069638 -7.595843715747541 175.83762197266367 -7.749684150316306 64.13882769044743 37.74303964458011 5400.0 5400.0 2016.0 1 272 {-999.0 21.935345 20.491539 19.929941 19.554296} sdss_fiber2mag_from_lsdr10 20.017317 21.919746 18.54764 -999.0 63050395164332016 1128419999 dark_flexible_3x1 bhm_spiders_clusters_lsdr10_d3 bhm_spiders science 0 0 0.0 0.0 -999 ""
FIBERMAP 477 R-7C14 METROLOGY 0 0 0 1 0 0 88.03813311975854 -131.55468865848061 143.1 124.43761957127838 97.82797443018282 9.190577 134.61212 -999.0 -999.0 -999.0 -999.0 -999.0 175.84110442555775 -7.597821160681898 175.83877970167123 -7.751636758938776 64.13985106066735 37.74767125765652 -999.0 6231.0 -999.0 -1 -999 {-999.0 -999.0 -999.0 -999.0 -999.0} "" -999.0 -999.0 -999.0 -999.0 -999 -999 "" "" "" "" 0 0 0.0 0.0 -999 ""
FIBERMAP 479 R-1C14 APOGEE 0 0 0 1 0 0 19.065207180896774 -1.5952765219838732 143.1 0.13388808435393842 19.130480545362207 112.13685 62.23722 -999.0 -999.0 -999.0 -999.0 -999.0 175.46076532029986 -7.83677214826565 175.45834516810896 -7.990391883736988 64.54380438076973 37.310432276955396 -999.0 16600.0 -999.0 2 230 {-999.0 -999.0 -999.0 -999.0 -999.0} "" -999.0 -999.0 -999.0 -999.0 -999 -999 "" "" "" "" 0 0 0.0 0.0 -999 ""
FIBERMAP 479 R-1C14 BOSS 1 1 0 1 0 0 19.769907529824277 -1.7978199887678166 143.1 0.2819884442924032 19.848563441388972 112.13685 62.23722 175.46127319335935 -7.834484595697205 -999.0 -999.0 -999.0 175.4612741629832 -7.834492170286466 175.4587994582099 -7.9881986280162485 64.54171094144647 37.308585302498045 5400.0 5400.0 2015.5 1 339 {-999.0 -999.0 -999.0 -999.0 -999.0} "" -999.0 -999.0 -999.0 -999.0 27021603139069673 820037261 "" ops_sky_boss_good ops_sky sky_boss 0 0 0.0 0.0 -999 ""
FIBERMAP 479 R-1C14 METROLOGY 0 0 0 1 0 0 19.24155064928719 -2.31723378193772 143.1 0.8402283033313391 19.361460557428586 112.13685 62.23722 -999.0 -999.0 -999.0 -999.0 -999.0 175.46297059980134 -7.835994152411244 175.46051159033925 -7.989676364854518 64.5420516310251 37.3137572158256 -999.0 6231.0 -999.0 -1 -999 {-999.0 -999.0 -999.0 -999.0 -999.0} "" -999.0 -999.0 -999.0 -999.0 -999 -999 "" "" "" "" 0 0 0.0 0.0 -999 ""
FIBERMAP 480 R+9C15 APOGEE 0 0 0 1 0 0 132.58989236550056 169.32352306801056 143.1 -178.95109160065203 119.25924863873729 311.06708 135.32402 -999.0 -999.0 -999.0 -999.0 -999.0 174.91358815078777 -7.533455473111921 174.91111472289856 -7.686976975626279 64.57102449435266 35.865700002720814 -999.0 16600.0 -999.0 2 -999 {-999.0 -999.0 -999.0 -999.0 -999.0} "" -999.0 -999.0 -999.0 -999.0 -999 -999 "" "" "" "" 0 0 0.0 0.0 -999 ""
FIBERMAP 480 R+9C15 BOSS 1 1 0 1 0 0 132.56679734497843 168.5768717170057 143.1 -178.20489278730028 119.2932690866484 311.06708 135.32402 174.9158858004262 -7.533241485500637 -999.0 -999.0 -999.0 174.91587311995073 -7.5332355785268375 174.9133470559102 -7.686845020396019 64.56976775115483 35.86995108018823 5400.0 5400.0 2016.0 1 237 {-999.0 nan nan nan nan} undefined nan nan nan -999.0 63050398297276779 1131662857 dark_flexible_3x1 bhm_spiders_agn_lsdr10_d3 bhm_spiders science 0 0 0.0 0.0 -999 ""
FIBERMAP 480 R+9C15 METROLOGY 0 0 0 1 0 0 131.9218954983237 168.98695449812027 143.1 -178.5644850252861 118.61895036743016 311.06708 135.32402 -999.0 -999.0 -999.0 -999.0 -999.0 174.91472917443184 -7.535283173507724 174.91221743830693 -7.688867228427129 64.57207748947718 35.87015456127938 -999.0 6231.0 -999.0 -1 -999 {-999.0 -999.0 -999.0 -999.0 -999.0} "" -999.0 -999.0 -999.0 -999.0 -999 -999 "" "" "" "" 0 0 0.0 0.0 -999 ""
FIBERMAP 482 R+7C10 APOGEE 0 0 0 1 0 0 1.3673252903680346 144.42983115183026 143.1 -144.10543468101628 -9.671701524367268 49.572227 100.52623 -999.0 -999.0 -999.0 -999.0 -999.0 175.01905683801354 -7.92408915278018 175.0165130778513 -8.077577271033247 64.84986013126624 36.55106663298727 -999.0 16600.0 -999.0 2 137 {-999.0 -999.0 -999.0 -999.0 -999.0} "" -999.0 -999.0 -999.0 -999.0 -999 -999 "" "" "" "" 0 0 0.0 0.0 -999 ""
FIBERMAP 482 R+7C10 BOSS 1 1 0 1 0 0 2.0438692518296495 144.09183856313552 143.1 -143.82013614640485 -8.971342601438876 49.572227 100.52623 175.01992799954436 -7.921873992089505 -999.0 -999.0 -999.0 175.01991709132707 -7.9218840212319765 175.0173205778782 -8.07545835381936 64.84763749308892 36.550044072773574 5400.0 5400.0 2016.0 1 132 {-999.0 20.878708 20.683891 20.600842 20.540462} sdss_psfmag_from_lsdr10 21.26919 20.852266 20.257065 -999.0 63050395164322098 1131658734 dark_flexible_3x1 bhm_spiders_agn_lsdr10_d3 bhm_spiders science 0 0 0.0 0.0 -999 ""
FIBERMAP 482 R+7C10 METROLOGY 0 0 0 1 0 0 1.3944940450704006 143.68151429841933 143.1 -143.3614156467942 -9.5874393023393 49.572227 100.52623 -999.0 -999.0 -999.0 -999.0 -999.0 175.0212859788938 -7.923779746560822 175.0187044895905 -8.077329882511728 64.84850841742946 36.555102121831396 -999.0 6231.0 -999.0 -1 -999 {-999.0 -999.0 -999.0 -999.0 -999.0} "" -999.0 -999.0 -999.0 -999.0 -999 -999 "" "" "" "" 0 0 0.0 0.0 -999 ""
FIBERMAP 486 R-1C9 APOGEE 0 0 0 1 0 0 -114.43859871913298 -36.58837142845706 143.1 45.22325414420944 -111.30330332509355 303.09818 24.860765 -999.0 -999.0 -999.0 -999.0 -999.0 175.59909383234805 -8.232554137252794 175.59662159230948 -8.38614549868166 64.80290745138181 38.07945816797104 -999.0 16600.0 -999.0 2 279 {-999.0 -999.0 -999.0 -999.0 -999.0} "" -999.0 -999.0 -999.0 -999.0 -999 -999 "" "" "" "" 0 0 0.0 0.0 -999 ""
FIBERMAP 486 R-1C9 BOSS 1 1 0 1 0 0 -115.02399767604868 -36.12232799102901 143.1 44.803321179465065 -111.92257143904207 303.09818 24.860765 175.5979529545902 -8.23438720410582 -20.818722 -10.071972 0.4262787 175.59788549404587 -8.234405078648964 175.5953569704251 -8.38808040331915 64.80521159182588 38.07947233583451 5400.0 5400.0 2016.0 1 458 {-999.0 18.327103 17.980032 17.766739 -999.0} sdss_psfmag_ps1 18.287392 17.980812 17.543468 -999.0 63050395164320163 944484610 bright_1x1 openfibertargets_nov2020_6c open_fiber science 0 0 0.0 0.0 -999 ""
FIBERMAP 486 R-1C9 METROLOGY 0 0 0 1 0 0 -114.31117984799253 -35.850098428972856 143.1 44.47743808068255 -111.23266956148137 303.09818 24.860765 -999.0 -999.0 -999.0 -999.0 -999.0 175.59687541211503 -8.232351016114912 175.59436282857075 -8.386002458130674 64.80400571731701 38.074874572554336 -999.0 6231.0 -999.0 -1 -999 {-999.0 -999.0 -999.0 -999.0 -999.0} "" -999.0 -999.0 -999.0 -999.0 -999 -999 "" "" "" "" 0 0 0.0 0.0 -999 ""
FIBERMAP 491 R+1C18 APOGEE 0 0 0 1 0 0 92.94533669264865 18.694689161504606 143.1 -25.74054104284502 91.24100536680587 118.83469 166.01292 -999.0 -999.0 -999.0 -999.0 -999.0 175.38148019114703 -7.617929805637424 175.37909024275086 -7.771564284161917 64.40038670930664 36.885843535894196 -999.0 16600.0 -999.0 2 79 {-999.0 -999.0 -999.0 -999.0 -999.0} "" -999.0 -999.0 -999.0 -999.0 -999 -999 "" "" "" "" 0 0 0.0 0.0 -999 ""
FIBERMAP 491 R+1C18 BOSS 1 1 0 1 0 0 92.74632334956749 19.416009238074626 143.1 -26.444513909226703 90.98747147835594 118.83469 166.01292 175.37935445149793 -7.618573906446372 -1.117405 -1.0559913 1.8831849 175.37936406340813 -7.618560512930756 175.3769185902852 -7.772281461134887 64.40213481858356 36.88249892843032 5400.0 5400.0 2016.0 1 240 {-999.0 20.446218 20.275904 20.130585 20.032528} sdss_psfmag_from_gaiadr2 20.280102 20.27146 19.696318 -999.0 63050395164331835 1130008403 dark_flexible_3x1 bhm_gua_dark_d3 bhm_filler science 0 0 0.0 0.0 -999 ""
FIBERMAP 491 R+1C18 METROLOGY 0 0 0 1 0 0 93.47475935254329 19.218884376894987 143.1 -26.303629555745324 91.72880554730925 118.83469 166.01292 -999.0 -999.0 -999.0 -999.0 -999.0 175.37977811168497 -7.616328076709195 175.37734878677236 -7.770024810388259 64.39999497638834 36.880569128981335 -999.0 6231.0 -999.0 -1 -999 {-999.0 -999.0 -999.0 -999.0 -999.0} "" -999.0 -999.0 -999.0 -999.0 -999 -999 "" "" "" "" 0 0 0.0 0.0 -999 ""
FIBERMAP 492 R-4C12 APOGEE 0 0 0 1 0 0 15.682813505061894 -83.3416857279943 143.1 81.8959894656593 22.003854732076064 4.4988275 89.3046 -999.0 -999.0 -999.0 -999.0 -999.0 175.711300692768 -7.827933752384397 175.70894044874933 -7.981617911532175 64.40285893216215 37.78485823819011 -999.0 16600.0 -999.0 2 -999 {-999.0 -999.0 -999.0 -999.0 -999.0} "" -999.0 -999.0 -999.0 -999.0 -999 -999 "" "" "" "" 0 0 0.0 0.0 -999 ""
FIBERMAP 492 R-4C12 BOSS 1 1 0 1 0 0 15.748458867835726 -84.09725941317834 143.1 82.64430403004282 22.127033759478042 4.4988275 89.3046 175.71344756551025 -7.827383636143697 -14.043196 -28.377207 0.58271796 175.7136962870302 -7.82745898363246 175.71128057028955 -7.981230194143483 64.40127898567789 37.788883579479204 5400.0 5400.0 2016.0 1 408 {-999.0 15.293611 14.948672 14.81 -999.0} sdss_psfmag_from_g3xp 15.233675 14.941863 14.47971 13.684 63050395164331340 1135975677 dark_flexible_3x1 mwm_halo_local_high_boss_triple mwm_halo science 0 0 1.0829112529754639 0.0 -999 ""
FIBERMAP 492 R-4C12 METROLOGY 0 0 0 1 0 0 15.070805491693697 -83.77173736253278 143.1 82.37152376721572 21.42652151079192 4.4988275 89.3046 -999.0 -999.0 -999.0 -999.0 -999.0 175.7128549215689 -7.82960887579783 175.71045447357358 -7.983355045128871 64.40350857059713 37.789952339801744 -999.0 6231.0 -999.0 -1 -999 {-999.0 -999.0 -999.0 -999.0 -999.0} "" -999.0 -999.0 -999.0 -999.0 -999 -999 "" "" "" "" 0 0 0.0 0.0 -999 ""
FIBERMAP 494 R+10C13 APOGEE 0 0 0 1 0 0 87.75058371125849 207.58653401313128 143.1 -213.67459865252602 71.62965051346285 102.20976 112.32747 -999.0 -999.0 -999.0 -999.0 -999.0 174.80749100537832 -7.677646471525348 174.8049584796388 -7.831114781382319 64.74878204972106 35.829375082102615 -999.0 16600.0 -999.0 2 -999 {-999.0 -999.0 -999.0 -999.0 -999.0} "" -999.0 -999.0 -999.0 -999.0 -999 -999 "" "" "" "" 0 0 0.0 0.0 -999 ""
FIBERMAP 494 R+10C13 BOSS 1 1 0 1 0 0 88.35662888617817 208.034922534967 143.1 -214.16795980979816 72.19963759697487 102.20976 112.32747 174.8063986365809 -7.6755316224489265 -132.78113 -99.84511 4.291652 174.80601237983942 -7.675823251947771 174.8034272327318 -7.829378021109743 64.74807887527308 35.824226970757024 5400.0 5400.0 2016.0 1 103 {-999.0 21.7711 20.42137 18.752869 -999.0} sdss_psfmag_ps1 20.799616 19.388731 18.07814 15.818 63050395164327326 1136357168 dark_flexible_3x1 mwm_halo_local_high_boss_triple mwm_halo science 0 0 0.0 0.0 -999 ""
FIBERMAP 494 R+10C13 METROLOGY 0 0 0 1 0 0 88.43387998529707 207.28222427178034 143.1 -213.4233988498843 72.33416820629095 102.20976 112.32747 -999.0 -999.0 -999.0 -999.0 -999.0 174.80822697591202 -7.675427871470147 174.80565736751169 -7.8289587991482845 64.74657842745714 35.828153259444605 -999.0 6231.0 -999.0 -1 -999 {-999.0 -999.0 -999.0 -999.0 -999.0} "" -999.0 -999.0 -999.0 -999.0 -999 -999 "" "" "" "" 0 0 0.0 0.0 -999 ""
FIBERMAP 496 R-9C5 APOGEE 0 0 1 1 0 0 -99.32491648343135 -167.07097161665942 143.1 174.1636631208376 -86.26515182512557 14.270089 167.49773 -999.0 -999.0 -999.0 -999.0 -999.0 175.99356548625397 -8.155797732019902 175.9912067910509 -8.309496862510423 64.52446013428049 38.743547893736604 -999.0 16600.0 -999.0 2 268 {-999.0 -999.0 -999.0 -999.0 -999.0} "" -999.0 -999.0 -999.0 -999.0 -999 -999 "" "" "" "" 0 0 0.0 0.0 -999 ""
FIBERMAP 496 R-9C5 BOSS 1 0 1 1 0 0 -98.57139097971857 -167.09351154880687 143.1 174.12856402243347 -85.51214168172504 14.270089 167.49773 175.99136352539062 -8.187637186251493 -999.0 -999.0 -999.0 175.99356852205864 -8.153458537405983 175.9911531813841 -8.307243161877132 64.52261183718767 38.74054736022168 5400.0 5400.0 2015.5 1 364 {-999.0 -999.0 -999.0 -999.0 -999.0} "" -999.0 -999.0 -999.0 -999.0 27021603139068448 811638152 "" ops_sky_boss_good ops_sky sky_boss 0 0 0.0 0.0 -999 ""
FIBERMAP 496 R-9C5 METROLOGY 0 0 1 1 0 0 -98.96912652778177 -167.7390196753846 143.1 174.80254384759587 -85.85937702812006 14.270089 167.49773 -999.0 -999.0 -999.0 -999.0 -999.0 175.99563185491735 -8.154538830463178 175.99323298807906 -8.308299639320355 64.52235377977347 38.745891637832074 -999.0 6231.0 -999.0 -1 -999 {-999.0 -999.0 -999.0 -999.0 -999.0} "" -999.0 -999.0 -999.0 -999.0 -999 -999 "" "" "" "" 0 0 0.0 0.0 -999 ""
FIBERMAP 499 R+7C3 APOGEE 0 0 0 1 0 0 -150.51181688285774 132.1101078159969 143.1 -120.21817182009376 -160.15858697540497 22.284111 77.85093 -999.0 -999.0 -999.0 -999.0 -999.0 175.0923133175073 -8.380055087845248 175.08967896184447 -8.533490548223341 65.19783859924623 37.269469402625475 -999.0 16600.0 -999.0 2 17 {-999.0 -999.0 -999.0 -999.0 -999.0} "" -999.0 -999.0 -999.0 -999.0 -999 -999 "" "" "" "" 0 0 0.0 0.0 -999 ""
FIBERMAP 499 R+7C3 BOSS 1 1 0 1 0 0 -150.39488453532954 131.39339657195453 143.1 -119.51252281301137 -159.98724248558247 22.284111 77.85093 175.09420485315266 -8.37936382906555 11.636386 -50.7365 13.599359 175.0944899555015 -8.379504333646642 175.0918026334915 -8.533024156157671 65.19632006527542 37.273102064619025 5400.0 5400.0 2016.0 1 27 {-999.0 17.931185 16.450697 15.128782 -999.0} sdss_psfmag_ps1 17.327305 15.760166 14.548051 12.325 63050395164319998 1151088003 bright_1x1 mwm_snc_100pc_boss_single mwm_snc science 0 0 0.9951756000518799 0.0 -999 ""
FIBERMAP 499 R+7C3 METROLOGY 0 0 0 1 0 0 -151.11258787445544 131.66273378436205 143.1 -119.72622510750233 -160.7233930473363 22.284111 77.85093 -999.0 -999.0 -999.0 -999.0 -999.0 175.0938081304836 -8.38177225509424 175.09113530296327 -8.535267809726474 65.19856827803105 37.274637821947465 -999.0 6231.0 -999.0 -1 -999 {-999.0 -999.0 -999.0 -999.0 -999.0} "" -999.0 -999.0 -999.0 -999.0 -999 -999 "" "" "" "" 0 0 0.0 0.0 -999 ""
FIBERMAP 500 R-7C10 APOGEE 0 0 0 1 0 0 1.2973809776027636 -142.84230208612422 143.1 142.31902627764958 12.20720228241066 339.3713 108.54731 -999.0 -999.0 -999.0 -999.0 -999.0 175.89614789102046 -7.857504397334185 175.89382447795572 -8.01122854414891 64.328218222158 38.17730418752541 -999.0 16600.0 -999.0 2 190 {-999.0 -999.0 -999.0 -999.0 -999.0} "" -999.0 -999.0 -999.0 -999.0 -999 -999 "" "" "" "" 0 0 0.0 0.0 -999 ""
FIBERMAP 500 R-7C10 BOSS 1 1 0 1 0 0 1.281980129168831 -143.55410389335592 143.1 143.0298911654443 12.246231423137223 339.3713 108.54731 175.89877691072687 -7.856920979963627 -108.58162 -129.79836 2.9130168 175.8984420344546 -7.857291575186639 175.89606237997884 -8.011102654894627 64.3269030652211 38.181431495249285 5400.0 5400.0 2016.0 1 388 {-999.0 19.614277 18.05844 16.975637 -999.0} sdss_psfmag_ps1 18.950624 17.576426 16.43478 14.443 63050395164330609 1136357144 dark_flexible_3x1 mwm_halo_local_high_boss_triple mwm_halo science 0 0 0.0 0.0 -999 ""
FIBERMAP 500 R-7C10 METROLOGY 0 0 0 1 0 0 0.6410789970666126 -143.1989626762727 143.1 142.72477168063708 11.580099275085363 339.3713 108.54731 -999.0 -999.0 -999.0 -999.0 -999.0 175.8975129098269 -7.859336616063422 175.89514873834287 -8.013122666684088 64.32908942146946 38.18222716729798 -999.0 6231.0 -999.0 -1 -999 {-999.0 -999.0 -999.0 -999.0 -999.0} "" -999.0 -999.0 -999.0 -999.0 -999 -999 "" "" "" "" 0 0 0.0 0.0 -999 ""
FIBERMAP 502 R+1C22 APOGEE 0 0 0 1 0 0 181.8016340834825 0.06258527916300238 143.1 -13.952708434194909 181.257016637705 307.75626 39.82208 -999.0 -999.0 -999.0 -999.0 -999.0 175.41760727798342 -7.3454711111497355 175.41528524002467 -7.49915905096075 64.15010235507066 36.624683496037505 -999.0 16600.0 -999.0 2 81 {-999.0 -999.0 -999.0 -999.0 -999.0} "" -999.0 -999.0 -999.0 -999.0 -999 -999 "" "" "" "" 0 0 0.0 0.0 -999 ""
FIBERMAP 502 R+1C22 BOSS 1 1 0 1 0 0 181.05389363914836 0.22774519338975097 143.1 -14.06024782652765 180.49887768807707 307.75626 39.82208 175.41732788085938 -7.347622525919945 -999.0 -999.0 -999.0 175.41732843873058 -7.347610093755535 175.41495074298064 -7.501385939479101 64.15217051355819 36.62672431565903 5400.0 5400.0 2015.5 1 245 {-999.0 -999.0 -999.0 -999.0 -999.0} "" -999.0 -999.0 -999.0 -999.0 27021603139074041 811638979 "" ops_sky_boss_good ops_sky sky_boss 0 0 0.0 0.0 -999 ""
FIBERMAP 502 R+1C22 METROLOGY 0 0 0 1 0 0 181.5750065570433 0.7792742306385101 143.1 -14.649954102502836 180.9763043974065 307.75626 39.82208 -999.0 -999.0 -999.0 -999.0 -999.0 175.4155088318251 -7.346171015748867 175.4131466993391 -7.499921596420806 64.1518664236829 36.621468413222374 -999.0 6231.0 -999.0 -1 -999 {-999.0 -999.0 -999.0 -999.0 -999.0} "" -999.0 -999.0 -999.0 -999.0 -999 -999 "" "" "" "" 0 0 0.0 0.0 -999 ""
FIBERMAP 504 R+7C15 APOGEE 0 0 0 1 0 0 106.03925015323648 155.18299781736135 143.1 -162.82398869487486 93.86783280361264 126.46867 54.800533 -999.0 -999.0 -999.0 -999.0 -999.0 174.9624631063673 -7.610222647237539 174.95998184473763 -7.76374545479661 64.61158625919444 36.05493915928918 -999.0 16600.0 -999.0 2 -999 {-999.0 -999.0 -999.0 -999.0 -999.0} "" -999.0 -999.0 -999.0 -999.0 -999 -999 "" "" "" "" 0 0 0.0 0.0 -999 ""
FIBERMAP 504 R+7C15 BOSS 1 1 0 1 0 0 106.77718439712484 155.19256593737947 143.1 -162.88990927565868 94.6028448108739 126.46867 54.800533 174.96227047066097 -7.6078583487011855 -999.0 -999.0 -999.0 174.96226946100936 -7.607880482059288 174.95973537623297 -7.761490572942188 64.60978627898346 36.051720792746096 5400.0 5400.0 2016.0 1 195 {-999.0 19.654186 18.582947 18.261814 -999.0} sdss_psfmag_ps1 19.240793 20.963009 18.153904 15.827 63050395164336640 1164981386 bright_1x1 openfibertargets_bhm_clu_boss open_fiber science 0 0 0.0 0.0 -999 ""
FIBERMAP 504 R+7C15 METROLOGY 0 0 0 1 0 0 106.42625854551491 154.5429019486806 143.1 -162.21536236046552 94.30259768883055 126.46867 54.800533 -999.0 -999.0 -999.0 -999.0 -999.0 174.96428582037285 -7.608799543635382 174.96176707432744 -7.762385402169568 64.6095052454328 36.05681661975433 -999.0 6231.0 -999.0 -1 -999 {-999.0 -999.0 -999.0 -999.0 -999.0} "" -999.0 -999.0 -999.0 -999.0 -999 -999 "" "" "" "" 0 0 0.0 0.0 -999 ""
FIBERMAP 508 R-3C10 APOGEE 0 0 0 1 0 0 -45.97465758616629 -67.48722691531063 143.1 70.79946438930438 -40.681871295359336 321.6348 113.225464 -999.0 -999.0 -999.0 -999.0 -999.0 175.67744701682332 -8.018261716900454 175.67503922212393 -8.171906911776912 64.5809461369413 37.958964348126415 -999.0 16600.0 -999.0 2 -999 {-999.0 -999.0 -999.0 -999.0 -999.0} "" -999.0 -999.0 -999.0 -999.0 -999 -999 "" "" "" "" 0 0 0.0 0.0 -999 ""
FIBERMAP 508 R-3C10 BOSS 1 1 0 1 0 0 -46.15952011991094 -68.23746949793568 143.1 71.5616033995652 -40.80886363040333 321.6348 113.225464 175.6798928732783 -8.018593483625306 -3.59624 4.1576805 0.3140252 175.67988081191407 -8.018583008699622 175.67741758611942 -8.172314292021833 64.58000873291877 37.96408411589033 5400.0 5400.0 2016.0 1 494 {-999.0 16.678 16.364035 16.212341 -999.0} sdss_psfmag_ps1 16.622465 16.329308 15.876453 15.08 63050395164329851 980423061 "" ops_std_boss_tic ops_std standard_boss 0 0 0.0 0.0 -999 ""
FIBERMAP 508 R-3C10 METROLOGY 0 0 0 1 0 0 -46.695793994915206 -67.68587357844093 143.1 71.05261865371814 -41.385689054984795 321.6348 113.225464 -999.0 -999.0 -999.0 -999.0 -999.0 175.67831242881206 -8.02036389091635 175.67586431410507 -8.174070253724182 64.58231831980018 37.96330061065362 -999.0 6231.0 -999.0 -1 -999 {-999.0 -999.0 -999.0 -999.0 -999.0} "" -999.0 -999.0 -999.0 -999.0 -999 -999 "" "" "" "" 0 0 0.0 0.0 -999 ""
FIBERMAP 510 R-3C24 APOGEE 0 0 0 1 0 0 272.0259241379019 -73.46702721853423 143.1 52.46510232379067 276.8313287078168 12.751957 41.202652 -999.0 -999.0 -999.0 -999.0 -999.0 175.6199803306547 -7.057986006900974 175.617760843547 -7.211772347613606 63.80005194431506 36.66912259267173 -999.0 16600.0 -999.0 2 238 {-999.0 -999.0 -999.0 -999.0 -999.0} "" -999.0 -999.0 -999.0 -999.0 -999 -999 "" "" "" "" 0 0 0.0 0.0 -999 ""
FIBERMAP 510 R-3C24 BOSS 1 1 0 1 0 0 271.64557075558616 -74.09941514597121 143.1 53.1246728475307 276.5004214820022 12.751957 41.202652 175.62203637592464 -7.0588994931168765 -999.0 -999.0 -999.0 175.62204258908181 -7.0589116560641285 175.61976732543826 -7.2127880596628025 63.79986760104639 36.674167028300815 5400.0 5400.0 2016.0 1 348 {-999.0 21.456331 21.301182 21.129686 20.969631} sdss_psfmag_from_lsdr10 nan nan nan -999.0 63050396875908759 1131666857 dark_flexible_3x1 bhm_spiders_agn_lsdr10_d3 bhm_spiders science 0 0 0.0 0.0 -999 ""
FIBERMAP 510 R-3C24 METROLOGY 0 0 0 1 0 0 271.29202764294376 -73.43386582489659 143.1 52.48811177174105 276.0970777689881 12.751957 41.202652 -999.0 -999.0 -999.0 -999.0 -999.0 175.62010208500638 -7.060087231833889 175.617842067639 -7.213937533129564 63.80185042087135 36.671859468996445 -999.0 6231.0 -999.0 -1 -999 {-999.0 -999.0 -999.0 -999.0 -999.0} "" -999.0 -999.0 -999.0 -999.0 -999 -999 "" "" "" "" 0 0 0.0 0.0 -999 ""
FIBERMAP 511 R-1C13 APOGEE 0 0 0 1 0 0 -13.722464514131437 -5.947045637396849 143.1 6.977833097835802 -13.227341474020626 104.77817 113.55212 -999.0 -999.0 -999.0 -999.0 -999.0 175.4817723734026 -7.935035860611739 175.47933569322856 -8.088645191030166 64.61558485717276 37.47405812097736 -999.0 16600.0 -999.0 2 180 {-999.0 -999.0 -999.0 -999.0 -999.0} "" -999.0 -999.0 -999.0 -999.0 -999 -999 "" "" "" "" 0 0 0.0 0.0 -999 ""
FIBERMAP 511 R-1C13 BOSS 1 1 0 1 0 0 -13.136414131113098 -5.4904945115242345 143.1 6.477861249435972 -12.677913463310214 104.77817 113.55212 175.48029926418374 -7.9332882448075175 -999.0 -999.0 -999.0 175.48029835472784 -7.933290215829332 175.4778064900221 -8.086985255045649 64.61499848494957 37.46899901502866 5400.0 5400.0 2016.0 1 431 {-999.0 21.12862 20.910507 20.720238 20.5714} sdss_psfmag_from_gaiadr2 20.852192 20.926285 20.125008 -999.0 63050395164330976 1130008387 dark_flexible_3x1 bhm_gua_dark_d3 bhm_filler science 0 0 0.0 0.0 -999 ""
FIBERMAP 511 R-1C13 METROLOGY 0 0 0 1 0 0 -13.031345466617084 -6.22819651213117 143.1 7.2053451125547845 -12.516793658411565 104.77817 113.55212 -999.0 -999.0 -999.0 -999.0 -999.0 175.48251431401025 -7.932825431458175 175.4800387164563 -8.086496798015233 64.61339899429268 37.472734373873436 -999.0 6231.0 -999.0 -1 -999 {-999.0 -999.0 -999.0 -999.0 -999.0} "" -999.0 -999.0 -999.0 -999.0 -999 -999 "" "" "" "" 0 0 0.0 0.0 -999 ""
FIBERMAP 512 R+9C8 APOGEE 0 0 0 1 0 0 -43.96299875983367 178.94887873917284 143.1 -175.05858020488714 -57.50480456306409 141.63939 131.60776 -999.0 -999.0 -999.0 -999.0 -999.0 174.92452037160314 -8.068957841835472 174.92191881644544 -8.222396561605837 65.02228096156425 36.54291619228985 -999.0 16600.0 -999.0 2 134 {-999.0 -999.0 -999.0 -999.0 -999.0} "" -999.0 -999.0 -999.0 -999.0 -999 -999 "" "" "" "" 0 0 0.0 0.0 -999 ""
FIBERMAP 512 R+9C8 BOSS 1 1 0 1 0 0 -44.03000037344451 179.69153839576808 143.1 -175.7939154646486 -57.628349135135984 141.63939 131.60776 174.9222698522993 -8.069259102547427 -0.022657093 -0.92184615 -0.93205804 174.92227209649943 -8.06926115532945 174.91961683477587 -8.222784135914594 65.02380913037697 36.538810416601564 5400.0 5400.0 2016.0 1 129 {-999.0 20.94745 20.682268 20.4419 20.245651} sdss_psfmag_from_gaiadr2 20.771852 20.723913 19.924562 -999.0 63050395164321836 1130008226 dark_flexible_3x1 bhm_gua_dark_d3 bhm_filler science 0 0 0.0 0.0 -999 ""
FIBERMAP 512 R+9C8 METROLOGY 0 0 0 1 0 0 -43.34679656351122 179.3703949996257 143.1 -175.52592492791246 -56.92263747913131 141.63939 131.60776 -999.0 -999.0 -999.0 -999.0 -999.0 174.92305067606273 -8.067156278959764 174.9204111599106 -8.22065574938784 65.0215854706244 36.537742313287595 -999.0 6231.0 -999.0 -1 -999 {-999.0 -999.0 -999.0 -999.0 -999.0} "" -999.0 -999.0 -999.0 -999.0 -999 -999 "" "" "" "" 0 0 0.0 0.0 -999 ""
FIBERMAP 513 R+2C25 APOGEE 0 0 0 1 0 0 277.1176126377432 19.61770524193935 143.1 -40.73225104237172 274.79588450483084 351.89212 45.183647 -999.0 -999.0 -999.0 -999.0 -999.0 175.33610901089682 -7.064115023705011 175.33383265804287 -7.217827413814972 63.952554453682794 36.131081213043274 -999.0 16600.0 -999.0 2 108 {-999.0 -999.0 -999.0 -999.0 -999.0} "" -999.0 -999.0 -999.0 -999.0 -999 -999 "" "" "" "" 0 0 0.0 0.0 -999 ""
FIBERMAP 513 R+2C25 BOSS 1 1 0 1 0 0 276.55259722130864 19.164624629257503 143.1 -40.237346550227684 274.26716384029066 351.89212 45.183647 175.3376770019531 -7.065630010640845 -999.0 -999.0 -999.0 175.337671315845 -7.065623665763648 175.33534002784336 -7.2194257413600536 63.95314262515949 36.13588254306251 5400.0 5400.0 2015.5 1 184 {-999.0 -999.0 -999.0 -999.0 -999.0} "" -999.0 -999.0 -999.0 -999.0 27021603139074539 811639077 "" ops_sky_boss_good ops_sky sky_boss 0 0 0.0 0.0 -999 ""
FIBERMAP 513 R+2C25 METROLOGY 0 0 0 1 0 0 276.4313917291437 19.910325589692732 143.1 -40.97157270874631 274.08934397412804 351.89212 45.183647 -999.0 -999.0 -999.0 -999.0 -999.0 175.33541071365548 -7.066130655071209 175.33309443529868 -7.219906681831195 63.954711459130294 36.13211749104988 -999.0 6231.0 -999.0 -1 -999 {-999.0 -999.0 -999.0 -999.0 -999.0} "" -999.0 -999.0 -999.0 -999.0 -999 -999 "" "" "" "" 0 0 0.0 0.0 -999 ""
FIBERMAP 516 R+10C9 APOGEE 0 0 0 1 0 0 11.235999791793715 205.47686808191634 143.1 -205.72520336174227 -4.496547371281947 66.519554 94.91965 -999.0 -999.0 -999.0 -999.0 -999.0 174.8311677349369 -7.908183286219883 174.82858336281424 -8.061621393369128 64.93368438190953 36.157780656055024 -999.0 16600.0 -999.0 2 -999 {-999.0 -999.0 -999.0 -999.0 -999.0} "" -999.0 -999.0 -999.0 -999.0 -999 -999 "" "" "" "" 0 0 0.0 0.0 -999 ""
FIBERMAP 516 R+10C9 BOSS 1 1 0 1 0 0 11.93022015994917 205.24696062147825 143.1 -205.54901955306278 -3.7868226280421493 66.519554 94.91965 174.83172464729716 -7.905922953948811 -0.24309328 0.39197516 -0.8267027 174.83170628922616 -7.905949252744674 174.82906981697772 -8.059473471104848 64.93160014717617 36.15610916939704 5400.0 5400.0 2016.0 1 126 {-999.0 19.493818 19.290749 19.1157 18.982576} sdss_psfmag_from_gaiadr2 19.503126 19.299208 18.818106 -999.0 63050395164326742 1130008325 dark_flexible_3x1 bhm_gua_dark_d3 bhm_filler science 0 0 0.0 0.0 -999 ""
FIBERMAP 516 R+10C9 METROLOGY 0 0 0 1 0 0 11.385173067091369 204.74389772048755 143.1 -205.0058068412165 -4.291815432858927 66.519554 94.91965 -999.0 -999.0 -999.0 -999.0 -999.0 174.83331260056244 -7.907506273785608 174.83069107557662 -8.061006436066979 64.932071997793 36.16122817568527 -999.0 6231.0 -999.0 -1 -999 {-999.0 -999.0 -999.0 -999.0 -999.0} "" -999.0 -999.0 -999.0 -999.0 -999 -999 "" "" "" "" 0 0 0.0 0.0 -999 ""
FIBERMAP 517 R+13C10 APOGEE 0 0 0 1 0 0 62.39427937054282 239.74764563388206 143.1 -243.80289786014228 43.891411918822556 302.78815 110.489136 -999.0 -999.0 -999.0 -999.0 -999.0 174.71577539994843 -7.76158902684497 174.71320089032213 -7.915017558428672 64.86756351201112 35.74825883127187 -999.0 16600.0 -999.0 2 97 {-999.0 -999.0 -999.0 -999.0 -999.0} "" -999.0 -999.0 -999.0 -999.0 -999 -999 "" "" "" "" 0 0 0.0 0.0 -999 ""
FIBERMAP 517 R+13C10 BOSS 1 1 0 1 0 0 61.91253459129196 239.16958405168407 143.1 -243.1897456936813 43.455263633062486 302.78815 110.489136 174.71767723957834 -7.762825942248796 -999.0 -999.0 -999.0 174.7176629694953 -7.76281911045264 174.71503619372243 -7.916334157256337 64.86775371118033 35.75352465556608 5400.0 5400.0 2016.0 1 171 {-999.0 22.37094 22.268995 22.183813 22.107927} sdss_psfmag_from_lsdr10 nan nan nan -999.0 63050396866949910 1131660774 dark_flexible_3x1 bhm_spiders_agn_lsdr10_d3 bhm_spiders science 0 0 0.0 0.0 -999 ""
FIBERMAP 517 R+13C10 METROLOGY 0 0 0 1 0 0 61.66013098327472 239.8736347049602 143.1 -243.8724212047339 43.149817461974 302.78815 110.489136 -999.0 -999.0 -999.0 -999.0 -999.0 174.71553318797032 -7.763759671510524 174.71292053628667 -7.917249529943586 64.86961886466496 35.75040958630865 -999.0 6231.0 -999.0 -1 -999 {-999.0 -999.0 -999.0 -999.0 -999.0} "" -999.0 -999.0 -999.0 -999.0 -999 -999 "" "" "" "" 0 0 0.0 0.0 -999 ""
FIBERMAP 519 R-5C15 APOGEE 0 0 0 1 0 0 91.14448089297892 -82.66874326563466 143.1 75.45949815451362 97.19003350205979 93.48653 64.03312 -999.0 -999.0 -999.0 -999.0 -999.0 175.691293856156 -7.599844218177683 175.68897632725634 -7.753560265077 64.22141098067145 37.46288615011207 -999.0 16600.0 -999.0 2 -999 {-999.0 -999.0 -999.0 -999.0 -999.0} "" -999.0 -999.0 -999.0 -999.0 -999 -999 "" "" "" "" 0 0 0.0 0.0 -999 ""
FIBERMAP 519 R-5C15 BOSS 1 1 0 1 0 0 91.81203630675661 -82.92984543518932 143.1 75.66882134370778 97.87555585868263 93.48653 64.03312 175.69202732510868 -7.597617634055188 -999.0 -999.0 -999.0 175.6920255818606 -7.597629373989627 175.6896525706618 -7.751433334902544 64.21925678071862 37.46156082038544 5400.0 5400.0 2016.0 1 281 {-999.0 21.352314 20.94504 20.831724 20.76399} sdss_psfmag_from_lsdr10 nan nan nan -999.0 63050396875901725 1131662868 dark_flexible_3x1 bhm_spiders_agn_lsdr10_d3 bhm_spiders science 0 0 0.0 0.0 -999 ""
FIBERMAP 519 R-5C15 METROLOGY 0 0 0 1 0 0 91.24271382093677 -83.41026097187027 143.1 76.19130866827574 97.34462940207749 93.48653 64.03312 -999.0 -999.0 -999.0 -999.0 -999.0 175.69361886547773 -7.599253589417654 175.69126176385532 -7.753032915732773 64.21975037990012 37.466628255277044 -999.0 6231.0 -999.0 -1 -999 {-999.0 -999.0 -999.0 -999.0 -999.0} "" -999.0 -999.0 -999.0 -999.0 -999 -999 "" "" "" "" 0 0 0.0 0.0 -999 ""
FIBERMAP 520 R+1C14 APOGEE 0 0 0 1 0 0 21.95324475287923 28.385492351388308 143.1 -29.978513515946567 19.71930220866618 47.436436 110.85658 -999.0 -999.0 -999.0 -999.0 -999.0 175.36845999943236 -7.835000882151037 175.36601881253785 -7.988597012437239 64.59112282287471 37.12821250557221 -999.0 16600.0 -999.0 2 121 {-999.0 -999.0 -999.0 -999.0 -999.0} "" -999.0 -999.0 -999.0 -999.0 -999 -999 "" "" "" "" 0 0 0.0 0.0 -999 ""
FIBERMAP 520 R+1C14 BOSS 1 1 0 1 0 0 22.63006733676976 28.064989575012152 143.1 -29.71067414776044 20.4186026411372 47.436436 110.85658 175.36932874261882 -7.83276447919644 -2.38077 -1.7917836 0.2624324 175.3693166167127 -7.832777938900184 175.36682130162194 -7.98646083545309 64.58889179607002 37.127126069764074 5400.0 5400.0 2016.0 1 101 {-999.0 18.031385 17.668354 17.52804 17.47806} sdss_psfmag_from_gaia 17.982 17.6796 17.2067 15.723 63050395164331557 968259099 "" ops_std_boss_gdr2 ops_std standard_boss 0 0 0.0 0.0 -999 ""
FIBERMAP 520 R+1C14 METROLOGY 0 0 0 1 0 0 22.015084953621436 27.635926182899993 143.1 -29.235897901459232 19.838228376735664 47.436436 110.85658 -999.0 -999.0 -999.0 -999.0 -999.0 175.37075402372352 -7.8345633277911 175.36827417690313 -7.988221882984075 64.58961490431211 37.132150570832266 -999.0 6231.0 -999.0 -1 -999 {-999.0 -999.0 -999.0 -999.0 -999.0} "" -999.0 -999.0 -999.0 -999.0 -999 -999 "" "" "" "" 0 0 0.0 0.0 -999 ""
FIBERMAP 521 R+12C7 APOGEE 0 0 0 1 0 0 -4.753216142453336 229.59113625065393 143.1 -228.54623291929178 -22.2807036428903 24.386332 77.26321 -999.0 -999.0 -999.0 -999.0 -999.0 174.76171906561848 -7.961924779299787 174.75910473071406 -8.11533449110752 65.01535856079792 36.08506701189589 -999.0 16600.0 -999.0 2 -999 {-999.0 -999.0 -999.0 -999.0 -999.0} "" -999.0 -999.0 -999.0 -999.0 -999 -999 "" "" "" "" 0 0 0.0 0.0 -999 ""
FIBERMAP 521 R+12C7 BOSS 1 1 0 1 0 0 -4.61374144886808 228.8746274340846 143.1 -227.84250805619055 -22.08689920969883 24.386332 77.26321 174.76387811318497 -7.961262722891065 -0.8634238 0.23655291 0.28815165 174.76387286032295 -7.961260512015914 174.76120669300144 -8.114756275763447 65.01378209124105 36.08856199745179 5400.0 5400.0 2016.0 1 162 {-999.0 20.211283 20.003733 19.82422 19.68639} sdss_psfmag_from_gaiadr2 20.129711 20.014301 19.431896 -999.0 63050395164326727 1130008324 dark_flexible_3x1 bhm_gua_dark_d3 bhm_filler science 0 0 0.0 0.0 -999 ""
FIBERMAP 521 R+12C7 METROLOGY 0 0 0 1 0 0 -5.3102392624054175 229.0919133939707 143.1 -228.00593383703338 -22.797930306999763 24.386332 77.26321 -999.0 -999.0 -999.0 -999.0 -999.0 174.76332297512897 -7.963439956130364 174.76067101174976 -8.1169110260461 65.01589811808277 36.09014419044138 -999.0 6231.0 -999.0 -1 -999 {-999.0 -999.0 -999.0 -999.0 -999.0} "" -999.0 -999.0 -999.0 -999.0 -999 -999 "" "" "" "" 0 0 0.0 0.0 -999 ""
FIBERMAP 522 R-4C13 APOGEE 0 0 0 1 0 0 42.03286240037525 -76.25263800919682 143.1 72.81475173201616 47.73403152892687 50.56368 61.781082 -999.0 -999.0 -999.0 -999.0 -999.0 175.68340974224674 -7.74985015973204 175.6810592998429 -7.903540025748883 64.3520597808179 37.63360651949472 -999.0 16600.0 -999.0 2 -999 {-999.0 -999.0 -999.0 -999.0 -999.0} "" -999.0 -999.0 -999.0 -999.0 -999 -999 "" "" "" "" 0 0 0.0 0.0 -999 ""
FIBERMAP 522 R-4C13 BOSS 1 1 0 1 0 0 42.30182393562882 -76.94260310800634 143.1 73.48211842764773 48.054910272877436 50.56368 61.781082 175.68544036094488 -7.748762330401192 -44.441406 1.8547748 1.3739383 175.68555086843938 -7.748760908795071 175.68314510120786 -7.902538193220887 64.35010221159075 37.63637871921759 5400.0 5400.0 2016.0 1 406 {-999.0 16.655167 15.936251 15.721388 -999.0} sdss_psfmag_ps1 16.456392 15.979605 15.333481 14.019 63050395164331392 1136357188 dark_flexible_3x1 mwm_halo_local_high_boss_triple mwm_halo science 0 0 0.8323808312416077 0.0 -999 ""
FIBERMAP 522 R-4C13 METROLOGY 0 0 0 1 0 0 41.5770169161457 -76.84568363248698 143.1 73.44086464570428 47.324850469164744 50.56368 61.781082 -999.0 -999.0 -999.0 -999.0 -999.0 175.68541814320122 -7.75099717460489 175.68302776235578 -7.904749484798054 64.35202725948433 37.63890683024749 -999.0 6231.0 -999.0 -1 -999 {-999.0 -999.0 -999.0 -999.0 -999.0} "" -999.0 -999.0 -999.0 -999.0 -999 -999 "" "" "" "" 0 0 0.0 0.0 -999 ""
FIBERMAP 525 R+2C1 APOGEE 1 1 0 1 0 0 -261.88356232202693 32.70891478158239 143.1 -12.60292915933951 -263.60501459654273 282.2893 148.46368 175.42204777524236 -8.692172572588508 -15.978431 -2.2777808 0.27300793 175.4219835563922 -8.692168201675473 175.41936487535145 -8.84564142917898 65.28343163651277 38.327447720471866 16000.0 16600.0 2016.0 2 4 {-999.0 14.060499 13.388396 13.113524 -999.0} sdss_psfmag_from_g3xp 13.880866 13.40644 12.766735 11.431 63050395164318739 1164953291 bright_1x1 openfibertargets_mwm_rvscnn24_metal_poor_giants_apogee open_fiber science 0 0 0.0 0.0 -999 ""
FIBERMAP 525 R+2C1 BOSS 0 0 0 1 0 0 -262.1002956027621 31.981065604867986 143.1 -11.86068201925864 -263.7654939806635 282.2893 148.46368 -999.0 -999.0 -999.0 -999.0 -999.0 175.42430942816435 -8.692569024387415 175.4216364632041 -8.846125287258719 65.28260410776372 38.332570026668805 -999.0 5400.0 -999.0 1 4 {-999.0 -999.0 -999.0 -999.0 -999.0} "" -999.0 -999.0 -999.0 -999.0 -999 -999 "" "" "" "" 0 0 0.0 0.0 -999 ""
FIBERMAP 525 R+2C1 METROLOGY 0 0 0 1 0 0 -262.6093240518422 32.558400187432554 143.1 -12.397410650721238 -264.31712140886464 282.2893 148.46368 -999.0 -999.0 -999.0 -999.0 -999.0 175.42265033341204 -8.694295367421894 175.41999207476476 -8.847827544004977 65.28491887080234 38.331556457610475 -999.0 6231.0 -999.0 -1 -999 {-999.0 -999.0 -999.0 -999.0 -999.0} "" -999.0 -999.0 -999.0 -999.0 -999 -999 "" "" "" "" 0 0 0.0 0.0 -999 ""
FIBERMAP 526 R+6C6 APOGEE 0 0 0 1 0 0 -127.29166316416787 102.6017045020759 143.1 -92.57149434462218 -134.7528325938589 277.99106 48.500618 -999.0 -999.0 -999.0 -999.0 -999.0 175.17679353008066 -8.303447565659518 175.17419885701588 -8.456918042692836 65.0883938857557 37.33975617781334 -999.0 16600.0 -999.0 2 -999 {-999.0 -999.0 -999.0 -999.0 -999.0} "" -999.0 -999.0 -999.0 -999.0 -999 -999 "" "" "" "" 0 0 0.0 0.0 -999 ""
FIBERMAP 526 R+6C6 BOSS 1 1 0 1 0 0 -127.91904505448102 103.03248358685595 143.1 -92.95306002002808 -135.4112646531158 277.99106 48.500618 175.17562866210935 -8.305423672129692 -999.0 -999.0 -999.0 175.17564407979202 -8.305407298902987 175.17299467645205 -8.458961197558297 65.09075714892602 37.33997051283433 5400.0 5400.0 2015.5 1 56 {-999.0 -999.0 -999.0 -999.0 -999.0} "" -999.0 -999.0 -999.0 -999.0 27021603139061736 811637223 "" ops_sky_boss_good ops_sky sky_boss 0 0 0.0 0.0 -999 ""
FIBERMAP 526 R+6C6 METROLOGY 0 0 0 1 0 0 -127.25075394490683 103.34858110003273 143.1 -93.31927880594685 -134.76910894960804 277.99106 48.500618 -999.0 -999.0 -999.0 -999.0 -999.0 175.17449415924435 -8.303502196305693 175.1718602079252 -8.45703227816329 65.08973068917138 37.335266021649375 -999.0 6231.0 -999.0 -1 -999 {-999.0 -999.0 -999.0 -999.0 -999.0} "" -999.0 -999.0 -999.0 -999.0 -999 -999 "" "" "" "" 0 0 0.0 0.0 -999 ""
FIBERMAP 527 R0C23 APOGEE 0 0 0 1 0 0 196.24169498984452 9.236192687392704 143.1 -24.20234944393532 194.9533025907655 102.290634 131.60976 -999.0 -999.0 -999.0 -999.0 -999.0 175.38630587501362 -7.304153285676357 175.3839864180103 -7.45783979158846 64.1312550121346 36.514368570904026 -999.0 16600.0 -999.0 2 84 {-999.0 -999.0 -999.0 -999.0 -999.0} "" -999.0 -999.0 -999.0 -999.0 -999 -999 "" "" "" "" 0 0 0.0 0.0 -999 ""
FIBERMAP 527 R0C23 BOSS 1 1 0 1 0 0 196.63397347175624 9.855483479702889 143.1 -24.849772843917656 195.29710017515313 102.290634 131.60976 175.38436889648435 -7.302961963196708 -999.0 -999.0 -999.0 175.38437661553422 -7.302972799196467 175.38200200216488 -7.456747497309075 64.13135769464897 36.50921595096099 5400.0 5400.0 2015.5 1 257 {-999.0 -999.0 -999.0 -999.0 -999.0} "" -999.0 -999.0 -999.0 -999.0 27021603139074094 811639032 "" ops_sky_boss_good ops_sky sky_boss 0 0 0.0 0.0 -999 ""
FIBERMAP 527 R0C23 METROLOGY 0 0 0 1 0 0 196.98115720580142 9.196043758881434 143.1 -24.218817346981563 195.69363659711786 102.290634 131.60976 -999.0 -999.0 -999.0 -999.0 -999.0 175.38628574624803 -7.301773432072658 175.38392737928461 -7.455523745903582 64.12931419625626 36.511468908376344 -999.0 6231.0 -999.0 -1 -999 {-999.0 -999.0 -999.0 -999.0 -999.0} "" -999.0 -999.0 -999.0 -999.0 -999 -999 "" "" "" "" 0 0 0.0 0.0 -999 ""
FIBERMAP 529 R-10C15 APOGEE 0 0 0 1 0 0 121.66000248121709 -196.08975680967836 143.1 186.21222580081846 136.28072309881694 188.84723 117.95202 -999.0 -999.0 -999.0 -999.0 -999.0 176.02885835136925 -7.4817574012625805 176.02663772092285 -7.635573624992821 63.941465820048315 37.9616371875066 -999.0 16600.0 -999.0 2 228 {-999.0 -999.0 -999.0 -999.0 -999.0} "" -999.0 -999.0 -999.0 -999.0 -999 -999 "" "" "" "" 0 0 0.0 0.0 -999 ""
FIBERMAP 529 R-10C15 BOSS 1 1 0 1 0 0 121.21123402120729 -195.5018523281597 143.1 185.66035457300273 135.78836914679303 188.84723 117.95202 176.02729029538617 -7.483088287620034 -8.847447 -14.253952 0.4040499 176.02727370478706 -7.483132909879782 176.0249950666804 -7.63703659249197 63.94357818854252 37.960331746232214 5400.0 5400.0 2016.0 1 330 {-999.0 17.296045 16.983892 16.832556 -999.0} sdss_psfmag_ps1 17.2411 16.972387 16.532188 15.79 63050395164332260 944484728 bright_1x1 openfibertargets_nov2020_6c open_fiber science 0 0 0.0 0.0 -999 ""
FIBERMAP 529 R-10C15 METROLOGY 0 0 0 1 0 0 121.95513617546558 -195.4092670801919 143.1 185.511207402403 136.52298853166062 188.84723 117.95202 -999.0 -999.0 -999.0 -999.0 -999.0 176.02682353025145 -7.4809161387115575 176.02456148844487 -7.634795130509164 63.94192874139554 37.95674081165828 -999.0 6231.0 -999.0 -1 -999 {-999.0 -999.0 -999.0 -999.0 -999.0} "" -999.0 -999.0 -999.0 -999.0 -999 -999 "" "" "" "" 0 0 0.0 0.0 -999 ""
FIBERMAP 530 R+6C5 APOGEE 1 1 0 1 0 0 -153.5929352802411 115.8228207637308 143.1 -103.74383899279577 -161.98614817190887 224.46992 65.41672 175.14268538006485 -8.385710339794944 -5.7171087 -2.8603632 0.53238225 175.14270352325113 -8.3857110125545 175.14008085037085 -8.539159227170536 65.17590010562391 37.37696915809261 16000.0 16600.0 2016.0 2 30 {-999.0 12.735851 11.907447 11.609984 -999.0} sdss_psfmag_from_g3xp 12.490203 11.948416 11.257785 9.829 63050395164319992 1110449514 bright_1x1 mwm_tess_rgb_apogee mwm_tessrgb science 0 0 0.0 0.0 -999 ""
FIBERMAP 530 R+6C5 BOSS 0 0 0 1 0 0 -153.86243961718452 116.51616003373454 143.1 -104.41452836843824 -162.30782590477767 224.46992 65.41672 -999.0 -999.0 -999.0 -999.0 -999.0 175.1406751426162 -8.38664291794165 175.1379978955497 -8.540174111592494 65.17786210075747 37.37412710660158 -999.0 5400.0 -999.0 1 50 {-999.0 -999.0 -999.0 -999.0 -999.0} "" -999.0 -999.0 -999.0 -999.0 -999 -999 "" "" "" "" 0 0 0.0 0.0 -999 ""
FIBERMAP 530 R+6C5 METROLOGY 0 0 0 1 0 0 -153.11866122173686 116.40559117335627 143.1 -104.36111521409259 -161.55780819520422 224.46992 65.41672 -999.0 -999.0 -999.0 -999.0 -999.0 175.14080543519563 -8.384423392180748 175.13814399800458 -8.537931268124781 65.1758921845167 37.3715498808553 -999.0 6231.0 -999.0 -1 -999 {-999.0 -999.0 -999.0 -999.0 -999.0} "" -999.0 -999.0 -999.0 -999.0 -999 -999 "" "" "" "" 0 0 0.0 0.0 -999 ""
FIBERMAP 531 R-4C14 APOGEE 0 0 0 1 0 0 53.7380194723405 -73.68998180469494 143.1 69.36538823221932 59.20863540251638 350.408 145.37854 -999.0 -999.0 -999.0 -999.0 -999.0 175.672807819731 -7.715033204331937 175.67046222286865 -7.8687260630111755 64.32838303268764 37.56987543654196 -999.0 16600.0 -999.0 2 -999 {-999.0 -999.0 -999.0 -999.0 -999.0} "" -999.0 -999.0 -999.0 -999.0 -999 -999 "" "" "" "" 0 0 0.0 0.0 -999 ""
FIBERMAP 531 R-4C14 BOSS 1 1 0 1 0 0 54.27770048294831 -74.16147429404712 143.1 69.7942470867677 59.78273765097348 350.408 145.37854 175.67420956391754 -7.713166590356822 0.07648804 -0.22752948 0.334 175.6742149524822 -7.713169672835206 175.6718140569526 -7.866950043203083 64.32616545066136 37.570273820646946 5400.0 5400.0 2016.0 1 270 {-999.0 19.815645 19.541977 19.292461 19.087967} sdss_psfmag_from_gaiadr2 19.885878 19.58857 19.018425 -999.0 63050395164331471 1130008394 dark_flexible_3x1 bhm_gua_dark_d3 bhm_filler science 0 0 0.0 0.0 -999 ""
FIBERMAP 531 R-4C14 METROLOGY 0 0 0 1 0 0 53.57031536482609 -74.41893554061986 143.1 70.10499064372418 59.09712399838533 350.408 145.37854 -999.0 -999.0 -999.0 -999.0 -999.0 175.67515974392114 -7.7152692133480745 175.67277449346693 -7.869024856881213 64.32740187703187 37.57470247254338 -999.0 6231.0 -999.0 -1 -999 {-999.0 -999.0 -999.0 -999.0 -999.0} "" -999.0 -999.0 -999.0 -999.0 -999 -999 "" "" "" "" 0 0 0.0 0.0 -999 ""
FIBERMAP 534 R-5C9 APOGEE 0 0 0 1 0 0 -50.08189442040383 -116.32991950815668 143.1 119.8109330201547 -41.04515209362498 339.35544 52.52388 -999.0 -999.0 -999.0 -999.0 -999.0 175.82750095504804 -8.01915232408211 175.82512899491928 -8.172834005568033 64.50072852390956 38.24987053163386 -999.0 16600.0 -999.0 2 266 {-999.0 -999.0 -999.0 -999.0 -999.0} "" -999.0 -999.0 -999.0 -999.0 -999 -999 "" "" "" "" 0 0 0.0 0.0 -999 ""
FIBERMAP 534 R-5C9 BOSS 1 1 0 1 0 0 -50.71439315982117 -116.71736907318834 143.1 120.24555731969298 -41.64617015022286 339.35544 52.52388 175.82920045648618 -8.020914000840737 -88.96854 7.176422 8.797046 175.82894851685296 -8.020908329969231 175.8265200381968 -8.174675683486731 64.50151715103858 38.25488810120851 5400.0 5400.0 2016.0 1 361 {-999.0 17.033464 17.230042 17.561459 -999.0} sdss_psfmag_ps1 17.172781 17.135181 17.13137 -999.0 63050395164329901 1143436634 dark_1x3 mwm_wd_pwd_boss_1x3 mwm_wd science 0 0 0.0 0.0 -999 ""
FIBERMAP 534 R-5C9 METROLOGY 0 0 0 1 0 0 -50.74482728296417 -115.96512868991545 143.1 119.49787589208528 -41.733987816630155 339.35544 52.52388 -999.0 -999.0 -999.0 -999.0 -999.0 175.82665803693627 -8.021207386119352 175.82424496924432 -8.17494987828561 64.5029784655078 38.25085713804532 -999.0 6231.0 -999.0 -1 -999 {-999.0 -999.0 -999.0 -999.0 -999.0} "" -999.0 -999.0 -999.0 -999.0 -999 -999 "" "" "" "" 0 0 0.0 0.0 -999 ""
FIBERMAP 536 R+4C9 APOGEE 0 0 0 1 0 0 -60.52888807284234 67.49322780730715 143.1 -62.66818750005991 -65.50588478143763 296.4456 124.626884 -999.0 -999.0 -999.0 -999.0 -999.0 175.26826923239196 -8.093721882254076 175.26574578011787 -8.247250210939105 64.86282181908422 37.25511591452005 -999.0 16600.0 -999.0 2 40 {-999.0 -999.0 -999.0 -999.0 -999.0} "" -999.0 -999.0 -999.0 -999.0 -999 -999 "" "" "" "" 0 0 0.0 0.0 -999 ""
FIBERMAP 536 R+4C9 BOSS 1 1 0 1 0 0 -60.88991205085787 66.83482466626414 143.1 -61.98415584852234 -65.81553234168265 296.4456 124.626884 175.2703857421875 -8.094610514732807 -999.0 -999.0 -999.0 175.27038402794872 -8.0946156591534 175.26780650265482 -8.248229405253161 64.86255814957225 37.260405325907925 5400.0 5400.0 2015.5 1 66 {-999.0 -999.0 -999.0 -999.0 -999.0} "" -999.0 -999.0 -999.0 -999.0 27021603139062789 811637380 "" ops_sky_boss_good ops_sky sky_boss 0 0 0.0 0.0 -999 ""
FIBERMAP 536 R+4C9 METROLOGY 0 0 0 1 0 0 -61.273968624485875 67.48032234933598 143.1 -62.59839348708382 -66.24776689163502 296.4456 124.626884 -999.0 -999.0 -999.0 -999.0 -999.0 175.2684803690235 -8.095956187554114 175.26591748994952 -8.24954512222551 64.86466986952854 37.258344009820405 -999.0 6231.0 -999.0 -1 -999 {-999.0 -999.0 -999.0 -999.0 -999.0} "" -999.0 -999.0 -999.0 -999.0 -999 -999 "" "" "" "" 0 0 0.0 0.0 -999 ""
FIBERMAP 537 R-10C13 APOGEE 0 0 0 1 0 0 93.42316362758271 -183.65767690065118 143.1 175.97445893674987 107.17787345026042 53.485718 132.78113 -999.0 -999.0 -999.0 -999.0 -999.0 175.998070380168 -7.569706160375919 175.99582620568185 -7.7235009172604965 64.031879225656 38.01205864069732 -999.0 16600.0 -999.0 2 -999 {-999.0 -999.0 -999.0 -999.0 -999.0} "" -999.0 -999.0 -999.0 -999.0 -999 -999 "" "" "" "" 0 0 0.0 0.0 -999 ""
FIBERMAP 537 R-10C13 BOSS 1 1 0 1 0 0 94.25204059706877 -183.60669727626117 143.1 175.86030146106884 108.00039415060994 53.485718 132.78113 175.9978239520105 -7.567095215688605 -1.4249004 -6.8739386 0.15561336 175.99781541799163 -7.567102619726823 175.99551441958909 -7.720985408228511 64.02993548219295 38.00834448635976 5400.0 5400.0 2016.0 1 378 {-999.0 18.285376 17.688204 17.514744 -999.0} sdss_psfmag_ps1 18.11049 17.70624 17.195688 16.467 63050395164332170 944484726 bright_1x1 openfibertargets_nov2020_6c open_fiber science 0 0 0.0 0.0 -999 ""
FIBERMAP 537 R-10C13 METROLOGY 0 0 0 1 0 0 93.87262872563275 -184.25557266282965 143.1 176.53623855175906 107.67168534209294 53.485718 132.78113 -999.0 -999.0 -999.0 -999.0 -999.0 175.9998866643224 -7.568107938903263 175.99760214872663 -7.721966202261731 64.02963452470568 38.013527474324064 -999.0 6231.0 -999.0 -1 -999 {-999.0 -999.0 -999.0 -999.0 -999.0} "" -999.0 -999.0 -999.0 -999.0 -999 -999 "" "" "" "" 0 0 0.0 0.0 -999 ""
FIBERMAP 538 R+13C9 APOGEE 1 1 0 1 0 0 25.10707141258824 254.28570313548812 143.1 -255.4489076352675 5.604162648231389 121.520935 153.95973 174.68018571297225 -7.877393947244929 -12.880656 0.12294733 1.7259604 174.68019735996342 -7.877393304192691 174.67758511215652 -8.030793003960042 64.98492455004175 35.81803640491387 16000.0 16600.0 2016.0 2 98 {-999.0 12.552342 12.198484 12.111204 -999.0} sdss_psfmag_from_g3xp 12.501922 12.220631 11.782437 11.047 63050395164326817 1164886686 bright_1x1 openfibertargets_mwm_rvscnn24_apogee open_fiber science 0 0 0.0 0.0 -999 ""
FIBERMAP 538 R+13C9 BOSS 0 0 0 1 0 0 25.05218573122476 255.0183482282023 143.1 -256.17518376954456 5.493463181027469 121.520935 153.95973 -999.0 -999.0 -999.0 -999.0 -999.0 174.67803710536447 -7.877639112389174 174.6753720735362 -8.031123795358006 64.98634023070397 35.814004064790936 -999.0 5400.0 -999.0 1 172 {-999.0 -999.0 -999.0 -999.0 -999.0} "" -999.0 -999.0 -999.0 -999.0 -999 -999 "" "" "" "" 0 0 0.0 0.0 -999 ""
FIBERMAP 538 R+13C9 METROLOGY 0 0 0 1 0 0 25.7013776198804 254.7224833864214 143.1 -255.92979809083823 6.163332535718137 121.520935 153.95973 -999.0 -999.0 -999.0 -999.0 -999.0 174.67872298330033 -7.8756367571731065 174.67607341880932 -8.029097693513977 64.98424675539313 35.81293399993524 -999.0 6231.0 -999.0 -1 -999 {-999.0 -999.0 -999.0 -999.0 -999.0} "" -999.0 -999.0 -999.0 -999.0 -999 -999 "" "" "" "" 0 0 0.0 0.0 -999 ""
FIBERMAP 539 R-12C10 APOGEE 0 0 0 1 0 0 47.97441740302515 -253.1728649205001 143.1 248.7556811213401 67.17529552971763 333.43564 48.129505 -999.0 -999.0 -999.0 -999.0 -999.0 176.21966009509958 -7.690780325205121 176.21744216913817 -7.844606253760019 64.01315423432912 38.582943886678834 -999.0 16600.0 -999.0 2 -999 {-999.0 -999.0 -999.0 -999.0 -999.0} "" -999.0 -999.0 -999.0 -999.0 -999 -999 "" "" "" "" 0 0 0.0 0.0 -999 ""
FIBERMAP 539 R-12C10 BOSS 1 1 0 1 0 0 47.3384180613656 -253.4329129680202 143.1 249.06354966397848 66.56105332409349 333.43564 48.129505 176.22057240090015 -7.692541452407206 -46.687572 -4.2305927 1.4167846 176.2206672216093 -7.6925477717426025 176.21839111538134 -7.846460881041617 64.01418493456781 38.58706531003412 5400.0 5400.0 2016.0 1 368 {-999.0 16.917164 16.042656 15.794329 -999.0} sdss_psfmag_ps1 16.665276 16.096376 15.38291 13.971 63050395164330867 1136357163 dark_flexible_3x1 mwm_halo_local_high_boss_triple mwm_halo science 0 0 0.8114691972732544 0.0 -999 ""
FIBERMAP 539 R-12C10 METROLOGY 0 0 0 1 0 0 47.374023512396455 -252.72674229958534 143.1 248.35675548861616 66.54259903066705 333.43564 48.129505 -999.0 -999.0 -999.0 -999.0 -999.0 176.21855519672005 -7.69261618814703 176.21629507131865 -7.846504087978059 64.01536417678626 38.58316332779452 -999.0 6231.0 -999.0 -1 -999 {-999.0 -999.0 -999.0 -999.0 -999.0} "" -999.0 -999.0 -999.0 -999.0 -999 -999 "" "" "" "" 0 0 0.0 0.0 -999 ""
FIBERMAP 540 R-12C4 APOGEE 0 0 0 1 0 0 -71.13453282160332 -222.44321277559513 143.1 227.21763550015112 -53.927834239288345 92.35493 37.89837 -999.0 -999.0 -999.0 -999.0 -999.0 176.1550945228448 -8.05736844719084 176.15279391123784 -8.211120585117337 64.35395860922114 38.92572633412664 -999.0 16600.0 -999.0 2 -999 {-999.0 -999.0 -999.0 -999.0 -999.0} "" -999.0 -999.0 -999.0 -999.0 -999 -999 "" "" "" "" 0 0 0.0 0.0 -999 ""
FIBERMAP 540 R-12C4 BOSS 1 1 0 1 0 0 -70.63736684488345 -222.99353991294453 143.1 227.72834321762832 -53.39009752689491 92.35493 37.89837 176.15671316773404 -8.055673826043492 -999.0 -999.0 -999.0 176.15673578596218 -8.055657777600636 176.15437814500478 -8.209496191289466 64.35173704857151 38.92665606305354 5400.0 5400.0 2016.0 1 426 {-999.0 23.35757 22.967957 22.091137 21.550594} sdss_fiber2mag_from_lsdr10 nan nan nan -999.0 63050396876016043 1131658747 dark_flexible_3x1 bhm_spiders_agn_lsdr10_d3 bhm_spiders science 0 0 0.0 0.0 -999 ""
FIBERMAP 540 R-12C4 METROLOGY 0 0 0 1 0 0 -71.38329842579708 -223.1486303051237 143.1 227.9399649873616 -54.121964690947294 92.35493 37.89837 -999.0 -999.0 -999.0 -999.0 -999.0 176.15740081860082 -8.057903400575524 176.1550592817689 -8.21171733057326 64.35321016891969 38.93080047213846 -999.0 6231.0 -999.0 -1 -999 {-999.0 -999.0 -999.0 -999.0 -999.0} "" -999.0 -999.0 -999.0 -999.0 -999 -999 "" "" "" "" 0 0 0.0 0.0 -999 ""
FIBERMAP 541 R-13C2 APOGEE 1 1 0 1 0 0 -131.95900551663271 -263.01462570695213 143.1 272.3157889478208 -111.47189261440376 237.64343 111.61106 176.2918161458611 -8.230608136455992 -8.670988 -12.017944 1.7918506 176.29179905928788 -8.230641801022117 176.28950012035227 -8.384396657451957 64.42222747847826 39.4091204856029 16000.0 16600.0 2016.0 2 155 {-999.0 11.842839 11.128061 10.869313 -999.0} sdss_psfmag_gaia 11.652711 11.1715355 10.529764 9.303 63050395164251061 1107037659 bright_1x1 mwm_tess_rgb_apogee mwm_tessrgb science 0 0 0.0 0.0 -999 ""
FIBERMAP 541 R-13C2 BOSS 0 0 0 1 0 0 -132.7117457886554 -262.87725839517714 143.1 272.23634163661467 -112.2328930890408 237.64343 111.61106 -999.0 -999.0 -999.0 -999.0 -999.0 176.29157387680627 -8.23283801991062 176.2892162748352 -8.386677406791398 64.42427282173915 39.41154681379675 -999.0 5400.0 -999.0 1 436 {-999.0 -999.0 -999.0 -999.0 -999.0} "" -999.0 -999.0 -999.0 -999.0 -999 -999 "" "" "" "" 0 0 0.0 0.0 -999 ""
FIBERMAP 541 R-13C2 METROLOGY 0 0 0 1 0 0 -132.2205028732978 -262.3186434487721 143.1 271.6418526694589 -111.78578907660602 237.64343 111.61106 -999.0 -999.0 -999.0 -999.0 -999.0 176.28981927615249 -8.231547664534768 176.28747797125914 -8.385362805540787 64.42414977609656 39.40654078501365 -999.0 6231.0 -999.0 -1 -999 {-999.0 -999.0 -999.0 -999.0 -999.0} "" -999.0 -999.0 -999.0 -999.0 -999 -999 "" "" "" "" 0 0 0.0 0.0 -999 ""
FIBERMAP 542 R+1C25 APOGEE 0 0 0 1 0 0 255.95296089330552 6.913988194143542 143.1 -26.44919927675018 254.6646887616957 258.25336 121.630295 -999.0 -999.0 -999.0 -999.0 -999.0 175.37956460291812 -7.124447455482274 175.37728345607457 -7.278161409728096 63.98161636741902 36.28651222452311 -999.0 16600.0 -999.0 2 -999 {-999.0 -999.0 -999.0 -999.0 -999.0} "" -999.0 -999.0 -999.0 -999.0 -999 -999 "" "" "" "" 0 0 0.0 0.0 -999 ""
FIBERMAP 542 R+1C25 BOSS 1 1 0 1 0 0 255.23719245497583 6.641926077569366 143.1 -26.12325768883869 253.97183224185852 258.25336 121.630295 175.380193974235 -7.126088936090256 3.1924129 -118.977425 1.7894324 175.38061044013742 -7.126425703929121 175.37827401323716 -7.280228884603137 63.98286741845111 36.29088238655214 5400.0 5400.0 2016.0 1 192 {-999.0 14.137276 13.783813 13.658009 -999.0} sdss_psfmag_from_g3xp 14.078481 13.786753 13.327172 12.46 63050395164337978 1135975693 dark_flexible_3x1 mwm_halo_local_high_boss_triple mwm_halo science 0 0 1.4337811470031738 0.0 -999 ""
FIBERMAP 542 R+1C25 METROLOGY 0 0 0 1 0 0 255.37966023818882 7.3944302568721145 143.1 -26.88441246645232 254.05638291767934 258.25336 121.630295 -999.0 -999.0 -999.0 -999.0 -999.0 175.37826978190745 -7.126153778604805 175.37594855676082 -7.279931092549526 63.98381694986167 36.286041885797545 -999.0 6231.0 -999.0 -1 -999 {-999.0 -999.0 -999.0 -999.0 -999.0} "" -999.0 -999.0 -999.0 -999.0 -999 -999 "" "" "" "" 0 0 0.0 0.0 -999 ""
FIBERMAP 545 R-11C6 APOGEE 0 0 0 1 0 0 -42.53938769282761 -210.67577289472715 143.1 213.30036391198723 -26.31667397484373 17.345633 111.829216 -999.0 -999.0 -999.0 -999.0 -999.0 176.1127135780894 -7.973902280670552 176.1104184826977 -8.12765821219133 64.30770840420367 38.73837417296761 -999.0 16600.0 -999.0 2 171 {-999.0 -999.0 -999.0 -999.0 -999.0} "" -999.0 -999.0 -999.0 -999.0 -999 -999 "" "" "" "" 0 0 0.0 0.0 -999 ""
FIBERMAP 545 R-11C6 BOSS 1 1 0 1 0 0 -42.06214730181949 -211.22630438900242 143.1 213.81279776711938 -25.798788068177476 17.345633 111.829216 176.11439371464874 -7.972236381087887 -3.7991977 -7.173075 0.09396906 176.11437496388916 -7.972249576890097 176.11202296892918 -8.126092122161602 64.30552531806602 38.739430399575326 5400.0 5400.0 2016.0 1 413 {-999.0 17.054806 16.602571 16.639614 -999.0} sdss_psfmag_ps1 17.003428 16.705374 16.247074 15.399 63050395164330151 980423107 "" ops_std_boss_tic ops_std standard_boss 0 0 0.0 0.0 -999 ""
FIBERMAP 545 R-11C6 METROLOGY 0 0 0 1 0 0 -42.78026130367861 -211.3862246472032 143.1 214.0271096965696 -26.502551234357444 17.345633 111.829216 -999.0 -999.0 -999.0 -999.0 -999.0 176.11504532441208 -7.974407669663805 176.11270940529243 -8.128225651553327 64.30692754478721 38.74345683246287 -999.0 6231.0 -999.0 -1 -999 {-999.0 -999.0 -999.0 -999.0 -999.0} "" -999.0 -999.0 -999.0 -999.0 -999 -999 "" "" "" "" 0 0 0.0 0.0 -999 ""
FIBERMAP 549 R+8C4 APOGEE 0 0 0 1 0 0 -140.37279389362234 168.5410393529388 143.1 -157.31558496118186 -152.83312671977848 124.06102 107.04985 -999.0 -999.0 -999.0 -999.0 -999.0 174.9789545033079 -8.357554250970171 174.97629631873008 -8.510962171779699 65.23865676756805 37.01458112312736 -999.0 16600.0 -999.0 2 -999 {-999.0 -999.0 -999.0 -999.0 -999.0} "" -999.0 -999.0 -999.0 -999.0 -999 -999 "" "" "" "" 0 0 0.0 0.0 -999 ""
FIBERMAP 549 R+8C4 BOSS 1 1 0 1 0 0 -139.97278392395168 169.11306906257633 143.1 -157.91647832788144 -152.4780096858852 124.06102 107.04985 174.9771266989461 -8.356415056626453 0.026600124 0.28464505 -1.0930647 174.97713980602774 -8.35642174973484 174.97442820500146 -8.509913072342666 65.23875205834867 37.00951357376965 5400.0 5400.0 2016.0 1 58 {-999.0 20.484911 20.23599 20.01314 19.832958} sdss_psfmag_from_gaiadr2 20.492382 20.268337 19.68488 -999.0 63050395164320664 1130008208 dark_flexible_3x1 bhm_gua_dark_d3 bhm_filler science 0 0 0.0 0.0 -999 ""
FIBERMAP 549 R+8C4 METROLOGY 0 0 0 1 0 0 -139.63287680600422 168.43139939559288 143.1 -157.26280293359076 -152.08702982398108 124.06102 107.04985 -999.0 -999.0 -999.0 -999.0 -999.0 174.97909280081416 -8.355295680719648 174.9763970533669 -8.508764000561722 65.23674286263117 37.01198893887516 -999.0 6231.0 -999.0 -1 -999 {-999.0 -999.0 -999.0 -999.0 -999.0} "" -999.0 -999.0 -999.0 -999.0 -999 -999 "" "" "" "" 0 0 0.0 0.0 -999 ""
FIBERMAP 551 R-1C12 APOGEE 0 0 0 1 0 0 -20.955484718687664 -9.065728649959532 143.1 10.639884764172827 -20.200605414700288 62.905075 90.90169 -999.0 -999.0 -999.0 -999.0 -999.0 175.49300699185838 -7.956208850091099 175.49056836650857 -8.109817652638071 64.62745669058114 37.52249669424174 -999.0 16600.0 -999.0 2 -999 {-999.0 -999.0 -999.0 -999.0 -999.0} "" -999.0 -999.0 -999.0 -999.0 -999 -999 "" "" "" "" 0 0 0.0 0.0 -999 ""
FIBERMAP 551 R-1C12 BOSS 1 1 0 1 0 0 -20.274921619608932 -9.400217942677969 143.1 10.921383328581562 -19.496506953058496 62.905075 90.90169 175.493940761776 -7.95397667392774 -999.0 -999.0 -999.0 175.49393197735205 -7.953997259213151 175.49143879005044 -8.10769237567154 64.62520159225329 37.521523554883174 5400.0 5400.0 2016.0 1 507 {-999.0 22.721434 21.705608 21.545021 21.488201} sdss_psfmag_from_lsdr10 nan nan nan -999.0 63050396875845679 1131658739 dark_flexible_3x1 bhm_spiders_agn_lsdr10_d3 bhm_spiders science 0 0 0.0 0.0 -999 ""
FIBERMAP 551 R-1C12 METROLOGY 0 0 0 1 0 0 -20.897689136699142 -9.811488589550487 143.1 11.379014475500206 -20.08600266522112 62.905075 90.90169 -999.0 -999.0 -999.0 -999.0 -999.0 175.49532130622381 -7.955813243754846 175.49284371163628 -8.109484125210887 64.62596359107478 37.52650897984711 -999.0 6231.0 -999.0 -1 -999 {-999.0 -999.0 -999.0 -999.0 -999.0} "" -999.0 -999.0 -999.0 -999.0 -999 -999 "" "" "" "" 0 0 0.0 0.0 -999 ""
FIBERMAP 553 R+3C6 APOGEE 0 0 0 1 0 0 -134.63851582947942 55.829088718761675 143.1 -45.37643722203078 -138.5042710466832 332.94705 131.21594 -999.0 -999.0 -999.0 -999.0 -999.0 175.32136518230465 -8.314995559024764 175.3188046712238 -8.468502563681557 65.02119430312152 37.64039039158746 -999.0 16600.0 -999.0 2 -999 {-999.0 -999.0 -999.0 -999.0 -999.0} "" -999.0 -999.0 -999.0 -999.0 -999 -999 "" "" "" "" 0 0 0.0 0.0 -999 ""
FIBERMAP 553 R+3C6 BOSS 1 1 0 1 0 0 -134.4609851795488 55.11184311613072 143.1 -44.674885374744974 -138.27246736608572 332.94705 131.21594 175.32331586629238 -8.31426715630349 -1.4204234 -2.281937 -0.011753203 175.3235487865437 -8.314274282819365 175.32093446054898 -8.467866052801151 65.01952109777037 37.64377520486204 5400.0 5400.0 2016.0 1 40 {-999.0 16.868738 16.093233 15.895771 -999.0} sdss_psfmag_ps1 16.652548 16.127886 15.453802 14.048 63050395164320040 943927791 bright_1x1 openfibertargets_nov2020_6b open_fiber science 0 0 0.7818076014518738 0.0 -999 ""
FIBERMAP 553 R+3C6 METROLOGY 0 0 0 1 0 0 -135.1750045525713 55.307861257099 143.1 -44.81576777746766 -138.99934305587814 332.94705 131.21594 -999.0 -999.0 -999.0 -999.0 -999.0 175.32309787919462 -8.316513216659931 175.3204983877049 -8.470080677771332 65.02161798983433 37.64574741913407 -999.0 6231.0 -999.0 -1 -999 {-999.0 -999.0 -999.0 -999.0 -999.0} "" -999.0 -999.0 -999.0 -999.0 -999 -999 "" "" "" "" 0 0 0.0 0.0 -999 ""
FIBERMAP 555 R-12C1 APOGEE 0 0 0 1 0 0 -175.38055152907424 -241.30904662514695 143.1 253.99222642880557 -156.4228896736911 258.80905 50.706223 -999.0 -999.0 -999.0 -999.0 -999.0 176.23604261292172 -8.366514753464612 176.23370487911336 -8.520235438979451 64.56561264139158 39.48027268824808 -999.0 16600.0 -999.0 2 249 {-999.0 -999.0 -999.0 -999.0 -999.0} "" -999.0 -999.0 -999.0 -999.0 -999 -999 "" "" "" "" 0 0 0.0 0.0 -999 ""
FIBERMAP 555 R-12C1 BOSS 1 1 0 1 0 0 -175.84568171670958 -240.7315622889021 143.1 253.4519945007947 -156.93076063220752 258.80905 50.706223 176.23443857566355 -8.367940096004867 -5.9831443 -4.4830656 1.5113765 176.23441756944334 -8.367945843995301 176.2320211978173 -8.521750256155652 64.56780151861619 39.479049318300895 5400.0 5400.0 2016.0 1 517 {-999.0 19.98988 18.804384 17.559319 -999.0} sdss_psfmag_ps1 19.519276 18.140997 17.017004 14.702 63050395164250649 1096526264 bright_1x1 mwm_bin_vis_boss mwm_filler science 0 0 0.0 0.0 -999 ""
FIBERMAP 555 R-12C1 METROLOGY 0 0 0 1 0 0 -175.11601056827337 -240.609763280353 143.1 253.27480761681178 -156.21256203411934 258.80905 50.706223 -999.0 -999.0 -999.0 -999.0 -999.0 176.2339255495604 -8.365843888187461 176.23154586452108 -8.519624638770342 64.56630786927609 39.475361516101316 -999.0 6231.0 -999.0 -1 -999 {-999.0 -999.0 -999.0 -999.0 -999.0} "" -999.0 -999.0 -999.0 -999.0 -999 -999 "" "" "" "" 0 0 0.0 0.0 -999 ""
FIBERMAP 557 R+4C13 APOGEE 0 0 0 1 0 0 12.401113839752192 84.36279052809594 143.1 -85.05977687536819 5.918664999631611 136.94235 125.31229 -999.0 -999.0 -999.0 -999.0 -999.0 175.19969201385624 -7.876889518961258 175.19720194206434 -8.030434303000353 64.71538778113138 36.84932078399663 -999.0 16600.0 -999.0 2 -999 {-999.0 -999.0 -999.0 -999.0 -999.0} "" -999.0 -999.0 -999.0 -999.0 -999 -999 "" "" "" "" 0 0 0.0 0.0 -999 ""
FIBERMAP 557 R+4C13 BOSS 1 1 0 1 0 0 12.48096061332328 85.1069527234111 143.1 -85.807829965502 5.941417968596865 136.94235 125.31229 175.19697536015067 -7.8767841447176465 -3.8226614 21.550787 2.3826332 175.1974051590028 -7.876730325217647 175.19486042377525 -8.030360430066489 64.71655303618574 36.84462445800261 5400.0 5400.0 2016.0 1 112 {-999.0 14.003036 13.462704 13.281754 -999.0} sdss_psfmag_from_g3xp 13.879308 13.49473 12.942979 11.851 63050395164331530 1077939900 bright_flexible_2x1 mwm_snc_ext_main_boss mwm_snc science 0 0 1.5664734840393066 0.0 -999 ""
FIBERMAP 557 R+4C13 METROLOGY 0 0 0 1 0 0 13.087163594878849 84.66084077601859 143.1 -85.409358810375 6.579905493757602 136.94235 125.31229 -999.0 -999.0 -999.0 -999.0 -999.0 175.19860311268906 -7.874815821309802 175.19607444670078 -8.028422215220942 64.71427230661293 36.84460874488451 -999.0 6231.0 -999.0 -1 -999 {-999.0 -999.0 -999.0 -999.0 -999.0} "" -999.0 -999.0 -999.0 -999.0 -999 -999 "" "" "" "" 0 0 0.0 0.0 -999 ""
FIBERMAP 558 R+4C15 APOGEE 0 0 0 1 0 0 73.17870916411003 95.64734652418024 143.1 -100.95445520047886 65.65360805948046 115.1263 66.18579 -999.0 -999.0 -999.0 -999.0 -999.0 175.15120865743066 -7.695616768754496 175.14874946511884 -7.849177623021821 64.5867214920853 36.530751607483126 -999.0 16600.0 -999.0 2 67 {-999.0 -999.0 -999.0 -999.0 -999.0} "" -999.0 -999.0 -999.0 -999.0 -999 -999 "" "" "" "" 0 0 0.0 0.0 -999 ""
FIBERMAP 558 R+4C15 BOSS 1 1 0 1 0 0 73.9057937017404 95.69007819161234 143.1 -101.05261189675258 66.37526876106519 115.1263 66.18579 175.1509094238281 -7.693308144429764 -999.0 -999.0 -999.0 175.15091289922856 -7.69330729807203 175.14840014336357 -7.84695512604996 64.58501235391313 36.527344421531666 5400.0 5400.0 2015.5 1 220 {-999.0 -999.0 -999.0 -999.0 -999.0} "" -999.0 -999.0 -999.0 -999.0 27021603139073418 820037394 "" ops_sky_boss_good ops_sky sky_boss 0 0 0.0 0.0 -999 ""
FIBERMAP 558 R+4C15 METROLOGY 0 0 0 1 0 0 73.58234267881515 95.02403855676029 143.1 -100.36383713798443 66.1036660440565 115.1263 66.18579 -999.0 -999.0 -999.0 -999.0 -999.0 175.15299280996817 -7.6941482146489895 175.15049563567993 -7.847771902686139 64.58461652017348 36.53245976416446 -999.0 6231.0 -999.0 -1 -999 {-999.0 -999.0 -999.0 -999.0 -999.0} "" -999.0 -999.0 -999.0 -999.0 -999 -999 "" "" "" "" 0 0 0.0 0.0 -999 ""
FIBERMAP 560 R+6C18 APOGEE 0 0 0 1 0 0 165.6237050774864 135.2323463614161 143.1 -147.4850480647115 154.79966229103218 123.54362 44.879997 -999.0 -999.0 -999.0 -999.0 -999.0 175.00979331904378 -7.425886754205436 175.00736664285762 -7.579452410478809 64.42965439811616 35.92613873422033 -999.0 16600.0 -999.0 2 -999 {-999.0 -999.0 -999.0 -999.0 -999.0} "" -999.0 -999.0 -999.0 -999.0 -999 -999 "" "" "" "" 0 0 0.0 0.0 -999 ""
FIBERMAP 560 R+6C18 BOSS 1 1 0 1 0 0 166.3489826192751 135.087383096681 143.1 -147.39592910279885 155.53386194090476 123.54362 44.879997 175.00989336957417 -7.423545459306945 -36.257195 -5.6834683 0.8332095 175.0100933591856 -7.4235465377991074 175.00761373330124 -7.577200442921134 64.42760079105015 35.92392376508917 5400.0 5400.0 2016.0 1 211 {-999.0 15.4009 15.02934 14.84103 -999.0} sdss_psfmag_ps1 15.353569 15.067357 14.618745 13.763 63050395164337038 1136357092 dark_flexible_3x1 mwm_halo_local_high_boss_triple mwm_halo science 0 0 1.0742576122283936 0.0 -999 ""
FIBERMAP 560 R+6C18 METROLOGY 0 0 0 1 0 0 165.8624477768142 134.52347391850853 143.1 -146.7965213383593 155.09185652001992 123.54362 44.879997 -999.0 -999.0 -999.0 -999.0 -999.0 175.01187720358092 -7.424879397209822 175.00941281789198 -7.578508698707026 64.42779703565037 35.92902756104667 -999.0 6231.0 -999.0 -1 -999 {-999.0 -999.0 -999.0 -999.0 -999.0} "" -999.0 -999.0 -999.0 -999.0 -999 -999 "" "" "" "" 0 0 0.0 0.0 -999 ""
FIBERMAP 562 R+5C17 APOGEE 0 0 0 1 0 0 103.48101252595036 94.75851365150574 143.1 -102.38346827433753 95.93384285204188 236.1549 56.029503 -999.0 -999.0 -999.0 -999.0 -999.0 175.14697721131492 -7.603821315224528 175.1445384440101 -7.757395803524111 64.51077545771227 36.41043309518045 -999.0 16600.0 -999.0 2 -999 {-999.0 -999.0 -999.0 -999.0 -999.0} "" -999.0 -999.0 -999.0 -999.0 -999 -999 "" "" "" "" 0 0 0.0 0.0 -999 ""
FIBERMAP 562 R+5C17 BOSS 1 1 0 1 0 0 103.1944300500603 95.50759809415977 143.1 -103.10843246257136 95.59087855664569 236.1549 56.029503 175.14475987442162 -7.604738084362465 -999.0 -999.0 -999.0 175.1447651804412 -7.604730421971324 175.14227167719184 -7.75839122994358 64.51279993105615 36.40719889937583 5400.0 5400.0 2016.0 1 214 {-999.0 21.451597 21.23924 21.126076 21.03405} sdss_psfmag_from_lsdr10 nan nan nan -999.0 63050396875786438 1131662859 dark_flexible_3x1 bhm_spiders_agn_lsdr10_d3 bhm_spiders science 0 0 0.0 0.0 -999 ""
FIBERMAP 562 R+5C17 METROLOGY 0 0 0 1 0 0 103.92901978156569 95.357502562682 143.1 -103.01490795881075 96.33475486885786 236.1549 56.029503 -999.0 -999.0 -999.0 -999.0 -999.0 175.14502828788378 -7.602489983692252 175.14255067628733 -7.756126557656067 64.51072599174725 36.40498951076347 -999.0 6231.0 -999.0 -1 -999 {-999.0 -999.0 -999.0 -999.0 -999.0} "" -999.0 -999.0 -999.0 -999.0 -999 -999 "" "" "" "" 0 0 0.0 0.0 -999 ""
FIBERMAP 563 R-1C20 APOGEE 0 0 0 1 0 0 141.8359246509928 1.5114825413945248 143.1 -12.343777187670245 141.29927900445063 157.6645 45.064922 -999.0 -999.0 -999.0 -999.0 -999.0 175.42251119416179 -7.466259343821782 175.42016367964766 -7.6199289858417325 64.25017385299347 36.78042355785158 -999.0 16600.0 -999.0 2 226 {-999.0 -999.0 -999.0 -999.0 -999.0} "" -999.0 -999.0 -999.0 -999.0 -999 -999 "" "" "" "" 0 0 0.0 0.0 -999 ""
FIBERMAP 563 R-1C20 BOSS 1 1 0 1 0 0 142.521935886607 1.7659507364374107 143.1 -12.64990353785841 141.96381092149477 157.6645 45.064922 175.42161190626788 -7.464093896774437 1.4679298 -0.10889848 0.15532549 175.42162406607105 -7.464095466004295 175.41922172111538 -7.6178530466580145 64.24890435805557 36.77607478054574 5400.0 5400.0 2016.0 1 325 {-999.0 20.885172 20.69847 20.539034 20.423296} sdss_psfmag_from_gaiadr2 20.866945 20.69984 20.230635 -999.0 63050395164337336 1130008478 dark_flexible_3x1 bhm_gua_dark_d3 bhm_filler science 0 0 0.0 0.0 -999 ""
FIBERMAP 563 R-1C20 METROLOGY 0 0 0 1 0 0 142.40982996281113 1.0243395220601386 143.1 -11.901929136939996 141.9086996872855 157.6645 45.064922 -999.0 -999.0 -999.0 -999.0 -999.0 175.42389563349158 -7.464270529830957 175.42150935069105 -7.618003783730714 64.24783460839471 36.78068936694575 -999.0 6231.0 -999.0 -1 -999 {-999.0 -999.0 -999.0 -999.0 -999.0} "" -999.0 -999.0 -999.0 -999.0 -999 -999 "" "" "" "" 0 0 0.0 0.0 -999 ""
FIBERMAP 564 R+1C4 APOGEE 0 0 0 1 0 0 -222.25471736917294 35.647843692246745 143.1 -18.56091983737099 -224.3183871178081 154.86055 73.76207 -999.0 -999.0 -999.0 -999.0 -999.0 175.403682432185 -8.574105983788224 175.40108513766768 -8.727593213290815 65.19454853236125 38.13701598587056 -999.0 16600.0 -999.0 2 -999 {-999.0 -999.0 -999.0 -999.0 -999.0} "" -999.0 -999.0 -999.0 -999.0 -999 -999 "" "" "" "" 0 0 0.0 0.0 -999 ""
FIBERMAP 564 R+1C4 BOSS 1 1 0 1 0 0 -221.7886070711281 36.23039107758067 143.1 -19.177349955494563 -223.89816962049454 154.86055 73.76207 175.4018275207848 -8.572792049150374 0.669909 -0.10017551 -0.46759912 175.40184549693373 -8.572797545067385 175.39919323430775 -8.726367510842069 65.19454354681739 38.131686572906915 5400.0 5400.0 2016.0 1 63 {-999.0 19.986444 20.06916 19.617281 19.269897} sdss_fiber2mag_from_lsdr10 19.818542 19.732597 18.879374 -999.0 63050395164319387 1131654717 dark_flexible_3x1 bhm_spiders_agn_lsdr10_d3 bhm_spiders science 0 0 0.0 0.0 -999 ""
FIBERMAP 564 R+1C4 METROLOGY 0 0 0 1 0 0 -221.51542539082416 35.53406501434419 143.1 -18.5039636179701 -223.5725972617316 154.86055 73.76207 -999.0 -999.0 -999.0 -999.0 -999.0 175.40388846405162 -8.571877117015998 175.40125246750108 -8.725424238209483 65.19264152032947 38.13452172417732 -999.0 6231.0 -999.0 -1 -999 {-999.0 -999.0 -999.0 -999.0 -999.0} "" -999.0 -999.0 -999.0 -999.0 -999 -999 "" "" "" "" 0 0 0.0 0.0 -999 ""
FIBERMAP 568 R-13C13 APOGEE 0 0 0 1 0 0 120.55231361564802 -233.91799945935443 143.1 224.01277400576075 138.06653929847798 138.6692 71.40363 -999.0 -999.0 -999.0 -999.0 -999.0 176.14362450480115 -7.476547482185421 176.1414294146624 -7.630390997667341 63.875222424239155 38.17228875428475 -999.0 16600.0 -999.0 2 179 {-999.0 -999.0 -999.0 -999.0 -999.0} "" -999.0 -999.0 -999.0 -999.0 -999 -999 "" "" "" "" 0 0 0.0 0.0 -999 ""
FIBERMAP 568 R-13C13 BOSS 1 1 0 1 0 0 121.20164759209109 -233.55747943634162 143.1 223.60371301094793 138.68640011749892 138.6692 71.40363 176.14242553710935 -7.474577152988616 -999.0 -999.0 -999.0 176.14243378410026 -7.474585146981373 176.14018095874553 -7.628516860747273 63.87432609169046 38.167612397254175 5400.0 5400.0 2015.5 1 430 {-999.0 -999.0 -999.0 -999.0 -999.0} "" -999.0 -999.0 -999.0 -999.0 27021603139071258 820037349 "" ops_sky_boss_good ops_sky sky_boss 0 0 0.0 0.0 -999 ""
FIBERMAP 568 R-13C13 METROLOGY 0 0 0 1 0 0 121.19204049346324 -234.30681956829565 143.1 224.3515620947663 138.7340738694065 138.6692 71.40363 -999.0 -999.0 -999.0 -999.0 -999.0 176.1447257244213 -7.474444913689118 176.14248980128866 -7.628352193075256 63.872940299099376 38.171764813704044 -999.0 6231.0 -999.0 -1 -999 {-999.0 -999.0 -999.0 -999.0 -999.0} "" -999.0 -999.0 -999.0 -999.0 -999 -999 "" "" "" "" 0 0 0.0 0.0 -999 ""
FIBERMAP 569 R+13C1 APOGEE 0 0 0 1 0 0 -144.04797473448605 230.71167523056087 143.1 -219.020816186282 -161.2474583014378 342.46783 30.264347 -999.0 -999.0 -999.0 -999.0 -999.0 174.79107175770562 -8.382077796240301 174.78835901202103 -8.535429041488023 65.35794581423082 36.66852450526045 -999.0 16600.0 -999.0 2 7 {-999.0 -999.0 -999.0 -999.0 -999.0} "" -999.0 -999.0 -999.0 -999.0 -999 -999 "" "" "" "" 0 0 0.0 0.0 -999 ""
FIBERMAP 569 R+13C1 BOSS 1 1 0 1 0 0 -144.76805490340718 230.5289779096706 143.1 -218.78364460524543 -161.95144154561132 342.46783 30.264347 174.79186283073346 -8.384100962433891 -999.0 -999.0 -999.0 174.79185829812207 -8.384114908628069 174.78909271991836 -8.537549570267146 65.35936334117307 36.67268822610504 5400.0 5400.0 2016.0 1 7 {-999.0 17.76735 17.4577 17.172655 -999.0} sdss_psfmag_ps1 17.602533 19.233856 16.895018 15.443 63050395164320708 1115908263 bright_1x1 openfibertargets_bhm_racsradio_boss open_fiber science 0 0 0.0 0.0 -999 ""
FIBERMAP 569 R+13C1 METROLOGY 0 0 0 1 0 0 -144.56686462910253 231.25434169150927 143.1 -219.5222261880268 -161.80626912178877 342.46783 30.264347 -999.0 -999.0 -999.0 -999.0 -999.0 174.78955532796755 -8.383719382966358 174.78680414369512 -8.537129784061815 65.36020207100232 36.66754676346528 -999.0 6231.0 -999.0 -1 -999 {-999.0 -999.0 -999.0 -999.0 -999.0} "" -999.0 -999.0 -999.0 -999.0 -999 -999 "" "" "" "" 0 0 0.0 0.0 -999 ""
FIBERMAP 570 R+1C20 APOGEE 0 0 0 1 0 0 159.13100537278055 30.39006233054737 143.1 -42.45801323503376 156.3365752971908 69.08956 82.04633 -999.0 -999.0 -999.0 -999.0 -999.0 175.33043467575737 -7.420822114273263 175.32807754752878 -7.574475087505441 64.2596227232498 36.546680857249555 -999.0 16600.0 -999.0 2 80 {-999.0 -999.0 -999.0 -999.0 -999.0} "" -999.0 -999.0 -999.0 -999.0 -999 -999 "" "" "" "" 0 0 0.0 0.0 -999 ""
FIBERMAP 570 R+1C20 BOSS 1 1 0 1 0 0 159.80122513659194 30.05210533565809 143.1 -42.17226699673298 157.0306260818335 69.08956 82.04633 175.3311491914221 -7.418553943512685 -16.668537 -0.4976668 0.5151521 175.33134771751313 -7.418571769586792 175.32893650104415 -7.572313318074483 64.2573359703742 36.545734329127185 5400.0 5400.0 2016.0 1 242 {-999.0 15.869592 15.476631 15.394974 -999.0} sdss_psfmag_ps1 15.767868 15.457574 14.977163 14.041 63050395164336805 1136357280 dark_flexible_3x1 mwm_halo_local_high_boss_triple mwm_halo science 0 0 0.9227253198623657 0.0 -999 ""
FIBERMAP 570 R+1C20 METROLOGY 0 0 0 1 0 0 159.18963676006692 29.641116852647873 143.1 -41.71577130300701 156.45225475691953 69.08956 82.04633 -999.0 -999.0 -999.0 -999.0 -999.0 175.33272133794398 -7.420325575407803 175.3303255438418 -7.574042265946475 64.25808377420412 36.55052314602011 -999.0 6231.0 -999.0 -1 -999 {-999.0 -999.0 -999.0 -999.0 -999.0} "" -999.0 -999.0 -999.0 -999.0 -999 -999 "" "" "" "" 0 0 0.0 0.0 -999 ""
FIBERMAP 571 R+11C2 APOGEE 0 0 0 1 0 0 -125.87356862191862 208.27747826003585 143.1 -198.04182559209121 -141.41296405936546 41.257893 48.373722 -999.0 -999.0 -999.0 -999.0 -999.0 174.85474152624832 -8.322557813566922 174.85206004661518 -8.47593656192408 65.27414850157047 36.721336271195696 -999.0 16600.0 -999.0 2 -999 {-999.0 -999.0 -999.0 -999.0 -999.0} "" -999.0 -999.0 -999.0 -999.0 -999 -999 "" "" "" "" 0 0 0.0 0.0 -999 ""
FIBERMAP 571 R+11C2 BOSS 1 1 0 1 0 0 -125.93575837034655 207.46560586826672 143.1 -197.2276124231247 -141.41293912700345 41.257893 48.373722 174.85728542806112 -8.322494068966218 -0.9261369 0.6344868 1.1011846 174.85725258289315 -8.322499539169133 174.85451897810935 -8.47596281791526 65.27288499964725 36.72630481702117 5400.0 5400.0 2016.0 1 17 {-999.0 20.714193 20.539955 20.391436 20.289124} sdss_psfmag_from_gaiadr2 20.561472 20.53676 19.964718 -999.0 63050395164320764 1130008210 dark_flexible_3x1 bhm_gua_dark_d3 bhm_filler science 0 0 0.0 0.0 -999 ""
FIBERMAP 571 R+11C2 METROLOGY 0 0 0 1 0 0 -126.52151303096069 207.90375876684985 143.1 -197.61971048919693 -142.0304309493795 41.257893 48.373722 -999.0 -999.0 -999.0 -999.0 -999.0 174.85601425362577 -8.324406063773916 174.85329482013594 -8.477844932366287 65.27512269707626 36.72622682894257 -999.0 6231.0 -999.0 -1 -999 {-999.0 -999.0 -999.0 -999.0 -999.0} "" -999.0 -999.0 -999.0 -999.0 -999 -999 "" "" "" "" 0 0 0.0 0.0 -999 ""
FIBERMAP 573 R-6C13 APOGEE 0 0 0 1 0 0 57.507516807186924 -118.79811228200597 143.1 114.0515727661269 66.41336567333634 348.94098 118.4237 -999.0 -999.0 -999.0 -999.0 -999.0 175.80947951540364 -7.6931457608448595 175.8071691987882 -7.846875633733761 64.23690127779398 37.80543245604781 -999.0 16600.0 -999.0 2 -999 {-999.0 -999.0 -999.0 -999.0 -999.0} "" -999.0 -999.0 -999.0 -999.0 -999 -999 "" "" "" "" 0 0 0.0 0.0 -999 ""
FIBERMAP 573 R-6C13 BOSS 1 1 0 1 0 0 57.73855154162553 -119.48876316573106 143.1 114.72252095646198 66.69648263152072 348.94098 118.4237 175.81163562390017 -7.692161354087294 -999.0 -999.0 -999.0 175.81164141514785 -7.692167347862569 175.80927525102607 -7.845984927352313 64.23502327421689 37.80835998760273 5400.0 5400.0 2016.0 1 393 {-999.0 19.669302 18.694542 18.240847 17.907558} sdss_fiber2mag_from_lsdr10 18.665041 19.794424 17.099838 14.829 63050395164331927 1058915758 dark_flexible_2x1 bhm_spiders_agn_lsdr10 bhm_spiders science 0 0 0.0 0.0 -999 ""
FIBERMAP 573 R-6C13 METROLOGY 0 0 0 1 0 0 57.003828327460226 -119.35110064733269 143.1 114.64140274616973 65.95342316062658 348.94098 118.4237 -999.0 -999.0 -999.0 -999.0 -999.0 175.8113942960126 -7.694438473160257 175.809043639258 -7.848230956496923 64.23703616934107 37.810712417378454 -999.0 6231.0 -999.0 -1 -999 {-999.0 -999.0 -999.0 -999.0 -999.0} "" -999.0 -999.0 -999.0 -999.0 -999 -999 "" "" "" "" 0 0 0.0 0.0 -999 ""
FIBERMAP 574 R-2C2 APOGEE 0 0 1 1 0 0 -244.8733704170049 -31.01618636253526 143.1 49.63330799482359 -241.7765016622534 10.621602 169.4053 -999.0 -999.0 -999.0 -999.0 -999.0 175.61243623365968 -8.62644788671742 175.60988342264739 -8.779979816150378 65.12496644077538 38.61601160196142 -999.0 16600.0 -999.0 2 -999 {-999.0 -999.0 -999.0 -999.0 -999.0} "" -999.0 -999.0 -999.0 -999.0 -999 -999 "" "" "" "" 0 0 0.0 0.0 -999 ""
FIBERMAP 574 R-2C2 BOSS 1 0 1 1 0 0 -244.05604963286808 -31.097726900405387 143.1 49.65216011523503 -240.9553778081887 10.621602 169.4053 175.67088477006394 -8.624076371312979 -3.178384 -36.89536 0.58901554 175.61255591881564 -8.623918329628463 175.60994812879653 -8.777533581017988 65.12289169688566 38.6129270610071 5400.0 5400.0 2016.0 1 513 {-999.0 14.70816 14.29902 14.233888 -999.0} sdss_psfmag_ps1 14.556953 14.252454 13.771035 12.871 63050395164240241 1136356961 dark_flexible_3x1 mwm_halo_local_high_boss_triple mwm_halo science 0 0 1.2497475147247314 0.0 -999 ""
FIBERMAP 574 R-2C2 METROLOGY 0 0 1 1 0 0 -244.5320983062421 -31.681792524775066 143.1 50.27086329236764 -241.38538817114292 10.621602 169.4053 -999.0 -999.0 -999.0 -999.0 -999.0 175.6144409081119 -8.625271418040166 175.61184907372763 -8.778863430819253 65.12296292377447 38.61839597027995 -999.0 6231.0 -999.0 -1 -999 {-999.0 -999.0 -999.0 -999.0 -999.0} "" -999.0 -999.0 -999.0 -999.0 -999 -999 "" "" "" "" 0 0 0.0 0.0 -999 ""
FIBERMAP 576 R+4C19 APOGEE 1 1 0 1 0 0 160.6326742473347 96.60506949535831 143.1 -108.59113675636229 152.77471672520187 124.50708 63.274284 175.1285106879174 -7.431888405348486 -45.276817 32.195427 5.699662 175.12837879517497 -7.4318087992444255 175.12597606312193 -7.585406001971299 64.37370919502634 36.1658747460304 16000.0 16600.0 2016.0 2 65 {-999.0 10.318263 9.954823 9.841332 -999.0} sdss_psfmag_from_g3xp 10.263602 9.970593 9.510732 8.729 63050395164337149 1103607335 bright_1x1 mwm_tess_2min_apogee mwm_planet science 0 0 0.0 0.0 -999 ""
FIBERMAP 576 R+4C19 BOSS 0 0 0 1 0 0 161.37144997495002 96.66804368353249 143.1 -108.71036911553746 153.50648729880862 124.50708 63.274284 -999.0 -999.0 -999.0 -999.0 -999.0 175.12803955401696 -7.429460856841027 175.12558328147065 -7.5831461677595025 64.37198241879538 36.162386138220484 -999.0 5400.0 -999.0 1 217 {-999.0 -999.0 -999.0 -999.0 -999.0} "" -999.0 -999.0 -999.0 -999.0 -999 -999 "" "" "" "" 0 0 0.0 0.0 -999 ""
FIBERMAP 576 R+4C19 METROLOGY 0 0 0 1 0 0 161.0689375402854 95.98996983243342 143.1 -108.01119565915725 153.25668045379985 124.50708 63.274284 -999.0 -999.0 -999.0 -999.0 -999.0 175.13014173077258 -7.430216996037115 175.127701032951 -7.583877866354733 64.37151429408996 36.16741063424905 -999.0 6231.0 -999.0 -1 -999 {-999.0 -999.0 -999.0 -999.0 -999.0} "" -999.0 -999.0 -999.0 -999.0 -999 -999 "" "" "" "" 0 0 0.0 0.0 -999 ""
FIBERMAP 578 R+9C13 APOGEE 1 1 0 1 0 0 96.94447738923692 176.57395809551343 143.1 -183.45655750603865 83.16571824441908 44.910614 71.127 174.89961951633538 -7.642696192405465 -20.374641 13.079244 1.5685304 174.89951576665032 -7.642672863397776 174.89701256899662 -7.796172840662657 64.67168194804555 35.96970578870338 16000.0 16600.0 2016.0 2 92 {-999.0 10.443228 10.528251 10.651047 -999.0} sdss_psfmag_from_g3xp 10.543724 10.470749 10.325915 10.142 63050395164327038 974986598 "" ops_std_apogee ops_std standard_apogee 0 0 0.0 0.0 -999 ""
FIBERMAP 578 R+9C13 BOSS 0 0 0 1 0 0 97.28047974821838 175.92124300474117 143.1 -182.83145237335768 83.55059270661995 44.910614 71.127 -999.0 -999.0 -999.0 -999.0 -999.0 174.9014253369757 -7.641396750797936 174.89886977058086 -7.794984254459966 64.66971162201358 35.97194325069563 -999.0 5400.0 -999.0 1 159 {-999.0 -999.0 -999.0 -999.0 -999.0} "" -999.0 -999.0 -999.0 -999.0 -999 -999 "" "" "" "" 0 0 0.0 0.0 -999 ""
FIBERMAP 578 R+9C13 METROLOGY 0 0 0 1 0 0 96.53914911885789 175.9416876526041 143.1 -182.79519594528645 82.80990131389274 44.910614 71.127 -999.0 -999.0 -999.0 -999.0 -999.0 174.90148791157935 -7.6436519341273135 174.89894685864988 -7.7972144919955575 64.67157908686693 35.974798709002016 -999.0 6231.0 -999.0 -1 -999 {-999.0 -999.0 -999.0 -999.0 -999.0} "" -999.0 -999.0 -999.0 -999.0 -999 -999 "" "" "" "" 0 0 0.0 0.0 -999 ""
FIBERMAP 579 R+10C17 APOGEE 0 0 0 1 0 0 196.97024044964496 190.87813676539753 143.1 -205.36059553291344 181.80157663812489 24.388023 77.35628 -999.0 -999.0 -999.0 -999.0 -999.0 174.83421119996888 -7.344885881319126 174.83176697810677 -7.498415378588896 64.44979960834618 35.483548452509694 -999.0 16600.0 -999.0 2 103 {-999.0 -999.0 -999.0 -999.0 -999.0} "" -999.0 -999.0 -999.0 -999.0 -999 -999 "" "" "" "" 0 0 0.0 0.0 -999 ""
FIBERMAP 579 R+10C17 BOSS 1 1 0 1 0 0 197.15064921159433 190.15967102972238 143.1 -204.65804707387815 182.0363431071933 24.388023 77.35628 174.83642578125 -7.344096529172404 -999.0 -999.0 -999.0 174.83640782135043 -7.344091564432464 174.83391131821213 -7.497709863695654 64.44810504916272 35.486944954561466 5400.0 5400.0 2015.5 1 177 {-999.0 -999.0 -999.0 -999.0 -999.0} "" -999.0 -999.0 -999.0 -999.0 27021603139074708 820037590 "" ops_sky_boss_good ops_sky sky_boss 0 0 0.0 0.0 -999 ""
FIBERMAP 579 R+10C17 METROLOGY 0 0 0 1 0 0 196.42882072971068 190.35933474435265 143.1 -204.80196758077327 181.3014029615012 24.388023 77.35628 -999.0 -999.0 -999.0 -999.0 -999.0 174.83590334077354 -7.346295826903149 174.83342119188399 -7.4998886673641625 64.45022537353157 35.488563835560626 -999.0 6231.0 -999.0 -1 -999 {-999.0 -999.0 -999.0 -999.0 -999.0} "" -999.0 -999.0 -999.0 -999.0 -999 -999 "" "" "" "" 0 0 0.0 0.0 -999 ""
FIBERMAP 583 R+3C18 APOGEE 0 0 0 1 0 0 112.29929258915881 61.01827237487287 143.1 -69.41716295493087 107.30381590076915 150.63377 131.91875 -999.0 -999.0 -999.0 -999.0 -999.0 175.24783252009448 -7.569302595443891 175.24542397966525 -7.722909719806791 64.42895766354626 36.56588075622733 -999.0 16600.0 -999.0 2 70 {-999.0 -999.0 -999.0 -999.0 -999.0} "" -999.0 -999.0 -999.0 -999.0 -999 -999 "" "" "" "" 0 0 0.0 0.0 -999 ""
FIBERMAP 583 R+3C18 BOSS 1 1 0 1 0 0 112.13942427787461 61.74788381358452 143.1 -70.13239338679249 107.08867731780859 150.63377 131.91875 175.24566650390622 -7.569817314903034 -999.0 -999.0 -999.0 175.24566311502304 -7.569815237289978 175.24319955748877 -7.723508968728327 64.43062623076901 36.56226638331566 5400.0 5400.0 2015.5 1 226 {-999.0 -999.0 -999.0 -999.0 -999.0} "" -999.0 -999.0 -999.0 -999.0 27021603139073555 811638937 "" ops_sky_boss_good ops_sky sky_boss 0 0 0.0 0.0 -999 ""
FIBERMAP 583 R+3C18 METROLOGY 0 0 0 1 0 0 112.84412952775206 61.53089456343286 143.1 -69.96989051276356 107.80786881085459 150.63377 131.91875 -999.0 -999.0 -999.0 -999.0 -999.0 175.2461401078098 -7.567648986670108 175.24369257053104 -7.721318470830039 64.42850599968318 36.560561372590655 -999.0 6231.0 -999.0 -1 -999 {-999.0 -999.0 -999.0 -999.0 -999.0} "" -999.0 -999.0 -999.0 -999.0 -999 -999 "" "" "" "" 0 0 0.0 0.0 -999 ""
FIBERMAP 584 R+9C4 APOGEE 0 0 0 1 0 0 -138.3929476358985 190.06157928348532 143.1 -178.92349000581524 -152.50340722000323 201.62393 31.82489 -999.0 -999.0 -999.0 -999.0 -999.0 174.91304941137807 -8.356295454796538 174.9103745673707 -8.509685231755554 65.27222634018592 36.88102347936399 -999.0 16600.0 -999.0 2 -999 {-999.0 -999.0 -999.0 -999.0 -999.0} "" -999.0 -999.0 -999.0 -999.0 -999 -999 "" "" "" "" 0 0 0.0 0.0 -999 ""
FIBERMAP 584 R+9C4 BOSS 1 1 0 1 0 0 -137.94190804662654 190.67526236897885 143.1 -179.5698119135841 -152.10059456223885 201.62393 31.82489 174.91114823596612 -8.355000937643448 -13.724115 -4.045104 1.804062 174.911105376419 -8.355007795564815 174.9083773714018 -8.508480931462875 65.27225368790883 36.87549349040398 5400.0 5400.0 2016.0 1 15 {-999.0 20.924854 19.4865 18.470741 -999.0} sdss_psfmag_ps1 20.33214 19.108482 17.986757 15.73 63050395164320742 1096712120 bright_1x1 mwm_bin_vis_boss mwm_filler science 0 0 0.0 0.0 -999 ""
FIBERMAP 584 R+9C4 METROLOGY 0 0 0 1 0 0 -137.64903089592283 189.9835658181087 143.1 -178.9025461475957 -151.75573892780542 201.62393 31.82489 -999.0 -999.0 -999.0 -999.0 -999.0 174.9130918590693 -8.354024352631116 174.91037961467396 -8.507474484905881 65.2703498820689 36.87822921796004 -999.0 6231.0 -999.0 -1 -999 {-999.0 -999.0 -999.0 -999.0 -999.0} "" -999.0 -999.0 -999.0 -999.0 -999 -999 "" "" "" "" 0 0 0.0 0.0 -999 ""
FIBERMAP 585 R+12C4 APOGEE 0 0 0 1 0 0 -84.23492011224891 211.38419022188475 143.1 -204.3206574457836 -100.1353201054367 2.911949 15.478849 -999.0 -999.0 -999.0 -999.0 -999.0 174.83543047497324 -8.19774591642785 174.83277514040174 -8.351139043940206 65.17817510645855 36.52559878654273 -999.0 16600.0 -999.0 2 -999 {-999.0 -999.0 -999.0 -999.0 -999.0} "" -999.0 -999.0 -999.0 -999.0 -999 -999 "" "" "" "" 0 0 0.0 0.0 -999 ""
FIBERMAP 585 R+12C4 BOSS 1 1 0 1 0 0 -84.89800670725135 211.13634844697066 143.1 -204.02288936574357 -100.77750173623663 2.911949 15.478849 174.8363546051295 -8.19958407615364 0.5580606 0.22894403 0.0075991875 174.83635712440287 -8.199623738141266 174.83364882257183 -8.353101161864846 65.17938900268189 36.52980892037385 5400.0 5400.0 2016.0 1 98 {-999.0 19.94053 19.566319 19.288761 19.053432} sdss_psfmag_from_lsdr10 19.91046 19.88098 18.88987 -999.0 63050395164321128 1131656766 dark_flexible_3x1 bhm_spiders_agn_lsdr10_d3 bhm_spiders science 0 0 0.0 0.0 -999 ""
FIBERMAP 585 R+12C4 METROLOGY 0 0 0 1 0 0 -84.79270051589288 211.8825668245728 143.1 -204.77493772513154 -100.72952204766734 2.911949 15.478849 -999.0 -999.0 -999.0 -999.0 -999.0 174.83402039516704 -8.199509875595586 174.8313264868118 -8.352962756061178 65.18048007186326 36.524980426127684 -999.0 6231.0 -999.0 -1 -999 {-999.0 -999.0 -999.0 -999.0 -999.0} "" -999.0 -999.0 -999.0 -999.0 -999 -999 "" "" "" "" 0 0 0.0 0.0 -999 ""
FIBERMAP 586 R-5C20 APOGEE 0 0 0 1 0 0 194.28260086152827 -78.51024036625726 143.1 63.43321422957428 199.70417376782768 121.48381 67.13792 -999.0 -999.0 -999.0 -999.0 -999.0 175.65394331968528 -7.289841069483593 175.6516822362147 -7.443598123443915 63.97904882646749 37.01248400990255 -999.0 16600.0 -999.0 2 224 {-999.0 -999.0 -999.0 -999.0 -999.0} "" -999.0 -999.0 -999.0 -999.0 -999 -999 "" "" "" "" 0 0 0.0 0.0 -999 ""
FIBERMAP 586 R-5C20 BOSS 1 1 0 1 0 0 194.99739980232422 -78.43103518790173 143.1 63.29963099008195 200.41079864354103 121.48381 67.13792 175.65360811355941 -7.287578725363048 0.14714846 0.03930475 -0.22568375 175.65360209220412 -7.287574043875495 175.65128536959708 -7.441420091416656 63.977411976666474 37.009088239435414 5400.0 5400.0 2016.0 1 322 {-999.0 18.452978 18.057913 17.934713 17.854313} sdss_psfmag_from_lsdr10 18.24734 17.951162 17.409046 15.928 63050395164337573 1058920413 dark_flexible_2x1 bhm_spiders_agn_lsdr10 bhm_spiders science 0 0 0.0 0.0 -999 ""
FIBERMAP 586 R-5C20 METROLOGY 0 0 0 1 0 0 194.73862176512912 -79.11144787435249 143.1 63.99779486921903 200.20477502810726 121.48381 67.13792 -999.0 -999.0 -999.0 -999.0 -999.0 175.655728158059 -7.288192582047286 175.6534276202915 -7.442013918045508 63.976787490133795 37.013909871263195 -999.0 6231.0 -999.0 -1 -999 {-999.0 -999.0 -999.0 -999.0 -999.0} "" -999.0 -999.0 -999.0 -999.0 -999 -999 "" "" "" "" 0 0 0.0 0.0 -999 ""
FIBERMAP 590 R+11C14 APOGEE 1 1 0 1 0 0 118.98499794329173 193.10001724095468 143.1 -201.61752101105043 103.87814112170243 315.05978 45.548492 174.84454502563585 -7.579974443882808 -19.932293 -21.156076 4.5846443 174.84447294322126 -7.580059977703184 174.8419728769053 -7.733554482138255 64.64629793150462 35.7849838033207 16000.0 16600.0 2016.0 2 55 {-999.0 12.206114 11.684818 11.530759 -999.0} sdss_psfmag_from_g3xp 12.093195 11.728393 11.198194 10.279 63050395164336953 1103607314 bright_1x1 mwm_tess_2min_apogee mwm_planet science 0 0 0.0 0.0 -999 ""
FIBERMAP 590 R+11C14 BOSS 0 0 0 1 0 0 118.23442399960531 193.0346695772139 143.1 -201.49502079721918 103.13478870745742 315.05978 45.548492 -999.0 -999.0 -999.0 -999.0 -999.0 174.8448547704927 -7.582202467817959 174.84230134917573 -7.735783750495174 64.64803943688236 35.78832166456215 -999.0 5400.0 -999.0 1 92 {-999.0 -999.0 -999.0 -999.0 -999.0} "" -999.0 -999.0 -999.0 -999.0 -999 -999 "" "" "" "" 0 0 0.0 0.0 -999 ""
FIBERMAP 590 R+11C14 METROLOGY 0 0 0 1 0 0 118.56007709822505 193.71517974137382 143.1 -202.19839136361622 103.40748136008834 315.05978 45.548492 -999.0 -999.0 -999.0 -999.0 -999.0 174.8426729791096 -7.581389071707237 174.8401342759081 -7.734945209210721 64.64842933221632 35.783015274770946 -999.0 6231.0 -999.0 -1 -999 {-999.0 -999.0 -999.0 -999.0 -999.0} "" -999.0 -999.0 -999.0 -999.0 -999 -999 "" "" "" "" 0 0 0.0 0.0 -999 ""
FIBERMAP 591 R+11C1 APOGEE 0 0 0 1 0 0 -180.91935223636102 205.2563415605485 143.1 -190.8239607960758 -196.06447068142074 228.3929 100.77016 -999.0 -999.0 -999.0 -999.0 -999.0 174.87714891257127 -8.487433009920043 174.87443236111824 -8.640791923068194 65.40217833818924 36.97581584952184 -999.0 16600.0 -999.0 2 9 {-999.0 -999.0 -999.0 -999.0 -999.0} "" -999.0 -999.0 -999.0 -999.0 -999 -999 "" "" "" "" 0 0 0.0 0.0 -999 ""
FIBERMAP 591 R+11C1 BOSS 1 1 0 1 0 0 -181.5456081301772 205.65929374620714 143.1 -191.1778682308712 -196.7196540109282 228.3929 100.77016 174.87602088957027 -8.489245559064903 -96.830925 -21.703318 0.96190137 174.87613930595614 -8.489307263972968 174.87336920741052 -8.642748699555094 65.4043943997088 36.976178804165784 5400.0 5400.0 2016.0 1 9 {-999.0 14.13977 13.872544 13.772891 -999.0} sdss_psfmag_from_g3xp 14.111081 13.859313 13.445318 12.695 63050395164320574 1135975665 dark_flexible_3x1 mwm_halo_local_high_boss_triple mwm_halo science 0 0 1.3953958749771118 0.0 -999 ""
FIBERMAP 591 R+11C1 METROLOGY 0 0 0 1 0 0 -180.9000972475609 206.0018929027629 143.1 -191.56876947451474 -196.10223571390182 228.3929 100.77016 -999.0 -999.0 -999.0 -999.0 -999.0 174.8748906930794 -8.487504172032136 174.87213568277662 -8.640921996570823 65.40349642930181 36.971362998659856 -999.0 6231.0 -999.0 -1 -999 {-999.0 -999.0 -999.0 -999.0 -999.0} "" -999.0 -999.0 -999.0 -999.0 -999 -999 "" "" "" "" 0 0 0.0 0.0 -999 ""
FIBERMAP 593 R-1C22 APOGEE 1 1 0 1 0 0 189.94801213790458 -31.034529844045508 143.1 16.429654910366292 191.75513830716247 255.40816 130.63828 175.51046238949354 -7.313765764390965 -6.097428 -11.839342 4.561248 175.51043559367554 -7.3137623292759475 175.50813977926418 -7.467479297254363 64.07465807259433 36.76563997940451 16000.0 16600.0 2016.0 2 205 {-999.0 11.703598 11.269156 11.144269 -999.0} sdss_psfmag_from_g3xp 11.621581 11.299156 10.814746 10.001 63050395164337451 1103575198 bright_1x1 mwm_tess_2min_apogee mwm_planet science 0 0 0.0 0.0 -999 ""
FIBERMAP 593 R-1C22 BOSS 0 0 0 1 0 0 189.26865044284781 -31.349777496363224 143.1 16.79587219214791 191.1018799583247 255.40816 130.63828 -999.0 -999.0 -999.0 -999.0 -999.0 175.51161643916416 -7.31558643274263 175.50926498207684 -7.469391919644506 64.0756934672662 36.770116818977556 -999.0 5400.0 -999.0 1 289 {-999.0 -999.0 -999.0 -999.0 -999.0} "" -999.0 -999.0 -999.0 -999.0 -999 -999 "" "" "" "" 0 0 0.0 0.0 -999 ""
FIBERMAP 593 R-1C22 METROLOGY 0 0 0 1 0 0 189.3435086987237 -30.60321746233327 143.1 16.045809524337265 191.11947601869514 255.40816 130.63828 -999.0 -999.0 -999.0 -999.0 -999.0 175.50931112770863 -7.315532451777234 175.5069749369269 -7.469312274312816 64.07682453563118 36.76560955760226 -999.0 6231.0 -999.0 -1 -999 {-999.0 -999.0 -999.0 -999.0 -999.0} "" -999.0 -999.0 -999.0 -999.0 -999 -999 "" "" "" "" 0 0 0.0 0.0 -999 ""
FIBERMAP 595 R-3C1 APOGEE 0 0 0 1 0 0 -270.52882519129156 -67.46230609865029 143.1 87.93137630807387 -264.571159294587 236.3737 95.179596 -999.0 -999.0 -999.0 -999.0 -999.0 175.7294471232156 -8.694543346380534 175.72691158892758 -8.84809334905553 65.11757095624978 38.93455417637142 -999.0 16600.0 -999.0 2 271 {-999.0 -999.0 -999.0 -999.0 -999.0} "" -999.0 -999.0 -999.0 -999.0 -999 -999 "" "" "" "" 0 0 0.0 0.0 -999 ""
FIBERMAP 595 R-3C1 BOSS 1 1 0 1 0 0 -271.1949297450966 -67.11136033110176 143.1 87.63236544846367 -265.2620994784718 236.3737 95.179596 175.72858091656468 -8.696524095204627 -999.0 -999.0 -999.0 175.72857950358275 -8.696517303294968 175.72598735046768 -8.8501494182936 65.11978760116871 38.935468251771 5400.0 5400.0 2016.0 1 443 {-999.0 21.722998 21.70122 21.546833 21.386786} sdss_psfmag_from_lsdr10 nan nan nan -999.0 63050397591134235 1131652685 dark_flexible_3x1 bhm_spiders_agn_lsdr10_d3 bhm_spiders science 0 0 0.0 0.0 -999 ""
FIBERMAP 595 R-3C1 METROLOGY 0 0 0 1 0 0 -270.5434463276345 -66.72068344136031 143.1 87.19307290856923 -264.642399695696 236.3737 95.179596 -999.0 -999.0 -999.0 -999.0 -999.0 175.72724282274044 -8.694741112088026 175.7246665413145 -8.848349768692232 65.1190177839088 38.930511339742566 -999.0 6231.0 -999.0 -1 -999 {-999.0 -999.0 -999.0 -999.0 -999.0} "" -999.0 -999.0 -999.0 -999.0 -999 -999 "" "" "" "" 0 0 0.0 0.0 -999 ""
FIBERMAP 596 R-5C10 APOGEE 0 0 0 1 0 0 -19.861647920119324 -110.87832978364277 143.1 112.06659383224773 -11.331161954691307 0.55105877 60.745346 -999.0 -999.0 -999.0 -999.0 -999.0 175.80374476840447 -7.929029326969865 175.80138539519828 -8.082719767471911 64.43805863191189 38.09003500827464 -999.0 16600.0 -999.0 2 269 {-999.0 -999.0 -999.0 -999.0 -999.0} "" -999.0 -999.0 -999.0 -999.0 -999 -999 "" "" "" "" 0 0 0.0 0.0 -999 ""
FIBERMAP 596 R-5C10 BOSS 1 1 0 1 0 0 -20.19919178573712 -111.54590123610565 143.1 112.75797260476368 -11.616698631114591 0.55105877 60.745346 175.80596923828122 -7.929805712091451 -999.0 -999.0 -999.0 175.8059776660203 -7.929813328556312 175.80356221268448 -8.083590172012423 64.43761406515284 38.09532228066956 5400.0 5400.0 2015.5 1 370 {-999.0 -999.0 -999.0 -999.0 -999.0} "" -999.0 -999.0 -999.0 -999.0 27021603139068795 811638252 "" ops_sky_boss_good ops_sky sky_boss 0 0 0.0 0.0 -999 ""
FIBERMAP 596 R-5C10 METROLOGY 0 0 0 1 0 0 -20.607956740731773 -110.93023297615093 143.1 112.17536362542633 -12.071289117293317 0.55105877 60.745346 -999.0 -999.0 -999.0 -999.0 -999.0 175.80419157862832 -7.931220881217023 175.80179142058046 -8.084972692543566 64.43972865786483 38.09366141547582 -999.0 6231.0 -999.0 -1 -999 {-999.0 -999.0 -999.0 -999.0 -999.0} "" -999.0 -999.0 -999.0 -999.0 -999 -999 "" "" "" "" 0 0 0.0 0.0 -999 ""
FIBERMAP 601 R+5C20 APOGEE 0 0 0 1 0 0 190.10660944396787 116.5913990917172 143.1 -130.77003593486933 180.63410440847156 139.90666 59.39153 -999.0 -999.0 -999.0 -999.0 -999.0 175.06099663666956 -7.347806104602425 175.0585993496452 -7.501398491119753 64.33658089982941 35.933203121124166 -999.0 16600.0 -999.0 2 117 {-999.0 -999.0 -999.0 -999.0 -999.0} "" -999.0 -999.0 -999.0 -999.0 -999 -999 "" "" "" "" 0 0 0.0 0.0 -999 ""
FIBERMAP 601 R+5C20 BOSS 1 1 0 1 0 0 190.8076083218051 116.84583298227622 143.1 -131.07727319305425 181.31358208492225 139.90666 59.39153 175.06010053298635 -7.345624632685821 -999.0 -999.0 -999.0 175.06009728962206 -7.345637058030117 175.05764654487655 -7.4993177017548325 64.33528944945665 35.92885011326052 5400.0 5400.0 2016.0 1 202 {-999.0 21.802782 20.301376 19.72572 -999.0} sdss_psfmag_ps1 -999.0 -999.0 -999.0 -999.0 63050397591180826 1167003964 dark_1x1 openfibertargets_bhm_iragn2_boss open_fiber science 0 0 0.0 0.0 -999 ""
FIBERMAP 601 R+5C20 METROLOGY 0 0 0 1 0 0 190.68596824344135 116.11053175074272 143.1 -130.3348615940885 181.2484829008047 139.90666 59.39153 -999.0 -999.0 -999.0 -999.0 -999.0 175.0623228390917 -7.345825051952171 175.0598877520448 -7.499481294675307 64.33427933013519 35.93343534166485 -999.0 6231.0 -999.0 -1 -999 {-999.0 -999.0 -999.0 -999.0 -999.0} "" -999.0 -999.0 -999.0 -999.0 -999 -999 "" "" "" "" 0 0 0.0 0.0 -999 ""
FIBERMAP 602 R+3C5 APOGEE 1 1 0 1 0 0 -163.72314113430554 41.30516024615869 143.1 -28.673463993718336 -166.39285224279655 314.86206 82.21139 175.37264092131457 -8.399386482226772 -8.9865465 0.2630336 0.80581856 175.37260317503356 -8.3993718923416 175.37003680615317 -8.552878839650717 65.06471651697109 37.849602637921635 16000.0 16600.0 2016.0 2 24 {-999.0 13.273726 12.497494 12.218494 -999.0} sdss_psfmag_from_g3xp 13.04908 12.543514 11.87079 10.535 63050395164319888 1107930667 bright_flexible_2x1 mwm_tess_rgb_apogee mwm_tessrgb science 0 0 0.0 0.0 -999 ""
FIBERMAP 602 R+3C5 BOSS 0 0 0 1 0 0 -164.32628567950348 40.87358916668648 143.1 -28.197091960365057 -166.9612322236532 314.86206 82.21139 -999.0 -999.0 -999.0 -999.0 -999.0 175.37410772832317 -8.401070223530187 175.37148666323526 -8.55466102047966 65.06543548085442 37.85475308166593 -999.0 5400.0 -999.0 1 41 {-999.0 -999.0 -999.0 -999.0 -999.0} "" -999.0 -999.0 -999.0 -999.0 -999 -999 "" "" "" "" 0 0 0.0 0.0 -999 ""
FIBERMAP 602 R+3C5 METROLOGY 0 0 0 1 0 0 -164.4188343971226 41.607752209744206 143.1 -28.922003944075758 -167.10959886870205 314.86206 82.21139 -999.0 -999.0 -999.0 -999.0 -999.0 175.37186721876333 -8.401561744432998 175.36926097262938 -8.555128150449445 65.06702218902278 37.85096914585762 -999.0 6231.0 -999.0 -1 -999 {-999.0 -999.0 -999.0 -999.0 -999.0} "" -999.0 -999.0 -999.0 -999.0 -999 -999 "" "" "" "" 0 0 0.0 0.0 -999 ""
FIBERMAP 603 R-11C2 APOGEE 0 0 0 1 0 0 -152.51037356657056 -206.2873210767994 143.1 217.32712807825308 -136.2964094256978 104.32681 142.73497 -999.0 -999.0 -999.0 -999.0 -999.0 176.1248790863167 -8.306497287369652 176.1225242755611 -8.460202538401475 64.57752051657452 39.18982101630684 -999.0 16600.0 -999.0 2 -999 {-999.0 -999.0 -999.0 -999.0 -999.0} "" -999.0 -999.0 -999.0 -999.0 -999 -999 "" "" "" "" 0 0 0.0 0.0 -999 ""
FIBERMAP 603 R-11C2 BOSS 1 1 0 1 0 0 -152.21790725988762 -205.60203376271855 143.1 216.6215301391851 -136.0571700129574 104.32681 142.73497 176.12278926614002 -8.305700783622642 2.1202521 -0.0901475 0.23329256 176.12280221364432 -8.305707946646907 176.12038947428016 -8.459497378649766 64.57811522848061 39.18482363702185 5400.0 5400.0 2016.0 1 516 {-999.0 21.12316 20.460674 20.019545 19.690376} sdss_fiber2mag_from_lsdr10 20.148344 20.563128 18.842815 -999.0 63050395164251013 1131656780 dark_flexible_3x1 bhm_spiders_agn_lsdr10_d3 bhm_spiders science 0 0 0.0 0.0 -999 ""
FIBERMAP 603 R-11C2 METROLOGY 0 0 0 1 0 0 -151.76869769860636 -206.19028951659527 143.1 217.17371789455396 -135.56434943096204 104.32681 142.73497 -999.0 -999.0 -999.0 -999.0 -999.0 176.12450648290346 -8.304259461257113 176.1221107524923 -8.45802556456968 64.57594340087911 39.18619796058499 -999.0 6231.0 -999.0 -1 -999 {-999.0 -999.0 -999.0 -999.0 -999.0} "" -999.0 -999.0 -999.0 -999.0 -999 -999 "" "" "" "" 0 0 0.0 0.0 -999 ""
FIBERMAP 606 R-1C4 APOGEE 0 0 0 1 0 0 -230.72171483118925 -25.402922394366293 143.1 42.95547368029365 -228.09574140330045 238.7853 69.250465 -999.0 -999.0 -999.0 -999.0 -999.0 175.59202970186894 -8.585347505242062 175.58948021705874 -8.738880865095268 65.10181039727256 38.52216890047282 -999.0 16600.0 -999.0 2 -999 {-999.0 -999.0 -999.0 -999.0 -999.0} "" -999.0 -999.0 -999.0 -999.0 -999 -999 "" "" "" "" 0 0 0.0 0.0 -999 ""
FIBERMAP 606 R-1C4 BOSS 1 1 0 1 0 0 -231.2126693054454 -24.80865994835658 143.1 42.4004865327148 -228.63064187554238 238.7853 69.250465 175.59016247993267 -8.5868765593824 -22.613396 -12.474862 0.7939397 175.59039172072923 -8.586910281504124 175.58778598724655 -8.740526021041616 65.10410599071508 38.52100295782947 5400.0 5400.0 2016.0 1 510 {-999.0 15.358125 14.921095 14.792989 -999.0} sdss_psfmag_ps1 15.260619 14.955353 14.484413 13.679 63050395164240271 1136356833 dark_flexible_3x1 mwm_halo_local_high_boss_triple mwm_halo science 0 0 1.0876555442810059 0.0 -999 ""
FIBERMAP 606 R-1C4 METROLOGY 0 0 0 1 0 0 -230.45452992930748 -24.704273380194998 143.1 42.238485308605014 -227.88272920830133 238.7853 69.250465 -999.0 -999.0 -999.0 -999.0 -999.0 175.58988854245646 -8.584721828617166 175.5872988664015 -8.738314264286931 65.10252556449353 38.51715370311217 -999.0 6231.0 -999.0 -1 -999 {-999.0 -999.0 -999.0 -999.0 -999.0} "" -999.0 -999.0 -999.0 -999.0 -999 -999 "" "" "" "" 0 0 0.0 0.0 -999 ""
FIBERMAP 609 R+3C17 APOGEE 0 0 0 1 0 0 100.04109541242661 45.508185955003334 143.1 -53.016560622381974 96.2670450686673 261.95377 120.78199 -999.0 -999.0 -999.0 -999.0 -999.0 175.29798327668286 -7.602724887004653 175.29557822097468 -7.75633991861971 64.43120521341206 36.70455333001388 -999.0 16600.0 -999.0 2 -999 {-999.0 -999.0 -999.0 -999.0 -999.0} "" -999.0 -999.0 -999.0 -999.0 -999 -999 "" "" "" "" 0 0 0.0 0.0 -999 ""
FIBERMAP 609 R+3C17 BOSS 1 1 0 1 0 0 99.24246684432423 45.21543274515054 143.1 -52.66365856401776 95.49315533627434 261.95377 120.78199 175.29883966942214 -7.604858612894497 -7.191729 -36.39293 0.8420641 175.29908747887916 -7.604931691640449 175.29662755406628 -7.758633800320702 64.43260546778026 36.709403782131574 5400.0 5400.0 2016.0 1 227 {-999.0 15.819864 15.352269 15.182379 -999.0} sdss_psfmag_ps1 15.709711 15.357174 14.82472 13.803 63050395164331848 1136357199 dark_flexible_3x1 mwm_halo_local_high_boss_triple mwm_halo science 0 0 0.9805893301963806 0.0 -999 ""
FIBERMAP 609 R+3C17 METROLOGY 0 0 0 1 0 0 99.43231652427629 45.94279667983483 143.1 -53.40336789762018 95.62686802114226 261.95377 120.78199 -999.0 -999.0 -999.0 -999.0 -999.0 175.29680262190058 -7.604542696536682 175.29435776240814 -7.758219569937805 64.43343998089074 36.704470258738525 -999.0 6231.0 -999.0 -1 -999 {-999.0 -999.0 -999.0 -999.0 -999.0} "" -999.0 -999.0 -999.0 -999.0 -999 -999 "" "" "" "" 0 0 0.0 0.0 -999 ""
FIBERMAP 616 R+10C3 APOGEE 0 0 0 1 0 0 -150.3392797986958 202.6913858902018 143.1 -190.60305066745798 -165.37922970637354 187.19661 76.28418 -999.0 -999.0 -999.0 -999.0 -999.0 174.8775563453555 -8.394983888517153 174.87486278993208 -8.54835757007943 65.32363959765863 36.85888746606099 -999.0 16600.0 -999.0 2 13 {-999.0 -999.0 -999.0 -999.0 -999.0} "" -999.0 -999.0 -999.0 -999.0 -999 -999 "" "" "" "" 0 0 0.0 0.0 -999 ""
FIBERMAP 616 R+10C3 BOSS 1 1 0 1 0 0 -150.2688697103183 203.42184114559115 143.1 -191.33671652137323 -165.36483814134004 187.19661 76.28418 174.87536683020514 -8.394854386875533 -999.0 -999.0 -999.0 174.8753638678725 -8.394855541979048 174.8726169413684 -8.548312136578138 65.32477909345127 36.854320020990826 5400.0 5400.0 2016.0 1 16 {-999.0 21.727314 20.188528 19.620892 19.2398} sdss_fiber2mag_from_lsdr10 20.549185 21.417982 18.473663 16.071 63050395164320685 1064077604 dark_flexible_2x2 bhm_colr_galaxies_lsdr10 bhm_filler science 0 0 0.0 0.0 -999 ""
FIBERMAP 616 R+10C3 METROLOGY 0 0 0 1 0 0 -149.6493991814447 202.99505119973438 143.1 -190.95852368275933 -164.71459873657685 187.19661 76.28418 -999.0 -999.0 -999.0 -999.0 -999.0 174.87646083377524 -8.392953357741504 174.8737296320287 -8.546386903188312 65.32256336428647 36.85410848691049 -999.0 6231.0 -999.0 -1 -999 {-999.0 -999.0 -999.0 -999.0 -999.0} "" -999.0 -999.0 -999.0 -999.0 -999 -999 "" "" "" "" 0 0 0.0 0.0 -999 ""
FIBERMAP 617 R-4C3 APOGEE 0 0 0 1 0 0 -200.81130705151102 -57.461271079304744 143.1 72.63336495334181 -195.82477363609095 140.34761 53.035053 -999.0 -999.0 -999.0 -999.0 -999.0 175.68294778962206 -8.487947259906026 175.68044302287763 -8.64151870494183 64.97100900982916 38.57275112466152 -999.0 16600.0 -999.0 2 242 {-999.0 -999.0 -999.0 -999.0 -999.0} "" -999.0 -999.0 -999.0 -999.0 -999 -999 "" "" "" "" 0 0 0.0 0.0 -999 ""
FIBERMAP 617 R-4C3 BOSS 1 1 0 1 0 0 -200.0696122092463 -57.30420490831659 143.1 72.42009697392146 -195.097281586976 140.34761 53.035053 175.68237304687497 -8.485705611743697 -999.0 -999.0 -999.0 175.68237085679624 -8.485719384773782 175.67981056059523 -8.639374563211009 64.9695652300591 38.568723451395044 5400.0 5400.0 2015.5 1 499 {-999.0 -999.0 -999.0 -999.0 -999.0} "" -999.0 -999.0 -999.0 -999.0 27021603139009138 811629405 "" ops_sky_boss_good ops_sky sky_boss 0 0 0.0 0.0 -999 ""
FIBERMAP 617 R-4C3 METROLOGY 0 0 0 1 0 0 -200.29661119101885 -58.01583296735304 143.1 73.14695549983104 -195.26923554215315 140.34761 53.035053 -999.0 -999.0 -999.0 -999.0 -999.0 175.68459018833647 -8.486284382140155 175.6820461755807 -8.639916347834047 64.96879825282778 38.57378728678867 -999.0 6231.0 -999.0 -1 -999 {-999.0 -999.0 -999.0 -999.0 -999.0} "" -999.0 -999.0 -999.0 -999.0 -999 -999 "" "" "" "" 0 0 0.0 0.0 -999 ""
FIBERMAP 618 R+8C5 APOGEE 0 0 0 1 0 0 -117.25039552722866 169.21638685553904 143.1 -159.75556281437392 -129.83098624737582 123.21782 103.535614 -999.0 -999.0 -999.0 -999.0 -999.0 174.97139104883135 -8.288021174162166 174.96874780466214 -8.44143804993379 65.18374079279408 36.91134350552011 -999.0 16600.0 -999.0 2 42 {-999.0 -999.0 -999.0 -999.0 -999.0} "" -999.0 -999.0 -999.0 -999.0 -999 -999 "" "" "" "" 0 0 0.0 0.0 -999 ""
FIBERMAP 618 R+8C5 BOSS 1 1 0 1 0 0 -116.74567478293568 169.75784312467823 143.1 -160.33397381003448 -129.36913344099443 123.21782 103.535614 174.96963500976565 -8.28657547205512 -999.0 -999.0 -999.0 174.9696357328868 -8.286567594218011 174.96693918387325 -8.440068236373182 65.1835298008528 36.90599858560296 5400.0 5400.0 2015.5 1 70 {-999.0 -999.0 -999.0 -999.0 -999.0} "" -999.0 -999.0 -999.0 -999.0 27021603139062632 811637350 "" ops_sky_boss_good ops_sky sky_boss 0 0 0.0 0.0 -999 ""
FIBERMAP 618 R+8C5 METROLOGY 0 0 0 1 0 0 -116.52755865096242 169.0512634097953 143.1 -159.64615705865887 -129.09767970431764 123.21782 103.535614 -999.0 -999.0 -999.0 -999.0 -999.0 174.97169522310693 -8.285796557477525 174.96901445859817 -8.439274085533029 65.18176697818829 36.90913872362461 -999.0 6231.0 -999.0 -1 -999 {-999.0 -999.0 -999.0 -999.0 -999.0} "" -999.0 -999.0 -999.0 -999.0 -999 -999 "" "" "" "" 0 0 0.0 0.0 -999 ""
FIBERMAP 621 R-1C10 APOGEE 0 0 0 1 0 0 -90.88207250710029 -10.282235043791644 143.1 17.195425664292472 -89.82660999563558 161.51076 98.87044 -999.0 -999.0 -999.0 -999.0 -999.0 175.5131580263743 -8.167524249540467 175.5106783813511 -8.321104326030694 64.79453880654982 37.82880712707106 -999.0 16600.0 -999.0 2 -999 {-999.0 -999.0 -999.0 -999.0 -999.0} "" -999.0 -999.0 -999.0 -999.0 -999 -999 "" "" "" "" 0 0 0.0 0.0 -999 ""
FIBERMAP 621 R-1C10 BOSS 1 1 0 1 0 0 -90.74908346006374 -9.543498140173819 143.1 16.44872149234622 -89.75045803999214 161.51076 98.87044 175.51091975358153 -8.1672588888877 -999.0 -999.0 -999.0 175.51093306353516 -8.167261320392281 175.50839765028275 -8.320925680898343 64.79561182626922 37.82412639618644 5400.0 5400.0 2016.0 1 509 {-999.0 21.225328 20.970293 20.774508 20.602276} sdss_psfmag_from_lsdr10 20.484268 20.872608 20.596212 -999.0 63050395164320208 1131656773 dark_flexible_3x1 bhm_spiders_agn_lsdr10_d3 bhm_spiders science 0 0 0.0 0.0 -999 ""
FIBERMAP 621 R-1C10 METROLOGY 0 0 0 1 0 0 -90.18129911461621 -10.020672681853897 143.1 16.881098329678426 -89.14790177624411 161.51076 98.87044 -999.0 -999.0 -999.0 -999.0 -999.0 175.51224482523403 -8.16546528853191 175.50972578694177 -8.319106242264139 64.793370538918 37.82440423658426 -999.0 6231.0 -999.0 -1 -999 {-999.0 -999.0 -999.0 -999.0 -999.0} "" -999.0 -999.0 -999.0 -999.0 -999 -999 "" "" "" "" 0 0 0.0 0.0 -999 ""
FIBERMAP 622 R-9C14 APOGEE 0 0 0 1 0 0 107.72272663003727 -182.31294331452634 143.1 173.54117950571558 121.33223324930259 286.77826 140.93416 -999.0 -999.0 -999.0 -999.0 -999.0 175.99049712489872 -7.526890284369695 175.98825956401254 -7.6806902141851126 64.00000217120001 37.94462569616854 -999.0 16600.0 -999.0 2 198 {-999.0 -999.0 -999.0 -999.0 -999.0} "" -999.0 -999.0 -999.0 -999.0 -999 -999 "" "" "" "" 0 0 0.0 0.0 -999 ""
FIBERMAP 622 R-9C14 BOSS 1 1 0 1 0 0 107.43496283889968 -182.99486865939411 143.1 174.2430661691229 121.09742552188527 286.77826 140.93416 175.99273681640622 -7.527485772585763 -999.0 -999.0 -999.0 175.99273428294944 -7.5274866024036955 175.9904398294584 -7.681374799145027 63.99940477000077 37.94961322956857 5400.0 5400.0 2015.5 1 274 {-999.0 -999.0 -999.0 -999.0 -999.0} "" -999.0 -999.0 -999.0 -999.0 27021603139070369 820037300 "" ops_sky_boss_good ops_sky sky_boss 0 0 0.0 0.0 -999 ""
FIBERMAP 622 R-9C14 METROLOGY 0 0 0 1 0 0 106.98270760991872 -182.4069891015736 143.1 173.6914861928848 120.60159705864719 286.77826 140.93416 -999.0 -999.0 -999.0 -999.0 -999.0 175.99107107195957 -7.528991024504526 175.98879220028778 -7.6828536890582955 64.00153303331271 37.948315177720474 -999.0 6231.0 -999.0 -1 -999 {-999.0 -999.0 -999.0 -999.0 -999.0} "" -999.0 -999.0 -999.0 -999.0 -999 -999 "" "" "" "" 0 0 0.0 0.0 -999 ""
FIBERMAP 625 R+1C2 APOGEE 0 0 0 1 0 0 -272.40112845049885 13.597806507197209 143.1 7.255011702786378 -272.6311917273198 220.34044 96.14584 -999.0 -999.0 -999.0 -999.0 -999.0 175.48274120493454 -8.719223849724594 175.48013311873 -8.872708357367602 65.27302831172932 38.482955522735324 -999.0 16600.0 -999.0 2 -999 {-999.0 -999.0 -999.0 -999.0 -999.0} "" -999.0 -999.0 -999.0 -999.0 -999 -999 "" "" "" "" 0 0 0.0 0.0 -999 ""
FIBERMAP 625 R+1C2 BOSS 1 1 0 1 0 0 -272.94387952168086 14.07310232149701 143.1 6.822595380599761 -273.2086455081359 220.34044 96.14584 175.48144220007535 -8.720877365176525 -0.13899037 -0.31588537 -0.40636942 175.48147331169866 -8.720862221067907 175.47880948168222 -8.874428553244629 65.2751843786734 38.48261092247202 5400.0 5400.0 2016.0 1 11 {-999.0 19.368744 19.27954 19.262787 19.25049} sdss_psfmag_from_gdr3 19.314104 19.262398 18.987936 -999.0 63050395164240172 1059344346 dark_flexible_2x1 bhm_spiders_agn_gaiadr3 bhm_spiders science 0 0 0.0 0.0 -999 ""
FIBERMAP 625 R+1C2 METROLOGY 0 0 0 1 0 0 -272.2430475950475 14.328907498809098 143.1 6.514003663196744 -272.52943905846723 220.34044 96.14584 -999.0 -999.0 -999.0 -999.0 -999.0 175.48051498857416 -8.71890396708206 175.47786692629904 -8.872447017435729 65.2740433188339 38.478143422122855 -999.0 6231.0 -999.0 -1 -999 {-999.0 -999.0 -999.0 -999.0 -999.0} "" -999.0 -999.0 -999.0 -999.0 -999 -999 "" "" "" "" 0 0 0.0 0.0 -999 ""
FIBERMAP 628 R-7C16 APOGEE 0 0 0 1 0 0 110.71713152954675 -118.55031088625624 143.1 109.73909823576716 119.44604861053826 191.77826 33.839794 -999.0 -999.0 -999.0 -999.0 -999.0 175.79593858381284 -7.532455285985198 175.7936577480159 -7.686207883475724 64.10885962003572 37.58054643729838 -999.0 16600.0 -999.0 2 207 {-999.0 -999.0 -999.0 -999.0 -999.0} "" -999.0 -999.0 -999.0 -999.0 -999 -999 "" "" "" "" 0 0 0.0 0.0 -999 ""
FIBERMAP 628 R-7C16 BOSS 1 1 0 1 0 0 111.24636713813256 -118.00368990440916 143.1 109.15366483813558 119.93194888467461 191.77826 33.839794 175.79421272216948 -7.530830582085955 -999.0 -999.0 -999.0 175.7942476334208 -7.530847261837176 175.79191024800696 -7.684687428986049 64.10851002079418 37.575329921003345 5400.0 5400.0 2016.0 1 292 {-999.0 21.28083 20.842722 20.434984 20.090137} sdss_psfmag_from_gaiadr2 21.653147 20.984434 20.446615 -999.0 63050395164332135 1130008406 dark_flexible_3x1 bhm_gua_dark_d3 bhm_filler science 0 0 0.0 0.0 -999 ""
FIBERMAP 628 R-7C16 METROLOGY 0 0 0 1 0 0 111.44650880962763 -118.72428525214109 143.1 109.85682891925201 120.18655237918695 191.77826 33.839794 -999.0 -999.0 -999.0 -999.0 -999.0 175.7963906722321 -7.530088157947855 175.7940699131766 -7.683904112832691 64.10669807295318 37.57849574097747 -999.0 6231.0 -999.0 -1 -999 {-999.0 -999.0 -999.0 -999.0 -999.0} "" -999.0 -999.0 -999.0 -999.0 -999 -999 "" "" "" "" 0 0 0.0 0.0 -999 ""
FIBERMAP 629 R0C19 APOGEE 0 0 0 1 0 0 125.50527869510186 -13.661120008270244 143.1 4.03149335202691 126.17636698604932 358.98074 64.78604 -999.0 -999.0 -999.0 -999.0 -999.0 175.47262176898536 -7.512027518658698 175.47027507033442 -7.665702674075128 64.26272679667198 36.93321857963366 -999.0 16600.0 -999.0 2 90 {-999.0 -999.0 -999.0 -999.0 -999.0} "" -999.0 -999.0 -999.0 -999.0 -999 -999 "" "" "" "" 0 0 0.0 0.0 -999 ""
FIBERMAP 629 R0C19 BOSS 1 1 0 1 0 0 125.17993281044613 -14.32978132972132 143.1 4.723026787003849 125.9030753402829 358.98074 64.78604 175.47477902226305 -7.512692520909207 -999.0 -999.0 -999.0 175.47479601210395 -7.512703763567154 175.4723943347143 -7.666467000758331 64.26226117112355 36.938252638326105 5400.0 5400.0 2016.0 1 253 {-999.0 22.325258 21.756987 21.527832 21.355482} sdss_psfmag_from_lsdr10 nan nan nan -999.0 63050396875899702 1131662861 dark_flexible_3x1 bhm_spiders_agn_lsdr10_d3 bhm_spiders science 0 0 0.0 0.0 -999 ""
FIBERMAP 629 R0C19 METROLOGY 0 0 0 1 0 0 124.75345628590426 -13.721105197439 143.1 4.148742401764962 125.43136010079766 358.98074 64.78604 -999.0 -999.0 -999.0 -999.0 -999.0 175.47302341813315 -7.5141446415520665 175.47063672073602 -7.667882351233588 64.2643848111292 36.936579924387615 -999.0 6231.0 -999.0 -1 -999 {-999.0 -999.0 -999.0 -999.0 -999.0} "" -999.0 -999.0 -999.0 -999.0 -999 -999 "" "" "" "" 0 0 0.0 0.0 -999 ""
FIBERMAP 632 R-6C1 APOGEE 0 0 0 1 0 0 -221.580779685624 -131.7800921557016 143.1 148.31836978733605 -210.85434466319728 296.828 97.31773 -999.0 -999.0 -999.0 -999.0 -999.0 175.91419403597277 -8.532365533370934 175.91174101367426 -8.68598576185507 64.88119696498686 39.07992424790035 -999.0 16600.0 -999.0 2 274 {-999.0 -999.0 -999.0 -999.0 -999.0} "" -999.0 -999.0 -999.0 -999.0 -999 -999 "" "" "" "" 0 0 0.0 0.0 -999 ""
FIBERMAP 632 R-6C1 BOSS 1 1 0 1 0 0 -222.20353432365678 -132.21023364705724 143.1 148.79481476027527 -211.44238573308846 296.828 97.31773 175.91572126653278 -8.534055750680478 -999.0 -999.0 -999.0 175.9157047849599 -8.534050872064467 175.9131951110951 -8.687754622714085 64.88186353028809 39.08505890207903 5400.0 5400.0 2016.0 1 446 {-999.0 21.366165 21.01876 20.848822 20.712734} sdss_psfmag_from_lsdr10 20.869589 20.754313 20.01726 -999.0 63050395164240355 1131654724 dark_flexible_3x1 bhm_spiders_agn_lsdr10_d3 bhm_spiders science 0 0 0.0 0.0 -999 ""
FIBERMAP 632 R-6C1 METROLOGY 0 0 0 1 0 0 -222.27180857593953 -131.4817757481115 143.1 148.07373632218201 -211.56611409873585 296.828 97.31773 -999.0 -999.0 -999.0 -999.0 -999.0 175.91351534258916 -8.534496587876603 175.91102108050586 -8.68817610312169 64.88341195356065 39.08141028937342 -999.0 6231.0 -999.0 -1 -999 {-999.0 -999.0 -999.0 -999.0 -999.0} "" -999.0 -999.0 -999.0 -999.0 -999 -999 "" "" "" "" 0 0 0.0 0.0 -999 ""
FIBERMAP 633 R+7C5 APOGEE 0 0 0 1 0 0 -139.62406001089846 125.79307647439641 143.1 -114.75176246012045 -148.8205155735567 256.59262 65.2734 -999.0 -999.0 -999.0 -999.0 -999.0 175.10897736135945 -8.345840441950967 175.1063554014512 -8.499285868646618 65.1601192422593 37.25902726397305 -999.0 16600.0 -999.0 2 34 {-999.0 -999.0 -999.0 -999.0 -999.0} "" -999.0 -999.0 -999.0 -999.0 -999 -999 "" "" "" "" 0 0 0.0 0.0 -999 ""
FIBERMAP 633 R+7C5 BOSS 1 1 0 1 0 0 -140.19405881638292 126.27293285451448 143.1 -115.18664397969255 -149.4254846240518 256.59262 65.2734 175.10768887420085 -8.347627118038904 -10.36385 -2.0884519 0.43822753 175.10766666940395 -8.347629109932816 175.10499023425757 -8.501157723015178 65.16242307451883 37.25869776164069 5400.0 5400.0 2016.0 1 57 {-999.0 17.780931 17.338442 17.205662 -999.0} sdss_psfmag_ps1 17.694304 17.390663 16.908232 15.903 63050395164321280 977028377 "" ops_std_boss ops_std standard_boss 0 0 0.0 0.0 -999 ""
FIBERMAP 633 R+7C5 METROLOGY 0 0 0 1 0 0 -139.5147788115597 126.52973069778126 143.1 -115.49457876990228 -148.76784194394156 256.59262 65.2734 -999.0 -999.0 -999.0 -999.0 -999.0 175.10669110436214 -8.34568242612778 175.10403010415234 -8.499187334024668 65.16126702737074 37.25427741016989 -999.0 6231.0 -999.0 -1 -999 {-999.0 -999.0 -999.0 -999.0 -999.0} "" -999.0 -999.0 -999.0 -999.0 -999 -999 "" "" "" "" 0 0 0.0 0.0 -999 ""
FIBERMAP 634 R+2C21 APOGEE 0 0 0 1 0 0 176.04173313955812 49.40421581734569 143.1 -62.70774810826368 171.74433812553758 90.17443 133.27727 -999.0 -999.0 -999.0 -999.0 -999.0 175.26860621103347 -7.3743143839585885 175.26624645955712 -7.527958548250125 64.25214025421232 36.37036700146865 -999.0 16600.0 -999.0 2 73 {-999.0 -999.0 -999.0 -999.0 -999.0} "" -999.0 -999.0 -999.0 -999.0 -999 -999 "" "" "" "" 0 0 0.0 0.0 -999 ""
FIBERMAP 634 R+2C21 BOSS 1 1 0 1 0 0 176.61525845887647 49.88420119140871 143.1 -63.23012765935713 172.27948780188328 90.17443 133.27727 175.26707928290955 -7.372568155840689 -11.456383 -2.030693 0.5220237 175.2670461191285 -7.372553862690888 175.26463188252205 -7.526286037152538 64.25155198912447 36.36521283380648 5400.0 5400.0 2016.0 1 231 {-999.0 18.42839 17.642113 17.425888 -999.0} sdss_psfmag_ps1 18.158762 17.70151 17.006472 15.668 63050395164336912 944484672 bright_1x1 openfibertargets_nov2020_6c open_fiber science 0 0 0.0 0.0 -999 ""
FIBERMAP 634 R+2C21 METROLOGY 0 0 0 1 0 0 176.74197394769726 49.15550526166511 143.1 -62.513277021233186 172.46150205703478 90.17443 133.27727 -999.0 -999.0 -999.0 -999.0 -999.0 175.26921326125208 -7.372004027264919 175.26681506022283 -7.5257118910466305 64.24993059499556 36.36876784793253 -999.0 6231.0 -999.0 -1 -999 {-999.0 -999.0 -999.0 -999.0 -999.0} "" -999.0 -999.0 -999.0 -999.0 -999 -999 "" "" "" "" 0 0 0.0 0.0 -999 ""
FIBERMAP 636 R-3C16 APOGEE 0 0 0 1 0 0 64.5665294681846 -55.77940577057409 143.1 50.68065754261617 68.63655814321588 177.985 109.654236 -999.0 -999.0 -999.0 -999.0 -999.0 175.61556559248172 -7.686441262269105 175.6132130943904 -7.840124475652314 64.33473631979842 37.42397722754174 -999.0 16600.0 -999.0 2 220 {-999.0 -999.0 -999.0 -999.0 -999.0} "" -999.0 -999.0 -999.0 -999.0 -999 -999 "" "" "" "" 0 0 0.0 0.0 -999 ""
FIBERMAP 636 R-3C16 BOSS 1 1 0 1 0 0 64.32670938691734 -55.064327675080385 143.1 49.98602590645141 68.34281559690285 177.985 109.654236 175.61349891253926 -7.687208013825231 1.9620335 -0.46102792 -3.2607713 175.61352460342698 -7.687205928949319 175.61111570320384 -7.840975451590687 64.33656907915602 37.420982410831186 5400.0 5400.0 2016.0 1 317 {-999.0 21.089613 20.872763 20.74789 20.643671} sdss_psfmag_from_lsdr10 20.571648 20.816912 20.500925 -999.0 63050395164331489 1131660778 dark_flexible_3x1 bhm_spiders_agn_lsdr10_d3 bhm_spiders science 0 0 0.0 0.0 -999 ""
FIBERMAP 636 R-3C16 METROLOGY 0 0 0 1 0 0 65.06239035341727 -55.215467924625145 143.1 50.08050865178803 69.08785972410965 177.985 109.654236 -999.0 -999.0 -999.0 -999.0 -999.0 175.61380051486998 -7.6849633339739665 175.6114079570333 -7.838708655805659 64.33450068005632 37.418739162883924 -999.0 6231.0 -999.0 -1 -999 {-999.0 -999.0 -999.0 -999.0 -999.0} "" -999.0 -999.0 -999.0 -999.0 -999 -999 "" "" "" "" 0 0 0.0 0.0 -999 ""
FIBERMAP 642 R-2C18 APOGEE 0 0 0 1 0 0 126.77065143829275 -35.64861337576811 143.1 25.857018690707285 129.1179071906834 27.522532 101.21862 -999.0 -999.0 -999.0 -999.0 -999.0 175.53940525930233 -7.503110533843822 175.537074945447 -7.6568041799536415 64.22003696823711 37.05144244414112 -999.0 16600.0 -999.0 2 -999 {-999.0 -999.0 -999.0 -999.0 -999.0} "" -999.0 -999.0 -999.0 -999.0 -999 -999 "" "" "" "" 0 0 0.0 0.0 -999 ""
FIBERMAP 642 R-2C18 BOSS 1 1 0 1 0 0 127.23856984657408 -36.24381546254871 143.1 26.414702728513905 129.62991179146317 27.522532 101.21862 175.54123079927956 -7.501393078991055 -8.067697 -3.9037893 0.11866053 175.54117886419846 -7.501409257050747 175.5387937408126 -7.655191345264357 64.21776530174967 37.052788192114406 5400.0 5400.0 2016.0 1 299 {-999.0 17.060896 16.476927 16.128391 -999.0} sdss_psfmag_ps1 16.844877 16.452911 15.892162 14.745 63050395164332505 944083555 bright_1x1 openfibertargets_nov2020_6b open_fiber science 0 0 0.0 0.0 -999 ""
FIBERMAP 642 R-2C18 METROLOGY 0 0 0 1 0 0 126.50135949249315 -36.34645294524204 143.1 26.573361007089293 128.90273236382038 27.522532 101.21862 -999.0 -999.0 -999.0 -999.0 -999.0 175.54165335323853 -7.503622357011844 175.53928360222176 -7.657379342653397 64.21936028251395 37.05640825387269 -999.0 6231.0 -999.0 -1 -999 {-999.0 -999.0 -999.0 -999.0 -999.0} "" -999.0 -999.0 -999.0 -999.0 -999 -999 "" "" "" "" 0 0 0.0 0.0 -999 ""
FIBERMAP 643 R+9C3 APOGEE 0 0 0 1 0 0 -146.91735899686506 162.2727356533068 143.1 -150.5658654710506 -158.8793373081875 259.11514 121.45613 -999.0 -999.0 -999.0 -999.0 -999.0 174.9995916565729 -8.375888174829608 174.99693435334893 -8.529298889212882 65.24330175371826 37.07914952624998 -999.0 16600.0 -999.0 2 35 {-999.0 -999.0 -999.0 -999.0 -999.0} "" -999.0 -999.0 -999.0 -999.0 -999 -999 "" "" "" "" 0 0 0.0 0.0 -999 ""
FIBERMAP 643 R+9C3 BOSS 1 1 0 1 0 0 -147.64134054026724 161.9962985980798 143.1 -150.23493442405177 -159.5800482840818 259.11514 121.45613 175.00063426262838 -8.377873640669991 -1.0596017 -25.55687 0.4861953 175.0006285677846 -8.377956095991081 174.997917725221 -8.531450411323624 65.24460345680524 37.083853613470865 5400.0 5400.0 2016.0 1 59 {-999.0 17.01601 16.63046 16.501434 -999.0} sdss_psfmag_ps1 16.893051 16.594013 16.133627 15.322 63050395164320634 944484619 bright_1x1 openfibertargets_nov2020_6c open_fiber science 0 0 0.0 0.0 -999 ""
FIBERMAP 643 R+9C3 METROLOGY 0 0 0 1 0 0 -147.49102353483568 162.7428685971548 143.1 -150.99077235144622 -159.48721830021285 259.11514 121.45613 -999.0 -999.0 -999.0 -999.0 -999.0 174.998282229406 -8.37771517365548 174.99558595201017 -8.531185175884026 65.2456085371225 37.078856952774004 -999.0 6231.0 -999.0 -1 -999 {-999.0 -999.0 -999.0 -999.0 -999.0} "" -999.0 -999.0 -999.0 -999.0 -999 -999 "" "" "" "" 0 0 0.0 0.0 -999 ""
FIBERMAP 646 R-9C11 APOGEE 0 0 0 1 0 0 40.4331934233723 -192.5615034660171 143.1 188.90047408103314 55.02553477087688 332.5655 65.61325 -999.0 -999.0 -999.0 -999.0 -999.0 176.0379499761392 -7.727595922113471 176.0356843356525 -7.881374399357389 64.14269379787854 38.28477865275522 -999.0 16600.0 -999.0 2 164 {-999.0 -999.0 -999.0 -999.0 -999.0} "" -999.0 -999.0 -999.0 -999.0 -999 -999 "" "" "" "" 0 0 0.0 0.0 -999 ""
FIBERMAP 646 R-9C11 BOSS 1 1 0 1 0 0 39.86514905424245 -193.04308518095783 143.1 189.42402646826582 54.49597173604399 332.5655 65.61325 176.03965954940486 -7.729102972225504 1.3980132 0.4261425 0.1777102 176.0396608164693 -7.729096563128605 176.03733788992463 -7.88296217970848 64.14312702227056 38.28991403509616 5400.0 5400.0 2016.0 1 397 {-999.0 20.14654 19.947063 19.775541 19.64621} sdss_psfmag_from_gaiadr2 20.08427 19.953878 19.409668 -999.0 63050395164330675 1130008380 dark_flexible_3x1 bhm_gua_dark_d3 bhm_filler science 0 0 0.0 0.0 -999 ""
FIBERMAP 646 R-9C11 METROLOGY 0 0 0 1 0 0 39.73191288278114 -192.2959656601569 143.1 188.68930514945546 54.30604853088821 332.5655 65.61325 -999.0 -999.0 -999.0 -999.0 -999.0 176.03743568947846 -7.7296897655673735 176.0351284155372 -7.8835301161895455 64.1447996485504 38.28642535735884 -999.0 6231.0 -999.0 -1 -999 {-999.0 -999.0 -999.0 -999.0 -999.0} "" -999.0 -999.0 -999.0 -999.0 -999 -999 "" "" "" "" 0 0 0.0 0.0 -999 ""
FIBERMAP 651 R-2C19 APOGEE 0 0 0 1 0 0 125.07073232718966 -22.168453506930316 143.1 12.546766388633522 126.39310230352456 164.25119 61.43841 -999.0 -999.0 -999.0 -999.0 -999.0 175.49868079440296 -7.511366092983826 175.4963398879196 -7.6650480301296176 64.24846786794623 36.982831914864335 -999.0 16600.0 -999.0 2 240 {-999.0 -999.0 -999.0 -999.0 -999.0} "" -999.0 -999.0 -999.0 -999.0 -999 -999 "" "" "" "" 0 0 0.0 0.0 -999 ""
FIBERMAP 651 R-2C19 BOSS 1 1 0 1 0 0 125.56616902494278 -21.631157352874798 143.1 11.973212490221535 126.84601647909383 164.25119 61.43841 175.49697875976562 -7.509848850972432 -999.0 -999.0 -999.0 175.49698627627188 -7.509843781500162 175.49458994370957 -7.663613188805918 64.24817236126518 36.97769595276077 5400.0 5400.0 2015.5 1 303 {-999.0 -999.0 -999.0 -999.0 -999.0} "" -999.0 -999.0 -999.0 -999.0 27021603139070579 811638428 "" ops_sky_boss_good ops_sky sky_boss 0 0 0.0 0.0 -999 ""
FIBERMAP 651 R-2C19 METROLOGY 0 0 0 1 0 0 125.79694777085885 -22.343768119269306 143.1 12.66607491474198 127.13055602413824 164.25119 61.43841 -999.0 -999.0 -999.0 -999.0 -999.0 175.4990921490315 -7.508993229840393 175.49671214702346 -7.6627384753465355 64.24631469382288 36.98073004360418 -999.0 6231.0 -999.0 -1 -999 {-999.0 -999.0 -999.0 -999.0 -999.0} "" -999.0 -999.0 -999.0 -999.0 -999 -999 "" "" "" "" 0 0 0.0 0.0 -999 ""
FIBERMAP 652 R-4C22 APOGEE 0 0 0 1 0 0 232.93124172393277 -84.92002824347328 143.1 66.87107174529935 238.72778385632245 305.74585 130.27492 -999.0 -999.0 -999.0 -999.0 -999.0 175.66415010044472 -7.172373260991549 175.6619155126608 -7.326151980194388 63.87408133757596 36.89041763301901 -999.0 16600.0 -999.0 2 -999 {-999.0 -999.0 -999.0 -999.0 -999.0} "" -999.0 -999.0 -999.0 -999.0 -999 -999 "" "" "" "" 0 0 0.0 0.0 -999 ""
FIBERMAP 652 R-4C22 BOSS 1 1 0 1 0 0 232.77940799499336 -85.67348520530385 143.1 67.63389206874892 238.6339678417675 305.74585 130.27492 175.66653866108197 -7.172547132531966 0.2821852 0.037277594 0.09077776 175.66653748118955 -7.172549758603861 175.66424721328804 -7.326418264029281 63.8730831896505 36.89519357018776 5400.0 5400.0 2016.0 1 278 {-999.0 20.364414 19.936718 19.937025 20.01766} sdss_psfmag_from_lsdr10 20.116638 19.952705 19.61552 -999.0 63050395164337643 1131664807 dark_flexible_3x1 bhm_spiders_agn_lsdr10_d3 bhm_spiders science 0 0 0.0 0.0 -999 ""
FIBERMAP 652 R-4C22 METROLOGY 0 0 0 1 0 0 232.21730176622347 -85.14316038724043 143.1 67.14808894883214 238.03301195900514 305.74585 130.27492 -999.0 -999.0 -999.0 -999.0 -999.0 175.66505734870202 -7.174337775013151 175.66278232191848 -7.328180330255729 63.87534722937569 36.89451227033271 -999.0 6231.0 -999.0 -1 -999 {-999.0 -999.0 -999.0 -999.0 -999.0} "" -999.0 -999.0 -999.0 -999.0 -999 -999 "" "" "" "" 0 0 0.0 0.0 -999 ""
FIBERMAP 653 R+5C11 APOGEE 0 0 0 1 0 0 -18.708031879533987 79.76369422330515 143.1 -78.09748459406987 -24.746718502201663 287.62143 68.87508 -999.0 -999.0 -999.0 -999.0 -999.0 175.22098683356342 -7.969990317636866 175.21848032788682 -8.12352587470676 64.78311078072625 37.00698572064732 -999.0 16600.0 -999.0 2 142 {-999.0 -999.0 -999.0 -999.0 -999.0} "" -999.0 -999.0 -999.0 -999.0 -999 -999 "" "" "" "" 0 0 0.0 0.0 -999 ""
FIBERMAP 653 R+5C11 BOSS 1 1 0 1 0 0 -19.44780971802644 79.83753261015593 143.1 -78.1145819982957 -25.489941191580517 287.62143 68.87508 175.220947265625 -7.972177728134042 -999.0 -999.0 -999.0 175.2209418433427 -7.972175882527566 175.2183805942583 -8.125796583522634 64.78508639327119 37.009623451256516 5400.0 5400.0 2015.5 1 143 {-999.0 -999.0 -999.0 -999.0 -999.0} "" -999.0 -999.0 -999.0 -999.0 27021603139062863 811637374 "" ops_sky_boss_good ops_sky sky_boss 0 0 0.0 0.0 -999 ""
FIBERMAP 653 R+5C11 METROLOGY 0 0 0 1 0 0 -19.01640768930288 80.44227155736804 143.1 -78.75048594484376 -25.106024418408943 287.62143 68.87508 -999.0 -999.0 -999.0 -999.0 -999.0 175.21897123136083 -7.971035678366438 175.21642514737266 -8.124631807090134 64.78512918094277 37.00432123998678 -999.0 6231.0 -999.0 -1 -999 {-999.0 -999.0 -999.0 -999.0 -999.0} "" -999.0 -999.0 -999.0 -999.0 -999 -999 "" "" "" "" 0 0 0.0 0.0 -999 ""
FIBERMAP 656 R+4C4 APOGEE 0 0 0 1 0 0 -193.54403483323352 84.6795472017625 143.1 -69.64063127401636 -199.4391583925079 174.55446 94.90107 -999.0 -999.0 -999.0 -999.0 -999.0 175.24722265175825 -8.498976689840177 175.24460090425907 -8.65243487671551 65.21559982768493 37.730009536973455 -999.0 16600.0 -999.0 2 -999 {-999.0 -999.0 -999.0 -999.0 -999.0} "" -999.0 -999.0 -999.0 -999.0 -999 -999 "" "" "" "" 0 0 0.0 0.0 -999 ""
FIBERMAP 656 R+4C4 BOSS 1 1 0 1 0 0 -193.52640960326258 85.41277032259926 143.1 -70.37302381855822 -199.47760642331653 174.55446 94.90107 175.24501805788503 -8.499060281101782 -0.7641811 0.21640804 0.39173275 175.24501875201116 -8.499051409082718 175.24234220896597 -8.652592241653249 65.21694079275409 37.72573363678566 5400.0 5400.0 2016.0 1 37 {-999.0 20.402374 20.264355 20.138554 20.075912} sdss_psfmag_from_gaiadr2 20.177286 20.25484 19.713608 -999.0 63050395164319834 1130008195 dark_flexible_3x1 bhm_gua_dark_d3 bhm_filler science 0 0 0.0 0.0 -999 ""
FIBERMAP 656 R+4C4 METROLOGY 0 0 0 1 0 0 -192.89551114036271 85.05226054547491 143.1 -70.06178747446441 -198.82103706527576 174.55446 94.90107 -999.0 -999.0 -999.0 -999.0 -999.0 175.2459427735735 -8.49712707630046 175.2432822737286 -8.650644875781868 65.2148003024608 37.72508357343668 -999.0 6231.0 -999.0 -1 -999 {-999.0 -999.0 -999.0 -999.0 -999.0} "" -999.0 -999.0 -999.0 -999.0 -999 -999 "" "" "" "" 0 0 0.0 0.0 -999 ""
FIBERMAP 657 R-1C7 APOGEE 1 1 0 1 0 0 -159.39939256860853 -2.4463797516973393 143.1 14.617811456403736 -158.73916498469094 200.4213 25.384644 175.50527572466913 -8.376250047320132 -0.06646287 4.4638762 0.73617995 175.5052777444299 -8.376227529497738 175.5027507207103 -8.529772279827519 64.9739323711193 38.08060054676986 16000.0 16600.0 2016.0 2 280 {-999.0 11.95936 11.223455 10.955227 -999.0} sdss_psfmag_gaia 11.758753 11.266783 10.613437 9.305 63050395164319744 1108068740 bright_1x1 mwm_tess_rgb_apogee mwm_tessrgb science 0 0 0.0 0.0 -999 ""
FIBERMAP 657 R-1C7 BOSS 0 0 0 1 0 0 -158.86834334519418 -1.9041724004890561 143.1 14.036640016925201 -158.2511192635089 200.4213 25.384644 -999.0 -999.0 -999.0 -999.0 -999.0 175.50355742613584 -8.374734618812687 175.50097508734814 -8.528363077346238 64.97370881080919 38.0753044960702 -999.0 5400.0 -999.0 1 460 {-999.0 -999.0 -999.0 -999.0 -999.0} "" -999.0 -999.0 -999.0 -999.0 -999 -999 "" "" "" "" 0 0 0.0 0.0 -999 ""
FIBERMAP 657 R-1C7 METROLOGY 0 0 0 1 0 0 -158.66866081155598 -2.6280669858248835 143.1 14.74312861880911 -157.99672146969928 200.4213 25.384644 -999.0 -999.0 -999.0 -999.0 -999.0 175.5057092223152 -8.37400652004034 175.50314323233818 -8.527611866295272 64.97190982966714 38.07858452431816 -999.0 6231.0 -999.0 -1 -999 {-999.0 -999.0 -999.0 -999.0 -999.0} "" -999.0 -999.0 -999.0 -999.0 -999 -999 "" "" "" "" 0 0 0.0 0.0 -999 ""
FIBERMAP 658 R-3C12 APOGEE 0 0 0 1 0 0 6.599824595397756 -70.66281907436965 143.1 69.94874454959518 11.979124816183482 35.18454 28.811373 -999.0 -999.0 -999.0 -999.0 -999.0 175.67474133275152 -7.85839102323989 175.67236628177955 -8.012061251714455 64.44805433772888 37.752431082636406 -999.0 16600.0 -999.0 2 177 {-999.0 -999.0 -999.0 -999.0 -999.0} "" -999.0 -999.0 -999.0 -999.0 -999 -999 "" "" "" "" 0 0 0.0 0.0 -999 ""
FIBERMAP 658 R-3C12 BOSS 1 1 0 1 0 0 6.251982569089854 -71.30448559970097 143.1 70.61508213330272 11.681341327017005 35.18454 28.811373 175.67687988281247 -7.859195371733307 -999.0 -999.0 -999.0 175.67688220721567 -7.859200379141078 175.6744515082031 -8.012957235748418 64.4476915424263 37.757581298035404 5400.0 5400.0 2015.5 1 421 {-999.0 -999.0 -999.0 -999.0 -999.0} "" -999.0 -999.0 -999.0 -999.0 27021603139069736 811638340 "" ops_sky_boss_good ops_sky sky_boss 0 0 0.0 0.0 -999 ""
FIBERMAP 658 R-3C12 METROLOGY 0 0 0 1 0 0 5.8486619931645905 -70.66905080951392 143.1 70.01234934735781 11.230668818430281 35.18454 28.811373 -999.0 -999.0 -999.0 -999.0 -999.0 175.67502721712387 -7.860593608030991 175.67261166443734 -8.014325339783989 64.44982753516143 37.75574328535316 -999.0 6231.0 -999.0 -1 -999 {-999.0 -999.0 -999.0 -999.0 -999.0} "" -999.0 -999.0 -999.0 -999.0 -999 -999 "" "" "" "" 0 0 0.0 0.0 -999 ""
FIBERMAP 659 R+7C14 APOGEE 0 0 0 1 0 0 80.22402482946288 119.0567283393995 143.1 -124.83261383345364 70.88944131094115 302.75098 86.36118 -999.0 -999.0 -999.0 -999.0 -999.0 175.07824421371205 -7.679765981312757 175.07577226756314 -7.833309550281282 64.61112537685499 36.36784996395278 -999.0 16600.0 -999.0 2 94 {-999.0 -999.0 -999.0 -999.0 -999.0} "" -999.0 -999.0 -999.0 -999.0 -999 -999 "" "" "" "" 0 0 0.0 0.0 -999 ""
FIBERMAP 659 R+7C14 BOSS 1 1 0 1 0 0 79.56843343141492 118.69171085484867 143.1 -124.41859064184497 70.26368527338552 302.75098 86.36118 175.07949829101562 -7.681545573034597 -999.0 -999.0 -999.0 175.07950188377032 -7.68154344275804 175.076976032895 -7.835173767443314 64.61208955395276 36.3724958482814 5400.0 5400.0 2015.5 1 167 {-999.0 -999.0 -999.0 -999.0 -999.0} "" -999.0 -999.0 -999.0 -999.0 27021603139073410 811638854 "" ops_sky_boss_good ops_sky sky_boss 0 0 0.0 0.0 -999 ""
FIBERMAP 659 R+7C14 METROLOGY 0 0 0 1 0 0 79.57371687198271 119.44040698734054 143.1 -125.1654672952009 70.21174990585531 302.75098 86.36118 -999.0 -999.0 -999.0 -999.0 -999.0 175.07719039581139 -7.681718659210804 175.0746792259639 -7.835323753083801 64.6134084070029 36.36815699043109 -999.0 6231.0 -999.0 -1 -999 {-999.0 -999.0 -999.0 -999.0 -999.0} "" -999.0 -999.0 -999.0 -999.0 -999 -999 "" "" "" "" 0 0 0.0 0.0 -999 ""
FIBERMAP 662 R+12C15 APOGEE 0 0 0 1 0 0 169.89348240684726 243.49769002783677 143.1 -255.75513882079872 150.78489331987933 66.04673 86.864494 -999.0 -999.0 -999.0 -999.0 -999.0 174.68103007911066 -7.4388008678282 174.67852977099244 -7.592271180680239 64.60808717246734 35.29136719983785 -999.0 16600.0 -999.0 2 109 {-999.0 -999.0 -999.0 -999.0 -999.0} "" -999.0 -999.0 -999.0 -999.0 -999 -999 "" "" "" "" 0 0 0.0 0.0 -999 ""
FIBERMAP 662 R+12C15 BOSS 1 1 0 1 0 0 170.5739381439325 243.18111962612195 143.1 -255.49149773678846 151.4875156695916 66.04673 86.864494 174.68213286561445 -7.436549837009627 -60.247337 -15.0962 3.3985136 174.68193324973578 -7.436617876390119 174.67938135605914 -7.590176373508992 64.6058546445957 35.2905709903884 5400.0 5400.0 2016.0 1 187 {-999.0 19.860342 19.970768 19.933813 -999.0} sdss_psfmag_ps1 19.944393 19.817827 19.597288 -999.0 63050395164338192 1143553674 dark_1x3 mwm_wd_pwd_boss_1x3 mwm_wd science 0 0 0.0 0.0 -999 ""
FIBERMAP 662 R+12C15 METROLOGY 0 0 0 1 0 0 169.94644392175996 242.7467757604472 143.1 -255.0105007463774 150.89507016587342 66.04673 86.864494 -999.0 -999.0 -999.0 -999.0 -999.0 174.6833057169601 -7.438390436758296 174.68076849533816 -7.591924225681103 64.60665756703995 35.29540699745303 -999.0 6231.0 -999.0 -1 -999 {-999.0 -999.0 -999.0 -999.0 -999.0} "" -999.0 -999.0 -999.0 -999.0 -999 -999 "" "" "" "" 0 0 0.0 0.0 -999 ""
FIBERMAP 666 R-7C1 APOGEE 0 0 0 1 0 0 -192.94454275529495 -129.30718112127525 143.1 143.66488861825192 -182.4920786555928 78.48305 41.82078 -999.0 -999.0 -999.0 -999.0 -999.0 175.9001697019569 -8.446993167092787 175.89773002358334 -8.60062369234072 64.81800241077799 38.941019382804825 -999.0 16600.0 -999.0 2 275 {-999.0 -999.0 -999.0 -999.0 -999.0} "" -999.0 -999.0 -999.0 -999.0 -999 -999 "" "" "" "" 0 0 0.0 0.0 -999 ""
FIBERMAP 666 R-7C1 BOSS 1 1 0 1 0 0 -192.55893532318305 -129.95010927037103 143.1 144.27644586147204 -182.0584941740066 78.48305 41.82078 175.902099609375 -8.44563570815275 -999.0 -999.0 -999.0 175.90211736359578 -8.445620537422615 175.89962178088888 -8.599335551294692 64.81589184782501 38.94299061236353 5400.0 5400.0 2015.5 1 447 {-999.0 -999.0 -999.0 -999.0 -999.0} "" -999.0 -999.0 -999.0 -999.0 27021603139015881 811630373 "" ops_sky_boss_good ops_sky sky_boss 0 0 0.0 0.0 -999 ""
FIBERMAP 666 R-7C1 METROLOGY 0 0 0 1 0 0 -193.31241407593532 -129.9549337589972 143.1 144.33882455370835 -182.80936696355377 78.48305 41.82078 -999.0 -999.0 -999.0 -999.0 -999.0 175.90231101688966 -8.44793696883434 175.89983108612307 -8.60162790155927 64.8176822724934 38.9463897983959 -999.0 6231.0 -999.0 -1 -999 {-999.0 -999.0 -999.0 -999.0 -999.0} "" -999.0 -999.0 -999.0 -999.0 -999 -999 "" "" "" "" 0 0 0.0 0.0 -999 ""
FIBERMAP 670 R+9C6 APOGEE 0 0 0 1 0 0 -71.87381896874793 187.14966472101517 143.1 -181.10252642012713 -85.95931732216538 69.67926 110.171326 -999.0 -999.0 -999.0 -999.0 -999.0 174.90612380878878 -8.155085241367422 174.90349663054508 -8.308505079627025 65.10508353761563 36.61370630238923 -999.0 16600.0 -999.0 2 149 {-999.0 -999.0 -999.0 -999.0 -999.0} "" -999.0 -999.0 -999.0 -999.0 -999 -999 "" "" "" "" 0 0 0.0 0.0 -999 ""
FIBERMAP 670 R+9C6 BOSS 1 1 0 1 0 0 -71.14773548659983 187.1247601909508 143.1 -181.133171271275 -85.23348705098789 69.67926 110.171326 174.9057604454707 -8.152690862508356 -41.076385 -47.4602 1.6250939 174.90603139777724 -8.152826582082907 174.90335174748452 -8.306331322850301 65.10331179292652 36.61069526704449 5400.0 5400.0 2016.0 1 153 {-999.0 14.4769335 14.014694 13.855247 -999.0} sdss_psfmag_from_g3xp 14.3838 14.035712 13.519456 12.557 63050395164321793 1135975667 dark_flexible_3x1 mwm_halo_local_high_boss_triple mwm_halo science 0 0 1.3683615922927856 0.0 -999 ""
FIBERMAP 670 R+9C6 METROLOGY 0 0 0 1 0 0 -71.50630348758607 186.50712197562123 143.1 -180.4899711450587 -85.54380051614494 69.67926 110.171326 -999.0 -999.0 -999.0 -999.0 -999.0 174.90795233490627 -8.153807818991735 174.9052879357845 -8.307288973476648 65.10311579671244 36.61576171627638 -999.0 6231.0 -999.0 -1 -999 {-999.0 -999.0 -999.0 -999.0 -999.0} "" -999.0 -999.0 -999.0 -999.0 -999 -999 "" "" "" "" 0 0 0.0 0.0 -999 ""
FIBERMAP 679 R+6C12 APOGEE 0 0 0 1 0 0 7.759165458306143 121.81343689802326 143.1 -122.04455673235414 -1.5708659309951922 177.18912 98.035126 -999.0 -999.0 -999.0 -999.0 -999.0 175.08650259841397 -7.899567033251798 175.08398061659818 -8.053077575385466 64.79385402359264 36.65421814363742 -999.0 16600.0 -999.0 2 -999 {-999.0 -999.0 -999.0 -999.0 -999.0} "" -999.0 -999.0 -999.0 -999.0 -999 -999 "" "" "" "" 0 0 0.0 0.0 -999 ""
FIBERMAP 679 R+6C12 BOSS 1 1 0 1 0 0 7.6976775289278585 122.57740780838203 143.1 -122.80156123057152 -1.6905414486252528 177.18912 98.035126 175.0841980121828 -7.899843873068924 -999.0 -999.0 -999.0 175.08417796014962 -7.89984368303768 175.08160163254377 -8.053439298109272 64.79540328339937 36.64996599871972 5400.0 5400.0 2016.0 1 122 {-999.0 22.831768 20.946442 20.598038 -999.0} sdss_psfmag_ps1 -999.0 -999.0 -999.0 -999.0 63050398306167509 1164595567 dark_1x1 openfibertargets_bhm_iragn_boss open_fiber science 0 0 0.0 0.0 -999 ""
FIBERMAP 679 R+6C12 METROLOGY 0 0 0 1 0 0 8.36508724929858 122.25202212348874 143.1 -122.5281342758542 -1.0002528573826677 177.18912 98.035126 -999.0 -999.0 -999.0 -999.0 -999.0 175.08498757823645 -7.897773736549124 175.08242715563165 -8.051345609775026 64.79319326225881 36.64900511490458 -999.0 6231.0 -999.0 -1 -999 {-999.0 -999.0 -999.0 -999.0 -999.0} "" -999.0 -999.0 -999.0 -999.0 -999 -999 "" "" "" "" 0 0 0.0 0.0 -999 ""
FIBERMAP 680 R-6C10 APOGEE 0 0 0 1 0 0 -41.28758036123429 -124.74954255470982 143.1 127.53363739804824 -31.633661618025624 261.55008 46.03507 -999.0 -999.0 -999.0 -999.0 -999.0 175.85110183509533 -7.9905623168468 175.8487412758725 -8.144254268605208 64.46401840384766 38.2590036442117 -999.0 16600.0 -999.0 2 -999 {-999.0 -999.0 -999.0 -999.0 -999.0} "" -999.0 -999.0 -999.0 -999.0 -999 -999 "" "" "" "" 0 0 0.0 0.0 -999 ""
FIBERMAP 680 R-6C10 BOSS 1 1 0 1 0 0 -41.732848371509554 -124.15937529876604 143.1 126.97924266766677 -32.12269839866589 261.55008 46.03507 175.84951039825498 -7.991872023029877 1.0469035 -41.90319 0.7058993 175.8495271108889 -7.991978561077392 175.8471092951852 -8.145755649060144 64.46615895101999 38.25777149485265 5400.0 5400.0 2016.0 1 411 {-999.0 17.028603 16.51222 16.288929 -999.0} sdss_psfmag_ps1 16.864738 16.48322 15.933156 14.926 63050395164329905 1136807064 dark_flexible_3x1 mwm_halo_local_high_boss_triple mwm_halo science 0 0 0.0 0.0 -999 ""
FIBERMAP 680 R-6C10 METROLOGY 0 0 0 1 0 0 -41.000308228159 -124.05891028037385 143.1 126.82310722371038 -31.40000932997671 261.55008 46.03507 -999.0 -999.0 -999.0 -999.0 -999.0 175.8490457522 -7.989814310688942 175.8466442960879 -8.143567339380594 64.46457878980208 38.25410074634459 -999.0 6231.0 -999.0 -1 -999 {-999.0 -999.0 -999.0 -999.0 -999.0} "" -999.0 -999.0 -999.0 -999.0 -999 -999 "" "" "" "" 0 0 0.0 0.0 -999 ""
FIBERMAP 682 R-8C1 APOGEE 0 0 0 1 0 0 -212.46589434483028 -142.5911677920379 143.1 158.4009328385313 -200.94051908542508 156.42535 89.03984 -999.0 -999.0 -999.0 -999.0 -999.0 175.94501991264764 -8.502367586208456 175.94258095072826 -8.655999871654872 64.83930379256535 39.10011845044903 -999.0 16600.0 -999.0 2 257 {-999.0 -999.0 -999.0 -999.0 -999.0} "" -999.0 -999.0 -999.0 -999.0 -999 -999 "" "" "" "" 0 0 0.0 0.0 -999 ""
FIBERMAP 682 R-8C1 BOSS 1 1 0 1 0 0 -212.15192152616777 -141.9244751904492 143.1 157.71223122135518 -200.67841631745992 156.42535 89.03984 175.94298447422963 -8.501508494985154 0.3764159 0.029842777 0.14127192 175.94298558801768 -8.501514937939834 175.94048943546613 -8.65523046857762 64.8398186732954 39.095072559059076 5400.0 5400.0 2016.0 1 527 {-999.0 20.168495 19.69974 19.269327 18.902645} sdss_psfmag_from_gaiadr2 20.418108 19.857141 19.155455 -999.0 63050395164250733 1130007070 dark_flexible_3x1 bhm_gua_dark_d3 bhm_filler science 0 0 0.0 0.0 -999 ""
FIBERMAP 682 R-8C1 METROLOGY 0 0 0 1 0 0 -211.71856146571372 -142.51881761147519 143.1 158.27169853009102 -200.2009331297075 156.42535 89.03984 -999.0 -999.0 -999.0 -999.0 -999.0 175.9447079166901 -8.500127982410147 175.9422285888778 -8.653820456602967 64.83768933004598 39.09657894797431 -999.0 6231.0 -999.0 -1 -999 {-999.0 -999.0 -999.0 -999.0 -999.0} "" -999.0 -999.0 -999.0 -999.0 -999 -999 "" "" "" "" 0 0 0.0 0.0 -999 ""
FIBERMAP 684 R-12C13 APOGEE 0 0 0 1 0 0 104.98418420690871 -248.98709056365692 143.1 240.22658141373108 123.69597098348481 279.1472 80.86449 -999.0 -999.0 -999.0 -999.0 -999.0 176.1930057975738 -7.520000826867305 176.1908132869836 -7.673848480032819 63.884891387515665 38.31932911530129 -999.0 16600.0 -999.0 2 -999 {-999.0 -999.0 -999.0 -999.0 -999.0} "" -999.0 -999.0 -999.0 -999.0 -999 -999 "" "" "" "" 0 0 0.0 0.0 -999 ""
FIBERMAP 684 R-12C13 BOSS 1 1 0 1 0 0 104.24458907635538 -248.99039941444553 143.1 240.28638820915913 122.95882479030475 279.1472 80.86449 176.1932409563818 -7.522142609770338 -999.0 -999.0 -999.0 176.19325169533064 -7.52214091667129 176.19100081968543 -7.67607624757644 63.88665443500599 38.32245174781815 5400.0 5400.0 2016.0 1 429 {-999.0 21.103159 20.938725 20.654438 20.392786} sdss_psfmag_from_lsdr10 21.125753 21.048368 20.33857 -999.0 63050395164333365 1131662875 dark_flexible_3x1 bhm_spiders_agn_lsdr10_d3 bhm_spiders science 0 0 0.0 0.0 -999 ""
FIBERMAP 684 R-12C13 METROLOGY 0 0 0 1 0 0 104.61696477587107 -248.335440269201 143.1 239.60492301394171 123.2800534984876 279.1472 80.86449 -999.0 -999.0 -999.0 -999.0 -999.0 176.19121203428043 -7.521169264340143 176.1889773461147 -7.675079364982795 63.88691717504332 38.31739889747939 -999.0 6231.0 -999.0 -1 -999 {-999.0 -999.0 -999.0 -999.0 -999.0} "" -999.0 -999.0 -999.0 -999.0 -999 -999 "" "" "" "" 0 0 0.0 0.0 -999 ""
FIBERMAP 686 R+8C2 APOGEE 0 0 0 1 0 0 -180.61664737967365 144.2257728209678 143.1 -129.9977419463534 -191.09970626054795 247.75432 132.02972 -999.0 -999.0 -999.0 -999.0 -999.0 175.06260305281128 -8.473326362291948 175.0599387447901 -8.62673891487544 65.2923253089221 37.32952102053872 -999.0 16600.0 -999.0 2 -999 {-999.0 -999.0 -999.0 -999.0 -999.0} "" -999.0 -999.0 -999.0 -999.0 -999 -999 "" "" "" "" 0 0 0.0 0.0 -999 ""
FIBERMAP 686 R+8C2 BOSS 1 1 0 1 0 0 -181.35876786922137 143.97738540202428 143.1 -129.6933913642347 -191.82064541608847 247.75432 132.02972 175.0635636358578 -8.475453212612182 0.6227572 0.11704947 -0.56233114 175.06357116452156 -8.47544852989937 175.06085308195873 -8.628944264489212 65.2937016808742 37.334176431139326 5400.0 5400.0 2016.0 1 71 {-999.0 19.91818 19.743658 19.5949 19.49228} sdss_psfmag_from_gaiadr2 19.814358 19.740557 19.216673 -999.0 63050395164319291 1130008187 dark_flexible_3x1 bhm_gua_dark_d3 bhm_filler science 0 0 0.0 0.0 -999 ""
FIBERMAP 686 R+8C2 METROLOGY 0 0 0 1 0 0 -181.19464194071801 144.70055751343295 143.1 -130.42695593303804 -191.71225982880898 247.75432 132.02972 -999.0 -999.0 -999.0 -999.0 -999.0 175.06129324495672 -8.475168018319312 175.05858980444214 -8.628639581712344 65.29464478093168 37.329266974322536 -999.0 6231.0 -999.0 -1 -999 {-999.0 -999.0 -999.0 -999.0 -999.0} "" -999.0 -999.0 -999.0 -999.0 -999 -999 "" "" "" "" 0 0 0.0 0.0 -999 ""
FIBERMAP 696 R+9C5 APOGEE 0 0 0 1 0 0 -86.61839180666128 162.44443938454287 143.1 -155.34412072581307 -98.77253865007778 359.83582 68.75702 -999.0 -999.0 -999.0 -999.0 -999.0 174.98474843481202 -8.194094901000026 174.98213131849093 -8.347530426760725 65.09710453648191 36.81958240369289 -999.0 16600.0 -999.0 2 45 {-999.0 -999.0 -999.0 -999.0 -999.0} "" -999.0 -999.0 -999.0 -999.0 -999 -999 "" "" "" "" 0 0 0.0 0.0 -999 ""
FIBERMAP 696 R+9C5 BOSS 1 1 0 1 0 0 -86.84999401772389 161.72797531738198 143.1 -154.61208884812604 -98.94871267718219 359.83582 68.75702 174.98685918770306 -8.194477568817115 -1.7242844 -1.2531742 0.32050037 174.98698508698845 -8.194582861774956 174.9843151134868 -8.348103356628114 65.09644593745367 36.82465523660994 5400.0 5400.0 2016.0 1 80 {-999.0 16.992668 16.589727 16.481173 -999.0} sdss_psfmag_ps1 16.886078 16.591547 16.136576 15.376 63050395164321459 976142795 "" ops_std_boss ops_std standard_boss 0 0 0.0 0.0 -999 ""
FIBERMAP 696 R+9C5 METROLOGY 0 0 0 1 0 0 -87.34995599590135 162.2979865421707 143.1 -155.14220857904502 -99.49074102486927 359.83582 68.75702 -999.0 -999.0 -999.0 -999.0 -999.0 174.98533230307947 -8.196256392256947 174.98267662076444 -8.349752231323912 65.09870322660004 36.82346426364859 -999.0 6231.0 -999.0 -1 -999 {-999.0 -999.0 -999.0 -999.0 -999.0} "" -999.0 -999.0 -999.0 -999.0 -999 -999 "" "" "" "" 0 0 0.0 0.0 -999 ""
FIBERMAP 697 R-7C20 APOGEE 0 0 0 1 0 0 211.63924283872902 -157.86017496726268 143.1 141.22141893072737 223.07190239307656 341.93243 19.800207 -999.0 -999.0 -999.0 -999.0 -999.0 175.89074768995573 -7.219851613494417 175.88854912851946 -7.373677880941496 63.794669940637206 37.379299009848296 -999.0 16600.0 -999.0 2 194 {-999.0 -999.0 -999.0 -999.0 -999.0} "" -999.0 -999.0 -999.0 -999.0 -999 -999 "" "" "" "" 0 0 0.0 0.0 -999 ""
FIBERMAP 697 R-7C20 BOSS 1 1 0 1 0 0 210.92695259131312 -157.89594371630346 143.1 141.3115030462489 222.36446005963322 341.93243 19.800207 175.89111328125 -7.221879167685756 -999.0 -999.0 -999.0 175.89109033640713 -7.22188846563702 175.88883448215256 -7.375803605576276 63.796313912845044 37.3824173964332 5400.0 5400.0 2015.5 1 267 {-999.0 -999.0 -999.0 -999.0 -999.0} "" -999.0 -999.0 -999.0 -999.0 27021603139072493 811638741 "" ops_sky_boss_good ops_sky sky_boss 0 0 0.0 0.0 -999 ""
FIBERMAP 697 R-7C20 METROLOGY 0 0 0 1 0 0 211.2308597815263 -157.23928430303505 143.1 140.6335738759635 222.6172936599305 341.93243 19.800207 -999.0 -999.0 -999.0 -999.0 -999.0 175.88903483872676 -7.221106975362977 175.88679487018214 -7.374996496371195 63.796715018588046 37.37756967569101 -999.0 6231.0 -999.0 -1 -999 {-999.0 -999.0 -999.0 -999.0 -999.0} "" -999.0 -999.0 -999.0 -999.0 -999 -999 "" "" "" "" 0 0 0.0 0.0 -999 ""
FIBERMAP 700 R+2C2 APOGEE 0 0 0 1 0 0 -246.06202319081018 26.42544041105039 143.1 -7.546936115967779 -247.35037501891506 266.60754 122.55731 -999.0 -999.0 -999.0 -999.0 -999.0 175.437433297031 -8.643373329096706 175.43482964903217 -8.796858265606232 65.23426122664584 38.29403037258322 -999.0 16600.0 -999.0 2 -999 {-999.0 -999.0 -999.0 -999.0 -999.0} "" -999.0 -999.0 -999.0 -999.0 -999 -999 "" "" "" "" 0 0 0.0 0.0 -999 ""
FIBERMAP 700 R+2C2 BOSS 1 1 0 1 0 0 -246.72459548168746 26.06973903430716 143.1 -7.141668003512813 -247.98380300513963 266.60754 122.55731 175.43873787173976 -8.645220645680338 -0.80357015 -1.2322477 0.34519204 175.43872869449325 -8.645213091959882 175.4360700955857 -8.798780780156504 65.23519661288232 38.29899426052441 5400.0 5400.0 2016.0 1 10 {-999.0 20.780712 20.542048 20.238785 -999.0} sdss_psfmag_ps1 20.5277 20.39074 19.804104 -999.0 63050395164319333 1116935043 bright_1x1 openfibertargets_bhm_quaia_boss open_fiber science 0 0 0.0 0.0 -999 ""
FIBERMAP 700 R+2C2 METROLOGY 0 0 0 1 0 0 -246.71134934701413 26.7967539708156 143.1 -7.867536219223352 -248.02614280014438 266.60754 122.55731 -999.0 -999.0 -999.0 -999.0 -999.0 175.43649015572953 -8.645406709491514 175.43384647137555 -8.798950351078167 65.23654350393646 38.29482950478706 -999.0 6231.0 -999.0 -1 -999 {-999.0 -999.0 -999.0 -999.0 -999.0} "" -999.0 -999.0 -999.0 -999.0 -999 -999 "" "" "" "" 0 0 0.0 0.0 -999 ""
FIBERMAP 701 R+2C8 APOGEE 0 0 0 1 0 0 -101.61894757745688 28.656911195629412 143.1 -20.807759495626893 -103.50669637112622 325.68878 107.0552 -999.0 -999.0 -999.0 -999.0 -999.0 175.39663226752214 -8.20902707116554 175.39411453266666 -8.362570603645855 64.8918060076509 37.65340376173225 -999.0 16600.0 -999.0 2 -999 {-999.0 -999.0 -999.0 -999.0 -999.0} "" -999.0 -999.0 -999.0 -999.0 -999 -999 "" "" "" "" 0 0 0.0 0.0 -999 ""
FIBERMAP 701 R+2C8 BOSS 1 1 0 1 0 0 -101.86387717900783 27.921941865225122 143.1 -20.05625904228689 -103.69474434509628 325.68878 107.0552 175.3989934567919 -8.209573241363268 -2.1336315 -0.70005673 0.49016055 175.39898042822932 -8.209569588495789 175.39640831609813 -8.363198210716147 64.89110881881982 37.658703806772166 5400.0 5400.0 2016.0 1 45 {-999.0 21.021841 20.812307 20.6308 20.490892} sdss_psfmag_from_gaiadr2 20.83749 20.823832 20.134077 -999.0 63050395164320244 1130008198 dark_flexible_3x1 bhm_gua_dark_d3 bhm_filler science 0 0 0.0 0.0 -999 ""
FIBERMAP 701 R+2C8 METROLOGY 0 0 0 1 0 0 -102.34798815761415 28.489585019314852 143.1 -20.58522880845036 -104.22078783138872 325.68878 107.0552 -999.0 -999.0 -999.0 -999.0 -999.0 175.39734117048778 -8.211198157831156 175.39478383316725 -8.364802123876139 64.8933266720718 37.65755705639981 -999.0 6231.0 -999.0 -1 -999 {-999.0 -999.0 -999.0 -999.0 -999.0} "" -999.0 -999.0 -999.0 -999.0 -999 -999 "" "" "" "" 0 0 0.0 0.0 -999 ""
FIBERMAP 702 R-4C16 APOGEE 0 0 0 1 0 0 79.93460414928417 -80.42390145950391 143.1 74.07779764133019 85.84192887732011 168.36647 142.38254 -999.0 -999.0 -999.0 -999.0 -999.0 175.68712083387953 -7.634245967143504 175.68479524612815 -7.787955419254244 64.25264997599521 37.49734407479832 -999.0 16600.0 -999.0 2 -999 {-999.0 -999.0 -999.0 -999.0 -999.0} "" -999.0 -999.0 -999.0 -999.0 -999 -999 "" "" "" "" 0 0 0.0 0.0 -999 ""
FIBERMAP 702 R-4C16 BOSS 1 1 0 1 0 0 79.45086359754342 -79.86768638052145 143.1 73.5601937141636 85.31712786464679 168.36647 142.38254 175.68563549711186 -7.635683551812319 -4.627075 -9.535079 0.18998086 175.68563500367983 -7.635704560758712 175.68325271469712 -7.789500615046153 64.2547743205081 37.49628788244382 5400.0 5400.0 2016.0 1 318 {-999.0 18.143269 17.695 17.59051 -999.0} sdss_psfmag_ps1 18.050283 17.741867 17.258543 16.563 63050395164332055 977028407 "" ops_std_boss ops_std standard_boss 0 0 0.0 0.0 -999 ""
FIBERMAP 702 R-4C16 METROLOGY 0 0 0 1 0 0 80.18321545676655 -79.71842953618733 143.1 73.35542571067921 86.03590133454705 168.36647 142.38254 -999.0 -999.0 -999.0 -999.0 -999.0 175.68499648209166 -7.63354102862333 175.68263039105148 -7.787312567981622 64.2532601097567 37.49238452155157 -999.0 6231.0 -999.0 -1 -999 {-999.0 -999.0 -999.0 -999.0 -999.0} "" -999.0 -999.0 -999.0 -999.0 -999 -999 "" "" "" "" 0 0 0.0 0.0 -999 ""
FIBERMAP 703 R0C3 APOGEE 1 1 0 1 0 0 -232.94579615760986 -8.72287689714303 143.1 26.49488529147033 -231.58763502768605 347.76248 93.58232 175.54164899158488 -8.595884222540517 -8.415508 -12.498293 1.2548995 175.54163705779078 -8.59592566063548 175.53907182362616 -8.749444669796334 65.13805823216812 38.43713216152969 16000.0 16600.0 2016.0 2 252 {-999.0 12.373316 12.163335 12.113711 -999.0} sdss_psfmag_gaia 12.377954 12.158891 11.796761 11.238 63050395164240260 945889169 bright_1x1 openfibertargets_nov2020_9 open_fiber science 0 0 0.0 0.0 -999 ""
FIBERMAP 703 R0C3 BOSS 0 0 0 1 0 0 -233.14664608225425 -9.445865466007168 143.1 27.231072710197864 -231.73264958741956 347.76248 93.58232 -999.0 -999.0 -999.0 -999.0 -999.0 175.54394982847364 -8.596309446073798 175.54132983068837 -8.749911952249729 65.13722088726233 38.44217641889776 -999.0 5400.0 -999.0 1 521 {-999.0 -999.0 -999.0 -999.0 -999.0} "" -999.0 -999.0 -999.0 -999.0 -999 -999 "" "" "" "" 0 0 0.0 0.0 -999 ""
FIBERMAP 703 R0C3 METROLOGY 0 0 0 1 0 0 -233.6684118013233 -8.903160440755924 143.1 26.729843982155785 -232.29433063929955 347.76248 93.58232 -999.0 -999.0 -999.0 -999.0 -999.0 175.542403529116 -8.598061833936196 175.53979841345802 -8.751640151432591 65.13949672579584 38.44143110801457 -999.0 6231.0 -999.0 -1 -999 {-999.0 -999.0 -999.0 -999.0 -999.0} "" -999.0 -999.0 -999.0 -999.0 -999 -999 "" "" "" "" 0 0 0.0 0.0 -999 ""
FIBERMAP 708 R+12C13 APOGEE 0 0 0 1 0 0 107.81369791094706 221.4866046283114 143.1 -229.06629008068853 90.57117379763936 241.93242 124.48647 -999.0 -999.0 -999.0 -999.0 -999.0 174.76095583971198 -7.620391822952782 174.7584271739978 -7.773856015573049 64.72349633974952 35.667643388786246 -999.0 16600.0 -999.0 2 -999 {-999.0 -999.0 -999.0 -999.0 -999.0} "" -999.0 -999.0 -999.0 -999.0 -999 -999 "" "" "" "" 0 0 0.0 0.0 -999 ""
FIBERMAP 708 R+12C13 BOSS 1 1 0 1 0 0 107.06887610858834 221.387003050231 143.1 -228.91007714955805 89.83617356869608 241.93242 124.48647 174.76146053195845 -7.622528640704002 0.17914285 0.38888025 0.04819344 174.76145325078784 -7.622518553159287 174.75887157542627 -7.776069345338747 64.72516744115305 35.67119540216294 5400.0 5400.0 2016.0 1 105 {-999.0 19.568834 19.40601 19.345087 19.306206} sdss_psfmag_from_lsdr10 19.52617 19.330612 18.959167 -999.0 63050395164327360 1131662856 dark_flexible_3x1 bhm_spiders_agn_lsdr10_d3 bhm_spiders science 0 0 0.0 0.0 -999 ""
FIBERMAP 708 R+12C13 METROLOGY 0 0 0 1 0 0 107.36078726680316 222.0818946124513 143.1 -229.62520840286075 90.07412568176396 241.93242 124.48647 -999.0 -999.0 -999.0 -999.0 -999.0 174.75923209103306 -7.621810712204712 174.7566650057812 -7.775336384005852 64.72566414290989 35.66592146691528 -999.0 6231.0 -999.0 -1 -999 {-999.0 -999.0 -999.0 -999.0 -999.0} "" -999.0 -999.0 -999.0 -999.0 -999 -999 "" "" "" "" 0 0 0.0 0.0 -999 ""
FIBERMAP 711 R-8C15 APOGEE 1 1 0 1 0 0 101.05214678374621 -168.6042237784543 143.1 160.38282285261812 113.63406454742966 259.82755 83.04833 175.9505442010946 -7.5501531498205505 -14.722775 6.310858 1.5628197 175.95050623785494 -7.550139929046688 175.94825548709366 -7.703926675886206 64.04102447834887 37.89735600302714 16000.0 16600.0 2016.0 2 201 {-999.0 11.441399 11.303997 11.284095 -999.0} sdss_psfmag_gaia 11.464892 11.285391 10.965317 10.477 63050395164332199 975423258 "" ops_std_apogee ops_std standard_apogee 0 0 0.0 0.0 -999 ""
FIBERMAP 711 R-8C15 BOSS 0 0 0 1 0 0 100.32973093513024 -168.43849949875863 143.1 160.27278587899687 112.90113187592743 259.82755 83.04833 -999.0 -999.0 -999.0 -999.0 -999.0 175.95028276008455 -7.552236554706055 175.9479744580343 -7.706110617337289 64.0430106926084 37.89952591240234 -999.0 5400.0 -999.0 1 284 {-999.0 -999.0 -999.0 -999.0 -999.0} "" -999.0 -999.0 -999.0 -999.0 -999 -999 "" "" "" "" 0 0 0.0 0.0 -999 ""
FIBERMAP 711 R-8C15 METROLOGY 0 0 0 1 0 0 100.85190033633751 -167.88245455590342 143.1 159.67849638761 113.37926689979729 259.82755 83.04833 -999.0 -999.0 -999.0 -999.0 -999.0 175.94847266181858 -7.550797577934499 175.9461804308752 -7.704646594457068 64.04274405109096 37.8942995702003 -999.0 6231.0 -999.0 -1 -999 {-999.0 -999.0 -999.0 -999.0 -999.0} "" -999.0 -999.0 -999.0 -999.0 -999 -999 "" "" "" "" 0 0 0.0 0.0 -999 ""
FIBERMAP 712 R-7C5 APOGEE 1 1 0 1 0 0 -124.40747491471406 -125.18243999310802 143.1 134.31591299905733 -114.47366778629056 75.56372 135.46385 175.8718929796133 -8.241578418842751 -12.924601 2.1774547 0.72074866 175.87185284101986 -8.241581058247803 175.86944701291418 -8.395237688997408 64.66247906042304 38.61988607074011 16000.0 16600.0 2016.0 2 298 {-999.0 13.569003 12.845584 12.582972 -999.0} sdss_psfmag_gaia 13.376336 12.889022 12.244243 10.95 63050395164329279 1106240265 bright_flexible_2x1 mwm_tess_rgb_apogee mwm_tessrgb science 0 0 0.0 0.0 -999 ""
FIBERMAP 712 R-7C5 BOSS 0 0 0 1 0 0 -123.77269730863738 -124.8155666280318 143.1 133.90162968745557 -113.86880553297925 75.56372 135.46385 -999.0 -999.0 -999.0 -999.0 -999.0 175.87069311005175 -8.239710444868 175.86823075162783 -8.393451778369059 64.6616533406502 38.6152388068906 -999.0 5400.0 -999.0 1 489 {-999.0 -999.0 -999.0 -999.0 -999.0} "" -999.0 -999.0 -999.0 -999.0 -999 -999 "" "" "" "" 0 0 0.0 0.0 -999 ""
FIBERMAP 712 R-7C5 METROLOGY 0 0 0 1 0 0 -123.7643726555731 -125.55029622257965 143.1 134.63354156657292 -113.8043695737567 75.56372 135.46385 -999.0 -999.0 -999.0 -999.0 -999.0 175.87293162246507 -8.23954685097776 175.87048589486733 -8.393264748947699 64.66026653818938 38.619345542679525 -999.0 6231.0 -999.0 -1 -999 {-999.0 -999.0 -999.0 -999.0 -999.0} "" -999.0 -999.0 -999.0 -999.0 -999 -999 "" "" "" "" 0 0 0.0 0.0 -999 ""
FIBERMAP 713 R+3C9 APOGEE 0 0 0 1 0 0 -90.64400404441037 52.0195245827338 143.1 -44.9395264977302 -94.34933047898996 211.81049 112.18327 -999.0 -999.0 -999.0 -999.0 -999.0 175.32263706136948 -8.18123915250272 175.32010712843078 -8.33476782735517 64.90783896676301 37.47267554141058 -999.0 16600.0 -999.0 2 22 {-999.0 -999.0 -999.0 -999.0 -999.0} "" -999.0 -999.0 -999.0 -999.0 -999 -999 "" "" "" "" 0 0 0.0 0.0 -999 ""
FIBERMAP 713 R+3C9 BOSS 1 1 0 1 0 0 -91.27230899665977 52.43582312038502 143.1 -45.30658409875637 -95.00757649257346 211.81049 112.18327 175.32154169422463 -8.183207361346998 -999.0 -999.0 -999.0 175.32154205979637 -8.183201610901135 175.3189568535081 -8.336814327941262 64.91017641346909 37.47300762499225 5400.0 5400.0 2016.0 1 32 {-999.0 22.779446 20.986326 20.690643 -999.0} sdss_psfmag_ps1 -999.0 -999.0 -999.0 -999.0 63050399021089946 1167122560 dark_1x1 openfibertargets_bhm_iragn2_boss open_fiber science 0 0 0.0 0.0 -999 ""
FIBERMAP 713 R+3C9 METROLOGY 0 0 0 1 0 0 -90.59181465082045 52.756523099885 143.1 -45.67832405641951 -94.35360543392349 211.81049 112.18327 -999.0 -999.0 -999.0 -999.0 -999.0 175.32038156953965 -8.181251087331102 175.31781197969735 -8.334839829964134 64.90912068304044 37.4682516757793 -999.0 6231.0 -999.0 -1 -999 {-999.0 -999.0 -999.0 -999.0 -999.0} "" -999.0 -999.0 -999.0 -999.0 -999 -999 "" "" "" "" 0 0 0.0 0.0 -999 ""
FIBERMAP 718 R+2C7 APOGEE 0 0 0 1 0 0 -122.20213230812134 54.244015187676595 143.1 -44.74625548844086 -125.98371029900197 99.72962 58.709045 -999.0 -999.0 -999.0 -999.0 -999.0 175.32327431609724 -8.277094286698189 175.32072286772654 -8.430607833051196 64.98826695278707 37.5957747026294 -999.0 16600.0 -999.0 2 29 {-999.0 -999.0 -999.0 -999.0 -999.0} "" -999.0 -999.0 -999.0 -999.0 -999 -999 "" "" "" "" 0 0 0.0 0.0 -999 ""
FIBERMAP 718 R+2C7 BOSS 1 1 0 1 0 0 -121.47438072233876 53.97833424113573 143.1 -44.536966325775154 -125.2378206795887 99.72962 58.709045 175.32394409179688 -8.27479580570511 -999.0 -999.0 -999.0 175.3239471936098 -8.274812600661125 175.32134188643556 -8.42841093558799 64.98608670739645 37.5941919830841 5400.0 5400.0 2015.5 1 48 {-999.0 -999.0 -999.0 -999.0 -999.0} "" -999.0 -999.0 -999.0 -999.0 27021603139061847 811637222 "" ops_sky_boss_good ops_sky sky_boss 0 0 0.0 0.0 -999 ""
FIBERMAP 718 R+2C7 METROLOGY 0 0 0 1 0 0 -122.07060352226601 53.50956689857287 143.1 -44.024037325297755 -125.79645753799004 99.72962 58.709045 -999.0 -999.0 -999.0 -999.0 -999.0 175.32550031104577 -8.276542910829159 175.3229104590489 -8.430117497113777 64.98668689983595 37.59945890624033 -999.0 6231.0 -999.0 -1 -999 {-999.0 -999.0 -999.0 -999.0 -999.0} "" -999.0 -999.0 -999.0 -999.0 -999 -999 "" "" "" "" 0 0 0.0 0.0 -999 ""
FIBERMAP 720 R-7C15 APOGEE 0 0 0 1 0 0 92.46309515165703 -152.5703701841673 143.1 145.0528145696523 103.8454719696962 284.0392 69.62884 -999.0 -999.0 -999.0 -999.0 -999.0 175.90386515445465 -7.579736749287452 175.9015984148565 -7.733507636950035 64.09093576839032 37.845138476436546 -999.0 16600.0 -999.0 2 -999 {-999.0 -999.0 -999.0 -999.0 -999.0} "" -999.0 -999.0 -999.0 -999.0 -999 -999 "" "" "" "" 0 0 0.0 0.0 -999 ""
FIBERMAP 720 R-7C15 BOSS 1 1 0 1 0 0 91.67880746390536 -152.44799038025917 143.1 144.9907206007169 103.05416285552577 284.0392 69.62884 175.90380429910962 -7.582003060357698 -999.0 -999.0 -999.0 175.90379164366138 -7.58200821145338 175.9014675305657 -7.73586626757934 64.09298894949255 37.84781186440949 5400.0 5400.0 2016.0 1 283 {-999.0 21.043468 19.74064 19.208803 18.833927} sdss_fiber2mag_from_lsdr10 19.260326 21.899363 17.623747 15.313 63050395164332189 1128420005 dark_flexible_3x1 bhm_spiders_clusters_lsdr10_d3 bhm_spiders science 0 0 0.0 0.0 -999 ""
FIBERMAP 720 R-7C15 METROLOGY 0 0 0 1 0 0 92.1654163441571 -151.88415917845438 143.1 144.39138492434694 103.49624805203547 284.0392 69.62884 -999.0 -999.0 -999.0 -999.0 -999.0 175.90196170347008 -7.580680283147898 175.89965358354937 -7.734513310141013 64.0928246982925 37.842676456989295 -999.0 6231.0 -999.0 -1 -999 {-999.0 -999.0 -999.0 -999.0 -999.0} "" -999.0 -999.0 -999.0 -999.0 -999 -999 "" "" "" "" 0 0 0.0 0.0 -999 ""
FIBERMAP 722 R-4C20 APOGEE 0 0 0 1 0 0 179.2683317734224 -60.23726325561739 143.1 46.3616412948198 183.33836534373435 121.15777 81.40642 -999.0 -999.0 -999.0 -999.0 -999.0 175.60190621271312 -7.339182607627517 175.59962400562097 -7.4929186197038975 64.04824357666108 36.97237326129323 -999.0 16600.0 -999.0 2 -999 {-999.0 -999.0 -999.0 -999.0 -999.0} "" -999.0 -999.0 -999.0 -999.0 -999 -999 "" "" "" "" 0 0 0.0 0.0 -999 ""
FIBERMAP 722 R-4C20 BOSS 1 1 0 1 0 0 179.9597227698858 -59.950660981281885 143.1 46.02306524981911 184.00580588609668 121.15777 81.40642 175.60115849378974 -7.3370248664458 -73.23699 -2.9627404 5.3878016 175.6009391249227 -7.337021316739242 175.59860134415612 -7.490845902796078 64.0470243223842 36.96789684241497 5400.0 5400.0 2016.0 1 312 {-999.0 20.20405 19.783672 19.731571 -999.0} sdss_psfmag_ps1 20.16737 19.868279 19.494528 -999.0 63050395164332594 1143436644 dark_1x3 mwm_wd_pwd_boss_1x3 mwm_wd science 0 0 0.0 0.0 -999 ""
FIBERMAP 722 R-4C20 METROLOGY 0 0 0 1 0 0 179.86879192442154 -60.68329668918284 143.1 46.76047294249005 183.97112109216476 121.15777 81.40642 -999.0 -999.0 -999.0 -999.0 -999.0 175.60318259110875 -7.3371273437412485 175.60086107039956 -7.4909274065682325 64.0459049941684 36.972335410143614 -999.0 6231.0 -999.0 -1 -999 {-999.0 -999.0 -999.0 -999.0 -999.0} "" -999.0 -999.0 -999.0 -999.0 -999 -999 "" "" "" "" 0 0 0.0 0.0 -999 ""
FIBERMAP 725 R-11C8 APOGEE 1 1 0 1 0 0 5.8611759030047175 -210.96616240178827 143.1 209.89191127262163 21.962357422739558 37.84821 84.03324 176.10210514452316 -7.827688887912961 -6.715798 -1.0091015 0.51077825 176.10209289832707 -7.827692419479658 176.09982287497883 -7.9814695143631935 64.19154038234144 38.53267618346973 16000.0 16600.0 2016.0 2 173 {-999.0 13.017178 12.068794 11.699255 -999.0} sdss_psfmag_from_g3xp 12.707451 12.090227 11.339072 9.719 63050395164330331 1104838402 bright_1x1 mwm_tess_rgb_apogee mwm_tessrgb science 0 0 0.0 0.0 -999 ""
FIBERMAP 725 R-11C8 BOSS 0 0 0 1 0 0 6.233634110306969 -211.61946856821515 143.1 210.51482036584633 22.383624642821797 37.84821 84.03324 -999.0 -999.0 -999.0 -999.0 -999.0 176.10409129767987 -7.826322262474647 176.10176438879694 -7.980186633072427 64.18941135645309 38.534743141563126 -999.0 5400.0 -999.0 1 415 {-999.0 -999.0 -999.0 -999.0 -999.0} "" -999.0 -999.0 -999.0 -999.0 -999 -999 "" "" "" "" 0 0 0.0 0.0 -999 ""
FIBERMAP 725 R-11C8 METROLOGY 0 0 0 1 0 0 5.5093026897644926 -211.6262819988328 143.1 210.57695513151558 21.661964598803465 37.84821 84.03324 -999.0 -999.0 -999.0 -999.0 -999.0 176.1043005229645 -7.828529217868931 176.10198957066143 -7.9823687325372825 64.19111088220129 38.53792811426058 -999.0 6231.0 -999.0 -1 -999 {-999.0 -999.0 -999.0 -999.0 -999.0} "" -999.0 -999.0 -999.0 -999.0 -999 -999 "" "" "" "" 0 0 0.0 0.0 -999 ""
FIBERMAP 727 R+5C12 APOGEE 0 0 0 1 0 0 7.281093565698264 79.33193744493795 143.1 -79.65267398620362 1.1982234968632002 293.83932 75.7401 -999.0 -999.0 -999.0 -999.0 -999.0 175.21624378938657 -7.8912248765834505 175.21375429709985 -8.044771790947792 64.71886056587313 36.89965506171188 -999.0 16600.0 -999.0 2 132 {-999.0 -999.0 -999.0 -999.0 -999.0} "" -999.0 -999.0 -999.0 -999.0 -999 -999 "" "" "" "" 0 0 0.0 0.0 -999 ""
FIBERMAP 727 R+5C12 BOSS 1 1 0 1 0 0 6.545184120494616 79.20067543297924 143.1 -79.46557556927493 0.4745281338280436 293.83932 75.7401 175.2168273925781 -7.893322196365034 -999.0 -999.0 -999.0 175.2168225092086 -7.893335934852838 175.21427843379547 -8.046968511180918 64.72044775943904 36.90341321152016 5400.0 5400.0 2015.5 1 121 {-999.0 -999.0 -999.0 -999.0 -999.0} "" -999.0 -999.0 -999.0 -999.0 27021603139069883 820037256 "" ops_sky_boss_good ops_sky sky_boss 0 0 0.0 0.0 -999 ""
FIBERMAP 727 R+5C12 METROLOGY 0 0 0 1 0 0 6.8094759110585255 79.90364663933802 143.1 -80.18665225470423 0.6843255769447208 293.83932 75.7401 -999.0 -999.0 -999.0 -999.0 -999.0 175.2145914072037 -7.892722458247897 175.21206232340194 -8.046330209867726 64.72107020657747 36.89826406518068 -999.0 6231.0 -999.0 -1 -999 {-999.0 -999.0 -999.0 -999.0 -999.0} "" -999.0 -999.0 -999.0 -999.0 -999 -999 "" "" "" "" 0 0 0.0 0.0 -999 ""
FIBERMAP 728 R+7C12 APOGEE 1 1 0 1 0 0 19.45870976124119 133.77519886469324 143.1 -134.8646877674507 9.180015823305784 197.19768 108.49316 175.0473834874926 -7.866921901361999 -12.9811325 -0.20340386 3.8395054 175.04733779872595 -7.866924344944522 175.04481435801392 -8.020429399351743 64.78651605395764 36.53645245680127 16000.0 16600.0 2016.0 2 143 {-999.0 11.603208 11.214703 11.110688 -999.0} sdss_psfmag_from_g3xp 11.541284 11.241252 10.78245 10.046 63050395164322163 1093979044 bright_1x1 mwm_bin_vis_apogee mwm_filler science 0 0 0.0 0.0 -999 ""
FIBERMAP 728 R+7C12 BOSS 0 0 0 1 0 0 19.02939490841556 134.3885929634704 143.1 -135.44345925116252 8.705110213698356 197.19768 108.49316 -999.0 -999.0 -999.0 -999.0 -999.0 175.0455559618008 -7.868273909594248 175.04297818737257 -8.021864127925006 64.78869240550566 36.53459237550106 -999.0 5400.0 -999.0 1 144 {-999.0 -999.0 -999.0 -999.0 -999.0} "" -999.0 -999.0 -999.0 -999.0 -999 -999 "" "" "" "" 0 0 0.0 0.0 -999 ""
FIBERMAP 728 R+7C12 METROLOGY 0 0 0 1 0 0 19.759594799619666 134.48805691170514 143.1 -135.59841779369248 9.425542464724762 197.19768 108.49316 -999.0 -999.0 -999.0 -999.0 -999.0 175.04505448118337 -7.866111055792367 175.04249229374273 -8.01967715502391 64.78708496321173 36.53093250193808 -999.0 6231.0 -999.0 -1 -999 {-999.0 -999.0 -999.0 -999.0 -999.0} "" -999.0 -999.0 -999.0 -999.0 -999 -999 "" "" "" "" 0 0 0.0 0.0 -999 ""
FIBERMAP 729 R-8C19 APOGEE 1 1 0 1 0 0 186.66977444968825 -152.07821212421746 143.1 137.36438345736684 197.73481442610964 185.26566 99.4334 175.87936886228405 -7.296091068422791 -0.43689296 -0.123176046 2.4076707 175.87936872257325 -7.296084620082033 175.87715279411714 -7.449895739733197 63.865079369245265 37.45025713828608 16000.0 16600.0 2016.0 2 193 {-999.0 12.414385 12.104954 12.023823 -999.0} sdss_psfmag_from_g3xp 12.374581 12.114003 11.696867 11.046 63050395164332705 1103575199 bright_flexible_3x1 mwm_tess_2min_apogee mwm_planet science 0 0 0.0 0.0 -999 ""
FIBERMAP 729 R-8C19 BOSS 0 0 0 1 0 0 186.49294467834724 -151.3594060365197 143.1 136.66122220898183 197.50359031617648 185.26566 99.4334 -999.0 -999.0 -999.0 -999.0 -999.0 175.87730353301026 -7.296665726066436 175.87503017711276 -7.450565044025854 63.866772958539926 37.44703887243452 -999.0 5400.0 -999.0 1 266 {-999.0 -999.0 -999.0 -999.0 -999.0} "" -999.0 -999.0 -999.0 -999.0 -999 -999 "" "" "" "" 0 0 0.0 0.0 -999 ""
FIBERMAP 729 R-8C19 METROLOGY 0 0 0 1 0 0 187.20615332085507 -151.5495013020403 143.1 136.7962612662185 198.22920515348898 185.26566 99.4334 -999.0 -999.0 -999.0 -999.0 -999.0 175.8777116946357 -7.294472777450472 175.87545497629026 -7.44834739584216 63.86467523205696 37.445146322431924 -999.0 6231.0 -999.0 -1 -999 {-999.0 -999.0 -999.0 -999.0 -999.0} "" -999.0 -999.0 -999.0 -999.0 -999 -999 "" "" "" "" 0 0 0.0 0.0 -999 ""
FIBERMAP 731 R0C27 APOGEE 0 0 0 1 0 0 278.85739986751116 -4.625658801419229 143.1 -16.693800534775594 278.3827872461892 201.06429 116.42883 -999.0 -999.0 -999.0 -999.0 -999.0 175.4093350921369 -7.05329682803825 175.40707546415024 -7.207030130034595 63.90551143265668 36.25946453669735 -999.0 16600.0 -999.0 2 -999 {-999.0 -999.0 -999.0 -999.0 -999.0} "" -999.0 -999.0 -999.0 -999.0 -999 -999 "" "" "" "" 0 0 0.0 0.0 -999 ""
FIBERMAP 731 R0C27 BOSS 1 1 0 1 0 0 278.2785674921766 -4.123021408467109 143.1 -17.150720504995945 277.76727030334825 201.06429 116.42883 175.40809770966118 -7.055016581086216 -32.989193 -18.431839 0.92371947 175.40799873150942 -7.055069547139099 175.40568327869278 -7.208891815442062 63.9078201625353 36.258991399568686 5400.0 5400.0 2016.0 1 182 {-999.0 16.824747 16.284283 16.163507 -999.0} sdss_psfmag_ps1 16.75168 16.362335 15.811973 14.808 63050395164338003 1136357120 dark_flexible_3x1 mwm_halo_local_high_boss_triple mwm_halo science 0 0 0.0 0.0 -999 ""
FIBERMAP 731 R0C27 METROLOGY 0 0 0 1 0 0 279.01311058768425 -3.8940493506743175 143.1 -17.43513443670295 278.4821379694289 201.06429 116.42883 -999.0 -999.0 -999.0 -999.0 -999.0 175.40711441504416 -7.052899889532348 175.40481490310253 -7.206696895606278 63.906396171997464 36.25471837228628 -999.0 6231.0 -999.0 -1 -999 {-999.0 -999.0 -999.0 -999.0 -999.0} "" -999.0 -999.0 -999.0 -999.0 -999 -999 "" "" "" "" 0 0 0.0 0.0 -999 ""
FIBERMAP 732 R-10C12 APOGEE 0 0 0 1 0 0 54.98452217132135 -189.98676913237847 143.1 185.2216104029392 69.33693618012103 160.48528 118.16861 -999.0 -999.0 -999.0 -999.0 -999.0 176.0266193598458 -7.684254939413638 176.02435947338506 -7.83803779729235 64.11253144204031 38.20897590768311 -999.0 16600.0 -999.0 2 -999 {-999.0 -999.0 -999.0 -999.0 -999.0} "" -999.0 -999.0 -999.0 -999.0 -999 -999 "" "" "" "" 0 0 0.0 0.0 -999 ""
FIBERMAP 732 R-10C12 BOSS 1 1 0 1 0 0 54.84875807054107 -189.23299921047553 143.1 184.48045157354068 69.14398443705605 160.48528 118.16861 176.0245542078648 -7.68461817586439 -37.061066 -37.54288 0.4444669 176.02447496662742 -7.684732315812132 176.02215716919704 -7.838601767356032 64.1141951085064 38.20549453773111 5400.0 5400.0 2016.0 1 402 {-999.0 16.551615 16.268682 16.22417 -999.0} sdss_psfmag_ps1 16.555172 16.273735 15.831841 15.031 63050395164330915 944484654 bright_1x1 openfibertargets_nov2020_6c open_fiber science 0 0 0.0 0.0 -999 ""
FIBERMAP 732 R-10C12 METROLOGY 0 0 0 1 0 0 55.56152550472988 -189.51078029844268 143.1 184.70294979179795 69.87585889332365 160.48528 118.16861 -999.0 -999.0 -999.0 -999.0 -999.0 176.02515509779815 -7.682530793092151 176.0228541220174 -7.8363760633968385 64.11195342372642 38.20403633527047 -999.0 6231.0 -999.0 -1 -999 {-999.0 -999.0 -999.0 -999.0 -999.0} "" -999.0 -999.0 -999.0 -999.0 -999 -999 "" "" "" "" 0 0 0.0 0.0 -999 ""
FIBERMAP 736 R+11C12 APOGEE 0 0 0 1 0 0 64.0578652047345 208.6063679862224 143.1 -212.88119411757992 47.92936533300592 214.30522 100.87393 -999.0 -999.0 -999.0 -999.0 -999.0 174.80969784060443 -7.7493834830506065 174.80714795855909 -7.902840912970413 64.80904205442886 35.92081223851187 -999.0 16600.0 -999.0 2 145 {-999.0 -999.0 -999.0 -999.0 -999.0} "" -999.0 -999.0 -999.0 -999.0 -999 -999 "" "" "" "" 0 0 0.0 0.0 -999 ""
FIBERMAP 736 R+11C12 BOSS 1 1 0 1 0 0 63.51899160555271 209.14118736140534 143.1 -213.37325350640134 47.35122969305386 214.30522 100.87393 174.80820678483732 -7.751053746030136 0.19736683 0.97554684 -0.617674 174.8082062315494 -7.751037684170587 174.80560286436491 -7.904580686115793 64.81132295230508 35.91985355681578 5400.0 5400.0 2016.0 1 148 {-999.0 20.690372 20.405111 20.143135 19.927523} sdss_psfmag_from_gaiadr2 20.617914 20.458538 19.723505 -999.0 63050395164326970 1130008326 dark_flexible_3x1 bhm_gua_dark_d3 bhm_filler science 0 0 0.0 0.0 -999 ""
FIBERMAP 736 R+11C12 METROLOGY 0 0 0 1 0 0 64.24340512994046 209.33796984584384 143.1 -213.62479951115986 48.058457267422575 214.30522 100.87393 -999.0 -999.0 -999.0 -999.0 -999.0 174.80739944809267 -7.748913429081613 174.80481137039033 -7.902432102209702 64.80989101266621 35.91566331113427 -999.0 6231.0 -999.0 -1 -999 {-999.0 -999.0 -999.0 -999.0 -999.0} "" -999.0 -999.0 -999.0 -999.0 -999 -999 "" "" "" "" 0 0 0.0 0.0 -999 ""
FIBERMAP 738 R-6C11 APOGEE 0 0 0 1 0 0 -10.764174915975389 -116.96442708032745 143.1 117.43953910283419 -1.7957026161892065 163.10957 135.439 -999.0 -999.0 -999.0 -999.0 -999.0 175.82015222190043 -7.900073489140492 175.8178025646722 -8.053772556810175 64.40492902430955 38.08507588679987 -999.0 16600.0 -999.0 2 -999 {-999.0 -999.0 -999.0 -999.0 -999.0} "" -999.0 -999.0 -999.0 -999.0 -999 -999 "" "" "" "" 0 0 0.0 0.0 -999 ""
FIBERMAP 738 R-6C11 BOSS 1 1 0 1 0 0 -11.139175250432533 -116.30794979288257 143.1 116.81366253261376 -2.2197467001492233 163.10957 135.439 175.81835653178632 -7.901278745608394 0.39755055 0.11477549 -0.89074165 175.81835750916804 -7.901277392848908 175.81595068649654 -8.055061952666193 64.40700919019797 38.08314249050551 5400.0 5400.0 2016.0 1 389 {-999.0 20.345848 20.158127 20.112558 20.096043} sdss_psfmag_from_lsdr10 20.51801 20.126734 19.720291 -999.0 63050395164330050 1131658743 dark_flexible_3x1 bhm_spiders_agn_lsdr10_d3 bhm_spiders science 0 0 0.0 0.0 -999 ""
FIBERMAP 738 R-6C11 METROLOGY 0 0 0 1 0 0 -10.384062018041417 -116.32021251853895 143.1 116.76819543624109 -1.4659387587390316 163.10957 135.439 -999.0 -999.0 -999.0 -999.0 -999.0 175.81821190257145 -7.899014226898717 175.81582151503267 -8.052774717685688 64.40516077432378 38.080010001706626 -999.0 6231.0 -999.0 -1 -999 {-999.0 -999.0 -999.0 -999.0 -999.0} "" -999.0 -999.0 -999.0 -999.0 -999 -999 "" "" "" "" 0 0 0.0 0.0 -999 ""
FIBERMAP 740 R-10C6 APOGEE 0 0 0 1 0 0 -63.89045059964211 -205.00583369287534 143.1 209.27856004311948 -48.037541816576265 273.7579 130.60626 -999.0 -999.0 -999.0 -999.0 -999.0 176.10053437749576 -8.039710797420778 176.0982239529659 -8.193453340154447 64.36919710482668 38.79920033615247 -999.0 16600.0 -999.0 2 -999 {-999.0 -999.0 -999.0 -999.0 -999.0} "" -999.0 -999.0 -999.0 -999.0 -999 -999 "" "" "" "" 0 0 0.0 0.0 -999 ""
FIBERMAP 740 R-10C6 BOSS 1 1 0 1 0 0 -64.47174759930715 -205.5074974982197 143.1 209.8231474390539 -48.57878378495591 273.7579 130.60626 176.10246576326972 -8.041184586777659 -62.642292 -29.369013 2.0730684 176.10229600292695 -8.041269438207376 176.0999281658154 -8.195097795158704 64.36963267518254 38.80455241963102 5400.0 5400.0 2016.0 1 384 {-999.0 18.657793 17.290583 16.67755 -999.0} sdss_psfmag_ps1 18.079655 17.14183 16.182821 14.311 63050395164330109 1136357185 dark_flexible_3x1 mwm_halo_local_high_boss_triple mwm_halo science 0 0 0.0 0.0 -999 ""
FIBERMAP 740 R-10C6 METROLOGY 0 0 0 1 0 0 -64.61092569328761 -204.80480171474102 143.1 209.13317193179077 -48.77123713306625 273.7579 130.60626 -999.0 -999.0 -999.0 -999.0 -999.0 176.10021257457188 -8.041890134900642 176.09786043167185 -8.19569363623292 64.37126196253547 38.80137489017966 -999.0 6231.0 -999.0 -1 -999 {-999.0 -999.0 -999.0 -999.0 -999.0} "" -999.0 -999.0 -999.0 -999.0 -999 -999 "" "" "" "" 0 0 0.0 0.0 -999 ""
FIBERMAP 745 R+1C8 APOGEE 0 0 0 1 0 0 -103.43471095098025 20.81497046134599 143.1 -12.850373403310538 -104.71791515758689 53.448948 56.383194 -999.0 -999.0 -999.0 -999.0 -999.0 175.42103292310745 -8.212700209780332 175.41852046631186 -8.36624946652831 64.88185613836386 37.705962871737995 -999.0 16600.0 -999.0 2 -999 {-999.0 -999.0 -999.0 -999.0 -999.0} "" -999.0 -999.0 -999.0 -999.0 -999 -999 "" "" "" "" 0 0 0.0 0.0 -999 ""
FIBERMAP 745 R+1C8 BOSS 1 1 0 1 0 0 -103.17022974084188 20.141406874075688 143.1 -12.199017203911346 -104.4027565704226 53.448948 56.383194 175.42310426693626 -8.211704255940822 -999.0 -999.0 -999.0 175.42307808265446 -8.211717584718409 175.42051142121 -8.365352097057695 64.8800363251773 37.70872372434502 5400.0 5400.0 2016.0 1 47 {-999.0 19.203165 18.340092 17.88711 17.54957} sdss_fiber2mag_from_lsdr10 nan nan nan -999.0 63050396875875440 1058911155 dark_flexible_2x1 bhm_spiders_agn_lsdr10 bhm_spiders science 0 0 0.0 0.0 -999 ""
FIBERMAP 745 R+1C8 METROLOGY 0 0 0 1 0 0 -103.90759132702877 20.235416868703947 143.1 -12.236410929519165 -105.14511136675904 53.448948 56.383194 -999.0 -999.0 -999.0 -999.0 -999.0 175.42294728628852 -8.214002190910211 175.42039565462176 -8.367612330921185 64.88199966994746 37.71137539894016 -999.0 6231.0 -999.0 -1 -999 {-999.0 -999.0 -999.0 -999.0 -999.0} "" -999.0 -999.0 -999.0 -999.0 -999 -999 "" "" "" "" 0 0 0.0 0.0 -999 ""
FIBERMAP 746 R-9C7 APOGEE 0 0 0 1 0 0 -35.85896171602727 -174.01250120216213 143.1 176.23554996491993 -22.457292525831914 53.70223 52.317093 -999.0 -999.0 -999.0 -999.0 -999.0 175.9998070933758 -7.962461519090195 175.99748742161296 -8.11619319774121 64.3597874242834 38.508442981677376 -999.0 16600.0 -999.0 2 187 {-999.0 -999.0 -999.0 -999.0 -999.0} "" -999.0 -999.0 -999.0 -999.0 -999 -999 "" "" "" "" 0 0 0.0 0.0 -999 ""
FIBERMAP 746 R-9C7 BOSS 1 1 0 1 0 0 -35.630902004689354 -174.74990171437943 143.1 176.95333626959447 -22.17356991441349 53.70223 52.317093 176.00215379374305 -7.961508218313991 -5.04187 -3.4998486 0.21126051 176.00211520327233 -7.96151886031609 175.99973907866922 -8.115337184149663 64.35784649036833 38.511657070570436 5400.0 5400.0 2016.0 1 383 {-999.0 17.91711 17.48498 17.329866 -999.0} sdss_psfmag_ps1 17.83723 17.512722 17.010838 16.413 63050395164330242 944484646 bright_1x1 openfibertargets_nov2020_6c open_fiber science 0 0 0.0 0.0 -999 ""
FIBERMAP 746 R-9C7 METROLOGY 0 0 0 1 0 0 -36.36362625108481 -174.56085371952454 143.1 176.82083243672358 -22.91856239132636 53.70223 52.317093 -999.0 -999.0 -999.0 -999.0 -999.0 176.00172021156072 -7.963805361606969 175.99935975711855 -8.117598859023435 64.35994185245812 38.513807132289514 -999.0 6231.0 -999.0 -1 -999 {-999.0 -999.0 -999.0 -999.0 -999.0} "" -999.0 -999.0 -999.0 -999.0 -999 -999 "" "" "" "" 0 0 0.0 0.0 -999 ""
FIBERMAP 749 R-2C15 APOGEE 1 1 0 1 0 0 49.941747710624036 -29.312763109825866 143.1 25.40999079973639 52.03305453822869 43.11667 135.20724 175.53817629271842 -7.736672562845619 9.752163 -48.518936 2.9433239 175.53819562192942 -7.73684927486919 175.53581490809427 -7.8905048603845955 64.41836103458193 37.33673605372735 16000.0 16600.0 2016.0 2 227 {-999.0 9.861128 9.7198 9.710628 -999.0} sdss_psfmag_from_g3xp 9.881596 9.705194 9.391829 8.995 63050395164331444 974986618 "" ops_std_apogee ops_std standard_apogee 0 0 0.0 0.0 -999 ""
FIBERMAP 749 R-2C15 BOSS 0 0 0 1 0 0 50.688110345546086 -29.34204215397194 143.1 25.382158071779394 52.779437974797624 43.11667 135.20724 -999.0 -999.0 -999.0 -999.0 -999.0 175.53818043128175 -7.734464160487696 175.53574474126515 -7.888206825827117 64.41645736470585 37.33375067478329 -999.0 5400.0 -999.0 1 327 {-999.0 -999.0 -999.0 -999.0 -999.0} "" -999.0 -999.0 -999.0 -999.0 -999 -999 "" "" "" "" 0 0 0.0 0.0 -999 ""
FIBERMAP 749 R-2C15 METROLOGY 0 0 0 1 0 0 50.31193457789616 -29.96243012812213 143.1 26.029445089471288 52.45177911851049 43.11667 135.20724 -999.0 -999.0 -999.0 -999.0 -999.0 175.54015122324492 -7.735478454334032 175.5377314818203 -7.889196883805812 64.4162398407774 37.33882719749727 -999.0 6231.0 -999.0 -1 -999 {-999.0 -999.0 -999.0 -999.0 -999.0} "" -999.0 -999.0 -999.0 -999.0 -999 -999 "" "" "" "" 0 0 0.0 0.0 -999 ""
FIBERMAP 750 R+11C10 APOGEE 0 0 0 1 0 0 51.472009202904744 207.7453973378618 143.1 -211.06117463008187 35.44666265453572 23.823149 68.243256 -999.0 -999.0 -999.0 -999.0 -999.0 174.81514136784224 -7.787182004129401 174.81258333010328 -7.940634925577518 64.83857237702556 35.97768436481971 -999.0 16600.0 -999.0 2 127 {-999.0 -999.0 -999.0 -999.0 -999.0} "" -999.0 -999.0 -999.0 -999.0 -999 -999 "" "" "" "" 0 0 0.0 0.0 -999 ""
FIBERMAP 750 R+11C10 BOSS 1 1 0 1 0 0 51.45895791528369 207.0092356534167 143.1 -210.3262017135092 35.48989556297726 23.823149 68.243256 174.81744920034544 -7.786953138397105 -17.677921 -4.7886496 0.5957925 174.81738158796716 -7.78695775689034 174.814771366346 -7.940497462255072 64.83733073044868 35.98187409514014 5400.0 5400.0 2016.0 1 114 {-999.0 17.874794 17.3492 17.144125 -999.0} sdss_psfmag_ps1 17.777027 17.389498 16.843622 15.716 63050395164326939 944484572 bright_1x1 openfibertargets_nov2020_6c open_fiber science 0 0 0.0 0.0 -999 ""
FIBERMAP 750 R+11C10 METROLOGY 0 0 0 1 0 0 50.8240082312443 207.33779683582966 143.1 -210.60527480188716 34.83172800270689 23.823149 68.243256 -999.0 -999.0 -999.0 -999.0 -999.0 174.81648194328298 -7.7889699372545715 174.81388596693728 -7.94248465479962 64.83948452432253 35.98253547602968 -999.0 6231.0 -999.0 -1 -999 {-999.0 -999.0 -999.0 -999.0 -999.0} "" -999.0 -999.0 -999.0 -999.0 -999 -999 "" "" "" "" 0 0 0.0 0.0 -999 ""
FIBERMAP 752 R-8C5 APOGEE 0 0 0 1 0 0 -113.62287214858911 -164.12059805730962 143.1 172.31446634769833 -100.74607093625443 215.199 152.36899 -999.0 -999.0 -999.0 -999.0 -999.0 175.98790747774697 -8.199649473147035 175.9855388505939 -8.353340244307438 64.56408162419103 38.78912952639132 -999.0 16600.0 -999.0 2 285 {-999.0 -999.0 -999.0 -999.0 -999.0} "" -999.0 -999.0 -999.0 -999.0 -999 -999 "" "" "" "" 0 0 0.0 0.0 -999 ""
FIBERMAP 752 R-8C5 BOSS 1 1 0 1 0 0 -114.3542251031936 -164.26315766597128 143.1 172.51248068209622 -101.46436016092149 215.199 152.36899 175.98861694335938 -8.20176971514249 -999.0 -999.0 -999.0 175.98861540868666 -8.20176394030596 175.98618947502496 -8.355539443845966 64.5655564499613 38.79321292952966 5400.0 5400.0 2015.5 1 468 {-999.0 -999.0 -999.0 -999.0 -999.0} "" -999.0 -999.0 -999.0 -999.0 27021603139068443 820037175 "" ops_sky_boss_good ops_sky sky_boss 0 0 0.0 0.0 -999 ""
FIBERMAP 752 R-8C5 METROLOGY 0 0 0 1 0 0 -114.09579684005057 -163.54580300449825 143.1 171.77751124621938 -101.26150778277888 215.199 152.36899 -999.0 -999.0 -999.0 -999.0 -999.0 175.98638227767304 -8.20119654102798 175.98397207953747 -8.354947552828355 64.56627836985413 38.7881961364842 -999.0 6231.0 -999.0 -1 -999 {-999.0 -999.0 -999.0 -999.0 -999.0} "" -999.0 -999.0 -999.0 -999.0 -999 -999 "" "" "" "" 0 0 0.0 0.0 -999 ""
FIBERMAP 754 R+8C15 APOGEE 0 0 0 1 0 0 103.08167724345842 162.26065141116382 143.1 -169.65465676564003 90.37828342174058 128.406 130.72784 -999.0 -999.0 -999.0 -999.0 -999.0 174.941617170347 -7.620805016545531 174.93912870634506 -7.774320307866918 64.63135277465199 36.02655273909568 -999.0 16600.0 -999.0 2 78 {-999.0 -999.0 -999.0 -999.0 -999.0} "" -999.0 -999.0 -999.0 -999.0 -999 -999 "" "" "" "" 0 0 0.0 0.0 -999 ""
FIBERMAP 754 R+8C15 BOSS 1 1 0 1 0 0 103.23850230686418 162.97731126238335 143.1 -170.38117059877752 90.47988738333625 128.406 130.72784 174.93942260742188 -7.620385440162025 -999.0 -999.0 -999.0 174.93940579677354 -7.620384985343978 174.93686368514682 -7.773986621077464 64.63223247932306 36.02167126009283 5400.0 5400.0 2015.5 1 238 {-999.0 -999.0 -999.0 -999.0 -999.0} "" -999.0 -999.0 -999.0 -999.0 27021603139073482 811638911 "" ops_sky_boss_good ops_sky sky_boss 0 0 0.0 0.0 -999 ""
FIBERMAP 754 R+8C15 METROLOGY 0 0 0 1 0 0 103.79690750591712 162.4844682333707 143.1 -169.9324551985478 91.07428948048545 128.406 130.72784 -999.0 -999.0 -999.0 -999.0 -999.0 174.94073970429864 -7.618596321228519 174.93821341225953 -7.772173998316318 64.62998901276877 36.02214327354784 -999.0 6231.0 -999.0 -1 -999 {-999.0 -999.0 -999.0 -999.0 -999.0} "" -999.0 -999.0 -999.0 -999.0 -999 -999 "" "" "" "" 0 0 0.0 0.0 -999 ""
FIBERMAP 755 R-9C15 APOGEE 0 0 0 1 0 0 110.9097089630468 -189.37753817941473 143.1 180.341299905717 125.04951311913025 273.29245 64.95748 -999.0 -999.0 -999.0 -999.0 -999.0 176.0111482945264 -7.515673537124389 176.00891735722985 -7.669480121046734 63.97947550531195 37.9699625419002 -999.0 16600.0 -999.0 2 -999 {-999.0 -999.0 -999.0 -999.0 -999.0} "" -999.0 -999.0 -999.0 -999.0 -999 -999 "" "" "" "" 0 0 0.0 0.0 -999 ""
FIBERMAP 755 R-9C15 BOSS 1 1 0 1 0 0 110.19625213481005 -189.07571933851588 143.1 180.09488798365268 124.31511474374074 273.29245 64.95748 176.01046354383772 -7.517678285301482 14.370518 -37.923683 1.0663148 176.01050197835895 -7.51777941601906 176.00821316514498 -7.671673398162254 63.981696304880245 37.97134082692702 5400.0 5400.0 2016.0 1 329 {-999.0 18.30363 17.138304 16.746449 -999.0} sdss_psfmag_ps1 17.900393 17.201603 16.379135 14.704 63050395164332231 1136357210 dark_flexible_3x1 mwm_halo_local_high_boss_triple mwm_halo science 0 0 0.0 0.0 -999 ""
FIBERMAP 755 R-9C15 METROLOGY 0 0 0 1 0 0 110.79486289847429 -188.63841126321677 143.1 179.61314238718816 124.87853607808383 273.29245 64.95748 -999.0 -999.0 -999.0 -999.0 -999.0 176.00904027649295 -7.516080331810615 176.00676772502754 -7.66994934557317 63.981026081647904 37.96646470064661 -999.0 6231.0 -999.0 -1 -999 {-999.0 -999.0 -999.0 -999.0 -999.0} "" -999.0 -999.0 -999.0 -999.0 -999 -999 "" "" "" "" 0 0 0.0 0.0 -999 ""
FIBERMAP 764 R-10C8 APOGEE 0 0 0 1 0 0 -12.106226873705067 -195.17855170815739 143.1 195.52395499289167 2.8420753203011184 328.8554 139.56242 -999.0 -999.0 -999.0 -999.0 -999.0 176.05848160356618 -7.885679862830576 176.05619047792402 -8.03943755346683 64.26371730138008 38.5230270956107 -999.0 16600.0 -999.0 2 -999 {-999.0 -999.0 -999.0 -999.0 -999.0} "" -999.0 -999.0 -999.0 -999.0 -999 -999 "" "" "" "" 0 0 0.0 0.0 -999 ""
FIBERMAP 764 R-10C8 BOSS 1 1 0 1 0 0 -11.854537722721206 -195.92398679329966 143.1 196.24794663738766 3.149971077619418 328.8554 139.56242 176.0608216500015 -7.88465709322461 -0.64281964 0.52810967 -1.1112572 176.06079945722522 -7.8846560011189375 176.05845164271022 -8.038500711974006 64.26170333742789 38.52614615012669 5400.0 5400.0 2016.0 1 405 {-999.0 20.730309 20.01458 19.632574 19.416399} sdss_fiber2mag_from_lsdr10 19.979982 20.249487 18.730864 -999.0 63050395164330263 1131658746 dark_flexible_3x1 bhm_spiders_agn_lsdr10_d3 bhm_spiders science 0 0 0.0 0.0 -999 ""
FIBERMAP 764 R-10C8 METROLOGY 0 0 0 1 0 0 -12.595049092341833 -195.74472399232815 143.1 196.12579390723408 2.397962224864598 328.8554 139.56242 -999.0 -999.0 -999.0 -999.0 -999.0 176.0604426367299 -7.886959555690503 176.05811057483322 -8.040779343013638 64.26379198315705 38.528383317528835 -999.0 6231.0 -999.0 -1 -999 {-999.0 -999.0 -999.0 -999.0 -999.0} "" -999.0 -999.0 -999.0 -999.0 -999 -999 "" "" "" "" 0 0 0.0 0.0 -999 ""
FIBERMAP 767 R+3C3 APOGEE 0 0 0 1 0 0 -216.72508831704494 68.95473757783346 143.1 -52.19139720456378 -221.34994592968195 95.124374 131.31036 -999.0 -999.0 -999.0 -999.0 -999.0 175.30071614514904 -8.565075095099449 175.29809342764509 -8.718536917845462 65.24244136376298 37.92161714127752 -999.0 16600.0 -999.0 2 36 {-999.0 -999.0 -999.0 -999.0 -999.0} "" -999.0 -999.0 -999.0 -999.0 -999 -999 "" "" "" "" 0 0 0.0 0.0 -999 ""
FIBERMAP 767 R+3C3 BOSS 1 1 0 1 0 0 -216.22522334413537 69.48513846256385 143.1 -52.75841464463227 -220.8920898043627 95.124374 131.31036 175.2990047338148 -8.563627372690618 0.67941105 0.3801981 -0.9826259 175.29902426674377 -8.563648653958216 175.29634703771342 -8.717193249422563 65.24225217515094 37.91641316469628 5400.0 5400.0 2016.0 1 60 {-999.0 17.89246 17.155838 16.907143 -999.0} sdss_psfmag_ps1 17.508314 18.850105 16.32043 14.631 63050395164319496 944484596 bright_1x1 openfibertargets_nov2020_6c open_fiber science 0 0 0.0 0.0 -999 ""
FIBERMAP 767 R+3C3 METROLOGY 0 0 0 1 0 0 -215.99816850829802 68.7842531421174 143.1 -52.07695832857815 -220.61215897864807 95.124374 131.31036 -999.0 -999.0 -999.0 -999.0 -999.0 175.30108536370176 -8.56286779830836 175.29842426877235 -8.716389543787033 65.24046132833763 37.91948461022122 -999.0 6231.0 -999.0 -1 -999 {-999.0 -999.0 -999.0 -999.0 -999.0} "" -999.0 -999.0 -999.0 -999.0 -999 -999 "" "" "" "" 0 0 0.0 0.0 -999 ""
FIBERMAP 768 R+6C11 APOGEE 0 0 0 1 0 0 -4.488273919420716 97.10965856228508 143.1 -96.47838386087433 -11.89447925957966 305.00443 58.629616 -999.0 -999.0 -999.0 -999.0 -999.0 175.16471010238013 -7.93094614442706 175.16219924710242 -8.084472862811516 64.77958033264613 36.84750484884967 -999.0 16600.0 -999.0 2 -999 {-999.0 -999.0 -999.0 -999.0 -999.0} "" -999.0 -999.0 -999.0 -999.0 -999 -999 "" "" "" "" 0 0 0.0 0.0 -999 ""
FIBERMAP 768 R+6C11 BOSS 1 1 0 1 0 0 -5.265303201409765 97.07389392593154 143.1 -96.3833575470848 -12.6664687078929 305.00443 58.629616 175.164987787425 -7.933223575883508 1.4220649 0.83357435 1.2407138 175.1649992809942 -7.933210943768541 175.16243393872924 -8.086823024221458 64.78145061775128 36.85088906834926 5400.0 5400.0 2016.0 1 142 {-999.0 20.718094 20.441807 20.18947 19.982445} sdss_psfmag_from_gaiadr2 20.617592 20.489937 19.743988 -999.0 63050395164322053 1130008232 dark_flexible_3x1 bhm_gua_dark_d3 bhm_filler science 0 0 0.0 0.0 -999 ""
FIBERMAP 768 R+6C11 METROLOGY 0 0 0 1 0 0 -4.90851885108975 97.72844157288135 143.1 -97.06322122986064 -12.360753612501039 305.00443 58.629616 -999.0 -999.0 -999.0 -999.0 -999.0 175.16289354210437 -7.932307052683339 175.16034322755274 -8.085894441085065 64.78175942746725 36.845613990199354 -999.0 6231.0 -999.0 -1 -999 {-999.0 -999.0 -999.0 -999.0 -999.0} "" -999.0 -999.0 -999.0 -999.0 -999 -999 "" "" "" "" 0 0 0.0 0.0 -999 ""
FIBERMAP 769 R-5C12 APOGEE 0 0 0 1 0 0 14.46093885081314 -106.85900823565329 143.1 105.43683610840024 22.58241762365475 262.42804 140.0085 -999.0 -999.0 -999.0 -999.0 -999.0 175.78334870369417 -7.826127818383935 175.78100547611336 -7.979829888108303 64.36268475719748 37.92134885615479 -999.0 16600.0 -999.0 2 161 {-999.0 -999.0 -999.0 -999.0 -999.0} "" -999.0 -999.0 -999.0 -999.0 -999 -999 "" "" "" "" 0 0 0.0 0.0 -999 ""
FIBERMAP 769 R-5C12 BOSS 1 1 0 1 0 0 13.888921307023406 -107.33992264992408 143.1 105.96002674148198 22.048842227765206 262.42804 140.0085 175.78506947166176 -7.827664281673425 -999.0 -999.0 -999.0 175.78506575047854 -7.827647414666368 175.78266621566706 -7.98143607840206 64.36314121058581 37.92655625995167 5400.0 5400.0 2016.0 1 390 {-999.0 23.016895 22.671696 22.066801 21.601803} sdss_fiber2mag_from_lsdr10 nan nan nan -999.0 63050398306069655 1131660780 dark_flexible_3x1 bhm_spiders_agn_lsdr10_d3 bhm_spiders science 0 0 0.0 0.0 -999 ""
FIBERMAP 769 R-5C12 METROLOGY 0 0 0 1 0 0 13.757589442228419 -106.61916464740128 143.1 105.25144316795155 21.862831790990302 262.42804 140.0085 -999.0 -999.0 -999.0 -999.0 -999.0 175.78289282631295 -7.828235960273846 175.78050865746627 -7.9819995074252965 64.36477408375899 37.923115200681025 -999.0 6231.0 -999.0 -1 -999 {-999.0 -999.0 -999.0 -999.0 -999.0} "" -999.0 -999.0 -999.0 -999.0 -999 -999 "" "" "" "" 0 0 0.0 0.0 -999 ""
FIBERMAP 770 R-13C4 APOGEE 0 0 0 1 0 0 -86.77772361428562 -270.4225503627969 143.1 276.24970176794534 -65.85877799590638 295.37607 55.925293 -999.0 -999.0 -999.0 -999.0 -999.0 176.30378620470069 -8.09286667059408 176.3015150283419 -8.246646335579923 64.3014561159534 39.25355472089507 -999.0 16600.0 -999.0 2 261 {-999.0 -999.0 -999.0 -999.0 -999.0} "" -999.0 -999.0 -999.0 -999.0 -999 -999 "" "" "" "" 0 0 0.0 0.0 -999 ""
FIBERMAP 770 R-13C4 BOSS 1 1 0 1 0 0 -87.469039959451 -270.2886456184109 143.1 276.16901373009307 -66.55827238104577 295.37607 55.925293 176.30358212494522 -8.094876285745983 -87.579285 -2.3092613 1.5331988 176.303574925171 -8.094889254109107 176.30124504307548 -8.24875408372496 64.3033530043863 39.255761667206116 5400.0 5400.0 2016.0 1 355 {-999.0 16.985613 16.044933 15.628381 -999.0} sdss_psfmag_ps1 16.62516 15.9882345 15.229206 13.639 63050395164251799 1136356892 dark_flexible_3x1 mwm_halo_local_high_boss_triple mwm_halo science 0 0 0.8584653735160828 0.0 -999 ""
FIBERMAP 770 R-13C4 METROLOGY 0 0 0 1 0 0 -87.06466840782359 -269.7209650300848 143.1 275.5721233297743 -66.19847442757536 295.37607 55.925293 -999.0 -999.0 -999.0 -999.0 -999.0 176.30180968676962 -8.09384808562491 176.2994960875942 -8.247688456090877 64.30343725513762 39.25107803256003 -999.0 6231.0 -999.0 -1 -999 {-999.0 -999.0 -999.0 -999.0 -999.0} "" -999.0 -999.0 -999.0 -999.0 -999 -999 "" "" "" "" 0 0 0.0 0.0 -999 ""
FIBERMAP 771 R-13C5 APOGEE 0 0 0 1 0 0 -37.8258573409256 -257.7924237246369 143.1 259.9169771940211 -18.017255574711083 26.845594 66.47381 -999.0 -999.0 -999.0 -999.0 -999.0 176.25420884077536 -7.948415963894321 176.25195191410455 -8.102207939314695 64.20887453113966 38.974444764721284 -999.0 16600.0 -999.0 2 262 {-999.0 -999.0 -999.0 -999.0 -999.0} "" -999.0 -999.0 -999.0 -999.0 -999 -999 "" "" "" "" 0 0 0.0 0.0 -999 ""
FIBERMAP 771 R-13C5 BOSS 1 1 0 1 0 0 -37.78050915762688 -258.55146278166353 143.1 260.6702976189485 -17.914048689948892 26.845594 66.47381 176.25652231433213 -7.94801624385589 -0.055665992 0.032970387 0.094021834 176.25655367566742 -7.94801177887626 176.25423922424568 -8.101890490500919 64.20735245036283 38.97836666394841 5400.0 5400.0 2016.0 1 356 {-999.0 18.219955 18.104647 17.899178 17.701775} sdss_psfmag_from_lsdr10 18.192768 18.072502 17.64667 -999.0 63050395164330180 1058913436 dark_flexible_2x1 bhm_spiders_agn_lsdr10 bhm_spiders science 0 0 0.0 0.0 -999 ""
FIBERMAP 771 R-13C5 METROLOGY 0 0 0 1 0 0 -38.45972423905703 -258.20816795715257 143.1 260.3799166761264 -18.617475911497632 26.845594 66.47381 -999.0 -999.0 -999.0 -999.0 -999.0 176.2557094296657 -7.9501695345512156 176.25341086949356 -8.104023289147689 64.20958138714622 38.97952318415753 -999.0 6231.0 -999.0 -1 -999 {-999.0 -999.0 -999.0 -999.0 -999.0} "" -999.0 -999.0 -999.0 -999.0 -999 -999 "" "" "" "" 0 0 0.0 0.0 -999 ""
FIBERMAP 773 R+3C12 APOGEE 0 0 0 1 0 0 -20.879242320844348 55.69829473575106 143.1 -53.93765569071437 -25.072797388222618 165.8936 142.3632 -999.0 -999.0 -999.0 -999.0 -999.0 175.2950142631293 -7.971011247510199 175.2925251972647 -8.124566286400686 64.74495062783228 37.15380092481456 -999.0 16600.0 -999.0 2 131 {-999.0 -999.0 -999.0 -999.0 -999.0} "" -999.0 -999.0 -999.0 -999.0 -999 -999 "" "" "" "" 0 0 0.0 0.0 -999 ""
FIBERMAP 773 R+3C12 BOSS 1 1 0 1 0 0 -21.34438647133305 56.292642289061384 143.1 -54.494699695904025 -25.58197067951933 165.8936 142.3632 175.29293382383108 -7.972458601677234 -14.721788 -10.841237 2.6179461 175.29332731829288 -7.9724869393944555 175.2907830131178 -8.1261268376926 64.74719066501325 37.15233314630996 5400.0 5400.0 2016.0 1 119 {-999.0 14.377078 13.731296 13.487105 -999.0} sdss_psfmag_from_g3xp 14.209845 13.757823 13.139962 11.913 63050395164321744 1077939883 bright_flexible_2x1 mwm_snc_ext_main_boss mwm_snc science 0 0 1.492762565612793 0.0 -999 ""
FIBERMAP 773 R+3C12 METROLOGY 0 0 0 1 0 0 -20.608430825848043 56.395546018269755 143.1 -54.65352756609056 -24.856062576989036 165.8936 142.3632 -999.0 -999.0 -999.0 -999.0 -999.0 175.29282028824795 -7.9703087706127755 175.29029180249643 -8.123924649288886 64.74558741897087 37.14861537463145 -999.0 6231.0 -999.0 -1 -999 {-999.0 -999.0 -999.0 -999.0 -999.0} "" -999.0 -999.0 -999.0 -999.0 -999 -999 "" "" "" "" 0 0 0.0 0.0 -999 ""
FIBERMAP 774 R-6C6 APOGEE 0 0 0 1 0 0 -121.21819295551178 -98.680717273196 143.1 107.64921081705941 -113.31868440516955 167.70177 55.5264 -999.0 -999.0 -999.0 -999.0 -999.0 175.79030004249404 -8.238309762352564 175.78787446600825 -8.391947304938421 64.70417710318476 38.458132136087556 -999.0 16600.0 -999.0 2 -999 {-999.0 -999.0 -999.0 -999.0 -999.0} "" -999.0 -999.0 -999.0 -999.0 -999 -999 "" "" "" "" 0 0 0.0 0.0 -999 ""
FIBERMAP 774 R-6C6 BOSS 1 1 0 1 0 0 -120.6500906484347 -98.15407410453888 143.1 107.08072635341556 -112.79250646410888 167.70177 55.5264 175.78870339348086 -8.236592379170364 -20.161438 -24.66862 0.52146673 175.78866330190164 -8.236683835368982 175.7861813421082 -8.390405892082063 64.70381030011175 38.45287450295069 5400.0 5400.0 2016.0 1 483 {-999.0 16.750803 16.308207 16.143484 -999.0} sdss_psfmag_ps1 16.618452 16.309 15.829991 14.877 63050395164329305 1136357139 dark_flexible_3x1 mwm_halo_local_high_boss_triple mwm_halo science 0 0 0.0 0.0 -999 ""
FIBERMAP 774 R-6C6 METROLOGY 0 0 0 1 0 0 -120.49967111517041 -98.88862249619089 143.1 107.80160099975289 -112.58641140104217 167.70177 55.5264 -999.0 -999.0 -999.0 -999.0 -999.0 175.79086645117107 -8.236091254222782 175.7884011140253 -8.389789953103168 64.70208858167254 38.456375097324496 -999.0 6231.0 -999.0 -1 -999 {-999.0 -999.0 -999.0 -999.0 -999.0} "" -999.0 -999.0 -999.0 -999.0 -999 -999 "" "" "" "" 0 0 0.0 0.0 -999 ""
FIBERMAP 775 R-7C2 APOGEE 0 0 0 1 0 0 -186.68492866250364 -128.35646619135642 143.1 142.2387393254665 -176.32368974563306 8.740957 158.5419 -999.0 -999.0 -999.0 -999.0 -999.0 175.89584770764583 -8.428407578983133 175.89341061808113 -8.582040045637294 64.80492518913742 38.908412838567756 -999.0 16600.0 -999.0 2 -999 {-999.0 -999.0 -999.0 -999.0 -999.0} "" -999.0 -999.0 -999.0 -999.0 -999 -999 "" "" "" "" 0 0 0.0 0.0 -999 ""
FIBERMAP 775 R-7C2 BOSS 1 1 0 1 0 0 -185.97752036703662 -128.4810705647127 143.1 142.30892512471075 -175.6088617754143 8.740957 158.5419 175.89615755559169 -8.426192774797494 -999.0 -999.0 -999.0 175.89614733226702 -8.42619680149781 175.89365409547588 -8.579913580415848 64.80302319902337 38.90610862188231 5400.0 5400.0 2016.0 1 455 {-999.0 21.667124 21.507723 21.037794 20.637835} sdss_psfmag_from_lsdr10 nan nan nan -999.0 63050398306137168 1131654723 dark_flexible_3x1 bhm_spiders_agn_lsdr10_d3 bhm_spiders science 0 0 0.0 0.0 -999 ""
FIBERMAP 775 R-7C2 METROLOGY 0 0 0 1 0 0 -186.45334198472142 -129.06770864472227 143.1 142.93017577103527 -176.0384492118824 8.740957 158.5419 -999.0 -999.0 -999.0 -999.0 -999.0 175.89804862974606 -8.427535858327293 175.89557167167186 -8.581229098364439 64.80306387750683 38.91152851496253 -999.0 6231.0 -999.0 -1 -999 {-999.0 -999.0 -999.0 -999.0 -999.0} "" -999.0 -999.0 -999.0 -999.0 -999 -999 "" "" "" "" 0 0 0.0 0.0 -999 ""
FIBERMAP 777 R+4C22 APOGEE 0 0 0 1 0 0 234.93288852072672 82.75258898931651 143.1 -100.45659714414013 227.91268653917635 16.976751 125.724174 -999.0 -999.0 -999.0 -999.0 -999.0 175.15383766048632 -7.205194328348229 175.15149289534202 -7.358835132209159 64.16692248036722 35.944766408783266 -999.0 16600.0 -999.0 2 -999 {-999.0 -999.0 -999.0 -999.0 -999.0} "" -999.0 -999.0 -999.0 -999.0 -999 -999 "" "" "" "" 0 0 0.0 0.0 -999 ""
FIBERMAP 777 R+4C22 BOSS 1 1 0 1 0 0 235.56348729477807 82.20541498272239 143.1 -99.9592279477839 228.58321892729964 16.976751 125.724174 175.15540278456226 -7.203063085796337 0.65952665 0.44888532 -0.113109216 175.15540607826938 -7.20306898658724 175.15300794456255 -7.356799384903926 64.16440291860717 35.945298699495766 5400.0 5400.0 2016.0 1 246 {-999.0 19.738132 19.491367 19.27083 19.092802} sdss_psfmag_from_gaiadr2 19.73374 19.522505 18.931631 -999.0 63050395164337871 1130008484 dark_flexible_3x1 bhm_gua_dark_d3 bhm_filler science 0 0 0.0 0.0 -999 ""
FIBERMAP 777 R+4C22 METROLOGY 0 0 0 1 0 0 234.8435952786798 82.00994174215212 143.1 -99.70933275901967 227.88039940419026 16.976751 125.724174 -999.0 -999.0 -999.0 -999.0 -999.0 175.15612741736527 -7.205165675883234 175.1537442971121 -7.358870750685173 64.16579718937206 35.9491929245566 -999.0 6231.0 -999.0 -1 -999 {-999.0 -999.0 -999.0 -999.0 -999.0} "" -999.0 -999.0 -999.0 -999.0 -999 -999 "" "" "" "" 0 0 0.0 0.0 -999 ""
FIBERMAP 778 R-4C7 APOGEE 0 0 0 1 0 0 -113.91311416285963 -92.8689637619139 143.1 101.29657982624737 -106.47933626906763 278.42545 100.35103 -999.0 -999.0 -999.0 -999.0 -999.0 175.77086574377455 -8.21764251686338 175.76843954141623 -8.371278652147986 64.69746951235562 38.39396697288515 -999.0 16600.0 -999.0 2 297 {-999.0 -999.0 -999.0 -999.0 -999.0} "" -999.0 -999.0 -999.0 -999.0 -999 -999 "" "" "" "" 0 0 0.0 0.0 -999 ""
FIBERMAP 778 R-4C7 BOSS 1 1 0 1 0 0 -114.64278922431501 -92.9902733616296 143.1 101.47327905360012 -107.19757616117855 278.42545 100.35103 175.7715341626408 -8.219806016353738 -5.1637945 -0.19251312 0.32373646 175.7715079696838 -8.21977993437473 175.76902524413072 -8.373500598115633 64.69900856792309 38.39795435474565 5400.0 5400.0 2016.0 1 488 {-999.0 16.50638 16.057564 16.04507 -999.0} sdss_psfmag_ps1 16.38227 16.082985 15.616718 14.804 63050395164329382 976147987 "" ops_std_boss ops_std standard_boss 0 0 0.0 0.0 -999 ""
FIBERMAP 778 R-4C7 METROLOGY 0 0 0 1 0 0 -114.39797769598795 -92.29549343607069 143.1 100.76185768925431 -107.00657529248134 278.42545 100.35103 -999.0 -999.0 -999.0 -999.0 -999.0 175.76932602430202 -8.219242513933846 175.7668588098395 -8.372938726851883 64.69971559282965 38.393040708316676 -999.0 6231.0 -999.0 -1 -999 {-999.0 -999.0 -999.0 -999.0 -999.0} "" -999.0 -999.0 -999.0 -999.0 -999 -999 "" "" "" "" 0 0 0.0 0.0 -999 ""
FIBERMAP 782 R-9C4 APOGEE 0 0 0 1 0 0 -110.02445586239413 -178.91464079092353 143.1 186.78964799495768 -96.02802075743612 347.93967 111.42928 -999.0 -999.0 -999.0 -999.0 -999.0 176.03205000563415 -8.185211578299537 176.02969510845048 -8.338914945001365 64.52786586710316 38.855153212323785 -999.0 16600.0 -999.0 2 -999 {-999.0 -999.0 -999.0 -999.0 -999.0} "" -999.0 -999.0 -999.0 -999.0 -999 -999 "" "" "" "" 0 0 0.0 0.0 -999 ""
FIBERMAP 782 R-9C4 BOSS 1 1 0 1 0 0 -109.89164844407856 -179.6285991687205 143.1 187.4913393966615 -95.84105866476912 347.93967 111.42928 176.03428079715658 -8.184575857998272 0.27215436 0.19717567 0.25541055 176.03429068361535 -8.184575391655592 176.03187921560675 -8.338364384573541 64.5262094268338 38.858624827547544 5400.0 5400.0 2016.0 1 466 {-999.0 20.13078 20.095814 20.00596 19.915142} sdss_psfmag_from_lsdr10 20.154284 20.041296 19.701843 -999.0 63050395164251168 1131656779 dark_flexible_3x1 bhm_spiders_agn_lsdr10_d3 bhm_spiders science 0 0 0.0 0.0 -999 ""
FIBERMAP 782 R-9C4 METROLOGY 0 0 0 1 0 0 -110.59827678631035 -179.39446134495603 143.1 187.31188580070287 -96.56347775347365 347.93967 111.42928 -999.0 -999.0 -999.0 -999.0 -999.0 176.0337542310872 -8.186801687167476 176.03135842683344 -8.340566101833414 64.52832735844092 38.860466597600464 -999.0 6231.0 -999.0 -1 -999 {-999.0 -999.0 -999.0 -999.0 -999.0} "" -999.0 -999.0 -999.0 -999.0 -999 -999 "" "" "" "" 0 0 0.0 0.0 -999 ""
FIBERMAP 783 R+5C15 APOGEE 0 0 0 1 0 0 96.55865671592088 102.15511037812493 143.1 -109.22920852128168 88.46691504338051 57.495705 66.91792 -999.0 -999.0 -999.0 -999.0 -999.0 175.12601549546457 -7.626462631430025 175.1235667853822 -7.780027792335286 64.54093836865977 36.396840191477054 -999.0 16600.0 -999.0 2 -999 {-999.0 -999.0 -999.0 -999.0 -999.0} "" -999.0 -999.0 -999.0 -999.0 -999 -999 "" "" "" "" 0 0 0.0 0.0 -999 ""
FIBERMAP 783 R+5C15 BOSS 1 1 0 1 0 0 96.99764833483815 101.44216539713948 143.1 -108.5519210987073 88.95907473628904 57.495705 66.91792 175.12785352498594 -7.624787033681674 5.097076 -14.117879 3.9668047 175.12809087344573 -7.624841311519876 175.1255890391086 -7.778494265528778 64.53858261376705 36.39894242687518 5400.0 5400.0 2016.0 1 221 {-999.0 17.889626 16.402737 15.635639 -999.0} sdss_psfmag_ps1 17.281988 16.18869 15.145273 13.184 63050395164336578 1077810426 bright_flexible_2x1 mwm_snc_ext_main_boss mwm_snc science 0 0 0.8564323782920837 0.0 -999 ""
FIBERMAP 783 R+5C15 METROLOGY 0 0 0 1 0 0 96.25271752939824 101.47254211710926 143.1 -108.52529218417519 88.2140350111327 57.495705 66.91792 -999.0 -999.0 -999.0 -999.0 -999.0 175.1281409580647 -7.627114436916707 175.1256538971801 -7.780742385289647 64.54046405152386 36.40180879675478 -999.0 6231.0 -999.0 -1 -999 {-999.0 -999.0 -999.0 -999.0 -999.0} "" -999.0 -999.0 -999.0 -999.0 -999 -999 "" "" "" "" 0 0 0.0 0.0 -999 ""
FIBERMAP 785 R+5C13 APOGEE 0 0 0 1 0 0 47.75787779191435 83.33934238939935 143.1 -86.74075365911341 41.24863693410312 3.2721167 59.137337 -999.0 -999.0 -999.0 -999.0 -999.0 175.19461638325186 -7.769650700740995 175.1921499070139 -7.923211341245413 64.62702001377089 36.70688926759232 -999.0 16600.0 -999.0 2 150 {-999.0 -999.0 -999.0 -999.0 -999.0} "" -999.0 -999.0 -999.0 -999.0 -999 -999 "" "" "" "" 0 0 0.0 0.0 -999 ""
FIBERMAP 785 R+5C13 BOSS 1 1 0 1 0 0 47.42890752582433 82.66021720636336 143.1 -86.03851051761073 40.97253114627081 3.2721167 59.137337 175.19677288481623 -7.770374444226814 0.502225 0.04590775 -0.2798831 175.19676995782945 -7.770378850691722 175.19424961963466 -7.92402632180964 64.62661466678682 36.7120152935733 5400.0 5400.0 2016.0 1 154 {-999.0 20.067394 19.763908 19.482525 19.249798} sdss_psfmag_from_gaiadr2 20.097366 19.828188 19.161827 -999.0 63050395164331637 1130008398 dark_flexible_3x1 bhm_gua_dark_d3 bhm_filler science 0 0 0.0 0.0 -999 ""
FIBERMAP 785 R+5C13 METROLOGY 0 0 0 1 0 0 47.0092309759715 83.28470854107633 143.1 -86.62908268705385 40.50638735061573 3.2721167 59.137337 -999.0 -999.0 -999.0 -999.0 -999.0 175.1949373016559 -7.771814529774797 175.19243157284382 -7.925436797037302 64.6287630724528 36.71018326594668 -999.0 6231.0 -999.0 -1 -999 {-999.0 -999.0 -999.0 -999.0 -999.0} "" -999.0 -999.0 -999.0 -999.0 -999 -999 "" "" "" "" 0 0 0.0 0.0 -999 ""
FIBERMAP 788 R+7C6 APOGEE 0 0 0 1 0 0 -91.86391597398016 151.043163436591 143.1 -143.57592213686758 -103.13138780002367 91.06159 79.658745 -999.0 -999.0 -999.0 -999.0 -999.0 175.02070421427865 -8.207385238489827 175.018092883259 -8.36082857367161 65.0895133091042 36.90795546383208 -999.0 16600.0 -999.0 2 -999 {-999.0 -999.0 -999.0 -999.0 -999.0} "" -999.0 -999.0 -999.0 -999.0 -999 -999 "" "" "" "" 0 0 0.0 0.0 -999 ""
FIBERMAP 788 R+7C6 BOSS 1 1 0 1 0 0 -91.10499089992668 150.95644416420382 143.1 -143.54744501392145 -102.36809058353488 91.06159 79.658745 175.0204200248335 -8.205023475590837 -23.837418 -5.7327614 7.1841726 175.0207904477531 -8.205026766781852 175.01812628271978 -8.358554900573028 65.08756880678274 36.90515688497095 5400.0 5400.0 2016.0 1 69 {-999.0 15.70861 14.270072 13.330977 -999.0} sdss_psfmag_from_g3xp 15.120687 13.9865885 12.917648 10.882 63050395164321454 1075905764 bright_1x1 mwm_erosita_stars_boss mwm_erosita science 0 0 1.5485560894012451 0.0 -999 ""
FIBERMAP 788 R+7C6 METROLOGY 0 0 0 1 0 0 -91.581387128948 150.35057721919932 143.1 -142.90697869774644 -102.79678176957613 91.06159 79.658745 -999.0 -999.0 -999.0 -999.0 -999.0 175.02271504981658 -8.206366848330227 175.0200661788225 -8.359871377036642 65.08766577596725 36.910677301164526 -999.0 6231.0 -999.0 -1 -999 {-999.0 -999.0 -999.0 -999.0 -999.0} "" -999.0 -999.0 -999.0 -999.0 -999 -999 "" "" "" "" 0 0 0.0 0.0 -999 ""
FIBERMAP 794 R-11C15 APOGEE 0 0 0 1 0 0 167.31614971673872 -210.2073777722741 143.1 196.79962993330867 182.87993831062613 81.635796 22.97354 -999.0 -999.0 -999.0 -999.0 -999.0 176.06028946076032 -7.341247356504399 176.05810218951365 -7.495093744882517 63.806501852550966 37.84826778953851 -999.0 16600.0 -999.0 2 -999 {-999.0 -999.0 -999.0 -999.0 -999.0} "" -999.0 -999.0 -999.0 -999.0 -999 -999 "" "" "" "" 0 0 0.0 0.0 -999 ""
FIBERMAP 794 R-11C15 BOSS 1 1 0 1 0 0 167.5237211835906 -210.87576293911707 143.1 197.45017120119644 183.13796049015716 81.635796 22.97354 176.062324522594 -7.340363830499958 0.20142846 0.081152335 -0.003730202 176.06231293331174 -7.340390142040808 176.06006866601297 -7.494325833608679 63.80480095577353 37.85104039899818 5400.0 5400.0 2016.0 1 332 {-999.0 19.536741 19.385176 19.253029 19.17547} sdss_psfmag_from_gaiadr2 19.492327 19.376413 18.97487 -999.0 63050395164334752 1056554121 dark_flexible_2x2 bhm_gua_dark bhm_filler science 0 0 0.0 0.0 -999 ""
FIBERMAP 794 R-11C15 METROLOGY 0 0 0 1 0 0 166.78949549216756 -210.73854021874172 143.1 197.36945347045062 182.39543066685346 81.635796 22.97354 -999.0 -999.0 -999.0 -999.0 -999.0 176.0621031573659 -7.342616006049523 176.05987474343158 -7.496526144052172 63.806755198624955 37.85337200556489 -999.0 6231.0 -999.0 -1 -999 {-999.0 -999.0 -999.0 -999.0 -999.0} "" -999.0 -999.0 -999.0 -999.0 -999 -999 "" "" "" "" 0 0 0.0 0.0 -999 ""
FIBERMAP 797 R0C6 APOGEE 0 0 0 1 0 0 -195.57888814632037 13.04507881652729 143.1 1.9365983394562836 -195.99483440360657 198.79639 42.831894 -999.0 -999.0 -999.0 -999.0 -999.0 175.46643089993592 -8.48876033613972 175.46386913275057 -8.64227726158048 65.08918269309714 38.149782662971404 -999.0 16600.0 -999.0 2 -999 {-999.0 -999.0 -999.0 -999.0 -999.0} "" -999.0 -999.0 -999.0 -999.0 -999 -999 "" "" "" "" 0 0 0.0 0.0 -999 ""
FIBERMAP 797 R0C6 BOSS 1 1 0 1 0 0 -195.129054218491 13.78105264789589 143.1 1.1684409288084983 -195.602567286966 198.79639 42.831894 175.46425404379954 -8.487557149518283 -38.226246 -1.2029413 2.0000858 175.46413269310872 -8.4875515240141 175.46151556477218 -8.641151455240513 65.08951104633478 38.14369547272821 5400.0 5400.0 2016.0 1 451 {-999.0 19.270874 17.845608 16.904245 -999.0} sdss_psfmag_ps1 18.601948 17.652134 16.401953 14.485 63050395164319548 1096424633 bright_1x1 mwm_bin_vis_boss mwm_filler science 0 0 0.0 0.0 -999 ""
FIBERMAP 797 R0C6 METROLOGY 0 0 0 1 0 0 -194.83286047684152 13.099309187796951 143.1 1.825529758736815 -195.25516536225632 198.79639 42.831894 -999.0 -999.0 -999.0 -999.0 -999.0 175.46613043230062 -8.486553670301587 175.46352963579534 -8.640130640060951 65.08756818411032 38.14633087757767 -999.0 6231.0 -999.0 -1 -999 {-999.0 -999.0 -999.0 -999.0 -999.0} "" -999.0 -999.0 -999.0 -999.0 -999 -999 "" "" "" "" 0 0 0.0 0.0 -999 ""
FIBERMAP 798 R+9C9 APOGEE 1 1 0 1 0 0 -33.12109060862439 172.1415301603862 143.1 -169.09980652960206 -46.17498371217904 262.0692 19.595697 174.942825641154 -8.034625437089968 -41.255062 -19.38605 5.8112416 174.94269875623712 -8.034663234772548 174.94010998711963 -8.18811250420745 64.98365240863876 36.536474486549594 16000.0 16600.0 2016.0 2 135 {-999.0 13.448979 12.627375 12.345212 -999.0} sdss_psfmag_from_g3xp 13.206014 12.6788645 11.999162 10.669 63050395164321928 1103607317 bright_flexible_2x1 mwm_tess_2min_apogee mwm_planet science 0 0 0.0 0.0 -999 ""
FIBERMAP 798 R+9C9 BOSS 0 0 0 1 0 0 -33.282572248949535 172.85296074067043 143.1 -169.79678682443773 -46.3903417496138 262.0692 19.595697 -999.0 -999.0 -999.0 -999.0 -999.0 174.94056349380844 -8.035243387728611 174.93792090545276 -8.188777063105434 64.98535723780387 36.53294299298602 -999.0 5400.0 -999.0 1 130 {-999.0 -999.0 -999.0 -999.0 -999.0} "" -999.0 -999.0 -999.0 -999.0 -999 -999 "" "" "" "" 0 0 0.0 0.0 -999 ""
FIBERMAP 798 R+9C9 METROLOGY 0 0 0 1 0 0 -32.5733593605882 172.6794850015105 143.1 -169.6780126538812 -45.66998059411654 262.0692 19.595697 -999.0 -999.0 -999.0 -999.0 -999.0 174.94088922373433 -8.033090567929346 174.93826230257855 -8.186600569897083 64.98332833451401 36.53091577585241 -999.0 6231.0 -999.0 -1 -999 {-999.0 -999.0 -999.0 -999.0 -999.0} "" -999.0 -999.0 -999.0 -999.0 -999 -999 "" "" "" "" 0 0 0.0 0.0 -999 ""
FIBERMAP 801 R+7C20 APOGEE 0 0 0 1 0 0 222.78862297859635 140.83030817009328 143.1 -157.43399603250785 211.36713186127733 9.976805 133.53757 -999.0 -999.0 -999.0 -999.0 -999.0 174.98023015578224 -7.255426247420058 174.97783806772043 -7.409011269459185 64.29874804116582 35.66493760933673 -999.0 16600.0 -999.0 2 89 {-999.0 -999.0 -999.0 -999.0 -999.0} "" -999.0 -999.0 -999.0 -999.0 -999 -999 "" "" "" "" 0 0 0.0 0.0 -999 ""
FIBERMAP 801 R+7C20 BOSS 1 1 0 1 0 0 223.37955883728728 140.39761775656135 143.1 -157.0477400938269 211.98937214304036 9.976805 133.53757 174.98145744064166 -7.253482926107301 -999.0 -999.0 -999.0 174.981465900738 -7.253460680595993 174.97902102898252 -7.40713488195449 64.2965355200847 35.66503306494394 5400.0 5400.0 2016.0 1 263 {-999.0 21.939594 21.753748 21.800583 21.909847} sdss_psfmag_from_lsdr10 nan nan nan -999.0 63050398296715846 1131664797 dark_flexible_3x1 bhm_spiders_agn_lsdr10_d3 bhm_spiders science 0 0 0.0 0.0 -999 ""
FIBERMAP 801 R+7C20 METROLOGY 0 0 0 1 0 0 222.7067735281927 140.09591499346882 143.1 -156.69552994144075 211.34163577344552 9.976805 133.53757 -999.0 -999.0 -999.0 -999.0 -999.0 174.982482251275 -7.255391358643353 174.9800522874093 -7.409040439248802 64.29764405053804 35.66931457614231 -999.0 6231.0 -999.0 -1 -999 {-999.0 -999.0 -999.0 -999.0 -999.0} "" -999.0 -999.0 -999.0 -999.0 -999 -999 "" "" "" "" 0 0 0.0 0.0 -999 ""
FIBERMAP 803 R-5C19 APOGEE 0 0 0 1 0 0 188.93803383563187 -95.74433387630125 143.1 81.02447784311752 195.6922244237965 62.031223 43.995724 -999.0 -999.0 -999.0 -999.0 -999.0 175.70765785002044 -7.301985938805204 175.70540533087694 -7.455754340073974 63.96102490928343 37.13002239072591 -999.0 16600.0 -999.0 2 -999 {-999.0 -999.0 -999.0 -999.0 -999.0} "" -999.0 -999.0 -999.0 -999.0 -999 -999 "" "" "" "" 0 0 0.0 0.0 -999 ""
FIBERMAP 803 R-5C19 BOSS 1 1 0 1 0 0 189.15565812599806 -96.4485229276149 143.1 81.70994860817594 195.9630051238941 62.031223 43.995724 175.7098596974479 -7.301036300688227 -0.100984715 0.21287118 0.5515683 175.70982224981935 -7.3010379862721315 175.7075141220646 -7.454895756277056 63.95918492554465 37.13301311664986 5400.0 5400.0 2016.0 1 313 {-999.0 20.824074 20.617153 20.43827 20.3011} sdss_psfmag_from_gaiadr2 20.810316 20.627422 20.114283 -999.0 63050395164332764 1130008413 dark_flexible_3x1 bhm_gua_dark_d3 bhm_filler science 0 0 0.0 0.0 -999 ""
FIBERMAP 803 R-5C19 METROLOGY 0 0 0 1 0 0 188.42722745492725 -96.29075409758478 143.1 81.60830301598227 195.22468331556695 62.031223 43.995724 -999.0 -999.0 -999.0 -999.0 -999.0 175.70951453948962 -7.303259790142366 175.7072218333027 -7.457091984624762 63.96119830262673 37.135117859903005 -999.0 6231.0 -999.0 -1 -999 {-999.0 -999.0 -999.0 -999.0 -999.0} "" -999.0 -999.0 -999.0 -999.0 -999 -999 "" "" "" "" 0 0 0.0 0.0 -999 ""
FIBERMAP 810 R+10C16 APOGEE 0 0 0 1 0 0 160.7316858864989 205.3739523719521 143.1 -217.04460979491742 144.56309436106483 61.56673 125.85519 -999.0 -999.0 -999.0 -999.0 -999.0 174.7981630919655 -7.457245869985756 174.79568335323222 -7.610746967414541 64.56459131734276 35.54592624803058 -999.0 16600.0 -999.0 2 -999 {-999.0 -999.0 -999.0 -999.0 -999.0} "" -999.0 -999.0 -999.0 -999.0 -999 -999 "" "" "" "" 0 0 0.0 0.0 -999 ""
FIBERMAP 810 R+10C16 BOSS 1 1 0 1 0 0 161.47030490610425 205.48478696170892 143.1 -217.21154846753242 145.2910519824627 61.56673 125.85519 174.79745734659556 -7.454951320712596 -999.0 -999.0 -999.0 174.7977165482171 -7.454960415491858 174.79518451673493 -7.608549299976216 64.56295829832791 35.54231372518575 5400.0 5400.0 2016.0 1 185 {-999.0 18.189354 16.709602 15.275642 14.513493} sdss_psfmag_from_lsdr10 17.538118 16.382366 14.774903 12.416 63050395164337080 1058918153 bright_flexible_2x1 bhm_spiders_agn_lsdr10 bhm_spiders science 0 0 0.9552180171012878 0.0 -999 ""
FIBERMAP 810 R+10C16 METROLOGY 0 0 0 1 0 0 161.20069279860988 204.79125971438017 143.1 -216.49948120690712 145.07522846741688 61.56673 125.85519 -999.0 -999.0 -999.0 -999.0 -999.0 174.79981772700594 -7.455604073495184 174.79730093567184 -7.609168643402003 64.56241404896899 35.54724595577278 -999.0 6231.0 -999.0 -1 -999 {-999.0 -999.0 -999.0 -999.0 -999.0} "" -999.0 -999.0 -999.0 -999.0 -999 -999 "" "" "" "" 0 0 0.0 0.0 -999 ""
FIBERMAP 811 R-13C1 APOGEE 0 0 0 1 0 0 -145.24136049623405 -266.2987101362834 143.1 276.60494216945807 -124.46389136495901 278.3759 110.37555 -999.0 -999.0 -999.0 -999.0 -999.0 176.3047143146086 -8.269746699983674 176.3024115498083 -8.423498121517046 64.44740542400453 39.48449992071579 -999.0 16600.0 -999.0 2 154 {-999.0 -999.0 -999.0 -999.0 -999.0} "" -999.0 -999.0 -999.0 -999.0 -999 -999 "" "" "" "" 0 0 0.0 0.0 -999 ""
FIBERMAP 811 R-13C1 BOSS 1 1 0 1 0 0 -145.89257417302778 -266.6558829025018 143.1 277.01080946268263 -125.08588204545835 278.3759 110.37555 176.3059388462484 -8.271515660655346 0.26793987 -0.33761078 -0.7068511 176.30594233068652 -8.271505161781368 176.30358130202524 -8.425341344705004 64.44827935166184 39.48912084851338 5400.0 5400.0 2016.0 1 435 {-999.0 19.965157 19.660204 19.215878 18.844719} sdss_psfmag_from_lsdr10 19.85081 19.808632 18.893389 -999.0 63050395164250717 1131656782 dark_flexible_3x1 bhm_spiders_agn_lsdr10_d3 bhm_spiders science 0 0 0.0 0.0 -999 ""
FIBERMAP 811 R-13C1 METROLOGY 0 0 0 1 0 0 -145.8823780734625 -265.91866867025396 143.1 276.27500527050546 -125.13204208235281 278.3759 110.37555 -999.0 -999.0 -999.0 -999.0 -999.0 176.30376260477652 -8.271710338173941 176.30141750746418 -8.425521982930158 64.4496320087814 39.48525206646741 -999.0 6231.0 -999.0 -1 -999 {-999.0 -999.0 -999.0 -999.0 -999.0} "" -999.0 -999.0 -999.0 -999.0 -999 -999 "" "" "" "" 0 0 0.0 0.0 -999 ""
FIBERMAP 812 R-8C7 APOGEE 0 0 0 1 0 0 -82.13947515119415 -153.43698989306205 143.1 159.2571351884486 -70.17242637929341 186.47449 102.37915 -999.0 -999.0 -999.0 -999.0 -999.0 175.94808052716272 -8.10719460980716 175.94572019249108 -8.260890873728686 64.50878885517969 38.59394548357204 -999.0 16600.0 -999.0 2 -999 {-999.0 -999.0 -999.0 -999.0 -999.0} "" -999.0 -999.0 -999.0 -999.0 -999 -999 "" "" "" "" 0 0 0.0 0.0 -999 ""
FIBERMAP 812 R-8C7 BOSS 1 1 0 1 0 0 -82.37015971786137 -152.6200530383764 143.1 158.46024926240142 -70.46484291900661 186.47449 102.37915 175.9455157076924 -8.108034248444785 -13.534748 3.3557081 1.026788 175.9457636138901 -8.108027792166759 175.94334561915605 -8.26180866554198 64.51084991959034 38.590564954685306 5400.0 5400.0 2016.0 1 373 {-999.0 15.868088 15.244231 14.99645 -999.0} sdss_psfmag_ps1 15.743217 15.28661 14.664886 13.373 63050395164329495 1075842246 bright_1x1 mwm_erosita_stars_boss mwm_erosita science 0 0 1.0313407182693481 0.0 -999 ""
FIBERMAP 812 R-8C7 METROLOGY 0 0 0 1 0 0 -81.65850331758546 -152.86413361783136 143.1 158.6492319283609 -69.73665103954843 186.47449 102.37915 -999.0 -999.0 -999.0 -999.0 -999.0 175.94634453725848 -8.105852570678683 175.94394324351845 -8.259609767187172 64.508689198533 38.588895446423635 -999.0 6231.0 -999.0 -1 -999 {-999.0 -999.0 -999.0 -999.0 -999.0} "" -999.0 -999.0 -999.0 -999.0 -999 -999 "" "" "" "" 0 0 0.0 0.0 -999 ""
FIBERMAP 813 R+1C24 APOGEE 0 0 0 1 0 0 221.1368937979422 17.789493514809035 143.1 -34.63233652045129 219.12107499702836 195.40419 107.406715 -999.0 -999.0 -999.0 -999.0 -999.0 175.35451259549654 -7.2313395394561955 175.35220273227958 -7.385029557474093 64.08574215248026 36.36554478472101 -999.0 16600.0 -999.0 2 112 {-999.0 -999.0 -999.0 -999.0 -999.0} "" -999.0 -999.0 -999.0 -999.0 -999 -999 "" "" "" "" 0 0 0.0 0.0 -999 ""
FIBERMAP 813 R+1C24 BOSS 1 1 0 1 0 0 220.7018292153527 18.416257288579967 143.1 -35.22399867933175 218.6394152387016 195.40419 107.406715 175.35276724631294 -7.2326362138463995 -8.118995 -10.3662815 1.3491806 175.35275355806104 -7.232660545638915 175.35038812575556 -7.38643868332306 64.08788421112628 36.36372045510484 5400.0 5400.0 2016.0 1 191 {-999.0 20.234085 18.932442 18.024754 -999.0} sdss_psfmag_ps1 19.636625 18.618822 17.60339 15.737 63050395164337803 1096498636 bright_1x1 mwm_bin_vis_boss mwm_filler science 0 0 0.0 0.0 -999 ""
FIBERMAP 813 R+1C24 METROLOGY 0 0 0 1 0 0 221.46124578739892 18.464066636545287 143.1 -35.32968826418697 219.39292401569648 195.40419 107.406715 -999.0 -999.0 -999.0 -999.0 -999.0 175.3524121777751 -7.230383644181801 175.35006274530315 -7.3841369055347945 64.086090756676 36.36033731297198 -999.0 6231.0 -999.0 -1 -999 {-999.0 -999.0 -999.0 -999.0 -999.0} "" -999.0 -999.0 -999.0 -999.0 -999 -999 "" "" "" "" 0 0 0.0 0.0 -999 ""
FIBERMAP 815 R-12C7 APOGEE 0 0 0 1 0 0 -9.336290378196525 -224.26133532281733 143.1 224.30874789370603 7.82581777096857 51.93917 97.02112 -999.0 -999.0 -999.0 -999.0 -999.0 176.14601607582037 -7.870439492720049 176.14374819388922 -8.024219712340166 64.2032516811835 38.670184845376525 -999.0 16600.0 -999.0 2 -999 {-999.0 -999.0 -999.0 -999.0 -999.0} "" -999.0 -999.0 -999.0 -999.0 -999 -999 "" "" "" "" 0 0 0.0 0.0 -999 ""
FIBERMAP 815 R-12C7 BOSS 1 1 0 1 0 0 -8.730308065719486 -224.60353060343544 143.1 224.60362780866285 8.456145669332834 51.93917 97.02112 176.14704804238193 -7.8683964769803785 -14.0873375 -11.941759 1.4388566 176.14700645071377 -7.868441374378957 176.1446814157216 -8.02230857780941 64.20114793124542 38.66953246037065 5400.0 5400.0 2016.0 1 366 {-999.0 18.283878 17.057554 16.405981 -999.0} sdss_psfmag_ps1 17.604366 16.873232 15.978351 14.241 63050395164330302 1092434244 dark_flexible_2x1 mwm_cb_galex_vol_boss mwm_cb science 0 0 0.0 0.0 -999 ""
FIBERMAP 815 R-12C7 METROLOGY 0 0 0 1 0 0 -9.340948093123282 -225.0093169552708 143.1 225.05486436091127 7.878322415717871 51.93917 97.02112 -999.0 -999.0 -999.0 -999.0 -999.0 176.14840019589877 -7.870211969022266 176.14609151827415 -8.024054703242783 64.20183359699473 38.674422126595175 -999.0 6231.0 -999.0 -1 -999 {-999.0 -999.0 -999.0 -999.0 -999.0} "" -999.0 -999.0 -999.0 -999.0 -999 -999 "" "" "" "" 0 0 0.0 0.0 -999 ""
FIBERMAP 817 R+10C12 APOGEE 0 0 0 1 0 0 68.66877182617203 204.13968725975167 143.1 -208.78006671395207 52.867851207264756 54.90519 140.9973 -999.0 -999.0 -999.0 -999.0 -999.0 174.82220547386717 -7.734431807537188 174.81966217205672 -7.887895194622127 64.78983692151662 35.92753260795814 -999.0 16600.0 -999.0 2 -999 {-999.0 -999.0 -999.0 -999.0 -999.0} "" -999.0 -999.0 -999.0 -999.0 -999 -999 "" "" "" "" 0 0 0.0 0.0 -999 ""
FIBERMAP 817 R+10C12 BOSS 1 1 0 1 0 0 69.45453016364225 204.32580153645225 143.1 -209.0256631566142 53.63705652952011 54.90519 140.9973 174.8215394842231 -7.731882018724128 -24.597439 -37.463963 1.1425527 174.82147213265202 -7.732004995898073 174.81887648036445 -7.885554915034335 64.78823819999579 35.92312378794429 5400.0 5400.0 2016.0 1 147 {-999.0 17.017557 16.561165 16.313454 -999.0} sdss_psfmag_ps1 16.898542 16.453846 15.841268 14.717 63050395164326977 1136357177 dark_flexible_3x1 mwm_halo_local_high_boss_triple mwm_halo science 0 0 0.0 0.0 -999 ""
FIBERMAP 817 R+10C12 METROLOGY 0 0 0 1 0 0 69.21686859617205 203.63068023866882 143.1 -208.31444771683257 53.45321047290978 54.90519 140.9973 -999.0 -999.0 -999.0 -999.0 -999.0 174.8235863082947 -7.732577769145476 174.82100594995256 -7.886103725350922 64.78761503672705 35.92802689019561 -999.0 6231.0 -999.0 -1 -999 {-999.0 -999.0 -999.0 -999.0 -999.0} "" -999.0 -999.0 -999.0 -999.0 -999 -999 "" "" "" "" 0 0 0.0 0.0 -999 ""
FIBERMAP 822 R+8C14 APOGEE 0 0 0 1 0 0 94.9813845094955 137.35212538550547 143.1 -144.20120132895022 84.20514580963612 326.7458 70.52288 -999.0 -999.0 -999.0 -999.0 -999.0 175.01918552374067 -7.639443023913195 175.01670989477168 -7.792976855195532 64.6072991196012 36.20235006663762 -999.0 16600.0 -999.0 2 -999 {-999.0 -999.0 -999.0 -999.0 -999.0} "" -999.0 -999.0 -999.0 -999.0 -999 -999 "" "" "" "" 0 0 0.0 0.0 -999 ""
FIBERMAP 822 R+8C14 BOSS 1 1 0 1 0 0 94.43502014257265 136.90101846599865 143.1 -143.70968967768047 83.69487001543524 326.7458 70.52288 175.0206767395588 -7.640854949286256 1.1032591 0.4090859 -0.5790334 175.02067877035913 -7.640868281386537 175.01814957776833 -7.79448914106949 64.60784597470322 36.20702719105577 5400.0 5400.0 2016.0 1 168 {-999.0 21.04227 20.137388 19.66129 19.308989} sdss_psfmag_from_lsdr10 20.730013 20.10404 19.31809 -999.0 63050395164336615 1131660776 dark_flexible_3x1 bhm_spiders_agn_lsdr10_d3 bhm_spiders science 0 0 0.0 0.0 -999 ""
FIBERMAP 822 R+8C14 METROLOGY 0 0 0 1 0 0 94.29084148458873 137.6396119896259 143.1 -144.43507427018355 83.49468823334182 326.7458 70.52288 -999.0 -999.0 -999.0 -999.0 -999.0 175.01843075650348 -7.6414907513989965 175.01591609600507 -7.795086276623837 64.60950921507157 36.20334950432368 -999.0 6231.0 -999.0 -1 -999 {-999.0 -999.0 -999.0 -999.0 -999.0} "" -999.0 -999.0 -999.0 -999.0 -999 -999 "" "" "" "" 0 0 0.0 0.0 -999 ""
FIBERMAP 823 R-1C16 APOGEE 0 0 0 1 0 0 39.32276696983453 -8.518910614213057 143.1 5.489211796796002 39.85687915043128 196.96463 56.499523 -999.0 -999.0 -999.0 -999.0 -999.0 175.47716465744716 -7.773831374682732 175.47476202088285 -7.927465444789626 64.48194067975578 37.26413059608177 -999.0 16600.0 -999.0 2 219 {-999.0 -999.0 -999.0 -999.0 -999.0} "" -999.0 -999.0 -999.0 -999.0 -999 -999 "" "" "" "" 0 0 0.0 0.0 -999 ""
FIBERMAP 823 R-1C16 BOSS 1 1 0 1 0 0 39.51567975477835 -7.810125538460822 143.1 4.767792122270913 39.99506533750314 196.96463 56.499523 175.47500610351562 -7.773302307992239 -999.0 -999.0 -999.0 175.47501178927908 -7.773300328804961 175.47255353869366 -7.927020430663467 64.48273389623529 37.259287169484026 5400.0 5400.0 2015.5 1 316 {-999.0 -999.0 -999.0 -999.0 -999.0} "" -999.0 -999.0 -999.0 -999.0 27021603139069826 811638348 "" ops_sky_boss_good ops_sky sky_boss 0 0 0.0 0.0 -999 ""
FIBERMAP 823 R-1C16 METROLOGY 0 0 0 1 0 0 40.04119212769267 -8.33683385566882 143.1 5.25278538431958 40.55925971110664 196.96463 56.499523 -999.0 -999.0 -999.0 -999.0 -999.0 175.47648283422288 -7.771607747763082 175.47404093839884 -7.9253039922838076 64.48049577937553 37.26004747431671 -999.0 6231.0 -999.0 -1 -999 {-999.0 -999.0 -999.0 -999.0 -999.0} "" -999.0 -999.0 -999.0 -999.0 -999 -999 "" "" "" "" 0 0 0.0 0.0 -999 ""
FIBERMAP 826 R+6C9 APOGEE 0 0 0 1 0 0 -53.18940356718325 107.73424190271236 143.1 -103.35047470038701 -61.26275437958378 217.42465 126.07755 -999.0 -999.0 -999.0 -999.0 -999.0 175.1436602283919 -8.0807294161554 175.1411093371711 -8.234226490848704 64.91758637634055 36.99285721833036 -999.0 16600.0 -999.0 2 -999 {-999.0 -999.0 -999.0 -999.0 -999.0} "" -999.0 -999.0 -999.0 -999.0 -999 -999 "" "" "" "" 0 0 0.0 0.0 -999 ""
FIBERMAP 826 R+6C9 BOSS 1 1 0 1 0 0 -53.89263781091386 107.93848776229792 143.1 -103.5003844138917 -61.97950559284663 217.42465 126.07755 175.1432718927624 -8.082840276206854 -24.998377 -0.48086405 3.2174304 175.14320181144654 -8.08284966500231 175.14059640126106 -8.23643126497158 64.91972360130029 36.99460831076459 5400.0 5400.0 2016.0 1 135 {-999.0 21.457218 20.03681 18.382473 -999.0} sdss_psfmag_ps1 20.87474 19.145266 17.901546 15.525 63050395164321688 1096249767 bright_1x1 mwm_bin_vis_boss mwm_filler science 0 0 0.0 0.0 -999 ""
FIBERMAP 826 R+6C9 METROLOGY 0 0 0 1 0 0 -53.37256638507835 108.45946572949745 143.1 -104.05955076334688 -61.500783069645315 217.42465 126.07755 -999.0 -999.0 -999.0 -999.0 -999.0 175.14146370879075 -8.081425639345603 175.13887348987498 -8.234982916239884 64.91940347612471 36.989384753107174 -999.0 6231.0 -999.0 -1 -999 {-999.0 -999.0 -999.0 -999.0 -999.0} "" -999.0 -999.0 -999.0 -999.0 -999 -999 "" "" "" "" 0 0 0.0 0.0 -999 ""
FIBERMAP 829 R-13C9 APOGEE 0 0 0 1 0 0 51.74737966686233 -256.4983189521454 143.1 251.78299256064605 71.19113132180868 26.91317 71.79384 -999.0 -999.0 -999.0 -999.0 -999.0 176.2287824219992 -7.678639670481233 176.2265687485136 -7.832469613253914 63.99804487614566 38.58492050657168 -999.0 16600.0 -999.0 2 157 {-999.0 -999.0 -999.0 -999.0 -999.0} "" -999.0 -999.0 -999.0 -999.0 -999 -999 "" "" "" "" 0 0 0.0 0.0 -999 ""
FIBERMAP 829 R-13C9 BOSS 1 1 0 1 0 0 51.83928822693983 -257.2358655921507 143.1 252.51132700453928 71.33911822934594 26.91317 71.79384 176.2310467606731 -7.678101590188869 -999.0 -999.0 -999.0 176.23104827381653 -7.678104139081953 176.22877707713985 -7.832021986117741 63.996466741372316 38.58852412557445 5400.0 5400.0 2016.0 1 438 {-999.0 21.26596 21.437357 21.075844 20.916357} sdss_fiber2mag_from_lsdr10 21.1769 21.049944 20.649467 -999.0 63050395164330871 1131660786 dark_flexible_3x1 bhm_spiders_agn_lsdr10_d3 bhm_spiders science 0 0 0.0 0.0 -999 ""
FIBERMAP 829 R-13C9 METROLOGY 0 0 0 1 0 0 51.14935168589499 -256.9647637798867 143.1 252.29374386512592 70.63051719399469 26.91317 71.79384 -999.0 -999.0 -999.0 -999.0 -999.0 176.23042910098494 -7.680257594607608 176.22817384845325 -7.834150204046008 63.9985723648102 38.59005897815291 -999.0 6231.0 -999.0 -1 -999 {-999.0 -999.0 -999.0 -999.0 -999.0} "" -999.0 -999.0 -999.0 -999.0 -999 -999 "" "" "" "" 0 0 0.0 0.0 -999 ""
FIBERMAP 833 R0C10 APOGEE 0 0 0 1 0 0 -103.6868368408507 1.8896484518909653 143.1 6.038015725935202 -103.52332865458654 180.62787 109.78582 -999.0 -999.0 -999.0 -999.0 -999.0 175.47895164510763 -8.209068224593794 175.47645444749264 -8.362632939259093 64.84779150212128 37.81482212219089 -999.0 16600.0 -999.0 2 -999 {-999.0 -999.0 -999.0 -999.0 -999.0} "" -999.0 -999.0 -999.0 -999.0 -999 -999 "" "" "" "" 0 0 0.0 0.0 -999 ""
FIBERMAP 833 R0C10 BOSS 1 1 0 1 0 0 -103.94783775316701 2.572519909964645 143.1 5.377113386745725 -103.83572843354138 180.62787 109.78582 175.47691643040437 -8.209958194232087 17.249502 -10.37688 2.059104 175.47698333289043 -8.209988489276554 175.4744303062572 -8.363637159294603 64.84972071368313 37.8121424346121 5400.0 5400.0 2016.0 1 448 {-999.0 19.698526 19.886898 20.148565 -999.0} sdss_psfmag_ps1 19.808865 19.80954 19.753035 -999.0 63050395164320189 1143553565 dark_1x3 mwm_wd_pwd_boss_1x3 mwm_wd science 0 0 0.0 0.0 -999 ""
FIBERMAP 833 R0C10 METROLOGY 0 0 0 1 0 0 -103.20744952112373 2.4638313621914176 143.1 5.428910832692688 -103.08923448348641 180.62787 109.78582 -999.0 -999.0 -999.0 -999.0 -999.0 175.4771266807656 -8.207759286251799 175.47458980210456 -8.361384379702502 64.84774183029549 37.80958228322754 -999.0 6231.0 -999.0 -1 -999 {-999.0 -999.0 -999.0 -999.0 -999.0} "" -999.0 -999.0 -999.0 -999.0 -999 -999 "" "" "" "" 0 0 0.0 0.0 -999 ""
FIBERMAP 834 R+2C24 APOGEE 0 0 0 1 0 0 230.61996298077585 40.85804032656664 143.1 -58.35692548827196 226.8134642214605 192.51852 94.219444 -999.0 -999.0 -999.0 -999.0 -999.0 175.28216017334728 -7.20826846189979 175.27984075626262 -7.3619431520442955 64.10349379811281 36.19784485054424 -999.0 16600.0 -999.0 2 -999 {-999.0 -999.0 -999.0 -999.0 -999.0} "" -999.0 -999.0 -999.0 -999.0 -999 -999 "" "" "" "" 0 0 0.0 0.0 -999 ""
FIBERMAP 834 R+2C24 BOSS 1 1 0 1 0 0 230.41319180672386 41.59827235177569 143.1 -59.07916142015713 226.5507505959197 192.51852 94.219444 175.27999877929685 -7.208954272860709 -999.0 -999.0 -999.0 175.28000226685154 -7.208941407303565 175.2776276118227 -7.362704277975327 64.1052865218152 36.19446175427868 5400.0 5400.0 2015.5 1 193 {-999.0 -999.0 -999.0 -999.0 -999.0} "" -999.0 -999.0 -999.0 -999.0 27021603139074387 811639072 "" ops_sky_boss_good ops_sky sky_boss 0 0 0.0 0.0 -999 ""
FIBERMAP 834 R+2C24 METROLOGY 0 0 0 1 0 0 231.11972809389175 41.41457698170118 143.1 -58.949993462407605 227.2692239151695 192.51852 94.219444 -999.0 -999.0 -999.0 -999.0 -999.0 175.28037507858974 -7.2067675986313695 175.2780164749429 -7.360505745580274 64.10320872362117 36.19259450220318 -999.0 6231.0 -999.0 -1 -999 {-999.0 -999.0 -999.0 -999.0 -999.0} "" -999.0 -999.0 -999.0 -999.0 -999 -999 "" "" "" "" 0 0 0.0 0.0 -999 ""
FIBERMAP 836 R+9C2 APOGEE 0 0 0 1 0 0 -160.4115427714418 161.64638234587758 143.1 -148.91036709948506 -172.28559622318662 316.34814 101.54074 -999.0 -999.0 -999.0 -999.0 -999.0 175.00472743255835 -8.416370852276264 175.00206167924648 -8.569776556345769 65.27483128101616 37.14099928511257 -999.0 16600.0 -999.0 2 -999 {-999.0 -999.0 -999.0 -999.0 -999.0} "" -999.0 -999.0 -999.0 -999.0 -999 -999 "" "" "" "" 0 0 0.0 0.0 -999 ""
FIBERMAP 836 R+9C2 BOSS 1 1 0 1 0 0 -160.80509118708167 161.03182621104975 143.1 -148.26756727047513 -172.63102171553166 316.34814 101.54074 175.0067138671875 -8.417353576463555 -999.0 -999.0 -999.0 175.0067200192744 -8.417365994130641 175.00400122251278 -8.570855566005187 65.27471944279829 37.14625366843319 5400.0 5400.0 2015.5 1 19 {-999.0 -999.0 -999.0 -999.0 -999.0} "" -999.0 -999.0 -999.0 -999.0 27021603139062118 811637308 "" ops_sky_boss_good ops_sky sky_boss 0 0 0.0 0.0 -999 ""
FIBERMAP 836 R+9C2 METROLOGY 0 0 0 1 0 0 -161.15870847267178 161.6816191405899 143.1 -148.88841307414904 -173.03323553537305 316.34814 101.54074 -999.0 -999.0 -999.0 -999.0 -999.0 175.00478866031168 -8.418622939657855 175.00208417362535 -8.57208811862156 65.2767738278186 37.14399539906225 -999.0 6231.0 -999.0 -1 -999 {-999.0 -999.0 -999.0 -999.0 -999.0} "" -999.0 -999.0 -999.0 -999.0 -999 -999 "" "" "" "" 0 0 0.0 0.0 -999 ""
FIBERMAP 843 R+7C18 APOGEE 0 0 0 1 0 0 176.93739271049697 149.52324600504784 143.1 -162.597919853946 164.98787849809776 80.26373 92.56377 -999.0 -999.0 -999.0 -999.0 -999.0 174.9638944663561 -7.3952237957563485 174.96146536775382 -7.548781660916313 64.42691290485449 35.79916943174106 -999.0 16600.0 -999.0 2 119 {-999.0 -999.0 -999.0 -999.0 -999.0} "" -999.0 -999.0 -999.0 -999.0 -999 -999 "" "" "" "" 0 0 0.0 0.0 -999 ""
FIBERMAP 843 R+7C18 BOSS 1 1 0 1 0 0 177.69045312981223 149.42346275326133 143.1 -162.55596946229826 165.74632660990918 80.26373 92.56377 174.96381529898323 -7.392809217481113 -4.945629 -2.9919045 0.09913254 174.96406067869071 -7.392822280582253 174.961578786696 -7.54646847928425 64.42487341825992 35.796627620067966 5400.0 5400.0 2016.0 1 204 {-999.0 15.388673 15.355593 15.565381 -999.0} sdss_psfmag_ps1 15.452796 15.39932 15.312946 15.113 63050395164337102 1150508687 dark_flexible_3x1 manual_mwm_halo_distant_bhb_boss_triple mwm_halo science 0 0 0.9334762692451477 0.0 -999 ""
FIBERMAP 843 R+7C18 METROLOGY 0 0 0 1 0 0 177.23094715203516 148.83526053525264 143.1 -161.93440589696633 165.3331258720896 80.26373 92.56377 -999.0 -999.0 -999.0 -999.0 -999.0 174.96590520768083 -7.394062640650589 174.96343853877124 -7.547684239842948 64.42496351544492 35.80173905772085 -999.0 6231.0 -999.0 -1 -999 {-999.0 -999.0 -999.0 -999.0 -999.0} "" -999.0 -999.0 -999.0 -999.0 -999 -999 "" "" "" "" 0 0 0.0 0.0 -999 ""
FIBERMAP 844 R-3C20 APOGEE 0 0 0 1 0 0 175.27980699503823 -63.568681754155506 143.1 49.98790545427673 179.6162165011277 280.18204 152.17484 -999.0 -999.0 -999.0 -999.0 -999.0 175.61300183792127 -7.350424193635065 175.6107195790912 -7.504161166296159 64.0519343774368 37.00731531253234 -999.0 16600.0 -999.0 2 214 {-999.0 -999.0 -999.0 -999.0 -999.0} "" -999.0 -999.0 -999.0 -999.0 -999 -999 "" "" "" "" 0 0 0.0 0.0 -999 ""
FIBERMAP 844 R-3C20 BOSS 1 1 0 1 0 0 175.08283739882535 -64.30791704469728 143.1 50.739994880941424 179.476312056596 280.18204 152.17484 175.6153740048459 -7.350708033005002 -0.6437277 0.24272878 0.35064653 175.61537250026137 -7.350700922786965 175.61303479979324 -7.504526858796439 64.05102554269882 37.012204413616814 5400.0 5400.0 2016.0 1 306 {-999.0 20.223366 19.749577 19.589964 19.478722} sdss_psfmag_from_lsdr10 20.283985 19.796335 19.288069 -999.0 63050395164332591 1131664806 dark_flexible_3x1 bhm_spiders_agn_lsdr10_d3 bhm_spiders science 0 0 0.0 0.0 -999 ""
FIBERMAP 844 R-3C20 METROLOGY 0 0 0 1 0 0 174.56614940988482 -63.77938752301674 143.1 50.25251160707152 178.9207767174603 280.18204 152.17484 -999.0 -999.0 -999.0 -999.0 -999.0 175.6138768794637 -7.352378748510174 175.6115543535119 -7.506178975582348 64.0532048692292 37.01136670458391 -999.0 6231.0 -999.0 -1 -999 {-999.0 -999.0 -999.0 -999.0 -999.0} "" -999.0 -999.0 -999.0 -999.0 -999 -999 "" "" "" "" 0 0 0.0 0.0 -999 ""
FIBERMAP 845 R+9C16 APOGEE 0 0 0 1 0 0 163.35831469689367 168.8448181137689 143.1 -180.82462796487596 149.97288305151773 20.24833 72.093376 -999.0 -999.0 -999.0 -999.0 -999.0 174.90825512643997 -7.440667119475508 174.90580314426268 -7.594202081151674 64.49428190103085 35.74384488256311 -999.0 16600.0 -999.0 2 76 {-999.0 -999.0 -999.0 -999.0 -999.0} "" -999.0 -999.0 -999.0 -999.0 -999 -999 "" "" "" "" 0 0 0.0 0.0 -999 ""
FIBERMAP 845 R+9C16 BOSS 1 1 0 1 0 0 163.32473858933793 168.09737150660547 143.1 -180.0768354634343 149.99651429506085 20.24833 72.093376 174.91058349609372 -7.440483886179209 -999.0 -999.0 -999.0 174.9105574574515 -7.440482322444849 174.9080528208574 -7.594105625512327 64.49304995531989 35.748167240088605 5400.0 5400.0 2015.5 1 235 {-999.0 -999.0 -999.0 -999.0 -999.0} "" -999.0 -999.0 -999.0 -999.0 27021603139073803 811638914 "" ops_sky_boss_good ops_sky sky_boss 0 0 0.0 0.0 -999 ""
FIBERMAP 845 R+9C16 METROLOGY 0 0 0 1 0 0 162.69654669147639 168.51412781676203 143.1 -180.44435811543966 149.3383460246735 20.24833 72.093376 -999.0 -999.0 -999.0 -999.0 -999.0 174.9093863309725 -7.442472243350321 174.9068960364998 -7.596070046458089 64.49532434079451 35.74823667317827 -999.0 6231.0 -999.0 -1 -999 {-999.0 -999.0 -999.0 -999.0 -999.0} "" -999.0 -999.0 -999.0 -999.0 -999 -999 "" "" "" "" 0 0 0.0 0.0 -999 ""
FIBERMAP 850 R+3C23 APOGEE 0 0 0 1 0 0 214.93213366586718 62.40332413291018 143.1 -78.63962597854338 209.52607943201352 226.5556 43.913868 -999.0 -999.0 -999.0 -999.0 -999.0 175.2201892537919 -7.260408623433631 175.21784534307142 -7.4140583346833875 64.17999103778988 36.139657797013626 -999.0 16600.0 -999.0 2 -999 {-999.0 -999.0 -999.0 -999.0 -999.0} "" -999.0 -999.0 -999.0 -999.0 -999 -999 "" "" "" "" 0 0 0.0 0.0 -999 ""
FIBERMAP 850 R+3C23 BOSS 1 1 0 1 0 0 214.97720717772077 63.2622405866709 143.1 -79.49943577543205 209.50539474926308 226.5556 43.913868 175.2176474488455 -7.260371859663803 -17.519802 3.5450077 0.8615691 175.21760635794004 -7.260348452965478 175.21520753166487 -7.414086087562936 64.18137506356143 36.13456111337143 5400.0 5400.0 2016.0 1 194 {-999.0 17.531855 16.674576 16.345154 -999.0} sdss_psfmag_ps1 17.231606 16.699354 16.007986 14.66 63050395164337789 944484689 bright_1x1 openfibertargets_nov2020_6c open_fiber science 0 0 0.0 0.0 -999 ""
FIBERMAP 850 R+3C23 METROLOGY 0 0 0 1 0 0 215.56986539183896 62.7942160137227 143.1 -79.07808219165466 210.13205193100927 226.5556 43.913868 -999.0 -999.0 -999.0 -999.0 -999.0 175.21886825856424 -7.258451128970132 175.21648553756563 -7.412164305875362 64.17907453243424 36.13475198668124 -999.0 6231.0 -999.0 -1 -999 {-999.0 -999.0 -999.0 -999.0 -999.0} "" -999.0 -999.0 -999.0 -999.0 -999 -999 "" "" "" "" 0 0 0.0 0.0 -999 ""
FIBERMAP 853 R+1C21 APOGEE 0 0 0 1 0 0 180.14099005758465 27.307642933928157 143.1 -40.98998625431383 177.51968173746388 43.80124 106.9414 -999.0 -999.0 -999.0 -999.0 -999.0 175.3349796848602 -7.356809077832024 175.3326378288998 -7.510473612841889 64.20277250598895 36.47826404768489 -999.0 16600.0 -999.0 2 -999 {-999.0 -999.0 -999.0 -999.0 -999.0} "" -999.0 -999.0 -999.0 -999.0 -999 -999 "" "" "" "" 0 0 0.0 0.0 -999 ""
FIBERMAP 853 R+1C21 BOSS 1 1 0 1 0 0 180.79855934406837 26.926710641690157 143.1 -40.66042578539531 178.20440307839684 43.80124 106.9414 175.33603888526696 -7.354597137876469 -999.0 -999.0 -999.0 175.3360295579215 -7.354592172666714 175.33363359665395 -7.508345595855249 64.2004428537715 36.477631453345396 5400.0 5400.0 2016.0 1 243 {-999.0 21.623255 21.157698 20.994658 20.878864} sdss_psfmag_from_lsdr10 21.711329 20.904215 20.60171 -999.0 63050395164337477 1131664802 dark_flexible_3x1 bhm_spiders_agn_lsdr10_d3 bhm_spiders science 0 0 0.0 0.0 -999 ""
FIBERMAP 853 R+1C21 METROLOGY 0 0 0 1 0 0 180.15357675905415 26.55975270686123 143.1 -40.24527845748823 177.58937260990976 43.80124 106.9414 -999.0 -999.0 -999.0 -999.0 -999.0 175.33727555853804 -7.3564500468812755 175.33489497635958 -7.510178480907886 64.20134767401481 36.48228660020652 -999.0 6231.0 -999.0 -1 -999 {-999.0 -999.0 -999.0 -999.0 -999.0} "" -999.0 -999.0 -999.0 -999.0 -999 -999 "" "" "" "" 0 0 0.0 0.0 -999 ""
FIBERMAP 855 R+8C7 APOGEE 0 0 1 1 0 0 -66.78521076434546 162.8689609893509 143.1 -157.28270925567583 -79.03068459476178 10.101077 170.22089 -999.0 -999.0 -999.0 -999.0 -999.0 174.97878791100288 -8.134294790603658 174.97618378447862 -8.28773819543691 65.04948146030193 36.73266894369783 -999.0 16600.0 -999.0 2 -999 {-999.0 -999.0 -999.0 -999.0 -999.0} "" -999.0 -999.0 -999.0 -999.0 -999 -999 "" "" "" "" 0 0 0.0 0.0 -999 ""
FIBERMAP 855 R+8C7 BOSS 1 0 1 1 0 0 -66.03336678535787 162.88678575590282 143.1 -157.35792472055894 -78.28243499346223 10.101077 170.22089 174.96971016633827 -8.138775936784509 -999.0 -999.0 -999.0 174.978552965191 -8.131971110928687 174.9758960625402 -8.285499515321904 65.04773146197326 36.729291264315634 5400.0 5400.0 2016.0 1 108 {-999.0 18.398035 17.314268 16.888407 -999.0} sdss_psfmag_ps1 17.84394 19.878317 16.356256 14.115 63050395164321811 1115908267 bright_1x1 openfibertargets_bhm_racsradio_boss open_fiber science 0 0 0.0 0.0 -999 ""
FIBERMAP 855 R+8C7 METROLOGY 0 0 1 1 0 0 -66.39435735618987 162.2312056835092 143.1 -156.67671030737583 -78.5922649384798 10.101077 170.22089 -999.0 -999.0 -999.0 -999.0 -999.0 174.98059826324425 -8.132948714245869 174.9779567227447 -8.28645352579507 65.04746360516523 36.73458985060415 -999.0 6231.0 -999.0 -1 -999 {-999.0 -999.0 -999.0 -999.0 -999.0} "" -999.0 -999.0 -999.0 -999.0 -999 -999 "" "" "" "" 0 0 0.0 0.0 -999 ""
FIBERMAP 861 R+12C6 APOGEE 0 0 0 1 0 0 -48.10514252726831 247.35568742433892 143.1 -242.94578908074666 -66.86117887137947 115.834526 103.36936 -999.0 -999.0 -999.0 -999.0 -999.0 174.71795553680607 -8.096699789597197 174.71529649777437 -8.250075424872978 65.15296526959067 36.16378607419131 -999.0 16600.0 -999.0 2 -999 {-999.0 -999.0 -999.0 -999.0 -999.0} "" -999.0 -999.0 -999.0 -999.0 -999 -999 "" "" "" "" 0 0 0.0 0.0 -999 ""
FIBERMAP 861 R+12C6 BOSS 1 1 0 1 0 0 -47.5378601920458 247.82054564135584 143.1 -243.4526094060775 -66.33109787136095 115.834526 103.36936 174.71645542608601 -8.09502292697533 -0.28637493 0.32957017 -1.0974861 174.7164545332885 -8.095010749678504 174.71374324873273 -8.24847094777459 65.15239761543407 36.158673618153614 5400.0 5400.0 2016.0 1 163 {-999.0 nan nan nan nan} undefined 20.129196 20.181108 19.583597 -999.0 63050395164321272 1131658731 dark_flexible_3x1 bhm_spiders_agn_lsdr10_d3 bhm_spiders science 0 0 0.0 0.0 -999 ""
FIBERMAP 861 R+12C6 METROLOGY 0 0 0 1 0 0 -47.402854223680784 247.09822023139924 143.1 -242.7427437942554 -66.14130448512256 115.834526 103.36936 -999.0 -999.0 -999.0 -999.0 -999.0 174.7185497682753 -8.094479995278403 174.7158539504677 -8.247916873863467 65.15083571363694 36.162227952400144 -999.0 6231.0 -999.0 -1 -999 {-999.0 -999.0 -999.0 -999.0 -999.0} "" -999.0 -999.0 -999.0 -999.0 -999 -999 "" "" "" "" 0 0 0.0 0.0 -999 ""
FIBERMAP 862 R+6C19 APOGEE 0 0 0 1 0 0 166.9566390708936 117.10584912787095 143.1 -129.51421607331227 157.51356892230774 170.98875 123.23187 -999.0 -999.0 -999.0 -999.0 -999.0 175.06459207820117 -7.417590618872641 175.06217906804613 -7.571172710290065 64.39441607056509 36.023796976052154 -999.0 16600.0 -999.0 2 118 {-999.0 -999.0 -999.0 -999.0 -999.0} "" -999.0 -999.0 -999.0 -999.0 -999 -999 "" "" "" "" 0 0 0.0 0.0 -999 ""
FIBERMAP 862 R+6C19 BOSS 1 1 0 1 0 0 166.6185676835412 117.8003886813886 143.1 -130.18086339524947 157.12343603369465 170.98875 123.23187 175.06256387538258 -7.418622125045642 -2.7810786 -8.791793 0.11648218 175.06257530264048 -7.418643711857929 175.060107842016 -7.572312915301911 64.39645602311154 36.02110425290317 5400.0 5400.0 2016.0 1 203 {-999.0 18.510365 17.967756 17.925093 -999.0} sdss_psfmag_ps1 18.381418 18.05384 17.614326 -999.0 63050395164337162 944484676 bright_1x1 openfibertargets_nov2020_6c open_fiber science 0 0 0.0 0.0 -999 ""
FIBERMAP 862 R+6C19 METROLOGY 0 0 0 1 0 0 167.37634965663906 117.73362077737323 143.1 -130.17219106065917 157.8840691860846 170.98875 123.23187 -999.0 -999.0 -999.0 -999.0 -999.0 175.06257521594856 -7.416348418743531 175.06012353563165 -7.569993108486617 64.3944647251967 36.01835025752234 -999.0 6231.0 -999.0 -1 -999 {-999.0 -999.0 -999.0 -999.0 -999.0} "" -999.0 -999.0 -999.0 -999.0 -999 -999 "" "" "" "" 0 0 0.0 0.0 -999 ""
FIBERMAP 863 R+9C12 APOGEE 0 0 0 1 0 0 56.88760104397284 192.0307769275739 143.1 -195.8069876895809 42.04682802532233 117.46791 82.69514 -999.0 -999.0 -999.0 -999.0 -999.0 174.86159580940858 -7.767205347294397 174.85905342546414 -7.920674644690086 64.79761949474775 36.045785178982385 -999.0 16600.0 -999.0 2 144 {-999.0 -999.0 -999.0 -999.0 -999.0} "" -999.0 -999.0 -999.0 -999.0 -999 -999 "" "" "" "" 0 0 0.0 0.0 -999 ""
FIBERMAP 863 R+9C12 BOSS 1 1 0 1 0 0 57.635179035657885 192.2908282922935 143.1 -196.12338455604493 42.77231730960806 117.46791 82.69514 174.86053800000403 -7.765008851948935 -49.912792 28.071144 2.7737188 174.86063635858838 -7.764909565665545 174.85804139541335 -7.918465187440295 64.79625231408238 36.04107830967132 5400.0 5400.0 2016.0 1 146 {-999.0 17.583471 16.140633 15.509465 -999.0} sdss_psfmag_ps1 17.000256 15.977304 14.974793 13.032 63050395164326951 1124104542 bright_1x1 openfibertargets_mwm_snc_further_ext_boss open_fiber science 0 0 0.8913814425468445 0.0 -999 ""
FIBERMAP 863 R+9C12 METROLOGY 0 0 0 1 0 0 57.473539654729194 191.56153066134897 143.1 -195.38390263793738 42.66687889850193 117.46791 82.69514 -999.0 -999.0 -999.0 -999.0 -999.0 174.8628435592552 -7.765247670013293 174.8602640125073 -7.918779425049325 64.79537718258834 36.04587887524684 -999.0 6231.0 -999.0 -1 -999 {-999.0 -999.0 -999.0 -999.0 -999.0} "" -999.0 -999.0 -999.0 -999.0 -999 -999 "" "" "" "" 0 0 0.0 0.0 -999 ""
FIBERMAP 864 R-6C5 APOGEE 0 0 0 1 0 0 -121.67408803134171 -112.64473719417127 143.1 121.6065984927949 -112.70632362668111 16.552639 117.66568 -999.0 -999.0 -999.0 -999.0 -999.0 175.83299852546165 -8.236343855236044 175.8305840309256 -8.389992016511508 64.6792951711846 38.538145828072174 -999.0 16600.0 -999.0 2 294 {-999.0 -999.0 -999.0 -999.0 -999.0} "" -999.0 -999.0 -999.0 -999.0 -999 -999 "" "" "" "" 0 0 0.0 0.0 -999 ""
FIBERMAP 864 R-6C5 BOSS 1 1 0 1 0 0 -121.2035144566806 -113.23879509379373 143.1 122.16293887654336 -112.19175916376274 16.552639 117.66568 175.83480834960935 -8.2347475714636 -999.0 -999.0 -999.0 175.83480565968995 -8.234740569490372 175.83233546054146 -8.388474104677307 64.67707394679756 38.5395726857173 5400.0 5400.0 2015.5 1 485 {-999.0 -999.0 -999.0 -999.0 -999.0} "" -999.0 -999.0 -999.0 -999.0 27021603139068312 820037179 "" ops_sky_boss_good ops_sky sky_boss 0 0 0.0 0.0 -999 ""
FIBERMAP 864 R-6C5 METROLOGY 0 0 0 1 0 0 -121.94944670615887 -113.3335533275405 143.1 122.31440768722173 -112.92823659170155 16.552639 117.66568 -999.0 -999.0 -999.0 -999.0 -999.0 175.83526671419114 -8.237006838812391 175.83281217755348 -8.390716116774284 64.6786855091023 38.543380123992335 -999.0 6231.0 -999.0 -1 -999 {-999.0 -999.0 -999.0 -999.0 -999.0} "" -999.0 -999.0 -999.0 -999.0 -999 -999 "" "" "" "" 0 0 0.0 0.0 -999 ""
FIBERMAP 867 R-6C9 APOGEE 0 0 0 1 0 0 -51.94742289322644 -106.76957793730415 143.1 110.4215127987287 -43.63558614992145 117.19745 126.58138 -999.0 -999.0 -999.0 -999.0 -999.0 175.79877842514423 -8.027058812840208 175.79639796659387 -8.180732287245787 64.52288891370291 38.20456645240722 -999.0 16600.0 -999.0 2 -999 {-999.0 -999.0 -999.0 -999.0 -999.0} "" -999.0 -999.0 -999.0 -999.0 -999 -999 "" "" "" "" 0 0 0.0 0.0 -999 ""
FIBERMAP 867 R-6C9 BOSS 1 1 0 1 0 0 -51.62667971175103 -106.09330539977702 143.1 109.72274241150394 -43.367465064935374 117.19745 126.58138 175.7967566360837 -8.026185826872217 -0.35258195 -0.660657 0.23696412 175.79675387801575 -8.0261858039884 175.79431672214957 -8.17994449431757 64.52335466851615 38.199554623105314 5400.0 5400.0 2016.0 1 371 {-999.0 16.589985 16.94863 17.278234 -999.0} sdss_psfmag_ps1 16.64882 16.76582 16.975534 -999.0 63050395164329894 1092148477 dark_flexible_2x1 mwm_cb_galex_mag_boss mwm_cb science 0 0 0.0 0.0 -999 ""
FIBERMAP 867 R-6C9 METROLOGY 0 0 0 1 0 0 -51.20183508028002 -106.70960269256204 143.1 110.30475000981818 -42.89679458832852 117.19745 126.58138 -999.0 -999.0 -999.0 -999.0 -999.0 175.79852974346852 -8.024783296985456 175.79610927424824 -8.178518399194177 64.52119083340894 38.20119806588929 -999.0 6231.0 -999.0 -1 -999 {-999.0 -999.0 -999.0 -999.0 -999.0} "" -999.0 -999.0 -999.0 -999.0 -999 -999 "" "" "" "" 0 0 0.0 0.0 -999 ""
FIBERMAP 873 R+3C16 APOGEE 0 0 0 1 0 0 87.56277097889722 62.42083289848472 143.1 -68.92559814476488 82.53358534403834 357.5641 141.658 -999.0 -999.0 -999.0 -999.0 -999.0 175.24925655265733 -7.644387386321324 175.24683120424606 -7.7979827841038825 64.49205500578763 36.66028734381871 -999.0 16600.0 -999.0 2 71 {-999.0 -999.0 -999.0 -999.0 -999.0} "" -999.0 -999.0 -999.0 -999.0 -999 -999 "" "" "" "" 0 0 0.0 0.0 -999 ""
FIBERMAP 873 R+3C16 BOSS 1 1 0 1 0 0 88.07443397864047 61.8681050182811 143.1 -68.41360443863796 83.0859594580034 357.5641 141.658 175.25082551853916 -7.64253827467452 4.0194325 -15.438587 0.30319282 175.25084194176085 -7.642579506713623 175.24836293596206 -7.796262570721684 64.48979329404335 36.66117706685952 5400.0 5400.0 2016.0 1 228 {-999.0 17.119658 16.742704 16.727213 -999.0} sdss_psfmag_ps1 17.023811 16.749605 16.289402 15.427 63050395164331719 976147975 "" ops_std_boss ops_std standard_boss 0 0 0.0 0.0 -999 ""
FIBERMAP 873 R+3C16 METROLOGY 0 0 0 1 0 0 87.35414466411414 61.70286889762992 143.1 -68.19382622964724 82.38043358976792 357.5641 141.658 -999.0 -999.0 -999.0 -999.0 -999.0 175.25149040990868 -7.6447356006525675 175.24902647919077 -7.7983938416446765 64.49125806274495 36.66508257961681 -999.0 6231.0 -999.0 -1 -999 {-999.0 -999.0 -999.0 -999.0 -999.0} "" -999.0 -999.0 -999.0 -999.0 -999 -999 "" "" "" "" 0 0 0.0 0.0 -999 ""
FIBERMAP 874 R+8C3 APOGEE 0 0 1 1 0 0 -154.03245463090167 162.90482561413006 143.1 -150.65245922605675 -166.0215995969544 10.607438 169.70331 -999.0 -999.0 -999.0 -999.0 -999.0 174.99937005564826 -8.397448092678674 174.99670748371977 -8.550855322479439 65.26165628663111 37.10615893875121 -999.0 16600.0 -999.0 2 16 {-999.0 -999.0 -999.0 -999.0 -999.0} "" -999.0 -999.0 -999.0 -999.0 -999 -999 "" "" "" "" 0 0 0.0 0.0 -999 ""
FIBERMAP 874 R+8C3 BOSS 1 0 1 1 0 0 -153.2899699696494 162.8306534977718 143.1 -150.635235894436 -165.27565262421135 10.607438 169.70331 175.047062931158 -8.38749322430106 -999.0 -999.0 -999.0 174.99944327175777 -8.395143636911227 174.9967279767459 -8.54863482131986 65.25976735100059 37.10336924679984 5400.0 5400.0 2016.0 1 25 {-999.0 21.683659 21.386576 21.34091 21.340199} sdss_psfmag_from_lsdr10 nan nan nan -999.0 63050397591182249 1131654713 dark_flexible_3x1 bhm_spiders_agn_lsdr10_d3 bhm_spiders science 0 0 0.0 0.0 -999 ""
FIBERMAP 874 R+8C3 METROLOGY 0 0 1 1 0 0 -153.7245854837113 162.22149621385213 143.1 -149.99468120882267 -165.66243576363982 10.607438 169.70331 -999.0 -999.0 -999.0 -999.0 -999.0 175.00136228583642 -8.39636809125806 174.99866229172142 -8.549835925230807 65.25976275996172 37.108766205016025 -999.0 6231.0 -999.0 -1 -999 {-999.0 -999.0 -999.0 -999.0 -999.0} "" -999.0 -999.0 -999.0 -999.0 -999 -999 "" "" "" "" 0 0 0.0 0.0 -999 ""
FIBERMAP 876 R+5C22 APOGEE 0 0 0 1 0 0 244.13916539660508 91.82964795422565 143.1 -110.2100961785264 236.39810613907127 304.0106 140.25946 -999.0 -999.0 -999.0 -999.0 -999.0 175.12422348131486 -7.179756663818533 175.12187862536257 -7.333393560392902 64.16033100861631 35.856894461864215 -999.0 16600.0 -999.0 2 87 {-999.0 -999.0 -999.0 -999.0 -999.0} "" -999.0 -999.0 -999.0 -999.0 -999 -999 "" "" "" "" 0 0 0.0 0.0 -999 ""
FIBERMAP 876 R+5C22 BOSS 1 1 0 1 0 0 244.09290215533235 91.09368508557571 143.1 -109.47278397280446 236.40821052207434 304.0106 140.25946 175.12653153853202 -7.179647644224744 -0.14520615 0.07042336 0.14526758 175.12651980283798 -7.179626473383176 175.12412136472915 -7.333352928799643 64.15914733425049 35.861216330234356 5400.0 5400.0 2016.0 1 260 {-999.0 19.353905 19.053663 18.775717 18.546005} sdss_psfmag_from_gaiadr2 19.450022 19.116005 18.521704 -999.0 63050395164337891 1130008485 dark_flexible_3x1 bhm_gua_dark_d3 bhm_filler science 0 0 0.0 0.0 -999 ""
FIBERMAP 876 R+5C22 METROLOGY 0 0 0 1 0 0 243.45660363417366 91.51985337618609 143.1 -109.84907128200848 235.7412405902363 304.0106 140.25946 -999.0 -999.0 -999.0 -999.0 -999.0 175.1253311641461 -7.181615194897637 175.12294735133128 -7.335315800451873 64.16142953231157 35.8612548977481 -999.0 6231.0 -999.0 -1 -999 {-999.0 -999.0 -999.0 -999.0 -999.0} "" -999.0 -999.0 -999.0 -999.0 -999 -999 "" "" "" "" 0 0 0.0 0.0 -999 ""
FIBERMAP 878 R-3C23 APOGEE 0 0 0 1 0 0 236.1974226576171 -43.365764679187464 143.1 25.190649868525988 238.80936876089146 100.80576 103.3665 -999.0 -999.0 -999.0 -999.0 -999.0 175.5370523585631 -7.17203848526264 175.53479234327483 -7.325785280596328 63.94031273556125 36.64648088862327 -999.0 16600.0 -999.0 2 -999 {-999.0 -999.0 -999.0 -999.0 -999.0} "" -999.0 -999.0 -999.0 -999.0 -999 -999 "" "" "" "" 0 0 0.0 0.0 -999 ""
FIBERMAP 878 R-3C23 BOSS 1 1 0 1 0 0 236.8855247036127 -43.055355335677525 143.1 24.82858873409793 239.47171117182987 100.80576 103.3665 175.53600412692526 -7.169941896802308 -999.0 -999.0 -999.0 175.53600418325897 -7.16993114224023 175.53368877959497 -7.3237671786398515 63.939172636453975 36.64194491057668 5400.0 5400.0 2016.0 1 279 {-999.0 23.421099 22.00417 21.180294 20.654942} sdss_fiber2mag_from_lsdr10 nan nan nan -999.0 63050396875878994 1131664805 dark_flexible_3x1 bhm_spiders_agn_lsdr10_d3 bhm_spiders science 0 0 0.0 0.0 -999 ""
FIBERMAP 878 R-3C23 METROLOGY 0 0 0 1 0 0 236.8025100585843 -43.80550034295248 143.1 25.58284890798154 239.4462568466689 100.80576 103.3665 -999.0 -999.0 -999.0 -999.0 -999.0 175.53829351112373 -7.169993339928166 175.53599431172177 -7.323804680746357 63.93800119839128 36.64641585764309 -999.0 6231.0 -999.0 -1 -999 {-999.0 -999.0 -999.0 -999.0 -999.0} "" -999.0 -999.0 -999.0 -999.0 -999 -999 "" "" "" "" 0 0 0.0 0.0 -999 ""
FIBERMAP 879 R0C22 APOGEE 0 0 0 1 0 0 188.13005068717052 11.251669159561985 143.1 -25.592081969741095 186.71175496850944 62.6652 107.88134 -999.0 -999.0 -999.0 -999.0 -999.0 175.38204729115333 -7.329023769855562 175.37972145300932 -7.482705130875237 64.15463886110062 36.53604391280112 -999.0 16600.0 -999.0 2 -999 {-999.0 -999.0 -999.0 -999.0 -999.0} "" -999.0 -999.0 -999.0 -999.0 -999 -999 "" "" "" "" 0 0 0.0 0.0 -999 ""
FIBERMAP 879 R0C22 BOSS 1 1 0 1 0 0 188.88960133127262 11.09908280540362 143.1 -25.49798114437408 187.48070838317005 62.6652 107.88134 175.38252522242536 -7.326465230424229 -48.584248 -31.5078 2.365135 175.3823828994736 -7.326555292200188 175.38000267358723 -7.480325540444488 64.15246727512118 36.53372230267382 5400.0 5400.0 2016.0 1 255 {-999.0 19.413378 18.87891 17.65863 -999.0} sdss_psfmag_ps1 19.309116 18.19893 17.141916 15.046 63050395164337491 1092434261 dark_flexible_2x1 mwm_cb_galex_vol_boss mwm_cb science 0 0 0.0 0.0 -999 ""
FIBERMAP 879 R0C22 METROLOGY 0 0 0 1 0 0 188.38330421179307 10.547850383837474 143.1 -24.909702584444165 187.0180308161972 62.6652 107.88134 -999.0 -999.0 -999.0 -999.0 -999.0 175.38416069757503 -7.3279503561353 175.38179611655812 -7.481695786430412 64.15269974730995 36.53884371053317 -999.0 6231.0 -999.0 -1 -999 {-999.0 -999.0 -999.0 -999.0 -999.0} "" -999.0 -999.0 -999.0 -999.0 -999 -999 "" "" "" "" 0 0 0.0 0.0 -999 ""
FIBERMAP 881 R+5C5 APOGEE 0 0 1 1 0 0 -144.73288385088676 104.69116773647713 143.1 -93.32218022070157 -152.30190652648318 8.939747 171.93553 -999.0 -999.0 -999.0 -999.0 -999.0 175.1745541375483 -8.356518077167031 175.17194651050727 -8.509979507625795 65.13436243046863 37.4029524900634 -999.0 16600.0 -999.0 2 27 {-999.0 -999.0 -999.0 -999.0 -999.0} "" -999.0 -999.0 -999.0 -999.0 -999 -999 "" "" "" "" 0 0 0.0 0.0 -999 ""
FIBERMAP 881 R+5C5 BOSS 1 0 1 1 0 0 -143.9898578471861 104.6762432122378 143.1 -93.36406991391866 -151.55994655121444 8.939747 171.93553 175.15640258789065 -8.345479105465245 -999.0 -999.0 -999.0 175.17444379958624 -8.354244520932147 175.17178270987847 -8.507790114415094 65.13260259766962 37.39983123162199 5400.0 5400.0 2015.5 1 43 {-999.0 -999.0 -999.0 -999.0 -999.0} "" -999.0 -999.0 -999.0 -999.0 27021603139061703 811637196 "" ops_sky_boss_good ops_sky sky_boss 0 0 0.0 0.0 -999 ""
FIBERMAP 881 R+5C5 METROLOGY 0 0 1 1 0 0 -144.3833952449655 104.03025901038255 143.1 -92.68993618113896 -151.9029598392826 8.939747 171.93553 -999.0 -999.0 -999.0 -999.0 -999.0 175.17648124955178 -8.355329144941885 175.1738357180492 -8.508851353428323 65.13240728454437 37.40525946512844 -999.0 6231.0 -999.0 -1 -999 {-999.0 -999.0 -999.0 -999.0 -999.0} "" -999.0 -999.0 -999.0 -999.0 -999 -999 "" "" "" "" 0 0 0.0 0.0 -999 ""
FIBERMAP 882 R-1C8 APOGEE 0 0 0 1 0 0 -141.4490161724608 -18.917583922894995 143.1 29.668632251728628 -139.58362966628908 215.21904 74.6663 -999.0 -999.0 -999.0 -999.0 -999.0 175.5514105959135 -8.318245859636837 175.54890794707035 -8.471811544944044 64.90045316467656 38.09629271720786 -999.0 16600.0 -999.0 2 -999 {-999.0 -999.0 -999.0 -999.0 -999.0} "" -999.0 -999.0 -999.0 -999.0 -999 -999 "" "" "" "" 0 0 0.0 0.0 -999 ""
FIBERMAP 882 R-1C8 BOSS 1 1 0 1 0 0 -141.71259604498016 -18.208152580056968 143.1 28.98144593579063 -139.90063001979206 215.21904 74.6663 175.54937986183006 -8.319176377394271 -7.5696034 -6.136179 0.35436246 175.54937301444488 -8.319187308223604 175.5468142605299 -8.472836499740842 64.90244180452831 38.09351904432293 5400.0 5400.0 2016.0 1 459 {-999.0 17.02418 16.618467 16.460989 -999.0} sdss_psfmag_ps1 16.967115 16.62958 16.204588 15.424 63050395164319802 977028373 "" ops_std_boss ops_std standard_boss 0 0 0.0 0.0 -999 ""
FIBERMAP 882 R-1C8 METROLOGY 0 0 0 1 0 0 -140.97076116103545 -18.342457536052372 143.1 29.058673195962424 -139.15073652630662 215.21904 74.6663 -999.0 -999.0 -999.0 -999.0 -999.0 175.54959749476558 -8.316956794118635 175.54705497325335 -8.470582552072045 64.90042280595728 38.091091143472454 -999.0 6231.0 -999.0 -1 -999 {-999.0 -999.0 -999.0 -999.0 -999.0} "" -999.0 -999.0 -999.0 -999.0 -999 -999 "" "" "" "" 0 0 0.0 0.0 -999 ""
FIBERMAP 883 R+4C1 APOGEE 0 0 0 1 0 0 -240.50937358066636 83.2521222022723 143.1 -64.62912137065432 -246.15597934668926 346.6571 160.62633 -999.0 -999.0 -999.0 -999.0 -999.0 175.26276535744643 -8.63960145104544 175.26011538760895 -8.79304145353319 65.32537725026862 37.943204904541346 -999.0 16600.0 -999.0 2 2 {-999.0 -999.0 -999.0 -999.0 -999.0} "" -999.0 -999.0 -999.0 -999.0 -999 -999 "" "" "" "" 0 0 0.0 0.0 -999 ""
FIBERMAP 883 R+4C1 BOSS 1 1 0 1 0 0 -239.86837651616912 82.87442412260224 143.1 -64.30151933244025 -245.48802812439544 346.6571 160.62633 175.26381448439034 -8.637527722298893 1.3056242 0.78037673 -0.93378234 175.26381483371625 -8.63752746317202 175.26111138686144 -8.791050727840675 65.32317143322531 37.942588613877376 5400.0 5400.0 2016.0 1 2 {-999.0 20.750742 20.15867 19.765657 19.515743} sdss_fiber2mag_from_lsdr10 19.721886 20.27886 18.533611 -999.0 63050395164318841 1131652680 dark_flexible_3x1 bhm_spiders_agn_lsdr10_d3 bhm_spiders science 0 0 0.0 0.0 -999 ""
FIBERMAP 883 R+4C1 METROLOGY 0 0 0 1 0 0 -240.5381416990873 82.51318496275522 143.1 -63.890180317361065 -246.12820453746798 346.6571 160.62633 -999.0 -999.0 -999.0 -999.0 -999.0 175.2650493067854 -8.639519890277228 175.26236110260413 -8.793019736035658 65.32415144138874 37.94763680009436 -999.0 6231.0 -999.0 -1 -999 {-999.0 -999.0 -999.0 -999.0 -999.0} "" -999.0 -999.0 -999.0 -999.0 -999 -999 "" "" "" "" 0 0 0.0 0.0 -999 ""
FIBERMAP 884 R+2C18 APOGEE 0 0 0 1 0 0 119.5310009814296 25.422038464540396 143.1 -34.47915625272562 117.23373300894706 315.65277 100.167786 -999.0 -999.0 -999.0 -999.0 -999.0 175.3547588638608 -7.539157295410676 175.3523805506071 -7.692797514297085 64.34752841874278 36.73759977087167 -999.0 16600.0 -999.0 2 -999 {-999.0 -999.0 -999.0 -999.0 -999.0} "" -999.0 -999.0 -999.0 -999.0 -999 -999 "" "" "" "" 0 0 0.0 0.0 -999 ""
FIBERMAP 884 R+2C18 BOSS 1 1 0 1 0 0 118.99616129625132 24.74765674439911 143.1 -33.765913313345926 116.75200668591171 315.65277 100.167786 175.35698708704982 -7.540466374832655 -0.2121508 -1.518054 -0.06502483 175.35697822533845 -7.540468231925814 175.35454525374564 -7.69419627162242 64.34758404762438 36.74351403136643 5400.0 5400.0 2016.0 1 208 {-999.0 17.850327 17.079279 16.921677 -999.0} sdss_psfmag_ps1 17.64613 17.173256 16.530777 15.266 63050395164336755 944083570 bright_1x1 openfibertargets_nov2020_6b open_fiber science 0 0 0.0 0.0 -999 ""
FIBERMAP 884 R+2C18 METROLOGY 0 0 0 1 0 0 118.78428617117883 25.465801564844813 143.1 -34.46573766497258 116.48589180798406 315.65277 100.167786 -999.0 -999.0 -999.0 -999.0 -999.0 175.35481664360327 -7.541288414840233 175.3523985673122 -7.694990970090496 64.34938198917946 36.74030933911723 -999.0 6231.0 -999.0 -1 -999 {-999.0 -999.0 -999.0 -999.0 -999.0} "" -999.0 -999.0 -999.0 -999.0 -999 -999 "" "" "" "" 0 0 0.0 0.0 -999 ""
FIBERMAP 888 R-5C14 APOGEE 0 0 0 1 0 0 61.291134901827824 -110.36203286679839 143.1 105.35146091887373 69.54120153310937 301.69904 107.23611 -999.0 -999.0 -999.0 -999.0 -999.0 175.78286400967855 -7.683665706221061 175.78054964009914 -7.83739065389311 64.24318164191934 37.74258933347244 -999.0 16600.0 -999.0 2 196 {-999.0 -999.0 -999.0 -999.0 -999.0} "" -999.0 -999.0 -999.0 -999.0 -999 -999 "" "" "" "" 0 0 0.0 0.0 -999 ""
FIBERMAP 888 R-5C14 BOSS 1 1 0 1 0 0 60.80386887301587 -110.93053756894709 143.1 105.95550642680243 69.09881821185377 301.69904 107.23611 175.7848402642748 -7.68486946511582 -4.6403484 -5.353225 -0.07728615 175.78482337398864 -7.684885129839455 175.782452765161 -7.838697399820195 64.24326240273908 37.74786490036195 5400.0 5400.0 2016.0 1 271 {-999.0 18.204336 17.821121 17.606731 -999.0} sdss_psfmag_ps1 18.07703 17.770601 17.290865 16.279 63050395164331945 944484723 bright_1x1 openfibertargets_nov2020_6c open_fiber science 0 0 0.0 0.0 -999 ""
FIBERMAP 888 R-5C14 METROLOGY 0 0 0 1 0 0 60.55077203792322 -110.23231982082152 143.1 105.27869946594761 68.79312652739723 301.69904 107.23611 -999.0 -999.0 -999.0 -999.0 -999.0 175.78275062415958 -7.685830000520738 175.78039535622986 -7.839616942957028 64.24513752122446 37.74506176900945 -999.0 6231.0 -999.0 -1 -999 {-999.0 -999.0 -999.0 -999.0 -999.0} "" -999.0 -999.0 -999.0 -999.0 -999 -999 "" "" "" "" 0 0 0.0 0.0 -999 ""
FIBERMAP 889 R-7C3 APOGEE 0 0 0 1 0 0 -184.15056482561195 -138.4212641119689 143.1 152.08001651563686 -173.0278640346856 211.92067 92.149994 -999.0 -999.0 -999.0 -999.0 -999.0 175.9259078534089 -8.41833398980374 175.92348054582112 -8.57197518492204 64.78003386480735 38.953320830802966 -999.0 16600.0 -999.0 2 245 {-999.0 -999.0 -999.0 -999.0 -999.0} "" -999.0 -999.0 -999.0 -999.0 -999 -999 "" "" "" "" 0 0 0.0 0.0 -999 ""
FIBERMAP 889 R-7C3 BOSS 1 1 0 1 0 0 -184.46764454480297 -137.7576934819037 143.1 151.44264231893146 -173.39470144820976 211.92067 92.149994 175.9240723272558 -8.419334765464278 -7.302093 -22.429304 0.3488983 175.9240413449521 -8.41939248751249 175.92155657171213 -8.573117004601583 64.78204067549295 38.9510993752275 5400.0 5400.0 2016.0 1 502 {-999.0 16.921015 16.615341 16.432665 -999.0} sdss_psfmag_ps1 16.848156 16.572805 16.137356 15.251 63050395164250788 976147964 "" ops_std_boss ops_std standard_boss 0 0 0.0 0.0 -999 ""
FIBERMAP 889 R-7C3 METROLOGY 0 0 0 1 0 0 -183.74827005665188 -137.79167100480416 143.1 151.42155611122814 -172.67486703976877 211.92067 92.149994 -999.0 -999.0 -999.0 -999.0 -999.0 175.92398960238785 -8.417272849733955 175.9215213249679 -8.570973914221842 64.78027867285552 38.948235082040526 -999.0 6231.0 -999.0 -1 -999 {-999.0 -999.0 -999.0 -999.0 -999.0} "" -999.0 -999.0 -999.0 -999.0 -999 -999 "" "" "" "" 0 0 0.0 0.0 -999 ""
FIBERMAP 890 R+11C6 APOGEE 0 0 0 1 0 0 -48.13025670355047 233.8343617992173 143.1 -229.46269441363964 -65.85313980119687 139.81145 25.632092 -999.0 -999.0 -999.0 -999.0 -999.0 174.75889606725443 -8.09378665071758 174.75624781806494 -8.24717452151051 65.1293388796343 36.24241898521524 -999.0 16600.0 -999.0 2 146 {-999.0 -999.0 -999.0 -999.0 -999.0} "" -999.0 -999.0 -999.0 -999.0 -999 -999 "" "" "" "" 0 0 0.0 0.0 -999 ""
FIBERMAP 890 R+11C6 BOSS 1 1 0 1 0 0 -47.39697640078388 233.62733020375825 143.1 -229.31230286480582 -65.10621890626503 139.81145 25.632092 174.75937431648234 -8.091447724787631 -999.0 -999.0 -999.0 174.75937657572544 -8.091451592389195 174.7566765655348 -8.244924735753836 65.12719881138085 36.240484928860326 5400.0 5400.0 2016.0 1 149 {-999.0 21.244349 20.999456 20.835814 20.694363} sdss_psfmag_from_lsdr10 nan nan nan -999.0 63050399012265600 1131658732 dark_flexible_3x1 bhm_spiders_agn_lsdr10_d3 bhm_spiders science 0 0 0.0 0.0 -999 ""
FIBERMAP 890 R+11C6 METROLOGY 0 0 0 1 0 0 -47.955204282003386 233.10872330614606 143.1 -228.75258525178032 -65.62316574272415 139.81145 25.632092 -999.0 -999.0 -999.0 -999.0 -999.0 174.76102402536435 -8.093055961872322 174.75833887951399 -8.246505296431339 65.12768712200292 36.24578327552888 -999.0 6231.0 -999.0 -1 -999 {-999.0 -999.0 -999.0 -999.0 -999.0} "" -999.0 -999.0 -999.0 -999.0 -999 -999 "" "" "" "" 0 0 0.0 0.0 -999 ""
FIBERMAP 892 R-3C17 APOGEE 0 0 0 1 0 0 101.18282154831553 -43.45237076317807 143.1 35.59260754142492 104.20229252113286 100.78957 104.10479 -999.0 -999.0 -999.0 -999.0 -999.0 175.56926574407004 -7.578590678865124 175.56692582059281 -7.732279674306802 64.26816043989962 37.20157061070745 -999.0 16600.0 -999.0 2 -999 {-999.0 -999.0 -999.0 -999.0 -999.0} "" -999.0 -999.0 -999.0 -999.0 -999 -999 "" "" "" "" 0 0 0.0 0.0 -999 ""
FIBERMAP 892 R-3C17 BOSS 1 1 0 1 0 0 101.87205052183478 -43.12378569696161 143.1 35.212338553294806 104.8643698217204 100.78957 104.10479 175.5681337595057 -7.576403083851062 14.776844 -12.579561 3.2618215 175.56817455405792 -7.576440290277124 175.56577920927623 -7.730216760950689 64.2670219130055 37.1968221713073 5400.0 5400.0 2016.0 1 298 {-999.0 22.537312 20.910048 19.08076 -999.0} sdss_psfmag_ps1 21.371841 19.96944 18.65422 16.08 63050395164332421 1124104634 dark_1x1 openfibertargets_mwm_snc_further_ext_boss open_fiber science 0 0 0.0 0.0 -999 ""
FIBERMAP 892 R-3C17 METROLOGY 0 0 0 1 0 0 101.80327539655283 -43.870144911497 143.1 35.96173622451758 104.85282348555603 100.78957 104.10479 -999.0 -999.0 -999.0 -999.0 -999.0 175.5704567238939 -7.576489570747273 175.56807763139864 -7.7302418411666745 64.26582794675652 37.2012894837863 -999.0 6231.0 -999.0 -1 -999 {-999.0 -999.0 -999.0 -999.0 -999.0} "" -999.0 -999.0 -999.0 -999.0 -999 -999 "" "" "" "" 0 0 0.0 0.0 -999 ""
FIBERMAP 893 R+11C7 APOGEE 0 0 0 1 0 0 -45.482088949409665 199.0804356596285 143.1 -195.0142951124675 -60.55750850939073 270.89377 69.62502 -999.0 -999.0 -999.0 -999.0 -999.0 174.8636937333941 -8.078059521451163 174.86107508434657 -8.231479704732019 65.06164890879714 36.432801920414704 -999.0 16600.0 -999.0 2 130 {-999.0 -999.0 -999.0 -999.0 -999.0} "" -999.0 -999.0 -999.0 -999.0 -999 -999 "" "" "" "" 0 0 0.0 0.0 -999 ""
FIBERMAP 893 R+11C7 BOSS 1 1 0 1 0 0 -46.219213240113305 199.30827646428295 143.1 -195.18514038560468 -61.309851877651994 270.89377 69.62502 174.86315069646145 -8.0803194318581 -999.0 -999.0 -999.0 174.86317547124807 -8.080267323048306 174.86050328984868 -8.233771869467116 65.06389708008997 36.43451221589453 5400.0 5400.0 2016.0 1 117 {-999.0 21.806831 20.440735 19.918837 19.558256} sdss_fiber2mag_from_lsdr10 20.680214 21.614138 18.69803 -999.0 63050395164321857 1128417556 dark_flexible_3x1 bhm_spiders_clusters_lsdr10_d3 bhm_spiders science 0 0 0.0 0.0 -999 ""
FIBERMAP 893 R+11C7 METROLOGY 0 0 0 1 0 0 -45.63821363965359 199.8118788838758 143.1 -195.73163791694546 -60.76905454260106 270.89377 69.62502 -999.0 -999.0 -999.0 -999.0 -999.0 174.8614672705858 -8.078657965905167 174.85881005370788 -8.23213824235396 65.06338577063005 36.42909547421317 -999.0 6231.0 -999.0 -1 -999 {-999.0 -999.0 -999.0 -999.0 -999.0} "" -999.0 -999.0 -999.0 -999.0 -999 -999 "" "" "" "" 0 0 0.0 0.0 -999 ""
FIBERMAP 900 R-5C6 APOGEE 0 0 0 1 0 0 -137.96684313635117 -112.77652691354271 143.1 122.9828228901695 -128.94063035269525 294.76184 31.209568 -999.0 -999.0 -999.0 -999.0 -999.0 175.83717706272043 -8.285464348620208 175.83475368874974 -8.43910565142536 64.71800090094524 38.609540935820974 -999.0 16600.0 -999.0 2 -999 {-999.0 -999.0 -999.0 -999.0 -999.0} "" -999.0 -999.0 -999.0 -999.0 -999 -999 "" "" "" "" 0 0 0.0 0.0 -999 ""
FIBERMAP 900 R-5C6 BOSS 1 1 0 1 0 0 -138.6193627782753 -112.24565462158597 143.1 122.50338183706936 -129.63177300704723 294.76184 31.209568 175.8358033653422 -8.287552923043679 -999.0 -999.0 -999.0 175.8358096078998 -8.287520845118959 175.833329001454 -8.44124594564127 64.72056348514155 38.609553350221006 5400.0 5400.0 2016.0 1 484 {-999.0 21.9619 22.033709 21.542028 21.153358} sdss_fiber2mag_from_lsdr10 nan nan nan -999.0 63050399021121754 1131656777 dark_flexible_3x1 bhm_spiders_agn_lsdr10_d3 bhm_spiders science 0 0 0.0 0.0 -999 ""
FIBERMAP 900 R-5C6 METROLOGY 0 0 0 1 0 0 -137.91501543171117 -112.0303284775836 143.1 122.23488036496107 -128.94596882999727 294.76184 31.209568 -999.0 -999.0 -999.0 -999.0 -999.0 175.8349901029708 -8.285488984025289 175.83252570581817 -8.439190284971861 64.71928721785932 38.60534596258543 -999.0 6231.0 -999.0 -1 -999 {-999.0 -999.0 -999.0 -999.0 -999.0} "" -999.0 -999.0 -999.0 -999.0 -999 -999 "" "" "" "" 0 0 0.0 0.0 -999 ""
FIBERMAP 909 R+1C23 APOGEE 0 0 0 1 0 0 208.48164827137194 11.146203383578706 143.1 -27.041865763301 207.01097916896063 204.40898 148.45639 -999.0 -999.0 -999.0 -999.0 -999.0 175.37765507779636 -7.267802490696885 175.3753418694571 -7.421492640322904 64.10480095742626 36.453984985983425 -999.0 16600.0 -999.0 2 -999 {-999.0 -999.0 -999.0 -999.0 -999.0} "" -999.0 -999.0 -999.0 -999.0 -999 -999 "" "" "" "" 0 0 0.0 0.0 -999 ""
FIBERMAP 909 R+1C23 BOSS 1 1 0 1 0 0 207.7527280985969 11.237387065947974 143.1 -27.077086523829536 206.27725666096643 204.40898 148.45639 175.37758588835658 -7.269863815464658 -999.0 -999.0 -999.0 175.3775943802696 -7.269874640089777 175.37522570045292 -7.423653082446899 64.10670140291184 36.456352605622214 5400.0 5400.0 2016.0 1 190 {-999.0 22.04072 21.76124 21.609732 21.4849} sdss_psfmag_from_lsdr10 nan nan nan -999.0 63050398306046359 1131664804 dark_flexible_3x1 bhm_spiders_agn_lsdr10_d3 bhm_spiders science 0 0 0.0 0.0 -999 ""
FIBERMAP 909 R+1C23 METROLOGY 0 0 0 1 0 0 208.1858213736489 11.833214783323767 143.1 -27.704234918647465 206.6635405090497 204.40898 148.45639 -999.0 -999.0 -999.0 -999.0 -999.0 175.37566043196506 -7.268706983496721 175.37330720446562 -7.422459992330831 64.10668206016226 36.45121058692678 -999.0 6231.0 -999.0 -1 -999 {-999.0 -999.0 -999.0 -999.0 -999.0} "" -999.0 -999.0 -999.0 -999.0 -999 -999 "" "" "" "" 0 0 0.0 0.0 -999 ""
FIBERMAP 911 R+5C9 APOGEE 0 0 0 1 0 0 -43.532127361670035 104.09510401581733 143.1 -100.45999392965669 -51.35611073867836 39.996452 107.40948 -999.0 -999.0 -999.0 -999.0 -999.0 175.15250408202232 -8.050688586000643 175.14996237060495 -8.204192849631356 64.8874893561663 36.97271888905016 -999.0 16600.0 -999.0 2 43 {-999.0 -999.0 -999.0 -999.0 -999.0} "" -999.0 -999.0 -999.0 -999.0 -999 -999 "" "" "" "" 0 0 0.0 0.0 -999 ""
FIBERMAP 911 R+5C9 BOSS 1 1 0 1 0 0 -42.93019845728953 103.67866557377242 143.1 -100.09078161325127 -50.72415176360112 39.996452 107.40948 175.15365600585935 -8.048693889838987 -999.0 -999.0 -999.0 175.15363412930682 -8.048714451982846 175.1510391955053 -8.202304476933149 64.88532330384376 36.972481939128045 5400.0 5400.0 2015.5 1 77 {-999.0 -999.0 -999.0 -999.0 -999.0} "" -999.0 -999.0 -999.0 -999.0 27021603139062817 820036870 "" ops_sky_boss_good ops_sky sky_boss 0 0 0.0 0.0 -999 ""
FIBERMAP 911 R+5C9 METROLOGY 0 0 0 1 0 0 -43.575263558619625 103.34643415726173 143.1 -99.7102513833505 -51.34191773624378 39.996452 107.40948 -999.0 -999.0 -999.0 -999.0 -999.0 175.15477408781427 -8.050619463412156 175.15219427399984 -8.204185357722933 64.88630909060561 36.97711878999587 -999.0 6231.0 -999.0 -1 -999 {-999.0 -999.0 -999.0 -999.0 -999.0} "" -999.0 -999.0 -999.0 -999.0 -999 -999 "" "" "" "" 0 0 0.0 0.0 -999 ""
FIBERMAP 913 R-2C5 APOGEE 0 0 0 1 0 0 -174.0259061291686 -49.72222716319714 143.1 62.870798614119416 -169.71019961599538 287.57266 125.1061 -999.0 -999.0 -999.0 -999.0 -999.0 175.65311618783477 -8.409193365583718 175.65062022775874 -8.562769985786165 64.92149810370621 38.4122498525025 -999.0 16600.0 -999.0 2 287 {-999.0 -999.0 -999.0 -999.0 -999.0} "" -999.0 -999.0 -999.0 -999.0 -999 -999 "" "" "" "" 0 0 0.0 0.0 -999 ""
FIBERMAP 913 R-2C5 BOSS 1 1 0 1 0 0 -174.46626287435652 -50.29887540513167 143.1 63.47937944004302 -170.1051907482982 287.57266 125.1061 175.6550946801539 -8.410392005551813 -10.708216 12.884249 1.4251149 175.655056983893 -8.410357083107051 175.6525055198175 -8.564017830408496 64.921516283171 38.41754236095085 5400.0 5400.0 2016.0 1 471 {-999.0 19.31947 17.945084 16.697748 -999.0} sdss_psfmag_ps1 18.771921 17.493555 16.328203 14.147 63050395164319670 1096375285 bright_1x1 mwm_bin_vis_boss mwm_filler science 0 0 0.0 0.0 -999 ""
FIBERMAP 913 R-2C5 METROLOGY 0 0 0 1 0 0 -174.769834344405 -49.630069520958244 143.1 62.835753455035935 -170.45896001616282 287.57266 125.1061 -999.0 -999.0 -999.0 -999.0 -999.0 175.6530774822718 -8.41147562545103 175.65054107760182 -8.565111942487889 64.92349783938798 38.41513169640285 -999.0 6231.0 -999.0 -1 -999 {-999.0 -999.0 -999.0 -999.0 -999.0} "" -999.0 -999.0 -999.0 -999.0 -999 -999 "" "" "" "" 0 0 0.0 0.0 -999 ""
FIBERMAP 915 R+5C16 APOGEE 0 0 0 1 0 0 114.69805971104854 90.66133961322993 143.1 -99.155483630407 107.43062157590981 351.20035 100.49842 -999.0 -999.0 -999.0 -999.0 -999.0 175.15690343738893 -7.568983189371532 175.1544749641664 -7.722565976395146 64.47594742038734 36.387553471931994 -999.0 16600.0 -999.0 2 68 {-999.0 -999.0 -999.0 -999.0 -999.0} "" -999.0 -999.0 -999.0 -999.0 -999 -999 "" "" "" "" 0 0 0.0 0.0 -999 ""
FIBERMAP 915 R+5C16 BOSS 1 1 0 1 0 0 114.70913643062971 89.92178501002888 143.1 -98.41897133779166 107.49817007804245 351.20035 100.49842 175.15914916992188 -7.568641382711888 -999.0 -999.0 -999.0 175.15916401336673 -7.568640967761463 175.1566820200012 -7.722311649786504 64.47458569940284 36.39156874660739 5400.0 5400.0 2015.5 1 222 {-999.0 -999.0 -999.0 -999.0 -999.0} "" -999.0 -999.0 -999.0 -999.0 27021603139073458 811638883 "" ops_sky_boss_good ops_sky sky_boss 0 0 0.0 0.0 -999 ""
FIBERMAP 915 R+5C16 METROLOGY 0 0 0 1 0 0 114.06455305678384 90.27622828228023 143.1 -98.72311361350009 106.82841994770747 351.20035 100.49842 -999.0 -999.0 -999.0 -999.0 -999.0 175.15820420308876 -7.570683398310979 175.15573685779748 -7.724328765179544 64.4767946115825 36.39216792898634 -999.0 6231.0 -999.0 -1 -999 {-999.0 -999.0 -999.0 -999.0 -999.0} "" -999.0 -999.0 -999.0 -999.0 -999 -999 "" "" "" "" 0 0 0.0 0.0 -999 ""
FIBERMAP 922 R-1C18 APOGEE 0 0 0 1 0 0 89.53021615103098 -2.7626305311053336 143.1 -4.086008313514564 89.47544318153926 177.24004 54.15456 -999.0 -999.0 -999.0 -999.0 -999.0 175.4477945400431 -7.623263592531631 175.44541813968 -7.77691438962811 64.37005225950575 37.02126101018763 -999.0 16600.0 -999.0 2 212 {-999.0 -999.0 -999.0 -999.0 -999.0} "" -999.0 -999.0 -999.0 -999.0 -999 -999 "" "" "" "" 0 0 0.0 0.0 -999 ""
FIBERMAP 922 R-1C18 BOSS 1 1 0 1 0 0 90.09024317560642 -2.2527685578581327 143.1 -4.637144430186437 89.99485196320614 177.24004 54.15456 175.4461669921875 -7.621561513969112 -999.0 -999.0 -999.0 175.44615886276782 -7.621549784169246 175.4437273076586 -7.775287580200208 64.36956437754382 37.01598163882102 5400.0 5400.0 2015.5 1 301 {-999.0 -999.0 -999.0 -999.0 -999.0} "" -999.0 -999.0 -999.0 -999.0 27021603139070071 820037283 "" ops_sky_boss_good ops_sky sky_boss 0 0 0.0 0.0 -999 ""
FIBERMAP 922 R-1C18 METROLOGY 0 0 0 1 0 0 90.23715629061653 -2.9862760284879215 143.1 -3.9170397108310873 90.19737148969119 177.24004 54.15456 -999.0 -999.0 -999.0 -999.0 -999.0 175.4483485557719 -7.620951254532815 175.44593324529808 -7.774665018354784 64.36787557090737 37.01949714232893 -999.0 6231.0 -999.0 -1 -999 {-999.0 -999.0 -999.0 -999.0 -999.0} "" -999.0 -999.0 -999.0 -999.0 -999 -999 "" "" "" "" 0 0 0.0 0.0 -999 ""
FIBERMAP 923 R+4C16 APOGEE 0 0 0 1 0 0 70.67759484980573 70.25556049177926 143.1 -75.44697241910717 65.09994568353339 253.73663 52.1029 -999.0 -999.0 -999.0 -999.0 -999.0 175.22924777690432 -7.697273109767471 175.2268058397392 -7.850854658440598 64.54744159302145 36.68589318613704 -999.0 16600.0 -999.0 2 -999 {-999.0 -999.0 -999.0 -999.0 -999.0} "" -999.0 -999.0 -999.0 -999.0 -999 -999 "" "" "" "" 0 0 0.0 0.0 -999 ""
FIBERMAP 923 R+4C16 BOSS 1 1 0 1 0 0 70.22637580846654 70.87668753468496 143.1 -76.03178032497958 64.60261010179731 253.73663 52.1029 175.22753908780362 -7.698235049367112 -24.493214 -152.81 16.016237 175.22746788121944 -7.698659544007793 175.22497090238323 -7.85232709157512 64.54965124783351 36.68410635384697 5400.0 5400.0 2016.0 1 219 {-999.0 19.588072 18.034618 16.309261 -999.0} sdss_psfmag_ps1 19.009829 16.824085 15.468589 12.798 63050395164331694 1151137071 dark_1x1 mwm_snc_100pc_boss_single mwm_snc science 0 0 0.0 0.0 -999 ""
FIBERMAP 923 R+4C16 METROLOGY 0 0 0 1 0 0 70.97199030448087 70.9431865042764 143.1 -76.15504950609255 65.34092983081567 253.73663 52.1029 -999.0 -999.0 -999.0 -999.0 -999.0 175.22706995303926 -7.696437787846048 175.22458878855468 -7.850081024399135 64.5479424842489 36.680601776749256 -999.0 6231.0 -999.0 -1 -999 {-999.0 -999.0 -999.0 -999.0 -999.0} "" -999.0 -999.0 -999.0 -999.0 -999 -999 "" "" "" "" 0 0 0.0 0.0 -999 ""
FIBERMAP 924 R-11C4 APOGEE 1 0 1 1 0 0 -100.57671927452776 -205.80683880797076 143.1 212.8801516277881 -84.55367579323864 10.273674 171.71129 176.1178150212704 -8.088229683758632 -55.31625 -31.169773 5.8693705 176.11150793561112 -8.150191673692262 176.1091792960235 -8.303918958280935 64.45510017946145 38.96195162302655 16000.0 16600.0 2016.0 2 178 {-999.0 9.296049 8.905055 8.777679 -999.0} sdss_psfmag_from_g3xp 9.227957 8.92671 8.448305 7.431 63050395164329525 1103575264 bright_1x1 mwm_tess_2min_apogee mwm_planet science 0 0 0.0 0.0 -999 ""
FIBERMAP 924 R-11C4 BOSS 0 0 1 1 0 0 -99.83476138462068 -205.75986741231574 143.1 212.7766314141503 -83.81750983453743 10.273674 171.71129 -999.0 -999.0 -999.0 -999.0 -999.0 176.11128626627698 -8.147894327698678 176.10890045796293 -8.301707135013638 64.45341460516111 38.958569522021435 -999.0 5400.0 -999.0 1 424 {-999.0 -999.0 -999.0 -999.0 -999.0} "" -999.0 -999.0 -999.0 -999.0 -999 -999 "" "" "" "" 0 0 0.0 0.0 -999 ""
FIBERMAP 924 R-11C4 METROLOGY 0 0 1 1 0 0 -100.166312119399 -206.43338740465762 143.1 213.47348316605957 -84.09661668574614 10.273674 171.71129 -999.0 -999.0 -999.0 -999.0 -999.0 176.1134235424 -8.148767659569742 176.11105439657592 -8.30255666701182 64.45293650829484 38.96377317963788 -999.0 6231.0 -999.0 -1 -999 {-999.0 -999.0 -999.0 -999.0 -999.0} "" -999.0 -999.0 -999.0 -999.0 -999 -999 "" "" "" "" 0 0 0.0 0.0 -999 ""
FIBERMAP 926 R+12C11 APOGEE 0 0 0 1 0 0 59.95620064463212 228.75136560637182 143.1 -232.65299169803444 42.30072870769794 154.88326 159.45335 -999.0 -999.0 -999.0 -999.0 -999.0 174.749591204446 -7.766410765196216 174.74702325504325 -7.9198482678543 64.85440557493169 35.821665105789066 -999.0 16600.0 -999.0 2 -999 {-999.0 -999.0 -999.0 -999.0 -999.0} "" -999.0 -999.0 -999.0 -999.0 -999 -999 "" "" "" "" 0 0 0.0 0.0 -999 ""
FIBERMAP 926 R+12C11 BOSS 1 1 0 1 0 0 59.41830264307913 229.2956352786478 143.1 -233.15454786177511 41.72284373124633 154.88326 159.45335 174.74819295005435 -7.768060696398129 -36.647274 -3.007136 1.9063549 174.7480864238871 -7.768067603994401 174.74546520938281 -7.9215905676811635 64.85669464942848 35.82067452753034 5400.0 5400.0 2016.0 1 107 {-999.0 19.625366 19.814032 20.165728 -999.0} sdss_psfmag_ps1 19.876698 19.77399 20.03617 -999.0 63050395164326961 1143553617 dark_1x3 mwm_wd_pwd_boss_1x3 mwm_wd science 0 0 0.0 0.0 -999 ""
FIBERMAP 926 R+12C11 METROLOGY 0 0 0 1 0 0 60.159582909353745 229.47118077097505 143.1 -233.38620861553463 42.4485105477411 154.88326 159.45335 -999.0 -999.0 -999.0 -999.0 -999.0 174.74733556182704 -7.765888669571509 174.7447296035068 -7.919387356396166 64.85518478671493 35.81652719211422 -999.0 6231.0 -999.0 -1 -999 {-999.0 -999.0 -999.0 -999.0 -999.0} "" -999.0 -999.0 -999.0 -999.0 -999 -999 "" "" "" "" 0 0 0.0 0.0 -999 ""
FIBERMAP 928 R-10C10 APOGEE 0 0 0 1 0 0 29.654890898341453 -200.0315632996704 143.1 197.1718542561754 44.84997683805532 281.95993 148.88414 -999.0 -999.0 -999.0 -999.0 -999.0 176.06321589019902 -7.758403990242012 176.06095009475644 -7.9121833364778125 64.15477233906118 38.37149196171316 -999.0 16600.0 -999.0 2 -999 {-999.0 -999.0 -999.0 -999.0 -999.0} "" -999.0 -999.0 -999.0 -999.0 -999 -999 "" "" "" "" 0 0 0.0 0.0 -999 ""
FIBERMAP 928 R-10C10 BOSS 1 1 0 1 0 0 29.391857497978155 -200.72835431631685 143.1 197.8866729575329 44.640961859446186 281.95993 148.88414 176.06549237800158 -7.758934863273034 -999.0 -999.0 -999.0 176.0655036189764 -7.7589368318964365 176.06318076646278 -7.912803489252082 64.15408007468795 38.3765107183807 5400.0 5400.0 2016.0 1 403 {-999.0 22.086658 21.231491 20.712822 20.308714} sdss_fiber2mag_from_lsdr10 nan nan nan -999.0 63050398306305516 1131660782 dark_flexible_3x1 bhm_spiders_agn_lsdr10_d3 bhm_spiders science 0 0 0.0 0.0 -999 ""
FIBERMAP 928 R-10C10 METROLOGY 0 0 0 1 0 0 28.923430941786442 -200.187974772244 143.1 197.38368749856295 44.132639262171644 281.95993 148.88414 -999.0 -999.0 -999.0 -999.0 -999.0 176.06398926786133 -7.760495845718478 176.06168206725488 -7.9143372779049805 64.15617657790588 38.37559113285869 -999.0 6231.0 -999.0 -1 -999 {-999.0 -999.0 -999.0 -999.0 -999.0} "" -999.0 -999.0 -999.0 -999.0 -999 -999 "" "" "" "" 0 0 0.0 0.0 -999 ""
FIBERMAP 929 R-3C18 APOGEE 0 0 0 1 0 0 122.26420536926538 -79.25326474845403 143.1 69.67650081000774 127.95639707159911 328.00046 41.648827 -999.0 -999.0 -999.0 -999.0 -999.0 175.673447730415 -7.506643208031745 175.67114565188683 -7.66036992250813 64.15219664535283 37.31394664241981 -999.0 16600.0 -999.0 2 217 {-999.0 -999.0 -999.0 -999.0 -999.0} "" -999.0 -999.0 -999.0 -999.0 -999 -999 "" "" "" "" 0 0 0.0 0.0 -999 ""
FIBERMAP 929 R-3C18 BOSS 1 1 0 1 0 0 121.52940859692335 -79.38916388614969 143.1 69.86813757107568 127.23416537083838 328.00046 41.648827 175.67413330078122 -7.508673081663588 -999.0 -999.0 -999.0 175.67412550433744 -7.508684372643546 175.67176708946624 -7.662498678262294 64.15366583438029 37.3177520310806 5400.0 5400.0 2015.5 1 309 {-999.0 -999.0 -999.0 -999.0 -999.0} "" -999.0 -999.0 -999.0 -999.0 27021603139070541 811638459 "" ops_sky_boss_good ops_sky sky_boss 0 0 0.0 0.0 -999 ""
FIBERMAP 929 R-3C18 METROLOGY 0 0 0 1 0 0 121.78864903406031 -78.67654640282724 143.1 69.13782919387064 127.43818944904893 328.00046 41.648827 -999.0 -999.0 -999.0 -999.0 -999.0 175.6718829925116 -7.5080765231427335 175.66954011152893 -7.661865503385945 64.15431139885521 37.312697593353164 -999.0 6231.0 -999.0 -1 -999 {-999.0 -999.0 -999.0 -999.0 -999.0} "" -999.0 -999.0 -999.0 -999.0 -999 -999 "" "" "" "" 0 0 0.0 0.0 -999 ""
FIBERMAP 931 R+4C2 APOGEE 0 0 0 1 0 0 -213.9365771315661 95.40075278847293 143.1 -78.77193694211653 -220.59028702971418 113.96876 49.314816 -999.0 -999.0 -999.0 -999.0 -999.0 175.21937807198194 -8.562632205879185 175.21673423187042 -8.716072891643693 65.28401710162643 37.75700356724775 -999.0 16600.0 -999.0 2 -999 {-999.0 -999.0 -999.0 -999.0 -999.0} "" -999.0 -999.0 -999.0 -999.0 -999 -999 "" "" "" "" 0 0 0.0 0.0 -999 ""
FIBERMAP 931 R+4C2 BOSS 1 1 0 1 0 0 -213.21482530988524 95.18862064242171 143.1 -78.61557917002487 -219.85447068288295 113.96876 49.314816 175.2198904179017 -8.560365491077054 -999.0 -999.0 -999.0 175.21989533800672 -8.560366975738706 175.2171980713905 -8.713891124453195 65.28193481036959 37.75509873919037 5400.0 5400.0 2016.0 1 74 {-999.0 21.790318 21.41399 21.276688 21.178469} sdss_psfmag_from_lsdr10 nan nan nan -999.0 63050399021042647 1131654715 dark_flexible_3x1 bhm_spiders_agn_lsdr10_d3 bhm_spiders science 0 0 0.0 0.0 -999 ""
FIBERMAP 931 R+4C2 METROLOGY 0 0 0 1 0 0 -213.74321514092557 94.67818143741367 143.1 -78.06628473276658 -220.34229211082555 113.96876 49.314816 -999.0 -999.0 -999.0 -999.0 -999.0 175.22155006394706 -8.561898494588531 175.21886820764223 -8.715399325271994 65.28230823590754 37.76037115690775 -999.0 6231.0 -999.0 -1 -999 {-999.0 -999.0 -999.0 -999.0 -999.0} "" -999.0 -999.0 -999.0 -999.0 -999 -999 "" "" "" "" 0 0 0.0 0.0 -999 ""
FIBERMAP 933 R+1C7 APOGEE 0 0 0 1 0 0 -131.41646683145956 10.140030449233253 143.1 -0.06922283064699722 -131.8009785323328 354.41696 86.061745 -999.0 -999.0 -999.0 -999.0 -999.0 175.46024304339895 -8.294742252168184 175.45772235184268 -8.448288497849619 64.92980284286192 37.887619604633585 -999.0 16600.0 -999.0 2 14 {-999.0 -999.0 -999.0 -999.0 -999.0} "" -999.0 -999.0 -999.0 -999.0 -999 -999 "" "" "" "" 0 0 0.0 0.0 -999 ""
FIBERMAP 933 R+1C7 BOSS 1 1 0 1 0 0 -131.50611730812506 9.382111896741655 143.1 0.693294807726446 -131.83245505766143 354.41696 86.061745 175.462646484375 -8.294821448347491 -999.0 -999.0 -999.0 175.46263624773806 -8.29481704637872 175.46006108416816 -8.448448125389941 64.92868084627372 37.892408746625165 5400.0 5400.0 2015.5 1 21 {-999.0 -999.0 -999.0 -999.0 -999.0} "" -999.0 -999.0 -999.0 -999.0 27021603139061770 811637213 "" ops_sky_boss_good ops_sky sky_boss 0 0 0.0 0.0 -999 ""
FIBERMAP 933 R+1C7 METROLOGY 0 0 0 1 0 0 -132.10243673872824 9.854798368435386 143.1 0.2675728984044315 -132.46311877049348 354.41696 86.061745 -999.0 -999.0 -999.0 -999.0 -999.0 175.46131566830576 -8.296764936127927 175.45875534977563 -8.45037148894857 64.93099727492731 37.89231381960576 -999.0 6231.0 -999.0 -1 -999 {-999.0 -999.0 -999.0 -999.0 -999.0} "" -999.0 -999.0 -999.0 -999.0 -999 -999 "" "" "" "" 0 0 0.0 0.0 -999 ""
FIBERMAP 937 R+8C19 APOGEE 0 0 0 1 0 0 219.0328459109084 155.97228238312078 143.1 -172.24405308449388 206.46560492674118 32.90293 82.02685 -999.0 -999.0 -999.0 -999.0 -999.0 174.93514915420852 -7.270314704434515 174.9327441874733 -7.423884736183169 64.33448072435091 35.59404628159916 -999.0 16600.0 -999.0 2 101 {-999.0 -999.0 -999.0 -999.0 -999.0} "" -999.0 -999.0 -999.0 -999.0 -999 -999 "" "" "" "" 0 0 0.0 0.0 -999 ""
FIBERMAP 937 R+8C19 BOSS 1 1 0 1 0 0 219.36555734410996 155.29346624532712 143.1 -171.59267296961715 206.84919245047087 32.90293 82.02685 174.93721352871015 -7.269074786544816 1.0380125 0.82972324 -0.42976475 174.93719021614132 -7.269069243387484 174.9347326340253 -7.422728475273905 64.33247629352147 35.59658289147467 5400.0 5400.0 2016.0 1 175 {-999.0 19.793995 19.631504 19.472616 19.326057} sdss_psfmag_from_lsdr10 19.911713 19.736017 19.314299 -999.0 63050395164338393 1131664795 dark_flexible_3x1 bhm_spiders_agn_lsdr10_d3 bhm_spiders science 0 0 0.0 0.0 -999 ""
FIBERMAP 937 R+8C19 METROLOGY 0 0 0 1 0 0 218.61367615953992 155.34892770128562 143.1 -171.59052327093994 206.09530641894008 32.90293 82.02685 -999.0 -999.0 -999.0 -999.0 -999.0 174.93713658899432 -7.271322971652414 174.93469356687478 -7.424956757292805 64.33440846672914 35.59914701602179 -999.0 6231.0 -999.0 -1 -999 {-999.0 -999.0 -999.0 -999.0 -999.0} "" -999.0 -999.0 -999.0 -999.0 -999 -999 "" "" "" "" 0 0 0.0 0.0 -999 ""
FIBERMAP 939 R+2C6 APOGEE 0 0 0 1 0 0 -143.27275691908076 26.26168262309548 143.1 -15.237140033283765 -144.8538160690443 355.37726 71.76346 -999.0 -999.0 -999.0 -999.0 -999.0 175.4137544908812 -8.334252834062925 175.4112132345449 -8.487780817036837 64.98793893631648 37.84697044670327 -999.0 16600.0 -999.0 2 -999 {-999.0 -999.0 -999.0 -999.0 -999.0} "" -999.0 -999.0 -999.0 -999.0 -999 -999 "" "" "" "" 0 0 0.0 0.0 -999 ""
FIBERMAP 939 R+2C6 BOSS 1 1 0 1 0 0 -143.53734423046453 25.57807840889888 143.1 -14.535350253446586 -145.065387864423 355.37726 71.76346 175.41595458984375 -8.334875797685186 -999.0 -999.0 -999.0 175.4159542219918 -8.334874653500378 175.41335851230747 -8.488487140834835 64.98738117762703 37.85209228521438 5400.0 5400.0 2015.5 1 49 {-999.0 -999.0 -999.0 -999.0 -999.0} "" -999.0 -999.0 -999.0 -999.0 27021603139061762 811637205 "" ops_sky_boss_good ops_sky sky_boss 0 0 0.0 0.0 -999 ""
FIBERMAP 939 R+2C6 METROLOGY 0 0 0 1 0 0 -144.01315775259195 26.155358484105186 143.1 -15.074562281161734 -145.58389482840528 355.37726 71.76346 -999.0 -999.0 -999.0 -999.0 -999.0 175.41428440293885 -8.336483510457517 175.4117034656772 -8.490071489787047 64.98960017076985 37.85087309008321 -999.0 6231.0 -999.0 -1 -999 {-999.0 -999.0 -999.0 -999.0 -999.0} "" -999.0 -999.0 -999.0 -999.0 -999 -999 "" "" "" "" 0 0 0.0 0.0 -999 ""
FIBERMAP 947 R+11C15 APOGEE 0 0 0 1 0 0 154.32471519226016 232.05215487446765 143.1 -243.1540789670163 136.13683618085207 120.892 48.232777 -999.0 -999.0 -999.0 -999.0 -999.0 174.71889785369294 -7.482858173190775 174.7163945567669 -7.636332368174765 64.62681380313447 35.41912722899525 -999.0 16600.0 -999.0 2 -999 {-999.0 -999.0 -999.0 -999.0 -999.0} "" -999.0 -999.0 -999.0 -999.0 -999 -999 "" "" "" "" 0 0 0.0 0.0 -999 ""
FIBERMAP 947 R+11C15 BOSS 1 1 0 1 0 0 155.03701746400347 231.93862807739052 143.1 -243.09531176833204 136.8556972280415 120.892 48.232777 174.7191345771721 -7.480612045227845 7.98521 -0.90000486 2.3555307 174.71915638673798 -7.480611097669423 174.7166012500221 -7.634173125336624 64.62485343238306 35.416961599654826 5400.0 5400.0 2016.0 1 186 {-999.0 19.218575 17.727324 16.910307 -999.0} sdss_psfmag_ps1 -999.0 16.851849 -999.0 13.332 63050395164328618 1096294130 bright_1x1 mwm_bin_vis_boss mwm_filler science 0 0 0.0 0.0 -999 ""
FIBERMAP 947 R+11C15 METROLOGY 0 0 0 1 0 0 154.57315862828588 231.34662381498703 143.1 -242.46962487402067 136.43844704759368 120.892 48.232777 -999.0 -999.0 -999.0 -999.0 -999.0 174.72097982839853 -7.481862251996561 174.7184396340001 -7.6353998346912935 64.62497591290358 35.422079248631064 -999.0 6231.0 -999.0 -1 -999 {-999.0 -999.0 -999.0 -999.0 -999.0} "" -999.0 -999.0 -999.0 -999.0 -999 -999 "" "" "" "" 0 0 0.0 0.0 -999 ""
FIBERMAP 949 R+1C19 APOGEE 0 0 0 1 0 0 129.36927726736673 27.158572927069727 143.1 -36.96221455680709 126.91011826901668 22.617609 143.33705 -999.0 -999.0 -999.0 -999.0 -999.0 175.3471772708148 -7.509853590618601 175.34480384379128 -7.663496558796794 64.32659639296554 36.68718080766695 -999.0 16600.0 -999.0 2 -999 {-999.0 -999.0 -999.0 -999.0 -999.0} "" -999.0 -999.0 -999.0 -999.0 -999 -999 "" "" "" "" 0 0 0.0 0.0 -999 ""
FIBERMAP 949 R+1C19 BOSS 1 1 0 1 0 0 130.09823299981593 27.002147008696816 143.1 -36.86194800528104 127.64886097626604 22.617609 143.33705 175.34753048006104 -7.507470154822894 -0.18995424 0.00014512452 -0.050518632 175.34752213604457 -7.507466846067973 175.34509449282268 -7.661197881398061 64.32449119347956 36.68494895058592 5400.0 5400.0 2016.0 1 241 {-999.0 18.531216 18.33246 18.16164 18.033072} sdss_psfmag_from_gaiadr2 18.556456 18.338951 17.883963 -999.0 63050395164336765 1130008474 dark_flexible_3x1 bhm_gua_dark_d3 bhm_filler science 0 0 0.0 0.0 -999 ""
FIBERMAP 949 R+1C19 METROLOGY 0 0 0 1 0 0 129.57438971376297 26.43924886857492 143.1 -36.26069777536545 127.16958064723524 22.617609 143.33705 -999.0 -999.0 -999.0 -999.0 -999.0 175.3493416265748 -7.508928438710435 175.34692958367737 -7.662634888227069 64.32475353947241 36.69026434573942 -999.0 6231.0 -999.0 -1 -999 {-999.0 -999.0 -999.0 -999.0 -999.0} "" -999.0 -999.0 -999.0 -999.0 -999 -999 "" "" "" "" 0 0 0.0 0.0 -999 ""
FIBERMAP 952 R+4C8 APOGEE 0 0 0 1 0 0 -85.44943882089197 88.16249695210612 143.1 -81.37206089141054 -91.93164494892638 54.644962 131.46051 -999.0 -999.0 -999.0 -999.0 -999.0 175.21099205313632 -8.17380957579428 175.2084360820653 -8.327309876596095 64.96080028141715 37.24310475776559 -999.0 16600.0 -999.0 2 -999 {-999.0 -999.0 -999.0 -999.0 -999.0} "" -999.0 -999.0 -999.0 -999.0 -999 -999 "" "" "" "" 0 0 0.0 0.0 -999 ""
FIBERMAP 952 R+4C8 BOSS 1 1 0 1 0 0 -84.7140931971326 88.24495450275194 143.1 -81.51045668734609 -91.20478289400833 54.644962 131.46051 175.2108152861003 -8.17139212683977 -77.54069 -58.71041 10.37603 175.21057905856375 -8.171567664395573 175.20796936044087 -8.325152850329996 64.95922470677965 37.23945706761964 5400.0 5400.0 2016.0 1 33 {-999.0 19.42971 18.98271 18.892677 -999.0} sdss_psfmag_ps1 19.3682 19.0086 18.533175 -999.0 63050395164321554 1143553579 dark_1x3 mwm_wd_pwd_boss_1x3 mwm_wd science 0 0 0.0 0.0 -999 ""
FIBERMAP 952 R+4C8 METROLOGY 0 0 0 1 0 0 -85.01112016762114 87.55638229711836 143.1 -80.8012351593971 -91.4483184505566 54.644962 131.46051 -999.0 -999.0 -999.0 -999.0 -999.0 175.21272835917597 -8.172342109787474 175.21013435353802 -8.32590375917786 64.9587134138906 37.24468223839949 -999.0 6231.0 -999.0 -1 -999 {-999.0 -999.0 -999.0 -999.0 -999.0} "" -999.0 -999.0 -999.0 -999.0 -999 -999 "" "" "" "" 0 0 0.0 0.0 -999 ""
FIBERMAP 953 R+4C11 APOGEE 0 0 0 1 0 0 -10.284128614893618 78.40389713327758 143.1 -77.38534222336673 -16.24393542940898 356.09476 124.21534 -999.0 -999.0 -999.0 -999.0 -999.0 175.22317261674442 -7.944179524346901 175.22067257260642 -8.097719799930964 64.76009814272162 36.97911843840876 -999.0 16600.0 -999.0 2 -999 {-999.0 -999.0 -999.0 -999.0 -999.0} "" -999.0 -999.0 -999.0 -999.0 -999 -999 "" "" "" "" 0 0 0.0 0.0 -999 ""
FIBERMAP 953 R+4C11 BOSS 1 1 0 1 0 0 -9.897632077520383 77.71048012711786 143.1 -76.723513973899 -15.80560694951759 356.09476 124.21534 175.22520837057658 -7.9427703758457 -0.21891195 0.18459895 -0.20220712 175.22520821851248 -7.9427734936150305 175.22265472873528 -8.096400173338846 64.75793751700131 36.98137276750947 5400.0 5400.0 2016.0 1 118 {-999.0 20.048815 20.043852 19.961441 19.874388} sdss_psfmag_from_lsdr10 20.18478 20.04221 19.508984 -999.0 63050395164322034 1131658737 dark_flexible_3x1 bhm_spiders_agn_lsdr10_d3 bhm_spiders science 0 0 0.0 0.0 -999 ""
FIBERMAP 953 R+4C11 METROLOGY 0 0 0 1 0 0 -10.637783637805727 77.74478686817383 143.1 -76.70116856256885 -16.546181888818335 356.09476 124.21534 -999.0 -999.0 -999.0 -999.0 -999.0 175.22525390858507 -7.945047978936498 175.2227152814769 -8.098650031036506 64.75981161110464 36.98429537703015 -999.0 6231.0 -999.0 -1 -999 {-999.0 -999.0 -999.0 -999.0 -999.0} "" -999.0 -999.0 -999.0 -999.0 -999 -999 "" "" "" "" 0 0 0.0 0.0 -999 ""
FIBERMAP 955 R-1C19 APOGEE 0 0 0 1 0 0 137.23504466458894 -4.16043051098011 143.1 -6.337182085833195 137.14541559503655 104.12732 47.185696 -999.0 -999.0 -999.0 -999.0 -999.0 175.44088765637625 -7.47882507224473 175.43854133992295 -7.632497431094754 64.25121475456146 36.83130797683435 -999.0 16600.0 -999.0 2 -999 {-999.0 -999.0 -999.0 -999.0 -999.0} "" -999.0 -999.0 -999.0 -999.0 -999 -999 "" "" "" "" 0 0 0.0 0.0 -999 ""
FIBERMAP 955 R-1C19 BOSS 1 1 0 1 0 0 137.86965937215427 -4.509165442162013 143.1 -6.0379695585159245 137.8047905216046 104.12732 47.185696 175.44186962518586 -7.476661396792484 -999.0 -999.0 -999.0 175.44185523395518 -7.476676018006007 175.43945440754896 -7.63043674787282 64.24898724106141 36.830567140799246 5400.0 5400.0 2016.0 1 302 {-999.0 23.35481 21.824398 20.72705 20.05602} sdss_fiber2mag_from_lsdr10 nan nan nan -999.0 63050398306051793 1128419998 dark_flexible_3x1 bhm_spiders_clusters_lsdr10_d3 bhm_spiders science 0 0 0.0 0.0 -999 ""
FIBERMAP 955 R-1C19 METROLOGY 0 0 0 1 0 0 137.25972774575817 -4.9080192764789565 143.1 -5.593699063024793 137.22714389583106 104.12732 47.185696 -999.0 -999.0 -999.0 -999.0 -999.0 175.44319859893673 -7.478434074014276 175.44081331380562 -7.632169986850299 64.24974579554696 36.83530824910656 -999.0 6231.0 -999.0 -1 -999 {-999.0 -999.0 -999.0 -999.0 -999.0} "" -999.0 -999.0 -999.0 -999.0 -999 -999 "" "" "" "" 0 0 0.0 0.0 -999 ""
FIBERMAP 960 R+13C6 APOGEE 0 0 0 1 0 0 -33.41183347683068 267.94612521473033 143.1 -264.597708801087 -53.78468430948345 108.15385 97.02182 -999.0 -999.0 -999.0 -999.0 -999.0 174.65230503897274 -8.056940552935405 174.64964009600806 -8.210303493515838 65.15280721441493 35.9824779582857 -999.0 16600.0 -999.0 2 51 {-999.0 -999.0 -999.0 -999.0 -999.0} "" -999.0 -999.0 -999.0 -999.0 -999 -999 "" "" "" "" 0 0 0.0 0.0 -999 ""
FIBERMAP 960 R+13C6 BOSS 1 1 0 1 0 0 -32.73100872780836 268.28569242601395 143.1 -264.98828521081583 -53.131825354171845 108.15385 97.02182 174.65117043383594 -8.054889087707423 -999.0 -999.0 -999.0 174.65118072462826 -8.054876929452709 174.64846396729047 -8.208324740311735 65.15172017716489 35.97766581996461 5400.0 5400.0 2016.0 1 88 {-999.0 20.961145 21.170385 20.794834 20.587103} sdss_fiber2mag_from_lsdr10 20.981588 20.810225 20.086496 -999.0 63050395164326073 1131658730 dark_flexible_3x1 bhm_spiders_agn_lsdr10_d3 bhm_spiders science 0 0 0.0 0.0 -999 ""
FIBERMAP 960 R+13C6 METROLOGY 0 0 0 1 0 0 -32.7827292170705 267.53705715256825 143.1 -264.23792127563127 -53.126193796567605 108.15385 97.02182 -999.0 -999.0 -999.0 -999.0 -999.0 174.65338685123837 -8.054901766981692 174.65068537581521 -8.208326166083745 65.15058012290032 35.98213956997802 -999.0 6231.0 -999.0 -1 -999 {-999.0 -999.0 -999.0 -999.0 -999.0} "" -999.0 -999.0 -999.0 -999.0 -999 -999 "" "" "" "" 0 0 0.0 0.0 -999 ""
FIBERMAP 961 R-2C8 APOGEE 0 0 0 1 0 0 -121.91704378874299 -50.951700420131566 143.1 60.115313669616675 -117.66213134317984 249.1504 96.632164 -999.0 -999.0 -999.0 -999.0 -999.0 175.6447322684079 -8.2517562820303 175.6422674009948 -8.405355958397479 64.79435348947311 38.19294258578259 -999.0 16600.0 -999.0 2 -999 {-999.0 -999.0 -999.0 -999.0 -999.0} "" -999.0 -999.0 -999.0 -999.0 -999 -999 "" "" "" "" 0 0 0.0 0.0 -999 ""
FIBERMAP 961 R-2C8 BOSS 1 1 0 1 0 0 -122.72410920395166 -50.705325660329905 143.1 59.93133323285785 -118.48562421698706 249.1504 96.632164 175.64427815762784 -8.254203906624545 -8.1621685 -8.015342 3.1951437 175.64425327652395 -8.254224421398087 175.64173201128494 -8.407908084121999 64.79678013462512 38.195176823717816 5400.0 5400.0 2016.0 1 497 {-999.0 18.727955 18.948746 19.335825 -999.0} sdss_psfmag_ps1 18.870523 18.893763 19.034147 -999.0 63050395164329354 1143553629 dark_1x3 mwm_wd_pwd_boss_1x3 mwm_wd science 0 0 0.0 0.0 -999 ""
FIBERMAP 961 R-2C8 METROLOGY 0 0 0 1 0 0 -122.13506622006622 -50.236183518698766 143.1 59.41857911040259 -117.93417449113954 249.1504 96.632164 -999.0 -999.0 -999.0 -999.0 -999.0 175.64267281561078 -8.252593012503452 175.64016730251421 -8.40625260127811 64.79623985198538 38.190007990225865 -999.0 6231.0 -999.0 -1 -999 {-999.0 -999.0 -999.0 -999.0 -999.0} "" -999.0 -999.0 -999.0 -999.0 -999 -999 "" "" "" "" 0 0 0.0 0.0 -999 ""
FIBERMAP 966 R-8C2 APOGEE 0 0 0 1 0 0 -174.07002895213898 -175.78757348133567 143.1 188.56518184713744 -160.12233842707303 346.20154 38.135468 -999.0 -999.0 -999.0 -999.0 -999.0 176.0372244092859 -8.378861215765399 176.03483347768224 -8.532534751078583 64.68594950795881 39.1161246217369 -999.0 16600.0 -999.0 2 -999 {-999.0 -999.0 -999.0 -999.0 -999.0} "" -999.0 -999.0 -999.0 -999.0 -999 -999 "" "" "" "" 0 0 0.0 0.0 -999 ""
FIBERMAP 966 R-8C2 BOSS 1 1 0 1 0 0 -174.7158704232766 -176.11663022638106 143.1 188.94260614982585 -160.74112102069415 346.20154 38.135468 176.03845383201457 -8.380641715768764 -0.7917273 -0.0555688 0.7862779 176.03844261361886 -8.380650483579737 176.03599443421797 -8.534408173892917 64.68686372240781 39.12079755248317 5400.0 5400.0 2016.0 1 456 {-999.0 20.262882 20.231709 20.092178 19.94827} sdss_psfmag_from_lsdr10 20.097254 19.919811 19.53595 -999.0 63050395164250834 1131654727 dark_flexible_3x1 bhm_spiders_agn_lsdr10_d3 bhm_spiders science 0 0 0.0 0.0 -999 ""
FIBERMAP 966 R-8C2 METROLOGY 0 0 0 1 0 0 -174.68870360888238 -175.3671690499847 143.1 188.19329475455757 -160.7712964463066 346.20154 38.135468 -999.0 -999.0 -999.0 -999.0 -999.0 176.0361774113021 -8.38080544930067 176.0337448413958 -8.534538739259759 64.688213264094 39.116649744515826 -999.0 6231.0 -999.0 -1 -999 {-999.0 -999.0 -999.0 -999.0 -999.0} "" -999.0 -999.0 -999.0 -999.0 -999 -999 "" "" "" "" 0 0 0.0 0.0 -999 ""
FIBERMAP 968 R0C21 APOGEE 0 0 0 1 0 0 149.98538118650748 -5.827803675934656 143.1 -5.648932252320642 149.98528509440237 178.70712 151.37125 -999.0 -999.0 -999.0 -999.0 -999.0 175.44299027064545 -7.439971833379857 175.4406528994233 -7.593651024167473 64.21713317127471 36.788155354081596 -999.0 16600.0 -999.0 2 83 {-999.0 -999.0 -999.0 -999.0 -999.0} "" -999.0 -999.0 -999.0 -999.0 -999 -999 "" "" "" "" 0 0 0.0 0.0 -999 ""
FIBERMAP 968 R0C21 BOSS 1 1 0 1 0 0 149.34480376454684 -5.420087111732436 143.1 -6.006495701404032 149.31545874669217 178.70712 151.37125 175.44193950243306 -7.441858451436802 -999.0 -999.0 -999.0 175.44194923631085 -7.441844536159364 175.43955603565234 -7.5956110807762816 64.21937175879782 36.78841387234644 5400.0 5400.0 2016.0 1 254 {-999.0 19.80405 19.374245 19.040398 18.879099} sdss_fiber2mag_from_lsdr10 18.797369 21.391846 17.819529 15.733 63050395164337343 1064078363 dark_flexible_2x2 bhm_colr_galaxies_lsdr10 bhm_filler science 0 0 0.0 0.0 -999 ""
FIBERMAP 968 R0C21 METROLOGY 0 0 0 1 0 0 149.9894837745312 -5.077648155435521 143.1 -6.3971737387776155 149.93206087813707 178.70712 151.37125 -999.0 -999.0 -999.0 -999.0 -999.0 175.44073763258208 -7.43998749747809 175.4383602246205 -7.593729118146029 64.21840007251106 36.7838139851994 -999.0 6231.0 -999.0 -1 -999 {-999.0 -999.0 -999.0 -999.0 -999.0} "" -999.0 -999.0 -999.0 -999.0 -999 -999 "" "" "" "" 0 0 0.0 0.0 -999 ""
FIBERMAP 970 R-3C14 APOGEE 0 0 0 1 0 0 41.66791414208069 -38.82906631910147 143.1 35.530187726255384 44.51086934454386 126.69647 41.065434 -999.0 -999.0 -999.0 -999.0 -999.0 175.56921807528713 -7.759674097456806 175.56683953965182 -7.913333851367189 64.4211624133052 37.42515994880705 -999.0 16600.0 -999.0 2 231 {-999.0 -999.0 -999.0 -999.0 -999.0} "" -999.0 -999.0 -999.0 -999.0 -999 -999 "" "" "" "" 0 0 0.0 0.0 -999 ""
FIBERMAP 970 R-3C14 BOSS 1 1 0 1 0 0 42.38695598636825 -38.93275483365452 143.1 35.57863092792008 45.235698271290254 126.69647 41.065434 175.5689390176155 -7.757290032229723 18.478886 -22.773876 3.5056295 175.5694429458785 -7.75735885013636 175.56700935831384 -7.9111056495829315 64.41919184114896 37.42271980787973 5400.0 5400.0 2016.0 1 340 {-999.0 14.255713 13.494392 13.214621 -999.0} sdss_psfmag_gaia 14.046939 13.537281 12.874685 11.595 63050395164331426 1077939898 bright_flexible_2x1 mwm_snc_ext_main_boss mwm_snc science 0 0 1.5913864374160767 0.0 -999 ""
FIBERMAP 970 R-3C14 METROLOGY 0 0 0 1 0 0 41.93729542639258 -39.52084434330685 143.1 36.19932989368122 44.832305105287055 126.69647 41.065434 -999.0 -999.0 -999.0 -999.0 -999.0 175.57133333428433 -7.758603774536099 175.56891566326942 -7.912326300932985 64.41920880496019 37.42792681298221 -999.0 6231.0 -999.0 -1 -999 {-999.0 -999.0 -999.0 -999.0 -999.0} "" -999.0 -999.0 -999.0 -999.0 -999 -999 "" "" "" "" 0 0 0.0 0.0 -999 ""
FIBERMAP 974 R+9C1 APOGEE 0 0 0 1 0 0 -201.9706590587836 189.18970508201917 143.1 -173.1966353064977 -215.825718735391 167.34839 70.68888 -999.0 -999.0 -999.0 -999.0 -999.0 174.93102190436926 -8.547175716075824 174.92830490300764 -8.700540252136797 65.42432795695517 37.16067068327709 -999.0 16600.0 -999.0 2 47 {-999.0 -999.0 -999.0 -999.0 -999.0} "" -999.0 -999.0 -999.0 -999.0 -999 -999 "" "" "" "" 0 0 0.0 0.0 -999 ""
FIBERMAP 974 R+9C1 BOSS 1 1 0 1 0 0 -201.61136950528547 189.8703269907578 143.1 -173.90268723369476 -215.51949804454168 167.34839 70.68888 174.9289314132977 -8.546136289244869 -3.3318527 0.22764316 0.43649155 174.92893092322907 -8.546148260413405 174.92616061516094 -8.699595260397908 65.42466180400008 37.15514860229058 5400.0 5400.0 2016.0 1 83 {-999.0 20.521654 20.286163 20.2489 20.249907} sdss_psfmag_from_lsdr10 20.380478 20.385141 19.86218 -999.0 63050395164319240 1131654711 dark_flexible_3x1 bhm_spiders_agn_lsdr10_d3 bhm_spiders science 0 0 0.0 0.0 -999 ""
FIBERMAP 974 R+9C1 METROLOGY 0 0 0 1 0 0 -201.22855440434006 189.21951124125314 143.1 -173.28305246694111 -215.0880949611812 167.34839 70.68888 -999.0 -999.0 -999.0 -999.0 -999.0 174.93076407379277 -8.5449277847227 174.9280095685366 -8.698352004827058 65.4226343270326 37.157265902689744 -999.0 6231.0 -999.0 -1 -999 {-999.0 -999.0 -999.0 -999.0 -999.0} "" -999.0 -999.0 -999.0 -999.0 -999 -999 "" "" "" "" 0 0 0.0 0.0 -999 ""
FIBERMAP 976 R-8C8 APOGEE 0 0 0 1 0 0 -33.59254413339543 -165.9334266770451 143.1 168.00730259104458 -20.81487557573013 333.98672 98.09881 -999.0 -999.0 -999.0 -999.0 -999.0 175.97470276442996 -7.957531608792036 175.9723781059056 -8.111258204521336 64.36932817129062 38.45417509745681 -999.0 16600.0 -999.0 2 -999 {-999.0 -999.0 -999.0 -999.0 -999.0} "" -999.0 -999.0 -999.0 -999.0 -999 -999 "" "" "" "" 0 0 0.0 0.0 -999 ""
FIBERMAP 976 R-8C8 BOSS 1 1 0 1 0 0 -33.756536694431034 -166.62986437169715 143.1 168.71420193761398 -20.92517079866397 333.98672 98.09881 175.97699255314959 -7.957790174825061 -999.0 -999.0 -999.0 175.97698161635998 -7.957783755311389 175.97460036036352 -8.111596802316129 64.3684025047214 38.45885479524787 5400.0 5400.0 2016.0 1 382 {-999.0 22.182823 21.800955 21.408854 21.08144} sdss_psfmag_from_lsdr10 nan nan nan -999.0 63050399021230101 1131658744 dark_flexible_3x1 bhm_spiders_agn_lsdr10_d3 bhm_spiders science 0 0 0.0 0.0 -999 ""
FIBERMAP 976 R-8C8 METROLOGY 0 0 0 1 0 0 -34.3205473157045 -166.10521021334574 143.1 168.2341981416859 -21.527592159972606 333.98672 98.09881 -999.0 -999.0 -999.0 -999.0 -999.0 175.9755238956017 -7.959640138500548 175.97315811534395 -8.113428178788768 64.37071716494981 38.458422695917534 -999.0 6231.0 -999.0 -1 -999 {-999.0 -999.0 -999.0 -999.0 -999.0} "" -999.0 -999.0 -999.0 -999.0 -999 -999 "" "" "" "" 0 0 0.0 0.0 -999 ""
FIBERMAP 977 R+4C7 APOGEE 0 0 0 1 0 0 -127.27068724104107 72.82293879153 143.1 -62.88275534380707 -132.45671246918178 218.52472 94.78997 -999.0 -999.0 -999.0 -999.0 -999.0 175.26771000355748 -8.296638234641437 175.2651400212277 -8.450134029472053 65.0343416479208 37.51104045068371 -999.0 16600.0 -999.0 2 31 {-999.0 -999.0 -999.0 -999.0 -999.0} "" -999.0 -999.0 -999.0 -999.0 -999 -999 "" "" "" "" 0 0 0.0 0.0 -999 ""
FIBERMAP 977 R+4C7 BOSS 1 1 0 1 0 0 -127.8069173994124 73.34373679436345 143.1 -63.36103696340869 -133.0311412335985 218.52472 94.78997 175.26626586914062 -8.298355491142729 -999.0 -999.0 -999.0 175.2662716100437 -8.298350530172396 175.2636465474493 -8.451929789397568 65.03665024720385 37.51038122431896 5400.0 5400.0 2015.5 1 52 {-999.0 -999.0 -999.0 -999.0 -999.0} "" -999.0 -999.0 -999.0 -999.0 27021603139061743 811637178 "" ops_sky_boss_good ops_sky sky_boss 0 0 0.0 0.0 -999 ""
FIBERMAP 977 R+4C7 METROLOGY 0 0 0 1 0 0 -127.09778415436047 73.5603122241829 143.1 -63.63114967187455 -132.34066081914816 218.52472 94.78997 -999.0 -999.0 -999.0 -999.0 -999.0 175.26541966946044 -8.296298215346628 175.26281025686694 -8.449853743938728 65.03534593358327 37.50608156803253 -999.0 6231.0 -999.0 -1 -999 {-999.0 -999.0 -999.0 -999.0 -999.0} "" -999.0 -999.0 -999.0 -999.0 -999 -999 "" "" "" "" 0 0 0.0 0.0 -999 ""
FIBERMAP 978 R-1C23 APOGEE 0 0 0 1 0 0 202.5576530633238 -29.13213931038186 143.1 13.569490639946922 204.181986999358 231.48677 109.30478 -999.0 -999.0 -999.0 -999.0 -999.0 175.50167388980196 -7.276283715751209 175.499384331756 -7.4300045326259845 64.04740036076556 36.70358646988109 -999.0 16600.0 -999.0 2 -999 {-999.0 -999.0 -999.0 -999.0 -999.0} "" -999.0 -999.0 -999.0 -999.0 -999 -999 "" "" "" "" 0 0 0.0 0.0 -999 ""
FIBERMAP 978 R-1C23 BOSS 1 1 0 1 0 0 201.86896037137436 -28.86951190594199 143.1 13.360261710119191 203.47527359537426 231.48677 109.30478 175.5010986328125 -7.278283041511386 -999.0 -999.0 -999.0 175.5010952145171 -7.278272368486904 175.49874964327694 -7.43208138588706 64.04949701686581 36.704865826955825 5400.0 5400.0 2015.5 1 288 {-999.0 -999.0 -999.0 -999.0 -999.0} "" -999.0 -999.0 -999.0 -999.0 27021603139074083 811639024 "" ops_sky_boss_good ops_sky sky_boss 0 0 0.0 0.0 -999 ""
FIBERMAP 978 R-1C23 METROLOGY 0 0 0 1 0 0 202.4206547318994 -28.39679607489041 143.1 12.846798081102598 203.98921255668955 231.48677 109.30478 -999.0 -999.0 -999.0 -999.0 -999.0 175.49951211045135 -7.276719150991488 175.49718227056087 -7.4305028914511295 64.04897475519209 36.699946302490616 -999.0 6231.0 -999.0 -1 -999 {-999.0 -999.0 -999.0 -999.0 -999.0} "" -999.0 -999.0 -999.0 -999.0 -999 -999 "" "" "" "" 0 0 0.0 0.0 -999 ""
FIBERMAP 980 R+4C20 APOGEE 0 0 0 1 0 0 172.02778173087341 70.75002565348674 143.1 -83.68349385820939 166.1114077590884 194.55103 142.38713 -999.0 -999.0 -999.0 -999.0 -999.0 175.20451124258423 -7.391405721789766 175.202134054716 -7.545030008570545 64.29990241625474 36.26605340272391 -999.0 16600.0 -999.0 2 -999 {-999.0 -999.0 -999.0 -999.0 -999.0} "" -999.0 -999.0 -999.0 -999.0 -999 -999 "" "" "" "" 0 0 0.0 0.0 -999 ""
FIBERMAP 980 R+4C20 BOSS 1 1 0 1 0 0 171.3216829051317 71.03372835090465 143.1 -83.91240560853485 165.38572967713 194.55103 142.38713 175.2038320001952 -7.393453890922422 -999.0 -999.0 -999.0 175.2038343087087 -7.393456569804289 175.20140219552422 -7.547168359348793 64.30210514268587 36.267199301712594 5400.0 5400.0 2016.0 1 213 {-999.0 21.938702 21.79177 21.235804 20.797829} sdss_fiber2mag_from_lsdr10 nan nan nan -999.0 63050396875787023 1131662860 dark_flexible_3x1 bhm_spiders_agn_lsdr10_d3 bhm_spiders science 0 0 0.0 0.0 -999 ""
FIBERMAP 980 R+4C20 METROLOGY 0 0 0 1 0 0 171.9308738337587 71.49171768949151 143.1 -84.41557942128863 165.95811963598027 194.55103 142.38713 -999.0 -999.0 -999.0 -999.0 -999.0 175.20227474371396 -7.391732529741075 175.1998580913679 -7.545419241562456 64.30141173723035 36.262083207638625 -999.0 6231.0 -999.0 -1 -999 {-999.0 -999.0 -999.0 -999.0 -999.0} "" -999.0 -999.0 -999.0 -999.0 -999 -999 "" "" "" "" 0 0 0.0 0.0 -999 ""
FIBERMAP 981 R-9C12 APOGEE 0 0 0 1 0 0 60.91433766039866 -153.56624780593887 143.1 148.45617539052475 72.46648299390576 147.89116 27.186863 -999.0 -999.0 -999.0 -999.0 -999.0 175.9145167966596 -7.674782937734499 175.91223367986254 -7.828540968002177 64.16506344076222 37.983542456784164 -999.0 16600.0 -999.0 2 168 {-999.0 -999.0 -999.0 -999.0 -999.0} "" -999.0 -999.0 -999.0 -999.0 -999 -999 "" "" "" "" 0 0 0.0 0.0 -999 ""
FIBERMAP 981 R-9C12 BOSS 1 1 0 1 0 0 61.648668195621035 -153.58970261532795 143.1 148.42345501847117 73.20042506567783 147.89116 27.186863 175.9145214487347 -7.672440022156656 -999.0 -999.0 -999.0 175.91452702764124 -7.672442868776208 175.91218744828336 -7.826288445484279 64.16319714317149 37.98064637501545 5400.0 5400.0 2016.0 1 401 {-999.0 21.895426 20.437868 19.860695 19.477148} sdss_fiber2mag_from_lsdr10 20.32444 21.573309 18.800783 16.062 63050395164330791 1128418838 dark_flexible_3x1 bhm_spiders_clusters_lsdr10_d3 bhm_spiders science 0 0 0.0 0.0 -999 ""
FIBERMAP 981 R-9C12 METROLOGY 0 0 0 1 0 0 61.240091031478364 -154.2317412463268 143.1 149.0948039893336 72.84211521379926 147.89116 27.186863 -999.0 -999.0 -999.0 -999.0 -999.0 175.91658067432635 -7.673544546906979 175.91425746375774 -7.8273657286601015 64.16298754918793 37.985939885238054 -999.0 6231.0 -999.0 -1 -999 {-999.0 -999.0 -999.0 -999.0 -999.0} "" -999.0 -999.0 -999.0 -999.0 -999 -999 "" "" "" "" 0 0 0.0 0.0 -999 ""
FIBERMAP 982 R+12C10 APOGEE 0 0 0 1 0 0 38.25194991955232 219.78240303023387 143.1 -222.05237721548738 21.34618736584177 253.86722 104.60075 -999.0 -999.0 -999.0 -999.0 -999.0 174.7816400747344 -7.829860032203297 174.77906360999964 -7.983296561843078 64.89226486466481 35.962953950993324 -999.0 16600.0 -999.0 2 -999 {-999.0 -999.0 -999.0 -999.0 -999.0} "" -999.0 -999.0 -999.0 -999.0 -999 -999 "" "" "" "" 0 0 0.0 0.0 -999 ""
FIBERMAP 982 R+12C10 BOSS 1 1 0 1 0 0 37.461795103848075 219.7978864213925 143.1 -222.00744391630286 20.557195821815924 253.86722 104.60075 174.7818047330009 -7.832170769478377 -1.9075018 -2.0446858 0.025930908 174.78178267470125 -7.832159298602666 174.7791530546673 -7.9856813980139165 64.89425800664759 35.966047254459795 5400.0 5400.0 2016.0 1 160 {-999.0 17.873182 17.149527 16.778727 -999.0} sdss_psfmag_ps1 17.64155 17.085768 16.403477 14.967 63050395164326813 1150544365 dark_flexible_3x1 manual_mwm_halo_distant_kgiant_far_boss_triple mwm_halo science 0 0 0.0 0.0 -999 ""
FIBERMAP 982 R+12C10 METROLOGY 0 0 0 1 0 0 37.87314146585256 220.42738548906644 143.1 -222.66650213523397 20.919224717239643 253.86722 104.60075 -999.0 -999.0 -999.0 -999.0 -999.0 174.7797326808301 -7.831082523615868 174.7771177679325 -7.984579869349899 64.89436140507419 35.96063918430946 -999.0 6231.0 -999.0 -1 -999 {-999.0 -999.0 -999.0 -999.0 -999.0} "" -999.0 -999.0 -999.0 -999.0 -999 -999 "" "" "" "" 0 0 0.0 0.0 -999 ""
FIBERMAP 987 R-13C12 APOGEE 0 0 0 1 0 0 116.92322220733803 -250.51223654968783 143.1 240.8350125637977 135.7160843280537 28.146109 92.85305 -999.0 -999.0 -999.0 -999.0 -999.0 176.19464360975778 -7.483732596928745 176.19245810418056 -7.637586518201483 63.85364013306551 38.277403902075434 -999.0 16600.0 -999.0 2 160 {-999.0 -999.0 -999.0 -999.0 -999.0} "" -999.0 -999.0 -999.0 -999.0 -999 -999 "" "" "" "" 0 0 0.0 0.0 -999 ""
FIBERMAP 987 R-13C12 BOSS 1 1 0 1 0 0 117.33626544398169 -251.14359505413282 143.1 241.43293832119008 136.17613918409273 28.146109 92.85305 176.19648980391415 -7.482258472813159 0.53021973 0.0032084333 -0.5584751 176.1964901613274 -7.482267921728737 176.19424727048 -7.636210644271173 63.851518723081725 38.27906714047987 5400.0 5400.0 2016.0 1 350 {-999.0 19.325264 19.157211 19.013681 18.918085} sdss_psfmag_from_gaiadr2 19.268797 19.152094 18.692627 -999.0 63050395164333390 1130008422 dark_flexible_3x1 bhm_gua_dark_d3 bhm_filler science 0 0 0.0 0.0 -999 ""
FIBERMAP 987 R-13C12 METROLOGY 0 0 0 1 0 0 116.58893224745847 -251.1821939356058 143.1 241.52852157477218 135.43397418936178 28.146109 92.85305 -999.0 -999.0 -999.0 -999.0 -999.0 176.19682446307826 -7.484505315969097 176.19459768370928 -7.638422763330092 63.85318129105074 38.28247089470665 -999.0 6231.0 -999.0 -1 -999 {-999.0 -999.0 -999.0 -999.0 -999.0} "" -999.0 -999.0 -999.0 -999.0 -999 -999 "" "" "" "" 0 0 0.0 0.0 -999 ""
FIBERMAP 992 R-2C20 APOGEE 0 0 0 1 0 0 136.40800262196638 -41.49671255586157 143.1 30.951423883187896 139.1734576869239 245.37901 45.935318 -999.0 -999.0 -999.0 -999.0 -999.0 175.5549642142122 -7.472670167918702 175.5526437607723 -7.62637268731645 64.18605868225862 37.04430279579344 -999.0 16600.0 -999.0 2 -999 {-999.0 -999.0 -999.0 -999.0 -999.0} "" -999.0 -999.0 -999.0 -999.0 -999 -999 "" "" "" "" 0 0 0.0 0.0 -999 ""
FIBERMAP 992 R-2C20 BOSS 1 1 0 1 0 0 136.1476887455088 -40.79674237410353 143.1 30.27342110064378 138.86043649881265 245.37901 45.935318 175.55294530425266 -7.4734771297217 -999.0 -999.0 -999.0 175.55296077647938 -7.473465500422416 175.5505841136087 -7.627255228305823 64.18789126724363 37.041408839014025 5400.0 5400.0 2016.0 1 304 {-999.0 nan nan nan nan} undefined nan nan nan -999.0 63050398306171078 1131662863 dark_flexible_3x1 bhm_spiders_agn_lsdr10_d3 bhm_spiders science 0 0 0.0 0.0 -999 ""
FIBERMAP 992 R-2C20 METROLOGY 0 0 0 1 0 0 136.87907154101555 -40.91568562851486 143.1 30.336130851495007 139.59873524982288 245.37901 45.935318 -999.0 -999.0 -999.0 -999.0 -999.0 175.55313811658777 -7.471240415975638 175.55077772497725 -7.6250056618781175 64.18588372111623 37.039036461583805 -999.0 6231.0 -999.0 -1 -999 {-999.0 -999.0 -999.0 -999.0 -999.0} "" -999.0 -999.0 -999.0 -999.0 -999 -999 "" "" "" "" 0 0 0.0 0.0 -999 ""
FIBERMAP 998 R+3C8 APOGEE 0 0 0 1 0 0 -94.45760651830717 40.54738596688556 143.1 -33.21007970653873 -97.27509566927813 329.39185 69.6786 -999.0 -999.0 -999.0 -999.0 -999.0 175.35859937216568 -8.1901263681107 175.35607638110002 -8.343663031095659 64.89618167011182 37.554676730546305 -999.0 16600.0 -999.0 2 -999 {-999.0 -999.0 -999.0 -999.0 -999.0} "" -999.0 -999.0 -999.0 -999.0 -999 -999 "" "" "" "" 0 0 0.0 0.0 -999 ""
FIBERMAP 998 R+3C8 BOSS 1 1 0 1 0 0 -95.0432363350148 40.062776588182516 143.1 -32.68216505335008 -97.82196060947597 329.39185 69.6786 175.3602499967989 -8.191743027929625 -0.15708339 -0.31075698 0.17015937 175.36025493156507 -8.191754281207992 175.3576772861354 -8.345375741340705 64.89677121291653 37.55999700092201 5400.0 5400.0 2016.0 1 53 {-999.0 20.021055 19.683096 19.366041 19.102173} sdss_psfmag_from_gaiadr2 20.195066 19.767977 19.185274 -999.0 63050395164320270 1130008199 dark_flexible_3x1 bhm_gua_dark_d3 bhm_filler science 0 0 0.0 0.0 -999 ""
FIBERMAP 998 R+3C8 METROLOGY 0 0 0 1 0 0 -95.15971119402317 40.80535348641821 143.1 -33.41363786381007 -97.99482519970145 329.39185 69.6786 -999.0 -999.0 -999.0 -999.0 -999.0 175.35799333558705 -8.192311004726877 175.35543051024752 -8.345907801590974 64.89841710903568 37.55625825041284 -999.0 6231.0 -999.0 -1 -999 {-999.0 -999.0 -999.0 -999.0 -999.0} "" -999.0 -999.0 -999.0 -999.0 -999 -999 "" "" "" "" 0 0 0.0 0.0 -999 ""
FIBERMAP 1001 R+8C12 APOGEE 0 0 0 1 0 0 38.91219615647786 136.4014588025085 143.1 -138.96946680391108 28.375081832214622 299.47278 59.077003 -999.0 -999.0 -999.0 -999.0 -999.0 175.03486021721886 -7.808692105861023 175.0323477504803 -7.962203067840484 64.74344662803475 36.44009060373321 -999.0 16600.0 -999.0 2 -999 {-999.0 -999.0 -999.0 -999.0 -999.0} "" -999.0 -999.0 -999.0 -999.0 -999 -999 "" "" "" "" 0 0 0.0 0.0 -999 ""
FIBERMAP 1001 R+8C12 BOSS 1 1 0 1 0 0 38.19939172697617 136.38969872401145 143.1 -138.90328078299888 27.665292493343625 299.47278 59.077003 175.03505601620373 -7.810752648120862 -999.0 -999.0 -999.0 175.0350483242791 -7.810746036529433 175.03248184182405 -7.964342834803792 64.74519879012466 36.44298608419149 5400.0 5400.0 2016.0 1 145 {-999.0 20.996471 19.29104 18.725069 -999.0} sdss_psfmag_ps1 20.197954 21.19902 18.334963 15.843 63050395164326894 1115908289 bright_1x1 openfibertargets_bhm_racsradio_boss open_fiber science 0 0 0.0 0.0 -999 ""
FIBERMAP 1001 R+8C12 METROLOGY 0 0 0 1 0 0 38.5306557210787 137.04482892378513 143.1 -139.58177544034083 27.945518502647722 299.47278 59.077003 -999.0 -999.0 -999.0 -999.0 -999.0 175.0329459474602 -7.809916687585407 175.0303943624259 -7.963488638366822 64.74555581639292 36.437810334397625 -999.0 6231.0 -999.0 -1 -999 {-999.0 -999.0 -999.0 -999.0 -999.0} "" -999.0 -999.0 -999.0 -999.0 -999 -999 "" "" "" "" 0 0 0.0 0.0 -999 ""
FIBERMAP 1002 R+12C5 APOGEE 0 0 0 1 0 0 -64.22418978303169 214.7794034801238 143.1 -209.23468197060873 -80.44341566686491 317.2788 73.53134 -999.0 -999.0 -999.0 -999.0 -999.0 174.82042275606247 -8.13812781690144 174.81777854454413 -8.291526178621215 65.13524771169806 36.42100327674018 -999.0 16600.0 -999.0 2 -999 {-999.0 -999.0 -999.0 -999.0 -999.0} "" -999.0 -999.0 -999.0 -999.0 -999 -999 "" "" "" "" 0 0 0.0 0.0 -999 ""
FIBERMAP 1002 R+12C5 BOSS 1 1 0 1 0 0 -64.84750441863963 214.40390411287598 143.1 -208.81267408341805 -81.03618992939118 317.2788 73.53134 174.8217252231576 -8.13986390219799 -0.020227768 0.07902871 -0.09490698 174.82172224975716 -8.139855647619815 174.81902523831604 -8.293338686815119 65.13614335504286 36.42576277847763 5400.0 5400.0 2016.0 1 164 {-999.0 18.945805 18.746178 18.669365 18.616917} sdss_psfmag_from_lsdr10 18.961187 18.747541 18.361456 -999.0 63050395164321858 1058911147 dark_flexible_2x1 bhm_spiders_agn_lsdr10 bhm_spiders science 0 0 0.0 0.0 -999 ""
FIBERMAP 1002 R+12C5 METROLOGY 0 0 0 1 0 0 -64.87805275829818 215.14266843352803 143.1 -209.54691073721625 -81.12309185274897 317.2788 73.53134 -999.0 -999.0 -999.0 -999.0 -999.0 174.81944053415305 -8.140147702408285 174.8167578232957 -8.293606075314269 65.13754827858261 36.42155370666143 -999.0 6231.0 -999.0 -1 -999 {-999.0 -999.0 -999.0 -999.0 -999.0} "" -999.0 -999.0 -999.0 -999.0 -999 -999 "" "" "" "" 0 0 0.0 0.0 -999 ""
FIBERMAP 1003 R-2C13 APOGEE 0 0 0 1 0 0 -16.978203248793363 -30.804592133996483 143.1 32.01031875892117 -14.57420536596421 194.20732 68.62641 -999.0 -999.0 -999.0 -999.0 -999.0 175.55852498197453 -7.939092971091868 175.55610558928345 -8.092721158297595 64.57810350163173 37.62848508757031 -999.0 16600.0 -999.0 2 -999 {-999.0 -999.0 -999.0 -999.0 -999.0} "" -999.0 -999.0 -999.0 -999.0 -999 -999 "" "" "" "" 0 0 0.0 0.0 -999 ""
FIBERMAP 1003 R-2C13 BOSS 1 1 0 1 0 0 -16.89059422355371 -30.050946712455485 143.1 31.252217537352642 -14.544437747428663 194.20732 68.62641 175.55627492616952 -7.938918658824564 -0.84370214 0.022371557 0.36389533 175.55627655593753 -7.9389273328358545 175.55380116501374 -8.092640798807778 64.57926611147253 37.623908329775475 5400.0 5400.0 2016.0 1 420 {-999.0 19.273401 19.221262 18.958447 -999.0} sdss_psfmag_ps1 19.289148 19.074795 18.644398 -999.0 63050395164331128 1116935166 bright_1x1 openfibertargets_bhm_quaia_boss open_fiber science 0 0 0.0 0.0 -999 ""
FIBERMAP 1003 R-2C13 METROLOGY 0 0 0 1 0 0 -16.298692142221846 -30.49192158398889 143.1 31.646659511502584 -13.920601149238196 194.20732 68.62641 -999.0 -999.0 -999.0 -999.0 -999.0 175.55747224385146 -7.937057323512135 175.55501326185367 -8.090747077607066 64.57702420606806 37.62388384834463 -999.0 6231.0 -999.0 -1 -999 {-999.0 -999.0 -999.0 -999.0 -999.0} "" -999.0 -999.0 -999.0 -999.0 -999 -999 "" "" "" "" 0 0 0.0 0.0 -999 ""
FIBERMAP 1005 R+8C16 APOGEE 0 0 0 1 0 0 126.77872732529798 144.26316691587584 143.1 -153.52115459513712 115.38004183737611 236.74503 115.16535 -999.0 -999.0 -999.0 -999.0 -999.0 174.9910078958599 -7.545083679882636 174.98854861879556 -7.698624907134433 64.54123453074169 36.03252272955069 -999.0 16600.0 -999.0 2 -999 {-999.0 -999.0 -999.0 -999.0 -999.0} "" -999.0 -999.0 -999.0 -999.0 -999 -999 "" "" "" "" 0 0 0.0 0.0 -999 ""
FIBERMAP 1005 R+8C16 BOSS 1 1 0 1 0 0 126.03548923443945 144.33963044580807 143.1 -153.54060497151062 114.63316859986755 236.74503 115.16535 174.99105332608164 -7.547120682509627 -112.38902 -32.720264 7.6510816 174.99094783816992 -7.547221088489742 174.98843456611826 -7.70084919359129 64.54319432174766 36.03498416424151 5400.0 5400.0 2016.0 1 210 {-999.0 18.716911 17.254715 15.907323 -999.0} sdss_psfmag_ps1 18.151024 16.627403 15.431631 13.202 63050395164336979 1077810427 bright_flexible_2x1 mwm_snc_ext_main_boss mwm_snc science 0 0 0.7783901691436768 0.0 -999 ""
FIBERMAP 1005 R+8C16 METROLOGY 0 0 0 1 0 0 126.49047358731185 144.9533900677138 143.1 -154.1873045827769 115.03990846012152 236.74503 115.16535 -999.0 -999.0 -999.0 -999.0 -999.0 174.98894411163207 -7.5460020819929285 174.98644585036243 -7.699605108220195 64.54315398673343 36.02956282488128 -999.0 6231.0 -999.0 -1 -999 {-999.0 -999.0 -999.0 -999.0 -999.0} "" -999.0 -999.0 -999.0 -999.0 -999 -999 "" "" "" "" 0 0 0.0 0.0 -999 ""
FIBERMAP 1007 R+12C9 APOGEE 0 0 0 1 0 0 22.090154310850274 216.85254975030256 143.1 -217.89640351799446 5.456233547168385 290.29907 93.63357 -999.0 -999.0 -999.0 -999.0 -999.0 174.79418764537158 -7.877990151769144 174.79160207303266 -8.031422564484004 64.92695225209275 36.046896877100096 -999.0 16600.0 -999.0 2 -999 {-999.0 -999.0 -999.0 -999.0 -999.0} "" -999.0 -999.0 -999.0 -999.0 -999 -999 "" "" "" "" 0 0 0.0 0.0 -999 ""
FIBERMAP 1007 R+12C9 BOSS 1 1 0 1 0 0 21.381699558889355 216.53802316046796 143.1 -217.52868234176816 4.773913437570339 290.29907 93.63357 174.7953281196422 -7.879938532931102 -5.0710764 -6.314389 2.5812228 174.79530932113036 -7.879971078367642 174.79267086551727 -8.033489190445042 64.92816783320993 36.051565069565754 5400.0 5400.0 2016.0 1 161 {-999.0 21.316837 19.901209 18.495308 -999.0} sdss_psfmag_ps1 20.828997 19.224045 18.01825 15.581 63050395164326751 1096161997 bright_1x1 mwm_bin_vis_boss mwm_filler science 0 0 0.0 0.0 -999 ""
FIBERMAP 1007 R+12C9 METROLOGY 0 0 0 1 0 0 21.48096709782873 217.28658794710918 143.1 -218.28260876774158 4.8156931304709945 290.29907 93.63357 -999.0 -999.0 -999.0 -999.0 -999.0 174.7929694304849 -7.879865313568452 174.79034537796076 -8.03335848889593 64.92925290285262 36.046762221155234 -999.0 6231.0 -999.0 -1 -999 {-999.0 -999.0 -999.0 -999.0 -999.0} "" -999.0 -999.0 -999.0 -999.0 -999 -999 "" "" "" "" 0 0 0.0 0.0 -999 ""
FIBERMAP 1008 R0C26 APOGEE 0 0 0 1 0 0 270.52616837205056 -22.222881183547255 143.1 1.4877057643292384 271.4207863067374 354.64722 12.096994 -999.0 -999.0 -999.0 -999.0 -999.0 175.4647216997311 -7.074133780855386 175.46246837986052 -7.227878016365339 63.894597228148356 36.39074073829846 -999.0 16600.0 -999.0 2 106 {-999.0 -999.0 -999.0 -999.0 -999.0} "" -999.0 -999.0 -999.0 -999.0 -999 -999 "" "" "" "" 0 0 0.0 0.0 -999 ""
FIBERMAP 1008 R0C26 BOSS 1 1 0 1 0 0 269.79628279506073 -22.34971278129525 143.1 1.6699266770335828 270.70275842501223 354.64722 12.096994 175.46539306640625 -7.076201582762806 -999.0 -999.0 -999.0 175.46533282558482 -7.076203617122238 175.46302379104065 -7.230037211963823 63.896149407354585 36.39437449200847 5400.0 5400.0 2015.5 1 180 {-999.0 -999.0 -999.0 -999.0 -999.0} "" -999.0 -999.0 -999.0 -999.0 27021603139074493 811639026 "" ops_sky_boss_good ops_sky sky_boss 0 0 0.0 0.0 -999 ""
FIBERMAP 1008 R0C26 METROLOGY 0 0 0 1 0 0 270.0773197905429 -21.640764666104623 143.1 0.9416114355773706 270.9287946927255 354.64722 12.096994 -999.0 -999.0 -999.0 -999.0 -999.0 175.4630980016957 -7.075500242565362 175.4608043825241 -7.229308003281139 63.896679382656956 36.389242584656074 -999.0 6231.0 -999.0 -1 -999 {-999.0 -999.0 -999.0 -999.0 -999.0} "" -999.0 -999.0 -999.0 -999.0 -999 -999 "" "" "" "" 0 0 0.0 0.0 -999 ""
FIBERMAP 1015 R+8C1 APOGEE 0 0 0 1 0 0 -212.54214388760565 164.0079520506901 143.1 -147.28195607158773 -224.44183502568816 148.33176 110.43983 -999.0 -999.0 -999.0 -999.0 -999.0 175.01010268803515 -8.573479623132506 175.00740039146308 -8.726861905522773 65.40468252955243 37.35324623941813 -999.0 16600.0 -999.0 2 48 {-999.0 -999.0 -999.0 -999.0 -999.0} "" -999.0 -999.0 -999.0 -999.0 -999 -999 "" "" "" "" 0 0 0.0 0.0 -999 ""
FIBERMAP 1015 R+8C1 BOSS 1 1 0 1 0 0 -212.42137405613502 164.76371724050733 143.1 -148.04470437380098 -224.3791670255526 148.33176 110.43983 175.00784495492093 -8.573182704140672 -6.234705 0.0023739084 0.2894348 175.007831356957 -8.573193560720538 175.00507523045007 -8.72665806933181 65.40574414546194 37.3483242516229 5400.0 5400.0 2016.0 1 84 {-999.0 17.23108 16.94419 16.739973 -999.0} sdss_psfmag_ps1 17.174976 16.889526 16.446236 15.846 63050395164319212 980423060 "" ops_std_boss_tic ops_std standard_boss 0 0 0.0 0.0 -999 ""
FIBERMAP 1015 R+8C1 METROLOGY 0 0 0 1 0 0 -211.85065226250939 164.2824202471807 143.1 -147.60844175766425 -223.77336706562124 148.33176 110.43983 -999.0 -999.0 -999.0 -999.0 -999.0 175.00911260063444 -8.571445331430114 175.0063723380556 -8.724887008973267 65.40356166777912 37.34863946992817 -999.0 6231.0 -999.0 -1 -999 {-999.0 -999.0 -999.0 -999.0 -999.0} "" -999.0 -999.0 -999.0 -999.0 -999 -999 "" "" "" "" 0 0 0.0 0.0 -999 ""
FIBERMAP 1020 R-3C9 APOGEE 0 0 0 1 0 0 -98.58677053011662 -67.40630286721392 143.1 74.73853826353678 -93.14394248077687 280.16678 19.654007 -999.0 -999.0 -999.0 -999.0 -999.0 175.68954504933737 -8.177390543773129 175.6871069693151 -8.331013211947203 64.70785044185831 38.18479809001769 -999.0 16600.0 -999.0 2 291 {-999.0 -999.0 -999.0 -999.0 -999.0} "" -999.0 -999.0 -999.0 -999.0 -999 -999 "" "" "" "" 0 0 0.0 0.0 -999 ""
FIBERMAP 1020 R-3C9 BOSS 1 1 0 1 0 0 -98.87785330236845 -66.69957651664913 143.1 74.05615022977022 -93.48815739652875 280.16678 19.654007 175.6875986507773 -8.178391518460959 -999.0 -999.0 -999.0 175.6875491851977 -8.17840090034833 175.68505446178494 -8.332107764487365 64.70987675359157 38.18221644933362 5400.0 5400.0 2016.0 1 478 {-999.0 20.941246 20.778315 20.63865 20.548637} sdss_psfmag_from_gaiadr2 20.863796 20.771812 20.305216 -999.0 63050395164329378 1130008357 dark_flexible_3x1 bhm_gua_dark_d3 bhm_filler science 0 0 0.0 0.0 -999 ""
FIBERMAP 1020 R-3C9 METROLOGY 0 0 0 1 0 0 -98.12376102687786 -66.82431425779237 143.1 74.12290217416592 -92.72677387835182 280.16678 19.654007 -999.0 -999.0 -999.0 -999.0 -999.0 175.6877456839174 -8.17612572364518 175.68526733575584 -8.32980896203103 64.7078362670834 38.17968968977016 -999.0 6231.0 -999.0 -1 -999 {-999.0 -999.0 -999.0 -999.0 -999.0} "" -999.0 -999.0 -999.0 -999.0 -999 -999 "" "" "" "" 0 0 0.0 0.0 -999 ""
FIBERMAP 1021 R+4C5 APOGEE 0 0 0 1 0 0 -167.49628091415715 65.57406386362386 143.1 -52.58202267608244 -172.0090210818327 249.27505 93.38252 -999.0 -999.0 -999.0 -999.0 -999.0 175.29936438755655 -8.416277970642819 175.2967752205917 -8.569763073042648 65.11816319971022 37.72675893887373 -999.0 16600.0 -999.0 2 25 {-999.0 -999.0 -999.0 -999.0 -999.0} "" -999.0 -999.0 -999.0 -999.0 -999 -999 "" "" "" "" 0 0 0.0 0.0 -999 ""
FIBERMAP 1021 R+4C5 BOSS 1 1 0 1 0 0 -168.19860412057432 65.76050464158887 143.1 -52.71424978436034 -172.7235035897053 249.27505 93.38252 175.29905208625303 -8.41843529846864 -20.089096 1.2981782 0.21045451 175.29899730134625 -8.418411537483717 175.29635313486176 -8.571979820431045 65.12025318165175 37.72877593185035 5400.0 5400.0 2016.0 1 42 {-999.0 17.94811 17.592567 17.515371 -999.0} sdss_psfmag_ps1 17.891808 17.581482 17.125957 16.296 63050395164319907 944484609 bright_1x1 openfibertargets_nov2020_6c open_fiber science 0 0 0.0 0.0 -999 ""
FIBERMAP 1021 R+4C5 METROLOGY 0 0 0 1 0 0 -167.68734557236127 66.29904004375157 143.1 -53.29024809827238 -172.25490922763314 249.27505 93.38252 -999.0 -999.0 -999.0 -999.0 -999.0 175.29720905668057 -8.417039980430813 175.29458016448405 -8.570584318430885 65.12002834213462 37.72347674976993 -999.0 6231.0 -999.0 -1 -999 {-999.0 -999.0 -999.0 -999.0 -999.0} "" -999.0 -999.0 -999.0 -999.0 -999 -999 "" "" "" "" 0 0 0.0 0.0 -999 ""
FIBERMAP 1022 R-11C3 APOGEE 0 0 0 1 0 0 -130.35973187785777 -230.8699887570027 143.1 240.14441086110963 -112.33333549771405 288.63342 68.67297 -999.0 -999.0 -999.0 -999.0 -999.0 176.19429382864922 -8.233779963966876 176.19197003257057 -8.387512591694618 64.47885028373341 39.22783161077081 -999.0 16600.0 -999.0 2 152 {-999.0 -999.0 -999.0 -999.0 -999.0} "" -999.0 -999.0 -999.0 -999.0 -999 -999 "" "" "" "" 0 0 0.0 0.0 -999 ""
FIBERMAP 1022 R-11C3 BOSS 1 1 0 1 0 0 -131.10071961654896 -230.84764365784235 143.1 240.17874628292032 -113.07383021936184 288.63342 68.67297 176.19445597215648 -8.23594259744279 -2.7556236 -2.1849172 -0.23057526 176.19445291342808 -8.235930563159155 176.19207091744966 -8.389747748916253 64.48064776731444 39.23092394214831 5400.0 5400.0 2016.0 1 433 {-999.0 18.465158 17.885326 17.69109 -999.0} sdss_psfmag_ps1 18.36528 17.935123 17.365873 16.075 63050395164251081 944083503 bright_1x1 openfibertargets_nov2020_6b open_fiber science 0 0 0.0 0.0 -999 ""
FIBERMAP 1022 R-11C3 METROLOGY 0 0 0 1 0 0 -130.71493483341263 -230.21159981346892 143.1 239.51511571913707 -112.73778704595644 288.63342 68.67297 -999.0 -999.0 -999.0 -999.0 -999.0 176.1924696003445 -8.234971660474638 176.1901036844032 -8.388764505669462 64.48092045581842 39.22590242387196 -999.0 6231.0 -999.0 -1 -999 {-999.0 -999.0 -999.0 -999.0 -999.0} "" -999.0 -999.0 -999.0 -999.0 -999 -999 "" "" "" "" 0 0 0.0 0.0 -999 ""
FIBERMAP 1024 R+6C15 APOGEE 0 0 0 1 0 0 98.99826387277346 132.0796369922025 143.1 -139.2512731442723 88.61293495992787 95.9068 75.59864 -999.0 -999.0 -999.0 -999.0 -999.0 175.03432228658735 -7.626080006936594 175.03185322552224 -7.779620161187733 64.58807878228936 36.21596117293058 -999.0 16600.0 -999.0 2 113 {-999.0 -999.0 -999.0 -999.0 -999.0} "" -999.0 -999.0 -999.0 -999.0 -999 -999 "" "" "" "" 0 0 0.0 0.0 -999 ""
FIBERMAP 1024 R+6C15 BOSS 1 1 0 1 0 0 99.73979504133021 131.930369050955 143.1 -139.159104124472 89.36366886660308 95.9068 75.59864 175.0345771277465 -7.623641304408674 8.88984 -13.775844 -0.013784369 175.03460702801476 -7.6236834226833485 175.03208498718732 -7.777310968365556 64.5859886565378 36.213611811189196 5400.0 5400.0 2016.0 1 196 {-999.0 18.418907 17.986399 17.776072 -999.0} sdss_psfmag_ps1 18.32765 18.021633 17.58541 -999.0 63050395164336617 944484670 bright_1x1 openfibertargets_nov2020_6c open_fiber science 0 0 0.0 0.0 -999 ""
FIBERMAP 1024 R+6C15 METROLOGY 0 0 0 1 0 0 99.26936303575982 131.3500992867391 143.1 -138.54461467013155 88.93896847592407 95.9068 75.59864 -999.0 -999.0 -999.0 -999.0 -999.0 175.0364474506089 -7.624982444133648 175.0339406997158 -7.778585649692796 64.58611750058995 36.21881637378539 -999.0 6231.0 -999.0 -1 -999 {-999.0 -999.0 -999.0 -999.0 -999.0} "" -999.0 -999.0 -999.0 -999.0 -999 -999 "" "" "" "" 0 0 0.0 0.0 -999 ""
FIBERMAP 1027 R+8C18 APOGEE 0 0 0 1 0 0 189.7218122090877 168.4744000342508 143.1 -182.46957731232996 176.28639896895726 79.66141 86.5859 -999.0 -999.0 -999.0 -999.0 -999.0 174.90362017102558 -7.3612975029548355 174.90118653747606 -7.51484397476889 64.42859630513553 35.64000630675679 -999.0 16600.0 -999.0 2 -999 {-999.0 -999.0 -999.0 -999.0 -999.0} "" -999.0 -999.0 -999.0 -999.0 -999 -999 "" "" "" "" 0 0 0.0 0.0 -999 ""
FIBERMAP 1027 R+8C18 BOSS 1 1 0 1 0 0 190.42395293042028 168.29838464516163 143.1 -182.3477306935992 176.99990299581478 79.66141 86.5859 174.9040472593573 -7.359058306890889 -999.0 -999.0 -999.0 174.90404465177792 -7.359048581657025 174.90155846574908 -7.51268355345291 64.42655354617654 35.638166736062885 5400.0 5400.0 2016.0 1 250 {-999.0 24.314693 22.725145 21.737444 21.190847} sdss_fiber2mag_from_lsdr10 nan nan nan -999.0 63050396867078470 1131664793 dark_flexible_3x1 bhm_spiders_agn_lsdr10_d3 bhm_spiders science 0 0 0.0 0.0 -999 ""
FIBERMAP 1027 R+8C18 METROLOGY 0 0 0 1 0 0 189.92710797344702 167.7551282734175 143.1 -181.76812667942096 176.5460401250683 79.66141 86.5859 -999.0 -999.0 -999.0 -999.0 -999.0 174.90575094887356 -7.360404802208877 174.9032798612941 -7.5140150878463 64.42681858582417 35.643143549865385 -999.0 6231.0 -999.0 -1 -999 {-999.0 -999.0 -999.0 -999.0 -999.0} "" -999.0 -999.0 -999.0 -999.0 -999 -999 "" "" "" "" 0 0 0.0 0.0 -999 ""
FIBERMAP 1029 R+7C2 APOGEE 0 0 0 1 0 0 -173.82569813712269 146.70701593603636 143.1 -132.99047067149223 -184.5184978742841 82.47465 57.303543 -999.0 -999.0 -999.0 -999.0 -999.0 175.05341876716545 -8.453451080115581 175.05075680414745 -8.606864274734775 65.28041428511685 37.28570708328732 -999.0 16600.0 -999.0 2 -999 {-999.0 -999.0 -999.0 -999.0 -999.0} "" -999.0 -999.0 -999.0 -999.0 -999 -999 "" "" "" "" 0 0 0.0 0.0 -999 ""
FIBERMAP 1029 R+7C2 BOSS 1 1 0 1 0 0 -173.24147145686376 146.22490869616246 143.1 -132.55443203740154 -183.89917122288273 82.47465 57.303543 175.05477905273438 -8.451528079604998 -999.0 -999.0 -999.0 175.05477720370143 -8.451536287193466 175.0520625603731 -8.60503351007037 65.27817674278928 37.285968213190415 5400.0 5400.0 2015.5 1 72 {-999.0 -999.0 -999.0 -999.0 -999.0} "" -999.0 -999.0 -999.0 -999.0 27021603139061254 820036786 "" ops_sky_boss_good ops_sky sky_boss 0 0 0.0 0.0 -999 ""
FIBERMAP 1029 R+7C2 METROLOGY 0 0 0 1 0 0 -173.95416648417745 145.97013460189828 143.1 -132.2459619571531 -184.59028432584827 82.47465 57.303543 -999.0 -999.0 -999.0 -999.0 -999.0 175.05568777917938 -8.453676505814393 175.05298801969604 -8.607150010544807 65.27947348098559 37.29052738152973 -999.0 6231.0 -999.0 -1 -999 {-999.0 -999.0 -999.0 -999.0 -999.0} "" -999.0 -999.0 -999.0 -999.0 -999 -999 "" "" "" "" 0 0 0.0 0.0 -999 ""
FIBERMAP 1030 R-7C6 APOGEE 0 0 0 1 0 0 -99.03545391374533 -143.8373276854226 143.1 150.97689239833335 -87.75168404839602 222.13454 163.06267 -999.0 -999.0 -999.0 -999.0 -999.0 175.92279225008193 -8.160519285755749 175.92041520723342 -8.314201018252804 64.56707005795998 38.61372525544658 -999.0 16600.0 -999.0 2 -999 {-999.0 -999.0 -999.0 -999.0 -999.0} "" -999.0 -999.0 -999.0 -999.0 -999 -999 "" "" "" "" 0 0 0.0 0.0 -999 ""
FIBERMAP 1030 R-7C6 BOSS 1 1 0 1 0 0 -99.78504148028304 -144.1452020488037 143.1 151.34112379830353 -88.47552308856736 222.13454 163.06267 175.92403491098702 -8.162641330130814 -6.172819 -5.0861053 1.2591584 175.92401645507172 -8.162655256594881 175.92158245593123 -8.316421977363555 64.56828558386898 38.61882115757709 5400.0 5400.0 2016.0 1 504 {-999.0 19.270666 17.76182 17.09729 -999.0} sdss_psfmag_ps1 18.611528 17.576715 16.585644 14.752 63050395164329472 1096589333 bright_1x1 mwm_bin_vis_boss mwm_filler science 0 0 0.0 0.0 -999 ""
FIBERMAP 1030 R-7C6 METROLOGY 0 0 0 1 0 0 -99.65454131209025 -143.4175312942916 143.1 150.60564307544524 -88.4010071271559 222.13454 163.06267 -999.0 -999.0 -999.0 -999.0 -999.0 175.92177335558233 -8.162471566560384 175.91935495265955 -8.31621368587524 64.5693275474098 38.61427236614321 -999.0 6231.0 -999.0 -1 -999 {-999.0 -999.0 -999.0 -999.0 -999.0} "" -999.0 -999.0 -999.0 -999.0 -999 -999 "" "" "" "" 0 0 0.0 0.0 -999 ""
FIBERMAP 1031 R+1C16 APOGEE 0 0 0 1 0 0 43.12117969664968 16.98379206747126 143.1 -20.22797661961324 41.69551334709937 190.0693 117.61446 -999.0 -999.0 -999.0 -999.0 -999.0 175.39834726369517 -7.768267937428224 175.3959277971079 -7.921882576442847 64.51888439779582 37.10381930374513 -999.0 16600.0 -999.0 2 114 {-999.0 -999.0 -999.0 -999.0 -999.0} "" -999.0 -999.0 -999.0 -999.0 -999 -999 "" "" "" "" 0 0 0.0 0.0 -999 ""
FIBERMAP 1031 R+1C16 BOSS 1 1 0 1 0 0 42.634501026009396 17.560923915910703 143.1 -20.766210723662677 41.16618482227995 190.0693 117.61446 175.396728515625 -7.769772833394981 -999.0 -999.0 -999.0 175.3967393787106 -7.769762723832193 175.39426427085982 -7.923463178257858 64.52109971654053 37.10253468556863 5400.0 5400.0 2015.5 1 198 {-999.0 -999.0 -999.0 -999.0 -999.0} "" -999.0 -999.0 -999.0 -999.0 27021603139069954 820037253 "" ops_sky_boss_good ops_sky sky_boss 0 0 0.0 0.0 -999 ""
FIBERMAP 1031 R+1C16 METROLOGY 0 0 0 1 0 0 43.373254249030865 17.687003487643242 143.1 -20.948359363944217 41.89311147627958 190.0693 117.61446 -999.0 -999.0 -999.0 -999.0 -999.0 175.39616381842131 -7.767576431668433 175.39370463425462 -7.921252589377001 64.51952393879448 37.09870738115097 -999.0 6231.0 -999.0 -1 -999 {-999.0 -999.0 -999.0 -999.0 -999.0} "" -999.0 -999.0 -999.0 -999.0 -999 -999 "" "" "" "" 0 0 0.0 0.0 -999 ""
FIBERMAP 1033 R-9C16 APOGEE 0 0 0 1 0 0 155.66023424478763 -155.01723012738566 143.1 142.66391659294723 167.04190462660475 141.16707 15.641061 -999.0 -999.0 -999.0 -999.0 -999.0 175.89590135807592 -7.388670364103631 175.89367058827668 -7.542470369713348 63.934363211275915 37.59469695923087 -999.0 16600.0 -999.0 2 208 {-999.0 -999.0 -999.0 -999.0 -999.0} "" -999.0 -999.0 -999.0 -999.0 -999 -999 "" "" "" "" 0 0 0.0 0.0 -999 ""
FIBERMAP 1033 R-9C16 BOSS 1 1 0 1 0 0 156.35500276253654 -155.28323771371504 143.1 142.87605145237822 167.75493407327838 141.16707 15.641061 175.8966064453125 -7.386410339954736 -999.0 -999.0 -999.0 175.89662407988365 -7.386397654331809 175.89433697426364 -7.540286607033897 63.93216711125968 37.59328970300908 5400.0 5400.0 2015.5 1 294 {-999.0 -999.0 -999.0 -999.0 -999.0} "" -999.0 -999.0 -999.0 -999.0 27021603139070489 811638468 "" ops_sky_boss_good ops_sky sky_boss 0 0 0.0 0.0 -999 ""
FIBERMAP 1033 R-9C16 METROLOGY 0 0 0 1 0 0 155.76554066707888 -155.75573952933476 143.1 143.39218729437349 167.20332317172065 141.16707 15.641061 -999.0 -999.0 -999.0 -999.0 -999.0 175.89820937150523 -7.388064367599567 175.8959384014712 -7.541928369832241 63.93269647163723 37.59834536245137 -999.0 6231.0 -999.0 -1 -999 {-999.0 -999.0 -999.0 -999.0 -999.0} "" -999.0 -999.0 -999.0 -999.0 -999 -999 "" "" "" "" 0 0 0.0 0.0 -999 ""
FIBERMAP 1038 R+9C11 APOGEE 0 0 0 1 0 0 45.853452871865 161.52173610388346 143.1 -164.54549016319152 33.37644645757103 347.49954 77.0052 -999.0 -999.0 -999.0 -999.0 -999.0 174.95680811068803 -7.7935034361389075 174.95428124304817 -7.946995228408246 64.7709551498554 36.26694409179015 -999.0 16600.0 -999.0 2 140 {-999.0 -999.0 -999.0 -999.0 -999.0} "" -999.0 -999.0 -999.0 -999.0 -999 -999 "" "" "" "" 0 0 0.0 0.0 -999 ""
FIBERMAP 1038 R+9C11 BOSS 1 1 0 1 0 0 45.54524531039893 160.83662924199348 143.1 -163.83886945111496 33.121498744397286 347.49954 77.0052 174.95895357754173 -7.794168135580718 -999.0 -999.0 -999.0 174.9589513746161 -7.794177848479121 174.95637155161228 -7.947756277841439 64.77052274025108 36.27201841620655 5400.0 5400.0 2016.0 1 139 {-999.0 21.601336 20.972977 20.541672 20.225151} sdss_fiber2mag_from_lsdr10 20.55501 20.90498 19.643627 -999.0 63050395164326909 1131660775 dark_flexible_3x1 bhm_spiders_agn_lsdr10_d3 bhm_spiders science 0 0 0.0 0.0 -999 ""
FIBERMAP 1038 R+9C11 METROLOGY 0 0 0 1 0 0 45.108978259624045 161.4644403838108 143.1 -164.43148399505995 32.638560065709086 347.49954 77.0052 -999.0 -999.0 -999.0 -999.0 -999.0 174.95710580342174 -7.795662011144648 174.95454030088285 -7.949215269724774 64.77271424990529 36.27017806472179 -999.0 6231.0 -999.0 -1 -999 {-999.0 -999.0 -999.0 -999.0 -999.0} "" -999.0 -999.0 -999.0 -999.0 -999 -999 "" "" "" "" 0 0 0.0 0.0 -999 ""
FIBERMAP 1045 R+11C11 APOGEE 0 0 0 1 0 0 37.59481673759725 211.10697447325444 143.1 -213.35250181067767 21.353839887660534 226.63693 69.867775 -999.0 -999.0 -999.0 -999.0 -999.0 174.80808597175331 -7.8298573700453815 174.80551566944735 -7.983301447703217 64.87867592362574 36.01571998120227 -999.0 16600.0 -999.0 2 126 {-999.0 -999.0 -999.0 -999.0 -999.0} "" -999.0 -999.0 -999.0 -999.0 -999 -999 "" "" "" "" 0 0 0.0 0.0 -999 ""
FIBERMAP 1045 R+11C11 BOSS 1 1 0 1 0 0 37.25011185469655 211.75803183649154 143.1 -213.97528923360517 20.960415398963995 226.63693 69.867775 174.80621337890622 -7.830954604648326 -999.0 -999.0 -999.0 174.80619543675368 -7.830956841819838 174.80357171536377 -7.984486118998032 64.88068794945036 36.013293310970255 5400.0 5400.0 2015.5 1 113 {-999.0 -999.0 -999.0 -999.0 -999.0} "" -999.0 -999.0 -999.0 -999.0 27021603139066626 820037095 "" ops_sky_boss_good ops_sky sky_boss 0 0 0.0 0.0 -999 ""
FIBERMAP 1045 R+11C11 METROLOGY 0 0 0 1 0 0 37.98315710824782 211.7375049070501 143.1 -214.01083059144244 21.692852304813456 226.63693 69.867775 -999.0 -999.0 -999.0 -999.0 -999.0 174.80604427805648 -7.828759465026829 174.80343600533683 -7.982264710510639 64.87885917434022 36.010305960243386 -999.0 6231.0 -999.0 -1 -999 {-999.0 -999.0 -999.0 -999.0 -999.0} "" -999.0 -999.0 -999.0 -999.0 -999 -999 "" "" "" "" 0 0 0.0 0.0 -999 ""
FIBERMAP 1047 R+10C15 APOGEE 0 0 0 1 0 0 132.33357202829558 207.89368946711323 143.1 -217.38714522538248 116.05678779486483 106.1417 110.749115 -999.0 -999.0 -999.0 -999.0 -999.0 174.79671859128356 -7.543318967640751 174.79421711224143 -7.696805792361655 64.63917955030074 35.64606841200708 -999.0 16600.0 -999.0 2 77 {-999.0 -999.0 -999.0 -999.0 -999.0} "" -999.0 -999.0 -999.0 -999.0 -999 -999 "" "" "" "" 0 0 0.0 0.0 -999 ""
FIBERMAP 1047 R+10C15 BOSS 1 1 0 1 0 0 132.90481521185433 208.35639328791194 143.1 -217.8921201749698 116.5909824857502 106.1417 110.749115 174.79522705078125 -7.541595826338309 -999.0 -999.0 -999.0 174.79522723289992 -7.5416106910703755 174.79267311798174 -7.69518453185682 64.6385758887843 35.64105820277484 5400.0 5400.0 2015.5 1 236 {-999.0 -999.0 -999.0 -999.0 -999.0} "" -999.0 -999.0 -999.0 -999.0 27021603139066980 820037103 "" ops_sky_boss_good ops_sky sky_boss 0 0 0.0 0.0 -999 ""
FIBERMAP 1047 R+10C15 METROLOGY 0 0 0 1 0 0 133.0188467463241 207.6004608638257 143.1 -217.1471448171912 116.76243141752819 106.1417 110.749115 -999.0 -999.0 -999.0 -999.0 -999.0 174.79743761804457 -7.541093108191951 174.79489905543346 -7.694642963722293 64.63697709249145 35.64482487864586 -999.0 6231.0 -999.0 -1 -999 {-999.0 -999.0 -999.0 -999.0 -999.0} "" -999.0 -999.0 -999.0 -999.0 -999 -999 "" "" "" "" 0 0 0.0 0.0 -999 ""
FIBERMAP 1048 R-5C8 APOGEE 0 0 0 1 0 0 -61.869397074760585 -97.72066169028417 143.1 102.1575411754522 -54.21946861099287 23.099054 89.259026 -999.0 -999.0 -999.0 -999.0 -999.0 175.77349888727304 -8.059208565205772 175.7711057781171 -8.212870742312287 64.56348403373373 38.19663993049738 -999.0 16600.0 -999.0 2 -999 {-999.0 -999.0 -999.0 -999.0 -999.0} "" -999.0 -999.0 -999.0 -999.0 -999 -999 "" "" "" "" 0 0 0.0 0.0 -999 ""
FIBERMAP 1048 R-5C8 BOSS 1 1 0 1 0 0 -61.58909049916774 -98.43006953134315 143.1 102.84342607817648 -53.88579301775177 23.099054 89.259026 175.77575300698174 -8.058131329263675 -999.0 -999.0 -999.0 175.77570891906237 -8.058135674214444 175.77326026307526 -8.2118839773332 64.56149250220032 38.19954274685625 5400.0 5400.0 2016.0 1 481 {-999.0 22.804535 21.457148 20.847204 20.397373} sdss_fiber2mag_from_lsdr10 nan nan nan -999.0 63050398306122454 1131658741 dark_flexible_3x1 bhm_spiders_agn_lsdr10_d3 bhm_spiders science 0 0 0.0 0.0 -999 ""
FIBERMAP 1048 R-5C8 METROLOGY 0 0 0 1 0 0 -62.32262905114218 -98.31570706030341 143.1 102.78544821634108 -54.62589113541449 23.099054 89.259026 -999.0 -999.0 -999.0 -999.0 -999.0 175.77552660870325 -8.060411147005318 175.77309339940211 -8.214134827161644 64.56346787990657 38.2020840349561 -999.0 6231.0 -999.0 -1 -999 {-999.0 -999.0 -999.0 -999.0 -999.0} "" -999.0 -999.0 -999.0 -999.0 -999 -999 "" "" "" "" 0 0 0.0 0.0 -999 ""
FIBERMAP 1050 R+12C14 APOGEE 0 0 0 1 0 0 149.86164662499527 247.56781059010567 143.1 -258.28266826982264 130.50156732258486 108.14963 35.210995 -999.0 -999.0 -999.0 -999.0 -999.0 174.67302550961426 -7.499965229729954 174.67050790430335 -7.653423368083019 64.6647414035553 35.348220622795736 -999.0 16600.0 -999.0 2 56 {-999.0 -999.0 -999.0 -999.0 -999.0} "" -999.0 -999.0 -999.0 -999.0 -999 -999 "" "" "" "" 0 0 0.0 0.0 -999 ""
FIBERMAP 1050 R+12C14 BOSS 1 1 0 1 0 0 150.4598190707024 247.12319151541823 143.1 -257.88507199223875 131.13193409657381 108.14963 35.210995 174.6743235966121 -7.497991793593167 -999.0 -999.0 -999.0 174.67432163266537 -7.49798950650335 174.67175252222353 -7.651535638563529 64.66248847090651 35.348447447386945 5400.0 5400.0 2016.0 1 93 {-999.0 21.429037 20.010069 19.45985 19.088339} sdss_fiber2mag_from_lsdr10 19.80586 21.115562 18.117489 15.839 63050395164328612 1128419987 dark_flexible_3x1 bhm_spiders_clusters_lsdr10_d3 bhm_spiders science 0 0 0.0 0.0 -999 ""
FIBERMAP 1050 R+12C14 METROLOGY 0 0 0 1 0 0 149.75843655105066 246.82515967610198 143.1 -257.5343369319537 130.455404960037 108.14963 35.210995 -999.0 -999.0 -999.0 -999.0 -999.0 174.67530146848648 -7.500024487781715 174.67274686948792 -7.653545831855017 64.66371388766615 35.352825660633414 -999.0 6231.0 -999.0 -1 -999 {-999.0 -999.0 -999.0 -999.0 -999.0} "" -999.0 -999.0 -999.0 -999.0 -999 -999 "" "" "" "" 0 0 0.0 0.0 -999 ""
FIBERMAP 1052 R-8C18 APOGEE 0 0 0 1 0 0 185.94055903877998 -174.5762584416678 143.1 159.85133954863213 198.72669725061508 343.08395 49.611008 -999.0 -999.0 -999.0 -999.0 -999.0 175.94777461270027 -7.293243889531492 175.94557331246585 -7.447071755683321 63.82626220005648 37.576649755633525 -999.0 16600.0 -999.0 2 -999 {-999.0 -999.0 -999.0 -999.0 -999.0} "" -999.0 -999.0 -999.0 -999.0 -999 -999 "" "" "" "" 0 0 0.0 0.0 -999 ""
FIBERMAP 1052 R-8C18 BOSS 1 1 0 1 0 0 185.31350196828862 -174.99790958996 143.1 160.31964811100642 198.13371783053796 343.08395 49.611008 175.94927000400273 -7.294880094147825 -2.9915988 -10.058461 0.357773 175.9492727003116 -7.294934429934568 175.94701421800448 -7.448851208460412 63.82699390470742 37.581550287141226 5400.0 5400.0 2016.0 1 275 {-999.0 18.39341 18.071478 17.780487 -999.0} sdss_psfmag_ps1 18.380379 18.034378 17.543753 -999.0 63050395164335103 944484662 bright_1x1 openfibertargets_nov2020_6c open_fiber science 0 0 0.0 0.0 -999 ""
FIBERMAP 1052 R-8C18 METROLOGY 0 0 0 1 0 0 185.2695125176038 -174.24581210228203 143.1 159.57314483122815 198.03239600507132 343.08395 49.611008 -999.0 -999.0 -999.0 -999.0 -999.0 175.9470171169904 -7.295223577643328 175.94477431975497 -7.449114599168186 63.82841052575415 37.577626401111104 -999.0 6231.0 -999.0 -1 -999 {-999.0 -999.0 -999.0 -999.0 -999.0} "" -999.0 -999.0 -999.0 -999.0 -999 -999 "" "" "" "" 0 0 0.0 0.0 -999 ""
FIBERMAP 1055 R+1C11 APOGEE 0 0 0 1 0 0 -59.557503400354186 39.15298359157246 143.1 -34.48631319680457 -62.37208631675167 153.03813 53.766327 -999.0 -999.0 -999.0 -999.0 -999.0 175.3546561739896 -8.084252913052142 175.35215596003957 -8.237805471922295 64.80902076712646 37.41301596506344 -999.0 16600.0 -999.0 2 21 {-999.0 -999.0 -999.0 -999.0 -999.0} "" -999.0 -999.0 -999.0 -999.0 -999 -999 "" "" "" "" 0 0 0.0 0.0 -999 ""
FIBERMAP 1055 R+1C11 BOSS 1 1 0 1 0 0 -58.881699249716974 39.509562651075385 143.1 -34.893467348281064 -61.72553281917886 153.03813 53.766327 175.3534345484249 -8.082238986866553 -999.0 -999.0 -999.0 175.35344068591186 -8.08224278676351 175.35088592472948 -8.235880445583675 64.80807134187637 37.40809672075369 5400.0 5400.0 2016.0 1 31 {-999.0 19.063784 17.88139 17.460207 -999.0} sdss_psfmag_ps1 18.57126 20.337915 17.0631 14.66 63050395164321621 1115908266 bright_1x1 openfibertargets_bhm_racsradio_boss open_fiber science 0 0 0.0 0.0 -999 ""
FIBERMAP 1055 R+1C11 METROLOGY 0 0 0 1 0 0 -58.93060482703101 38.75731908964683 143.1 -34.1397209089996 -61.71681902174854 153.03813 53.766327 -999.0 -999.0 -999.0 -999.0 -999.0 175.35573364937974 -8.082246499624077 175.35319494212263 -8.23586064209733 64.80682793049355 37.41260127086184 -999.0 6231.0 -999.0 -1 -999 {-999.0 -999.0 -999.0 -999.0 -999.0} "" -999.0 -999.0 -999.0 -999.0 -999 -999 "" "" "" "" 0 0 0.0 0.0 -999 ""
FIBERMAP 1059 R+3C13 APOGEE 0 0 0 1 0 0 19.64686674188294 50.616348291670874 143.1 -51.96714218929924 15.721254072907158 304.433 131.19716 -999.0 -999.0 -999.0 -999.0 -999.0 175.30107091167383 -7.847144024316683 175.2986113283141 -8.000720532051115 64.6369184809615 37.01145371620862 -999.0 16600.0 -999.0 2 125 {-999.0 -999.0 -999.0 -999.0 -999.0} "" -999.0 -999.0 -999.0 -999.0 -999 -999 "" "" "" "" 0 0 0.0 0.0 -999 ""
FIBERMAP 1059 R+3C13 BOSS 1 1 0 1 0 0 19.46570661959744 49.89417343041589 143.1 -51.233270434814784 15.59580867905692 304.433 131.19716 175.30334472656247 -7.847428152342729 -999.0 -999.0 -999.0 175.30334163411527 -7.847429080755614 175.30082794475652 -8.001092229955571 64.63606637174777 37.01625519858442 5400.0 5400.0 2015.5 1 111 {-999.0 -999.0 -999.0 -999.0 -999.0} "" -999.0 -999.0 -999.0 -999.0 27021603139069899 820037270 "" ops_sky_boss_good ops_sky sky_boss 0 0 0.0 0.0 -999 ""
FIBERMAP 1059 R+3C13 METROLOGY 0 0 0 1 0 0 18.930809325922827 50.41792367383784 143.1 -51.714597364452274 15.022483259607027 304.433 131.19716 -999.0 -999.0 -999.0 -999.0 -999.0 175.30184612002935 -7.849193394137494 175.29934715243053 -8.002831463062956 64.63831903700483 37.015514427237974 -999.0 6231.0 -999.0 -1 -999 {-999.0 -999.0 -999.0 -999.0 -999.0} "" -999.0 -999.0 -999.0 -999.0 -999 -999 "" "" "" "" 0 0 0.0 0.0 -999 ""
FIBERMAP 1061 R+9C10 APOGEE 0 0 0 1 0 0 6.750002383165226 167.67205219377556 143.1 -167.68989724151467 -6.080798168258587 181.65053 160.10907 -999.0 -999.0 -999.0 -999.0 -999.0 174.94706278845885 -7.913125805783248 174.9445046243227 -8.066595719779805 64.87794611372152 36.39464401643545 -999.0 16600.0 -999.0 2 136 {-999.0 -999.0 -999.0 -999.0 -999.0} "" -999.0 -999.0 -999.0 -999.0 -999 -999 "" "" "" "" 0 0 0.0 0.0 -999 ""
FIBERMAP 1061 R+9C10 BOSS 1 1 0 1 0 0 6.0408817492558144 167.8958354295005 143.1 -167.85883657581286 -6.80491101975991 181.65053 160.10907 174.94653425758617 -7.915235506692395 -0.57643753 0.43531373 -0.41208923 174.94653317886974 -7.915237605802518 174.94392116496874 -8.068792651167337 64.88011993599596 36.39619711001319 5400.0 5400.0 2016.0 1 131 {-999.0 20.714233 20.586182 20.462355 20.410686} sdss_psfmag_from_gaiadr2 20.384508 20.57806 19.96496 -999.0 63050395164322113 1130008234 dark_flexible_3x1 bhm_gua_dark_d3 bhm_filler science 0 0 0.0 0.0 -999 ""
FIBERMAP 1061 R+9C10 METROLOGY 0 0 0 1 0 0 6.573994645532881 168.40093807279868 143.1 -168.40317115700765 -6.311972818282814 181.65053 160.10907 -999.0 -999.0 -999.0 -999.0 -999.0 174.94483791755633 -7.913766072523631 174.94224094389835 -8.067296621637357 64.87971757543583 36.391012743518786 -999.0 6231.0 -999.0 -1 -999 {-999.0 -999.0 -999.0 -999.0 -999.0} "" -999.0 -999.0 -999.0 -999.0 -999 -999 "" "" "" "" 0 0 0.0 0.0 -999 ""
FIBERMAP 1062 R-12C6 APOGEE 0 0 0 1 0 0 -54.04231271285035 -248.31787279416642 143.1 251.70955611037726 -34.90944864862711 274.75534 76.81547 -999.0 -999.0 -999.0 -999.0 -999.0 176.22939891474513 -7.999584606570822 176.22712678159462 -8.153362790069098 64.26506037092398 38.99284154654623 -999.0 16600.0 -999.0 2 -999 {-999.0 -999.0 -999.0 -999.0 -999.0} "" -999.0 -999.0 -999.0 -999.0 -999 -999 "" "" "" "" 0 0 0.0 0.0 -999 ""
FIBERMAP 1062 R-12C6 BOSS 1 1 0 1 0 0 -54.72023350049073 -248.18080101037202 143.1 251.62468696768678 -35.59582922594321 274.75534 76.81547 176.22889453374583 -8.001529459326294 -27.887487 -30.094444 0.59319544 176.22921484313616 -8.0015775530187 176.22688426855495 -8.155441275660912 64.26692158405515 38.99504294417977 5400.0 5400.0 2016.0 1 365 {-999.0 14.537464 14.033276 13.82872 -999.0} sdss_psfmag_from_g3xp 14.419796 14.042844 13.488455 12.387 63050395164330163 1135975676 dark_flexible_3x1 mwm_halo_local_high_boss_triple mwm_halo science 0 0 1.3770692348480225 0.0 -999 ""
FIBERMAP 1062 R-12C6 METROLOGY 0 0 0 1 0 0 -54.315398401749185 -247.6215090793487 143.1 251.03612489897893 -35.23492817773699 274.75534 76.81547 -999.0 -999.0 -999.0 -999.0 -999.0 176.22745830182936 -8.000522042741462 176.22514395255428 -8.154361201546273 64.26698134731741 38.990361868027094 -999.0 6231.0 -999.0 -1 -999 {-999.0 -999.0 -999.0 -999.0 -999.0} "" -999.0 -999.0 -999.0 -999.0 -999 -999 "" "" "" "" 0 0 0.0 0.0 -999 ""
FIBERMAP 1065 R-10C5 APOGEE 0 0 0 1 0 0 -83.53916194752291 -176.1927835956389 143.1 182.0522997815438 -69.8293312230489 113.40272 67.98065 -999.0 -999.0 -999.0 -999.0 -999.0 176.01762622644614 -8.1059529808667 176.015283081009 -8.259665726396879 64.46976602958179 38.72565806398086 -999.0 16600.0 -999.0 2 -999 {-999.0 -999.0 -999.0 -999.0 -999.0} "" -999.0 -999.0 -999.0 -999.0 -999 -999 "" "" "" "" 0 0 0.0 0.0 -999 ""
FIBERMAP 1065 R-10C5 BOSS 1 1 0 1 0 0 -82.82143768627816 -176.17456108264102 143.1 181.97929462234995 -69.1151304148231 113.40272 67.98065 176.01753731834108 -8.103742075947926 -8.299562 -1.6824843 0.31876612 176.01751501302127 -8.103725713695937 176.01511506660097 -8.257524137074096 64.4680733043807 38.72258986312568 5400.0 5400.0 2016.0 1 423 {-999.0 16.929087 16.539951 16.386225 16.325525} sdss_psfmag_from_gaia 16.8688 16.5527 16.0599 15.225 63050395164329537 970766187 "" ops_std_boss_gdr2 ops_std standard_boss 0 0 0.0 0.0 -999 ""
FIBERMAP 1065 R-10C5 METROLOGY 0 0 0 1 0 0 -83.14800718363188 -176.83035411525336 143.1 182.6580914676355 -69.39062522420997 113.40272 67.98065 -999.0 -999.0 -999.0 -999.0 -999.0 176.01959351576835 -8.104587296537323 176.0172101146734 -8.258361876855489 64.46762528077281 38.72767280245955 -999.0 6231.0 -999.0 -1 -999 {-999.0 -999.0 -999.0 -999.0 -999.0} "" -999.0 -999.0 -999.0 -999.0 -999 -999 "" "" "" "" 0 0 0.0 0.0 -999 ""
FIBERMAP 1066 R-11C10 APOGEE 0 0 0 1 0 0 19.749104498445597 -217.2583467348213 143.1 215.10432332413635 36.28979353610616 204.96593 107.24934 -999.0 -999.0 -999.0 -999.0 -999.0 176.11783344579925 -7.784286245681796 176.11557519675534 -7.938073962218044 64.14671659840477 38.507810923688226 -999.0 16600.0 -999.0 2 175 {-999.0 -999.0 -999.0 -999.0 -999.0} "" -999.0 -999.0 -999.0 -999.0 -999 -999 "" "" "" "" 0 0 0.0 0.0 -999 ""
FIBERMAP 1066 R-11C10 BOSS 1 1 0 1 0 0 19.247796340256283 -216.7161370191587 143.1 214.60202540254133 35.74854714256971 204.96593 107.24934 176.1164018878198 -7.7858427127131575 -999.0 -999.0 -999.0 176.1164136766456 -7.785832172975208 176.11409715175103 -7.939706093628202 64.14888472808167 38.50706424344162 5400.0 5400.0 2016.0 1 417 {-999.0 21.943108 20.82176 20.186302 -999.0} sdss_psfmag_ps1 -999.0 -999.0 -999.0 -999.0 63050398306305943 1164595593 dark_1x1 openfibertargets_bhm_iragn_boss open_fiber science 0 0 0.0 0.0 -999 ""
FIBERMAP 1066 R-11C10 METROLOGY 0 0 0 1 0 0 19.94751663023012 -216.53953378582057 143.1 214.3724853826062 36.43269657429229 204.96593 107.24934 -999.0 -999.0 -999.0 -999.0 -999.0 176.11572679478522 -7.783780030238634 176.11342684060992 -7.937629539482234 64.14751500985751 38.50317454674337 -999.0 6231.0 -999.0 -1 -999 {-999.0 -999.0 -999.0 -999.0 -999.0} "" -999.0 -999.0 -999.0 -999.0 -999 -999 "" "" "" "" 0 0 0.0 0.0 -999 ""
FIBERMAP 1067 R+3C14 APOGEE 0 0 1 1 0 0 34.32974961730021 66.02167122304984 143.1 -68.44854695969634 29.183515136179693 10.991102 169.8064 -999.0 -999.0 -999.0 -999.0 -999.0 175.25059703370724 -7.806270477428687 175.248135034107 -7.959840186442751 64.62879411327252 36.86192171886876 -999.0 16600.0 -999.0 2 122 {-999.0 -999.0 -999.0 -999.0 -999.0} "" -999.0 -999.0 -999.0 -999.0 -999 -999 "" "" "" "" 0 0 0.0 0.0 -999 ""
FIBERMAP 1067 R+3C14 BOSS 1 0 1 1 0 0 35.05988479210562 65.93608279680821 143.1 -68.41899767152243 29.918021540409274 10.991102 169.8064 175.3263608306139 -7.804336901191484 -15.3635 -5.872157 0.14224127 175.2507015572399 -7.803936462603298 175.2481857322266 -7.957592825479092 64.62686131043546 36.85924306922817 5400.0 5400.0 2016.0 1 102 {-999.0 17.810114 17.47587 17.34991 17.31102} sdss_psfmag_from_gaia 17.7655 17.4849 17.0273 15.783 63050395164331567 968259094 "" ops_std_boss_gdr2 ops_std standard_boss 0 0 0.0 0.0 -999 ""
FIBERMAP 1067 R+3C14 METROLOGY 0 0 1 1 0 0 34.6273913426956 65.32897475124213 143.1 -67.78064827281439 29.53319759514832 10.991102 169.8064 -999.0 -999.0 -999.0 -999.0 -999.0 175.25263483950158 -7.805126704613376 175.25013459568504 -7.958758944484194 64.62682803987289 36.864504933068304 -999.0 6231.0 -999.0 -1 -999 {-999.0 -999.0 -999.0 -999.0 -999.0} "" -999.0 -999.0 -999.0 -999.0 -999 -999 "" "" "" "" 0 0 0.0 0.0 -999 ""
FIBERMAP 1072 R-5C17 APOGEE 0 0 0 1 0 0 134.01203096132397 -84.79408008149548 143.1 74.30328663913903 140.0926775955154 71.91437 92.16282 -999.0 -999.0 -999.0 -999.0 -999.0 175.68752261868013 -7.469918719463524 175.68523119082317 -7.623654873630514 64.11370658823003 37.29598570405028 -999.0 16600.0 -999.0 2 -999 {-999.0 -999.0 -999.0 -999.0 -999.0} "" -999.0 -999.0 -999.0 -999.0 -999 -999 "" "" "" "" 0 0 0.0 0.0 -999 ""
FIBERMAP 1072 R-5C17 BOSS 1 1 0 1 0 0 134.72150802171203 -84.98746081896394 143.1 74.44188651905884 140.8148229532026 71.91437 92.16282 175.68803836592713 -7.467578818644708 -999.0 -999.0 -999.0 175.68802890568656 -7.467587997859237 175.6856819467813 -7.621412595637206 64.11157277415174 37.29410498149218 5400.0 5400.0 2016.0 1 296 {-999.0 22.59489 21.324493 20.60322 -999.0} sdss_psfmag_ps1 -999.0 -999.0 -999.0 -999.0 63050396875901687 1164587807 dark_1x1 openfibertargets_bhm_iragn_boss open_fiber science 0 0 0.0 0.0 -999 ""
FIBERMAP 1072 R-5C17 METROLOGY 0 0 0 1 0 0 134.2003271953185 -85.51798804875345 143.1 75.01065853809796 140.33572392220705 71.91437 92.16282 -999.0 -999.0 -999.0 -999.0 -999.0 175.68976348907486 -7.469046661138502 175.687432499971 -7.622846526322259 64.11185699156097 37.29921909469073 -999.0 6231.0 -999.0 -1 -999 {-999.0 -999.0 -999.0 -999.0 -999.0} "" -999.0 -999.0 -999.0 -999.0 -999 -999 "" "" "" "" 0 0 0.0 0.0 -999 ""
FIBERMAP 1073 R+13C13 APOGEE 0 0 0 1 0 0 141.1544283874944 256.88914194143416 143.1 -266.91105788890985 121.10802024066369 52.8583 71.741776 -999.0 -999.0 -999.0 -999.0 -999.0 174.64678205070246 -7.528356521296582 174.6442514612769 -7.681802442600573 64.70242687238843 35.32976167826831 -999.0 16600.0 -999.0 2 58 {-999.0 -999.0 -999.0 -999.0 -999.0} "" -999.0 -999.0 -999.0 -999.0 -999 -999 "" "" "" "" 0 0 0.0 0.0 -999 ""
FIBERMAP 1073 R+13C13 BOSS 1 1 0 1 0 0 141.61019219029762 256.27615317685303 143.1 -266.33471133220866 121.60926529460649 52.8583 71.741776 174.64863155256313 -7.526778705575143 -999.0 -999.0 -999.0 174.64862101530798 -7.526770251727348 174.64603904797912 -7.680304125974697 64.70023431542585 35.33153771169793 5400.0 5400.0 2016.0 1 96 {-999.0 20.98062 19.575151 19.025581 18.652899} sdss_fiber2mag_from_lsdr10 19.463158 21.623564 17.617077 15.34 63050395164328605 1128419980 dark_flexible_3x1 bhm_spiders_clusters_lsdr10_d3 bhm_spiders science 0 0 0.0 0.0 -999 ""
FIBERMAP 1073 R+13C13 METROLOGY 0 0 0 1 0 0 140.8485932929111 256.20495134648604 143.1 -266.20553198817953 120.85536794350716 52.8583 71.741776 -999.0 -999.0 -999.0 -999.0 -999.0 174.6489271138227 -7.529042296312666 174.64635942085476 -7.682551187118403 64.70200472723837 35.334860039795615 -999.0 6231.0 -999.0 -1 -999 {-999.0 -999.0 -999.0 -999.0 -999.0} "" -999.0 -999.0 -999.0 -999.0 -999 -999 "" "" "" "" 0 0 0.0 0.0 -999 ""
FIBERMAP 1075 R-7C7 APOGEE 1 1 0 1 0 0 -86.93154905954819 -153.78593009952485 143.1 159.97117121630438 -74.92361055688663 293.49164 57.362133 175.95030679238843 -8.12159931150471 -8.876535 1.4551058 1.2819806 175.95026102906047 -8.121582701012205 175.9478984006381 -8.27527716783798 64.51960230116599 38.616559279480214 16000.0 16600.0 2016.0 2 267 {-999.0 12.660096 12.442134 12.400549 -999.0} sdss_psfmag_from_g3xp 12.648669 12.433112 12.075015 11.517 63050395164329490 946396734 bright_1x1 openfibertargets_nov2020_9 open_fiber science 0 0 0.0 0.0 -999 ""
FIBERMAP 1075 R-7C7 BOSS 0 0 0 1 0 0 -87.65912415081245 -153.66946693846498 143.1 159.91064327198393 -75.65792342193195 293.49164 57.362133 -999.0 -999.0 -999.0 -999.0 -999.0 175.95019086586805 -8.123749409270424 175.94777085050407 -8.277528735164948 64.52155007193622 38.61920119938361 -999.0 5400.0 -999.0 1 362 {-999.0 -999.0 -999.0 -999.0 -999.0} "" -999.0 -999.0 -999.0 -999.0 -999 -999 "" "" "" "" 0 0 0.0 0.0 -999 ""
FIBERMAP 1075 R-7C7 METROLOGY 0 0 0 1 0 0 -87.21159563754054 -153.09171959050744 143.1 159.30041865440484 -75.25586579286923 293.49164 57.362133 -999.0 -999.0 -999.0 -999.0 -999.0 175.94833243085037 -8.122570448984519 175.94592833489514 -8.276325377904447 64.52155186765992 38.614122708697266 -999.0 6231.0 -999.0 -1 -999 {-999.0 -999.0 -999.0 -999.0 -999.0} "" -999.0 -999.0 -999.0 -999.0 -999 -999 "" "" "" "" 0 0 0.0 0.0 -999 ""
FIBERMAP 1076 R-13C6 APOGEE 0 0 0 1 0 0 -12.378350737731974 -257.41925973427254 143.1 257.6006387961596 7.326176959987772 58.370014 26.304731 -999.0 -999.0 -999.0 -999.0 -999.0 176.24703960213844 -7.8717706867062205 176.24479492894852 -8.025573444518907 64.14905045276262 38.863286318910355 -999.0 16600.0 -999.0 2 263 {-999.0 -999.0 -999.0 -999.0 -999.0} "" -999.0 -999.0 -999.0 -999.0 -999 -999 "" "" "" "" 0 0 0.0 0.0 -999 ""
FIBERMAP 1076 R-13C6 BOSS 1 1 0 1 0 0 -12.446846329312233 -258.17976761093615 143.1 258.36412175954973 7.315990336960907 58.370014 26.304731 176.24939791926752 -7.871709574780023 -2.044289 -0.4601095 1.0528133 176.2494192744287 -7.871710338667186 176.24711702068635 -8.025600113656226 64.14779844154015 38.86770970163735 5400.0 5400.0 2016.0 1 357 {-999.0 21.16318 20.201414 19.758734 19.439714} sdss_fiber2mag_from_lsdr10 20.242842 20.311588 18.790712 -999.0 63050395164330370 1131660788 dark_flexible_3x1 bhm_spiders_agn_lsdr10_d3 bhm_spiders science 0 0 0.0 0.0 -999 ""
FIBERMAP 1076 R-13C6 METROLOGY 0 0 0 1 0 0 -13.064971363344643 -257.739292727938 143.1 257.9721818186686 6.666046852580673 58.370014 26.304731 -999.0 -999.0 -999.0 -999.0 -999.0 176.24826761039748 -7.873701896055819 176.24598120826806 -8.027566579050864 64.15005859710848 38.86806202072222 -999.0 6231.0 -999.0 -1 -999 {-999.0 -999.0 -999.0 -999.0 -999.0} "" -999.0 -999.0 -999.0 -999.0 -999 -999 "" "" "" "" 0 0 0.0 0.0 -999 ""
FIBERMAP 1077 R-13C11 APOGEE 0 0 0 1 0 0 60.62197266903388 -259.15979449484 143.1 253.75851388109527 80.24271885809259 244.80283 65.31715 -999.0 -999.0 -999.0 -999.0 -999.0 176.23464742933575 -7.651283107388978 176.23244004052196 -7.805118800995414 63.972007784040514 38.561672737692106 -999.0 16600.0 -999.0 2 159 {-999.0 -999.0 -999.0 -999.0 -999.0} "" -999.0 -999.0 -999.0 -999.0 -999 -999 "" "" "" "" 0 0 0.0 0.0 -999 ""
FIBERMAP 1077 R-13C11 BOSS 1 1 0 1 0 0 60.15067568964572 -258.6033511098508 143.1 253.23973159146007 79.73030702483067 244.80283 65.31715 176.2331589930783 -7.652728030890886 -999.0 -999.0 -999.0 176.23314105062292 -7.65274378564216 176.23087492099387 -7.806666326550327 63.974153172514605 38.56066236018728 5400.0 5400.0 2016.0 1 351 {-999.0 23.310081 22.632202 21.89028 21.376396} sdss_fiber2mag_from_lsdr10 nan nan nan -999.0 63050399021262710 1131660787 dark_flexible_3x1 bhm_spiders_agn_lsdr10_d3 bhm_spiders science 0 0 0.0 0.0 -999 ""
FIBERMAP 1077 R-13C11 METROLOGY 0 0 0 1 0 0 60.876059180137084 -258.45658236888465 143.1 253.03797671208028 80.44232291782733 244.80283 65.31715 -999.0 -999.0 -999.0 -999.0 -999.0 176.2325517386975 -7.650601486857269 176.2303023459756 -7.804499475439495 63.97265584988163 38.55686587730207 -999.0 6231.0 -999.0 -1 -999 {-999.0 -999.0 -999.0 -999.0 -999.0} "" -999.0 -999.0 -999.0 -999.0 -999 -999 "" "" "" "" 0 0 0.0 0.0 -999 ""
FIBERMAP 1079 R+9C17 APOGEE 0 0 0 1 0 0 188.58837337969717 176.85761498090005 143.1 -190.7413005532416 174.51581748786654 62.86758 46.589123 -999.0 -999.0 -999.0 -999.0 -999.0 174.87846546502135 -7.366704244403069 174.8760252034681 -7.520242754476997 64.4460426095126 35.59683409151677 -999.0 16600.0 -999.0 2 -999 {-999.0 -999.0 -999.0 -999.0 -999.0} "" -999.0 -999.0 -999.0 -999.0 -999 -999 "" "" "" "" 0 0 0.0 0.0 -999 ""
FIBERMAP 1079 R+9C17 BOSS 1 1 0 1 0 0 188.85834286875502 176.1981788312616 143.1 -190.10444916649166 174.83536866939335 62.86758 46.589123 174.88047041442613 -7.365637669073665 -3.055608 -2.0128443 0.347363 174.88045140111473 -7.365641940929421 174.87795871959167 -7.519269160030682 64.44422292257246 35.599488452172636 5400.0 5400.0 2016.0 1 251 {-999.0 18.521786 17.863012 17.69388 -999.0} sdss_psfmag_ps1 18.30357 17.894238 17.297606 16.053 63050395164337129 944484675 bright_1x1 openfibertargets_nov2020_6c open_fiber science 0 0 0.0 0.0 -999 ""
FIBERMAP 1079 R+9C17 METROLOGY 0 0 0 1 0 0 188.11015591253346 176.2824573756338 143.1 -190.13131324026946 174.08296416586464 62.86758 46.589123 -999.0 -999.0 -999.0 -999.0 -999.0 174.88030811766592 -7.367903061107122 174.87782990117307 -7.521504935679608 64.44620701832643 35.60189574733056 -999.0 6231.0 -999.0 -1 -999 {-999.0 -999.0 -999.0 -999.0 -999.0} "" -999.0 -999.0 -999.0 -999.0 -999 -999 "" "" "" "" 0 0 0.0 0.0 -999 ""
FIBERMAP 1082 R-2C22 APOGEE 0 0 0 1 0 0 184.56289871545806 -44.968131176833325 143.1 30.733324610738435 187.45059330414276 235.34317 74.3397 -999.0 -999.0 -999.0 -999.0 -999.0 175.5541461054257 -7.326756114897868 175.55185658827781 -7.480482091101699 64.06278763863982 36.86550232933399 -999.0 16600.0 -999.0 2 -999 {-999.0 -999.0 -999.0 -999.0 -999.0} "" -999.0 -999.0 -999.0 -999.0 -999 -999 "" "" "" "" 0 0 0.0 0.0 -999 ""
FIBERMAP 1082 R-2C22 BOSS 1 1 0 1 0 0 184.07799235221756 -44.4215129136786 143.1 30.22537807519257 186.92536317347935 235.34317 74.3397 175.5523688078516 -7.328253975057474 -35.717834 18.26543 1.2480164 175.55266122758962 -7.328193671248477 175.55031544787198 -7.482007517358394 64.06489054960615 36.86438330123457 5400.0 5400.0 2016.0 1 311 {-999.0 14.260951 13.828266 13.684059 -999.0} sdss_psfmag_from_g3xp 14.17904 13.847046 13.3505 12.5 63050395164337428 1135975695 dark_flexible_3x1 mwm_halo_local_high_boss_triple mwm_halo science 0 0 1.4250506162643433 0.0 -999 ""
FIBERMAP 1082 R-2C22 METROLOGY 0 0 0 1 0 0 184.80871435411888 -44.261680266588414 143.1 30.010190199441205 187.64170359573606 235.34317 74.3397 -999.0 -999.0 -999.0 -999.0 -999.0 175.55198958956302 -7.3260316074994964 175.54965990228914 -7.47982056671185 64.06337869506083 36.86047659508017 -999.0 6231.0 -999.0 -1 -999 {-999.0 -999.0 -999.0 -999.0 -999.0} "" -999.0 -999.0 -999.0 -999.0 -999 -999 "" "" "" "" 0 0 0.0 0.0 -999 ""
FIBERMAP 1084 R-6C17 APOGEE 0 0 0 1 0 0 153.05178669869346 -121.93551004274644 143.1 109.87972318490185 161.91363825041313 29.050274 60.222824 -999.0 -999.0 -999.0 -999.0 -999.0 175.7960027263226 -7.404027885781569 175.79374785205005 -7.557801337295276 64.00049991852603 37.423078144948704 -999.0 16600.0 -999.0 2 209 {-999.0 -999.0 -999.0 -999.0 -999.0} "" -999.0 -999.0 -999.0 -999.0 -999 -999 "" "" "" "" 0 0 0.0 0.0 -999 ""
FIBERMAP 1084 R-6C17 BOSS 1 1 0 1 0 0 153.08648901492322 -122.66748342781929 143.1 110.60687168891303 162.00416296337616 29.050274 60.222824 175.79830281185184 -7.403624224433432 -999.0 -999.0 -999.0 175.79830935575515 -7.4036214099469735 175.79599849256556 -7.557483765571044 63.999035749253686 37.42698606019468 5400.0 5400.0 2016.0 1 295 {-999.0 19.765818 18.913166 18.46441 18.131868} sdss_fiber2mag_from_lsdr10 18.958342 20.716726 17.366518 14.894 63050395164332624 1058918168 dark_flexible_2x1 bhm_spiders_agn_lsdr10 bhm_spiders science 0 0 0.0 0.0 -999 ""
FIBERMAP 1084 R-6C17 METROLOGY 0 0 0 1 0 0 152.41381464495697 -122.33002934879589 143.1 110.32181441401384 161.30770328581352 29.050274 60.222824 -999.0 -999.0 -999.0 -999.0 -999.0 175.79744570819057 -7.405726891760548 175.79515026848253 -7.5595636716221755 64.00124227768701 37.427910648061754 -999.0 6231.0 -999.0 -1 -999 {-999.0 -999.0 -999.0 -999.0 -999.0} "" -999.0 -999.0 -999.0 -999.0 -999 -999 "" "" "" "" 0 0 0.0 0.0 -999 ""
FIBERMAP 1088 R+6C21 APOGEE 0 0 0 1 0 0 220.44624932981773 109.48390099834688 143.1 -126.00170193172518 211.4266935998288 168.66583 169.54514 -999.0 -999.0 -999.0 -999.0 -999.0 175.07586252928323 -7.254982162270439 175.0734902132134 -7.408593655059275 64.24950990462605 35.8517156808353 -999.0 16600.0 -999.0 2 88 {-999.0 -999.0 -999.0 -999.0 -999.0} "" -999.0 -999.0 -999.0 -999.0 -999 -999 "" "" "" "" 0 0 0.0 0.0 -999 ""
FIBERMAP 1088 R+6C21 BOSS 1 1 0 1 0 0 219.76543016913206 109.75807733456782 143.1 -126.22304706687336 210.7269479671299 168.66583 169.54514 175.07521817091603 -7.25699239189081 -999.0 -999.0 -999.0 175.0752228882989 -7.256982740657426 175.0727961081824 -7.41068228263065 64.25165388325817 35.852842145772684 5400.0 5400.0 2016.0 1 262 {-999.0 20.156069 19.314846 18.719563 -999.0} sdss_psfmag_ps1 20.020668 21.774288 18.236557 15.838 63050395164337319 1166932187 dark_1x1 openfibertargets_bhm_iragn2_boss open_fiber science 0 0 0.0 0.0 -999 ""
FIBERMAP 1088 R+6C21 METROLOGY 0 0 0 1 0 0 220.3368043956495 110.22115631143015 143.1 -126.7284060707092 211.26124464856562 168.66583 169.54514 -999.0 -999.0 -999.0 -999.0 -999.0 175.07365350688096 -7.2553674904650345 175.07124205208936 -7.409041774785146 64.25104503487336 35.84785414313967 -999.0 6231.0 -999.0 -1 -999 {-999.0 -999.0 -999.0 -999.0 -999.0} "" -999.0 -999.0 -999.0 -999.0 -999 -999 "" "" "" "" 0 0 0.0 0.0 -999 ""
FIBERMAP 1089 R+7C13 APOGEE 0 0 0 1 0 0 72.98290328646783 138.0112329005277 143.1 -143.17758738280685 62.22162792024357 35.252766 85.06909 -999.0 -999.0 -999.0 -999.0 -999.0 175.02217127627495 -7.706060154456565 175.01968040473082 -7.859584098692071 64.66257962455744 36.28935766725499 -999.0 16600.0 -999.0 2 91 {-999.0 -999.0 -999.0 -999.0 -999.0} "" -999.0 -999.0 -999.0 -999.0 -999 -999 "" "" "" "" 0 0 0.0 0.0 -999 ""
FIBERMAP 1089 R+7C13 BOSS 1 1 0 1 0 0 73.38691528444576 137.40197035753 143.1 -142.60100195622508 62.670990142500855 35.252766 85.06909 175.0239348096371 -7.704582226307237 -999.0 -999.0 -999.0 175.02392672606203 -7.704584390180605 175.02138305150925 -7.858195625576054 64.66051448629025 36.291022871029895 5400.0 5400.0 2016.0 1 156 {-999.0 20.877396 20.784075 20.609304 20.593035} sdss_psfmag_from_gaiadr2 20.82774 20.82074 20.647936 -999.0 63050395164336516 1130008472 dark_flexible_3x1 bhm_gua_dark_d3 bhm_filler science 0 0 0.0 0.0 -999 ""
FIBERMAP 1089 R+7C13 METROLOGY 0 0 0 1 0 0 72.63928489744403 137.35535251254404 143.1 -142.49740084393423 61.92914151786577 35.252766 85.06909 -999.0 -999.0 -999.0 -999.0 -999.0 175.02420672754616 -7.706850594795021 175.0216777514579 -7.860437003198256 64.66227299770136 36.29434107800347 -999.0 6231.0 -999.0 -1 -999 {-999.0 -999.0 -999.0 -999.0 -999.0} "" -999.0 -999.0 -999.0 -999.0 -999 -999 "" "" "" "" 0 0 0.0 0.0 -999 ""
FIBERMAP 1090 R+2C22 APOGEE 0 0 0 1 0 0 219.19382829394107 36.40208315535778 143.1 -53.04120125597678 215.76170932362754 23.928383 80.494644 -999.0 -999.0 -999.0 -999.0 -999.0 175.29832203367644 -7.241515371000765 175.29599842288758 -7.395188942606639 64.12351518956181 36.2688567829382 -999.0 16600.0 -999.0 2 -999 {-999.0 -999.0 -999.0 -999.0 -999.0} "" -999.0 -999.0 -999.0 -999.0 -999 -999 "" "" "" "" 0 0 0.0 0.0 -999 ""
FIBERMAP 1090 R+2C22 BOSS 1 1 0 1 0 0 219.41749333255026 35.68560800995492 143.1 -52.343942413980244 216.03945153724345 23.928383 80.494644 175.30051014348473 -7.2405549854335804 -999.0 -999.0 -999.0 175.30049561116616 -7.240546680859886 175.29811794544503 -7.394309718664452 64.12166856971997 36.27191451320016 5400.0 5400.0 2016.0 1 232 {-999.0 21.761835 21.684715 21.557571 21.432638} sdss_psfmag_from_lsdr10 nan nan nan -999.0 63050397591121725 1131664801 dark_flexible_3x1 bhm_spiders_agn_lsdr10_d3 bhm_spiders science 0 0 0.0 0.0 -999 ""
FIBERMAP 1090 R+2C22 METROLOGY 0 0 0 1 0 0 218.66696794484403 35.87112516328547 143.1 -52.47156581746327 215.27698054632563 23.928383 80.494644 -999.0 -999.0 -999.0 -999.0 -999.0 175.30007888482132 -7.242834803902875 175.29771612751028 -7.396572206330836 64.12380663577183 36.27384011883436 -999.0 6231.0 -999.0 -1 -999 {-999.0 -999.0 -999.0 -999.0 -999.0} "" -999.0 -999.0 -999.0 -999.0 -999 -999 "" "" "" "" 0 0 0.0 0.0 -999 ""
FIBERMAP 1097 R-1C6 APOGEE 0 0 0 1 0 0 -164.87036354526603 -41.17657154875248 143.1 53.65100128407976 -161.23476250208898 353.49673 19.150623 -999.0 -999.0 -999.0 -999.0 -999.0 175.62488816941917 -8.38363442584839 175.62239033709352 -8.537208106024234 64.91545457464602 38.324103881627536 -999.0 16600.0 -999.0 2 -999 {-999.0 -999.0 -999.0 -999.0 -999.0} "" -999.0 -999.0 -999.0 -999.0 -999 -999 "" "" "" "" 0 0 0.0 0.0 -999 ""
FIBERMAP 1097 R-1C6 BOSS 1 1 0 1 0 0 -165.73797620313124 -41.297160541586834 143.1 53.83752098057042 -162.09058546031494 353.49673 19.150623 175.62535162669562 -8.386220336017326 -32.08018 1.9393331 0.9696925 175.62553469186827 -8.386197310589443 175.62298082717234 -8.539854663708736 64.91734747657118 38.32867913669912 5400.0 5400.0 2016.0 1 461 {-999.0 15.70414 15.012862 14.808365 -999.0} sdss_psfmag_ps1 15.488293 15.071345 14.389643 13.149 63050395164319683 1136357091 dark_flexible_3x1 mwm_halo_local_high_boss_triple mwm_halo science 0 0 1.0833673477172852 0.0 -999 ""
FIBERMAP 1097 R-1C6 METROLOGY 0 0 0 1 0 0 -165.3886692341236 -40.63725955213642 143.1 53.15289115057875 -161.79273455807268 353.49673 19.150623 -999.0 -999.0 -999.0 -999.0 -999.0 175.62342846421114 -8.385344566031998 175.62089001571212 -8.53897774990484 64.91774802072578 38.32346615609441 -999.0 6231.0 -999.0 -1 -999 {-999.0 -999.0 -999.0 -999.0 -999.0} "" -999.0 -999.0 -999.0 -999.0 -999 -999 "" "" "" "" 0 0 0.0 0.0 -999 ""
FIBERMAP 1102 R+4C17 APOGEE 0 0 0 1 0 0 119.87929389434429 81.00304240662659 143.1 -89.92173066849386 113.33439996527407 330.5701 158.41801 -999.0 -999.0 -999.0 -999.0 -999.0 175.1851570788365 -7.551078906562522 175.1827389578399 -7.704672197462271 64.44603526387283 36.42115931646225 -999.0 16600.0 -999.0 2 66 {-999.0 -999.0 -999.0 -999.0 -999.0} "" -999.0 -999.0 -999.0 -999.0 -999 -999 "" "" "" "" 0 0 0.0 0.0 -999 ""
FIBERMAP 1102 R+4C17 BOSS 1 1 0 1 0 0 120.36145271376145 80.43258404225936 143.1 -89.38980489935071 113.85871218140328 330.5701 158.41801 175.18681522342334 -7.549363688191975 -9.724644 4.408123 2.0300577 175.18679890496054 -7.549350537019775 175.1843273365139 -7.703031875445156 64.44381341231589 36.42227502113394 5400.0 5400.0 2016.0 1 218 {-999.0 21.478245 19.947052 18.66478 -999.0} sdss_psfmag_ps1 20.611145 19.335363 18.115307 16.053 63050395164336735 1096721461 bright_1x1 mwm_bin_vis_boss mwm_filler science 0 0 0.0 0.0 -999 ""
FIBERMAP 1102 R+4C17 METROLOGY 0 0 0 1 0 0 119.62473166504712 80.30400083744895 143.1 -89.20531532573668 113.13400295415359 330.5701 158.41801 -999.0 -999.0 -999.0 -999.0 -999.0 175.18733380819546 -7.551557232869976 175.18487720816597 -7.705213604792694 64.44538617150926 36.426000854919664 -999.0 6231.0 -999.0 -1 -999 {-999.0 -999.0 -999.0 -999.0 -999.0} "" -999.0 -999.0 -999.0 -999.0 -999 -999 "" "" "" "" 0 0 0.0 0.0 -999 ""
FIBERMAP 1110 R-12C9 APOGEE 0 0 0 1 0 0 8.146368495594844 -246.14609072964606 143.1 244.79278043373662 26.928639482755944 269.90286 60.09888 -999.0 -999.0 -999.0 -999.0 -999.0 176.20806046240926 -7.812525311965715 176.20581761777999 -7.966328920544097 64.12104958876702 38.714453700494914 -999.0 16600.0 -999.0 2 -999 {-999.0 -999.0 -999.0 -999.0 -999.0} "" -999.0 -999.0 -999.0 -999.0 -999 -999 "" "" "" "" 0 0 0.0 0.0 -999 ""
FIBERMAP 1110 R-12C9 BOSS 1 1 0 1 0 0 7.493408176059459 -245.79351675106338 143.1 244.49114193033162 26.250680101819384 269.90286 60.09888 176.20722574637907 -7.814497441183222 -999.0 -999.0 -999.0 176.2072311994655 -7.814488761562627 176.20492980544338 -7.968378569032474 64.12324388711629 38.71536782865161 5400.0 5400.0 2016.0 1 367 {-999.0 21.121067 20.773827 20.447477 20.1755} sdss_psfmag_from_gaiadr2 21.233372 20.864218 20.204271 -999.0 63050395164330464 1130008374 dark_flexible_3x1 bhm_gua_dark_d3 bhm_filler science 0 0 0.0 0.0 -999 ""
FIBERMAP 1110 R-12C9 METROLOGY 0 0 0 1 0 0 8.136584339426575 -245.39815858895133 143.1 244.047816723041 26.8617396314726 269.90286 60.09888 -999.0 -999.0 -999.0 -999.0 -999.0 176.20590766404246 -7.81266124412849 176.2036227413962 -7.966526484017764 64.1224147025759 38.71055170079768 -999.0 6231.0 -999.0 -1 -999 {-999.0 -999.0 -999.0 -999.0 -999.0} "" -999.0 -999.0 -999.0 -999.0 -999 -999 "" "" "" "" 0 0 0.0 0.0 -999 ""
FIBERMAP 1117 R-12C14 APOGEE 0 0 0 1 0 0 141.66598259278436 -213.11801236209476 143.1 201.66138825429223 157.5283190521238 130.93593 40.59598 -999.0 -999.0 -999.0 -999.0 -999.0 176.07548116806714 -7.417698896366317 176.0732826226954 -7.571536349670245 63.86258734364134 37.970902340330724 -999.0 16600.0 -999.0 2 233 {-999.0 -999.0 -999.0 -999.0 -999.0} "" -999.0 -999.0 -999.0 -999.0 -999 -999 "" "" "" "" 0 0 0.0 0.0 -999 ""
FIBERMAP 1117 R-12C14 BOSS 1 1 0 1 0 0 142.39467088357347 -213.18245584574754 143.1 201.6699659341883 158.25976731780665 130.93593 40.59598 176.0755513456682 -7.415401500954962 -999.0 -999.0 -999.0 176.07556118592177 -7.415397704004585 176.07330548435561 -7.569323923801844 63.86071684126276 37.96821980933538 5400.0 5400.0 2016.0 1 342 {-999.0 19.863876 18.997784 18.547304 18.21309} sdss_fiber2mag_from_lsdr10 18.892525 20.17194 17.444761 15.178 63050395164334642 1058918174 dark_flexible_2x1 bhm_spiders_agn_lsdr10 bhm_spiders science 0 0 0.0 0.0 -999 ""
FIBERMAP 1117 R-12C14 METROLOGY 0 0 0 1 0 0 141.96097974559487 -213.79950522735916 143.1 202.31831865725255 157.87450879474468 130.93593 40.59598 -999.0 -999.0 -999.0 -999.0 -999.0 176.07755612055746 -7.416560546071182 176.0753169407326 -7.570461990222231 63.86059045040122 37.97342317006121 -999.0 6231.0 -999.0 -1 -999 {-999.0 -999.0 -999.0 -999.0 -999.0} "" -999.0 -999.0 -999.0 -999.0 -999 -999 "" "" "" "" 0 0 0.0 0.0 -999 ""
FIBERMAP 1119 R-13C14 APOGEE 0 0 0 1 0 0 128.08757905665072 -255.17587957206013 143.1 244.631809871878 147.2036094728443 223.0894 78.57665 -999.0 -999.0 -999.0 -999.0 -999.0 176.2059291570848 -7.449113819710596 176.20375239409134 -7.602975920335614 63.81853635625253 38.25577729523519 -999.0 16600.0 -999.0 2 -999 {-999.0 -999.0 -999.0 -999.0 -999.0} "" -999.0 -999.0 -999.0 -999.0 -999 -999 "" "" "" "" 0 0 0.0 0.0 -999 ""
FIBERMAP 1119 R-13C14 BOSS 1 1 0 1 0 0 127.6926723526906 -254.53347142434535 143.1 244.02148158430504 146.76079306236235 223.0894 78.57665 176.20413342895728 -7.4503619686576945 -999.0 -999.0 -999.0 176.2041248350974 -7.450370361600645 176.20188937246292 -7.604320140814296 63.82067103184205 38.253935703823686 5400.0 5400.0 2016.0 1 343 {-999.0 21.147177 20.689106 20.598389 20.563423} sdss_psfmag_from_lsdr10 20.876802 20.84612 20.193573 -999.0 63050395164333411 1131662876 dark_flexible_3x1 bhm_spiders_agn_lsdr10_d3 bhm_spiders science 0 0 0.0 0.0 -999 ""
FIBERMAP 1119 R-13C14 METROLOGY 0 0 0 1 0 0 128.43913631895822 -254.51564801562333 143.1 243.94667852584575 147.50367872991524 223.0894 78.57665 -999.0 -999.0 -999.0 -999.0 -999.0 176.20391768092537 -7.44812547883191 176.20169904610418 -7.602050563317557 63.81887298257139 38.25076770476693 -999.0 6231.0 -999.0 -1 -999 {-999.0 -999.0 -999.0 -999.0 -999.0} "" -999.0 -999.0 -999.0 -999.0 -999 -999 "" "" "" "" 0 0 0.0 0.0 -999 ""
FIBERMAP 1120 R-8C16 APOGEE 0 0 0 1 0 0 144.72556200823078 -162.05665005041874 143.1 150.5178828024441 156.67753883889128 319.1426 123.75455 -999.0 -999.0 -999.0 -999.0 -999.0 175.91995329590696 -7.4199966435430635 175.91772143784556 -7.573797284381062 63.94791300123332 37.678837242568534 -999.0 16600.0 -999.0 2 -999 {-999.0 -999.0 -999.0 -999.0 -999.0} "" -999.0 -999.0 -999.0 -999.0 -999 -999 "" "" "" "" 0 0 0.0 0.0 -999 ""
FIBERMAP 1120 R-8C16 BOSS 1 1 0 1 0 0 144.65375974579928 -162.8242315147445 143.1 151.2886709911542 156.66459581166947 319.1426 123.75455 175.9223840678445 -7.41992341558926 -999.0 -999.0 -999.0 175.92238976579583 -7.419918253976788 175.9201014143208 -7.5738077584317685 63.94664962277682 37.68337381608353 5400.0 5400.0 2016.0 1 293 {-999.0 23.666826 22.582767 21.734863 21.201214} sdss_fiber2mag_from_lsdr10 nan nan nan -999.0 63050398306084794 1131662874 dark_flexible_3x1 bhm_spiders_agn_lsdr10_d3 bhm_spiders science 0 0 0.0 0.0 -999 ""
FIBERMAP 1120 R-8C16 METROLOGY 0 0 0 1 0 0 144.04600284629066 -162.36921614298055 143.1 150.8814415741951 156.0238787285602 319.1426 123.75455 -999.0 -999.0 -999.0 -999.0 -999.0 175.92116460046051 -7.421852321611721 175.91889177443727 -7.575716198712315 63.94890341317079 37.6834179726784 -999.0 6231.0 -999.0 -1 -999 {-999.0 -999.0 -999.0 -999.0 -999.0} "" -999.0 -999.0 -999.0 -999.0 -999 -999 "" "" "" "" 0 0 0.0 0.0 -999 ""
FIBERMAP 1122 R-6C16 APOGEE 0 0 0 1 0 0 103.01946322372558 -106.889260047699 143.1 98.70080331154888 110.88029062025493 135.14024 116.19796 -999.0 -999.0 -999.0 -999.0 -999.0 175.7622768158605 -7.558378189596126 175.75998338726356 -7.712118390013839 64.1486539038321 37.54802482743497 -999.0 16600.0 -999.0 2 -999 {-999.0 -999.0 -999.0 -999.0 -999.0} "" -999.0 -999.0 -999.0 -999.0 -999 -999 "" "" "" "" 0 0 0.0 0.0 -999 ""
FIBERMAP 1122 R-6C16 BOSS 1 1 0 1 0 0 103.27123261757855 -106.17869101285449 143.1 97.97310811522706 111.07702234839495 135.14024 116.19796 175.759840542003 -7.55763605890803 -0.64199877 -0.8966011 0.015842041 175.7601518694915 -7.557644559651484 175.75780175509817 -7.7114719446733835 64.14927148994983 37.543047402628986 5400.0 5400.0 2016.0 1 291 {-999.0 16.652258 15.391516 14.661936 -999.0} sdss_psfmag_ps1 16.152077 15.30908 14.415502 12.364 63050395164332124 1061121929 dark_flexible_2x1 manual_mwm_halo_distant_kgiant_far_boss mwm_halo science 0 0 1.1245222091674805 0.0 -999 ""
FIBERMAP 1122 R-6C16 METROLOGY 0 0 0 1 0 0 103.75267995379275 -106.7413024742338 143.1 98.4972646416299 111.60002566192144 135.14024 116.19796 -999.0 -999.0 -999.0 -999.0 -999.0 175.7617455540686 -7.556073220353032 175.75941207846643 -7.709876434009386 64.14706819067965 37.544165242064764 -999.0 6231.0 -999.0 -1 -999 {-999.0 -999.0 -999.0 -999.0 -999.0} "" -999.0 -999.0 -999.0 -999.0 -999 -999 "" "" "" "" 0 0 0.0 0.0 -999 ""
FIBERMAP 1123 R-1C3 APOGEE 0 0 0 1 0 0 -235.54958825067754 -28.861663984577127 143.1 46.77281216493797 -232.64501860384766 233.60112 146.72345 -999.0 -999.0 -999.0 -999.0 -999.0 175.60370413467598 -8.599011685254442 175.6011548444759 -8.752545793481788 65.10684980739859 38.5629331964339 -999.0 16600.0 -999.0 2 248 {-999.0 -999.0 -999.0 -999.0 -999.0} "" -999.0 -999.0 -999.0 -999.0 -999 -999 "" "" "" "" 0 0 0.0 0.0 -999 ""
FIBERMAP 1123 R-1C3 BOSS 1 1 0 1 0 0 -236.27189144608627 -29.156174425595623 143.1 47.12163469930205 -233.3426753426796 233.60112 146.72345 175.6048236297988 -8.60104139114523 1.5789744 -1.6630788 -0.2970943 175.60483153289232 -8.60105361559397 175.60222658041334 -8.754670665702543 65.1080379357197 38.56781678355679 5400.0 5400.0 2016.0 1 511 {-999.0 20.68105 20.539988 20.41307 20.347073} sdss_psfmag_from_gaiadr2 20.467875 20.530415 19.991568 -999.0 63050395164240263 1130006894 dark_flexible_3x1 bhm_gua_dark_d3 bhm_filler science 0 0 0.0 0.0 -999 ""
FIBERMAP 1123 R-1C3 METROLOGY 0 0 0 1 0 0 -236.148121423271 -28.405769920653697 143.1 46.364001938546515 -233.27660648395948 233.60112 146.72345 -999.0 -999.0 -999.0 -999.0 -999.0 175.6025050493314 -8.600921732109251 175.59991524443615 -8.754514704452188 65.10916789567136 38.563085276022605 -999.0 6231.0 -999.0 -1 -999 {-999.0 -999.0 -999.0 -999.0 -999.0} "" -999.0 -999.0 -999.0 -999.0 -999 -999 "" "" "" "" 0 0 0.0 0.0 -999 ""
FIBERMAP 1124 R-4C19 APOGEE 0 0 0 1 0 0 144.86705680876346 -72.11876760919696 143.1 60.83624818661694 149.94703071388258 156.88216 115.82592 -999.0 -999.0 -999.0 -999.0 -999.0 175.64630444824633 -7.4400936509490245 175.644010415887 -7.59382440120157 64.11029614557205 37.180383068949425 -999.0 16600.0 -999.0 2 215 {-999.0 -999.0 -999.0 -999.0 -999.0} "" -999.0 -999.0 -999.0 -999.0 -999 -999 "" "" "" "" 0 0 0.0 0.0 -999 ""
FIBERMAP 1124 R-4C19 BOSS 1 1 0 1 0 0 144.81942564725054 -71.38259845520221 143.1 60.1059041834707 149.8432949740444 156.88216 115.82592 175.64415596815294 -7.440262586074359 -999.0 -999.0 -999.0 175.6441530806246 -7.440257602436354 175.6418025920657 -7.594075826595166 64.11167558530488 37.17644958482799 5400.0 5400.0 2016.0 1 307 {-999.0 22.333239 21.67248 20.994698 20.500673} sdss_fiber2mag_from_lsdr10 nan nan nan -999.0 63050399021116426 1131662866 dark_flexible_3x1 bhm_spiders_agn_lsdr10_d3 bhm_spiders science 0 0 0.0 0.0 -999 ""
FIBERMAP 1124 R-4C19 METROLOGY 0 0 0 1 0 0 145.48534779962395 -71.70368862520083 143.1 60.37516203388115 150.5317722213943 156.88216 115.82592 -999.0 -999.0 -999.0 -999.0 -999.0 175.64496393372616 -7.43818273246449 175.64262990862323 -7.591976553317445 64.10946231254064 37.17547556245012 -999.0 6231.0 -999.0 -1 -999 {-999.0 -999.0 -999.0 -999.0 -999.0} "" -999.0 -999.0 -999.0 -999.0 -999 -999 "" "" "" "" 0 0 0.0 0.0 -999 ""
FIBERMAP 1128 R+2C19 APOGEE 0 0 0 1 0 0 151.51562857580276 33.842263051700726 143.1 -45.3181204991892 148.4800505992702 16.12594 79.20428 -999.0 -999.0 -999.0 -999.0 -999.0 175.32166893100913 -7.444588126968534 175.31930460880938 -7.598234948404306 64.28440784579311 36.55839352126884 -999.0 16600.0 -999.0 2 72 {-999.0 -999.0 -999.0 -999.0 -999.0} "" -999.0 -999.0 -999.0 -999.0 -999 -999 "" "" "" "" 0 0 0.0 0.0 -999 ""
FIBERMAP 1128 R+2C19 BOSS 1 1 0 1 0 0 151.5986324442451 33.10570209603976 143.1 -44.59008846181095 148.61908394658155 16.12594 79.20428 175.32394409179688 -7.444010652781628 -999.0 -999.0 -999.0 175.32393100133518 -7.444014943667685 175.32151254031544 -7.597750309275393 64.28284540638256 36.56209767494357 5400.0 5400.0 2015.5 1 229 {-999.0 -999.0 -999.0 -999.0 -999.0} "" -999.0 -999.0 -999.0 -999.0 27021603139073609 811638920 "" ops_sky_boss_good ops_sky sky_boss 0 0 0.0 0.0 -999 ""
FIBERMAP 1128 R+2C19 METROLOGY 0 0 0 1 0 0 150.92082782855604 33.40223213762325 143.1 -44.83395124822572 147.9206360028387 16.12594 79.20428 -999.0 -999.0 -999.0 -999.0 -999.0 175.32316251092217 -7.4461359262733415 175.32075892851003 -7.5998458420501445 64.28502079196447 36.56317112878867 -999.0 6231.0 -999.0 -1 -999 {-999.0 -999.0 -999.0 -999.0 -999.0} "" -999.0 -999.0 -999.0 -999.0 -999 -999 "" "" "" "" 0 0 0.0 0.0 -999 ""
FIBERMAP 1133 R0C15 APOGEE 0 0 0 1 0 0 10.664534569468996 -13.422393483064303 143.1 12.567728075721334 11.65838755281221 263.22348 78.094955 -999.0 -999.0 -999.0 -999.0 -999.0 175.49888881273625 -7.859452869320802 175.49647258675066 -8.013078717391112 64.54272525464347 37.4128793149618 -999.0 16600.0 -999.0 2 110 {-999.0 -999.0 -999.0 -999.0 -999.0} "" -999.0 -999.0 -999.0 -999.0 -999 -999 "" "" "" "" 0 0 0.0 0.0 -999 ""
FIBERMAP 1133 R0C15 BOSS 1 1 0 1 0 0 9.959754778256167 -13.171383447438814 143.1 12.371311131633336 10.936522427477966 263.22348 78.094955 175.49835205078122 -7.861548855626893 -999.0 -999.0 -999.0 175.4983507963513 -7.861552030394246 175.49587868721608 -8.015263529945816 64.54488449661301 37.414452002418955 5400.0 5400.0 2015.5 1 188 {-999.0 -999.0 -999.0 -999.0 -999.0} "" -999.0 -999.0 -999.0 -999.0 27021603139069664 811638339 "" ops_sky_boss_good ops_sky sky_boss 0 0 0.0 0.0 -999 ""
FIBERMAP 1133 R0C15 METROLOGY 0 0 0 1 0 0 10.554364736583533 -12.684186295391386 143.1 11.84013027352246 11.492143128625827 263.22348 78.094955 -999.0 -999.0 -999.0 -999.0 -999.0 175.4967067786726 -7.859888300394249 175.49425032359852 -8.01357524508698 64.54432490210314 37.40917863775792 -999.0 6231.0 -999.0 -1 -999 {-999.0 -999.0 -999.0 -999.0 -999.0} "" -999.0 -999.0 -999.0 -999.0 -999 -999 "" "" "" "" 0 0 0.0 0.0 -999 ""
FIBERMAP 1134 R-4C17 APOGEE 1 1 0 1 0 0 90.79132363545642 -77.00893706832433 143.1 69.84348050135551 96.40549502827743 241.41238 36.26375 175.67420717159482 -7.602246904119593 -34.62163 2.4774911 3.431549 175.67411647791198 -7.6022214157620205 175.67179466664265 -7.7559328252929 64.23254883375367 37.43277524290215 16000.0 16600.0 2016.0 2 210 {-999.0 10.886918 10.56448 10.469457 -999.0} sdss_psfmag_gaia 10.848821 10.578555 10.14396 9.446 63050395164332078 975423259 "" ops_std_apogee ops_std standard_apogee 0 0 0.0 0.0 -999 ""
FIBERMAP 1134 R-4C17 BOSS 0 0 0 1 0 0 90.69249510721349 -76.27466616927437 143.1 69.11894078238934 96.25085897907293 241.41238 36.26375 -999.0 -999.0 -999.0 -999.0 -999.0 175.67199262090256 -7.602552631146709 175.66961424658848 -7.756350803369696 64.2340605136745 37.429096643504465 -999.0 5400.0 -999.0 1 297 {-999.0 -999.0 -999.0 -999.0 -999.0} "" -999.0 -999.0 -999.0 -999.0 -999 -999 "" "" "" "" 0 0 0.0 0.0 -999 ""
FIBERMAP 1134 R-4C17 METROLOGY 0 0 0 1 0 0 91.38170187396082 -76.55551279526777 143.1 69.34629555702992 96.95947694646235 241.41238 36.26375 -999.0 -999.0 -999.0 -999.0 -999.0 175.67267622963732 -7.600419399932744 175.6703143250113 -7.75419334150042 64.23186760076786 37.42778128366484 -999.0 6231.0 -999.0 -1 -999 {-999.0 -999.0 -999.0 -999.0 -999.0} "" -999.0 -999.0 -999.0 -999.0 -999 -999 "" "" "" "" 0 0 0.0 0.0 -999 ""
FIBERMAP 1138 R+7C7 APOGEE 0 0 0 1 0 0 -83.79581648295336 120.10701229024409 143.1 -113.34806403990255 -92.72361049206779 277.1522 88.98054 -999.0 -999.0 -999.0 -999.0 -999.0 175.11310263356538 -8.176061652154042 175.1105218099865 -8.329535235236568 65.01438838881033 37.052140592721 -999.0 16600.0 -999.0 2 44 {-999.0 -999.0 -999.0 -999.0 -999.0} "" -999.0 -999.0 -999.0 -999.0 -999 -999 "" "" "" "" 0 0 0.0 0.0 -999 ""
FIBERMAP 1138 R+7C7 BOSS 1 1 0 1 0 0 -84.5310664392667 120.0488239090498 143.1 -113.23387265869948 -93.45223141681669 277.1522 88.98054 175.11345428570684 -8.178235361170389 -999.0 -999.0 -999.0 175.11345576381717 -8.178227352123155 175.11082074094384 -8.331785246299404 65.0161352730798 37.055570221000266 5400.0 5400.0 2016.0 1 78 {-999.0 21.66594 21.03793 20.604872 20.285831} sdss_fiber2mag_from_lsdr10 20.554676 20.809006 19.45861 -999.0 63050395164321483 1131656768 dark_flexible_3x1 bhm_spiders_agn_lsdr10_d3 bhm_spiders science 0 0 0.0 0.0 -999 ""
FIBERMAP 1138 R+7C7 METROLOGY 0 0 0 1 0 0 -84.22818600698459 120.7123288650361 143.1 -113.91854859671994 -93.20094455010121 277.1522 88.98054 -999.0 -999.0 -999.0 -999.0 -999.0 175.1113320506159 -8.177496415528772 175.108711917194 -8.331029887765402 65.01660712524034 37.050436350386974 -999.0 6231.0 -999.0 -1 -999 {-999.0 -999.0 -999.0 -999.0 -999.0} "" -999.0 -999.0 -999.0 -999.0 -999 -999 "" "" "" "" 0 0 0.0 0.0 -999 ""
FIBERMAP 1139 R-5C16 APOGEE 0 0 0 1 0 0 98.76162910760775 -110.38391666028909 143.1 102.51039708848434 106.90210410631755 264.478 114.43944 -999.0 -999.0 -999.0 -999.0 -999.0 175.77394593535792 -7.5704309284355755 175.77165260468723 -7.724172023825232 64.15259264840113 37.58525453247057 -999.0 16600.0 -999.0 2 206 {-999.0 -999.0 -999.0 -999.0 -999.0} "" -999.0 -999.0 -999.0 -999.0 -999 -999 "" "" "" "" 0 0 0.0 0.0 -999 ""
FIBERMAP 1139 R-5C16 BOSS 1 1 0 1 0 0 98.06257959147858 -110.64838252785641 143.1 102.82748759670419 106.2253364828972 264.478 114.43944 175.77506743289123 -7.572351644234848 -14.592501 -3.993562 -0.302249 175.77502216327676 -7.572346180552769 175.77267225517483 -7.726174756539147 64.15373656984787 37.58968051297995 5400.0 5400.0 2016.0 1 290 {-999.0 21.197462 20.724407 20.291035 19.921402} sdss_psfmag_from_gaiadr2 21.400745 20.883926 20.130339 -999.0 63050395164332101 1130008405 dark_flexible_3x1 bhm_gua_dark_d3 bhm_filler science 0 0 0.0 0.0 -999 ""
FIBERMAP 1139 R-5C16 METROLOGY 0 0 0 1 0 0 98.22638366796187 -109.87685716408996 143.1 102.0457379447462 106.32970680873115 264.478 114.43944 -999.0 -999.0 -999.0 -999.0 -999.0 175.77262789304797 -7.572041960734677 175.77029351878434 -7.725845197818574 64.15472766824169 37.584716876016046 -999.0 6231.0 -999.0 -1 -999 {-999.0 -999.0 -999.0 -999.0 -999.0} "" -999.0 -999.0 -999.0 -999.0 -999 -999 "" "" "" "" 0 0 0.0 0.0 -999 ""
FIBERMAP 1141 R+13C2 APOGEE 0 0 0 1 0 0 -128.34721067313092 273.7726583591636 143.1 -263.1535312010314 -148.88333198413653 178.77406 19.26269 -999.0 -999.0 -999.0 -999.0 -999.0 174.65708333276245 -8.344024397102235 174.65434569018544 -8.497343107026438 65.39528018945947 36.34991447193602 -999.0 16600.0 -999.0 2 60 {-999.0 -999.0 -999.0 -999.0 -999.0} "" -999.0 -999.0 -999.0 -999.0 -999 -999 "" "" "" "" 0 0 0.0 0.0 -999 ""
FIBERMAP 1141 R+13C2 BOSS 1 1 0 1 0 0 -127.60931090271542 273.8456215788948 143.1 -263.28265600433673 -148.153197965194 178.77406 19.26269 174.6568101768925 -8.341288778799765 -16.069675 -138.43892 3.063102 174.65678715516222 -8.34171132250945 174.6539980045876 -8.495113946267237 65.3935618456788 36.34640542169194 5400.0 5400.0 2016.0 1 100 {-999.0 19.55765 18.078127 17.220085 -999.0} sdss_psfmag_ps1 18.93714 17.802723 16.755577 14.865 63050395164320904 1136357117 dark_flexible_3x1 mwm_halo_local_high_boss_triple mwm_halo science 0 0 0.0 0.0 -999 ""
FIBERMAP 1141 R+13C2 METROLOGY 0 0 0 1 0 0 -127.90991043503583 273.1566889292728 143.1 -262.5728021459145 -148.40026793609084 178.77406 19.26269 -999.0 -999.0 -999.0 -999.0 -999.0 174.6588651692779 -8.342525543946268 174.6560910822252 -8.495904940091116 65.39315065932087 36.351635190378374 -999.0 6231.0 -999.0 -1 -999 {-999.0 -999.0 -999.0 -999.0 -999.0} "" -999.0 -999.0 -999.0 -999.0 -999 -999 "" "" "" "" 0 0 0.0 0.0 -999 ""
FIBERMAP 1146 R-1C11 APOGEE 1 1 0 1 0 0 -65.05819302683622 -32.439597025028604 143.1 37.31395558375883 -62.38650768116847 255.5149 95.53787 175.57487001985953 -8.084249166378703 -12.781866 1.738249 1.4361674 175.574831623791 -8.084235618116757 175.5723850658261 -8.23784462868659 64.69147225306389 37.84329601894456 16000.0 16600.0 2016.0 2 247 {-999.0 12.551208 12.146088 12.017726 -999.0} sdss_psfmag_gaia 12.485547 12.171059 11.691373 10.883 63050395164329800 975464357 "" ops_std_apogee ops_std standard_apogee 0 0 0.0 0.0 -999 ""
FIBERMAP 1146 R-1C11 BOSS 0 0 0 1 0 0 -65.78544224821503 -32.34659860170207 143.1 37.276797804113315 -63.11870285227236 255.5149 95.53787 -999.0 -999.0 -999.0 -999.0 -999.0 175.57479641455907 -8.086410493919034 175.5722938476764 -8.240104337329353 64.69342004168206 37.845984240342375 -999.0 5400.0 -999.0 1 508 {-999.0 -999.0 -999.0 -999.0 -999.0} "" -999.0 -999.0 -999.0 -999.0 -999 -999 "" "" "" "" 0 0 0.0 0.0 -999 ""
FIBERMAP 1146 R-1C11 METROLOGY 0 0 0 1 0 0 -65.35198366716575 -31.755858094704983 143.1 36.654693603168745 -62.731666101461954 255.5149 95.53787 -999.0 -999.0 -999.0 -999.0 -999.0 175.57287599274298 -8.085267028911419 175.570388945922 -8.238936432966932 64.69346061421643 37.84079707333933 -999.0 6231.0 -999.0 -1 -999 {-999.0 -999.0 -999.0 -999.0 -999.0} "" -999.0 -999.0 -999.0 -999.0 -999 -999 "" "" "" "" 0 0 0.0 0.0 -999 ""
FIBERMAP 1147 R+8C8 APOGEE 0 0 0 1 0 0 -51.67736006894698 165.80710941347002 143.1 -161.36642822443102 -64.19217991987745 117.86023 121.99286 -999.0 -999.0 -999.0 -999.0 -999.0 174.96630364947202 -8.089310946196058 174.96370735142864 -8.242758062026201 65.01780153179715 36.65155973652497 -999.0 16600.0 -999.0 2 -999 {-999.0 -999.0 -999.0 -999.0 -999.0} "" -999.0 -999.0 -999.0 -999.0 -999 -999 "" "" "" "" 0 0 0.0 0.0 -999 ""
FIBERMAP 1147 R+8C8 BOSS 1 1 0 1 0 0 -51.31231401637027 166.46671124110074 143.1 -162.05196230440612 -63.87861381211945 117.86023 121.99286 174.96419710444252 -8.088283755012592 -999.0 -999.0 -999.0 174.9642040733109 -8.088294747292492 174.96155427088513 -8.241826318031164 65.01813380818552 36.646109580013956 5400.0 5400.0 2016.0 1 137 {-999.0 20.662878 19.85109 19.733158 -999.0} sdss_psfmag_ps1 -999.0 -999.0 -999.0 -999.0 63050398296718167 967549588 dark_1x1 openfibertargets_nov2020_33 open_fiber science 0 0 0.0 0.0 -999 ""
FIBERMAP 1147 R+8C8 METROLOGY 0 0 0 1 0 0 -50.92939473417563 165.81389725381015 143.1 -161.4303431931951 -63.44695418419532 117.86023 121.99286 -999.0 -999.0 -999.0 -999.0 -999.0 174.9660655605597 -8.08702282587093 174.96343160386755 -8.240531068264337 65.01605344643707 36.64822962218733 -999.0 6231.0 -999.0 -1 -999 {-999.0 -999.0 -999.0 -999.0 -999.0} "" -999.0 -999.0 -999.0 -999.0 -999 -999 "" "" "" "" 0 0 0.0 0.0 -999 ""
FIBERMAP 1154 R+2C15 APOGEE 0 0 0 1 0 0 35.83484031107986 22.69362237141638 143.1 -25.36414939691698 33.99455788028613 279.38055 72.18311 -999.0 -999.0 -999.0 -999.0 -999.0 175.38260559447392 -7.791652253527218 175.38017732715912 -7.945259038678308 64.54697790247124 37.10207091472728 -999.0 16600.0 -999.0 2 120 {-999.0 -999.0 -999.0 -999.0 -999.0} "" -999.0 -999.0 -999.0 -999.0 -999 -999 "" "" "" "" 0 0 0.0 0.0 -999 ""
FIBERMAP 1154 R+2C15 BOSS 1 1 0 1 0 0 35.08869183138708 22.7627732330262 143.1 -25.376086454622143 33.24534161052888 279.38055 72.18311 175.38259893956644 -7.793824290830862 0.6602358 -1.0670501 0.7680929 175.38260736443894 -7.79381950815197 175.38012373330537 -7.947512306813342 64.54891319316177 37.10475915281552 5400.0 5400.0 2016.0 1 206 {-999.0 19.949825 19.734869 19.547844 19.40228} sdss_psfmag_from_gaiadr2 19.945934 19.749058 19.227415 -999.0 63050395164331570 1130008397 dark_flexible_3x1 bhm_gua_dark_d3 bhm_filler science 0 0 0.0 0.0 -999 ""
FIBERMAP 1154 R+2C15 METROLOGY 0 0 0 1 0 0 35.52509229012049 23.3670765826888 143.1 -26.01193799538229 33.63427525278322 279.38055 72.18311 -999.0 -999.0 -999.0 -999.0 -999.0 175.38064061477422 -7.79266036418217 175.378172346876 -7.946328366244237 64.54894057149953 37.09948551555681 -999.0 6231.0 -999.0 -1 -999 {-999.0 -999.0 -999.0 -999.0 -999.0} "" -999.0 -999.0 -999.0 -999.0 -999 -999 "" "" "" "" 0 0 0.0 0.0 -999 ""
FIBERMAP 1157 R+10C1 APOGEE 1 1 0 1 0 0 -183.15148016458838 175.8912271637338 143.1 -161.37549946141007 -196.04636858825543 296.0585 70.94166 174.96690257153176 -8.487834360688352 -10.4355545 6.765556 0.7899822 174.96687032911038 -8.487835838955423 174.9641773310583 -8.641219740518084 65.35523708740008 37.15654032689565 16000.0 16600.0 2016.0 2 46 {-999.0 12.872657 12.23057 11.988734 -999.0} sdss_psfmag_from_g3xp 12.712241 12.262667 11.645966 10.423 63050395164319264 1107381727 bright_flexible_2x1 mwm_tess_rgb_apogee mwm_tessrgb science 0 0 0.0 0.0 -999 ""
FIBERMAP 1157 R+10C1 BOSS 0 0 0 1 0 0 -183.88149656730263 175.80563359319717 143.1 -161.23438412953274 -196.76767764316338 296.0585 70.94166 -999.0 -999.0 -999.0 -999.0 -999.0 174.96735154517648 -8.48993692204827 174.96460500439014 -8.643403768810234 65.35685737347802 37.16019586418594 -999.0 5400.0 -999.0 1 81 {-999.0 -999.0 -999.0 -999.0 -999.0} "" -999.0 -999.0 -999.0 -999.0 -999 -999 "" "" "" "" 0 0 0.0 0.0 -999 ""
FIBERMAP 1157 R+10C1 METROLOGY 0 0 0 1 0 0 -183.6155765367758 176.4786142185215 143.1 -161.92568369043892 -196.55396540497384 296.0585 70.94166 -999.0 -999.0 -999.0 -999.0 -999.0 174.96519753004418 -8.489341883737838 174.96246563643342 -8.642784666130295 65.35746404452783 37.15511463521773 -999.0 6231.0 -999.0 -1 -999 {-999.0 -999.0 -999.0 -999.0 -999.0} "" -999.0 -999.0 -999.0 -999.0 -999 -999 "" "" "" "" 0 0 0.0 0.0 -999 ""
FIBERMAP 1160 R-9C13 APOGEE 0 0 0 1 0 0 92.96746702884349 -158.82507931754043 143.1 151.25041532460602 104.8262288090883 113.124565 32.894085 -999.0 -999.0 -999.0 -999.0 -999.0 175.922757660293 -7.576777089914811 175.92049564084334 -7.730552948442653 64.07830956793605 37.87749313382773 -999.0 16600.0 -999.0 2 185 {-999.0 -999.0 -999.0 -999.0 -999.0} "" -999.0 -999.0 -999.0 -999.0 -999 -999 "" "" "" "" 0 0 0.0 0.0 -999 ""
FIBERMAP 1160 R-9C13 BOSS 1 1 0 1 0 0 93.533566091274 -159.3429458569947 143.1 151.72349209203207 105.43021381132658 113.124565 32.894085 175.92429503681012 -7.574829594933996 -999.0 -999.0 -999.0 175.92430184985326 -7.5748270729166345 175.92198356211168 -7.728691210211575 64.07594592176378 37.878020281454894 5400.0 5400.0 2016.0 1 379 {-999.0 21.619802 20.34843 19.847738 19.487646} sdss_fiber2mag_from_lsdr10 20.275473 21.489006 18.589758 16.372 63050395164332186 1128420006 dark_flexible_3x1 bhm_spiders_clusters_lsdr10_d3 bhm_spiders science 0 0 0.0 0.0 -999 ""
FIBERMAP 1160 R-9C13 METROLOGY 0 0 0 1 0 0 92.79675711420829 -159.54665095042688 143.1 151.9828872078874 104.71115650353967 113.124565 32.894085 -999.0 -999.0 -999.0 -999.0 -999.0 175.92510401469784 -7.577015209245866 175.92280162148302 -7.730854351702157 64.07732471246271 37.8822599224639 -999.0 6231.0 -999.0 -1 -999 {-999.0 -999.0 -999.0 -999.0 -999.0} "" -999.0 -999.0 -999.0 -999.0 -999 -999 "" "" "" "" 0 0 0.0 0.0 -999 ""
FIBERMAP 1161 R-13C7 APOGEE 1 1 0 1 0 0 2.6660091797834404 -247.7818192341279 143.1 246.84237133294926 21.589528996218913 29.332811 106.32708 176.21435253941144 -7.828665975854902 -7.906138 -0.25233996 0.8885356 176.21432040776412 -7.82867209355443 176.21207604027472 -7.982474497030857 64.13108327156277 38.746732265976505 16000.0 16600.0 2016.0 2 264 {-999.0 11.465307 10.70432 10.424701 -999.0} sdss_psfmag_gaia 11.253138 10.747216 10.081238 8.726 63050395164330457 1104770988 bright_1x1 mwm_tess_rgb_apogee mwm_tessrgb science 0 0 0.0 0.0 -999 ""
FIBERMAP 1161 R-13C7 BOSS 0 0 0 1 0 0 3.1906147502928093 -248.33757024501824 143.1 247.35639033329184 22.155038227941056 29.332811 106.32708 -999.0 -999.0 -999.0 -999.0 -999.0 176.215951965578 -7.826870361895739 176.21365027500963 -7.980760076724375 64.12879286499216 38.747538352471565 -999.0 5400.0 -999.0 1 358 {-999.0 -999.0 -999.0 -999.0 -999.0} "" -999.0 -999.0 -999.0 -999.0 -999 -999 "" "" "" "" 0 0 0.0 0.0 -999 ""
FIBERMAP 1161 R-13C7 METROLOGY 0 0 0 1 0 0 2.4732432430839424 -248.51055826743698 143.1 247.58367449467355 21.45301377659735 29.332811 106.32708 -999.0 -999.0 -999.0 -999.0 -999.0 176.21667372848256 -7.829014333725044 176.21438825446148 -7.982879300605832 64.13015503341373 38.75161859904057 -999.0 6231.0 -999.0 -1 -999 {-999.0 -999.0 -999.0 -999.0 -999.0} "" -999.0 -999.0 -999.0 -999.0 -999 -999 "" "" "" "" 0 0 0.0 0.0 -999 ""
FIBERMAP 1164 R+8C9 APOGEE 0 0 0 1 0 0 -32.28096221301345 164.61501915661282 143.1 -161.6598333748346 -44.762297029568266 139.90106 113.60637 -999.0 -999.0 -999.0 -999.0 -999.0 174.9654048290587 -8.030423108979068 174.962822589663 -8.183879375739814 64.96822278175964 36.576402107025274 -999.0 16600.0 -999.0 2 -999 {-999.0 -999.0 -999.0 -999.0 -999.0} "" -999.0 -999.0 -999.0 -999.0 -999 -999 "" "" "" "" 0 0 0.0 0.0 -999 ""
FIBERMAP 1164 R+8C9 BOSS 1 1 0 1 0 0 -32.08850388625853 165.32559200515044 143.1 -162.3830007913264 -44.624700543604135 139.90106 113.60637 174.96318164825135 -8.029929148102264 1.416914 -0.001188941 -0.1525292 174.96318759407106 -8.029934048387421 174.96055168982662 -8.18347490518995 64.96906219007641 36.571382126904496 5400.0 5400.0 2016.0 1 128 {-999.0 21.18682 20.462257 20.01732 19.675968} sdss_psfmag_from_lsdr10 20.958366 20.489365 19.648962 -999.0 63050395164321931 1131658733 dark_flexible_3x1 bhm_spiders_agn_lsdr10_d3 bhm_spiders science 0 0 0.0 0.0 -999 ""
FIBERMAP 1164 R+8C9 METROLOGY 0 0 0 1 0 0 -31.555439737680665 164.79699540391746 143.1 -161.8967018355088 -44.05283254652989 139.90106 113.60637 -999.0 -999.0 -999.0 -999.0 -999.0 174.96463693952728 -8.028232606185837 174.96201688400424 -8.181750018874668 64.96683220068391 36.57215044130561 -999.0 6231.0 -999.0 -1 -999 {-999.0 -999.0 -999.0 -999.0 -999.0} "" -999.0 -999.0 -999.0 -999.0 -999 -999 "" "" "" "" 0 0 0.0 0.0 -999 ""
FIBERMAP 1165 R+13C8 APOGEE 0 0 0 1 0 0 5.9428214478436026 262.40219866899974 143.1 -262.0770836106579 -14.123311542153111 103.83435 129.94339 -999.0 -999.0 -999.0 -999.0 -999.0 174.66002147698921 -7.937032019752143 174.6573891877665 -8.09041632886064 65.04629827603459 35.850504506146706 -999.0 16600.0 -999.0 2 99 {-999.0 -999.0 -999.0 -999.0 -999.0} "" -999.0 -999.0 -999.0 -999.0 -999 -999 "" "" "" "" 0 0 0.0 0.0 -999 ""
FIBERMAP 1165 R+13C8 BOSS 1 1 0 1 0 0 6.338589406532778 263.0138186120613 143.1 -262.7171255477286 -13.775448761618449 103.83435 129.94339 174.65813160779487 -7.93589208634495 -0.86691123 1.3058462 -1.3237321 174.65813353680903 -7.935890588056417 174.65544896621213 -8.089359917342676 65.04638782436187 35.84531254764704 5400.0 5400.0 2016.0 1 173 {-999.0 18.300623 17.62174 17.468723 -999.0} sdss_psfmag_ps1 18.002632 18.596159 16.905071 15.097 63050395164326768 1092451991 dark_flexible_2x1 mwm_cb_galex_vol_boss mwm_cb science 0 0 0.0 0.0 -999 ""
FIBERMAP 1165 R+13C8 METROLOGY 0 0 0 1 0 0 6.680852688651603 262.35600833278016 143.1 -262.0874187134212 -13.383942676240727 103.83435 129.94339 -999.0 -999.0 -999.0 -999.0 -999.0 174.65997801081463 -7.934737058249549 174.65730894182104 -8.088182914854013 65.04442799580994 35.84760497002691 -999.0 6231.0 -999.0 -1 -999 {-999.0 -999.0 -999.0 -999.0 -999.0} "" -999.0 -999.0 -999.0 -999.0 -999 -999 "" "" "" "" 0 0 0.0 0.0 -999 ""
FIBERMAP 1166 R0C7 APOGEE 1 1 0 1 0 0 -165.63190614795923 11.508100875773366 143.1 1.1809536035678152 -166.0193452441558 136.4407 108.57226 175.46408035695234 -8.398249292625875 3.5950382 -4.9456577 0.3477176 175.4640974777475 -8.398253427200135 175.46155501260398 -8.551784159747736 65.01459285945951 38.02818545912379 16000.0 16600.0 2016.0 2 277 {-999.0 13.379084 12.70555 12.447375 -999.0} sdss_psfmag_from_g3xp 13.199307 12.731928 12.100198 10.834 63050395164319738 1104768859 bright_flexible_2x1 mwm_tess_rgb_apogee mwm_tessrgb science 0 0 0.0 0.0 -999 ""
FIBERMAP 1166 R0C7 BOSS 0 0 0 1 0 0 -165.24164681706384 12.123320755217076 143.1 0.5377432989331364 -165.67724978257021 136.4407 108.57226 -999.0 -999.0 -999.0 -999.0 -999.0 175.462181148804 -8.397201403850685 175.45958338296316 -8.550815603159041 65.01484273590434 38.023065382083814 -999.0 5400.0 -999.0 1 450 {-999.0 -999.0 -999.0 -999.0 -999.0} "" -999.0 -999.0 -999.0 -999.0 -999 -999 "" "" "" "" 0 0 0.0 0.0 -999 ""
FIBERMAP 1166 R0C7 METROLOGY 0 0 0 1 0 0 -164.89382046010917 11.450076203071886 143.1 1.1824135368498958 -165.2790179063347 136.4407 108.57226 -999.0 -999.0 -999.0 -999.0 -999.0 175.46414155003387 -8.39604114202749 175.46156013733116 -8.549632287236419 65.01278556121797 38.02542028836319 -999.0 6231.0 -999.0 -1 -999 {-999.0 -999.0 -999.0 -999.0 -999.0} "" -999.0 -999.0 -999.0 -999.0 -999 -999 "" "" "" "" 0 0 0.0 0.0 -999 ""
FIBERMAP 1171 R+5C19 APOGEE 0 0 0 1 0 0 183.57512835108454 91.49789566513985 143.1 -105.25201530347015 176.0392530097244 3.6480594 91.961555 -999.0 -999.0 -999.0 -999.0 -999.0 175.1387528019685 -7.361524082032068 175.1363686412402 -7.5151354652353 64.30833470640574 36.10178053430565 -999.0 16600.0 -999.0 2 -999 {-999.0 -999.0 -999.0 -999.0 -999.0} "" -999.0 -999.0 -999.0 -999.0 -999 -999 "" "" "" "" 0 0 0.0 0.0 -999 ""
FIBERMAP 1171 R+5C19 BOSS 1 1 0 1 0 0 183.6658828542338 90.73227726258439 143.1 -104.49560427821586 176.1882340723609 3.6480594 91.961555 175.1407889942911 -7.361028123592364 -35.092136 32.041435 15.131691 175.14108843870062 -7.360936919070718 175.13865082307598 -7.514637157394072 64.30673301087427 36.10564167779876 5400.0 5400.0 2016.0 1 212 {-999.0 16.035446 14.844179 13.779044 -999.0} sdss_psfmag_ps1 15.450108 14.156279 13.013612 -999.0 63050395164337197 1151092143 bright_1x1 mwm_snc_100pc_boss_single mwm_snc science 0 0 1.3933759927749634 0.0 -999 ""
FIBERMAP 1171 R+5C19 METROLOGY 0 0 0 1 0 0 182.96741132187177 91.06180137579305 143.1 -104.77078413682793 175.4666597119927 3.6480594 91.961555 -999.0 -999.0 -999.0 -999.0 -999.0 175.14021232248467 -7.3631160501069335 175.1377893451504 -7.516790716884944 64.30901672754169 36.1065406793677 -999.0 6231.0 -999.0 -1 -999 {-999.0 -999.0 -999.0 -999.0 -999.0} "" -999.0 -999.0 -999.0 -999.0 -999 -999 "" "" "" "" 0 0 0.0 0.0 -999 ""
FIBERMAP 1173 R-8C17 APOGEE 0 0 0 1 0 0 156.09004284790825 -136.95317366609007 143.1 124.62065999030527 166.09027706595532 130.68208 72.725746 -999.0 -999.0 -999.0 -999.0 -999.0 175.84092213560618 -7.391466218006792 175.8386792502555 -7.545252581262097 63.96601339333415 37.49342468195226 -999.0 16600.0 -999.0 2 221 {-999.0 -999.0 -999.0 -999.0 -999.0} "" -999.0 -999.0 -999.0 -999.0 -999 -999 "" "" "" "" 0 0 0.0 0.0 -999 ""
FIBERMAP 1173 R-8C17 BOSS 1 1 0 1 0 0 156.79797518739358 -136.6873813425149 143.1 124.30156828465701 166.775799790288 130.68208 72.725746 175.840019813886 -7.389263668947427 -999.0 -999.0 -999.0 175.84002930512744 -7.389265692391816 175.83772995149127 -7.543140560640172 63.96473684798848 37.48903231158022 5400.0 5400.0 2016.0 1 319 {-999.0 22.197063 21.3397 21.172216 21.092087} sdss_psfmag_from_lsdr10 nan nan nan -999.0 63050397591160057 1131662871 dark_flexible_3x1 bhm_spiders_agn_lsdr10_d3 bhm_spiders science 0 0 0.0 0.0 -999 ""
FIBERMAP 1173 R-8C17 METROLOGY 0 0 0 1 0 0 156.66170556207274 -137.42753827141698 143.1 125.04993891347723 166.6964854927192 130.68208 72.725746 -999.0 -999.0 -999.0 -999.0 -999.0 175.84231421249746 -7.389509077417742 175.8400313585097 -7.543359415882307 63.96369656627181 37.49368514886294 -999.0 6231.0 -999.0 -1 -999 {-999.0 -999.0 -999.0 -999.0 -999.0} "" -999.0 -999.0 -999.0 -999.0 -999 -999 "" "" "" "" 0 0 0.0 0.0 -999 ""
FIBERMAP 1175 R-8C4 APOGEE 0 0 0 1 0 0 -149.60769615115902 -159.46191551685598 143.1 170.41898915558943 -136.979983168963 214.2271 96.82776 -999.0 -999.0 -999.0 -999.0 -999.0 175.98202697966147 -8.309246702490189 175.9796354986711 -8.462918534756685 64.65850499216613 38.91952588795357 -999.0 16600.0 -999.0 2 -999 {-999.0 -999.0 -999.0 -999.0 -999.0} "" -999.0 -999.0 -999.0 -999.0 -999 -999 "" "" "" "" 0 0 0.0 0.0 -999 ""
FIBERMAP 1175 R-8C4 BOSS 1 1 0 1 0 0 -150.09039844269512 -158.91742447991035 143.1 169.91299513060815 -137.50285324476548 214.2271 96.82776 175.9806004174093 -8.3107738494148 -999.0 -999.0 -999.0 175.98057379156833 -8.310776808658881 175.97812463049445 -8.464532486504618 64.66067713323794 38.918716794160446 5400.0 5400.0 2016.0 1 490 {-999.0 21.766731 21.378363 20.93595 20.599789} sdss_fiber2mag_from_lsdr10 21.253048 21.099321 19.737814 -999.0 63050395164250937 1131656778 dark_flexible_3x1 bhm_spiders_agn_lsdr10_d3 bhm_spiders science 0 0 0.0 0.0 -999 ""
FIBERMAP 1175 R-8C4 METROLOGY 0 0 0 1 0 0 -149.3683458454971 -158.753248001038 143.1 169.6941386956937 -136.79548836918806 214.2271 96.82776 -999.0 -999.0 -999.0 -999.0 -999.0 175.97991930197105 -8.30868706450691 175.97748654192094 -8.46241900321887 64.65927011233983 38.91474786677372 -999.0 6231.0 -999.0 -1 -999 {-999.0 -999.0 -999.0 -999.0 -999.0} "" -999.0 -999.0 -999.0 -999.0 -999 -999 "" "" "" "" 0 0 0.0 0.0 -999 ""
FIBERMAP 1180 R+3C19 APOGEE 0 0 0 1 0 0 154.82038752065745 57.905394316080596 143.1 -69.5622951612567 149.9364853682954 316.86685 151.20503 -999.0 -999.0 -999.0 -999.0 -999.0 175.24756249142325 -7.440246273398521 175.2451832973818 -7.593874170996227 64.31923553049494 36.40886890437429 -999.0 16600.0 -999.0 2 -999 {-999.0 -999.0 -999.0 -999.0 -999.0} "" -999.0 -999.0 -999.0 -999.0 -999 -999 "" "" "" "" 0 0 0.0 0.0 -999 ""
FIBERMAP 1180 R+3C19 BOSS 1 1 0 1 0 0 155.02802083401332 57.16207994584524 143.1 -68.83705190754998 150.20029407555273 316.86685 151.20503 175.24978637695312 -7.439308303612478 -999.0 -999.0 -999.0 175.2498071415089 -7.439299188282152 175.24737417053598 -7.593015676097142 64.3173669490533 36.412100649053286 5400.0 5400.0 2015.5 1 225 {-999.0 -999.0 -999.0 -999.0 -999.0} "" -999.0 -999.0 -999.0 -999.0 27021603139073658 811638891 "" ops_sky_boss_good ops_sky sky_boss 0 0 0.0 0.0 -999 ""
FIBERMAP 1180 R+3C19 METROLOGY 0 0 0 1 0 0 154.3195813876532 57.34979424953866 143.1 -68.97008145691629 149.47961618707774 316.86685 151.20503 -999.0 -999.0 -999.0 -999.0 -999.0 175.24937328077954 -7.441485796704195 175.2469551579153 -7.595176915627807 64.31942563773971 36.413895850872166 -999.0 6231.0 -999.0 -1 -999 {-999.0 -999.0 -999.0 -999.0 -999.0} "" -999.0 -999.0 -999.0 -999.0 -999 -999 "" "" "" "" 0 0 0.0 0.0 -999 ""
FIBERMAP 1181 R-7C8 APOGEE 1 1 0 1 0 0 -61.13669085219244 -150.41329850243673 143.1 154.6377327991895 -49.463028114956984 267.04047 99.48498 175.93382138502636 -8.044471867349019 -23.38358 -1.4701934 2.0461748 175.93395826691062 -8.044467434074805 175.93160684879842 -8.19817044591959 64.46411867502945 38.486707095675854 16000.0 16600.0 2016.0 2 270 {-999.0 9.992782 9.117304 8.783529 -999.0} sdss_psfmag_gaia 9.731285 9.154488 8.437435 6.994 63050395164329642 1109423745 bright_1x1 mwm_tess_rgb_apogee mwm_tessrgb science 0 0 0.7521566152572632 0.0 -999 ""
FIBERMAP 1181 R-7C8 BOSS 0 0 0 1 0 0 -61.891171733920466 -150.32577914791227 143.1 154.6081184173143 -50.22195546475474 267.04047 99.48498 -999.0 -999.0 -999.0 -999.0 -999.0 175.9339886857066 -8.046702794883675 175.93157993233 -8.200491003378037 64.46607158742958 38.48961556278556 -999.0 5400.0 -999.0 1 372 {-999.0 -999.0 -999.0 -999.0 -999.0} "" -999.0 -999.0 -999.0 -999.0 -999 -999 "" "" "" "" 0 0 0.0 0.0 -999 ""
FIBERMAP 1181 R-7C8 METROLOGY 0 0 0 1 0 0 -61.43961691265744 -149.73081617333472 143.1 153.98042166798277 -49.81719882005053 267.04047 99.48498 -999.0 -999.0 -999.0 -999.0 -999.0 175.93207387293143 -8.045510352978436 175.92968102363898 -8.19927405994009 64.466088547991 38.48442119059132 -999.0 6231.0 -999.0 -1 -999 {-999.0 -999.0 -999.0 -999.0 -999.0} "" -999.0 -999.0 -999.0 -999.0 -999 -999 "" "" "" "" 0 0 0.0 0.0 -999 ""
FIBERMAP 1188 R+1C9 APOGEE 0 0 0 1 0 0 -90.64432518791028 33.772017466735065 143.1 -26.746178383533316 -92.95547446424852 87.16475 80.44095 -999.0 -999.0 -999.0 -999.0 -999.0 175.37841372569122 -8.177035254972786 175.37589858978868 -8.330579168846892 64.87459155303615 37.57699303559002 -999.0 16600.0 -999.0 2 28 {-999.0 -999.0 -999.0 -999.0 -999.0} "" -999.0 -999.0 -999.0 -999.0 -999 -999 "" "" "" "" 0 0 0.0 0.0 -999 ""
FIBERMAP 1188 R+1C9 BOSS 1 1 0 1 0 0 -89.92719138346749 33.62924716367311 143.1 -26.658623660303046 -92.22956192026314 87.16475 80.44095 175.37870885754685 -8.174783427533491 1.4487116 -2.2771268 0.15969172 175.37872099541502 -8.174801626547579 175.37615165992088 -8.328430685206246 64.87264685755211 37.57476274605233 5400.0 5400.0 2016.0 1 46 {-999.0 20.49584 20.39606 20.258385 20.125523} sdss_psfmag_from_lsdr10 20.623604 20.593365 19.99776 -999.0 63050395164320308 1131656771 dark_flexible_3x1 bhm_spiders_agn_lsdr10_d3 bhm_spiders science 0 0 0.0 0.0 -999 ""
FIBERMAP 1188 R+1C9 METROLOGY 0 0 0 1 0 0 -90.39910306815628 33.07452595754092 143.1 -26.069493848120857 -92.65768959952128 87.16475 80.44095 -999.0 -999.0 -999.0 -999.0 -999.0 175.38051014266517 -8.176133206122394 175.37795647176256 -8.329738508182505 64.87278598059982 37.5799651058129 -999.0 6231.0 -999.0 -1 -999 {-999.0 -999.0 -999.0 -999.0 -999.0} "" -999.0 -999.0 -999.0 -999.0 -999 -999 "" "" "" "" 0 0 0.0 0.0 -999 ""
FIBERMAP 1191 R0C18 APOGEE 0 0 0 1 0 0 86.35475983646094 -10.423489074183577 143.1 3.7947187948748695 86.89473353992081 233.60625 135.67915 -999.0 -999.0 -999.0 -999.0 -999.0 175.47193211271224 -7.63108423986307 175.46955937019584 -7.784739980696925 64.36396007759589 37.077705276372114 -999.0 16600.0 -999.0 2 -999 {-999.0 -999.0 -999.0 -999.0 -999.0} "" -999.0 -999.0 -999.0 -999.0 -999 -999 "" "" "" "" 0 0 0.0 0.0 -999 ""
FIBERMAP 1191 R0C18 BOSS 1 1 0 1 0 0 85.61118029075423 -10.529312672078955 143.1 3.9570403574160657 86.16144726395798 233.60625 135.67915 175.47235783736133 -7.633069377335688 44.175095 -39.46213 19.51186 175.47248744405354 -7.633170788129522 175.47005910799226 -7.786913441266648 64.36553674960645 37.08134759429862 5400.0 5400.0 2016.0 1 252 {-999.0 23.979496 21.807917 19.072306 -999.0} sdss_psfmag_ps1 21.325697 19.421246 17.88788 14.123 63050395164331795 1151140385 dark_1x1 mwm_snc_100pc_boss_single mwm_snc science 0 0 0.0 0.0 -999 ""
FIBERMAP 1191 R0C18 METROLOGY 0 0 0 1 0 0 85.89023800689903 -9.837214661765177 143.1 3.2456764108699026 86.38679753910849 233.60625 135.67915 -999.0 -999.0 -999.0 -999.0 -999.0 175.47029274641054 -7.632504493054656 175.46787973390622 -7.786222006676436 64.36610039310008 37.076271347425916 -999.0 6231.0 -999.0 -1 -999 {-999.0 -999.0 -999.0 -999.0 -999.0} "" -999.0 -999.0 -999.0 -999.0 -999 -999 "" "" "" "" 0 0 0.0 0.0 -999 ""
FIBERMAP 1195 R-8C11 APOGEE 0 0 0 1 0 0 12.724020400259242 -152.0663633478082 143.1 150.64266092463345 24.304663800831175 136.56757 140.18755 -999.0 -999.0 -999.0 -999.0 -999.0 175.92150808377843 -7.82078775646668 175.91919779256614 -7.974523852367701 64.28374853310905 38.179654425643605 -999.0 16600.0 -999.0 2 -999 {-999.0 -999.0 -999.0 -999.0 -999.0} "" -999.0 -999.0 -999.0 -999.0 -999 -999 "" "" "" "" 0 0 0.0 0.0 -999 ""
FIBERMAP 1195 R-8C11 BOSS 1 1 0 1 0 0 12.636325138847598 -151.32600753585044 143.1 149.9112037388392 24.16066305013189 136.56757 140.18755 175.91939733097604 -7.821125921312617 -0.11783872 0.115750976 -0.008934853 175.919398235535 -7.82112937765 175.91703048591307 -7.974951438749193 64.28527829287823 38.176047443624384 5400.0 5400.0 2016.0 1 396 {-999.0 18.916697 18.700027 18.511244 18.363903} sdss_psfmag_from_gaiadr2 18.959894 18.715075 18.236662 -999.0 63050395164330622 1130008379 dark_flexible_3x1 bhm_gua_dark_d3 bhm_filler science 0 0 0.0 0.0 -999 ""
FIBERMAP 1195 R-8C11 METROLOGY 0 0 0 1 0 0 13.32713848636359 -151.6239305382089 143.1 150.15546143518324 24.872187525299644 136.56757 140.18755 -999.0 -999.0 -999.0 -999.0 -999.0 175.92014148191018 -7.818992253897769 175.91779044858117 -7.972790324024964 64.28305666482153 38.17478258942589 -999.0 6231.0 -999.0 -1 -999 {-999.0 -999.0 -999.0 -999.0 -999.0} "" -999.0 -999.0 -999.0 -999.0 -999 -999 "" "" "" "" 0 0 0.0 0.0 -999 ""
FIBERMAP 1196 R-12C2 APOGEE 0 0 0 1 0 0 -146.16012026516518 -238.30180604699612 143.1 248.7613677550642 -127.51898874878385 203.91339 118.86256 -999.0 -999.0 -999.0 -999.0 -999.0 176.22037080754765 -8.279474695936456 176.21804510147354 -8.433205838525012 64.50227924541986 39.33685087142891 -999.0 16600.0 -999.0 2 153 {-999.0 -999.0 -999.0 -999.0 -999.0} "" -999.0 -999.0 -999.0 -999.0 -999 -999 "" "" "" "" 0 0 0.0 0.0 -999 ""
FIBERMAP 1196 R-12C2 BOSS 1 1 0 1 0 0 -146.77182798906745 -237.89512180677423 143.1 248.40262781421563 -128.1599522498298 203.91339 118.86256 176.21933518416478 -8.281314502166358 -0.5026602 -0.19696178 -0.78601813 176.21932016823504 -8.281321367638197 176.21693593387386 -8.435136663377842 64.50449325664117 39.337253415211876 5400.0 5400.0 2016.0 1 434 {-999.0 20.245785 19.97866 19.99454 20.072279} sdss_psfmag_from_lsdr10 19.866526 19.882036 19.740929 -999.0 63050395164251039 1131656781 dark_flexible_3x1 bhm_spiders_agn_lsdr10_d3 bhm_spiders science 0 0 0.0 0.0 -999 ""
FIBERMAP 1196 R-12C2 METROLOGY 0 0 0 1 0 0 -146.08047952731502 -237.5663142293691 143.1 248.0219750389703 -127.49577875521433 203.91339 118.86256 -999.0 -999.0 -999.0 -999.0 -999.0 176.21820334147446 -8.279373790832336 176.2158356028632 -8.43316515598507 64.50347025678438 39.33259260313196 -999.0 6231.0 -999.0 -1 -999 {-999.0 -999.0 -999.0 -999.0 -999.0} "" -999.0 -999.0 -999.0 -999.0 -999 -999 "" "" "" "" 0 0 0.0 0.0 -999 ""
FIBERMAP 1197 R-12C11 APOGEE 0 0 0 1 0 0 67.72957096846841 -244.79671419236257 143.1 238.8950363544381 86.23182028678319 263.03378 126.48872 -999.0 -999.0 -999.0 -999.0 -999.0 176.18952883247582 -7.633164553124179 176.1873147698708 -7.786993042280748 63.98143388950474 38.45383361074761 -999.0 16600.0 -999.0 2 -999 {-999.0 -999.0 -999.0 -999.0 -999.0} "" -999.0 -999.0 -999.0 -999.0 -999 -999 "" "" "" "" 0 0 0.0 0.0 -999 ""
FIBERMAP 1197 R-12C11 BOSS 1 1 0 1 0 0 67.0668297107925 -245.15473020260805 143.1 239.30262513708058 85.59840068193964 263.03378 126.48872 176.19084111999402 -7.634938558913773 -5.139825 -15.229214 3.4176016 176.19084338775554 -7.634987829001777 176.18857129533308 -7.788903795307285 63.9823476715972 38.45859694262674 5400.0 5400.0 2016.0 1 369 {-999.0 22.34816 20.93139 19.110754 -999.0} sdss_psfmag_ps1 21.351717 19.815138 18.468245 15.709 63050395164330897 1096375185 bright_1x1 mwm_bin_vis_boss mwm_filler science 0 0 0.0 0.0 -999 ""
FIBERMAP 1197 R-12C11 METROLOGY 0 0 0 1 0 0 67.08575980410869 -244.41591844469477 143.1 238.56456085384806 85.56082664756978 263.03378 126.48872 -999.0 -999.0 -999.0 -999.0 -999.0 176.1886331775168 -7.635109668190638 176.18637701247064 -7.789000324553466 63.983621741871374 38.45457488041109 -999.0 6231.0 -999.0 -1 -999 {-999.0 -999.0 -999.0 -999.0 -999.0} "" -999.0 -999.0 -999.0 -999.0 -999 -999 "" "" "" "" 0 0 0.0 0.0 -999 ""
FIBERMAP 1199 R+1C1 APOGEE 0 0 0 1 0 0 -281.87601091756454 4.309145133756605 143.1 17.24000726900249 -281.3682521329001 278.4215 100.01989 -999.0 -999.0 -999.0 -999.0 -999.0 175.51327792902802 -8.745376401617568 175.51067247993626 -8.89886452918135 65.27821353712545 38.57761979678338 -999.0 16600.0 -999.0 2 10 {-999.0 -999.0 -999.0 -999.0 -999.0} "" -999.0 -999.0 -999.0 -999.0 -999 -999 "" "" "" "" 0 0 0.0 0.0 -999 ""
FIBERMAP 1199 R+1C1 BOSS 1 1 0 1 0 0 -282.5844653165118 4.026014757928051 143.1 17.576425431120764 -282.0529706759781 278.4215 100.01989 175.5143511364916 -8.747329965772247 2.0147512 0.18219955 -0.2132862 175.51435984964516 -8.747319584330494 175.51169911865952 -8.900889988767979 65.2793426206541 38.58231553946109 5400.0 5400.0 2016.0 1 12 {-999.0 nan nan nan nan} undefined nan 19.81806 nan -999.0 63050395164240166 1131652682 dark_flexible_3x1 bhm_spiders_agn_lsdr10_d3 bhm_spiders science 0 0 0.0 0.0 -999 ""
FIBERMAP 1199 R+1C1 METROLOGY 0 0 0 1 0 0 -282.45476300655287 4.7773058931785215 143.1 16.817455424377776 -281.9810548870442 278.4215 100.01989 -999.0 -999.0 -999.0 -999.0 -999.0 175.51202683353273 -8.74718676416694 175.50938112710503 -8.900733271707798 65.28047601978878 38.57754229624254 -999.0 6231.0 -999.0 -1 -999 {-999.0 -999.0 -999.0 -999.0 -999.0} "" -999.0 -999.0 -999.0 -999.0 -999 -999 "" "" "" "" 0 0 0.0 0.0 -999 ""
FIBERMAP 1204 R+8C11 APOGEE 0 0 0 1 0 0 20.24465712906201 170.2392456130207 143.1 -171.280508643003 7.177643044840008 113.90776 101.13823 -999.0 -999.0 -999.0 -999.0 -999.0 174.93615204087456 -7.8729180153655625 174.9336010822675 -8.026391321013602 64.84934583081315 36.32343304115801 -999.0 16600.0 -999.0 2 -999 {-999.0 -999.0 -999.0 -999.0 -999.0} "" -999.0 -999.0 -999.0 -999.0 -999 -999 "" "" "" "" 0 0 0.0 0.0 -999 ""
FIBERMAP 1204 R+8C11 BOSS 1 1 0 1 0 0 20.8368740015098 170.6512877296018 143.1 -171.7365747879969 7.736619885320272 113.90776 101.13823 174.93477931026817 -7.87112484618258 -8.178272 -2.062261 1.298627 174.9347515336081 -7.871133426488892 174.93214750302946 -8.024692429178996 64.84865080227829 36.31845571462776 5400.0 5400.0 2016.0 1 140 {-999.0 19.752172 18.332083 17.485163 -999.0} sdss_psfmag_ps1 19.137596 18.108627 17.095499 15.162 63050395164326849 1095218838 bright_1x1 mwm_bin_vis_boss mwm_filler science 0 0 0.0 0.0 -999 ""
FIBERMAP 1204 R+8C11 METROLOGY 0 0 0 1 0 0 20.922152089361056 169.92223016297845 143.1 -171.01619761801433 7.87734741271583 113.90776 101.13823 -999.0 -999.0 -999.0 -999.0 -999.0 174.9369124651863 -7.870731864116073 174.9343241035632 -8.024267221105635 64.84716101913358 36.32225434040828 -999.0 6231.0 -999.0 -1 -999 {-999.0 -999.0 -999.0 -999.0 -999.0} "" -999.0 -999.0 -999.0 -999.0 -999 -999 "" "" "" "" 0 0 0.0 0.0 -999 ""
FIBERMAP 1205 R-2C3 APOGEE 1 0 1 1 0 0 -223.30642768686332 -30.973198165303604 143.1 47.942654233324895 -220.27688354703662 10.840443 169.63203 175.68476052526924 -8.576134676411154 -18.666185 13.9499 1.4816564 175.6073105860532 -8.561787852055925 175.60477021391728 -8.715328777665517 65.07382881711982 38.52130008904021 16000.0 16600.0 2016.0 2 288 {-999.0 11.409285 10.66732 10.396354 -999.0} sdss_psfmag_gaia 11.204466 10.710569 10.052731 8.74 63050395164240396 1105149232 bright_1x1 mwm_tess_rgb_apogee mwm_tessrgb science 0 0 0.0 0.0 -999 ""
FIBERMAP 1205 R-2C3 BOSS 0 0 1 1 0 0 -222.56073059707796 -31.01946113464864 143.1 47.93180584914625 -219.52986604542676 10.840443 169.63203 -999.0 -999.0 -999.0 -999.0 -999.0 175.60734311732344 -8.559495088161224 175.60474769734662 -8.713119551190893 65.07199743481993 38.518367919128536 -999.0 5400.0 -999.0 1 473 {-999.0 -999.0 -999.0 -999.0 -999.0} "" -999.0 -999.0 -999.0 -999.0 -999 -999 "" "" "" "" 0 0 0.0 0.0 -999 ""
FIBERMAP 1205 R-2C3 METROLOGY 0 0 1 1 0 0 -222.99691513090315 -31.65503393943802 143.1 48.59881749710543 -219.91619530332918 10.840443 169.63203 -999.0 -999.0 -999.0 -999.0 -999.0 175.60937615459454 -8.560712151529259 175.60679675098436 -8.714313357572376 65.07187769866312 38.52393875903567 -999.0 6231.0 -999.0 -1 -999 {-999.0 -999.0 -999.0 -999.0 -999.0} "" -999.0 -999.0 -999.0 -999.0 -999 -999 "" "" "" "" 0 0 0.0 0.0 -999 ""
FIBERMAP 1206 R0C2 APOGEE 1 1 0 1 0 0 -263.02367166969844 7.045692128093819 143.1 13.07119849686659 -262.780974579109 11.687634 149.31117 175.50060041712877 -8.689649023756003 -21.236261 -3.771034 0.5743602 175.50053496169735 -8.68967537394355 175.49793821240803 -8.84316909379143 65.23868351415508 38.47917250204483 16000.0 16600.0 2016.0 2 253 {-999.0 12.594945 11.824755 11.540916 -999.0} sdss_psfmag_gaia 12.379165 11.867421 11.197502 9.862 63050395164240202 1105810963 bright_1x1 mwm_tess_rgb_apogee mwm_tessrgb science 0 0 0.0 0.0 -999 ""
FIBERMAP 1206 R0C2 BOSS 0 0 0 1 0 0 -262.2992406866186 6.801639774662245 143.1 13.259176995822353 -262.0400482058378 11.687634 149.31117 -999.0 -999.0 -999.0 -999.0 -999.0 175.50116556157417 -8.687373002702497 175.49851436976712 -8.840949808917038 65.23651751866791 38.477389403221935 -999.0 5400.0 -999.0 1 522 {-999.0 -999.0 -999.0 -999.0 -999.0} "" -999.0 -999.0 -999.0 -999.0 -999 -999 "" "" "" "" 0 0 0.0 0.0 -999 ""
FIBERMAP 1206 R0C2 METROLOGY 0 0 0 1 0 0 -262.8720955090401 6.313783143653618 143.1 13.789353202801514 -262.57392798345217 11.687634 149.31117 -999.0 -999.0 -999.0 -999.0 -999.0 175.50277447771836 -8.689044825671246 175.50013897345173 -8.842598374101925 65.23700958319347 38.482755760562384 -999.0 6231.0 -999.0 -1 -999 {-999.0 -999.0 -999.0 -999.0 -999.0} "" -999.0 -999.0 -999.0 -999.0 -999 -999 "" "" "" "" 0 0 0.0 0.0 -999 ""
FIBERMAP 1209 R-2C21 APOGEE 0 0 0 1 0 0 168.40969260260448 -24.87303955127554 143.1 11.93206663647059 169.81001357146553 161.94266 78.0187 -999.0 -999.0 -999.0 -999.0 -999.0 175.49673220331255 -7.380024712791688 175.49441924761368 -7.5337274260746065 64.13809406255075 36.819329820440714 -999.0 16600.0 -999.0 2 218 {-999.0 -999.0 -999.0 -999.0 -999.0} "" -999.0 -999.0 -999.0 -999.0 -999 -999 "" "" "" "" 0 0 0.0 0.0 -999 ""
FIBERMAP 1209 R-2C21 BOSS 1 1 0 1 0 0 168.7549148861652 -24.2021665988785 143.1 11.23680950820285 170.10295361913805 161.94266 78.0187 175.49467284986343 -7.378999898238544 -0.34528995 -0.37913015 0.43840098 175.4946659826327 -7.378987267332051 175.49229740179874 -7.532777847739859 64.13839992934128 36.814085512835106 5400.0 5400.0 2016.0 1 310 {-999.0 20.210989 19.922855 19.657806 19.43947} sdss_psfmag_from_gaiadr2 20.210112 19.977985 19.309128 -999.0 63050395164337414 1130008479 dark_flexible_3x1 bhm_gua_dark_d3 bhm_filler science 0 0 0.0 0.0 -999 ""
FIBERMAP 1209 R-2C21 METROLOGY 0 0 0 1 0 0 169.15307541385133 -24.838236657597086 143.1 11.840569922870062 170.5485299383971 161.94266 78.0187 -999.0 -999.0 -999.0 -999.0 -999.0 175.49649693595472 -7.37764468641681 175.49414472899593 -7.531410955102707 64.13627156038666 36.815993099679645 -999.0 6231.0 -999.0 -1 -999 {-999.0 -999.0 -999.0 -999.0 -999.0} "" -999.0 -999.0 -999.0 -999.0 -999 -999 "" "" "" "" 0 0 0.0 0.0 -999 ""
FIBERMAP 1210 R-3C6 APOGEE 0 0 0 1 0 0 -150.14738600505322 -80.02016969527561 143.1 91.25436927786753 -143.58771007966794 339.58612 11.174079 -999.0 -999.0 -999.0 -999.0 -999.0 175.740072991091 -8.330038224922745 175.73761588440777 -8.48364887988507 64.80810648811368 38.4790260589308 -999.0 16600.0 -999.0 2 -999 {-999.0 -999.0 -999.0 -999.0 -999.0} "" -999.0 -999.0 -999.0 -999.0 -999 -999 "" "" "" "" 0 0 0.0 0.0 -999 ""
FIBERMAP 1210 R-3C6 BOSS 1 1 0 1 0 0 -150.8891725693741 -79.90284941579885 143.1 91.19407256868728 -144.33625770567454 339.58612 11.174079 175.74004144235252 -8.332289860541902 -999.0 -999.0 -999.0 175.73997783549174 -8.332272752428167 175.73746414347954 -8.485967239349547 64.81012501469661 38.48172827523223 5400.0 5400.0 2016.0 1 475 {-999.0 17.169111 16.896034 16.548351 16.462708} sdss_fiber2mag_from_lsdr10 nan nan nan -999.0 63050399021121103 1058911161 dark_flexible_2x1 bhm_spiders_agn_lsdr10 bhm_spiders science 0 0 0.0 0.0 -999 ""
FIBERMAP 1210 R-3C6 METROLOGY 0 0 0 1 0 0 -150.41962631739995 -79.32347504973178 143.1 90.58054352854083 -143.91237202677505 339.58612 11.174079 -999.0 -999.0 -999.0 -999.0 -999.0 175.73809603440364 -8.331037227441946 175.7355980213108 -8.484707590197694 64.81008853897934 38.476478816572524 -999.0 6231.0 -999.0 -1 -999 {-999.0 -999.0 -999.0 -999.0 -999.0} "" -999.0 -999.0 -999.0 -999.0 -999 -999 "" "" "" "" 0 0 0.0 0.0 -999 ""
FIBERMAP 1211 R-11C11 APOGEE 0 0 0 1 0 0 46.80255656545377 -205.5851038502092 143.1 201.39876000877697 62.37103558531334 132.56927 123.961655 -999.0 -999.0 -999.0 -999.0 -999.0 176.07592126195055 -7.705339469271416 176.07366840982456 -7.859130335183641 64.10348580172759 38.32904639570086 -999.0 16600.0 -999.0 2 182 {-999.0 -999.0 -999.0 -999.0 -999.0} "" -999.0 -999.0 -999.0 -999.0 -999 -999 "" "" "" "" 0 0 0.0 0.0 -999 ""
FIBERMAP 1211 R-11C11 BOSS 1 1 0 1 0 0 46.91096515164797 -204.85436834914174 143.1 200.6619115172881 62.42329140489932 132.56927 123.961655 176.07376098632812 -7.705071042041155 -999.0 -999.0 -999.0 176.07378480546683 -7.705079733175726 176.07147400136273 -7.858957256137728 64.10453100961888 38.32466421561361 5400.0 5400.0 2015.5 1 375 {-999.0 -999.0 -999.0 -999.0 -999.0} "" -999.0 -999.0 -999.0 -999.0 27021603139069418 820037228 "" ops_sky_boss_good ops_sky sky_boss 0 0 0.0 0.0 -999 ""
FIBERMAP 1211 R-11C11 METROLOGY 0 0 0 1 0 0 47.500716127971586 -205.31813583176114 143.1 201.0792427751867 63.04672472425286 132.56927 123.961655 -999.0 -999.0 -999.0 -999.0 -999.0 176.07506160862303 -7.70320726217306 176.07276774329762 -7.857060703663666 64.10224229436378 38.32474273197715 -999.0 6231.0 -999.0 -1 -999 {-999.0 -999.0 -999.0 -999.0 -999.0} "" -999.0 -999.0 -999.0 -999.0 -999 -999 "" "" "" "" 0 0 0.0 0.0 -999 ""
FIBERMAP 1214 R+5C1 APOGEE 0 0 0 1 0 0 -223.86746069249165 80.51693224404079 143.1 -63.17355613431261 -229.3545038940804 357.75064 52.674175 -999.0 -999.0 -999.0 -999.0 -999.0 175.2671401615213 -8.589105458850886 175.26450297411895 -8.742554620242903 65.28064741296066 37.88621603601314 -999.0 16600.0 -999.0 2 1 {-999.0 -999.0 -999.0 -999.0 -999.0} "" -999.0 -999.0 -999.0 -999.0 -999 -999 "" "" "" "" 0 0 0.0 0.0 -999 ""
FIBERMAP 1214 R+5C1 BOSS 1 1 0 1 0 0 -224.33457511796155 79.89347508387182 143.1 -62.516260998469896 -229.7725968809494 357.75064 52.674175 175.26918515551404 -8.590197944153337 8.175847 -39.189243 5.2046094 175.26919955402556 -8.59031225534577 175.26650837300247 -8.7438446313416 65.28065337138942 37.89187136082347 5400.0 5400.0 2016.0 1 1 {-999.0 19.151333 17.684006 16.37967 -999.0} sdss_psfmag_ps1 18.552858 17.057724 15.850495 13.649 63050395164318877 1077939877 bright_flexible_2x1 mwm_snc_ext_main_boss mwm_snc science 0 0 0.0 0.0 -999 ""
FIBERMAP 1214 R+5C1 METROLOGY 0 0 0 1 0 0 -224.61254602236153 80.624322958878 143.1 -63.223700725632156 -230.10558183537904 357.75064 52.674175 -999.0 -999.0 -999.0 -999.0 -999.0 175.2670105252629 -8.591371116188565 175.2643338998456 -8.744879259613993 65.28268976415207 37.888901142456575 -999.0 6231.0 -999.0 -1 -999 {-999.0 -999.0 -999.0 -999.0 -999.0} "" -999.0 -999.0 -999.0 -999.0 -999 -999 "" "" "" "" 0 0 0.0 0.0 -999 ""
FIBERMAP 1216 R-2C17 APOGEE 1 1 0 1 0 0 84.55260566611122 -54.484208544438836 143.1 47.86229699810547 88.46433055418976 276.0654 89.69719 175.6068231423775 -7.626276867962799 17.966177 -7.5141234 2.3147726 175.60687386046652 -7.626300155070854 175.60453212137668 -7.779990903155868 64.2885732821176 37.33289014864738 16000.0 16600.0 2016.0 2 211 {-999.0 10.766789 9.924943 9.57702 -999.0} sdss_psfmag_from_g3xp 10.521683 9.944697 9.206833 7.648 63050395164332392 1108674164 bright_1x1 mwm_tess_rgb_apogee mwm_tessrgb science 0 0 0.0 0.0 -999 ""
FIBERMAP 1216 R-2C17 BOSS 0 0 0 1 0 0 83.81876617044395 -54.554178020118364 143.1 47.98812672705921 87.73801602056903 276.0654 89.69719 -999.0 -999.0 -999.0 -999.0 -999.0 175.60734419204977 -7.628366359790296 175.60494634672523 -7.782144088904937 64.29017234537119 37.3363459430152 -999.0 5400.0 -999.0 1 300 {-999.0 -999.0 -999.0 -999.0 -999.0} "" -999.0 -999.0 -999.0 -999.0 -999 -999 "" "" "" "" 0 0 0.0 0.0 -999 ""
FIBERMAP 1216 R-2C17 METROLOGY 0 0 0 1 0 0 84.12534738570544 -53.86966457398864 143.1 47.282221927465315 87.99138755588822 276.0654 89.69719 -999.0 -999.0 -999.0 -999.0 -999.0 175.60517065349038 -7.627614409696191 175.60278829615766 -7.781367005908665 64.29066045187642 37.33122381654806 -999.0 6231.0 -999.0 -1 -999 {-999.0 -999.0 -999.0 -999.0 -999.0} "" -999.0 -999.0 -999.0 -999.0 -999 -999 "" "" "" "" 0 0 0.0 0.0 -999 ""
FIBERMAP 1217 R-3C13 APOGEE 1 1 0 1 0 0 26.565838325024053 -54.718367761527674 143.1 52.526161770187635 30.667637803448745 31.666449 95.17585 175.62136992059163 -7.801695009680609 -23.446077 -4.0826244 2.3194408 175.62132223724967 -7.801680702905855 175.61894672765595 -7.9553467732922725 64.42884940929832 37.57828202688222 16000.0 16600.0 2016.0 2 169 {-999.0 12.706469 12.247005 12.11995 -999.0} sdss_psfmag_from_g3xp 12.619493 12.283885 11.788363 10.968 63050395164331334 1094024576 bright_1x1 mwm_bin_vis_apogee mwm_filler science 0 0 0.0 0.0 -999 ""
FIBERMAP 1217 R-3C13 BOSS 0 0 0 1 0 0 27.063715249042154 -55.27812391661902 143.1 53.04621618822559 31.206803763478398 31.666449 95.17585 -999.0 -999.0 -999.0 -999.0 -999.0 175.62300303042878 -7.799937278227462 175.62057248661358 -7.953690507711137 64.42658675690794 37.57935896432349 -999.0 5400.0 -999.0 1 407 {-999.0 -999.0 -999.0 -999.0 -999.0} "" -999.0 -999.0 -999.0 -999.0 -999 -999 "" "" "" "" 0 0 0.0 0.0 -999 ""
FIBERMAP 1217 R-3C13 METROLOGY 0 0 0 1 0 0 26.31682516291503 -55.41843365346346 143.1 53.24317442510839 30.472851644302295 31.666449 95.17585 -999.0 -999.0 -999.0 -999.0 -999.0 175.62359720516068 -7.802187612563593 175.62118213212318 -7.955916119836391 64.4281369415169 37.58331417428576 -999.0 6231.0 -999.0 -1 -999 {-999.0 -999.0 -999.0 -999.0 -999.0} "" -999.0 -999.0 -999.0 -999.0 -999 -999 "" "" "" "" 0 0 0.0 0.0 -999 ""
FIBERMAP 1218 R0C17 APOGEE 0 0 0 1 0 0 58.389445059084565 19.395144536538332 143.1 -23.798720150216745 56.734205494497786 179.4985 34.575603 -999.0 -999.0 -999.0 -999.0 -999.0 175.38740906022116 -7.722618638296698 175.38499721795324 -7.876237784317873 64.48599949010017 37.02610189679706 -999.0 16600.0 -999.0 2 111 {-999.0 -999.0 -999.0 -999.0 -999.0} "" -999.0 -999.0 -999.0 -999.0 -999 -999 "" "" "" "" 0 0 0.0 0.0 -999 ""
FIBERMAP 1218 R0C17 BOSS 1 1 0 1 0 0 58.996678673691825 19.80413979164659 143.1 -24.252895814945997 57.30838727827195 179.4985 34.575603 175.38604111817392 -7.720726776616919 -1.187093 -0.5213911 0.6527335 175.38605751768287 -7.720754148164775 175.38359086841524 -7.874459924046669 64.48523416342584 37.021168431479055 5400.0 5400.0 2016.0 1 189 {-999.0 20.530457 20.36121 20.216742 20.119846} sdss_psfmag_from_gaiadr2 20.58044 20.356443 20.00024 -999.0 63050395164331742 1130008401 dark_flexible_3x1 bhm_gua_dark_d3 bhm_filler science 0 0 0.0 0.0 -999 ""
FIBERMAP 1218 R0C17 METROLOGY 0 0 0 1 0 0 59.054839718324544 19.062393987944752 143.1 -23.517796242747767 57.42304771055656 179.4985 34.575603 -999.0 -999.0 -999.0 -999.0 -999.0 175.38829263446834 -7.720425107873484 175.38584212105127 -7.874106955408729 64.48374977482922 37.02511784815681 -999.0 6231.0 -999.0 -1 -999 {-999.0 -999.0 -999.0 -999.0 -999.0} "" -999.0 -999.0 -999.0 -999.0 -999 -999 "" "" "" "" 0 0 0.0 0.0 -999 ""
FIBERMAP 1219 R+1C17 APOGEE 0 0 0 1 0 0 83.98307751258164 9.344071180669879 143.1 -15.732939132935451 83.01977979289461 287.01065 129.73468 -999.0 -999.0 -999.0 -999.0 -999.0 175.41212444061867 -7.642853773308507 175.40973579872139 -7.7964921926665935 64.40541822662175 36.9760240890202 -999.0 16600.0 -999.0 2 -999 {-999.0 -999.0 -999.0 -999.0 -999.0} "" -999.0 -999.0 -999.0 -999.0 -999 -999 "" "" "" "" 0 0 0.0 0.0 -999 ""
FIBERMAP 1219 R+1C17 BOSS 1 1 0 1 0 0 83.546128510715 8.71890154737816 143.1 -15.07624135749277 82.63189349662974 287.01065 129.73468 175.41441881020768 -7.643776764745291 -79.33103 -41.77471 1.1228787 175.4141818006689 -7.643894201897246 175.4117383484396 -7.797620016583236 64.40532058805462 36.98130208089765 5400.0 5400.0 2016.0 1 199 {-999.0 17.410347 16.680239 16.43482 -999.0} sdss_psfmag_ps1 17.22197 16.71985 16.065123 14.874 63050395164331826 1136357198 dark_flexible_3x1 mwm_halo_local_high_boss_triple mwm_halo science 0 0 0.0 0.0 -999 ""
FIBERMAP 1219 R+1C17 METROLOGY 0 0 0 1 0 0 83.23662665077032 9.3921266454707 143.1 -15.723820330700013 82.27187380428315 287.01065 129.73468 -999.0 -999.0 -999.0 -999.0 -999.0 175.41218090065647 -7.645004200712437 175.40975236067197 -7.798704650261239 64.40728441193677 36.97877539347405 -999.0 6231.0 -999.0 -1 -999 {-999.0 -999.0 -999.0 -999.0 -999.0} "" -999.0 -999.0 -999.0 -999.0 -999 -999 "" "" "" "" 0 0 0.0 0.0 -999 ""
FIBERMAP 1220 R+1C3 APOGEE 0 0 0 1 0 0 -233.95391443837102 5.071411673372918 143.1 12.818580940301953 -233.64669387515838 285.14548 106.34306 -999.0 -999.0 -999.0 -999.0 -999.0 175.4997673639043 -8.602158379409909 175.4971895612964 -8.75566578908147 65.1660054010424 38.362970696563934 -999.0 16600.0 -999.0 2 38 {-999.0 -999.0 -999.0 -999.0 -999.0} "" -999.0 -999.0 -999.0 -999.0 -999 -999 "" "" "" "" 0 0 0.0 0.0 -999 ""
FIBERMAP 1220 R+1C3 BOSS 1 1 0 1 0 0 -234.5642314615087 4.68915315185863 143.1 13.246334846277112 -234.22599269581266 285.14548 106.34306 175.50092013722295 -8.60371621401128 -4.619177 -48.17542 0.9807797 175.50113379671748 -8.603849152655037 175.49850085392222 -8.757439561295318 65.16677602881057 38.36786895310803 5400.0 5400.0 2016.0 1 62 {-999.0 16.843267 16.00823 15.768927 -999.0} sdss_psfmag_ps1 16.568037 16.038706 15.356772 13.894 63050395164319346 1136357078 dark_flexible_3x1 mwm_halo_local_high_boss_triple mwm_halo science 0 0 0.8187518119812012 0.0 -999 ""
FIBERMAP 1220 R+1C3 METROLOGY 0 0 0 1 0 0 -234.60814575507948 5.436491473218554 143.1 12.50457085882926 -234.3268759696416 285.14548 106.34306 -999.0 -999.0 -999.0 -999.0 -999.0 175.49884928270694 -8.60421599595327 175.49623127869836 -8.757782264779799 65.16829429814236 38.36385344758594 -999.0 6231.0 -999.0 -1 -999 {-999.0 -999.0 -999.0 -999.0 -999.0} "" -999.0 -999.0 -999.0 -999.0 -999 -999 "" "" "" "" 0 0 0.0 0.0 -999 ""
FIBERMAP 1221 R-8C13 APOGEE 0 0 0 1 0 0 50.79083217124918 -147.71389354454735 143.1 143.3946717165782 61.925896658795544 191.38812 75.95837 -999.0 -999.0 -999.0 -999.0 -999.0 175.8991465079218 -7.706731172113618 175.89685363765943 -7.860480378829405 64.20015539698522 37.99401968266068 -999.0 16600.0 -999.0 2 -999 {-999.0 -999.0 -999.0 -999.0 -999.0} "" -999.0 -999.0 -999.0 -999.0 -999 -999 "" "" "" "" 0 0 0.0 0.0 -999 ""
FIBERMAP 1221 R-8C13 BOSS 1 1 0 1 0 0 50.8243328941612 -146.9668029855356 143.1 142.64723996571286 61.90221745783286 191.38812 75.95837 175.8969877052505 -7.706693244706183 -999.0 -999.0 -999.0 175.89698268123408 -7.706690169181465 175.89463248190452 -7.860525873954347 64.20138921354852 37.989832439515965 5400.0 5400.0 2016.0 1 418 {-999.0 22.176016 20.753172 20.202175 19.830633} sdss_fiber2mag_from_lsdr10 20.494198 21.409937 19.082594 -999.0 63050395164330781 1128418829 dark_flexible_3x1 bhm_spiders_clusters_lsdr10_d3 bhm_spiders science 0 0 0.0 0.0 -999 ""
FIBERMAP 1221 R-8C13 METROLOGY 0 0 0 1 0 0 51.45608904408638 -147.37194104793568 143.1 143.00290654692026 62.56305172014088 191.38812 75.95837 -999.0 -999.0 -999.0 -999.0 -999.0 175.89806451885647 -7.704703892096092 175.89573106341152 -7.858515525491385 64.19911020975029 37.98942170375426 -999.0 6231.0 -999.0 -1 -999 {-999.0 -999.0 -999.0 -999.0 -999.0} "" -999.0 -999.0 -999.0 -999.0 -999 -999 "" "" "" "" 0 0 0.0 0.0 -999 ""
FIBERMAP 1223 R+13C7 APOGEE 0 0 0 1 0 0 -22.976821099702775 237.55580822344922 143.1 -235.09490486867296 -41.05872607098248 272.29782 67.48493 -999.0 -999.0 -999.0 -999.0 -999.0 174.7417917442167 -8.018715822167902 174.7391582859393 -8.172110750020028 65.074115163735 36.115148797134566 -999.0 16600.0 -999.0 2 100 {-999.0 -999.0 -999.0 -999.0 -999.0} "" -999.0 -999.0 -999.0 -999.0 -999 -999 "" "" "" "" 0 0 0.0 0.0 -999 ""
FIBERMAP 1223 R+13C7 BOSS 1 1 0 1 0 0 -23.66122014258695 237.85392321735466 143.1 -235.339844062777 -41.76386995679597 272.29782 67.48493 174.74107287519442 -8.020782306387982 0.09144561 -0.092988856 -0.06949191 174.74107123036555 -8.020767573170176 174.73838466336178 -8.17424702645557 65.07633770771996 36.116237149616495 5400.0 5400.0 2016.0 1 174 {-999.0 17.713713 17.545103 17.401134 17.30493} sdss_psfmag_from_gaiadr2 17.717613 17.540148 17.139553 15.687 63050395164326654 1130008321 dark_flexible_3x1 bhm_gua_dark_d3 bhm_filler science 0 0 0.0 0.0 -999 ""
FIBERMAP 1223 R+13C7 METROLOGY 0 0 0 1 0 0 -23.031150940114987 238.28711847939383 143.1 -235.81989259807943 -41.16876936132513 272.29782 67.48493 -999.0 -999.0 -999.0 -999.0 -999.0 174.7395598558315 -8.018993733216842 174.73688822954193 -8.172448934732623 65.07557388420764 36.11101463219029 -999.0 6231.0 -999.0 -1 -999 {-999.0 -999.0 -999.0 -999.0 -999.0} "" -999.0 -999.0 -999.0 -999.0 -999 -999 "" "" "" "" 0 0 0.0 0.0 -999 ""
FIBERMAP 1224 R+5C18 APOGEE 0 0 0 1 0 0 146.2185321708461 83.98859190867759 143.1 -94.91082900520775 139.36732049848155 271.5967 119.1274 -999.0 -999.0 -999.0 -999.0 -999.0 175.17005673972926 -7.4722953391105476 175.16765354695667 -7.625897280070014 64.38671845438436 36.29622687996556 -999.0 16600.0 -999.0 2 64 {-999.0 -999.0 -999.0 -999.0 -999.0} "" -999.0 -999.0 -999.0 -999.0 -999 -999 "" "" "" "" 0 0 0.0 0.0 -999 ""
FIBERMAP 1224 R+5C18 BOSS 1 1 0 1 0 0 145.5240934580315 83.73699063191403 143.1 -94.60691717032249 138.6941670854766 271.5967 119.1274 175.17100730012453 -7.474215128580335 -0.29167354 2.0145118 2.6245139 175.17099823792736 -7.474189336406038 175.1685406437913 -7.627878872479288 64.38794903639237 36.30035560044689 5400.0 5400.0 2016.0 1 216 {-999.0 21.100262 20.68672 20.299036 19.972708} sdss_psfmag_from_gaiadr2 21.11981 20.815178 19.959457 -999.0 63050395164336852 1056554155 dark_flexible_2x2 bhm_gua_dark bhm_filler science 0 0 0.0 0.0 -999 ""
FIBERMAP 1224 R+5C18 METROLOGY 0 0 0 1 0 0 145.65366819970302 84.46696320739483 143.1 -95.34462217323217 138.76758450076647 271.5967 119.1274 -999.0 -999.0 -999.0 -999.0 -999.0 175.16871799129504 -7.473977724148583 175.16627531070696 -7.62764184088775 64.38891962698251 36.29563978865559 -999.0 6231.0 -999.0 -1 -999 {-999.0 -999.0 -999.0 -999.0 -999.0} "" -999.0 -999.0 -999.0 -999.0 -999 -999 "" "" "" "" 0 0 0.0 0.0 -999 ""
FIBERMAP 1227 R-4C8 APOGEE 0 0 0 1 0 0 -88.04961114692188 -85.2261632100739 143.1 91.70040743734631 -81.276569357894 213.92108 166.12144 -999.0 -999.0 -999.0 -999.0 -999.0 175.7414972015089 -8.141323413381027 175.7390794230522 -8.294964615779302 64.64955173990816 38.239403893414476 -999.0 16600.0 -999.0 2 -999 {-999.0 -999.0 -999.0 -999.0 -999.0} "" -999.0 -999.0 -999.0 -999.0 -999 -999 "" "" "" "" 0 0 0.0 0.0 -999 ""
FIBERMAP 1227 R-4C8 BOSS 1 1 0 1 0 0 -88.73125093044207 -85.50505403014868 143.1 92.0305498979295 -81.9348768255159 213.92108 166.12144 175.74260921626114 -8.143264715877878 0.14400096 0.18505174 0.1176447 175.742611661129 -8.143274129653042 175.74013759975549 -8.29700032232053 64.65068309969219 38.24405211915217 5400.0 5400.0 2016.0 1 479 {-999.0 20.552399 20.177668 19.824726 19.529453} sdss_psfmag_from_gaiadr2 20.644005 20.284172 19.559164 -999.0 63050395164329413 1130008360 dark_flexible_3x1 bhm_gua_dark_d3 bhm_filler science 0 0 0.0 0.0 -999 ""
FIBERMAP 1227 R-4C8 METROLOGY 0 0 0 1 0 0 -88.63090082907304 -84.75541856356085 143.1 91.27547325952636 -81.89209958856962 213.92108 166.12144 -999.0 -999.0 -999.0 -999.0 -999.0 175.7402928703832 -8.143181243500473 175.73783417790105 -8.296882786861445 64.65183152537523 38.239445168264695 -999.0 6231.0 -999.0 -1 -999 {-999.0 -999.0 -999.0 -999.0 -999.0} "" -999.0 -999.0 -999.0 -999.0 -999 -999 "" "" "" "" 0 0 0.0 0.0 -999 ""
FIBERMAP 1228 R-4C5 APOGEE 0 0 0 1 0 0 -166.70455514446923 -86.04642833554304 143.1 98.5277619551175 -159.63528673891403 219.43239 118.4274 -999.0 -999.0 -999.0 -999.0 -999.0 175.76229542459257 -8.37849190243568 175.7598340056163 -8.532100235959224 64.83644152186818 38.58486731019258 -999.0 16600.0 -999.0 2 296 {-999.0 -999.0 -999.0 -999.0 -999.0} "" -999.0 -999.0 -999.0 -999.0 -999 -999 "" "" "" "" 0 0 0.0 0.0 -999 ""
FIBERMAP 1228 R-4C5 BOSS 1 1 0 1 0 0 -167.39533789462473 -85.77314711441306 143.1 98.30807053176946 -160.34489798546997 219.43239 118.4274 175.76172208124504 -8.380624815587915 -0.020134483 0.40972492 -0.042171013 175.76170916594572 -8.38060500073203 175.75919099173302 -8.534296869106013 64.83862458867375 38.586468993064784 5400.0 5400.0 2016.0 1 487 {-999.0 19.726295 19.539906 19.380758 19.265358} sdss_psfmag_from_gaiadr2 19.719822 19.541153 19.084482 -999.0 63050395164319663 1130008191 dark_flexible_3x1 bhm_gua_dark_d3 bhm_filler science 0 0 0.0 0.0 -999 ""
FIBERMAP 1228 R-4C5 METROLOGY 0 0 0 1 0 0 -166.81241410775456 -85.30112479748095 143.1 97.79291231531593 -159.7997693424131 219.43239 118.4274 -999.0 -999.0 -999.0 -999.0 -999.0 175.7601317145144 -8.379007648429408 175.75762938574792 -8.532675583361437 64.83812380848181 38.581336114905014 -999.0 6231.0 -999.0 -1 -999 {-999.0 -999.0 -999.0 -999.0 -999.0} "" -999.0 -999.0 -999.0 -999.0 -999 -999 "" "" "" "" 0 0 0.0 0.0 -999 ""
FIBERMAP 1230 R+8C17 APOGEE 0 0 0 1 0 0 154.99166300279228 142.74281225377302 143.1 -154.16088577541257 143.62536361598836 258.74615 120.95927 -999.0 -999.0 -999.0 -999.0 -999.0 174.98933659028532 -7.459680913023585 174.98689743881164 -7.613235446663985 64.46906180444222 35.926435019487485 -999.0 16600.0 -999.0 2 75 {-999.0 -999.0 -999.0 -999.0 -999.0} "" -999.0 -999.0 -999.0 -999.0 -999 -999 "" "" "" "" 0 0 0.0 0.0 -999 ""
FIBERMAP 1230 R+8C17 BOSS 1 1 0 1 0 0 154.28706197526702 142.50472767705548 143.1 -153.86967406656714 142.94104533864856 258.74615 120.95927 174.99023437499997 -7.461644911539111 -999.0 -999.0 -999.0 174.9902329923007 -7.461625476704637 174.98774007951351 -7.615267557146324 64.47036803270595 35.93053393447144 5400.0 5400.0 2015.5 1 234 {-999.0 -999.0 -999.0 -999.0 -999.0} "" -999.0 -999.0 -999.0 -999.0 27021603139073755 811638917 "" ops_sky_boss_good ops_sky sky_boss 0 0 0.0 0.0 -999 ""
FIBERMAP 1230 R+8C17 METROLOGY 0 0 0 1 0 0 154.42760085652708 143.23802638885294 143.1 -154.61153302959363 143.0251402080115 258.74615 120.95927 -999.0 -999.0 -999.0 -999.0 -999.0 174.98793602240352 -7.461379353002444 174.98545783805002 -7.614996007409516 64.47130676939997 35.925716958152236 -999.0 6231.0 -999.0 -1 -999 {-999.0 -999.0 -999.0 -999.0 -999.0} "" -999.0 -999.0 -999.0 -999.0 -999 -999 "" "" "" "" 0 0 0.0 0.0 -999 ""
FIBERMAP 1233 R+11C16 APOGEE 1 1 0 1 0 0 173.03855480270005 192.29912179801977 143.1 -204.9488929304245 157.83238449187908 351.72675 29.298111 174.83507034128814 -7.417074788813832 7.4401956 -27.281805 1.7945286 174.8350712075056 -7.417124175745711 174.83260933301347 -7.570642257138003 64.51138837268375 35.57114759192939 16000.0 16600.0 2016.0 2 104 {-999.0 10.269638 9.399619 9.068517 -999.0} sdss_psfmag_gaia 10.009326 9.437222 8.721321 7.274 63050395164337113 1103826073 bright_1x1 mwm_tess_rgb_apogee mwm_tessrgb science 0 0 0.0 0.0 -999 ""
FIBERMAP 1233 R+11C16 BOSS 0 0 0 1 0 0 172.3635827553847 192.01995029533165 143.1 -204.6189800600819 157.1807464066858 351.72675 29.298111 -999.0 -999.0 -999.0 -999.0 -999.0 174.83610859258786 -7.418993969107254 174.83359355931407 -7.5725997656817805 64.51256773946338 35.57542801040216 -999.0 5400.0 -999.0 1 178 {-999.0 -999.0 -999.0 -999.0 -999.0} "" -999.0 -999.0 -999.0 -999.0 -999 -999 "" "" "" "" 0 0 0.0 0.0 -999 ""
FIBERMAP 1233 R+11C16 METROLOGY 0 0 0 1 0 0 172.46126921477415 192.7653575725642 143.1 -205.3696375521961 157.22119096009504 351.72675 29.298111 -999.0 -999.0 -999.0 -999.0 -999.0 174.83377861060958 -7.418874559701489 174.83127811185932 -7.572454853498465 64.51362128723763 35.57067715481668 -999.0 6231.0 -999.0 -1 -999 {-999.0 -999.0 -999.0 -999.0 -999.0} "" -999.0 -999.0 -999.0 -999.0 -999 -999 "" "" "" "" 0 0 0.0 0.0 -999 ""
FIBERMAP 1234 R+5C14 APOGEE 1 1 0 1 0 0 67.46976312082883 83.7896675305081 143.1 -88.69580166950176 60.86758396302132 341.69083 81.63646 175.1886753419136 -7.7101037647642645 9.256821 -9.582548 0.60711795 175.18869053654834 -7.710123591178672 175.18623646302603 -7.863692211597815 64.57953108097314 36.622124175902854 16000.0 16600.0 2016.0 2 93 {-999.0 13.160103 12.369426 12.076117 -999.0} sdss_psfmag_gaia 12.933648 12.411441 11.730232 10.356 63050395164331697 1104743910 bright_1x1 mwm_tess_rgb_apogee mwm_tessrgb science 0 0 0.0 0.0 -999 ""
FIBERMAP 1234 R+5C14 BOSS 0 0 0 1 0 0 67.11193615324281 83.13914263950758 143.1 -88.01986913787005 60.56052199302607 341.69083 81.63646 -999.0 -999.0 -999.0 -999.0 -999.0 175.19076347942254 -7.710934908930816 175.18825550813585 -7.864590581000904 64.57924145325767 36.62718716834979 -999.0 5400.0 -999.0 1 166 {-999.0 -999.0 -999.0 -999.0 -999.0} "" -999.0 -999.0 -999.0 -999.0 -999 -999 "" "" "" "" 0 0 0.0 0.0 -999 ""
FIBERMAP 1234 R+5C14 METROLOGY 0 0 0 1 0 0 66.72326507516534 83.76060756613843 143.1 -88.60979281705761 60.12552283116716 341.69083 81.63646 -999.0 -999.0 -999.0 -999.0 -999.0 175.1889326785516 -7.712273933759502 175.1864393420825 -7.865904345085943 64.58130576147394 36.62523622218583 -999.0 6231.0 -999.0 -1 -999 {-999.0 -999.0 -999.0 -999.0 -999.0} "" -999.0 -999.0 -999.0 -999.0 -999 -999 "" "" "" "" 0 0 0.0 0.0 -999 ""
FIBERMAP 1236 R+13C5 APOGEE 0 0 0 1 0 0 -74.70537749621008 258.54678361866104 143.1 -252.07129968127515 -94.23746862286137 210.30176 58.478783 -999.0 -999.0 -999.0 -999.0 -999.0 174.6903338082019 -8.179335668175165 174.6876468641841 -8.332690171881927 65.23771864616238 36.21089945285797 -999.0 16600.0 -999.0 2 52 {-999.0 -999.0 -999.0 -999.0 -999.0} "" -999.0 -999.0 -999.0 -999.0 -999 -999 "" "" "" "" 0 0 0.0 0.0 -999 ""
FIBERMAP 1236 R+13C5 BOSS 1 1 0 1 0 0 -74.69219291500956 259.29969644682245 143.1 -252.82298418539378 -94.28184848209543 210.30176 58.478783 174.68811035156247 -8.179393442738927 -999.0 -999.0 -999.0 174.6881125995926 -8.179373260130797 174.68537291063933 -8.332811463297734 65.23899677869827 36.20646910091068 5400.0 5400.0 2015.5 1 89 {-999.0 -999.0 -999.0 -999.0 -999.0} "" -999.0 -999.0 -999.0 -999.0 27021603139062532 811637311 "" ops_sky_boss_good ops_sky sky_boss 0 0 0.0 0.0 -999 ""
FIBERMAP 1236 R+13C5 METROLOGY 0 0 0 1 0 0 -74.04344930795392 258.88983477490166 143.1 -252.4639059245766 -93.60371630362147 210.30176 58.478783 -999.0 -999.0 -999.0 -999.0 -999.0 174.6891349224403 -8.177371462525684 174.68641078506278 -8.330786383024352 65.23673345659047 36.20603612904631 -999.0 6231.0 -999.0 -1 -999 {-999.0 -999.0 -999.0 -999.0 -999.0} "" -999.0 -999.0 -999.0 -999.0 -999 -999 "" "" "" "" 0 0 0.0 0.0 -999 ""
FIBERMAP 1237 R-2C7 APOGEE 1 1 0 1 0 0 -126.80491984920161 -37.017333515087806 143.1 46.59577459557824 -123.6001300436312 294.59195 172.416 175.60339344383843 -8.269690946739855 -19.586706 -34.953148 1.1734033 175.60329793198193 -8.269798678796814 175.6008188110476 -8.423385140064216 64.83185237328463 38.13538101036079 16000.0 16600.0 2016.0 2 286 {-999.0 12.6513 12.022099 11.800796 -999.0} sdss_psfmag_gaia 12.494155 12.064218 11.461715 10.251 63050395164319818 1108030809 bright_1x1 mwm_tess_rgb_apogee mwm_tessrgb science 0 0 0.0 0.0 -999 ""
FIBERMAP 1237 R-2C7 BOSS 0 0 0 1 0 0 -126.85650631573633 -37.75470884054244 143.1 47.33490177785939 -123.59522516242302 294.59195 172.416 -999.0 -999.0 -999.0 -999.0 -999.0 175.60564217412963 -8.269756652124698 175.60310804599771 -8.423428119609618 64.83065210377461 38.139897423643674 -999.0 5400.0 -999.0 1 469 {-999.0 -999.0 -999.0 -999.0 -999.0} "" -999.0 -999.0 -999.0 -999.0 -999 -999 "" "" "" "" 0 0 0.0 0.0 -999 ""
FIBERMAP 1237 R-2C7 METROLOGY 0 0 0 1 0 0 -127.46569116602583 -37.33447477559741 143.1 46.9624594899243 -124.23470853730132 294.59195 172.416 -999.0 -999.0 -999.0 -999.0 -999.0 175.60448954965358 -8.271732089522127 175.60197047212512 -8.425379024695825 64.83290096248832 38.140185065656965 -999.0 6231.0 -999.0 -1 -999 {-999.0 -999.0 -999.0 -999.0 -999.0} "" -999.0 -999.0 -999.0 -999.0 -999 -999 "" "" "" "" 0 0 0.0 0.0 -999 ""
FIBERMAP 1238 R-9C3 APOGEE 0 0 0 1 0 0 -139.25714910607357 -160.14210259319685 143.1 170.3063369007322 -126.60820191520241 85.85946 95.49022 -999.0 -999.0 -999.0 -999.0 -999.0 175.98171961525642 -8.27789971336138 175.9793341793404 -8.431576493822494 64.63260178254131 38.87831415883409 -999.0 16600.0 -999.0 2 283 {-999.0 -999.0 -999.0 -999.0 -999.0} "" -999.0 -999.0 -999.0 -999.0 -999 -999 "" "" "" "" 0 0 0.0 0.0 -999 ""
FIBERMAP 1238 R-9C3 BOSS 1 1 0 1 0 0 -138.51264441150136 -160.10474763526548 143.1 170.21220998490864 -125.86876198326038 85.85946 95.49022 175.9815441746088 -8.27557568316518 -1.7751162 -7.9948444 0.15024208 175.98153170674186 -8.275609839938209 175.97908964542614 -8.429371526241804 64.63090159326836 38.87498881255044 5400.0 5400.0 2016.0 1 464 {-999.0 17.826674 17.47777 17.344557 17.300116} sdss_psfmag_from_gaia 17.7827 17.488 17.0256 16.07 63050395164250960 968259211 "" ops_std_boss_gdr2 ops_std standard_boss 0 0 0.0 0.0 -999 ""
FIBERMAP 1238 R-9C3 METROLOGY 0 0 0 1 0 0 -138.86625786300627 -160.7701321179308 143.1 170.90263605660863 -126.17048762156088 85.85946 95.49022 -999.0 -999.0 -999.0 -999.0 -999.0 175.98364592912947 -8.276555930246747 175.98122036999905 -8.430293987468369 64.63049951268636 38.88027604933353 -999.0 6231.0 -999.0 -1 -999 {-999.0 -999.0 -999.0 -999.0 -999.0} "" -999.0 -999.0 -999.0 -999.0 -999 -999 "" "" "" "" 0 0 0.0 0.0 -999 ""
FIBERMAP 1239 R0C25 APOGEE 0 0 0 1 0 0 235.49454755829194 11.752789837397696 143.1 -29.710535227408293 233.89732183368335 155.66508 92.983795 -999.0 -999.0 -999.0 -999.0 -999.0 175.3695693251013 -7.186859722532386 175.36727237997525 -7.3405609109547845 64.04001961675162 36.34153571668821 -999.0 16600.0 -999.0 2 105 {-999.0 -999.0 -999.0 -999.0 -999.0} "" -999.0 -999.0 -999.0 -999.0 -999 -999 "" "" "" "" 0 0 0.0 0.0 -999 ""
FIBERMAP 1239 R0C25 BOSS 1 1 0 1 0 0 235.798257254478 12.42136015259413 143.1 -30.400324842522068 234.149048489966 155.66508 92.983795 175.36751804447644 -7.186002128547691 5.5580993 -0.35781002 -1.3432513 175.3675166356043 -7.185984652972519 175.36516448463635 -7.3397744542714 64.04044132001268 36.33652478398608 5400.0 5400.0 2016.0 1 179 {-999.0 21.090155 20.349617 19.913668 19.594143} sdss_fiber2mag_from_lsdr10 20.27993 20.720804 18.839489 16.107 63050395164337821 1131664803 dark_flexible_3x1 bhm_spiders_agn_lsdr10_d3 bhm_spiders science 0 0 0.0 0.0 -999 ""
FIBERMAP 1239 R0C25 METROLOGY 0 0 0 1 0 0 236.23250741767256 11.858696249212583 143.1 -29.87250999339921 234.62499878294304 155.66508 92.983795 -999.0 -999.0 -999.0 -999.0 -999.0 175.3691075260164 -7.184538706780777 175.36677159382407 -7.338303940570228 64.03835470583428 36.337874523317566 -999.0 6231.0 -999.0 -1 -999 {-999.0 -999.0 -999.0 -999.0 -999.0} "" -999.0 -999.0 -999.0 -999.0 -999 -999 "" "" "" "" 0 0 0.0 0.0 -999 ""
FIBERMAP 1244 R-7C12 APOGEE 0 0 0 1 0 0 34.7104626252663 -122.91046208941188 143.1 119.89348972001694 43.998202851240755 85.85474 116.74347 -999.0 -999.0 -999.0 -999.0 -999.0 175.82746229905672 -7.7611221510788155 175.82514234529174 -7.914845388202689 64.28437957254152 37.92469806683118 -999.0 16600.0 -999.0 2 163 {-999.0 -999.0 -999.0 -999.0 -999.0} "" -999.0 -999.0 -999.0 -999.0 -999 -999 "" "" "" "" 0 0 0.0 0.0 -999 ""
FIBERMAP 1244 R-7C12 BOSS 1 1 0 1 0 0 35.387972224089886 -122.61117995508533 143.1 119.54333205566869 44.65083442729711 85.85474 116.74347 175.8265035620198 -7.75902622599253 -0.1683493 0.11810905 -0.29795715 175.82650515984753 -7.759033910702005 175.82412883912843 -7.912843996047238 64.28324316080588 37.9202519920039 5400.0 5400.0 2016.0 1 394 {-999.0 19.613253 19.425613 19.265322 19.148582} sdss_psfmag_from_gaiadr2 19.669321 19.42736 19.030136 -999.0 63050395164330720 1130008381 dark_flexible_3x1 bhm_gua_dark_d3 bhm_filler science 0 0 0.0 0.0 -999 ""
FIBERMAP 1244 R-7C12 METROLOGY 0 0 0 1 0 0 35.32969075812828 -123.3440428891578 143.1 120.27847176792605 44.648719425800095 85.85474 116.74347 -999.0 -999.0 -999.0 -999.0 -999.0 175.82874929668765 -7.759059163063325 175.8263895069391 -7.912845204542441 64.28202917347694 37.92458789646946 -999.0 6231.0 -999.0 -1 -999 {-999.0 -999.0 -999.0 -999.0 -999.0} "" -999.0 -999.0 -999.0 -999.0 -999 -999 "" "" "" "" 0 0 0.0 0.0 -999 ""
FIBERMAP 1245 R-13C10 APOGEE 0 0 0 1 0 0 46.98395324722896 -241.87452280066236 143.1 237.5665630011594 65.32453781255413 136.54976 111.465706 -999.0 -999.0 -999.0 -999.0 -999.0 176.18575888567014 -7.696380814399399 176.18353234480549 -7.850198201568779 64.03630561412317 38.52592236440785 -999.0 16600.0 -999.0 2 158 {-999.0 -999.0 -999.0 -999.0 -999.0} "" -999.0 -999.0 -999.0 -999.0 -999 -999 "" "" "" "" 0 0 0.0 0.0 -999 ""
FIBERMAP 1245 R-13C10 BOSS 1 1 0 1 0 0 47.24042555355037 -241.170425263157 143.1 236.84496076623554 65.52645293452946 136.54976 111.465706 176.18362426757812 -7.695660697838022 -999.0 -999.0 -999.0 176.183646953397 -7.695677279131958 176.18136212809372 -7.849581510783628 64.03697252945372 38.52104604621957 5400.0 5400.0 2015.5 1 439 {-999.0 -999.0 -999.0 -999.0 -999.0} "" -999.0 -999.0 -999.0 -999.0 27021603139069404 811638327 "" ops_sky_boss_good ops_sky sky_boss 0 0 0.0 0.0 -999 ""
FIBERMAP 1245 R-13C10 METROLOGY 0 0 0 1 0 0 47.722053845435504 -241.74103172564 143.1 237.37707472797842 66.05024751369443 136.54976 111.465706 -999.0 -999.0 -999.0 -999.0 -999.0 176.18527925492072 -7.694106221066274 176.18301149991316 -7.847986367901289 64.03474179010536 38.522160301473775 -999.0 6231.0 -999.0 -1 -999 {-999.0 -999.0 -999.0 -999.0 -999.0} "" -999.0 -999.0 -999.0 -999.0 -999 -999 "" "" "" "" 0 0 0.0 0.0 -999 ""
FIBERMAP 1248 R-10C3 APOGEE 1 1 0 1 0 0 -120.64603685569269 -210.22566139495314 143.1 218.8192222900717 -104.22578602460811 15.85574 34.21756 176.1297813462627 -8.209567180816727 -85.44138 -7.686808 8.838666 176.12953629435825 -8.209600324548592 176.12720090528012 -8.363322179718251 64.49453706204463 39.073040163594214 16000.0 16600.0 2016.0 2 284 {-999.0 11.811969 11.158511 10.926739 -999.0} sdss_psfmag_gaia 11.648361 11.201324 10.590274 9.501 63050395164251175 1076274601 bright_1x1 mwm_snc_ext_main_apogee mwm_snc science 0 0 0.0 0.0 -999 ""
FIBERMAP 1248 R-10C3 BOSS 0 0 0 1 0 0 -121.10296038258443 -210.83366848761418 143.1 219.46033461344075 -104.63489881501204 15.85574 34.21756 -999.0 -999.0 -999.0 -999.0 -999.0 176.1315644845377 -8.210753552708438 176.1291717727172 -8.364560627377998 64.4944790814025 39.078403002059986 -999.0 5400.0 -999.0 1 465 {-999.0 -999.0 -999.0 -999.0 -999.0} "" -999.0 -999.0 -999.0 -999.0 -999 -999 "" "" "" "" 0 0 0.0 0.0 -999 ""
FIBERMAP 1248 R-10C3 METROLOGY 0 0 0 1 0 0 -121.3828044925037 -210.13329237058198 143.1 218.78341928217662 -104.96742325909973 15.85574 34.21756 -999.0 -999.0 -999.0 -999.0 -999.0 176.12952711078614 -8.2118100627453 176.12715002595587 -8.365592427936988 64.49645036355165 39.07588060844597 -999.0 6231.0 -999.0 -1 -999 {-999.0 -999.0 -999.0 -999.0 -999.0} "" -999.0 -999.0 -999.0 -999.0 -999 -999 "" "" "" "" 0 0 0.0 0.0 -999 ""
FIBERMAP 1250 R-9C17 APOGEE 0 0 0 1 0 0 176.88343022686996 -178.35162294062945 143.1 164.30749133464403 189.9849140142932 301.92728 146.90567 -999.0 -999.0 -999.0 -999.0 -999.0 175.96145948451255 -7.31960545755614 175.95925588592604 -7.47343226219944 63.84117805426489 37.634750853546905 -999.0 16600.0 -999.0 2 -999 {-999.0 -999.0 -999.0 -999.0 -999.0} "" -999.0 -999.0 -999.0 -999.0 -999 -999 "" "" "" "" 0 0 0.0 0.0 -999 ""
FIBERMAP 1250 R-9C17 BOSS 1 1 0 1 0 0 176.85650545653502 -179.12534949472393 143.1 165.0809775617578 190.0171847287487 301.92728 146.90567 175.9638977050781 -7.319415334222086 -999.0 -999.0 -999.0 175.96387852452855 -7.319412843173178 175.96161825351226 -7.47332898388696 63.839829509483124 37.63910117411348 5400.0 5400.0 2015.5 1 334 {-999.0 -999.0 -999.0 -999.0 -999.0} "" -999.0 -999.0 -999.0 -999.0 27021603139072416 811638710 "" ops_sky_boss_good ops_sky sky_boss 0 0 0.0 0.0 -999 ""
FIBERMAP 1250 R-9C17 METROLOGY 0 0 0 1 0 0 176.23406203895274 -178.72286298873473 143.1 164.72724313674635 189.36583813446347 301.92728 146.90567 -999.0 -999.0 -999.0 -999.0 -999.0 175.96282642707462 -7.321364058399687 175.96058177626458 -7.475254480240816 63.84200535932422 37.63948957570801 -999.0 6231.0 -999.0 -1 -999 {-999.0 -999.0 -999.0 -999.0 -999.0} "" -999.0 -999.0 -999.0 -999.0 -999 -999 "" "" "" "" 0 0 0.0 0.0 -999 ""
FIBERMAP 1255 R-8C3 APOGEE 0 0 0 1 0 0 -174.85392937174964 -150.148869080349 143.1 163.06250101468072 -162.86280183736926 205.06009 70.12215 -999.0 -999.0 -999.0 -999.0 -999.0 175.95947164553326 -8.38751016404367 175.95705907315937 -8.541164189295811 64.73596103601527 38.97785484194861 -999.0 16600.0 -999.0 2 282 {-999.0 -999.0 -999.0 -999.0 -999.0} "" -999.0 -999.0 -999.0 -999.0 -999 -999 "" "" "" "" 0 0 0.0 0.0 -999 ""
FIBERMAP 1255 R-8C3 BOSS 1 1 0 1 0 0 -174.91082958535972 -149.41346784405602 143.1 162.33363083844858 -162.97572043437302 205.06009 70.12215 175.95734650161768 -8.387806808864186 -999.0 -999.0 -999.0 175.95733030687842 -8.387802599490367 175.95486022015712 -8.541540160849767 64.73748295317795 38.97411064255084 5400.0 5400.0 2016.0 1 463 {-999.0 20.999495 19.442629 18.893543 -999.0} sdss_psfmag_ps1 20.320343 22.028704 18.368269 15.698 63050395164250796 1115908259 bright_1x1 openfibertargets_bhm_racsradio_boss open_fiber science 0 0 0.0 0.0 -999 ""
FIBERMAP 1255 R-8C3 METROLOGY 0 0 0 1 0 0 -174.2372951144058 -149.7440594276496 143.1 162.6117802803252 -162.27892752949847 205.06009 70.12215 -999.0 -999.0 -999.0 -999.0 -999.0 175.95819289659545 -8.385745637718484 175.9557395601414 -8.539459908132704 64.73527048916732 38.973092968972026 -999.0 6231.0 -999.0 -1 -999 {-999.0 -999.0 -999.0 -999.0 -999.0} "" -999.0 -999.0 -999.0 -999.0 -999 -999 "" "" "" "" 0 0 0.0 0.0 -999 ""
FIBERMAP 1257 R0C5 APOGEE 0 0 0 1 0 0 -203.37365710743094 13.53381033030814 143.1 2.0448668728477104 -203.8037987110998 102.3985 113.810074 -999.0 -999.0 -999.0 -999.0 -999.0 175.46676699980412 -8.51230873729997 175.46420013889224 -8.665822004500018 65.10872010403946 38.18099849285147 -999.0 16600.0 -999.0 2 278 {-999.0 -999.0 -999.0 -999.0 -999.0} "" -999.0 -999.0 -999.0 -999.0 -999 -999 "" "" "" "" 0 0 0.0 0.0 -999 ""
FIBERMAP 1257 R0C5 BOSS 1 1 0 1 0 0 -202.71103896352608 13.866161288098573 143.1 1.6628763400523672 -203.16854095069138 102.3985 113.810074 175.46575715107164 -8.510306900769494 -38.215485 -18.936789 4.386435 175.46565196301944 -8.510364279983357 175.4630302119108 -8.6639608752423 65.10779419944218 38.176280107451134 5400.0 5400.0 2016.0 1 452 {-999.0 19.47538 18.129433 16.736334 -999.0} sdss_psfmag_ps1 18.99039 17.42647 16.226671 13.996 63050395164319444 1077939879 bright_flexible_2x1 mwm_snc_ext_main_boss mwm_snc science 0 0 0.0 0.0 -999 ""
FIBERMAP 1257 R0C5 METROLOGY 0 0 0 1 0 0 -202.75118082948916 13.121484398539119 143.1 2.4084089961251016 -203.151667585955 102.3985 113.810074 -999.0 -999.0 -999.0 -999.0 -999.0 175.46792067332996 -8.51036527845765 175.46531510742716 -8.663938847152687 65.10654069926102 38.18074465712965 -999.0 6231.0 -999.0 -1 -999 {-999.0 -999.0 -999.0 -999.0 -999.0} "" -999.0 -999.0 -999.0 -999.0 -999 -999 "" "" "" "" 0 0 0.0 0.0 -999 ""
FIBERMAP 1258 R-12C12 APOGEE 0 0 0 1 0 0 96.67839422067647 -215.13325483368436 143.1 207.1078628304744 112.82828720959803 111.7992 65.64557 -999.0 -999.0 -999.0 -999.0 -999.0 176.09269316247 -7.5527000125341255 176.09047284969301 -7.706519489091596 63.966574577481225 38.17043116061711 -999.0 16600.0 -999.0 2 -999 {-999.0 -999.0 -999.0 -999.0 -999.0} "" -999.0 -999.0 -999.0 -999.0 -999 -999 "" "" "" "" 0 0 0.0 0.0 -999 ""
FIBERMAP 1258 R-12C12 BOSS 1 1 0 1 0 0 97.45199092052607 -215.1837418722868 143.1 207.09909434061242 113.60344421142406 111.7992 65.64557 176.09272780013436 -7.550264323139206 -999.0 -999.0 -999.0 176.09274095272545 -7.550254390477947 176.09046347547496 -7.70416206837541 63.964603618523014 38.167484359646096 5400.0 5400.0 2016.0 1 428 {-999.0 18.842619 17.938103 17.479952 17.137726} sdss_fiber2mag_from_lsdr10 nan nan nan -999.0 63050398306333743 1058918175 dark_flexible_2x1 bhm_spiders_agn_lsdr10 bhm_spiders science 0 0 0.0 0.0 -999 ""
FIBERMAP 1258 R-12C12 METROLOGY 0 0 0 1 0 0 97.0252217498634 -215.79598319568058 143.1 207.74212441875642 113.22471974860697 111.7992 65.64557 -999.0 -999.0 -999.0 -999.0 -999.0 176.0947175950197 -7.55140739350485 176.09245665845083 -7.7052904562615705 63.964472265679404 38.172658304214394 -999.0 6231.0 -999.0 -1 -999 {-999.0 -999.0 -999.0 -999.0 -999.0} "" -999.0 -999.0 -999.0 -999.0 -999 -999 "" "" "" "" 0 0 0.0 0.0 -999 ""
FIBERMAP 1259 R+6C4 APOGEE 0 0 0 1 0 0 -148.00423173659254 110.90631836671824 143.1 -99.2689328609763 -156.03840079407271 304.43073 138.34915 -999.0 -999.0 -999.0 -999.0 -999.0 175.1563699271664 -8.367772022430982 175.1537549896126 -8.521226773149072 65.1535111905427 37.38121322182866 -999.0 16600.0 -999.0 2 -999 {-999.0 -999.0 -999.0 -999.0 -999.0} "" -999.0 -999.0 -999.0 -999.0 -999 -999 "" "" "" "" 0 0 0.0 0.0 -999 ""
FIBERMAP 1259 R+6C4 BOSS 1 1 0 1 0 0 -148.06164270595949 110.16112054304334 143.1 -98.52156139504571 -156.0387054531717 304.43073 138.34915 175.15869240078746 -8.367757150553896 -999.0 -999.0 -999.0 175.15867764420622 -8.367746053614251 175.1560094043965 -8.52128519479794 65.15236351869217 37.38576428009867 5400.0 5400.0 2016.0 1 39 {-999.0 22.59683 21.87175 21.496689 21.30218} sdss_fiber2mag_from_lsdr10 nan nan nan -999.0 63050398306038322 1131656769 dark_flexible_3x1 bhm_spiders_agn_lsdr10_d3 bhm_spiders science 0 0 0.0 0.0 -999 ""
FIBERMAP 1259 R+6C4 METROLOGY 0 0 0 1 0 0 -148.69184678268698 110.61189729889084 143.1 -98.92284973575038 -156.701479213861 304.43073 138.34915 -999.0 -999.0 -999.0 -999.0 -999.0 175.15742400134084 -8.369790491946222 175.15477023892436 -8.523305225604307 65.15472567134549 37.385884876007026 -999.0 6231.0 -999.0 -1 -999 {-999.0 -999.0 -999.0 -999.0 -999.0} "" -999.0 -999.0 -999.0 -999.0 -999 -999 "" "" "" "" 0 0 0.0 0.0 -999 ""
FIBERMAP 1262 R-5C7 APOGEE 0 0 0 1 0 0 -91.21549309232812 -103.27678349532174 143.1 109.9393137595258 -83.05391730764072 312.6311 130.47174 -999.0 -999.0 -999.0 -999.0 -999.0 175.7973288044108 -8.14660161101688 175.79492367222088 -8.30025554768209 64.6237138892135 38.35410432225615 -999.0 16600.0 -999.0 2 293 {-999.0 -999.0 -999.0 -999.0 -999.0} "" -999.0 -999.0 -999.0 -999.0 -999 -999 "" "" "" "" 0 0 0.0 0.0 -999 ""
FIBERMAP 1262 R-5C7 BOSS 1 1 0 1 0 0 -91.33612877976523 -104.03012809677041 143.1 110.69963841189059 -83.11663650385977 312.6311 130.47174 175.79977141839024 -8.146740393217888 -0.1312758 -0.06878384 0.45330083 175.7997645168501 -8.146740785225765 175.79730358567758 -8.30048033421537 64.62261036418104 38.358986924572605 5400.0 5400.0 2016.0 1 482 {-999.0 19.184977 18.983006 18.809042 18.67708} sdss_psfmag_from_gaiadr2 19.239286 18.990957 18.557442 -999.0 63050395164329396 1130008358 dark_flexible_3x1 bhm_gua_dark_d3 bhm_filler science 0 0 0.0 0.0 -999 ""
FIBERMAP 1262 R-5C7 METROLOGY 0 0 0 1 0 0 -91.90991008590882 -103.56220387618797 143.1 110.27694261776641 -83.72446516280428 312.6311 130.47174 -999.0 -999.0 -999.0 -999.0 -999.0 175.79846697146226 -8.148619463421957 175.7960213171575 -8.302334289951117 64.624856502113 38.35888377903984 -999.0 6231.0 -999.0 -1 -999 {-999.0 -999.0 -999.0 -999.0 -999.0} "" -999.0 -999.0 -999.0 -999.0 -999 -999 "" "" "" "" 0 0 0.0 0.0 -999 ""
FIBERMAP 1263 R-7C13 APOGEE 0 0 0 1 0 0 45.993847416757795 -134.6271827340657 143.1 130.7133273075823 56.143283396946686 147.26901 139.89957 -999.0 -999.0 -999.0 -999.0 -999.0 175.86045748037844 -7.724274133995873 175.8581523988322 -7.878011258394201 64.23569664877945 37.941902115238236 -999.0 16600.0 -999.0 2 176 {-999.0 -999.0 -999.0 -999.0 -999.0} "" -999.0 -999.0 -999.0 -999.0 -999 -999 "" "" "" "" 0 0 0.0 0.0 -999 ""
FIBERMAP 1263 R-7C13 BOSS 1 1 0 1 0 0 45.758558077972026 -133.90185159249975 143.1 130.00812690512083 55.853274769503805 147.26901 139.89957 175.85839835050132 -7.725040628191661 -999.0 -999.0 -999.0 175.85842230885902 -7.725041377229888 175.85605991499358 -7.87886479616798 64.23753857174057 37.938962950142866 5400.0 5400.0 2016.0 1 419 {-999.0 21.634098 20.201311 19.637213 19.25889} sdss_fiber2mag_from_lsdr10 20.38524 21.284725 18.481848 16.152 63050395164330735 1128418815 dark_flexible_3x1 bhm_spiders_clusters_lsdr10_d3 bhm_spiders science 0 0 0.0 0.0 -999 ""
FIBERMAP 1263 R-7C13 METROLOGY 0 0 0 1 0 0 46.48833050094382 -134.0663035421806 143.1 130.116333257586 56.59344496033444 147.26901 139.89957 -999.0 -999.0 -999.0 -999.0 -999.0 175.85874667662864 -7.722814942238237 175.85640086740966 -7.876614177344052 64.23546499677698 37.93680518306104 -999.0 6231.0 -999.0 -1 -999 {-999.0 -999.0 -999.0 -999.0 -999.0} "" -999.0 -999.0 -999.0 -999.0 -999 -999 "" "" "" "" 0 0 0.0 0.0 -999 ""
FIBERMAP 1268 R0C1 APOGEE 0 0 0 1 0 0 -282.97540305762357 -8.7018181848314 143.1 30.296333843305003 -281.4702946460315 305.896 124.66067 -999.0 -999.0 -999.0 -999.0 -999.0 175.55320318299246 -8.745633467380353 175.55060864253483 -8.899131643169435 65.25663995023334 38.65658106224646 -999.0 16600.0 -999.0 2 254 {-999.0 -999.0 -999.0 -999.0 -999.0} "" -999.0 -999.0 -999.0 -999.0 -999 -999 "" "" "" "" 0 0 0.0 0.0 -999 ""
FIBERMAP 1268 R0C1 BOSS 1 1 0 1 0 0 -283.2321253164428 -9.382421942357261 143.1 30.994531157179107 -281.67425398892095 305.896 124.66067 175.55537958466383 -8.746109315381862 3.2307045 -8.581606 0.31879377 175.55539021833863 -8.746133737825096 175.5527408610177 -8.899714721283225 65.25596100308356 38.66154482947502 5400.0 5400.0 2016.0 1 524 {-999.0 18.444801 18.01549 17.947266 -999.0} sdss_psfmag_ps1 18.382029 18.051304 17.593971 -999.0 63050395164240098 944484396 bright_1x1 openfibertargets_nov2020_6c open_fiber science 0 0 0.0 0.0 -999 ""
FIBERMAP 1268 R0C1 METROLOGY 0 0 0 1 0 0 -283.69956230823664 -8.851499022944536 143.1 30.500898636348747 -282.1808674395065 305.896 124.66067 -999.0 -999.0 -999.0 -999.0 -999.0 175.5538705461737 -8.747732781779222 175.5512361035859 -8.901289790497009 65.25809541437559 38.660666250411964 -999.0 6231.0 -999.0 -1 -999 {-999.0 -999.0 -999.0 -999.0 -999.0} "" -999.0 -999.0 -999.0 -999.0 -999 -999 "" "" "" "" 0 0 0.0 0.0 -999 ""
FIBERMAP 1269 R+7C9 APOGEE 1 1 0 1 0 0 -17.81381007024615 138.10056176260437 143.1 -136.3294503997512 -28.312301758963724 29.42148 94.46435 175.04289784845713 -7.980640611768848 -32.453667 -5.5018897 2.972718 175.04278908928754 -7.980656456651338 175.0402374580051 -8.134142053494694 64.88556819084526 36.668231615395314 16000.0 16600.0 2016.0 2 139 {-999.0 12.617899 12.215078 12.091947 -999.0} sdss_psfmag_from_g3xp 12.541693 12.233381 11.759952 10.947 63050395164322005 974986731 "" ops_std_apogee ops_std standard_apogee 0 0 0.0 0.0 -999 ""
FIBERMAP 1269 R+7C9 BOSS 0 0 0 1 0 0 -17.39163612252218 137.47473032768286 143.1 -135.73773291966913 -27.843565592575832 29.42148 94.46435 -999.0 -999.0 -999.0 -999.0 -999.0 175.04458710072163 -7.979164456420532 175.0419826917265 -8.13273617363805 64.8834624320456 36.669942211606156 -999.0 5400.0 -999.0 1 136 {-999.0 -999.0 -999.0 -999.0 -999.0} "" -999.0 -999.0 -999.0 -999.0 -999 -999 "" "" "" "" 0 0 0.0 0.0 -999 ""
FIBERMAP 1269 R+7C9 METROLOGY 0 0 0 1 0 0 -18.137774891920422 137.43239015859982 143.1 -135.63851074632717 -28.584253858832927 29.42148 94.46435 -999.0 -999.0 -999.0 -999.0 -999.0 175.04485954417098 -7.981439188283667 175.04226983711123 -8.134986411359685 64.88522406303991 36.6733081111247 -999.0 6231.0 -999.0 -1 -999 {-999.0 -999.0 -999.0 -999.0 -999.0} "" -999.0 -999.0 -999.0 -999.0 -999 -999 "" "" "" "" 0 0 0.0 0.0 -999 ""
FIBERMAP 1273 R+2C9 APOGEE 0 0 0 1 0 0 -85.01381363579821 50.97034555433414 143.1 -44.3236299816856 -88.65569705919857 66.81364 118.45123 -999.0 -999.0 -999.0 -999.0 -999.0 175.32451873513767 -8.163976234871672 175.3219931696391 -8.31750816068809 64.89228216308153 37.454512256985765 -999.0 16600.0 -999.0 2 32 {-999.0 -999.0 -999.0 -999.0 -999.0} "" -999.0 -999.0 -999.0 -999.0 -999 -999 "" "" "" "" 0 0 0.0 0.0 -999 ""
FIBERMAP 1273 R+2C9 BOSS 1 1 0 1 0 0 -84.27874856389447 51.080561609107 143.1 -44.48968042138625 -87.93123557419626 66.81364 118.45123 175.3240398749546 -8.161733348086068 -999.0 -999.0 -999.0 175.3240382321854 -8.161743655610437 175.3214584799798 -8.315360548980442 64.89075540082047 37.45074079444481 5400.0 5400.0 2016.0 1 54 {-999.0 21.680723 20.274351 19.727512 19.359789} sdss_fiber2mag_from_lsdr10 20.090023 21.507994 18.538176 16.248 63050395164321540 1159087135 dark_flexible_3x1 bhm_colr_galaxies_lsdr10_d3 bhm_filler science 0 0 0.0 0.0 -999 ""
FIBERMAP 1273 R+2C9 METROLOGY 0 0 0 1 0 0 -84.55724433363855 50.37697145271176 143.1 -43.76690138791136 -88.15514752962771 66.81364 118.45123 -999.0 -999.0 -999.0 -999.0 -999.0 175.32623493901065 -8.162456377082695 175.32367102912337 -8.316049717724676 64.89015997322801 37.45596435277929 -999.0 6231.0 -999.0 -1 -999 {-999.0 -999.0 -999.0 -999.0 -999.0} "" -999.0 -999.0 -999.0 -999.0 -999 -999 "" "" "" "" 0 0 0.0 0.0 -999 ""
FIBERMAP 1275 R-6C7 APOGEE 0 0 0 1 0 0 -87.87029155241123 -100.66884838245767 143.1 107.08353694391381 -79.91790466729488 104.20824 93.55761 -999.0 -999.0 -999.0 -999.0 -999.0 175.78858948296835 -8.137113613136574 175.78618413712775 -8.290766954209898 64.6205189717074 38.32509162940954 -999.0 16600.0 -999.0 2 246 {-999.0 -999.0 -999.0 -999.0 -999.0} "" -999.0 -999.0 -999.0 -999.0 -999 -999 "" "" "" "" 0 0 0.0 0.0 -999 ""
FIBERMAP 1275 R-6C7 BOSS 1 1 0 1 0 0 -87.1636449017189 -100.43453954011672 143.1 106.79593346482244 -79.23125836109344 104.20824 93.55761 175.78764227925754 -8.134841617699001 -17.640356 -44.83602 0.67017156 175.78781795334376 -8.13498709216196 175.78535652453627 -8.28872567707609 64.61926025492257 38.32088360762742 5400.0 5400.0 2016.0 1 505 {-999.0 16.309805 16.160992 15.728111 -999.0} sdss_psfmag_ps1 16.281889 15.979445 15.50988 14.732 63050395164329418 1136357141 dark_flexible_3x1 mwm_halo_local_high_boss_triple mwm_halo science 0 0 0.8304532766342163 0.0 -999 ""
FIBERMAP 1275 R-6C7 METROLOGY 0 0 0 1 0 0 -87.31632192248854 -101.16447162749485 143.1 107.53536319837279 -79.32771254978424 104.20824 93.55761 -999.0 -999.0 -999.0 -999.0 -999.0 175.7900768344787 -8.135307414321511 175.78763185130776 -8.289022381659915 64.61827461173095 38.32565681822035 -999.0 6231.0 -999.0 -1 -999 {-999.0 -999.0 -999.0 -999.0 -999.0} "" -999.0 -999.0 -999.0 -999.0 -999 -999 "" "" "" "" 0 0 0.0 0.0 -999 ""
FIBERMAP 1278 R+2C4 APOGEE 0 0 0 1 0 0 -217.81826955644752 38.06827702356075 143.1 -21.313126834697496 -220.08004269381544 204.22066 93.39879 -999.0 -999.0 -999.0 -999.0 -999.0 175.39524755018556 -8.561343114098527 175.39265085875434 -8.714830188087063 65.1884101922563 38.10375921919734 -999.0 16600.0 -999.0 2 -999 {-999.0 -999.0 -999.0 -999.0 -999.0} "" -999.0 -999.0 -999.0 -999.0 -999 -999 "" "" "" "" 0 0 0.0 0.0 -999 ""
FIBERMAP 1278 R+2C4 BOSS 1 1 0 1 0 0 -218.175544417216 38.659039689111204 143.1 -21.874838204771233 -220.481393100338 204.22066 93.39879 175.39358176475355 -8.562515992753038 1.0143309 0.73426366 -1.5889018 175.39357875199298 -8.562510084453264 175.39092661389702 -8.716079584684476 65.19038741982257 38.10198173172415 5400.0 5400.0 2016.0 1 35 {-999.0 21.169643 20.839622 20.530634 20.27379} sdss_psfmag_from_gaiadr2 20.831207 20.919771 19.838146 -999.0 63050395164319482 1130008189 dark_flexible_3x1 bhm_gua_dark_d3 bhm_filler science 0 0 0.0 0.0 -999 ""
FIBERMAP 1278 R+2C4 METROLOGY 0 0 0 1 0 0 -217.4247737538017 38.704405367604814 143.1 -21.977430797300954 -219.7363178538279 204.22066 93.39879 -999.0 -999.0 -999.0 -999.0 -999.0 175.39324418399715 -8.560324456826299 175.390607959391 -8.71387069033108 65.18870863118099 38.09847919739127 -999.0 6231.0 -999.0 -1 -999 {-999.0 -999.0 -999.0 -999.0 -999.0} "" -999.0 -999.0 -999.0 -999.0 -999 -999 "" "" "" "" 0 0 0.0 0.0 -999 ""
FIBERMAP 1279 R-5C22 APOGEE 0 0 0 1 0 0 235.8679406631207 -110.1339288290456 143.1 91.78572848920275 243.58219677478255 272.13547 117.454926 -999.0 -999.0 -999.0 -999.0 -999.0 175.7400173646447 -7.157895303399207 175.7378009343082 -7.311695142375936 63.82192790812714 37.017840120523374 -999.0 16600.0 -999.0 2 236 {-999.0 -999.0 -999.0 -999.0 -999.0} "" -999.0 -999.0 -999.0 -999.0 -999 -999 "" "" "" "" 0 0 0.0 0.0 -999 ""
FIBERMAP 1279 R-5C22 BOSS 1 1 0 1 0 0 235.23420144824547 -110.52667146113882 143.1 92.22572491560263 242.9803463358131 272.13547 117.454926 175.74142456054688 -7.159608060661853 -999.0 -999.0 -999.0 175.74142245954093 -7.159610018096383 175.73914955015005 -7.3134992394655995 63.8227467489517 37.02258063627596 5400.0 5400.0 2015.5 1 346 {-999.0 -999.0 -999.0 -999.0 -999.0} "" -999.0 -999.0 -999.0 -999.0 27021603139074221 820037444 "" ops_sky_boss_good ops_sky sky_boss 0 0 0.0 0.0 -999 ""
FIBERMAP 1279 R-5C22 METROLOGY 0 0 0 1 0 0 235.22207437904984 -109.77140853425341 143.1 91.47363119362238 242.91055042962464 272.13547 117.454926 -999.0 -999.0 -999.0 -999.0 -999.0 175.73913358594638 -7.159796346111182 175.73687617369478 -7.313659661873799 63.824079697958936 37.018441852996204 -999.0 6231.0 -999.0 -1 -999 {-999.0 -999.0 -999.0 -999.0 -999.0} "" -999.0 -999.0 -999.0 -999.0 -999 -999 "" "" "" "" 0 0 0.0 0.0 -999 ""
FIBERMAP 1282 R+11C4 APOGEE 0 0 0 1 0 0 -99.82175337378204 221.7924782399381 143.1 -213.50714843862193 -116.47110157241076 30.819134 158.83057 -999.0 -999.0 -999.0 -999.0 -999.0 174.80754438098708 -8.247016473618993 174.80486973730922 -8.400393850680686 65.23458688698946 36.53140852152859 -999.0 16600.0 -999.0 2 148 {-999.0 -999.0 -999.0 -999.0 -999.0} "" -999.0 -999.0 -999.0 -999.0 -999 -999 "" "" "" "" 0 0 0.0 0.0 -999 ""
FIBERMAP 1282 R+11C4 BOSS 1 1 0 1 0 0 -99.11551994355602 221.923802930862 143.1 -213.69204199244356 -115.77699889428716 30.819134 158.83057 174.80702413421332 -8.24484746824685 0.02978381 -0.23696876 0.47408196 174.80700944504613 -8.244844371140836 174.80428259858115 -8.398306064437563 65.23311709581932 36.52760712629686 5400.0 5400.0 2016.0 1 151 {-999.0 20.597946 19.87835 19.38622 18.898748} sdss_psfmag_from_gaiadr2 20.791254 20.113276 19.108738 -999.0 63050395164321090 1130008213 dark_flexible_3x1 bhm_gua_dark_d3 bhm_filler science 0 0 0.0 0.0 -999 ""
FIBERMAP 1282 R+11C4 METROLOGY 0 0 0 1 0 0 -99.35316000965346 221.22495123918847 143.1 -212.9771088784623 -115.96053849764928 30.819134 158.83057 -999.0 -999.0 -999.0 -999.0 -999.0 174.80913299166627 -8.245451874744889 174.80642143318767 -8.39889023455766 65.23250052643215 36.53263582650345 -999.0 6231.0 -999.0 -1 -999 {-999.0 -999.0 -999.0 -999.0 -999.0} "" -999.0 -999.0 -999.0 -999.0 -999 -999 "" "" "" "" 0 0 0.0 0.0 -999 ""
FIBERMAP 1283 R+3C24 APOGEE 0 0 0 1 0 0 261.5878812194849 36.251445554419206 143.1 -56.130071468892 258.0413880269836 1.1169698 9.742136 -999.0 -999.0 -999.0 -999.0 -999.0 175.28912103638274 -7.114421529523549 175.28682415378069 -7.268113322005539 64.01974960445389 36.09980570781556 -999.0 16600.0 -999.0 2 85 {-999.0 -999.0 -999.0 -999.0 -999.0} "" -999.0 -999.0 -999.0 -999.0 -999 -999 "" "" "" "" 0 0 0.0 0.0 -999 ""
FIBERMAP 1283 R+3C24 BOSS 1 1 0 1 0 0 260.8632982209689 36.103173255790054 143.1 -55.926878656974324 257.33028512630625 1.1169698 9.742136 175.29010494393194 -7.117487971988026 -6.518717 1.1778487 1.4739527 175.28979024849545 -7.116462931307242 175.28743832912915 -7.270243841712548 64.02125368799904 36.103520524223995 5400.0 5400.0 2016.0 1 258 {-999.0 19.468685 18.055088 17.482542 -999.0} sdss_psfmag_ps1 18.851004 17.955647 17.041538 15.099 63050395164337924 938475680 bright_1x1 openfibertargets_nov2020_34a open_fiber science 0 0 0.0 0.0 -999 ""
FIBERMAP 1283 R+3C24 METROLOGY 0 0 0 1 0 0 261.0716922257088 36.81470119079131 143.1 -56.65221586794149 257.4836969992904 1.1169698 9.742136 -999.0 -999.0 -999.0 -999.0 -999.0 175.287555150812 -7.11598382041942 175.28521840565463 -7.269738918078039 64.02196605449129 36.09862596469395 -999.0 6231.0 -999.0 -1 -999 {-999.0 -999.0 -999.0 -999.0 -999.0} "" -999.0 -999.0 -999.0 -999.0 -999 -999 "" "" "" "" 0 0 0.0 0.0 -999 ""
FIBERMAP 1284 R+4C21 APOGEE 0 0 0 1 0 0 192.0668494093422 74.63216841356449 143.1 -89.08516708967282 185.79436221016329 168.79738 141.93903 -999.0 -999.0 -999.0 -999.0 -999.0 175.18815370354358 -7.332005464721814 175.18578673172 -7.485634971620217 64.25765599558835 36.16286097524346 -999.0 16600.0 -999.0 2 116 {-999.0 -999.0 -999.0 -999.0 -999.0} "" -999.0 -999.0 -999.0 -999.0 -999 -999 "" "" "" "" 0 0 0.0 0.0 -999 ""
FIBERMAP 1284 R+4C21 BOSS 1 1 0 1 0 0 191.56266625433796 75.18056203467916 143.1 -89.5934108941781 185.24977688376413 168.79738 141.93903 175.18661499023438 -7.333518706673885 -999.0 -999.0 -999.0 175.1866301803544 -7.333515535473532 175.1842082804859 -7.487232657421659 64.25983474755387 36.16169859845422 5400.0 5400.0 2015.5 1 201 {-999.0 -999.0 -999.0 -999.0 -999.0} "" -999.0 -999.0 -999.0 -999.0 27021603139073904 811638963 "" ops_sky_boss_good ops_sky sky_boss 0 0 0.0 0.0 -999 ""
FIBERMAP 1284 R+4C21 METROLOGY 0 0 0 1 0 0 192.2924820199115 75.3388215359192 143.1 -89.80696105556002 185.96533395473085 168.79738 141.93903 -999.0 -999.0 -999.0 -999.0 -999.0 175.18595547658543 -7.331356089655924 175.18354931177794 -7.485048371501098 64.25830957139695 36.15779661437392 -999.0 6231.0 -999.0 -1 -999 {-999.0 -999.0 -999.0 -999.0 -999.0} "" -999.0 -999.0 -999.0 -999.0 -999 -999 "" "" "" "" 0 0 0.0 0.0 -999 ""
FIBERMAP 1288 R-12C5 APOGEE 0 0 0 1 0 0 -69.56233237101432 -250.85056289861797 143.1 255.42051192833364 -50.189876902346406 298.59735 75.70334 -999.0 -999.0 -999.0 -999.0 -999.0 176.24068830141385 -8.045761518146751 176.238410429802 -8.199534780380299 64.29721181278165 39.07342522905907 -999.0 16600.0 -999.0 2 -999 {-999.0 -999.0 -999.0 -999.0 -999.0} "" -999.0 -999.0 -999.0 -999.0 -999 -999 "" "" "" "" 0 0 0.0 0.0 -999 ""
FIBERMAP 1288 R-12C5 BOSS 1 1 0 1 0 0 -70.26569071226173 -251.04062638992337 143.1 255.66375019820316 -50.87662516975346 298.59735 75.70334 176.24138138592724 -8.047569252968568 -64.85855 -70.09431 11.377915 176.24149042822984 -8.0477508182607 176.23915431872547 -8.201609646844915 64.29852507578111 39.07749969611075 5400.0 5400.0 2016.0 1 427 {-999.0 17.635025 16.213276 14.912545 -999.0} sdss_psfmag_ps1 17.046436 15.54723 14.355068 12.15 63050395164251888 1151078088 bright_1x1 mwm_snc_100pc_boss_single mwm_snc science 0 0 1.0544582605361938 0.0 -999 ""
FIBERMAP 1288 R-12C5 METROLOGY 0 0 0 1 0 0 -70.087605586596 -250.31803471552473 143.1 254.92969780922127 -50.75427748777755 298.59735 75.70334 -999.0 -999.0 -999.0 -999.0 -999.0 176.2392965083806 -8.047422621486536 176.2369763931306 -8.201256724804697 64.29943247200293 39.07291801306326 -999.0 6231.0 -999.0 -1 -999 {-999.0 -999.0 -999.0 -999.0 -999.0} "" -999.0 -999.0 -999.0 -999.0 -999 -999 "" "" "" "" 0 0 0.0 0.0 -999 ""
FIBERMAP 1292 R-8C6 APOGEE 0 0 0 1 0 0 -98.35449126002025 -161.80262189738346 143.1 168.83681303112257 -85.70012931462492 197.55981 134.84259 -999.0 -999.0 -999.0 -999.0 -999.0 175.97731537182977 -8.154139736980614 175.97495300280264 -8.307835331851123 64.53196786539905 38.71025062782792 -999.0 16600.0 -999.0 2 -999 {-999.0 -999.0 -999.0 -999.0 -999.0} "" -999.0 -999.0 -999.0 -999.0 -999 -999 "" "" "" "" 0 0 0.0 0.0 -999 ""
FIBERMAP 1292 R-8C6 BOSS 1 1 0 1 0 0 -99.04988391888526 -161.46252722643322 143.1 168.55085876544734 -86.41944157302756 197.55981 134.84259 175.976565605499 -8.156255037571185 -5.7506514 -4.987473 1.4764003 175.97655293037286 -8.156262504454324 175.97413292348483 -8.310042676545992 64.53425592557018 38.711515135317086 5400.0 5400.0 2016.0 1 363 {-999.0 20.566872 19.293867 18.187483 -999.0} sdss_psfmag_ps1 20.105448 18.833029 17.784506 15.694 63050395164329457 1095562557 bright_1x1 mwm_bin_vis_boss mwm_filler science 0 0 0.0 0.0 -999 ""
FIBERMAP 1292 R-8C6 METROLOGY 0 0 0 1 0 0 -98.39593629457492 -161.05577484081374 143.1 168.09535018931024 -85.79851312714842 197.55981 134.84259 -999.0 -999.0 -999.0 -999.0 -999.0 175.97517037938903 -8.154422411800278 175.9727665585433 -8.308178444884346 64.53344950644882 38.70649840121018 -999.0 6231.0 -999.0 -1 -999 {-999.0 -999.0 -999.0 -999.0 -999.0} "" -999.0 -999.0 -999.0 -999.0 -999 -999 "" "" "" "" 0 0 0.0 0.0 -999 ""
FIBERMAP 1293 R+1C5 APOGEE 0 0 0 1 0 0 -201.89028034038634 34.82875903272719 143.1 -19.300184723950164 -203.95183850812668 170.09271 64.06688 -999.0 -999.0 -999.0 -999.0 -999.0 175.40138421424498 -8.512754150430661 175.3988000027697 -8.666250529394931 65.14438153847576 38.05277992309891 -999.0 16600.0 -999.0 2 39 {-999.0 -999.0 -999.0 -999.0 -999.0} "" -999.0 -999.0 -999.0 -999.0 -999 -999 "" "" "" "" 0 0 0.0 0.0 -999 ""
FIBERMAP 1293 R+1C5 BOSS 1 1 0 1 0 0 -201.47705840881744 35.4341430276783 143.1 -19.935342777016643 -203.58609713274004 170.09271 64.06688 175.39947509765625 -8.511635423232832 -999.0 -999.0 -999.0 175.39948764706025 -8.51162030516685 175.39684841314113 -8.665199639164362 65.1445524669703 38.04756905013164 5400.0 5400.0 2015.5 1 65 {-999.0 -999.0 -999.0 -999.0 -999.0} "" -999.0 -999.0 -999.0 -999.0 27021603139061374 811637138 "" ops_sky_boss_good ops_sky sky_boss 0 0 0.0 0.0 -999 ""
FIBERMAP 1293 R+1C5 METROLOGY 0 0 0 1 0 0 -201.13374817467 34.787345651644195 143.1 -19.316696135568726 -203.19438863015802 170.09271 64.06688 -999.0 -999.0 -999.0 -999.0 -999.0 175.40136375486233 -8.510493026288799 175.39874078503487 -8.664049432238961 65.14256830202274 38.0498081636631 -999.0 6231.0 -999.0 -1 -999 {-999.0 -999.0 -999.0 -999.0 -999.0} "" -999.0 -999.0 -999.0 -999.0 -999 -999 "" "" "" "" 0 0 0.0 0.0 -999 ""
FIBERMAP 1294 R+13C4 APOGEE 0 0 0 1 0 0 -71.02945348632132 254.5955255575945 143.1 -248.4126283770396 -90.2705692285602 301.25204 171.15451 -999.0 -999.0 -999.0 -999.0 -999.0 174.70141641800615 -8.167398639823052 174.69873528529808 -8.320758247697501 65.22181363884768 36.21836201416369 -999.0 16600.0 -999.0 2 53 {-999.0 -999.0 -999.0 -999.0 -999.0} "" -999.0 -999.0 -999.0 -999.0 -999 -999 "" "" "" "" 0 0 0.0 0.0 -999 ""
FIBERMAP 1294 R+13C4 BOSS 1 1 0 1 0 0 -70.81857693536804 253.8741149521104 143.1 -247.70947164297695 -90.00520044171176 301.25204 171.15451 174.7033603469769 -8.166511181601713 -34.62588 -5.4089656 1.1010004 174.7035987251424 -8.166522016116206 174.7008661174691 -8.319966805596119 65.22003763996474 36.22166599364755 5400.0 5400.0 2016.0 1 90 {-999.0 14.407412 14.022179 13.901669 -999.0} sdss_psfmag_from_g3xp 14.343572 14.039168 13.570118 12.744 63050395164321234 1135975671 dark_flexible_3x1 mwm_halo_local_high_boss_triple mwm_halo science 0 0 1.3534177541732788 0.0 -999 ""
FIBERMAP 1294 R+13C4 METROLOGY 0 0 0 1 0 0 -71.5630832838339 254.06222767448313 143.1 -247.84014278489255 -90.76186857708022 301.25204 171.15451 -999.0 -999.0 -999.0 -999.0 -999.0 174.7031437156424 -8.168847281354902 174.70042520807476 -8.322267640775069 65.22222761316395 36.223645324899394 -999.0 6231.0 -999.0 -1 -999 {-999.0 -999.0 -999.0 -999.0 -999.0} "" -999.0 -999.0 -999.0 -999.0 -999 -999 "" "" "" "" 0 0 0.0 0.0 -999 ""
FIBERMAP 1295 R-12C3 APOGEE 0 0 0 1 0 0 -118.94076116926672 -219.29053512407188 143.1 227.72688979373842 -101.83298445856494 133.06903 100.81567 -999.0 -999.0 -999.0 -999.0 -999.0 176.156616570965 -8.20224387544871 176.15428927788457 -8.35597306255184 64.4734975561937 39.1151872600085 -999.0 16600.0 -999.0 2 -999 {-999.0 -999.0 -999.0 -999.0 -999.0} "" -999.0 -999.0 -999.0 -999.0 -999 -999 "" "" "" "" 0 0 0.0 0.0 -999 ""
FIBERMAP 1295 R-12C3 BOSS 1 1 0 1 0 0 -118.50528020152862 -218.64481826663834 143.1 227.04981796956557 -101.44813172028375 133.06903 100.81567 176.15449917353135 -8.201081718003518 -41.831585 19.683525 1.2781861 176.15463544224897 -8.201013018789645 176.15225018918466 -8.354826952014983 64.47367103774974 39.10981796321198 5400.0 5400.0 2016.0 1 425 {-999.0 16.423115 15.57297 15.331466 -999.0} sdss_psfmag_ps1 16.150455 15.625746 14.953968 13.649 63050395164251176 1136356877 dark_flexible_3x1 mwm_halo_local_high_boss_triple mwm_halo science 0 0 0.9400386810302734 0.0 -999 ""
FIBERMAP 1295 R-12C3 METROLOGY 0 0 0 1 0 0 -118.1973761002112 -219.37346193458225 143.1 227.7527730291693 -101.085470861044 133.06903 100.81567 -999.0 -999.0 -999.0 -999.0 -999.0 176.15679560973413 -8.199948481936483 176.15442743611834 -8.353738992322468 64.47156681085585 39.11255990040593 -999.0 6231.0 -999.0 -1 -999 {-999.0 -999.0 -999.0 -999.0 -999.0} "" -999.0 -999.0 -999.0 -999.0 -999 -999 "" "" "" "" 0 0 0.0 0.0 -999 ""
FIBERMAP 1297 R+11C13 APOGEE 1 1 0 1 0 0 112.57901069779352 204.44588159593732 143.1 -212.44025450763505 96.62431011590171 335.28168 104.171585 174.811541687438 -7.602023904326801 -10.470849 -2.6232886 0.5238759 174.81150269484135 -7.602034511957483 174.80898987377645 -7.755516111374926 64.6819703920546 35.746026626596404 16000.0 16600.0 2016.0 2 123 {-999.0 13.483022 15.278571 14.074585 -999.0} sdss_psfmag_ps1 13.499885 12.946933 12.243393 10.757 63050395164327367 1103864577 bright_flexible_2x1 mwm_tess_rgb_apogee mwm_tessrgb science 0 0 0.0 0.0 -999 ""
FIBERMAP 1297 R+11C13 BOSS 0 0 0 1 0 0 112.45384814012542 203.72270883929315 143.1 -211.70966623938327 96.55477225222347 335.28168 104.171585 -999.0 -999.0 -999.0 -999.0 -999.0 174.81374290632704 -7.602141163413263 174.81117776818962 -7.755710296458989 64.6810189865808 35.75060423086444 -999.0 5400.0 -999.0 1 104 {-999.0 -999.0 -999.0 -999.0 -999.0} "" -999.0 -999.0 -999.0 -999.0 -999 -999 "" "" "" "" 0 0 0.0 0.0 -999 ""
FIBERMAP 1297 R+11C13 METROLOGY 0 0 0 1 0 0 111.87682442212144 204.17514210726705 143.1 -212.11666934710513 95.94489437469826 335.28168 104.171585 -999.0 -999.0 -999.0 -999.0 -999.0 174.81244992177574 -7.603995955443923 174.80989899889846 -7.757539785604822 64.68323985418856 35.750271539981156 -999.0 6231.0 -999.0 -1 -999 {-999.0 -999.0 -999.0 -999.0 -999.0} "" -999.0 -999.0 -999.0 -999.0 -999 -999 "" "" "" "" 0 0 0.0 0.0 -999 ""
FIBERMAP 1298 R+9C18 APOGEE 0 0 0 1 0 0 176.45570903669332 178.90029079514315 143.1 -191.8509310358092 162.263111578827 174.63829 105.40808 -999.0 -999.0 -999.0 -999.0 -999.0 174.87491116024955 -7.403657818818096 174.87246109403827 -7.557189359100069 64.47955696754332 35.633826995339575 -999.0 16600.0 -999.0 2 102 {-999.0 -999.0 -999.0 -999.0 -999.0} "" -999.0 -999.0 -999.0 -999.0 -999 -999 "" "" "" "" 0 0 0.0 0.0 -999 ""
FIBERMAP 1298 R+9C18 BOSS 1 1 0 1 0 0 176.36058305183516 179.6280411296678 143.1 -192.5692524400372 162.1126652737489 174.63829 105.40808 174.8727858781491 -7.404019660095918 -999.0 -999.0 -999.0 174.8727677569064 -7.404019179891745 174.87026408532995 -7.557637861804935 64.48106098499757 35.630025381526366 5400.0 5400.0 2016.0 1 176 {-999.0 22.111578 20.673567 20.123255 19.75473} sdss_fiber2mag_from_lsdr10 nan nan nan -999.0 63050399012225761 1067847417 dark_flexible_2x2 bhm_colr_galaxies_lsdr10 bhm_filler science 0 0 0.0 0.0 -999 ""
FIBERMAP 1298 R+9C18 METROLOGY 0 0 0 1 0 0 177.0476113274806 179.3466779002206 143.1 -192.3412161512493 162.8191506891663 174.63829 105.40808 -999.0 -999.0 -999.0 -999.0 -999.0 174.87342185199202 -7.401882760031913 174.87093387803156 -7.555477095267452 64.4788661446105 35.628770148177466 -999.0 6231.0 -999.0 -1 -999 {-999.0 -999.0 -999.0 -999.0 -999.0} "" -999.0 -999.0 -999.0 -999.0 -999 -999 "" "" "" "" 0 0 0.0 0.0 -999 ""
FIBERMAP 1299 R+7C16 APOGEE 1 1 0 1 0 0 137.26710053046182 152.51533351153677 143.1 -162.55016751138797 125.20677554299697 120.91008 26.55196 174.9636260271381 -7.515406077213472 -13.260056 2.5209649 2.5008094 174.96358903205126 -7.515397695471316 174.9611309023934 -7.668936086377943 64.52993725041576 35.94268078377496 16000.0 16600.0 2016.0 2 62 {-999.0 10.636726 10.077796 9.888157 -999.0} sdss_psfmag_from_g3xp 10.503971 10.112594 9.551084 8.482 63050395164336992 1103607315 bright_1x1 mwm_tess_2min_apogee mwm_planet science 0 0 0.0 0.0 -999 ""
FIBERMAP 1299 R+7C16 BOSS 0 0 0 1 0 0 137.8741598960104 152.09054042211721 143.1 -162.17301734159446 125.84448807060245 120.91008 26.55196 -999.0 -999.0 -999.0 -999.0 -999.0 174.96475583835272 -7.513347974929225 174.9622450783853 -7.666974394747409 64.52768726934399 35.942514634971076 -999.0 5400.0 -999.0 1 209 {-999.0 -999.0 -999.0 -999.0 -999.0} "" -999.0 -999.0 -999.0 -999.0 -999 -999 "" "" "" "" 0 0 0.0 0.0 -999 ""
FIBERMAP 1299 R+7C16 METROLOGY 0 0 0 1 0 0 137.22190073296971 151.7744261253256 143.1 -161.8080067211799 125.21831799123095 120.91008 26.55196 -999.0 -999.0 -999.0 -999.0 -999.0 174.96582251454095 -7.515246374058772 174.96332665380635 -7.668848018540824 64.52873477786466 35.94690319044048 -999.0 6231.0 -999.0 -1 -999 {-999.0 -999.0 -999.0 -999.0 -999.0} "" -999.0 -999.0 -999.0 -999.0 -999 -999 "" "" "" "" 0 0 0.0 0.0 -999 ""
FIBERMAP 1305 R+6C10 APOGEE 0 0 0 1 0 0 -20.315815888724973 99.43930718502692 143.1 -97.5918328758523 -27.853017119595272 305.2367 85.33896 -999.0 -999.0 -999.0 -999.0 -999.0 175.16128824194462 -7.979379480826034 175.15876528955755 -8.132897520739968 64.82244497133054 36.90101904908494 -999.0 16600.0 -999.0 2 -999 {-999.0 -999.0 -999.0 -999.0 -999.0} "" -999.0 -999.0 -999.0 -999.0 -999 -999 "" "" "" "" 0 0 0.0 0.0 -999 ""
FIBERMAP 1305 R+6C10 BOSS 1 1 0 1 0 0 -20.95446484203974 99.06438050789144 143.1 -97.1692243803556 -28.46112392223411 305.2367 85.33896 175.16259537428544 -7.98119232335343 -0.9633462 -2.322955 0.070668235 175.162581056499 -7.981156354899134 175.16000399182883 -8.134759896719835 64.82337331204411 36.90578468874742 5400.0 5400.0 2016.0 1 133 {-999.0 18.072582 17.467527 17.186474 -999.0} sdss_psfmag_ps1 17.962809 17.503431 16.889622 15.58 63050395164322022 943880779 bright_1x1 openfibertargets_nov2020_6a open_fiber science 0 0 0.0 0.0 -999 ""
FIBERMAP 1305 R+6C10 METROLOGY 0 0 0 1 0 0 -20.970470890354296 99.80114284611882 143.1 -97.90257608053282 -28.53337377687142 305.2367 85.33896 -999.0 -999.0 -999.0 -999.0 -999.0 175.16031089565422 -7.981400826725743 175.15774854186816 -8.13497950374746 64.82474382203195 36.90160916013804 -999.0 6231.0 -999.0 -1 -999 {-999.0 -999.0 -999.0 -999.0 -999.0} "" -999.0 -999.0 -999.0 -999.0 -999 -999 "" "" "" "" 0 0 0.0 0.0 -999 ""
FIBERMAP 1307 R+1C13 APOGEE 0 0 0 1 0 0 -27.053626733563817 32.16213635752895 143.1 -29.99963927017855 -29.430599308682808 194.90652 49.934536 -999.0 -999.0 -999.0 -999.0 -999.0 175.3683972334889 -7.98425626045169 175.36592271995096 -8.137828418280286 64.71732279394263 37.314268615689286 -999.0 16600.0 -999.0 2 11 {-999.0 -999.0 -999.0 -999.0 -999.0} "" -999.0 -999.0 -999.0 -999.0 -999 -999 "" "" "" "" 0 0 0.0 0.0 -999 ""
FIBERMAP 1307 R+1C13 BOSS 1 1 0 1 0 0 -26.754119495621598 32.85050071408993 143.1 -30.70884306772932 -29.184574969075758 194.90652 49.934536 175.36626560710218 -7.983422755920869 -6.2077165 -7.367756 0.3772887 175.36625769701183 -7.983442128559073 175.3637280797608 -8.137099389385426 64.71787039600245 37.30905833003982 5400.0 5400.0 2016.0 1 13 {-999.0 18.00724 17.557999 17.208216 -999.0} sdss_psfmag_ps1 17.880877 17.484137 16.940931 15.773 63050395164331184 944484700 bright_1x1 openfibertargets_nov2020_6c open_fiber science 0 0 0.0 0.0 -999 ""
FIBERMAP 1307 R+1C13 METROLOGY 0 0 0 1 0 0 -26.308709532624434 32.248846092981026 143.1 -30.1430059280878 -28.69451898055951 194.90652 49.934536 -999.0 -999.0 -999.0 -999.0 -999.0 175.36797472138073 -7.981980580004627 175.36546135872936 -8.13561428946167 64.71569739805336 37.310589549233725 -999.0 6231.0 -999.0 -1 -999 {-999.0 -999.0 -999.0 -999.0 -999.0} "" -999.0 -999.0 -999.0 -999.0 -999 -999 "" "" "" "" 0 0 0.0 0.0 -999 ""
FIBERMAP 1310 R+2C13 APOGEE 0 0 0 1 0 0 -3.012073919326392 47.236328738348234 143.1 -46.86593331002134 -6.612158044882337 64.55412 153.01099 -999.0 -999.0 -999.0 -999.0 -999.0 175.31669206183275 -7.914961641447203 175.31422082009954 -8.068531376349645 64.68609428214845 37.126376207762405 -999.0 16600.0 -999.0 2 -999 {-999.0 -999.0 -999.0 -999.0 -999.0} "" -999.0 -999.0 -999.0 -999.0 -999 -999 "" "" "" "" 0 0 0.0 0.0 -999 ""
FIBERMAP 1310 R+2C13 BOSS 1 1 0 1 0 0 -2.422100097249748 47.70603935941901 143.1 -47.37932534333068 -6.059823678749379 64.55412 153.01099 175.3151409729324 -7.913196552442625 0.22414292 -0.2972749 0.3246895 175.31514300137314 -7.913202226365128 175.3126171925802 -8.066857645252856 64.68552454808318 37.121147816920484 5400.0 5400.0 2016.0 1 110 {-999.0 19.768497 19.617243 19.485275 19.408056} sdss_psfmag_from_gaiadr2 19.694365 19.608437 19.178072 -999.0 63050395164331217 1130008388 dark_flexible_3x1 bhm_gua_dark_d3 bhm_filler science 0 0 0.0 0.0 -999 ""
FIBERMAP 1310 R+2C13 METROLOGY 0 0 0 1 0 0 -2.3141131929093106 46.96735096756515 143.1 -46.651080982107075 -5.895718935435553 64.55412 153.01099 -999.0 -999.0 -999.0 -999.0 -999.0 175.31735609593602 -7.912728890357949 175.31484638270842 -8.066360651942581 64.68392753662987 37.124895480563566 -999.0 6231.0 -999.0 -1 -999 {-999.0 -999.0 -999.0 -999.0 -999.0} "" -999.0 -999.0 -999.0 -999.0 -999 -999 "" "" "" "" 0 0 0.0 0.0 -999 ""
FIBERMAP 1311 R-8C9 APOGEE 0 0 0 1 0 0 -12.677542806195618 -156.0632493016837 143.1 156.56845088365603 -0.7160961638839938 324.9992 144.22417 -999.0 -999.0 -999.0 -999.0 -999.0 175.93971802523865 -7.896645994926659 175.93739704275959 -8.050374164786296 64.33741025829389 38.31011804560376 -999.0 16600.0 -999.0 2 -999 {-999.0 -999.0 -999.0 -999.0 -999.0} "" -999.0 -999.0 -999.0 -999.0 -999 -999 "" "" "" "" 0 0 0.0 0.0 -999 ""
FIBERMAP 1311 R-8C9 BOSS 1 1 0 1 0 0 -12.438171523276676 -156.7655955250785 143.1 157.25042274315112 -0.42377384481231084 324.9992 144.22417 175.9419250488281 -7.89567587421962 -999.0 -999.0 -999.0 175.94192207120247 -7.895670420071532 175.93954482473941 -8.049485476236336 64.3355022420701 38.31310350815983 5400.0 5400.0 2015.5 1 387 {-999.0 -999.0 -999.0 -999.0 -999.0} "" -999.0 -999.0 -999.0 -999.0 27021603139069244 811638302 "" ops_sky_boss_good ops_sky sky_boss 0 0 0.0 0.0 -999 ""
FIBERMAP 1311 R-8C9 METROLOGY 0 0 0 1 0 0 -13.164389266030014 -156.63112141875126 143.1 157.17183362827794 -1.1581094938272884 324.9992 144.22417 -999.0 -999.0 -999.0 -999.0 -999.0 175.9416877285647 -7.897922535406232 175.9393261314126 -8.051712735456972 64.33748451189294 38.315501082935555 -999.0 6231.0 -999.0 -1 -999 {-999.0 -999.0 -999.0 -999.0 -999.0} "" -999.0 -999.0 -999.0 -999.0 -999 -999 "" "" "" "" 0 0 0.0 0.0 -999 ""
FIBERMAP 1313 R+6C17 APOGEE 0 0 0 1 0 0 121.27756352203174 119.93278955740784 143.1 -128.84271403561806 111.754142719067 168.52354 114.025345 -999.0 -999.0 -999.0 -999.0 -999.0 175.06625610401613 -7.5559726831816825 175.06381074831313 -7.709532900724745 64.51176056867043 36.19382440589101 -999.0 16600.0 -999.0 2 63 {-999.0 -999.0 -999.0 -999.0 -999.0} "" -999.0 -999.0 -999.0 -999.0 -999 -999 "" "" "" "" 0 0 0.0 0.0 -999 ""
FIBERMAP 1313 R+6C17 BOSS 1 1 0 1 0 0 121.197117338563 120.68769380326934 143.1 -129.589230311719 111.61625796764271 168.52354 114.025345 175.06445461400799 -7.556368863950632 -241.10033 38.618866 5.1569543 175.06398109363897 -7.556263136937297 175.06148142785696 -7.70990991971459 64.51328515701542 36.189702630671434 5400.0 5400.0 2016.0 1 215 {-999.0 18.209225 16.729244 15.902695 -999.0} sdss_psfmag_ps1 17.622847 16.437628 15.361239 13.396 63050395164336672 1136357112 dark_flexible_3x1 mwm_halo_local_high_boss_triple mwm_halo science 0 0 0.7797593474388123 0.0 -999 ""
FIBERMAP 1313 R+6C17 METROLOGY 0 0 0 1 0 0 121.87902985193952 120.36796317192693 143.1 -129.32254968499197 112.3205742210317 168.52354 114.025345 -999.0 -999.0 -999.0 -999.0 -999.0 175.06476901652974 -7.554140708171501 175.0622852532191 -7.707763334208937 64.51103794285451 36.18868339592234 -999.0 6231.0 -999.0 -1 -999 {-999.0 -999.0 -999.0 -999.0 -999.0} "" -999.0 -999.0 -999.0 -999.0 -999 -999 "" "" "" "" 0 0 0.0 0.0 -999 ""
FIBERMAP 1315 R+3C7 APOGEE 0 0 0 1 0 0 -111.86844914144372 71.82087141767312 143.1 -63.06045073293519 -117.02364765303938 82.170555 79.08812 -999.0 -999.0 -999.0 -999.0 -999.0 175.26713395964262 -8.249907447183174 175.26457452570048 -8.403410537921667 64.99525503985362 37.45041939985447 -999.0 16600.0 -999.0 2 26 {-999.0 -999.0 -999.0 -999.0 -999.0} "" -999.0 -999.0 -999.0 -999.0 -999 -999 "" "" "" "" 0 0 0.0 0.0 -999 ""
FIBERMAP 1315 R+3C7 BOSS 1 1 0 1 0 0 -111.16001830706605 71.60459034097502 143.1 -62.89893857779918 -116.3007957451583 82.170555 79.08812 175.26763916015625 -8.247703908859052 -999.0 -999.0 -999.0 175.26765081591492 -8.247690771288271 175.265037679501 -8.401278689523691 64.99321106573056 37.448622597914095 5400.0 5400.0 2015.5 1 44 {-999.0 -999.0 -999.0 -999.0 -999.0} "" -999.0 -999.0 -999.0 -999.0 27021603139061748 811637190 "" ops_sky_boss_good ops_sky sky_boss 0 0 0.0 0.0 -999 ""
FIBERMAP 1315 R+3C7 METROLOGY 0 0 0 1 0 0 -111.69783211565408 71.09114888699175 143.1 -62.34593078003159 -116.79778378461499 82.170555 79.08812 -999.0 -999.0 -999.0 -999.0 -999.0 175.26932439308297 -8.249234515229741 175.26672672001155 -8.40279872564414 64.99359465914833 37.453888588716325 -999.0 6231.0 -999.0 -1 -999 {-999.0 -999.0 -999.0 -999.0 -999.0} "" -999.0 -999.0 -999.0 -999.0 -999 -999 "" "" "" "" 0 0 0.0 0.0 -999 ""
FIBERMAP 1319 R0C9 APOGEE 0 0 0 1 0 0 -120.74271608170713 -13.200186583911263 143.1 22.386174991223378 -119.37564421487453 257.53278 95.33553 -999.0 -999.0 -999.0 -999.0 -999.0 175.52908478242333 -8.257077714591542 175.5265896995221 -8.41064751934498 64.86118484411193 37.97419547983759 -999.0 16600.0 -999.0 2 276 {-999.0 -999.0 -999.0 -999.0 -999.0} "" -999.0 -999.0 -999.0 -999.0 -999 -999 "" "" "" "" 0 0 0.0 0.0 -999 ""
FIBERMAP 1319 R0C9 BOSS 1 1 0 1 0 0 -121.4685185013656 -13.1039565420712 143.1 22.34568464798761 -120.1066437878028 257.53278 95.33553 175.52903664383123 -8.259271334451455 -999.0 -999.0 -999.0 175.5290276643232 -8.259269157373513 175.52647677166544 -8.412923016810597 64.86315502884304 37.97688853412137 5400.0 5400.0 2016.0 1 449 {-999.0 21.930513 21.605549 21.427914 21.281467} sdss_psfmag_from_lsdr10 nan nan nan -999.0 63050399021033644 1131656775 dark_flexible_3x1 bhm_spiders_agn_lsdr10_d3 bhm_spiders science 0 0 0.0 0.0 -999 ""
FIBERMAP 1319 R0C9 METROLOGY 0 0 0 1 0 0 -121.02387941713403 -12.503915549398103 143.1 21.713453346631404 -119.70917032390473 257.53278 95.33553 -999.0 -999.0 -999.0 -999.0 -999.0 175.52707550477896 -8.258102698165672 175.5245400557501 -8.411732328438587 64.8631979861057 37.97157915889039 -999.0 6231.0 -999.0 -1 -999 {-999.0 -999.0 -999.0 -999.0 -999.0} "" -999.0 -999.0 -999.0 -999.0 -999 -999 "" "" "" "" 0 0 0.0 0.0 -999 ""
FIBERMAP 1320 R+5C8 APOGEE 0 0 0 1 0 0 -69.226797520522 78.33244081763962 143.1 -72.81066285658433 -75.0061224185533 355.81982 42.46225 -999.0 -999.0 -999.0 -999.0 -999.0 175.23719841955912 -8.12251625937925 175.23466075132137 -8.276031738281148 64.90359310196041 37.23013815030993 -999.0 16600.0 -999.0 2 -999 {-999.0 -999.0 -999.0 -999.0 -999.0} "" -999.0 -999.0 -999.0 -999.0 -999 -999 "" "" "" "" 0 0 0.0 0.0 -999 ""
FIBERMAP 1320 R+5C8 BOSS 1 1 0 1 0 0 -69.78197716610143 77.85744271009304 143.1 -72.2946574394779 -75.52336194157218 355.81982 42.46225 175.2388000488281 -8.124046999655533 -999.0 -999.0 -999.0 175.23879395598817 -8.12404312525994 175.2362020689842 -8.277643642009844 64.90413972362508 37.23520909716058 5400.0 5400.0 2015.5 1 67 {-999.0 -999.0 -999.0 -999.0 -999.0} "" -999.0 -999.0 -999.0 -999.0 27021603139062751 820036851 "" ops_sky_boss_good ops_sky sky_boss 0 0 0.0 0.0 -999 ""
FIBERMAP 1320 R+5C8 METROLOGY 0 0 0 1 0 0 -69.92552440077193 78.59942202224454 143.1 -73.02346600990566 -75.72317286189156 355.81982 42.46225 -999.0 -999.0 -999.0 -999.0 -999.0 175.2365383570989 -8.124678513112052 175.2339611521793 -8.278254277694446 64.90584145081019 37.23156047860465 -999.0 6231.0 -999.0 -1 -999 {-999.0 -999.0 -999.0 -999.0 -999.0} "" -999.0 -999.0 -999.0 -999.0 -999 -999 "" "" "" "" 0 0 0.0 0.0 -999 ""
FIBERMAP 1321 R-6C21 APOGEE 0 0 0 1 0 0 219.64709362258807 -133.98619244170257 143.1 116.80649795790322 229.23191545187322 291.27484 75.73696 -999.0 -999.0 -999.0 -999.0 -999.0 175.81637094396103 -7.201163579330777 175.81416108105122 -7.354974990753511 63.81827839530689 37.21538118941362 -999.0 16600.0 -999.0 2 195 {-999.0 -999.0 -999.0 -999.0 -999.0} "" -999.0 -999.0 -999.0 -999.0 -999 -999 "" "" "" "" 0 0 0.0 0.0 -999 ""
FIBERMAP 1321 R-6C21 BOSS 1 1 0 1 0 0 218.89596632968835 -134.08627015640508 143.1 116.96366737434387 228.4906648342793 291.27484 75.73696 175.81692096030076 -7.203299428891431 0.49661365 -0.014170005 0.014498505 175.81692017043088 -7.203294823766481 175.8146533066962 -7.357195185797302 63.81989615239567 37.21900082989828 5400.0 5400.0 2016.0 1 268 {-999.0 20.563774 20.159157 19.779142 19.45976} sdss_psfmag_from_gaiadr2 20.580164 20.282667 19.436878 -999.0 63050395164335261 1130008457 dark_flexible_3x1 bhm_gua_dark_d3 bhm_filler science 0 0 0.0 0.0 -999 ""
FIBERMAP 1321 R-6C21 METROLOGY 0 0 0 1 0 0 219.17712214151658 -133.39941265006863 143.1 116.25736806862264 228.71850736874623 291.27484 75.73696 -999.0 -999.0 -999.0 -999.0 -999.0 175.81477215059553 -7.202589306457575 175.81252106473698 -7.356463995883652 63.820405393055196 37.21406234309825 -999.0 6231.0 -999.0 -1 -999 {-999.0 -999.0 -999.0 -999.0 -999.0} "" -999.0 -999.0 -999.0 -999.0 -999 -999 "" "" "" "" 0 0 0.0 0.0 -999 ""
FIBERMAP 1322 R+4C3 APOGEE 0 0 0 1 0 0 -189.7302312383497 74.35692741336861 143.1 -59.64005165521338 -194.8479935167027 339.82306 122.81209 -999.0 -999.0 -999.0 -999.0 -999.0 175.2778198157134 -8.485184892418442 175.27520928901401 -8.63865336546575 65.18762662083111 37.7728678221427 -999.0 16600.0 -999.0 2 20 {-999.0 -999.0 -999.0 -999.0 -999.0} "" -999.0 -999.0 -999.0 -999.0 -999 -999 "" "" "" "" 0 0 0.0 0.0 -999 ""
FIBERMAP 1322 R+4C3 BOSS 1 1 0 1 0 0 -189.5779708832299 73.6450704323721 143.1 -58.94194168592899 -194.6417968045248 339.82306 122.81209 175.27999877929685 -8.484527025588022 -999.0 -999.0 -999.0 175.27999512000738 -8.484534208335802 175.27733098194585 -8.63808668097637 65.18601379456405 37.77633730255042 5400.0 5400.0 2015.5 1 29 {-999.0 -999.0 -999.0 -999.0 -999.0} "" -999.0 -999.0 -999.0 -999.0 27021603139061592 811637162 "" ops_sky_boss_good ops_sky sky_boss 0 0 0.0 0.0 -999 ""
FIBERMAP 1322 R+4C3 METROLOGY 0 0 0 1 0 0 -190.27223551047334 73.84468214552734 143.1 -59.08791632495007 -195.3492509696636 339.82306 122.81209 -999.0 -999.0 -999.0 -999.0 -999.0 175.27952678293804 -8.48671846457275 175.27687742076182 -8.640246847119535 65.18807233281544 37.77822838883134 -999.0 6231.0 -999.0 -1 -999 {-999.0 -999.0 -999.0 -999.0 -999.0} "" -999.0 -999.0 -999.0 -999.0 -999 -999 "" "" "" "" 0 0 0.0 0.0 -999 ""
FIBERMAP 1327 R+4C12 APOGEE 0 0 0 1 0 0 -11.860422646457875 91.27501505268971 143.1 -90.09780645254175 -18.79894929535105 166.41331 75.3319 -999.0 -999.0 -999.0 -999.0 -999.0 175.1842384109907 -7.951914957528831 175.1817273218445 -8.105443569804121 64.78711366185362 36.91207606255125 -999.0 16600.0 -999.0 2 -999 {-999.0 -999.0 -999.0 -999.0 -999.0} "" -999.0 -999.0 -999.0 -999.0 -999 -999 "" "" "" "" 0 0 0.0 0.0 -999 ""
FIBERMAP 1327 R+4C12 BOSS 1 1 0 1 0 0 -11.540376316112027 91.92809097664676 143.1 -90.7733958634742 -18.529750686270464 166.41331 75.3319 175.18216569738203 -7.951017893363312 -0.8305105 0.25665703 -0.60425377 175.18217161955604 -7.951021574226931 175.17960615716606 -8.104635352778057 64.78754251507206 36.906890619896046 5400.0 5400.0 2016.0 1 120 {-999.0 20.424501 20.234438 20.220772 20.245428} sdss_psfmag_from_lsdr10 20.257128 20.33146 19.915323 -999.0 63050395164322027 1131658736 dark_flexible_3x1 bhm_spiders_agn_lsdr10_d3 bhm_spiders science 0 0 0.0 0.0 -999 ""
FIBERMAP 1327 R+4C12 METROLOGY 0 0 0 1 0 0 -11.113470671679245 91.31452409178715 143.1 -90.19426803442273 -18.05723392974501 166.41331 75.3319 -999.0 -999.0 -999.0 -999.0 -999.0 175.18392165407684 -7.949614063611628 175.18137225782118 -8.1032042906545 64.78540190778405 36.90858805525369 -999.0 6231.0 -999.0 -1 -999 {-999.0 -999.0 -999.0 -999.0 -999.0} "" -999.0 -999.0 -999.0 -999.0 -999 -999 "" "" "" "" 0 0 0.0 0.0 -999 ""
FIBERMAP 1337 R-5C21 APOGEE 0 0 0 1 0 0 208.55206030169853 -115.01785664045755 143.1 98.742187177227 216.72057720295808 294.18323 72.658264 -999.0 -999.0 -999.0 -999.0 -999.0 175.76149320884218 -7.238702089456517 175.7592646609337 -7.39249402128923 63.87904002046136 37.15622955956974 -999.0 16600.0 -999.0 2 -999 {-999.0 -999.0 -999.0 -999.0 -999.0} "" -999.0 -999.0 -999.0 -999.0 -999 -999 "" "" "" "" 0 0 0.0 0.0 -999 ""
FIBERMAP 1337 R-5C21 BOSS 1 1 0 1 0 0 207.8572008761759 -115.11354547165755 143.1 98.89068167174638 216.03509204608187 294.18323 72.658264 175.76202392578125 -7.240679674441381 -999.0 -999.0 -999.0 175.76202178621813 -7.24065016962275 175.75973648481113 -7.394530885753062 63.880514700365126 37.15959328550019 5400.0 5400.0 2015.5 1 277 {-999.0 -999.0 -999.0 -999.0 -999.0} "" -999.0 -999.0 -999.0 -999.0 27021603139070814 811638491 "" ops_sky_boss_good ops_sky sky_boss 0 0 0.0 0.0 -999 ""
FIBERMAP 1337 R-5C21 METROLOGY 0 0 0 1 0 0 208.09663784655885 -114.42448609505557 143.1 98.1853745058115 216.22117138670617 294.18323 72.658264 -999.0 -999.0 -999.0 -999.0 -999.0 175.75987066957936 -7.240075939480372 175.75760105458494 -7.39393100998745 63.88113491054327 37.15479633873326 -999.0 6231.0 -999.0 -1 -999 {-999.0 -999.0 -999.0 -999.0 -999.0} "" -999.0 -999.0 -999.0 -999.0 -999 -999 "" "" "" "" 0 0 0.0 0.0 -999 ""
FIBERMAP 1343 R+6C1 APOGEE 0 0 0 1 0 0 -234.89065452951178 124.80821960935548 143.1 -106.49111415123643 -243.72898198507278 145.66966 112.865715 -999.0 -999.0 -999.0 -999.0 -999.0 175.13478675068384 -8.63194977453752 175.13210399844593 -8.785356795304166 65.38754958048756 37.678331677695894 -999.0 16600.0 -999.0 2 50 {-999.0 -999.0 -999.0 -999.0 -999.0} "" -999.0 -999.0 -999.0 -999.0 -999 -999 "" "" "" "" 0 0 0.0 0.0 -999 ""
FIBERMAP 1343 R+6C1 BOSS 1 1 0 1 0 0 -234.73567831332366 125.54890864008057 143.1 -107.24144455375465 -243.63105729788612 145.66966 112.865715 175.13253332367512 -8.631560609844605 -999.0 -999.0 -999.0 175.13254817073977 -8.631563698800008 175.12981115885339 -8.785052793113953 65.38851934850888 37.67336044082566 5400.0 5400.0 2016.0 1 87 {-999.0 23.609386 23.40973 22.54896 22.010426} sdss_fiber2mag_from_lsdr10 nan nan nan -999.0 63050396875782420 1131652677 dark_flexible_3x1 bhm_spiders_agn_lsdr10_d3 bhm_spiders science 0 0 0.0 0.0 -999 ""
FIBERMAP 1343 R+6C1 METROLOGY 0 0 0 1 0 0 -234.18542065056607 125.07929331024815 143.1 -106.8152653796136 -243.04655322508185 145.66966 112.865715 -999.0 -999.0 -999.0 -999.0 -999.0 175.13380978872678 -8.629882709116758 175.13108874180034 -8.783349002981074 65.38640339153355 37.67369812764025 -999.0 6231.0 -999.0 -1 -999 {-999.0 -999.0 -999.0 -999.0 -999.0} "" -999.0 -999.0 -999.0 -999.0 -999 -999 "" "" "" "" 0 0 0.0 0.0 -999 ""
FIBERMAP 1344 R-6C18 APOGEE 0 0 0 1 0 0 163.87041877819541 -101.69285700027164 143.1 88.87059498743845 171.15353320304658 88.96553 91.341896 -999.0 -999.0 -999.0 -999.0 -999.0 175.73180230944433 -7.376057939630026 175.72953960935786 -7.529820247477748 64.01092233990447 37.26622553310881 -999.0 16600.0 -999.0 2 -999 {-999.0 -999.0 -999.0 -999.0 -999.0} "" -999.0 -999.0 -999.0 -999.0 -999 -999 "" "" "" "" 0 0 0.0 0.0 -999 ""
FIBERMAP 1344 R-6C18 BOSS 1 1 0 1 0 0 164.54700343316418 -101.69994346030833 143.1 88.82596686586857 171.82865026156708 88.96553 91.341896 175.7317439087267 -7.373881517461431 -999.0 -999.0 -999.0 175.73174375803833 -7.373879105781089 175.7294251784282 -7.5277301261646326 64.0092159045966 37.263459180584675 5400.0 5400.0 2016.0 1 314 {-999.0 23.240438 22.7728 22.227837 21.798105} sdss_fiber2mag_from_lsdr10 nan nan nan -999.0 63050397591230876 1131664809 dark_flexible_3x1 bhm_spiders_agn_lsdr10_d3 bhm_spiders science 0 0 0.0 0.0 -999 ""
FIBERMAP 1344 R-6C18 METROLOGY 0 0 0 1 0 0 164.2462731072358 -102.33956538906655 143.1 89.48666641814442 171.57768236622266 88.96553 91.341896 -999.0 -999.0 -999.0 -999.0 -999.0 175.73375920847377 -7.374640478297003 175.73145684919814 -7.528466824539442 64.00876292177017 37.268242683137146 -999.0 6231.0 -999.0 -1 -999 {-999.0 -999.0 -999.0 -999.0 -999.0} "" -999.0 -999.0 -999.0 -999.0 -999 -999 "" "" "" "" 0 0 0.0 0.0 -999 ""
FIBERMAP 1352 R+7C11 APOGEE 0 0 0 1 0 0 19.417488800132304 155.7811356672177 143.1 -156.8021314440058 7.45758329951413 135.04596 31.0984 -999.0 -999.0 -999.0 -999.0 -999.0 174.98032999766323 -7.872104343502403 174.97778960476887 -8.025590076186656 64.82575026285338 36.410117839855786 -999.0 16600.0 -999.0 2 141 {-999.0 -999.0 -999.0 -999.0 -999.0} "" -999.0 -999.0 -999.0 -999.0 -999 -999 "" "" "" "" 0 0 0.0 0.0 -999 ""
FIBERMAP 1352 R+7C11 BOSS 1 1 0 1 0 0 20.147617303770268 155.62104078325288 143.1 -156.6982964253949 8.197775617939149 135.04596 31.0984 174.98062133789062 -7.8697861543996055 -999.0 -999.0 -999.0 174.98063631243127 -7.869770551675612 174.97804320414548 -8.023342574078077 64.82370464135926 36.40785111442301 5400.0 5400.0 2015.5 1 141 {-999.0 -999.0 -999.0 -999.0 -999.0} "" -999.0 -999.0 -999.0 -999.0 27021603139063156 811637428 "" ops_sky_boss_good ops_sky sky_boss 0 0 0.0 0.0 -999 ""
FIBERMAP 1352 R+7C11 METROLOGY 0 0 0 1 0 0 19.626666242405342 155.0701619483193 143.1 -156.10925078747604 7.720460606696199 135.04596 31.0984 -999.0 -999.0 -999.0 -999.0 -999.0 174.9823992416414 -7.871242963276219 174.97982130614787 -8.024790911182382 64.82401509111112 36.41316047563964 -999.0 6231.0 -999.0 -1 -999 {-999.0 -999.0 -999.0 -999.0 -999.0} "" -999.0 -999.0 -999.0 -999.0 -999 -999 "" "" "" "" 0 0 0.0 0.0 -999 ""
FIBERMAP 1360 R-3C11 APOGEE 0 0 0 1 0 0 -37.5036915917434 -41.83895416198797 143.1 44.58013801295661 -34.19568044000117 130.37885 87.10475 -999.0 -999.0 -999.0 -999.0 -999.0 175.5970830085972 -7.998646944810544 175.59466007915876 -8.152275272633652 64.60759987587514 37.77833269611767 -999.0 16600.0 -999.0 2 151 {-999.0 -999.0 -999.0 -999.0 -999.0} "" -999.0 -999.0 -999.0 -999.0 -999 -999 "" "" "" "" 0 0 0.0 0.0 -999 ""
FIBERMAP 1360 R-3C11 BOSS 1 1 0 1 0 0 -36.9129698009459 -41.36160769828857 143.1 44.05907566309207 -33.64318373241245 130.37885 87.10475 175.59527890719613 -7.996882888484386 -0.3804034 -1.4229214 0.050760876 175.5955684899874 -7.996906147251028 175.59308993282127 -8.15061996333966 64.60704899061845 37.77319578281646 5400.0 5400.0 2016.0 1 432 {-999.0 16.63419 15.434309 15.04923 -999.0} sdss_psfmag_ps1 16.166664 15.452218 14.639912 12.797 63050395164329873 1061260607 dark_flexible_2x1 manual_mwm_halo_distant_kgiant_near_boss mwm_halo science 0 0 1.0169057846069336 0.0 -999 ""
FIBERMAP 1360 R-3C11 METROLOGY 0 0 0 1 0 0 -36.799309797587895 -42.114663924787976 143.1 44.801211750103114 -33.472324980536996 130.37885 87.10475 -999.0 -999.0 -999.0 -999.0 -999.0 175.597831876151 -7.99641268123458 175.59536972592525 -8.150102891602991 64.60539293603048 37.776968716209296 -999.0 6231.0 -999.0 -1 -999 {-999.0 -999.0 -999.0 -999.0 -999.0} "" -999.0 -999.0 -999.0 -999.0 -999 -999 "" "" "" "" 0 0 0.0 0.0 -999 ""
FIBERMAP 1361 R+12C3 APOGEE 0 0 0 1 0 0 -122.07793137419416 250.19086045123422 143.1 -240.12075213749654 -140.83093296566884 172.14986 55.64573 -999.0 -999.0 -999.0 -999.0 -999.0 174.72683621223683 -8.320162961503287 174.72412258504062 -8.473505632637291 65.33877397749458 36.46085244844443 -999.0 16600.0 -999.0 2 -999 {-999.0 -999.0 -999.0 -999.0 -999.0} "" -999.0 -999.0 -999.0 -999.0 -999 -999 "" "" "" "" 0 0 0.0 0.0 -999 ""
FIBERMAP 1361 R+12C3 BOSS 1 1 0 1 0 0 -121.58988358568088 250.74496978194867 143.1 -240.71050474842332 -140.38667034707694 172.14986 55.64573 174.72509797637537 -8.318713461150848 -999.0 -999.0 -999.0 174.72511154610783 -8.318720324666035 174.7223455557795 -8.47214649334051 65.3385409675418 36.45555692043422 5400.0 5400.0 2016.0 1 99 {-999.0 21.990046 21.838213 21.410707 21.093542} sdss_fiber2mag_from_lsdr10 nan nan nan -999.0 63050398297235875 1131656765 dark_flexible_3x1 bhm_spiders_agn_lsdr10_d3 bhm_spiders science 0 0 0.0 0.0 -999 ""
FIBERMAP 1361 R+12C3 METROLOGY 0 0 0 1 0 0 -121.34996731042668 250.01891121843795 143.1 -240.00493259884863 -140.0919929445423 172.14986 55.64573 -999.0 -999.0 -999.0 -999.0 -999.0 174.72718665519295 -8.31789517725739 174.72443621834952 -8.471298339177862 65.33673290904936 36.45870568604005 -999.0 6231.0 -999.0 -1 -999 {-999.0 -999.0 -999.0 -999.0 -999.0} "" -999.0 -999.0 -999.0 -999.0 -999 -999 "" "" "" "" 0 0 0.0 0.0 -999 ""
FIBERMAP 1366 R+3C11 APOGEE 0 0 0 1 0 0 -37.73813651117666 69.46783541984777 143.1 -66.37822845616608 -42.93367455161387 102.02684 125.538246 -999.0 -999.0 -999.0 -999.0 -999.0 175.2568896989114 -8.02521576101006 175.25437913821474 -8.178752031950248 64.81092622779711 37.146690330837885 -999.0 16600.0 -999.0 2 12 {-999.0 -999.0 -999.0 -999.0 -999.0} "" -999.0 -999.0 -999.0 -999.0 -999 -999 "" "" "" "" 0 0 0.0 0.0 -999 ""
FIBERMAP 1366 R+3C11 BOSS 1 1 0 1 0 0 -37.245652197576575 70.03904488002934 143.1 -66.98536938673048 -42.486295093965346 102.02684 125.538246 175.25504380867642 -8.02375656856606 -0.7964214 -12.495113 1.1852558 175.25504330755805 -8.023796713872523 175.2524782806745 -8.17741802126215 64.81080159698362 37.14127904725956 5400.0 5400.0 2016.0 1 14 {-999.0 17.710255 16.478659 16.050554 -999.0} sdss_psfmag_ps1 17.205887 16.527025 15.666437 13.97 63050395164321713 1096558916 bright_1x1 mwm_bin_vis_boss mwm_filler science 0 0 0.0 0.0 -999 ""
FIBERMAP 1366 R+3C11 METROLOGY 0 0 0 1 0 0 -37.002057334239076 69.33986953687923 143.1 -66.30688168894754 -42.19000400266819 102.02684 125.538246 -999.0 -999.0 -999.0 -999.0 -999.0 175.25710123228947 -8.022926404609931 175.2545522961252 -8.176524227925205 64.80895047827289 37.14423861628046 -999.0 6231.0 -999.0 -1 -999 {-999.0 -999.0 -999.0 -999.0 -999.0} "" -999.0 -999.0 -999.0 -999.0 -999 -999 "" "" "" "" 0 0 0.0 0.0 -999 ""
FIBERMAP 1367 R-10C9 APOGEE 0 0 0 1 0 0 -4.7218430115188825 -206.88049626180063 143.1 206.6269582797344 11.098603552539394 254.36353 113.34948 -999.0 -999.0 -999.0 -999.0 -999.0 176.09223173842184 -7.860612675278148 176.0899532205782 -8.014382189180957 64.22440031696333 38.55554310735863 -999.0 16600.0 -999.0 2 -999 {-999.0 -999.0 -999.0 -999.0 -999.0} "" -999.0 -999.0 -999.0 -999.0 -999 -999 "" "" "" "" 0 0 0.0 0.0 -999 ""
FIBERMAP 1367 R-10C9 BOSS 1 1 0 1 0 0 -5.466187621689939 -206.97999387843313 143.1 206.78303109889023 10.364071155790823 254.36353 113.34948 176.09282323469515 -7.86274610613698 -999.0 -999.0 -999.0 176.0928206913957 -7.862747904819772 176.09048435483032 -8.01660364089611 64.22596544349896 38.55936496775951 5400.0 5400.0 2016.0 1 404 {-999.0 21.93722 20.547277 20.02375 19.665173} sdss_fiber2mag_from_lsdr10 nan 21.752407 nan -999.0 63050395164330313 1128418852 dark_flexible_3x1 bhm_spiders_clusters_lsdr10_d3 bhm_spiders science 0 0 0.0 0.0 -999 ""
FIBERMAP 1367 R-10C9 METROLOGY 0 0 0 1 0 0 -5.181802494843877 -206.29063569311046 143.1 206.07399180815088 10.594942355245466 254.36353 113.34948 -999.0 -999.0 -999.0 -999.0 -999.0 176.09067606224758 -7.862074603887349 176.08835567076358 -8.015905463384568 64.22654280952352 38.554433886287256 -999.0 6231.0 -999.0 -1 -999 {-999.0 -999.0 -999.0 -999.0 -999.0} "" -999.0 -999.0 -999.0 -999.0 -999 -999 "" "" "" "" 0 0 0.0 0.0 -999 ""
FIBERMAP 1371 R-4C4 APOGEE 0 0 0 1 0 0 -199.99109795280748 -84.18576551075401 143.1 99.21583759187571 -192.9651510355937 265.7297 28.231901 -999.0 -999.0 -999.0 -999.0 -999.0 175.76428972206185 -8.479092855709462 175.76180810289623 -8.632685625415554 64.91921045858454 38.71957155140092 -999.0 16600.0 -999.0 2 -999 {-999.0 -999.0 -999.0 -999.0 -999.0} "" -999.0 -999.0 -999.0 -999.0 -999 -999 "" "" "" "" 0 0 0.0 0.0 -999 ""
FIBERMAP 1371 R-4C4 BOSS 1 1 0 1 0 0 -200.31644919311412 -83.48904138251723 143.1 98.5460403163196 -193.34276845743005 265.7297 28.231901 175.76231404809417 -8.480201279943618 -999.0 -999.0 -999.0 175.76231687113525 -8.480195163370947 175.7597783601036 -8.633870863535888 64.92130801456622 38.71717485588607 5400.0 5400.0 2016.0 1 493 {-999.0 22.612093 22.335356 21.786575 21.353315} sdss_fiber2mag_from_lsdr10 nan nan nan -999.0 63050397591212316 1131654719 dark_flexible_3x1 bhm_spiders_agn_lsdr10_d3 bhm_spiders science 0 0 0.0 0.0 -999 ""
FIBERMAP 1371 R-4C4 METROLOGY 0 0 0 1 0 0 -199.573862606499 -83.56494920733815 143.1 98.56498641497821 -192.59658724751054 265.7297 28.231901 -999.0 -999.0 -999.0 -999.0 -999.0 175.7623771689126 -8.477998138109738 175.75985503787365 -8.63165052254607 64.91941645443482 38.71442597892559 -999.0 6231.0 -999.0 -1 -999 {-999.0 -999.0 -999.0 -999.0 -999.0} "" -999.0 -999.0 -999.0 -999.0 -999 -999 "" "" "" "" 0 0 0.0 0.0 -999 ""
FIBERMAP 1375 R+7C1 APOGEE 0 0 0 1 0 0 -221.67823500013802 147.66277926027152 143.1 -130.2872873549193 -232.30196682167826 136.22772 105.699615 -999.0 -999.0 -999.0 -999.0 -999.0 175.0620297214485 -8.597336693640798 175.05933560390315 -8.750729438923239 65.39720922922878 37.4880502883625 -999.0 16600.0 -999.0 2 49 {-999.0 -999.0 -999.0 -999.0 -999.0} "" -999.0 -999.0 -999.0 -999.0 -999 -999 "" "" "" "" 0 0 0.0 0.0 -999 ""
FIBERMAP 1375 R+7C1 BOSS 1 1 0 1 0 0 -221.33360909781112 148.3296833906593 143.1 -130.9785418803604 -232.00931815186485 136.22772 105.699615 175.0599634580887 -8.596362010179583 -1.8819984 -1.2165313 -0.14523293 175.0599714633928 -8.596364163286676 175.05722354410227 -8.749839232711789 65.39758307175731 37.48267377102394 5400.0 5400.0 2016.0 1 36 {-999.0 17.640575 16.854668 16.683352 -999.0} sdss_psfmag_ps1 17.428091 16.941656 16.306078 15.063 63050395164319131 943871435 bright_1x1 openfibertargets_nov2020_6a open_fiber science 0 0 0.0 0.0 -999 ""
FIBERMAP 1375 R+7C1 METROLOGY 0 0 0 1 0 0 -220.93044904210151 147.69787826861705 143.1 -130.37941572041402 -231.55908300675642 136.22772 105.699615 -999.0 -999.0 -999.0 -999.0 -999.0 175.06175607352992 -8.595086532393422 175.059024090408 -8.748538850544733 65.39552910127762 37.4845940307697 -999.0 6231.0 -999.0 -1 -999 {-999.0 -999.0 -999.0 -999.0 -999.0} "" -999.0 -999.0 -999.0 -999.0 -999 -999 "" "" "" "" 0 0 0.0 0.0 -999 ""
FIBERMAP 1377 R-3C22 APOGEE 1 1 0 1 0 0 193.5612411103336 -47.87854560423331 143.1 32.947590719402534 196.64458261602002 226.51152 21.738745 175.56091336879072 -7.29905922688859 -7.8562493 9.360137 1.086407 175.5608773104001 -7.299018989266029 175.55859509259403 -7.452751175925244 64.03572010360266 36.84493642700937 16000.0 16600.0 2016.0 2 202 {-999.0 12.345721 11.482167 11.185572 -999.0} sdss_psfmag_from_g3xp 12.081359 11.530661 10.832348 9.441 63050395164337434 1107256739 bright_1x1 mwm_tess_rgb_apogee mwm_tessrgb science 0 0 0.0 0.0 -999 ""
FIBERMAP 1377 R-3C22 BOSS 0 0 0 1 0 0 193.8356024710676 -47.205541249066826 143.1 32.255622550651516 196.866709305966 226.51152 21.738745 -999.0 -999.0 -999.0 -999.0 -999.0 175.55882778730515 -7.298205118505949 175.55648964016757 -7.452025532615697 64.03620823296764 36.84001277773751 -999.0 5400.0 -999.0 1 285 {-999.0 -999.0 -999.0 -999.0 -999.0} "" -999.0 -999.0 -999.0 -999.0 -999 -999 "" "" "" "" 0 0 0.0 0.0 -999 ""
FIBERMAP 1377 R-3C22 METROLOGY 0 0 0 1 0 0 194.29292118436672 -47.76925158908174 143.1 32.782718207652756 197.36573960164674 226.51152 21.738745 -999.0 -999.0 -999.0 -999.0 -999.0 175.56042472796022 -7.296698086307459 175.55810300551957 -7.450494042601274 64.03406244376825 36.841264264649396 -999.0 6231.0 -999.0 -1 -999 {-999.0 -999.0 -999.0 -999.0 -999.0} "" -999.0 -999.0 -999.0 -999.0 -999 -999 "" "" "" "" 0 0 0.0 0.0 -999 ""
FIBERMAP 1379 R-4C9 APOGEE 0 0 0 1 0 0 -59.31841946694759 -73.53119730957214 143.1 77.84500017422049 -53.52422923747856 342.9574 152.63951 -999.0 -999.0 -999.0 -999.0 -999.0 175.69904624465408 -8.057209782883097 175.6966355362831 -8.210854057797834 64.60199799242335 38.05014606362698 -999.0 16600.0 -999.0 2 292 {-999.0 -999.0 -999.0 -999.0 -999.0} "" -999.0 -999.0 -999.0 -999.0 -999 -999 "" "" "" "" 0 0 0.0 0.0 -999 ""
FIBERMAP 1379 R-4C9 BOSS 1 1 0 1 0 0 -58.82663622607297 -74.0883135680375 143.1 78.3628881141067 -52.99134056395931 342.9574 152.63951 175.70076407081942 -8.055510188457037 -6.624798 -5.105091 -0.19993319 175.7007332573315 -8.05553538170152 175.698267287229 -8.20926572969404 64.59978633733887 38.05128746890529 5400.0 5400.0 2016.0 1 480 {-999.0 20.395887 19.267786 18.770376 -999.0} sdss_psfmag_ps1 20.3346 19.791063 18.97982 -999.0 63050395164329767 1092148476 dark_flexible_2x1 mwm_cb_galex_mag_boss mwm_cb science 0 0 0.0 0.0 -999 ""
FIBERMAP 1379 R-4C9 METROLOGY 0 0 0 1 0 0 -59.57326684235353 -74.22990828899606 143.1 78.56110769507053 -53.724935806269386 342.9574 152.63951 -999.0 -999.0 -999.0 -999.0 -999.0 175.70133280588706 -8.05779020699778 175.69888238572014 -8.211496135673906 64.60132540144168 38.05530981227656 -999.0 6231.0 -999.0 -1 -999 {-999.0 -999.0 -999.0 -999.0 -999.0} "" -999.0 -999.0 -999.0 -999.0 -999 -999 "" "" "" "" 0 0 0.0 0.0 -999 ""
FIBERMAP 1385 R-13C3 APOGEE 0 0 0 1 0 0 -96.24759073342962 -237.09003394544828 143.1 243.73969425466234 -77.84725163099033 94.02971 95.766396 -999.0 -999.0 -999.0 -999.0 -999.0 176.2052767668283 -8.129525720334698 176.2029749466417 -8.28327757057567 64.38629085069392 39.11393318436865 -999.0 16600.0 -999.0 2 156 {-999.0 -999.0 -999.0 -999.0 -999.0} "" -999.0 -999.0 -999.0 -999.0 -999 -999 "" "" "" "" 0 0 0.0 0.0 -999 ""
FIBERMAP 1385 R-13C3 BOSS 1 1 0 1 0 0 -95.49569871557394 -236.95096640409568 143.1 243.54359235888066 -77.10821752438123 94.02971 95.766396 176.2048075352669 -8.127175169752766 -20.15086 -5.558831 0.6317271 176.2047511962969 -8.127212190672566 176.20239176661585 -8.281049638774315 64.38476294655274 39.10995201529761 5400.0 5400.0 2016.0 1 437 {-999.0 16.850761 16.199038 16.083513 -999.0} sdss_psfmag_ps1 16.690775 16.301344 15.73434 14.564 63050395164251849 1136356894 dark_flexible_3x1 mwm_halo_local_high_boss_triple mwm_halo science 0 0 0.0 0.0 -999 ""
FIBERMAP 1385 R-13C3 METROLOGY 0 0 0 1 0 0 -95.76590494710592 -237.66519560821965 143.1 244.2763454978488 -77.32305169416597 94.02971 95.766396 -999.0 -999.0 -999.0 -999.0 -999.0 176.20700179959167 -8.127889941452208 176.20465919905416 -8.281703599034213 64.38405499684931 39.11510395497646 -999.0 6231.0 -999.0 -1 -999 {-999.0 -999.0 -999.0 -999.0 -999.0} "" -999.0 -999.0 -999.0 -999.0 -999 -999 "" "" "" "" 0 0 0.0 0.0 -999 ""
FIBERMAP 1386 R-3C2 APOGEE 0 0 0 1 0 0 -247.6826544584598 -58.8186615542442 143.1 77.56786700855385 -242.45323323805897 178.39395 123.33992 -999.0 -999.0 -999.0 -999.0 -999.0 175.69788009415808 -8.628265297810403 175.69534986908104 -8.781818093798552 65.0797668507397 38.78555377677179 -999.0 16600.0 -999.0 2 -999 {-999.0 -999.0 -999.0 -999.0 -999.0} "" -999.0 -999.0 -999.0 -999.0 -999 -999 "" "" "" "" 0 0 0.0 0.0 -999 ""
FIBERMAP 1386 R-3C2 BOSS 1 1 0 1 0 0 -248.07557746978134 -58.19141868345322 143.1 76.97250740527342 -242.8929131636549 178.39395 123.33992 175.69610595703125 -8.629520422834702 -999.0 -999.0 -999.0 175.69611737318948 -8.629520624464588 175.69353054648514 -8.783155696688318 65.08187676108065 38.783761546456276 5400.0 5400.0 2015.5 1 514 {-999.0 -999.0 -999.0 -999.0 -999.0} "" -999.0 -999.0 -999.0 -999.0 27021603139008962 811629363 "" ops_sky_boss_good ops_sky sky_boss 0 0 0.0 0.0 -999 ""
FIBERMAP 1386 R-3C2 METROLOGY 0 0 0 1 0 0 -247.32120361349192 -58.163794007737195 143.1 76.88732783888133 -242.14288994604743 178.39395 123.33992 -999.0 -999.0 -999.0 -999.0 -999.0 175.69585843325774 -8.627335434403635 175.69328782682362 -8.78094730128918 65.08017153544625 38.780382673249335 -999.0 6231.0 -999.0 -1 -999 {-999.0 -999.0 -999.0 -999.0 -999.0} "" -999.0 -999.0 -999.0 -999.0 -999 -999 "" "" "" "" 0 0 0.0 0.0 -999 ""
FIBERMAP 1389 R+2C3 APOGEE 0 0 0 1 0 0 -214.61275991355296 58.45406783924408 143.1 -41.883297410765984 -218.4416002750091 136.05806 25.536627 -999.0 -999.0 -999.0 -999.0 -999.0 175.33226121919557 -8.556360057682623 175.32964888423635 -8.709831534699827 65.21816799675744 37.972779138362284 -999.0 16600.0 -999.0 2 37 {-999.0 -999.0 -999.0 -999.0 -999.0} "" -999.0 -999.0 -999.0 -999.0 -999 -999 "" "" "" "" 0 0 0.0 0.0 -999 ""
FIBERMAP 1389 R+2C3 BOSS 1 1 0 1 0 0 -213.91270592773247 58.2552152059815 143.1 -41.738521925795794 -217.72843193849812 136.05806 25.536627 175.33257084145126 -8.554114458192267 -52.324986 -4.1805253 1.1368206 175.33274871461313 -8.554171741502183 175.33008249036334 -8.707726742171374 65.21616903714718 37.970903715318855 5400.0 5400.0 2016.0 1 61 {-999.0 14.836023 14.439454 14.322676 -999.0} sdss_psfmag_ps1 14.746415 14.437168 13.960617 13.074 63050395164319478 1136357082 dark_flexible_3x1 mwm_halo_local_high_boss_triple mwm_halo science 0 0 1.2230693101882935 0.0 -999 ""
FIBERMAP 1389 R+2C3 METROLOGY 0 0 0 1 0 0 -214.45661054495804 57.73121288377813 143.1 -41.17451925886698 -218.23068581183605 136.05806 25.536627 -999.0 -999.0 -999.0 -999.0 -999.0 175.33445519154276 -8.555743170388286 175.33180451000305 -8.709274828413088 65.21654110207116 37.97632025512593 -999.0 6231.0 -999.0 -1 -999 {-999.0 -999.0 -999.0 -999.0 -999.0} "" -999.0 -999.0 -999.0 -999.0 -999 -999 "" "" "" "" 0 0 0.0 0.0 -999 ""
FIBERMAP 1390 R+5C10 APOGEE 0 0 0 1 0 0 -44.08597518849385 82.96935780423239 143.1 -79.35466180621327 -50.29422980205124 265.3852 80.55997 -999.0 -999.0 -999.0 -999.0 -999.0 175.21713442338537 -8.047527307029599 175.21460912282953 -8.201049424956716 64.850778584669 37.09634115990258 -999.0 16600.0 -999.0 2 138 {-999.0 -999.0 -999.0 -999.0 -999.0} "" -999.0 -999.0 -999.0 -999.0 -999 -999 "" "" "" "" 0 0 0.0 0.0 -999 ""
FIBERMAP 1390 R+5C10 BOSS 1 1 0 1 0 0 -44.81091504668529 83.13453704584158 143.1 -79.46396251661379 -51.02963734551826 265.3852 80.55997 175.21688938354293 -8.049701761201336 -25.99675 -0.6496303 3.8657734 175.21680832465267 -8.049702455442777 175.21422824812782 -8.203309306412192 64.8528917228631 37.098424502573835 5400.0 5400.0 2016.0 1 134 {-999.0 22.661798 21.022789 19.31853 -999.0} sdss_psfmag_ps1 20.918442 19.994923 18.627869 15.813 63050395164321709 1094400666 bright_1x1 mwm_bin_vis_boss mwm_filler science 0 0 0.0 0.0 -999 ""
FIBERMAP 1390 R+5C10 METROLOGY 0 0 0 1 0 0 -44.28602287395134 83.6915847997403 143.1 -80.05945987102187 -50.54886425345574 265.3852 80.55997 -999.0 -999.0 -999.0 -999.0 -999.0 175.21496075757912 -8.048270687120713 175.21239592644804 -8.201853141613688 64.8526259903908 37.09298710996677 -999.0 6231.0 -999.0 -1 -999 {-999.0 -999.0 -999.0 -999.0 -999.0} "" -999.0 -999.0 -999.0 -999.0 -999 -999 "" "" "" "" 0 0 0.0 0.0 -999 ""
FIBERMAP 1394 R+6C7 APOGEE 0 0 0 1 0 0 -109.8039826562796 115.94034430652584 143.1 -107.20664951344345 -118.33620022973905 234.5996 52.410187 -999.0 -999.0 -999.0 -999.0 -999.0 175.1319536268039 -8.253673289950422 175.12935924723695 -8.407139609931091 65.07008901792639 37.187605867556044 -999.0 16600.0 -999.0 2 41 {-999.0 -999.0 -999.0 -999.0 -999.0} "" -999.0 -999.0 -999.0 -999.0 -999 -999 "" "" "" "" 0 0 0.0 0.0 -999 ""
FIBERMAP 1394 R+6C7 BOSS 1 1 0 1 0 0 -110.0228874413593 116.65629600065718 143.1 -107.90375015924678 -118.60915633117396 234.5996 52.410187 175.12964941698996 -8.254491422658774 -35.791676 7.254293 1.106921 175.1298304358698 -8.254459585505346 175.12718151546392 -8.408009445336004 65.07197531744568 37.18438797309801 5400.0 5400.0 2016.0 1 68 {-999.0 16.021212 15.388535 15.099495 -999.0} sdss_psfmag_ps1 15.854676 15.430418 14.835419 13.75 63050395164321375 1136357114 dark_flexible_3x1 mwm_halo_local_high_boss_triple mwm_halo science 0 0 1.003158450126648 0.0 -999 ""
FIBERMAP 1394 R+6C7 METROLOGY 0 0 0 1 0 0 -109.28605658751228 116.47288727146129 143.1 -107.77718260679909 -117.86050030133005 234.5996 52.410187 -999.0 -999.0 -999.0 -999.0 -999.0 175.13018729920844 -8.25223166483468 175.127554243732 -8.405758110491451 65.06987521458227 37.182273871390294 -999.0 6231.0 -999.0 -1 -999 {-999.0 -999.0 -999.0 -999.0 -999.0} "" -999.0 -999.0 -999.0 -999.0 -999 -999 "" "" "" "" 0 0 0.0 0.0 -999 ""
FIBERMAP 1397 R-3C19 APOGEE 0 0 0 1 0 0 129.44255090995458 -67.69864807012316 143.1 57.607742201704845 134.23061254768842 251.5404 68.90606 -999.0 -999.0 -999.0 -999.0 -999.0 175.63651204498592 -7.487641123863208 175.6342059640658 -7.641361723738832 64.15568934497136 37.21966362560198 -999.0 16600.0 -999.0 2 -999 {-999.0 -999.0 -999.0 -999.0 -999.0} "" -999.0 -999.0 -999.0 -999.0 -999 -999 "" "" "" "" 0 0 0.0 0.0 -999 ""
FIBERMAP 1397 R-3C19 BOSS 1 1 0 1 0 0 128.87252200880013 -67.22779117815014 143.1 57.18183574691733 133.62630108465925 251.5404 68.90606 175.63529466079456 -7.4893228310600435 0.19011484 -0.038708754 -0.24356763 175.63529439652052 -7.489321577533021 175.63293178439494 -7.643129419122919 64.15785822684559 37.21937784310717 5400.0 5400.0 2016.0 1 305 {-999.0 18.476744 18.3277 18.259943 18.210945} sdss_psfmag_from_lsdr10 18.516735 18.327633 18.004553 -999.0 63050395164332477 1058918163 dark_flexible_2x1 bhm_spiders_agn_lsdr10 bhm_spiders science 0 0 0.0 0.0 -999 ""
FIBERMAP 1397 R-3C19 METROLOGY 0 0 0 1 0 0 129.5685975362115 -66.96134862972912 143.1 56.86300165093639 134.2999525245863 251.5404 68.90606 -999.0 -999.0 -999.0 -999.0 -999.0 175.63430662086154 -7.487292027911657 175.6319600700391 -7.641075070814502 64.15663482873617 37.21499428636548 -999.0 6231.0 -999.0 -1 -999 {-999.0 -999.0 -999.0 -999.0 -999.0} "" -999.0 -999.0 -999.0 -999.0 -999 -999 "" "" "" "" 0 0 0.0 0.0 -999 ""
FIBERMAP 1399 R+5C21 APOGEE 0 0 1 1 0 0 219.9710584393717 110.87363474958921 143.1 -127.35100273399394 210.84673298983725 81.5022 97.843445 -999.0 -999.0 -999.0 -999.0 -999.0 175.0717475586338 -7.256738240084452 175.06937398321782 -7.4103483204557605 64.25312053713213 35.845755702301176 -999.0 16600.0 -999.0 2 -999 {-999.0 -999.0 -999.0 -999.0 -999.0} "" -999.0 -999.0 -999.0 -999.0 -999 -999 "" "" "" "" 0 0 0.0 0.0 -999 ""
FIBERMAP 1399 R+5C21 BOSS 1 0 1 1 0 0 220.69424234598821 110.88333031925512 143.1 -127.41592340632799 211.56702872136694 81.5022 97.843445 175.1362981455451 -7.300446832195199 -252.02861 -37.595406 11.80145 175.0716013761176 -7.2544641553977 175.06917445734564 -7.408163122066621 64.25135141665012 35.84276805338493 5400.0 5400.0 2016.0 1 247 {-999.0 19.312574 18.872452 18.766293 -999.0} sdss_psfmag_ps1 19.131222 18.8052 18.359842 -999.0 63050395164337228 1143553652 dark_1x3 mwm_wd_pwd_boss_1x3 mwm_wd science 0 0 0.0 0.0 -999 ""
FIBERMAP 1399 R+5C21 METROLOGY 0 0 1 1 0 0 220.33680439564952 110.22115631143014 143.1 -126.72840607070918 211.26124464856565 81.5022 97.843445 -999.0 -999.0 -999.0 -999.0 -999.0 175.07365350688096 -7.2553674904650345 175.07124205208936 -7.409041774785146 64.25104503487336 35.84785414313967 -999.0 6231.0 -999.0 -1 -999 {-999.0 -999.0 -999.0 -999.0 -999.0} "" -999.0 -999.0 -999.0 -999.0 -999 -999 "" "" "" "" 0 0 0.0 0.0 -999 ""
FIBERMAP 1401 R-2C6 APOGEE 0 0 0 1 0 0 -162.3530663223911 -25.25563815009468 143.1 37.585012269542815 -159.9413575308415 122.67482 105.69832 -999.0 -999.0 -999.0 -999.0 -999.0 175.575664806395 -8.379796160841627 175.57315512378852 -8.533358136067289 64.93890275421124 38.22299891805676 -999.0 16600.0 -999.0 2 -999 {-999.0 -999.0 -999.0 -999.0 -999.0} "" -999.0 -999.0 -999.0 -999.0 -999 -999 "" "" "" "" 0 0 0.0 0.0 -999 ""
FIBERMAP 1401 R-2C6 BOSS 1 1 0 1 0 0 -161.8738184136558 -24.685259039704224 143.1 36.97971053284291 -159.50711173256173 122.67482 105.69832 175.57388305664062 -8.378469016761514 -999.0 -999.0 -999.0 175.57388062151685 -8.378465395895361 175.57131530362074 -8.53211106244407 64.93885426431802 38.217792688134466 5400.0 5400.0 2015.5 1 470 {-999.0 -999.0 -999.0 -999.0 -999.0} "" -999.0 -999.0 -999.0 -999.0 27021603139061542 811637179 "" ops_sky_boss_good ops_sky sky_boss 0 0 0.0 0.0 -999 ""
FIBERMAP 1401 R-2C6 METROLOGY 0 0 0 1 0 0 -161.61797304501843 -25.393971408415332 143.1 37.66677095390368 -159.197877848613 122.67482 105.69832 -999.0 -999.0 -999.0 -999.0 -999.0 175.57597538277534 -8.377570892377756 175.57342650735154 -8.531193447305826 64.93694394023497 38.220733424377386 -999.0 6231.0 -999.0 -1 -999 {-999.0 -999.0 -999.0 -999.0 -999.0} "" -999.0 -999.0 -999.0 -999.0 -999 -999 "" "" "" "" 0 0 0.0 0.0 -999 ""
