#%yanny
#
# confSummaryF-10021330.par
#
# Created by pydl.pydlutils.yanny.yanny
#
# 2026-04-25 07:12:34 UTC
#
configuration_id 10021330
robostrategy_run iota-1
fps_calibrations_version 2025.12.04+57d945b
jaeger_version 1.11.1a1
coordio_version 1.18.1
kaiju_version 1.4.1
design_id 735579
field_id 105437
focal_scale 0.9999576
instruments BOSS APOGEE
epoch 2461155.7839411865
obstime Sat Apr 25 07:12:34 2026
MJD 61155
observatory LCO
temperature 11.749320963164159
raCen 246.918547577665
decCen -25.9562669292002
pa 285.53583
is_dithered 0
parent_configuration -999
dither_radius -999.0
cloned_from -999
rotator_angle 164.55
fvc_centroid_method flex
fvc_rms 0.01283
fvc_90_perc 0.0113
fvc_percent_reached 38.4
fvc_image_path /data/fcam/61155/proc-fimg-fvc1s-0034.fits

typedef enum {
    BOSS,
    APOGEE,
    METROLOGY,
    NONE
} FIBERTYPE;

typedef struct {
    short positionerId;
    char holeId[28];
    FIBERTYPE fiberType;
    short assigned;
    short on_target;
    short disabled;
    short valid;
    short decollided;
    short too;
    double xwok;
    double ywok;
    double zwok;
    double xFocal;
    double yFocal;
    float alpha;
    float beta;
    double racat;
    double deccat;
    float pmra;
    float pmdec;
    float parallax;
    double ra;
    double dec;
    double ra_observed;
    double dec_observed;
    double alt_observed;
    double az_observed;
    float lambda_design;
    float lambda_eff;
    float coord_epoch;
    short spectrographId;
    short fiberId;
    float mag[5];
    char optical_prov[120];
    float bp_mag;
    float gaia_g_mag;
    float rp_mag;
    float h_mag;
    long catalogid;
    long carton_to_target_pk;
    char cadence[400];
    char firstcarton[400];
    char program[400];
    char category[400];
    long sdssv_boss_target0;
    long sdssv_apogee_target0;
    double delta_ra;
    double delta_dec;
    long too_id;
    char too_program[80];
} FIBERMAP;

FIBERMAP 4 R+1C12 APOGEE 0 0 0 1 0 0 -19.012543346217733 9.088960767602517 143.1 -13.84862885648875 -15.88281566431367 359.08026 78.01134 -999.0 -999.0 -999.0 -999.0 -999.0 246.87159856930424 -26.004396173863245 246.94201715319116 -26.06500406834424 86.25431710019237 38.632556778691196 -999.0 16600.0 -999.0 2 -999 {-999.0 -999.0 -999.0 -999.0 -999.0} "" -999.0 -999.0 -999.0 -999.0 -999 -999 "" "" "" "" 0 0 0.0 0.0 -999 ""
FIBERMAP 4 R+1C12 BOSS 1 1 0 1 0 0 -19.160849439366146 8.378412591669804 143.1 -13.203791659283173 -16.216002877106323 359.08026 78.01134 246.87377929687497 -26.005423158119427 -999.0 -999.0 -999.0 246.87377427457238 -26.005413440876357 246.9441868883972 -26.066027026185004 86.25394424544791 38.66576277968841 5400.0 5400.0 2015.5 1 22 {-999.0 -999.0 -999.0 -999.0 -999.0} "" -999.0 -999.0 -999.0 -999.0 27021603175507463 823838227 "" ops_sky_boss_good ops_sky sky_boss 0 0 0.0 0.0 -999 ""
FIBERMAP 4 R+1C12 METROLOGY 0 0 0 1 0 0 -19.726562500685 8.866082182157548 143.1 -13.825138104678416 -16.630411114361717 359.08026 78.01134 -999.0 -999.0 -999.0 -999.0 -999.0 246.8716659479435 -26.00667112392188 246.94208445209335 -26.067286227096904 86.25609236831905 38.65453395130817 -999.0 6231.0 -999.0 -1 -999 {-999.0 -999.0 -999.0 -999.0 -999.0} "" -999.0 -999.0 -999.0 -999.0 -999 -999 "" "" "" "" 0 0 0.0 0.0 -999 ""
FIBERMAP 6 R+3C2 APOGEE 0 0 0 1 0 0 -244.46769456105085 47.13314507314445 143.1 -110.8848015944388 -222.90197738821763 239.95575 107.78042 -999.0 -999.0 -999.0 -999.0 -999.0 246.54116499095693 -26.629450875374676 246.61335084996244 -26.690676015052276 86.92641191544192 41.38078743164357 -999.0 16600.0 -999.0 2 -999 {-999.0 -999.0 -999.0 -999.0 -999.0} "" -999.0 -999.0 -999.0 -999.0 -999 -999 "" "" "" "" 0 0 0.0 0.0 -999 ""
FIBERMAP 6 R+3C2 BOSS 1 1 0 1 0 0 -245.16804419523788 47.28101514541665 143.1 -111.21483726389589 -223.53710586220424 239.95575 107.78042 246.5399020340321 -26.631064323578336 -85.28885 -106.00525 7.4907684 246.54004306256672 -26.631360399562784 246.61222596945356 -26.69259646368522 86.9285264208108 41.38967700168655 5400.0 5400.0 2016.0 1 75 {-999.0 15.384941 13.994631 13.177146 -999.0} sdss_psfmag_from_g3xp 14.824652 13.793186 12.783431 10.814 63050396393261022 1078035268 bright_flexible_2x1 mwm_snc_ext_main_boss mwm_snc science 0 0 1.2669316530227661 0.0 -999 ""
FIBERMAP 6 R+3C2 METROLOGY 0 0 0 1 0 0 -244.70105688904036 47.843806905995635 143.1 -111.63197038229755 -222.93646760136318 239.95575 107.78042 -999.0 -999.0 -999.0 -999.0 -999.0 246.53861376268839 -26.62958431737867 246.61079336825435 -26.69082177572722 86.92800107354942 41.3500382277802 -999.0 6231.0 -999.0 -1 -999 {-999.0 -999.0 -999.0 -999.0 -999.0} "" -999.0 -999.0 -999.0 -999.0 -999 -999 "" "" "" "" 0 0 0.0 0.0 -999 ""
FIBERMAP 13 R-1C1 APOGEE 1 1 0 1 0 0 -262.9828839618856 -24.72704468530145 143.1 -46.612007892007625 -259.9862077586661 18.090538 77.33396 246.7583334781927 -26.742226849791436 -1.2150078 -3.480982 1.8836291 246.7583296247751 -26.74223315183491 246.8309094141556 -26.802911358810928 86.87865909434794 45.43895029854724 16000.0 16600.0 2016.0 2 255 {-999.0 10.645624 10.571429 10.581143 -999.0} sdss_psfmag_from_g3xp 10.692812 10.537557 10.248564 9.773 63050396393185181 975299366 "" ops_std_apogee ops_std standard_apogee 0 0 0.0 0.0 -999 ""
FIBERMAP 13 R-1C1 BOSS 0 0 0 1 0 0 -262.90795863940866 -25.452360499572062 143.1 -45.8931552475823 -260.10828405876714 18.090538 77.33396 -999.0 -999.0 -999.0 -999.0 -999.0 246.76077167100732 -26.742603963441336 246.8333440573598 -26.803284630685063 86.87740889882882 45.47229848948666 -999.0 5400.0 -999.0 1 525 {-999.0 -999.0 -999.0 -999.0 -999.0} "" -999.0 -999.0 -999.0 -999.0 -999 -999 "" "" "" "" 0 0 0.0 0.0 -999 ""
FIBERMAP 13 R-1C1 METROLOGY 0 0 0 1 0 0 -263.58497933355017 -25.174914032830124 143.1 -46.34177952441447 -260.6862325211032 18.090538 77.33396 -999.0 -999.0 -999.0 -999.0 -999.0 246.75923543878704 -26.74438122380582 246.83181532624462 -26.805062689984144 86.87963437738775 45.47717554768445 -999.0 6231.0 -999.0 -1 -999 {-999.0 -999.0 -999.0 -999.0 -999.0} "" -999.0 -999.0 -999.0 -999.0 -999 -999 "" "" "" "" 0 0 0.0 0.0 -999 ""
FIBERMAP 15 R-1C25 APOGEE 0 0 0 1 0 0 261.1334674697648 0.6825237184003043 143.1 69.28170705617723 251.76460484260082 135.52365 50.301132 -999.0 -999.0 -999.0 -999.0 -999.0 247.1523866054323 -25.195020634194947 247.2204978522485 -25.255178461833438 85.44899266351891 34.94989234711676 -999.0 16600.0 -999.0 2 -999 {-999.0 -999.0 -999.0 -999.0 -999.0} "" -999.0 -999.0 -999.0 -999.0 -999 -999 "" "" "" "" 0 0 0.0 0.0 -999 ""
FIBERMAP 15 R-1C25 BOSS 1 1 0 1 0 0 261.825466989536 0.7824317537113608 143.1 69.37079136471996 252.45805093544558 135.52365 50.301132 247.15231076485213 -25.192878825647647 10.750947 -9.737545 1.6301955 247.15269325419138 -25.19292116006405 247.22078799389953 -25.25309304616024 85.44711093565282 34.93809289407926 5400.0 5400.0 2016.0 1 336 {-999.0 15.3178005 14.384879 13.90133 -999.0} sdss_psfmag_from_g3xp 15.0105 14.329042 13.511396 11.822 63050396393546350 1034695743 bright_1x1 mwm_yso_disk_boss_single mwm_yso science 0 0 1.0575512647628784 0.0 -999 ""
FIBERMAP 15 R-1C25 METROLOGY 0 0 0 1 0 0 261.5683176158868 0.07391582557129794 143.1 69.98451919952733 252.02054597550605 135.52365 50.301132 -999.0 -999.0 -999.0 -999.0 -999.0 247.154756943545 -25.194197506744928 247.22285882417486 -25.254360092889193 85.44712837353254 34.966578658974186 -999.0 6231.0 -999.0 -1 -999 {-999.0 -999.0 -999.0 -999.0 -999.0} "" -999.0 -999.0 -999.0 -999.0 -999 -999 "" "" "" "" 0 0 0.0 0.0 -999 ""
FIBERMAP 24 R+3C10 APOGEE 0 0 0 1 0 0 -74.75676430348206 50.13728226039129 143.1 -68.32544800860026 -58.594086508485205 258.94003 49.347652 -999.0 -999.0 -999.0 -999.0 -999.0 246.6869680983843 -26.133425679415893 246.7577213702707 -26.194438067963002 86.4573121259389 37.78155750258247 -999.0 16600.0 -999.0 2 -999 {-999.0 -999.0 -999.0 -999.0 -999.0} "" -999.0 -999.0 -999.0 -999.0 -999 -999 "" "" "" "" 0 0 0.0 0.0 -999 ""
FIBERMAP 24 R+3C10 BOSS 1 1 0 1 0 0 -75.2189041109168 50.75245711036892 143.1 -69.04189588327722 -58.874560284208265 258.94003 49.347652 246.68463621896572 -26.13427996829743 -45.053265 -8.050288 11.3092 246.68450742224937 -26.134289216996233 246.75525379443366 -26.19531787221752 86.45933969575798 37.761303344135456 5400.0 5400.0 2016.0 1 24 {-999.0 20.924307 19.281797 17.309391 -999.0} sdss_psfmag_ps1 20.197395 17.987394 16.617222 13.999 63050396393487109 1151116874 dark_1x1 mwm_snc_100pc_boss_single mwm_snc science 0 0 0.0 0.0 -999 ""
FIBERMAP 24 R+3C10 METROLOGY 0 0 0 1 0 0 -74.47813218891417 50.83144532590797 143.1 -68.91959426217291 -58.13972871806149 258.94003 49.347652 -999.0 -999.0 -999.0 -999.0 -999.0 246.68492095558233 -26.132069116570673 246.7556633769102 -26.193094376296592 86.45733610538635 37.74460045654058 -999.0 6231.0 -999.0 -1 -999 {-999.0 -999.0 -999.0 -999.0 -999.0} "" -999.0 -999.0 -999.0 -999.0 -999 -999 "" "" "" "" 0 0 0.0 0.0 -999 ""
FIBERMAP 27 R-2C1 APOGEE 1 1 0 1 0 0 -258.0916122877829 -57.30303338336804 143.1 -13.917546850492606 -263.99866078167435 5.511141 34.85916 246.86905145915 -26.754690180929824 -2.6185703 -0.9683892 0.5671553 246.8690259177984 -26.754706509001345 246.94167211178 -26.81511776843749 86.81743633490825 46.86804530866516 16000.0 16600.0 2016.0 2 256 {-999.0 13.985061 12.712732 12.195077 -999.0} sdss_psfmag_from_g3xp 13.501243 12.68359 11.798952 9.805 63050396393184445 1108908439 bright_1x1 mwm_tess_rgb_apogee mwm_tessrgb science 0 0 0.0 0.0 -999 ""
FIBERMAP 27 R-2C1 BOSS 0 0 0 1 0 0 -258.6417159878429 -57.80813576750171 143.1 -13.578253992051506 -264.6639243083514 5.511141 34.85916 -999.0 -999.0 -999.0 -999.0 -999.0 246.87017895665733 -26.75669770289869 246.94282184672636 -26.817114006664 86.81809735074589 46.90668510239192 -999.0 5400.0 -999.0 1 526 {-999.0 -999.0 -999.0 -999.0 -999.0} "" -999.0 -999.0 -999.0 -999.0 -999 -999 "" "" "" "" 0 0 0.0 0.0 -999 ""
FIBERMAP 27 R-2C1 METROLOGY 0 0 0 1 0 0 -258.80172800593897 -57.073276889218285 143.1 -14.3290893706496 -264.62126651312786 5.511141 34.85916 -999.0 -999.0 -999.0 -999.0 -999.0 246.86763014577204 -26.756613678882662 246.94027483235868 -26.817033716367447 86.81966734022035 46.87702786703096 -999.0 6231.0 -999.0 -1 -999 {-999.0 -999.0 -999.0 -999.0 -999.0} "" -999.0 -999.0 -999.0 -999.0 -999 -999 "" "" "" "" 0 0 0.0 0.0 -999 ""
FIBERMAP 34 R-11C16 APOGEE 1 1 0 1 0 0 158.68130823829216 -204.67121799304138 143.1 239.6843621281699 98.06010498282234 134.68472 119.58577 247.72392236077658 -25.659220920086064 -22.669752 -32.6048 10.969533 247.7238720613496 -25.659306155116074 247.79347199836604 -25.717972627448205 85.49673299476444 43.73065750695457 16000.0 16600.0 2016.0 2 235 {-999.0 9.769104 9.340085 9.208495 -999.0} sdss_psfmag_from_g3xp 9.694837 9.37251 8.88212 8.083 63050396393527242 984765417 bright_1x1 mwm_snc_100pc_apogee mwm_snc science 0 0 0.0 0.0 -999 ""
FIBERMAP 34 R-11C16 BOSS 0 0 0 1 0 0 158.88679709402163 -203.9435024213875 143.1 239.0383007141638 98.452981280336 134.68472 119.58577 -999.0 -999.0 -999.0 -999.0 -999.0 247.72173102842095 -25.65810466530281 247.79131437645867 -25.716789118571278 85.49715920356516 43.70218331138335 -999.0 5400.0 -999.0 1 345 {-999.0 -999.0 -999.0 -999.0 -999.0} "" -999.0 -999.0 -999.0 -999.0 -999 -999 "" "" "" "" 0 0 0.0 0.0 -999 ""
FIBERMAP 34 R-11C16 METROLOGY 0 0 0 1 0 0 159.4083302389915 -204.4703742647461 143.1 239.68558279580867 98.81432607841573 134.68472 119.58577 -999.0 -999.0 -999.0 -999.0 -999.0 247.7239252215957 -25.65699716638564 247.79350934546835 -25.71567311981218 85.49500511301751 43.71133188152845 -999.0 6231.0 -999.0 -1 -999 {-999.0 -999.0 -999.0 -999.0 -999.0} "" -999.0 -999.0 -999.0 -999.0 -999 -999 "" "" "" "" 0 0 0.0 0.0 -999 ""
FIBERMAP 38 R+13C14 APOGEE 1 1 0 1 0 0 136.81096814360345 272.06702276366406 143.1 -225.4734122901329 204.67433214592253 182.82416 28.99568 246.1665584906466 -25.33433100266421 80.20025 14.731022 16.055792 246.16679082638626 -25.33426278800009 246.23507430527593 -25.39672533940009 86.00766730091712 25.413219070943228 16000.0 16600.0 2016.0 2 57 {-999.0 16.202778 14.790081 13.520929 -999.0} sdss_psfmag_from_g3xp 15.644908 14.224862 13.057927 10.91 63050396395027914 984813368 bright_1x1 mwm_snc_100pc_apogee mwm_snc science 0 0 0.0 0.0 -999 ""
FIBERMAP 38 R+13C14 BOSS 0 0 0 1 0 0 137.52559110009594 272.33626012923446 143.1 -225.54140440829391 205.434925564685 182.82416 28.99568 -999.0 -999.0 -999.0 -999.0 -999.0 246.16665634111664 -25.33200418795627 246.23492635002287 -25.3944812905306 86.00568144066422 25.398090533655022 -999.0 5400.0 -999.0 1 95 {-999.0 -999.0 -999.0 -999.0 -999.0} "" -999.0 -999.0 -999.0 -999.0 -999 -999 "" "" "" "" 0 0 0.0 0.0 -999 ""
FIBERMAP 38 R+13C14 METROLOGY 0 0 0 1 0 0 137.38904198525813 271.59874216181686 143.1 -224.8674350461472 205.10584197913838 182.82416 28.99568 -999.0 -999.0 -999.0 -999.0 -999.0 246.16882265930712 -25.332956278748025 246.23709791292117 -25.395424130302633 86.00572411492341 25.429331017409993 -999.0 6231.0 -999.0 -1 -999 {-999.0 -999.0 -999.0 -999.0 -999.0} "" -999.0 -999.0 -999.0 -999.0 -999 -999 "" "" "" "" 0 0 0.0 0.0 -999 ""
FIBERMAP 41 R+10C10 APOGEE 0 0 0 1 0 0 4.094580055169057 206.0828220327963 143.1 -197.44813594304844 59.13988436850093 219.96083 22.404974 -999.0 -999.0 -999.0 -999.0 -999.0 246.25476621669725 -25.774000323074898 246.32435308545382 -25.836135903618967 86.36502328364365 29.448824806613118 -999.0 16600.0 -999.0 2 -999 {-999.0 -999.0 -999.0 -999.0 -999.0} "" -999.0 -999.0 -999.0 -999.0 -999 -999 "" "" "" "" 0 0 0.0 0.0 -999 ""
FIBERMAP 41 R+10C10 BOSS 1 1 0 1 0 0 4.448073723406868 206.77269029693946 143.1 -198.01809435111366 59.66521517402038 219.96083 22.404974 246.2528025770817 -25.77238185256415 -3.3295562 3.3817225 0.54705566 246.25282590988306 -25.77237132058579 246.32240029355762 -25.834523915524635 86.36444596560871 29.412329790747208 5400.0 5400.0 2016.0 1 127 {-999.0 18.358122 17.422962 16.957413 16.60763} sdss_psfmag_from_ps1dr2 17.9958 17.3981 16.5495 14.966 63050396395016213 1040598306 "" ops_std_boss_ps1dr2 ops_std standard_boss 0 0 0.0 0.0 -999 ""
FIBERMAP 41 R+10C10 METROLOGY 0 0 0 1 0 0 4.841465064054997 206.12357740419122 143.1 -197.28736268199208 59.870365532448666 219.96083 22.404974 -999.0 -999.0 -999.0 -999.0 -999.0 246.25524527257704 -25.771758303942953 246.32482052138005 -25.83390193672032 86.3628596352035 29.437829508689674 -999.0 6231.0 -999.0 -1 -999 {-999.0 -999.0 -999.0 -999.0 -999.0} "" -999.0 -999.0 -999.0 -999.0 -999 -999 "" "" "" "" 0 0 0.0 0.0 -999 ""
FIBERMAP 47 R-6C12 APOGEE 0 0 0 1 0 0 40.85423566138688 -110.38659052147297 143.1 117.29087506952483 9.795087893534584 63.417107 62.712 -999.0 -999.0 -999.0 -999.0 -999.0 247.31442482510502 -25.926953381126374 247.3847214767087 -25.986526290181285 85.94177807752463 42.43246912970744 -999.0 16600.0 -999.0 2 -999 {-999.0 -999.0 -999.0 -999.0 -999.0} "" -999.0 -999.0 -999.0 -999.0 -999 -999 "" "" "" "" 0 0 0.0 0.0 -999 ""
FIBERMAP 47 R-6C12 BOSS 1 1 0 1 0 0 41.29047501248063 -110.97013577831017 143.1 117.96991338073987 10.059079932630715 63.417107 62.712 247.31682484092713 -25.926084588897307 -11.1722765 -22.387636 6.7739887 247.3167914067467 -25.92613500144151 247.38707507720528 -25.985713963235305 85.93977640918803 42.44748066664073 5400.0 5400.0 2016.0 1 391 {-999.0 19.260635 17.512169 15.666751 -999.0} sdss_psfmag_ps1 18.435678 16.28025 14.921912 11.933 63050396393499924 1035052010 bright_1x1 mwm_yso_pms_boss_sagitta_edr3_single mwm_yso science 0 0 0.0 0.0 -999 ""
FIBERMAP 47 R-6C12 METROLOGY 0 0 0 1 0 0 40.55780890039068 -111.07334330971733 143.1 117.87311616416234 9.325571035404357 63.417107 62.712 -999.0 -999.0 -999.0 -999.0 -999.0 247.3164767257006 -25.928363795529577 247.38677006040996 -25.987939644968616 85.9416349685925 42.4652070112997 -999.0 6231.0 -999.0 -1 -999 {-999.0 -999.0 -999.0 -999.0 -999.0} "" -999.0 -999.0 -999.0 -999.0 -999 -999 "" "" "" "" 0 0 0.0 0.0 -999 ""
FIBERMAP 48 R-6C4 APOGEE 0 0 0 1 0 0 -141.08307723210118 -123.28720712336825 143.1 80.99142353836412 -168.9425424938053 6.084261 84.013504 -999.0 -999.0 -999.0 -999.0 -999.0 247.19125529029603 -26.46874202658182 247.2631301144935 -26.528462292520555 86.41163703751393 46.80946782463809 -999.0 16600.0 -999.0 2 -999 {-999.0 -999.0 -999.0 -999.0 -999.0} "" -999.0 -999.0 -999.0 -999.0 -999 -999 "" "" "" "" 0 0 0.0 0.0 -999 ""
FIBERMAP 48 R-6C4 BOSS 1 1 0 1 0 0 -141.08147218653593 -124.03935697082007 143.1 81.71649135004125 -169.1424441311394 6.084261 84.013504 247.19375610351565 -26.469375025821407 -999.0 -999.0 -999.0 247.19374686045748 -26.469388232637336 247.26561351016812 -26.529111810352187 86.41050883631718 46.8417593903165 5400.0 5400.0 2015.5 1 491 {-999.0 -999.0 -999.0 -999.0 -999.0} "" -999.0 -999.0 -999.0 -999.0 27021603175504852 823837855 "" ops_sky_boss_good ops_sky sky_boss 0 0 0.0 0.0 -999 ""
FIBERMAP 48 R-6C4 METROLOGY 0 0 0 1 0 0 -141.72689470737333 -123.667992200978 143.1 81.18584701132372 -169.66479610959098 6.084261 84.013504 -999.0 -999.0 -999.0 -999.0 -999.0 247.19195652105194 -26.470993252690942 247.26383055254553 -26.530717991409368 86.41277242111485 46.84218530936619 -999.0 6231.0 -999.0 -1 -999 {-999.0 -999.0 -999.0 -999.0 -999.0} "" -999.0 -999.0 -999.0 -999.0 -999 -999 "" "" "" "" 0 0 0.0 0.0 -999 ""
FIBERMAP 50 R-4C21 APOGEE 1 1 0 1 0 0 197.70908880705184 -63.290297887573274 143.1 113.92762534746267 173.52633070029205 118.520485 102.854095 247.30224609375 -25.43094875677653 -999.0 -999.0 -999.0 247.3022684149949 -25.430966414290385 247.3711029060944 -25.490702729132558 85.5631669023835 38.101479436493605 16000.0 16600.0 2015.5 2 225 {-999.0 -999.0 -999.0 -999.0 -999.0} "" -999.0 -999.0 -999.0 -999.0 27021603175509160 845950083 "" ops_sky_apogee_best ops_sky sky_apogee 0 0 0.0 0.0 -999 ""
FIBERMAP 50 R-4C21 BOSS 0 0 0 1 0 0 198.24496649972104 -62.78886289799739 143.1 113.5880555931928 174.17690633753912 118.520485 102.854095 -999.0 -999.0 -999.0 -999.0 -999.0 247.30116742146313 -25.428944121401816 247.36998472274183 -25.488696960276545 85.5621619239361 38.07552632590654 -999.0 5400.0 -999.0 1 323 {-999.0 -999.0 -999.0 -999.0 -999.0} "" -999.0 -999.0 -999.0 -999.0 -999 -999 "" "" "" "" 0 0 0.0 0.0 -999 ""
FIBERMAP 50 R-4C21 METROLOGY 0 0 0 1 0 0 198.41782434840997 -63.517125155593746 143.1 114.33597613369123 174.14839127203538 118.520485 102.854095 -999.0 -999.0 -999.0 -999.0 -999.0 247.30368811130808 -25.4290135301329 247.372509300366 -25.48875655021953 85.56084784718065 38.09959673443893 -999.0 6231.0 -999.0 -1 -999 {-999.0 -999.0 -999.0 -999.0 -999.0} "" -999.0 -999.0 -999.0 -999.0 -999 -999 "" "" "" "" 0 0 0.0 0.0 -999 ""
FIBERMAP 51 R+5C4 APOGEE 0 0 0 1 0 0 -163.27179472571106 85.87206255330341 143.1 -126.46007507085645 -134.30060933238 285.6487 124.545074 -999.0 -999.0 -999.0 -999.0 -999.0 246.48951941278332 -26.361722881673316 246.56089683981452 -26.4231429448606 86.74612213252637 37.69766068024529 -999.0 16600.0 -999.0 2 -999 {-999.0 -999.0 -999.0 -999.0 -999.0} "" -999.0 -999.0 -999.0 -999.0 -999 -999 "" "" "" "" 0 0 0.0 0.0 -999 ""
FIBERMAP 51 R+5C4 BOSS 1 1 0 1 0 0 -163.69706568164338 85.31613717806144 143.1 -126.0383843088175 -134.85921811019878 285.6487 124.545074 246.49089505332304 -26.36335509217845 -12.577459 -19.21253 0.48463395 246.49089712104941 -26.363457317509564 246.56227191005837 -26.42488341458544 86.74678232671097 37.73338027839321 5400.0 5400.0 2016.0 1 38 {-999.0 16.760141 16.11092 15.793047 15.605047} sdss_psfmag_from_ps1dr2 16.5434 16.0933 15.4166 14.136 63050396393270463 1040595264 "" ops_std_boss_ps1dr2 ops_std standard_boss 0 0 0.0 0.0 -999 ""
FIBERMAP 51 R+5C4 METROLOGY 0 0 0 1 0 0 -164.01097686711378 85.98655263421591 143.1 -126.76835220630139 -134.98209005853076 285.6487 124.545074 -999.0 -999.0 -999.0 -999.0 -999.0 246.48840959699737 -26.36383164332703 246.5597871534825 -26.42526077698699 86.74841430673409 37.70590249279553 -999.0 6231.0 -999.0 -1 -999 {-999.0 -999.0 -999.0 -999.0 -999.0} "" -999.0 -999.0 -999.0 -999.0 -999 -999 "" "" "" "" 0 0 0.0 0.0 -999 ""
FIBERMAP 60 R-3C7 APOGEE 1 1 0 1 0 0 -110.12930361890554 -42.657657390243685 143.1 11.601453638076583 -117.52600880638757 103.00287 52.698814 246.9567860173843 -26.313030839185018 -5.6408772 0.4587219 0.6985457 246.95676388775576 -26.313034904446663 247.02811693964009 -26.373356508146482 86.44362734710195 42.6448201348868 16000.0 16600.0 2016.0 2 290 {-999.0 13.261794 11.884249 11.283429 -999.0} sdss_psfmag_from_g3xp 12.711379 11.811904 10.879479 8.685 63050396393477528 1109141801 bright_1x1 mwm_tess_rgb_apogee mwm_tessrgb science 0 0 0.0 0.0 -999 ""
FIBERMAP 60 R-3C7 BOSS 0 0 0 1 0 0 -109.51632261608525 -43.06599047779102 143.1 12.159025280334301 -117.04481291853273 103.00287 52.698814 -999.0 -999.0 -999.0 -999.0 -999.0 246.95867245271307 -26.31163174208526 247.03001197444712 -26.371959181981744 86.44145643435618 42.65045403237997 -999.0 5400.0 -999.0 1 476 {-999.0 -999.0 -999.0 -999.0 -999.0} "" -999.0 -999.0 -999.0 -999.0 -999 -999 "" "" "" "" 0 0 0.0 0.0 -999 ""
FIBERMAP 60 R-3C7 METROLOGY 0 0 0 1 0 0 -110.17533417813763 -43.40326661627781 143.1 12.307461845459716 -117.77005187561436 103.00287 52.698814 -999.0 -999.0 -999.0 -999.0 -999.0 246.9591674686152 -26.313845092119067 247.0305164722787 -26.37416791291914 86.4428138823062 42.67946038011553 -999.0 6231.0 -999.0 -1 -999 {-999.0 -999.0 -999.0 -999.0 -999.0} "" -999.0 -999.0 -999.0 -999.0 -999 -999 "" "" "" "" 0 0 0.0 0.0 -999 ""
FIBERMAP 73 R-11C14 APOGEE 0 0 0 1 0 0 122.93136635737052 -200.07906516507515 143.1 225.68528796476818 64.84772823274587 93.23291 115.48054 -999.0 -999.0 -999.0 -999.0 -999.0 247.67776656947103 -25.759782699563544 247.74765280784902 -25.818532265389646 85.59882186090559 44.21143757536947 -999.0 16600.0 -999.0 2 232 {-999.0 -999.0 -999.0 -999.0 -999.0} "" -999.0 -999.0 -999.0 -999.0 -999 -999 "" "" "" "" 0 0 0.0 0.0 -999 ""
FIBERMAP 73 R-11C14 BOSS 1 1 0 1 0 0 123.61143545066696 -199.84640200056592 143.1 225.6432777008735 65.56523603656252 93.23291 115.48054 247.67738182877093 -25.757541000620357 -10.537135 -21.154408 6.1587243 247.67766108449533 -25.757590641028635 247.74752840349186 -25.816353205100402 85.5972945083069 44.191135824627736 5400.0 5400.0 2016.0 1 341 {-999.0 17.040533 15.215284 13.924203 -999.0} sdss_psfmag_ps1 15.998772 14.767378 13.048677 10.06 63050396393526944 1075849148 bright_1x1 mwm_erosita_stars_boss mwm_erosita science 0 0 1.0512431859970093 0.0 -999 ""
FIBERMAP 73 R-11C14 METROLOGY 0 0 0 1 0 0 123.47884467366741 -200.58566070954546 143.1 226.31998429219382 65.23949977987174 93.23291 115.48054 -999.0 -999.0 -999.0 -999.0 -999.0 247.67996467705993 -25.758566222715256 247.74983890766225 -25.81731956239552 85.59659668692206 44.21959256754809 -999.0 6231.0 -999.0 -1 -999 {-999.0 -999.0 -999.0 -999.0 -999.0} "" -999.0 -999.0 -999.0 -999.0 -999 -999 "" "" "" "" 0 0 0.0 0.0 -999 ""
FIBERMAP 85 R+2C11 APOGEE 0 0 0 1 0 0 -32.38778339859107 27.36334679021396 143.1 -35.03686465672613 -23.87439910302989 345.30777 86.35788 -999.0 -999.0 -999.0 -999.0 -999.0 246.7999090664405 -26.028451563757276 246.8703808585767 -26.089223612756157 86.31248765983757 38.067201846141245 -999.0 16600.0 -999.0 2 15 {-999.0 -999.0 -999.0 -999.0 -999.0} "" -999.0 -999.0 -999.0 -999.0 -999 -999 "" "" "" "" 0 0 0.0 0.0 -999 ""
FIBERMAP 85 R+2C11 BOSS 1 1 0 1 0 0 -32.59805845723936 26.669736594921375 143.1 -34.42494300941551 -24.26275210669119 345.30777 86.35788 246.8019765723482 -26.02964134215199 -1.8145816 -2.529424 0.27520952 246.80195720579852 -26.029642055129628 246.87242377191478 -26.090419957633046 86.31234225650938 38.10118247884617 5400.0 5400.0 2016.0 1 23 {-999.0 18.955086 18.014084 17.766907 -999.0} sdss_psfmag_ps1 18.883404 18.056194 17.175714 -999.0 63050396393490597 1055535692 dark_flexible_2x1 bhm_csc_boss bhm_csc science 0 0 0.0 0.0 -999 ""
FIBERMAP 85 R+2C11 METROLOGY 0 0 0 1 0 0 -33.113851521270604 27.21523968090579 143.1 -35.08863748217063 -24.613576785018367 345.30777 86.35788 -999.0 -999.0 -999.0 -999.0 -999.0 246.7997039007244 -26.030705459744386 246.87017566991426 -26.09148530329794 86.31440682825975 38.08603262459559 -999.0 6231.0 -999.0 -1 -999 {-999.0 -999.0 -999.0 -999.0 -999.0} "" -999.0 -999.0 -999.0 -999.0 -999 -999 "" "" "" "" 0 0 0.0 0.0 -999 ""
FIBERMAP 89 R-9C1 APOGEE 1 1 0 1 0 0 -209.07202973233007 -178.0299191215775 143.1 115.52232056735531 -249.1063325092187 232.28056 68.203285 247.30734590006742 -26.709916696971902 0.34237993 -2.9096818 0.51080245 247.30734427860327 -26.709940373085413 247.37996897362825 -26.769318137427735 86.49775345884214 50.82096060752997 16000.0 16600.0 2016.0 2 258 {-999.0 13.92556 12.843698 12.408247 -999.0} sdss_psfmag_from_g3xp 13.548467 12.841967 12.027841 10.252 63050396393374929 1107233998 bright_1x1 mwm_tess_rgb_apogee mwm_tessrgb science 0 0 0.0 0.0 -999 ""
FIBERMAP 89 R-9C1 BOSS 0 0 0 1 0 0 -209.4525137964022 -177.40282135560565 143.1 114.81625571262089 -249.30494401166163 232.28056 68.203285 -999.0 -999.0 -999.0 -999.0 -999.0 247.30496141622004 -26.710524879763796 247.3775761104372 -26.769916718252937 86.49976496617036 50.805631535322505 -999.0 5400.0 -999.0 1 352 {-999.0 -999.0 -999.0 -999.0 -999.0} "" -999.0 -999.0 -999.0 -999.0 -999 -999 "" "" "" "" 0 0 0.0 0.0 -999 ""
FIBERMAP 89 R-9C1 METROLOGY 0 0 0 1 0 0 -208.71046883490393 -177.38041834950667 143.1 114.99341374375354 -248.58404116347953 232.28056 68.203285 -999.0 -999.0 -999.0 -999.0 -999.0 247.3055897468563 -26.70841032530066 247.37820142270823 -26.76779882091952 86.49796222030811 50.78526251091097 -999.0 6231.0 -999.0 -1 -999 {-999.0 -999.0 -999.0 -999.0 -999.0} "" -999.0 -999.0 -999.0 -999.0 -999 -999 "" "" "" "" 0 0 0.0 0.0 -999 ""
FIBERMAP 92 R-1C26 APOGEE 1 1 0 1 0 0 286.4611760588347 -38.55409954867062 143.1 113.86665416180618 265.6571558690975 340.1579 53.820198 247.3010874087095 -25.15372799042856 -4.3464737 -6.567304 0.32884938 247.30108429628913 -25.153763928010697 247.36910831427872 -25.213578195962334 85.33909908460402 36.04450300616247 16000.0 16600.0 2016.0 2 229 {-999.0 16.232851 14.35698 13.364075 -999.0} sdss_psfmag_from_g3xp 15.359226 13.994538 12.852312 9.782 63050396393543652 1153043311 bright_1x1 mwm_galactic_core_dist_apogee_sparse mwm_galactic science 0 0 0.0 0.0 -999 ""
FIBERMAP 92 R-1C26 BOSS 0 0 0 1 0 0 285.8149787707996 -39.014423279247225 143.1 114.13706956219079 264.91130668501125 340.1579 53.820198 -999.0 -999.0 -999.0 -999.0 -999.0 247.30199192734884 -25.156018044606043 247.37001172303462 -25.21584390861037 85.34049740733204 36.068641569777355 -999.0 5400.0 -999.0 1 338 {-999.0 -999.0 -999.0 -999.0 -999.0} "" -999.0 -999.0 -999.0 -999.0 -999 -999 "" "" "" "" 0 0 0.0 0.0 -999 ""
FIBERMAP 92 R-1C26 METROLOGY 0 0 0 1 0 0 285.7754000623334 -38.234873468174456 143.1 113.37543354465238 265.081962169457 340.1579 53.820198 -999.0 -999.0 -999.0 -999.0 -999.0 247.2994734147185 -25.155448029443562 247.36749411581718 -25.215275987194616 85.34132613065569 36.04160255692773 -999.0 6231.0 -999.0 -1 -999 {-999.0 -999.0 -999.0 -999.0 -999.0} "" -999.0 -999.0 -999.0 -999.0 -999 -999 "" "" "" "" 0 0 0.0 0.0 -999 ""
FIBERMAP 101 R-9C6 APOGEE 0 0 0 1 0 0 -82.15542837367511 -164.0152906004423 143.1 136.0123343880676 -123.07851702012374 92.800514 131.98138 -999.0 -999.0 -999.0 -999.0 -999.0 247.37745366765904 -26.329731834682065 247.44896007192403 -26.389045066709215 86.195246545435 47.07357428466412 -999.0 16600.0 -999.0 2 181 {-999.0 -999.0 -999.0 -999.0 -999.0} "" -999.0 -999.0 -999.0 -999.0 -999 -999 "" "" "" "" 0 0 0.0 0.0 -999 ""
FIBERMAP 101 R-9C6 BOSS 1 1 0 1 0 0 -81.61383448345401 -163.48908772322343 143.1 135.65043366537765 -122.41580069788422 92.800514 131.98138 247.37631842124753 -26.327760679099008 1.8223214 0.39845994 0.17727283 247.37629730385765 -26.32776094175196 247.4477861836773 -26.38708745249338 86.1946286311207 47.04140928094313 5400.0 5400.0 2016.0 1 374 {-999.0 18.45054 17.766201 17.426958 -999.0} sdss_psfmag_ps1 18.352226 17.7112 17.09323 -999.0 63050396393397461 978584881 "" ops_std_boss ops_std standard_boss 0 0 0.0 0.0 -999 ""
FIBERMAP 101 R-9C6 METROLOGY 0 0 0 1 0 0 -81.43345547402022 -164.18489212518645 143.1 136.36909797336313 -122.42837653575283 92.800514 131.98138 -999.0 -999.0 -999.0 -999.0 -999.0 247.37873928337777 -26.32781143840927 247.45023212208594 -26.38712927155784 86.19309221508699 47.06495103083927 -999.0 6231.0 -999.0 -1 -999 {-999.0 -999.0 -999.0 -999.0 -999.0} "" -999.0 -999.0 -999.0 -999.0 -999 -999 "" "" "" "" 0 0 0.0 0.0 -999 ""
FIBERMAP 105 R-2C23 APOGEE 1 1 0 1 0 0 239.00423620925403 -34.93393250033719 143.1 97.668532478875 220.90566971789156 31.372896 99.852905 247.2474507650128 -25.287999044841946 -1.3594182 -6.162809 0.08588105 247.24745797912067 -25.288029523183262 247.31586196510705 -25.34793538195363 85.47683593659502 36.511664342302424 16000.0 16600.0 2016.0 2 203 {-999.0 16.773563 14.712624 13.526992 -999.0} sdss_psfmag_from_g3xp 15.7669935 14.190397 12.982797 9.61 63050396393542868 1153043307 bright_1x1 mwm_galactic_core_dist_apogee_sparse mwm_galactic science 0 0 0.0 0.0 -999 ""
FIBERMAP 105 R-2C23 BOSS 0 0 0 1 0 0 239.48704195055606 -35.51543407493084 143.1 98.3580737175517 221.21507221410775 31.372896 99.852905 -999.0 -999.0 -999.0 -999.0 -999.0 247.24978353343135 -25.287066840546395 247.3181744109935 -25.3469812871026 85.47485251090643 36.526359835066046 -999.0 5400.0 -999.0 1 286 {-999.0 -999.0 -999.0 -999.0 -999.0} "" -999.0 -999.0 -999.0 -999.0 -999 -999 "" "" "" "" 0 0 0.0 0.0 -999 ""
FIBERMAP 105 R-2C23 METROLOGY 0 0 0 1 0 0 238.7491061065475 -35.62778779847124 143.1 98.26867675633888 220.4740367189044 31.372896 99.852905 -999.0 -999.0 -999.0 -999.0 -999.0 247.24950615229062 -25.289262368889187 247.31790644808723 -25.349172944182197 85.47678353153958 36.539855065221275 -999.0 6231.0 -999.0 -1 -999 {-999.0 -999.0 -999.0 -999.0 -999.0} "" -999.0 -999.0 -999.0 -999.0 -999 -999 "" "" "" "" 0 0 0.0 0.0 -999 ""
FIBERMAP 109 R-5C5 APOGEE 1 0 1 1 0 0 -148.21006734490734 -89.77618933513197 143.1 46.79734310455254 -166.83360201845284 24.249979 163.58752 247.14157104492188 -26.516263449723112 -999.0 -999.0 -999.0 247.0755339097525 -26.462397747205035 247.14736087608935 -26.522395825295995 86.48038826935496 45.55570766069275 16000.0 16600.0 2015.5 2 295 {-999.0 -999.0 -999.0 -999.0 -999.0} "" -999.0 -999.0 -999.0 -999.0 27021603175504840 845949419 "" ops_sky_apogee_best ops_sky sky_apogee 0 0 0.0 0.0 -999 ""
FIBERMAP 109 R-5C5 BOSS 0 0 1 1 0 0 -147.50787342530984 -89.50517714883357 143.1 46.724312220860796 -166.08450766147206 24.249979 163.58752 -999.0 -999.0 -999.0 -999.0 -999.0 247.0753222021219 -26.46018610553541 247.14713224271281 -26.520194744361955 86.47895389462158 45.528314462825506 -999.0 5400.0 -999.0 1 486 {-999.0 -999.0 -999.0 -999.0 -999.0} "" -999.0 -999.0 -999.0 -999.0 -999 -999 "" "" "" "" 0 0 0.0 0.0 -999 ""
FIBERMAP 109 R-5C5 METROLOGY 0 0 1 1 0 0 -147.62421959672545 -90.2425590828923 143.1 47.403561471188155 -166.39409084712327 24.249979 163.58752 -999.0 -999.0 -999.0 -999.0 -999.0 247.07762347695953 -26.461146162302526 247.1494398640691 -26.521146370392135 86.47819524614589 45.56320811358569 -999.0 6231.0 -999.0 -1 -999 {-999.0 -999.0 -999.0 -999.0 -999.0} "" -999.0 -999.0 -999.0 -999.0 -999 -999 "" "" "" "" 0 0 0.0 0.0 -999 ""
FIBERMAP 111 R+1C26 APOGEE 1 0 1 1 0 0 281.05050730630904 27.080733694579422 143.1 49.18345530502371 278.02334645246924 8.951245 169.93553 247.053091358494 -25.146841413527373 -5.1903176 -6.468004 0.020452302 247.08520634692744 -25.11608710282264 247.15307264428782 -25.176426456240097 85.41626640256423 33.76836149612291 16000.0 16600.0 2016.0 2 107 {-999.0 16.3331 14.383243 13.303154 -999.0} sdss_psfmag_from_g3xp 15.396337 13.955331 12.788545 9.66 63050396393547110 1153043329 bright_1x1 mwm_galactic_core_dist_apogee_sparse mwm_galactic science 0 0 0.0 0.0 -999 ""
FIBERMAP 111 R+1C26 BOSS 0 0 1 1 0 0 281.79515865698 27.06377288752397 143.1 49.39923537951142 278.736217560743 8.951245 169.93553 -999.0 -999.0 -999.0 -999.0 -999.0 247.08593144688734 -25.11396347276439 247.1537815206426 -25.174316184982175 85.41414173387929 33.760953970937294 -999.0 5400.0 -999.0 1 183 {-999.0 -999.0 -999.0 -999.0 -999.0} "" -999.0 -999.0 -999.0 -999.0 -999 -999 "" "" "" "" 0 0 0.0 0.0 -999 ""
FIBERMAP 111 R+1C26 METROLOGY 0 0 1 1 0 0 281.4195958124818 26.420100399261358 143.1 49.918776969010445 278.20199741378207 8.951245 169.93553 -999.0 -999.0 -999.0 -999.0 -999.0 247.0876742827725 -25.11551576578276 247.15553215176055 -25.175859787342127 85.41459265247087 33.78804037560684 -999.0 6231.0 -999.0 -1 -999 {-999.0 -999.0 -999.0 -999.0 -999.0} "" -999.0 -999.0 -999.0 -999.0 -999 -999 "" "" "" "" 0 0 0.0 0.0 -999 ""
FIBERMAP 112 R-4C23 APOGEE 1 1 0 1 0 0 267.04797384886575 -72.83080402194015 143.1 141.69016578818187 237.77372882906172 74.014595 40.84294 247.39425905890496 -25.23767424122755 -1.4518172 -2.3694363 0.9113426 247.39426391405092 -25.23769405886444 247.46255343161067 -25.297263099016174 85.35843123329904 37.491743875291945 16000.0 16600.0 2016.0 2 237 {-999.0 13.825813 12.467916 11.781841 -999.0} sdss_psfmag_from_g3xp 13.286954 12.321956 11.34625 9.002 63050396393542602 1107342721 bright_1x1 mwm_tess_rgb_apogee mwm_tessrgb science 0 0 0.0 0.0 -999 ""
FIBERMAP 112 R-4C23 BOSS 0 0 0 1 0 0 267.3805626760043 -73.49503227289142 143.1 142.4191752190537 237.91625235035468 74.014595 40.84294 -999.0 -999.0 -999.0 -999.0 -999.0 247.39669478861902 -25.23727249273969 247.46497226222777 -25.296849918276678 85.35680957356342 37.51057671615615 -999.0 5400.0 -999.0 1 347 {-999.0 -999.0 -999.0 -999.0 -999.0} "" -999.0 -999.0 -999.0 -999.0 -999 -999 "" "" "" "" 0 0 0.0 0.0 -999 ""
FIBERMAP 112 R-4C23 METROLOGY 0 0 0 1 0 0 266.6164139055395 -73.43891720816875 143.1 142.16045107408613 237.1950836613286 74.014595 40.84294 -999.0 -999.0 -999.0 -999.0 -999.0 247.3958720815621 -25.239392578540738 247.46415878668586 -25.298967399122052 85.3589539528565 37.51864390658079 -999.0 6231.0 -999.0 -1 -999 {-999.0 -999.0 -999.0 -999.0 -999.0} "" -999.0 -999.0 -999.0 -999.0 -999 -999 "" "" "" "" 0 0 0.0 0.0 -999 ""
FIBERMAP 113 R-7C11 APOGEE 1 1 0 1 0 0 24.88912228996455 -135.04279836141177 143.1 136.7692859086453 -12.189719955599061 6.834116 113.65986 247.38010359617283 -25.993627156379134 -2.3777535 -2.8892028 0.13272479 247.38008323914562 -25.9936258486969 247.45059252294038 -26.053023862594475 85.95215043260399 43.68350711154716 16000.0 16600.0 2016.0 2 167 {-999.0 15.585659 13.822714 12.858965 -999.0} sdss_psfmag_from_g3xp 14.792909 13.495518 12.380721 9.472 63050396393498424 1153043218 bright_1x1 mwm_galactic_core_dist_apogee_sparse mwm_galactic science 0 0 0.0 0.0 -999 ""
FIBERMAP 113 R-7C11 BOSS 0 0 0 1 0 0 25.2742316703524 -135.67666065396364 143.1 137.48310665561246 -11.988464060570656 6.834116 113.65986 -999.0 -999.0 -999.0 -999.0 -999.0 247.38257051218116 -25.993007317063825 247.4530671837017 -26.052410793883382 85.9502017541912 43.70097517366662 -999.0 5400.0 -999.0 1 400 {-999.0 -999.0 -999.0 -999.0 -999.0} "" -999.0 -999.0 -999.0 -999.0 -999 -999 "" "" "" "" 0 0 0.0 0.0 -999 ""
FIBERMAP 113 R-7C11 METROLOGY 0 0 0 1 0 0 24.527427312602818 -135.69357607265735 143.1 137.29938705334655 -12.712482479014223 6.834116 113.65986 -999.0 -999.0 -999.0 -999.0 -999.0 247.38196683375133 -25.99520939179623 247.45247310380785 -26.054610523557525 85.95218852913732 43.71633661430428 -999.0 6231.0 -999.0 -1 -999 {-999.0 -999.0 -999.0 -999.0 -999.0} "" -999.0 -999.0 -999.0 -999.0 -999 -999 "" "" "" "" 0 0 0.0 0.0 -999 ""
FIBERMAP 116 R+4C14 APOGEE 0 0 0 1 0 0 42.417507466843205 58.63090067645152 143.1 -45.12565394959393 56.56906164945282 306.97058 64.13894 -999.0 -999.0 -999.0 -999.0 -999.0 246.76687720017145 -25.7840671013768 246.8366215464181 -25.84498377954053 86.13163363373639 35.53277319536306 -999.0 16600.0 -999.0 2 -999 {-999.0 -999.0 -999.0 -999.0 -999.0} "" -999.0 -999.0 -999.0 -999.0 -999 -999 "" "" "" "" 0 0 0.0 0.0 -999 ""
FIBERMAP 116 R+4C14 BOSS 1 1 0 1 0 0 41.68552077343265 58.46994417336135 143.1 -45.16663255086193 55.82074043678503 306.97058 64.13894 246.76669122729703 -25.786300992175722 1.3398005 -2.7730064 0.63593763 246.76670761341592 -25.786292182244456 246.83644935366647 -25.84722062270298 86.13356702611725 35.54960924155489 5400.0 5400.0 2016.0 1 165 {-999.0 17.976852 16.621883 15.8438 15.193961} sdss_psfmag_from_ps1dr2 17.3863 16.4957 15.452 13.248 63050396393519093 1040595692 "" ops_std_boss_ps1dr2 ops_std standard_boss 0 0 0.0 0.0 -999 ""
FIBERMAP 116 R+4C14 METROLOGY 0 0 0 1 0 0 41.919329368883304 59.188858380501884 143.1 -45.79662967020515 56.23854333724696 306.97058 64.13894 -999.0 -999.0 -999.0 -999.0 -999.0 246.76458203039874 -25.785015512196697 246.83432208586055 -25.84594596838496 86.1335961890325 35.515503051640906 -999.0 6231.0 -999.0 -1 -999 {-999.0 -999.0 -999.0 -999.0 -999.0} "" -999.0 -999.0 -999.0 -999.0 -999 -999 "" "" "" "" 0 0 0.0 0.0 -999 ""
FIBERMAP 121 R+6C3 APOGEE 1 1 0 1 0 0 -192.0701537387204 102.3545854201334 143.1 -150.05275735253485 -157.63108339996253 271.42184 66.14894 246.40960693359372 -26.431617686776292 -999.0 -999.0 -999.0 246.40958903198302 -26.431620716374773 246.4811523881766 -26.493211738628194 86.84492484119217 37.41791496800772 16000.0 16600.0 2015.5 2 18 {-999.0 -999.0 -999.0 -999.0 -999.0} "" -999.0 -999.0 -999.0 -999.0 27021603175502697 837000576 "" ops_sky_apogee_best ops_sky sky_apogee 0 0 0.0 0.0 -999 ""
FIBERMAP 121 R+6C3 BOSS 0 0 0 1 0 0 -192.743159200278 102.62848473835709 143.1 -150.49688882936047 -158.2061135289837 271.42184 66.14894 -999.0 -999.0 -999.0 -999.0 -999.0 246.40805665377727 -26.433367448757767 246.4796169415688 -26.494971144305982 86.84715647056692 37.41680204079472 -999.0 5400.0 -999.0 1 26 {-999.0 -999.0 -999.0 -999.0 -999.0} "" -999.0 -999.0 -999.0 -999.0 -999 -999 "" "" "" "" 0 0 0.0 0.0 -999 ""
FIBERMAP 121 R+6C3 METROLOGY 0 0 0 1 0 0 -192.15967320186869 103.09318219318465 143.1 -150.78831391125658 -157.51951038682952 271.42184 66.14894 -999.0 -999.0 -999.0 -999.0 -999.0 246.40705407741336 -26.431312290653757 246.4786102331019 -26.49291623192396 86.8460372304509 37.381450501218524 -999.0 6231.0 -999.0 -1 -999 {-999.0 -999.0 -999.0 -999.0 -999.0} "" -999.0 -999.0 -999.0 -999.0 -999 -999 "" "" "" "" 0 0 0.0 0.0 -999 ""
FIBERMAP 127 R-1C2 APOGEE 0 0 0 1 0 0 -250.36662492278398 -14.157303702217263 143.1 -53.41612472140304 -245.00053327175675 353.9634 151.72653 -999.0 -999.0 -999.0 -999.0 -999.0 246.735415958068 -26.697122944890282 246.80785502800995 -26.757867867066267 86.8604389645246 44.59569082210231 -999.0 16600.0 -999.0 2 -999 {-999.0 -999.0 -999.0 -999.0 -999.0} "" -999.0 -999.0 -999.0 -999.0 -999 -999 "" "" "" "" 0 0 0.0 0.0 -999 ""
FIBERMAP 127 R-1C2 BOSS 1 1 0 1 0 0 -249.76229478706404 -14.57577839366827 143.1 -52.85109938988612 -244.5303880436104 353.9634 151.72653 246.7370634605601 -26.695705151156652 -2.7777016 -8.2198305 0.09344437 246.73733797622384 -26.6957283087921 246.80976432606042 -26.75647758042781 86.85825722033857 44.60083467035213 5400.0 5400.0 2016.0 1 512 {-999.0 15.795828 14.821228 14.345908 -999.0} sdss_psfmag_from_g3xp 15.47556 14.781821 13.96593 12.132 63050396393186428 1071861478 dark_flexible_2x1 mwm_halo_mp_xp_boss mwm_halo science 0 0 0.936111569404602 0.0 -999 ""
FIBERMAP 127 R-1C2 METROLOGY 0 0 0 1 0 0 -250.42413483889592 -14.903085725562484 143.1 -52.71302454851268 -245.2556820895763 353.9634 151.72653 -999.0 -999.0 -999.0 -999.0 -999.0 246.73778638875305 -26.69795472282197 246.81022206813122 -26.7586998980994 86.85958910409589 44.634146896700145 -999.0 6231.0 -999.0 -1 -999 {-999.0 -999.0 -999.0 -999.0 -999.0} "" -999.0 -999.0 -999.0 -999.0 -999 -999 "" "" "" "" 0 0 0.0 0.0 -999 ""
FIBERMAP 133 R-7C18 APOGEE 1 1 0 1 0 0 180.55847075704443 -139.14278737594128 143.1 182.4121621872331 136.68750285363924 344.6523 118.68003 247.53195837002622 -25.542571205939865 -1.0930474 -1.8472273 2.172858 247.5319346277075 -25.542553745522916 247.60114814043072 -25.601711118231986 85.52223886239496 41.08438057070873 16000.0 16600.0 2016.0 2 222 {-999.0 15.727616 14.672252 14.118295 -999.0} sdss_psfmag_from_g3xp 15.354849 14.583669 13.708313 11.79 63050396393532022 1035005056 bright_1x1 mwm_yso_pms_apogee_zari18pms_single mwm_yso science 0 0 0.0 0.0 -999 ""
FIBERMAP 133 R-7C18 BOSS 0 0 0 1 0 0 180.72757479278926 -139.88245581410317 143.1 183.17006631427546 136.65231636855614 344.6523 118.68003 -999.0 -999.0 -999.0 -999.0 -999.0 247.53451380337893 -25.54262684825488 247.60371622879848 -25.601790977740638 85.52082420813187 41.10788613486801 -999.0 5400.0 -999.0 1 320 {-999.0 -999.0 -999.0 -999.0 -999.0} "" -999.0 -999.0 -999.0 -999.0 -999 -999 "" "" "" "" 0 0 0.0 0.0 -999 ""
FIBERMAP 133 R-7C18 METROLOGY 0 0 0 1 0 0 180.01847227137134 -139.6619748608109 143.1 182.7677314210403 136.02820250926422 344.6523 118.68003 -999.0 -999.0 -999.0 -999.0 -999.0 247.53320851325896 -25.544493066873383 247.60241950333727 -25.603656137911866 85.52300668601883 41.11157856721593 -999.0 6231.0 -999.0 -1 -999 {-999.0 -999.0 -999.0 -999.0 -999.0} "" -999.0 -999.0 -999.0 -999.0 -999 -999 "" "" "" "" 0 0 0.0 0.0 -999 ""
FIBERMAP 135 R-9C8 APOGEE 0 0 0 1 0 0 -46.096609140209154 -181.9906791230053 143.1 162.98784270300683 -93.15298727075485 220.33676 107.0072 -999.0 -999.0 -999.0 -999.0 -999.0 247.46847727779345 -26.238892956044086 247.53973521471107 -26.29801323702132 86.07342654151178 46.954717889263065 -999.0 16600.0 -999.0 2 189 {-999.0 -999.0 -999.0 -999.0 -999.0} "" -999.0 -999.0 -999.0 -999.0 -999 -999 "" "" "" "" 0 0 0.0 0.0 -999 ""
FIBERMAP 135 R-9C8 BOSS 1 1 0 1 0 0 -46.725823182293354 -181.61968578181052 143.1 162.46189731690617 -93.65982311896731 220.33676 107.0072 247.4665045673198 -26.24039925270571 -10.187959 -22.300861 6.7182546 247.46677508032118 -26.240452625454044 247.53802555132995 -26.299586871174792 86.07562274486577 46.955403438851704 5400.0 5400.0 2016.0 1 386 {-999.0 17.084133 15.595001 14.149593 -999.0} sdss_psfmag_ps1 16.483149 14.78637 13.526069 -999.0 63050396393401522 1075875110 bright_1x1 mwm_erosita_stars_boss mwm_erosita science 0 0 0.9895119071006775 0.0 -999 ""
FIBERMAP 135 R-9C8 METROLOGY 0 0 0 1 0 0 -46.06442648398067 -181.24594949781337 143.1 162.27897304470991 -92.92252116315507 220.33676 107.0072 -999.0 -999.0 -999.0 -999.0 -999.0 247.46618045599087 -26.238237159653085 247.53742751301115 -26.29737050948157 86.07445017414753 46.9268321280407 -999.0 6231.0 -999.0 -1 -999 {-999.0 -999.0 -999.0 -999.0 -999.0} "" -999.0 -999.0 -999.0 -999.0 -999 -999 "" "" "" "" 0 0 0.0 0.0 -999 ""
FIBERMAP 137 R-11C13 APOGEE 1 1 0 1 0 0 98.09222309571356 -203.47552950589164 143.1 222.30486025404366 40.00747019861566 81.59364 140.02048 247.66686165471327 -25.834950025648155 -3.6281471 -15.124155 1.5461713 247.6668388515382 -25.8349856933628 247.73694489503794 -25.89374100480331 85.66045060481112 44.79110528743695 16000.0 16600.0 2016.0 2 184 {-999.0 12.499893 12.122494 11.958232 -999.0} sdss_psfmag_from_g3xp 12.438052 12.109273 11.596138 10.609 63050396393456960 975299644 "" ops_std_apogee ops_std standard_apogee 0 0 0.0 0.0 -999 ""
FIBERMAP 137 R-11C13 BOSS 0 0 0 1 0 0 98.71523648824211 -203.09285746354124 143.1 222.10304688854052 40.71018608220189 81.59364 140.02048 -999.0 -999.0 -999.0 -999.0 -999.0 247.6662096811096 -25.83284032100563 247.7362968509318 -25.89160958771673 85.65929633333832 44.76620646859158 -999.0 5400.0 -999.0 1 377 {-999.0 -999.0 -999.0 -999.0 -999.0} "" -999.0 -999.0 -999.0 -999.0 -999 -999 "" "" "" "" 0 0 0.0 0.0 -999 ""
FIBERMAP 137 R-11C13 METROLOGY 0 0 0 1 0 0 98.73340869984365 -203.8449058784144 143.1 222.83245415484916 40.52627278865395 81.59364 140.02048 -999.0 -999.0 -999.0 -999.0 -999.0 247.66868694450073 -25.83338974173474 247.7387798022918 -25.89214956578187 85.65816046329417 44.79259733867303 -999.0 6231.0 -999.0 -1 -999 {-999.0 -999.0 -999.0 -999.0 -999.0} "" -999.0 -999.0 -999.0 -999.0 -999 -999 "" "" "" "" 0 0 0.0 0.0 -999 ""
FIBERMAP 139 R+9C14 APOGEE 0 0 0 1 0 0 106.16819466411084 190.3631495622367 143.1 -154.9651201736625 153.26968732340575 95.9536 89.98813 -999.0 -999.0 -999.0 -999.0 -999.0 246.39993201254194 -25.489882099756056 246.46872566807963 -25.5517500083142 86.05296631620236 29.138204619008434 -999.0 16600.0 -999.0 2 95 {-999.0 -999.0 -999.0 -999.0 -999.0} "" -999.0 -999.0 -999.0 -999.0 -999 -999 "" "" "" "" 0 0 0.0 0.0 -999 ""
FIBERMAP 139 R+9C14 BOSS 1 1 0 1 0 0 106.88806216915889 190.33536932425605 143.1 -154.7455542650322 153.95578335863752 95.9536 89.98813 246.400406703481 -25.48764597705885 -7.672789 -42.075256 14.62773 246.4006609518999 -25.487767532464787 246.469440880795 -25.54964733600228 86.05080799484654 29.132055587203013 5400.0 5400.0 2016.0 1 169 {-999.0 17.232876 15.693499 14.310017 -999.0} sdss_psfmag_ps1 16.490515 14.999346 13.812359 11.608 63050396395024883 1151090996 bright_1x1 mwm_snc_100pc_boss_single mwm_snc science 0 0 0.9458710551261902 0.0 -999 ""
FIBERMAP 139 R+9C14 METROLOGY 0 0 0 1 0 0 106.50217958055823 189.7025984508999 143.1 -154.2392794670746 153.41454071500652 95.9536 89.98813 -999.0 -999.0 -999.0 -999.0 -999.0 246.40230957368726 -25.489387876106996 246.4710968208435 -25.551259627237954 86.05152401152884 29.16223292764397 -999.0 6231.0 -999.0 -1 -999 {-999.0 -999.0 -999.0 -999.0 -999.0} "" -999.0 -999.0 -999.0 -999.0 -999 -999 "" "" "" "" 0 0 0.0 0.0 -999 ""
FIBERMAP 141 R-12C15 APOGEE 1 1 0 1 0 0 145.16809866513987 -217.96951012822927 143.1 248.8769960930374 81.47950165738143 169.83302 66.7172 247.75483506911073 -25.709389706591136 0.21841869 -4.8089137 0.09133346 247.7548565036088 -25.70938867369822 247.82461109430358 -25.767967359686377 85.51466147304727 44.4255289885225 16000.0 16600.0 2016.0 2 234 {-999.0 15.465063 13.445126 11.950807 -999.0} sdss_psfmag_from_g3xp 14.509061 12.662499 11.379224 7.964 63050396393459423 1153043300 bright_1x1 mwm_galactic_core_dist_apogee_sparse mwm_galactic science 0 0 0.0 0.0 -999 ""
FIBERMAP 141 R-12C15 BOSS 0 0 0 1 0 0 145.56246842065343 -217.36369894199777 143.1 248.3989679730579 82.02170042530051 169.83302 66.7172 -999.0 -999.0 -999.0 -999.0 -999.0 247.7532695976497 -25.707737969642146 247.82300627105803 -25.76633324980855 85.51444473331556 44.39777230291867 -999.0 5400.0 -999.0 1 344 {-999.0 -999.0 -999.0 -999.0 -999.0} "" -999.0 -999.0 -999.0 -999.0 -999 -999 "" "" "" "" 0 0 0.0 0.0 -999 ""
FIBERMAP 141 R-12C15 METROLOGY 0 0 0 1 0 0 145.92253473512957 -217.98593363437635 143.1 249.09487915706742 82.20194348748143 169.83302 66.7172 -999.0 -999.0 -999.0 -999.0 -999.0 247.7556317933507 -25.70717888849125 247.8253709297527 -25.765765166814457 85.51258098125787 44.41281246730517 -999.0 6231.0 -999.0 -1 -999 {-999.0 -999.0 -999.0 -999.0 -999.0} "" -999.0 -999.0 -999.0 -999.0 -999 -999 "" "" "" "" 0 0 0.0 0.0 -999 ""
FIBERMAP 143 R-8C14 APOGEE 0 0 0 1 0 0 85.51835209508023 -139.03101198810342 143.1 156.8499206923934 45.15367027011998 131.44994 87.59382 -999.0 -999.0 -999.0 -999.0 -999.0 247.44735239385855 -25.81964420895774 247.51736304463577 -25.878928632518782 85.78227110290402 42.69686000753245 -999.0 16600.0 -999.0 2 -999 {-999.0 -999.0 -999.0 -999.0 -999.0} "" -999.0 -999.0 -999.0 -999.0 -999 -999 "" "" "" "" 0 0 0.0 0.0 -999 ""
FIBERMAP 143 R-8C14 BOSS 1 1 0 1 0 0 86.10550692009683 -138.56493077861492 143.1 156.55814509067582 45.84417865205078 131.44994 87.59382 247.44644165039062 -25.81750758112186 -999.0 -999.0 -999.0 247.44644848520977 -25.817520853700316 247.5164410763972 -25.876819915794126 85.78123149637567 42.6694868383687 5400.0 5400.0 2015.5 1 273 {-999.0 -999.0 -999.0 -999.0 -999.0} "" -999.0 -999.0 -999.0 -999.0 27021603175508408 814889825 "" ops_sky_boss_good ops_sky sky_boss 0 0 0.0 0.0 -999 ""
FIBERMAP 143 R-8C14 METROLOGY 0 0 0 1 0 0 86.21823700420444 -139.29494252967885 143.1 157.2916471385511 45.7572665914458 131.44994 87.59382 -999.0 -999.0 -999.0 -999.0 -999.0 247.44893075039252 -25.817781109175833 247.51892795750132 -25.877070794518183 85.77994589440907 42.69460960054448 -999.0 6231.0 -999.0 -1 -999 {-999.0 -999.0 -999.0 -999.0 -999.0} "" -999.0 -999.0 -999.0 -999.0 -999 -999 "" "" "" "" 0 0 0.0 0.0 -999 ""
FIBERMAP 145 R-10C1 APOGEE 1 1 0 1 0 0 -160.6698749751834 -186.77429420269578 143.1 136.91037502569378 -204.81661970139976 71.39493 56.49823 247.38000106086062 -26.576483565353534 5.2639074 -0.9931939 2.1922565 247.38000520575144 -26.576512258521646 247.45224860076542 -26.63575254025382 86.36130323706759 49.8857788525994 16000.0 16600.0 2016.0 2 259 {-999.0 11.96683 11.459207 11.237222 -999.0} sdss_psfmag_from_g3xp 11.856585 11.461878 10.891694 9.887 63050396393376930 975299550 "" ops_std_apogee ops_std standard_apogee 0 0 0.0 0.0 -999 ""
FIBERMAP 145 R-10C1 BOSS 0 0 0 1 0 0 -160.2452866093381 -187.3886845290311 143.1 137.61600968615852 -204.57211370311904 71.39493 56.49823 -999.0 -999.0 -999.0 -999.0 -999.0 247.38241437943475 -26.575775431649856 247.45464474140556 -26.6350192074709 86.35921409393012 49.89951868071557 -999.0 5400.0 -999.0 1 353 {-999.0 -999.0 -999.0 -999.0 -999.0} "" -999.0 -999.0 -999.0 -999.0 -999 -999 "" "" "" "" 0 0 0.0 0.0 -999 ""
FIBERMAP 145 R-10C1 METROLOGY 0 0 0 1 0 0 -160.97865287498973 -187.45084777121514 143.1 137.479481964387 -205.2953042693565 71.39493 56.49823 -999.0 -999.0 -999.0 -999.0 -999.0 247.38197056884917 -26.5779926483672 247.45421069051747 -26.637234312941654 86.3609735267299 49.92158003776666 -999.0 6231.0 -999.0 -1 -999 {-999.0 -999.0 -999.0 -999.0 -999.0} "" -999.0 -999.0 -999.0 -999.0 -999 -999 "" "" "" "" 0 0 0.0 0.0 -999 ""
FIBERMAP 149 R-10C17 APOGEE 1 1 0 1 0 0 171.63363277016856 -196.56223361814358 143.1 235.34100135837213 112.71048906172898 140.31694 161.25978 247.7090931957867 -25.61505903579091 -2.408094 -1.962138 0.088234365 247.7090824087486 -25.615050772678035 247.77854860414425 -25.673764665671907 85.47280549467685 43.22851504927036 16000.0 16600.0 2016.0 2 191 {-999.0 15.70056 14.110051 13.2700405 -999.0} sdss_psfmag_from_g3xp 15.013799 13.862982 12.802548 10.021 63050396393527951 1153043204 bright_1x1 mwm_galactic_core_dist_apogee_sparse mwm_galactic science 0 0 0.0 0.0 -999 ""
FIBERMAP 149 R-10C17 BOSS 0 0 0 1 0 0 171.1817567577633 -195.94491989389417 143.1 234.62524179239446 112.44047650876672 140.31694 161.25978 -999.0 -999.0 -999.0 -999.0 -999.0 247.70672125738946 -25.615851485311254 247.77617677886496 -25.67458349904423 85.47483783302343 43.215166254456165 -999.0 5400.0 -999.0 1 264 {-999.0 -999.0 -999.0 -999.0 -999.0} "" -999.0 -999.0 -999.0 -999.0 -999 -999 "" "" "" "" 0 0 0.0 0.0 -999 ""
FIBERMAP 149 R-10C17 METROLOGY 0 0 0 1 0 0 171.92815217251612 -195.87701253671145 143.1 234.7597250971722 113.17775809162592 140.31694 161.25978 -999.0 -999.0 -999.0 -999.0 -999.0 247.70719716600942 -25.61360730110793 247.77664972397213 -25.672335195857915 85.4728741291997 43.20027768718546 -999.0 6231.0 -999.0 -1 -999 {-999.0 -999.0 -999.0 -999.0 -999.0} "" -999.0 -999.0 -999.0 -999.0 -999 -999 "" "" "" "" 0 0 0.0 0.0 -999 ""
FIBERMAP 152 R+6C16 APOGEE 0 0 0 1 0 0 123.98224761913292 117.75081022338206 143.1 -80.23764325340083 150.98441113468684 357.86026 126.40797 -999.0 -999.0 -999.0 -999.0 -999.0 246.65034735215977 -25.497585101921555 246.71922450563227 -25.55885626828338 85.94769849220465 32.00760124129573 -999.0 16600.0 -999.0 2 -999 {-999.0 -999.0 -999.0 -999.0 -999.0} "" -999.0 -999.0 -999.0 -999.0 -999 -999 "" "" "" "" 0 0 0.0 0.0 -999 ""
FIBERMAP 152 R+6C16 BOSS 1 1 0 1 0 0 124.40035112195878 117.14439836858365 143.1 -79.54143206840995 151.2248063419891 357.86026 126.40797 246.65267944335935 -25.496795284494596 -999.0 -999.0 -999.0 246.65266501771066 -25.49679489229681 246.72153176112124 -25.558073801735727 85.94595754714875 32.02717400913508 5400.0 5400.0 2015.5 1 223 {-999.0 -999.0 -999.0 -999.0 -999.0} "" -999.0 -999.0 -999.0 -999.0 27021603175508263 814889835 "" ops_sky_boss_good ops_sky sky_boss 0 0 0.0 0.0 -999 ""
FIBERMAP 152 R+6C16 METROLOGY 0 0 0 1 0 0 123.65540158661231 117.07800275625523 143.1 -79.67698457261929 150.4893226415693 357.86026 126.40797 -999.0 -999.0 -999.0 -999.0 -999.0 246.65218147604185 -25.499002583658932 246.72105700494853 -25.560278345212538 85.94806860071559 32.03801309795608 -999.0 6231.0 -999.0 -1 -999 {-999.0 -999.0 -999.0 -999.0 -999.0} "" -999.0 -999.0 -999.0 -999.0 -999 -999 "" "" "" "" 0 0 0.0 0.0 -999 ""
FIBERMAP 154 R-11C7 APOGEE 1 1 0 1 0 0 -25.868970173796512 -217.26423389519283 143.1 202.38873178012534 -83.11253007924861 283.93402 155.5638 247.6010443137858 -26.208037322271487 -3.8492644 1.3495325 0.13934512 247.60102336038622 -26.208026457038414 247.672220808141 -26.266838070195487 85.9664509896867 47.8239204219899 16000.0 16600.0 2016.0 2 172 {-999.0 15.037788 13.408495 11.84553 -999.0} sdss_psfmag_from_g3xp 14.413546 12.596438 11.320287 8.207 63050396393395824 1153043245 bright_1x1 mwm_galactic_core_dist_apogee_sparse mwm_galactic science 0 0 0.0 0.0 -999 ""
FIBERMAP 154 R-11C7 BOSS 0 0 0 1 0 0 -26.002305766063106 -217.99693406198736 143.1 203.05892024211855 -83.43722733600775 283.93402 155.5638 -999.0 -999.0 -999.0 -999.0 -999.0 247.60333312344642 -26.209005995796073 247.67452183112255 -26.26782226550226 85.9656394799914 47.85430149705144 -999.0 5400.0 -999.0 1 414 {-999.0 -999.0 -999.0 -999.0 -999.0} "" -999.0 -999.0 -999.0 -999.0 -999 -999 "" "" "" "" 0 0 0.0 0.0 -999 ""
FIBERMAP 154 R-11C7 METROLOGY 0 0 0 1 0 0 -26.568340084691425 -217.52247791960036 143.1 202.4502178850226 -83.85548403190764 283.93402 155.5638 -999.0 -999.0 -999.0 -999.0 -999.0 247.60132040741541 -26.210296079100914 247.6725159430256 -26.269113850352053 85.96783226815825 47.84991156230399 -999.0 6231.0 -999.0 -1 -999 {-999.0 -999.0 -999.0 -999.0 -999.0} "" -999.0 -999.0 -999.0 -999.0 -999 -999 "" "" "" "" 0 0 0.0 0.0 -999 ""
FIBERMAP 156 R-6C19 APOGEE 1 1 0 1 0 0 197.1788971303866 -122.5817081658196 143.1 170.90829096229834 157.1355389988052 23.745867 66.87729 247.49317398706242 -25.480772680793084 -1.6200123 -1.5761982 0.19196759 247.49314569428793 -25.48075676336977 247.5621690099963 -25.54002362724471 85.49662650177181 40.23853811031006 16000.0 16600.0 2016.0 2 223 {-999.0 16.19867 14.25358 13.109026 -999.0} sdss_psfmag_from_g3xp 15.281832 13.772079 12.58255 9.387 63050396393532436 1156256834 bright_1x1 mwm_galactic_core_dist_apogee_extra mwm_galactic science 0 0 0.0 0.0 -999 ""
FIBERMAP 156 R-6C19 BOSS 0 0 0 1 0 0 197.22374666424628 -123.30414219651792 143.1 171.61631204649302 156.98525884024863 23.745867 66.87729 -999.0 -999.0 -999.0 -999.0 -999.0 247.4955541483138 -25.481177347931446 247.56456750558527 -25.540451511113822 85.49560485767803 40.2634364629277 -999.0 5400.0 -999.0 1 321 {-999.0 -999.0 -999.0 -999.0 -999.0} "" -999.0 -999.0 -999.0 -999.0 -999 -999 "" "" "" "" 0 0 0.0 0.0 -999 ""
FIBERMAP 156 R-6C19 METROLOGY 0 0 0 1 0 0 196.54027803084193 -122.96767914350367 143.1 171.10910292577665 156.41690467668548 23.745867 66.87729 -999.0 -999.0 -999.0 -999.0 -999.0 247.49389595617905 -25.48286887800814 247.56291723893094 -25.54214280896148 85.49785593166811 40.2621465600339 -999.0 6231.0 -999.0 -1 -999 {-999.0 -999.0 -999.0 -999.0 -999.0} "" -999.0 -999.0 -999.0 -999.0 -999 -999 "" "" "" "" 0 0 0.0 0.0 -999 ""
FIBERMAP 161 R-11C9 APOGEE 1 1 0 1 0 0 24.32564838442018 -219.76396888018948 143.1 218.24063555718953 -35.42341837732504 345.575 106.26843 247.65406180250696 -26.063453465790623 -8.340395 -2.8032086 0.2520311 247.6540104065299 -26.06345069386895 247.7247904840624 -26.122174716185107 85.83173986634512 46.83445492418866 16000.0 16600.0 2016.0 2 174 {-999.0 15.222314 13.590177 12.830791 -999.0} sdss_psfmag_from_g3xp 14.511442 13.418926 12.389247 9.87 63050396393453601 1153043251 bright_1x1 mwm_galactic_core_dist_apogee_sparse mwm_galactic science 0 0 0.0 0.0 -999 ""
FIBERMAP 161 R-11C9 BOSS 0 0 0 1 0 0 24.367592238414538 -220.51993137408655 143.1 218.98018048337863 -35.5854778466997 345.575 106.26843 -999.0 -999.0 -999.0 -999.0 -999.0 247.65654980888368 -26.06392842168778 247.72731951423862 -26.122657235156773 85.83046594133124 46.86114973347861 -999.0 5400.0 -999.0 1 416 {-999.0 -999.0 -999.0 -999.0 -999.0} "" -999.0 -999.0 -999.0 -999.0 -999 -999 "" "" "" "" 0 0 0.0 0.0 -999 ""
FIBERMAP 161 R-11C9 METROLOGY 0 0 0 1 0 0 23.699728025410476 -220.16577624504978 143.1 218.46010574744346 -36.13405990252939 345.575 106.26843 -999.0 -999.0 -999.0 -999.0 -999.0 247.65484453308903 -26.065604440073198 247.72562233286703 -26.12433375887073 85.8327283354529 46.862794853567436 -999.0 6231.0 -999.0 -1 -999 {-999.0 -999.0 -999.0 -999.0 -999.0} "" -999.0 -999.0 -999.0 -999.0 -999 -999 "" "" "" "" 0 0 0.0 0.0 -999 ""
FIBERMAP 163 R+5C6 APOGEE 0 0 0 1 0 0 -138.51863382777495 87.89898177717417 143.1 -121.7832256789577 -109.90999331121044 243.87314 78.38753 -999.0 -999.0 -999.0 -999.0 -999.0 246.50564835882872 -26.288013176863686 246.5768118843922 -26.349414810686955 86.67830629028624 37.135290706437274 -999.0 16600.0 -999.0 2 -999 {-999.0 -999.0 -999.0 -999.0 -999.0} "" -999.0 -999.0 -999.0 -999.0 -999 -999 "" "" "" "" 0 0 0.0 0.0 -999 ""
FIBERMAP 163 R+5C6 BOSS 1 1 0 1 0 0 -139.11150455400335 88.3463735918276 143.1 -122.37304124293098 -110.36135342793408 243.87314 78.38753 246.50359242390152 -26.28935974649727 4.0208216 -16.852879 0.44495794 246.50360438592986 -26.289400087536386 246.57476330435202 -26.35081625535443 86.68052013819967 37.123932533327434 5400.0 5400.0 2016.0 1 51 {-999.0 17.52929 16.86081 16.593092 -999.0} sdss_psfmag_ps1 17.32488 16.853325 16.21468 15.003 63050396393483437 981920895 "" ops_std_boss_tic ops_std standard_boss 0 0 0.0 0.0 -999 ""
FIBERMAP 163 R+5C6 METROLOGY 0 0 0 1 0 0 -138.43434440827198 88.64221357853627 143.1 -122.47669656811634 -109.62972754761691 243.87314 78.38753 -999.0 -999.0 -999.0 -999.0 -999.0 246.50324577744738 -26.287198180726424 246.5744004087037 -26.348612951404355 86.67893072442851 37.09699501816527 -999.0 6231.0 -999.0 -1 -999 {-999.0 -999.0 -999.0 -999.0 -999.0} "" -999.0 -999.0 -999.0 -999.0 -999 -999 "" "" "" "" 0 0 0.0 0.0 -999 ""
FIBERMAP 165 R-3C3 APOGEE 1 1 0 1 0 0 -222.29106352160613 -63.68586209911299 143.1 1.8202584087663016 -231.21712419208762 190.91078 135.53279 246.92264153228686 -26.65634100815874 -5.3818865 -3.6282732 0.25401124 246.9226307224389 -26.656360188920974 246.99499705507208 -26.716670318580142 86.71435429639098 46.2208353743178 16000.0 16600.0 2016.0 2 241 {-999.0 14.791614 13.634771 13.086805 -999.0} sdss_psfmag_from_g3xp 14.372182 13.573144 12.693001 10.636 63050396393381413 1108962368 bright_flexible_2x1 mwm_tess_rgb_apogee mwm_tessrgb science 0 0 0.0 0.0 -999 ""
FIBERMAP 165 R-3C3 BOSS 0 0 0 1 0 0 -222.87078128360537 -63.2046818134613 143.1 1.2014130313040259 -231.64676289798464 190.91078 135.53279 -999.0 -999.0 -999.0 -999.0 -999.0 246.92054022074367 -26.657674150779073 246.9929001995688 -26.717997610527338 86.7166170751994 46.21408432694511 -999.0 5400.0 -999.0 1 498 {-999.0 -999.0 -999.0 -999.0 -999.0} "" -999.0 -999.0 -999.0 -999.0 -999 -999 "" "" "" "" 0 0 0.0 0.0 -999 ""
FIBERMAP 165 R-3C3 METROLOGY 0 0 0 1 0 0 -222.17228087551752 -62.95411999047987 143.1 1.1470952519760977 -230.90670416445982 190.91078 135.53279 -999.0 -999.0 -999.0 -999.0 -999.0 246.92036017776422 -26.65548739974438 246.99271634103002 -26.715809418690387 86.71518472935978 46.18506568238996 -999.0 6231.0 -999.0 -1 -999 {-999.0 -999.0 -999.0 -999.0 -999.0} "" -999.0 -999.0 -999.0 -999.0 -999 -999 "" "" "" "" 0 0 0.0 0.0 -999 ""
FIBERMAP 166 R-4C1 APOGEE 1 1 0 1 0 0 -254.82123348223212 -63.83558617892558 143.1 -6.748035671383671 -262.5975157631119 142.19147 94.09702 246.89335914749412 -26.7505776952674 -0.46796605 -2.8478527 0.097594425 246.89332395081945 -26.750573526260492 246.96596414713565 -26.810928019893478 86.79898256025528 47.085836271833955 16000.0 16600.0 2016.0 2 272 {-999.0 15.851758 14.232647 12.454762 -999.0} sdss_psfmag_from_g3xp 15.210543 13.18568 11.872925 8.729 63050396393184442 1153042669 bright_1x1 mwm_galactic_core_dist_apogee_sparse mwm_galactic science 0 0 0.0 0.0 -999 ""
FIBERMAP 166 R-4C1 BOSS 0 0 0 1 0 0 -254.44782329325145 -63.19969201746868 143.1 -7.260659992224603 -262.0674527984353 142.19147 94.09702 -999.0 -999.0 -999.0 -999.0 -999.0 246.8916017052914 -26.748973758599245 246.96422703081066 -26.809341147138976 86.79898915169072 47.04610578337565 -999.0 5400.0 -999.0 1 444 {-999.0 -999.0 -999.0 -999.0 -999.0} "" -999.0 -999.0 -999.0 -999.0 -999 -999 "" "" "" "" 0 0 0.0 0.0 -999 ""
FIBERMAP 166 R-4C1 METROLOGY 0 0 0 1 0 0 -254.07503929127077 -63.84908677057364 143.1 -6.535176027309229 -261.882231500081 142.19147 94.09702 -999.0 -999.0 -999.0 -999.0 -999.0 246.89405663516987 -26.748475634119345 246.96668383772703 -26.808834941159912 86.79706369902912 47.066961026012336 -999.0 6231.0 -999.0 -1 -999 {-999.0 -999.0 -999.0 -999.0 -999.0} "" -999.0 -999.0 -999.0 -999.0 -999 -999 "" "" "" "" 0 0 0.0 0.0 -999 ""
FIBERMAP 168 R+5C2 APOGEE 0 0 0 1 0 0 -227.99661143875957 107.51294211093636 143.1 -164.64460109832706 -190.86187328580638 182.91838 73.174736 -999.0 -999.0 -999.0 -999.0 -999.0 246.35998627436842 -26.531422385894707 246.4318322946565 -26.59310424694481 86.95140431218184 37.865866980589885 -999.0 16600.0 -999.0 2 -999 {-999.0 -999.0 -999.0 -999.0 -999.0} "" -999.0 -999.0 -999.0 -999.0 -999 -999 "" "" "" "" 0 0 0.0 0.0 -999 ""
FIBERMAP 168 R+5C2 BOSS 1 1 0 1 0 0 -227.81103915799238 108.26117013646218 143.1 -165.3157589155487 -190.48269121886852 182.91838 73.174736 246.35771062549878 -26.53023950618288 3.223336 -4.753368 0.06921586 246.35772438378638 -26.530260609218416 246.4295586895023 -26.59195729131086 86.95170654102613 37.82234239816955 5400.0 5400.0 2016.0 1 73 {-999.0 16.773708 15.812498 15.248943 -999.0} sdss_psfmag_ps1 16.365726 15.639569 14.796565 12.981 63050396393264823 1071751187 dark_flexible_2x1 mwm_halo_vmp_xp_boss mwm_halo science 0 0 0.0 0.0 -999 ""
FIBERMAP 168 R+5C2 METROLOGY 0 0 0 1 0 0 -227.28052857775214 107.72909842698455 143.1 -164.6610627442748 -190.114090037421 182.91838 73.174736 -999.0 -999.0 -999.0 -999.0 -999.0 246.35990001426305 -26.52920755317043 246.43173394523149 -26.59089676841249 86.94969125993485 37.83964329073433 -999.0 6231.0 -999.0 -1 -999 {-999.0 -999.0 -999.0 -999.0 -999.0} "" -999.0 -999.0 -999.0 -999.0 -999 -999 "" "" "" "" 0 0 0.0 0.0 -999 ""
FIBERMAP 172 R-5C1 APOGEE 1 1 0 1 0 0 -228.83702176234962 -77.52975912863499 143.1 13.404576257302885 -241.23145136869923 126.90672 49.219814 246.96180659162965 -26.68652512167683 -4.132396 -6.602477 0.1384294 246.961784514744 -26.68655642349111 247.03425116405458 -26.746765084955864 86.71054568321776 47.023790470147276 16000.0 16600.0 2016.0 2 273 {-999.0 14.942868 13.680845 13.084004 -999.0} sdss_psfmag_from_g3xp 14.4616165 13.597469 12.682137 10.457 63050396393379792 1156256707 bright_1x1 mwm_galactic_core_dist_apogee_extra mwm_galactic science 0 0 0.0 0.0 -999 ""
FIBERMAP 172 R-5C1 BOSS 0 0 0 1 0 0 -228.0863532601117 -77.57184266288724 143.1 13.646171698456744 -240.51951181179643 126.90672 49.219814 -999.0 -999.0 -999.0 -999.0 -999.0 246.96262094773414 -26.68443565380856 247.03507158405455 -26.744651502346123 86.70854612648179 47.0063179440794 -999.0 5400.0 -999.0 1 445 {-999.0 -999.0 -999.0 -999.0 -999.0} "" -999.0 -999.0 -999.0 -999.0 -999 -999 "" "" "" "" 0 0 0.0 0.0 -999 ""
FIBERMAP 172 R-5C1 METROLOGY 0 0 0 1 0 0 -228.49180969710787 -78.20018662830508 143.1 14.142939059106123 -241.07842668051924 126.90672 49.219814 -999.0 -999.0 -999.0 -999.0 -999.0 246.9642985039481 -26.68616131412314 247.03675752895288 -26.746370254062963 86.70866641623165 47.046059962577544 -999.0 6231.0 -999.0 -1 -999 {-999.0 -999.0 -999.0 -999.0 -999.0} "" -999.0 -999.0 -999.0 -999.0 -999 -999 "" "" "" "" 0 0 0.0 0.0 -999 ""
FIBERMAP 173 R-1C17 APOGEE 0 0 0 1 0 0 56.93480233591565 -20.865431568570067 143.1 35.35104590511048 49.26387832133394 251.82222 31.28238 -999.0 -999.0 -999.0 -999.0 -999.0 247.0382229826995 -25.806911938353803 247.10810008700673 -25.867176294636696 86.00646763130253 38.610978570036764 -999.0 16600.0 -999.0 2 -999 {-999.0 -999.0 -999.0 -999.0 -999.0} "" -999.0 -999.0 -999.0 -999.0 -999 -999 "" "" "" "" 0 0 0.0 0.0 -999 ""
FIBERMAP 173 R-1C17 BOSS 1 1 0 1 0 0 56.763412871825054 -20.15919947232664 143.1 34.624742990068015 49.28790773254542 251.82222 31.28238 247.035795058223 -25.80674627330611 -10.262571 -21.352356 6.429199 247.0358075919158 -25.80679229229058 247.1056736839373 -25.8670743430973 86.00771027970212 38.58515668601399 5400.0 5400.0 2016.0 1 315 {-999.0 nan nan nan nan} undefined 18.337923 16.184011 14.825717 11.558 63050396393504816 1059774294 bright_flexible_2x1 bhm_spiders_agn_gaiadr3 bhm_spiders science 0 0 0.0 0.0 -999 ""
FIBERMAP 173 R-1C17 METROLOGY 0 0 0 1 0 0 57.48240662636039 -20.355894761378863 143.1 35.00681140881051 49.92792153070383 251.82222 31.28238 -999.0 -999.0 -999.0 -999.0 -999.0 247.0371002177319 -25.80485031455005 247.106963756989 -25.865126441349556 86.00545736138207 38.581462077445394 -999.0 6231.0 -999.0 -1 -999 {-999.0 -999.0 -999.0 -999.0 -999.0} "" -999.0 -999.0 -999.0 -999.0 -999 -999 "" "" "" "" 0 0 0.0 0.0 -999 ""
FIBERMAP 174 R-8C12 APOGEE 0 0 0 1 0 0 65.87672754776747 -157.80252019330342 143.1 169.6742022719414 21.20292618493352 55.11224 38.145035 -999.0 -999.0 -999.0 -999.0 -999.0 247.4906061432944 -25.89222520901592 247.56084120890353 -25.951386562030567 85.81029204565291 43.75308197855941 -999.0 16600.0 -999.0 2 -999 {-999.0 -999.0 -999.0 -999.0 -999.0} "" -999.0 -999.0 -999.0 -999.0 -999 -999 "" "" "" "" 0 0 0.0 0.0 -999 ""
FIBERMAP 174 R-8C12 BOSS 1 1 0 1 0 0 65.93846015294537 -158.54295412206983 143.1 170.40408664507822 21.06409064866016 55.11224 38.145035 247.49313354492185 -25.892637895456048 -999.0 -999.0 -999.0 247.49314141575326 -25.892623679420993 247.56336648383433 -25.951790488391257 85.80906336881637 43.77979266480111 5400.0 5400.0 2015.5 1 395 {-999.0 -999.0 -999.0 -999.0 -999.0} "" -999.0 -999.0 -999.0 -999.0 27021603175508369 823838414 "" ops_sky_boss_good ops_sky sky_boss 0 0 0.0 0.0 -999 ""
FIBERMAP 174 R-8C12 METROLOGY 0 0 0 1 0 0 65.2618995463032 -158.2285304577473 143.1 169.91996093669093 20.496489031993715 55.11224 38.145035 -999.0 -999.0 -999.0 -999.0 -999.0 247.49153966373356 -25.89434737725908 247.5617727959002 -25.953514249090034 85.81130273882506 43.781160534701485 -999.0 6231.0 -999.0 -1 -999 {-999.0 -999.0 -999.0 -999.0 -999.0} "" -999.0 -999.0 -999.0 -999.0 -999 -999 "" "" "" "" 0 0 0.0 0.0 -999 ""
FIBERMAP 175 R-9C10 APOGEE 1 1 0 1 0 0 -3.543082183388888 -173.3851513049959 143.1 166.09417837563458 -49.851155766413946 188.28032 103.78753 247.47890447189826 -26.107665846248043 -0.13939373 -5.1681542 0.09637127 247.47890381773016 -26.107676347695005 247.54977437444336 -26.166807268285126 85.97404564803509 45.712416832696704 16000.0 16600.0 2016.0 2 165 {-999.0 15.552555 13.872372 12.852411 -999.0} sdss_psfmag_from_g3xp 14.803121 13.505487 12.384511 9.637 63050396393403742 1153043303 bright_1x1 mwm_galactic_core_dist_apogee_sparse mwm_galactic science 0 0 0.0 0.0 -999 ""
FIBERMAP 175 R-9C10 BOSS 0 0 0 1 0 0 -3.822844295929899 -172.6870311286669 143.1 165.3466652647198 -49.93370759306507 188.28032 103.78753 -999.0 -999.0 -999.0 -999.0 -999.0 247.47646829277443 -26.107940085896328 247.54732733739434 -26.167087573726807 85.9757781245715 45.692776459317884 -999.0 5400.0 -999.0 1 398 {-999.0 -999.0 -999.0 -999.0 -999.0} "" -999.0 -999.0 -999.0 -999.0 -999 -999 "" "" "" "" 0 0 0.0 0.0 -999 ""
FIBERMAP 175 R-9C10 METROLOGY 0 0 0 1 0 0 -3.0811562402410875 -172.80385472090873 143.1 165.65786171496586 -49.250437596566805 188.28032 103.78753 -999.0 -999.0 -999.0 -999.0 -999.0 247.4775339865632 -26.1058755213558 247.548390474268 -26.165017961490815 85.97362918171522 45.68196654833821 -999.0 6231.0 -999.0 -1 -999 {-999.0 -999.0 -999.0 -999.0 -999.0} "" -999.0 -999.0 -999.0 -999.0 -999 -999 "" "" "" "" 0 0 0.0 0.0 -999 ""
FIBERMAP 176 R-7C19 APOGEE 0 0 0 1 0 0 181.92713451993606 -128.9645015633262 143.1 172.97274333379661 140.73215000254643 123.270294 134.27489 -999.0 -999.0 -999.0 -999.0 -999.0 247.50030838916211 -25.530304454827505 247.56947883801763 -25.589540758776003 85.53096511402687 40.702377324503004 -999.0 16600.0 -999.0 2 -999 {-999.0 -999.0 -999.0 -999.0 -999.0} "" -999.0 -999.0 -999.0 -999.0 -999 -999 "" "" "" "" 0 0 0.0 0.0 -999 ""
FIBERMAP 176 R-7C19 BOSS 1 1 0 1 0 0 182.11292346531764 -128.2388236910776 143.1 172.32336886621317 141.10550121103498 123.270294 134.27489 247.49817395966008 -25.52914535180656 3.2384331 0.8015046 0.4197228 247.4981784534235 -25.52913476985956 247.567333245461 -25.588389472897337 85.53129623766156 40.67379270642249 5400.0 5400.0 2016.0 1 276 {-999.0 17.624678 16.265299 15.640922 -999.0} sdss_psfmag_ps1 17.092432 16.169897 15.202798 12.895 63050396393532227 1075849151 bright_1x1 mwm_erosita_stars_boss mwm_erosita science 0 0 0.0 0.0 -999 ""
FIBERMAP 176 R-7C19 METROLOGY 0 0 0 1 0 0 182.639810634456 -128.73736510084424 143.1 172.94479074249665 141.4795919233622 123.270294 134.27489 -999.0 -999.0 -999.0 -999.0 -999.0 247.50027693741663 -25.52798856839051 247.56943215291972 -25.587234887929746 85.52920507510017 40.68325477676245 -999.0 6231.0 -999.0 -1 -999 {-999.0 -999.0 -999.0 -999.0 -999.0} "" -999.0 -999.0 -999.0 -999.0 -999 -999 "" "" "" "" 0 0 0.0 0.0 -999 ""
FIBERMAP 180 R-4C11 APOGEE 0 0 0 1 0 0 -43.02247189433688 -75.28780860342825 143.1 61.01126306415352 -61.61311043896589 232.04988 45.973263 -999.0 -999.0 -999.0 -999.0 -999.0 247.12432743054475 -26.14367677872209 247.19521976485703 -26.203644708714865 86.21724695211074 42.64961205945161 -999.0 16600.0 -999.0 2 -999 {-999.0 -999.0 -999.0 -999.0 -999.0} "" -999.0 -999.0 -999.0 -999.0 -999 -999 "" "" "" "" 0 0 0.0 0.0 -999 ""
FIBERMAP 180 R-4C11 BOSS 1 1 0 1 0 0 -43.13286620833827 -74.552705657189 143.1 60.27348163364774 -61.52258447272181 232.04988 45.973263 247.1218382031031 -26.143307948694336 7.1077304 -40.76444 3.2415597 247.12188338793788 -26.143425931197562 247.19276395570034 -26.203410408343842 86.21852559097773 42.62217647342845 5400.0 5400.0 2016.0 1 422 {-999.0 18.064625 16.410957 15.646079 -999.0} sdss_psfmag_ps1 17.30671 16.18684 15.135351 12.755 63050396393494930 1078035290 bright_flexible_2x1 mwm_snc_ext_main_boss mwm_snc science 0 0 0.0 0.0 -999 ""
FIBERMAP 180 R-4C11 METROLOGY 0 0 0 1 0 0 -42.428827678326236 -74.83274293608648 143.1 60.73183813217544 -60.91930032103576 232.04988 45.973263 -999.0 -999.0 -999.0 -999.0 -999.0 247.12343952471593 -26.14160432901638 247.19431802675138 -26.201582574309278 86.21623210991972 42.619770246113774 -999.0 6231.0 -999.0 -1 -999 {-999.0 -999.0 -999.0 -999.0 -999.0} "" -999.0 -999.0 -999.0 -999.0 -999 -999 "" "" "" "" 0 0 0.0 0.0 -999 ""
FIBERMAP 182 R+7C8 APOGEE 1 1 0 1 0 0 -51.63971144697113 116.9664701496525 143.1 -126.51874720501392 -18.423769374167346 328.5935 62.97077 246.4912518062465 -26.01047084707341 -15.27224 -23.609419 6.3984966 246.49119949262743 -26.010535565716616 246.56154073180153 -26.072046373028 86.45796904452678 34.309800547436225 16000.0 16600.0 2016.0 2 124 {-999.0 13.419487 12.191648 11.532401 -999.0} sdss_psfmag_from_g3xp 12.965389 12.061512 11.107675 8.841 63050396393508943 1035005054 bright_1x1 mwm_yso_pms_apogee_zari18pms_single mwm_yso science 0 0 0.0 0.0 -999 ""
FIBERMAP 182 R+7C8 BOSS 0 0 0 1 0 0 -52.25923950372634 116.57616225681146 143.1 -126.30864381489974 -19.125172514152396 328.5935 62.97077 -999.0 -999.0 -999.0 -999.0 -999.0 246.49183222480207 -26.01266580165237 246.56217178136296 -26.074185621633 86.45944598289353 34.33648319872259 -999.0 5400.0 -999.0 1 109 {-999.0 -999.0 -999.0 -999.0 -999.0} "" -999.0 -999.0 -999.0 -999.0 -999 -999 "" "" "" "" 0 0 0.0 0.0 -999 ""
FIBERMAP 182 R+7C8 METROLOGY 0 0 0 1 0 0 -52.28828844674472 117.32745870526146 143.1 -127.04023973034371 -18.951939505007164 328.5935 62.97077 -999.0 -999.0 -999.0 -999.0 -999.0 246.48935270418653 -26.012131358135008 246.55969236095007 -26.073654069263725 86.46022410467877 34.30160989857677 -999.0 6231.0 -999.0 -1 -999 {-999.0 -999.0 -999.0 -999.0 -999.0} "" -999.0 -999.0 -999.0 -999.0 -999 -999 "" "" "" "" 0 0 0.0 0.0 -999 ""
FIBERMAP 183 R+12C1 APOGEE 1 1 0 1 0 0 -161.88718180432204 242.816789920451 143.1 -277.2932843734613 -90.93220273524972 101.13805 132.77733 245.98357274291303 -26.225817997913435 -8.3219385 -11.712588 0.13148338 245.98354980377928 -26.225855964168844 246.05439125925034 -26.288512284331638 86.87828802688047 29.5143721350845 16000.0 16600.0 2016.0 2 8 {-999.0 15.428178 13.90962 13.182242 -999.0} sdss_psfmag_from_g3xp 14.785418 13.756832 12.751784 10.289 63050396393325735 1153043051 bright_1x1 mwm_galactic_core_dist_apogee_sparse mwm_galactic science 0 0 0.0 0.0 -999 ""
FIBERMAP 183 R+12C1 BOSS 0 0 0 1 0 0 -161.463144032518 243.43436122777388 143.1 -277.77469648410874 -90.35827143072237 101.13805 132.77733 -999.0 -999.0 -999.0 -999.0 -999.0 245.98200362712535 -26.224082911804416 246.05283318280885 -26.286753632835797 86.87741626566961 29.476368424381747 -999.0 5400.0 -999.0 1 8 {-999.0 -999.0 -999.0 -999.0 -999.0} "" -999.0 -999.0 -999.0 -999.0 -999 -999 "" "" "" "" 0 0 0.0 0.0 -999 ""
FIBERMAP 183 R+12C1 METROLOGY 0 0 0 1 0 0 -161.1406308982138 242.74596154733607 143.1 -277.02509832767237 -90.23192888024187 101.13805 132.77733 -999.0 -999.0 -999.0 -999.0 -999.0 245.9844408253287 -26.223751776518114 246.05527183462561 -26.286413910715744 86.87606838939496 29.50857582875159 -999.0 6231.0 -999.0 -1 -999 {-999.0 -999.0 -999.0 -999.0 -999.0} "" -999.0 -999.0 -999.0 -999.0 -999 -999 "" "" "" "" 0 0 0.0 0.0 -999 ""
FIBERMAP 186 R+12C12 APOGEE 0 0 0 1 0 0 93.7725202684522 239.46291332018856 143.1 -205.5888555147081 154.47778709846116 347.24426 169.06276 -999.0 -999.0 -999.0 -999.0 -999.0 246.23085821084354 -25.485632892625926 246.2995975500388 -25.547902860829243 86.11928719480542 27.123923664205222 -999.0 16600.0 -999.0 2 -999 {-999.0 -999.0 -999.0 -999.0 -999.0} "" -999.0 -999.0 -999.0 -999.0 -999 -999 "" "" "" "" 0 0 0.0 0.0 -999 ""
FIBERMAP 186 R+12C12 BOSS 1 1 0 1 0 0 94.46070544051625 239.17241018595814 143.1 -205.12466197592772 155.0629947060465 347.24426 169.06276 246.23245239257807 -25.48388135926976 -999.0 -999.0 -999.0 246.23242757309205 -25.483854250676607 246.30115499610815 -25.546134036832672 86.11707947216512 27.130995759661346 5400.0 5400.0 2015.5 1 106 {-999.0 -999.0 -999.0 -999.0 -999.0} "" -999.0 -999.0 -999.0 -999.0 27021603175550963 814892880 "" ops_sky_boss_good ops_sky sky_boss 0 0 0.0 0.0 -999 ""
FIBERMAP 186 R+12C12 METROLOGY 0 0 0 1 0 0 93.84855070312811 238.71879129404024 143.1 -204.85158856472492 154.35173862835677 347.24426 169.06276 -999.0 -999.0 -999.0 -999.0 -999.0 246.23326741551236 -25.485978476776463 246.30200324979182 -25.54825199396899 86.11864070915173 27.15496705016062 -999.0 6231.0 -999.0 -1 -999 {-999.0 -999.0 -999.0 -999.0 -999.0} "" -999.0 -999.0 -999.0 -999.0 -999 -999 "" "" "" "" 0 0 0.0 0.0 -999 ""
FIBERMAP 193 R+4C23 APOGEE 1 1 0 1 0 0 236.20383643532432 74.6829393254171 143.1 -8.688835742703395 247.566342337366 174.4947 136.65033 246.89165574305392 -25.206955974574804 -3.3749108 -1.9449245 1.184226 246.89167290924726 -25.206979719992855 246.9597597624835 -25.267755432745698 85.5862102401361 32.490399140003376 16000.0 16600.0 2016.0 2 86 {-999.0 13.36437 12.112292 11.496361 -999.0} sdss_psfmag_from_g3xp 12.889479 12.009808 11.077545 8.949 63050396393545266 1103871091 bright_1x1 mwm_tess_rgb_apogee mwm_tessrgb science 0 0 0.0 0.0 -999 ""
FIBERMAP 193 R+4C23 BOSS 0 0 0 1 0 0 235.80146045900577 75.29537502603856 143.1 -9.386638138327108 247.34271274382957 174.4947 136.65033 -999.0 -999.0 -999.0 -999.0 -999.0 246.88934536554353 -25.207611846046788 246.95742402271094 -25.268407071304264 85.58786402101595 32.47133709175529 -999.0 5400.0 -999.0 1 259 {-999.0 -999.0 -999.0 -999.0 -999.0} "" -999.0 -999.0 -999.0 -999.0 -999 -999 "" "" "" "" 0 0 0.0 0.0 -999 ""
FIBERMAP 193 R+4C23 METROLOGY 0 0 0 1 0 0 236.528114228105 75.35941389326062 143.1 -9.253715240635433 248.05993868908314 174.4947 136.65033 -999.0 -999.0 -999.0 -999.0 -999.0 246.88979313460217 -25.205419644897475 246.95786820603894 -25.26621039516993 85.58577796509913 32.46098031257367 -999.0 6231.0 -999.0 -1 -999 {-999.0 -999.0 -999.0 -999.0 -999.0} "" -999.0 -999.0 -999.0 -999.0 -999 -999 "" "" "" "" 0 0 0.0 0.0 -999 ""
FIBERMAP 197 R0C13 APOGEE 0 0 0 1 0 0 -6.415187706653356 3.2819672194487697 143.1 -4.880097391467656 -5.301526984216908 33.682663 92.497345 -999.0 -999.0 -999.0 -999.0 -999.0 246.90200555836756 -25.972337285343848 246.97233706002532 -26.03288143864604 86.21225209695709 38.664544416713966 -999.0 16600.0 -999.0 2 250 {-999.0 -999.0 -999.0 -999.0 -999.0} "" -999.0 -999.0 -999.0 -999.0 -999 -999 "" "" "" "" 0 0 0.0 0.0 -999 ""
FIBERMAP 197 R0C13 BOSS 1 1 0 1 0 0 -6.0303601456409375 2.655310199069889 143.1 -4.173293843924638 -5.09861281527403 33.682663 92.497345 246.90457553951308 -25.97162822202448 -59.01944 -29.865248 3.4421792 246.90440200399138 -25.971718990752663 246.97472265314502 -26.032268879251 86.21046220319853 38.68465830436986 5400.0 5400.0 2016.0 1 518 {-999.0 19.606213 19.570917 19.473745 -999.0} sdss_psfmag_ps1 19.62385 19.439287 19.302828 -999.0 63050396393502144 1143795598 dark_1x2 mwm_wd_pwd_boss_1x2 mwm_wd science 0 0 0.0 0.0 -999 ""
FIBERMAP 197 R0C13 METROLOGY 0 0 0 1 0 0 -6.775357680191494 2.6314173401114327 143.1 -4.349807303980539 -5.8227592648236906 33.682663 92.497345 -999.0 -999.0 -999.0 -999.0 -999.0 246.90379563908792 -25.973921108800628 246.97412536076183 -26.034468644811632 86.21253453482137 38.69846691142055 -999.0 6231.0 -999.0 -1 -999 {-999.0 -999.0 -999.0 -999.0 -999.0} "" -999.0 -999.0 -999.0 -999.0 -999 -999 "" "" "" "" 0 0 0.0 0.0 -999 ""
FIBERMAP 213 R+3C1 APOGEE 0 0 0 1 0 0 -271.1762147655538 61.77607944276783 143.1 -132.1454626623441 -244.71175035801113 169.67126 112.42899 -999.0 -999.0 -999.0 -999.0 -999.0 246.46914942502363 -26.694406993700476 246.5415093491887 -26.7557857183112 87.01756865014312 41.25063066213113 -999.0 16600.0 -999.0 2 3 {-999.0 -999.0 -999.0 -999.0 -999.0} "" -999.0 -999.0 -999.0 -999.0 -999 -999 "" "" "" "" 0 0 0.0 0.0 -999 ""
FIBERMAP 213 R+3C1 BOSS 1 1 0 1 0 0 -271.312723217308 62.52269217531791 143.1 -132.90132701602164 -244.64330067314359 169.67126 112.42899 246.46662098775616 -26.694081343063825 -11.759301 -25.329082 7.558238 246.46661513731124 -26.694154711825323 246.53896555517395 -26.755548057103535 87.01885334239623 41.214331077986 5400.0 5400.0 2016.0 1 3 {-999.0 19.771732 18.280333 16.151808 -999.0} sdss_psfmag_ps1 19.207226 16.776205 15.363463 12.534 63050396393258167 1035051978 bright_1x1 mwm_yso_pms_boss_sagitta_edr3_single mwm_yso science 0 0 0.0 0.0 -999 ""
FIBERMAP 213 R+3C1 METROLOGY 0 0 0 1 0 0 -270.6114433834628 62.26721164646604 143.1 -132.46736789842848 -244.03609728692334 169.67126 112.42899 -999.0 -999.0 -999.0 -999.0 -999.0 246.46805282214328 -26.692396150525443 246.54040067433664 -26.753784141701 87.01667888486777 41.211272613160986 -999.0 6231.0 -999.0 -1 -999 {-999.0 -999.0 -999.0 -999.0 -999.0} "" -999.0 -999.0 -999.0 -999.0 -999 -999 "" "" "" "" 0 0 0.0 0.0 -999 ""
FIBERMAP 216 R-9C18 APOGEE 1 1 0 1 0 0 185.32239062495927 -153.6295894663317 143.1 197.64498895337601 137.3971754232628 171.99327 30.66351 247.58291861894057 -25.54034697427019 -36.50254 -37.498875 3.3698537 247.58281685561425 -25.54045029286854 247.6520355027509 -25.599486559058832 85.49115894343569 41.51631173855685 16000.0 16600.0 2016.0 2 192 {-999.0 11.826863 11.158791 10.801063 -999.0} sdss_psfmag_from_g3xp 11.6443815 11.118322 10.419999 9.035 63050396393528805 975299406 "" ops_std_apogee ops_std standard_apogee 0 0 0.0 0.0 -999 ""
FIBERMAP 216 R-9C18 BOSS 0 0 0 1 0 0 186.0771410501232 -153.48033513299833 143.1 197.70333848650196 138.16429353548997 171.99327 30.66351 -999.0 -999.0 -999.0 -999.0 -999.0 247.58303337483923 -25.538105552402403 247.65223312112266 -25.597154902142282 85.48925792379951 41.49899247496984 -999.0 5400.0 -999.0 1 265 {-999.0 -999.0 -999.0 -999.0 -999.0} "" -999.0 -999.0 -999.0 -999.0 -999 -999 "" "" "" "" 0 0 0.0 0.0 -999 ""
FIBERMAP 216 R-9C18 METROLOGY 0 0 0 1 0 0 185.83196728103536 -154.17313757612555 143.1 198.30513502057994 137.742534676007 171.99327 30.66351 -999.0 -999.0 -999.0 -999.0 -999.0 247.585084226792 -25.539361331910843 247.65429153131254 -25.59840175831898 85.48902012626186 41.52726479355351 -999.0 6231.0 -999.0 -1 -999 {-999.0 -999.0 -999.0 -999.0 -999.0} "" -999.0 -999.0 -999.0 -999.0 -999 -999 "" "" "" "" 0 0 0.0 0.0 -999 ""
FIBERMAP 223 R-7C9 APOGEE 1 1 0 1 0 0 -41.558861955088375 -136.6378434491486 143.1 120.50925252601584 -76.63438975287796 125.84153 162.2571 247.32531630489598 -26.189138923842954 -6.8022933 -5.923622 0.10210964 247.32526338383326 -26.189159115820026 247.39633926130443 -26.248635113116062 86.12850257695774 45.097983407058166 16000.0 16600.0 2016.0 2 186 {-999.0 15.587344 14.131754 13.4400625 -999.0} sdss_psfmag_from_g3xp 14.98672 13.997212 13.016553 10.562 63050396393401108 1153043270 bright_1x1 mwm_galactic_core_dist_apogee_sparse mwm_galactic science 0 0 0.0 0.0 -999 ""
FIBERMAP 223 R-7C9 BOSS 0 0 0 1 0 0 -41.80340094243179 -135.92152363648637 143.1 119.75363927433129 -76.67813243451197 125.84153 162.2571 -999.0 -999.0 -999.0 -999.0 -999.0 247.3227858874188 -26.1893201433116 247.39385048037468 -26.248812510295256 86.13017217594579 45.075879600051906 -999.0 5400.0 -999.0 1 380 {-999.0 -999.0 -999.0 -999.0 -999.0} "" -999.0 -999.0 -999.0 -999.0 -999 -999 "" "" "" "" 0 0 0.0 0.0 -999 ""
FIBERMAP 223 R-7C9 METROLOGY 0 0 0 1 0 0 -41.06437095617735 -136.07314460108046 143.1 120.0976483793384 -76.00674304682121 125.84153 162.2571 -999.0 -999.0 -999.0 -999.0 -999.0 247.32396019331023 -26.187294230040273 247.39502221566784 -26.24678137205384 86.12797715003666 45.06637382941699 -999.0 6231.0 -999.0 -1 -999 {-999.0 -999.0 -999.0 -999.0 -999.0} "" -999.0 -999.0 -999.0 -999.0 -999 -999 "" "" "" "" 0 0 0.0 0.0 -999 ""
FIBERMAP 224 R+2C5 APOGEE 1 1 0 1 0 0 -158.18720474338062 42.13373989651492 143.1 -82.95979625721384 -141.1164183477507 74.67757 35.12071 246.6364936010088 -26.38316487324557 -9.239601 -26.08469 6.6616035 246.63644813162767 -26.3832742782192 246.70792776627252 -26.44433934931971 86.68246818519404 39.74238374176264 16000.0 16600.0 2016.0 2 23 {-999.0 18.13699 16.563381 14.505815 -999.0} sdss_psfmag_ps1 17.396559 15.09997 13.716302 10.832 63050396393480847 1034958450 bright_1x1 mwm_yso_pms_apogee_sagitta_edr3_single mwm_yso science 0 0 0.0 0.0 -999 ""
FIBERMAP 224 R+2C5 BOSS 0 0 0 1 0 0 -157.93376259009435 41.41048377574712 143.1 -82.19511588049701 -141.0659559059943 74.67757 35.12071 -999.0 -999.0 -999.0 -999.0 -999.0 246.63900675461556 -26.383182603896632 246.71047810218113 -26.44425132698902 86.68097313157239 39.77224180087268 -999.0 5400.0 -999.0 1 34 {-999.0 -999.0 -999.0 -999.0 -999.0} "" -999.0 -999.0 -999.0 -999.0 -999 -999 "" "" "" "" 0 0 0.0 0.0 -999 ""
FIBERMAP 224 R+2C5 METROLOGY 0 0 0 1 0 0 -158.6753691215789 41.56486368622645 143.1 -82.54247309049764 -141.73908866750247 74.67757 35.12071 -999.0 -999.0 -999.0 -999.0 -999.0 246.63781042362533 -26.385232343739407 246.70929000121646 -26.446300600565465 86.68323778006183 39.7800173281222 -999.0 6231.0 -999.0 -1 -999 {-999.0 -999.0 -999.0 -999.0 -999.0} "" -999.0 -999.0 -999.0 -999.0 -999 -999 "" "" "" "" 0 0 0.0 0.0 -999 ""
FIBERMAP 226 R-2C25 APOGEE 1 1 0 1 0 0 282.26013501090546 -51.370728499608745 143.1 125.08931721469655 258.1771069713841 353.95633 74.528755 247.3385858311892 -25.176239576185406 -5.2362485 -14.656958 2.4135828 247.33859899181937 -25.176301420852827 247.40669700692433 -25.2360200281098 85.33804614238908 36.545671982641295 16000.0 16600.0 2016.0 2 239 {-999.0 15.616128 14.562211 13.97881 -999.0} sdss_psfmag_from_g3xp 15.243352 14.457042 13.567535 11.638 63050396393543575 1035005059 bright_1x1 mwm_yso_pms_apogee_zari18pms_single mwm_yso science 0 0 0.0 0.0 -999 ""
FIBERMAP 226 R-2C25 BOSS 0 0 0 1 0 0 282.0015601868217 -52.10819878269648 143.1 125.73055854284407 257.73047386813244 353.95633 74.528755 -999.0 -999.0 -999.0 -999.0 -999.0 247.34073964381034 -25.177660093770907 247.40883095611105 -25.23738751770269 85.33805254718472 36.57477719369956 -999.0 5400.0 -999.0 1 349 {-999.0 -999.0 -999.0 -999.0 -999.0} "" -999.0 -999.0 -999.0 -999.0 -999 -999 "" "" "" "" 0 0 0.0 0.0 -999 ""
FIBERMAP 226 R-2C25 METROLOGY 0 0 0 1 0 0 281.53448563478327 -51.4956087172524 143.1 125.01527923666703 257.4445535676897 353.95633 74.528755 -999.0 -999.0 -999.0 -999.0 -999.0 247.3383847804788 -25.178461048074148 247.406481074388 -25.238189823373556 85.33993266429435 36.559080572835114 -999.0 6231.0 -999.0 -1 -999 {-999.0 -999.0 -999.0 -999.0 -999.0} "" -999.0 -999.0 -999.0 -999.0 -999 -999 "" "" "" "" 0 0 0.0 0.0 -999 ""
FIBERMAP 229 R+9C7 APOGEE 1 1 0 1 0 0 -40.73913920772035 175.27920354264634 143.1 -179.77903906877265 7.695959565545187 18.479485 99.52328 246.31260951079855 -25.93023594280764 -5.5881925 -9.789716 1.3051587 246.31259276353833 -25.930239509835708 246.38265227148054 -25.99219586077749 86.47504471837291 31.410554903633965 16000.0 16600.0 2016.0 2 133 {-999.0 12.377748 11.1150875 10.519132 -999.0} sdss_psfmag_from_g3xp 11.895139 11.029975 10.108933 7.923 63050396393513643 1113482424 bright_1x1 manual_mwm_dust_gaia_madgics_dib_dr3 mwm_dust science 0 0 0.0 0.0 -999 ""
FIBERMAP 229 R+9C7 BOSS 0 0 0 1 0 0 -40.371241442256355 174.6350437450197 143.1 -179.05990725533377 7.877875430596657 18.479485 99.52328 -999.0 -999.0 -999.0 -999.0 -999.0 246.31495013230312 -25.929688892228068 246.385001169872 -25.991651189665998 86.47350441117113 31.43565067955319 -999.0 5400.0 -999.0 1 123 {-999.0 -999.0 -999.0 -999.0 -999.0} "" -999.0 -999.0 -999.0 -999.0 -999 -999 "" "" "" "" 0 0 0.0 0.0 -999 ""
FIBERMAP 229 R+9C7 METROLOGY 0 0 0 1 0 0 -41.11724840220898 174.6383982844945 143.1 -179.26294182052612 7.160054137252083 18.479485 99.52328 -999.0 -999.0 -999.0 -999.0 -999.0 246.31422260106834 -25.931862956287624 246.38428194825633 -25.9938231597665 86.47570399818142 31.44451634261111 -999.0 6231.0 -999.0 -1 -999 {-999.0 -999.0 -999.0 -999.0 -999.0} "" -999.0 -999.0 -999.0 -999.0 -999 -999 "" "" "" "" 0 0 0.0 0.0 -999 ""
FIBERMAP 230 R+10C2 APOGEE 0 0 0 1 0 0 -176.85124581123534 194.70216855085215 143.1 -234.94640428401078 -118.23543423419254 228.5808 54.053417 -999.0 -999.0 -999.0 -999.0 -999.0 246.12465108432988 -26.30988161801698 246.19577825862882 -26.372181204525816 86.88718234517192 32.30223277638083 -999.0 16600.0 -999.0 2 -999 {-999.0 -999.0 -999.0 -999.0 -999.0} "" -999.0 -999.0 -999.0 -999.0 -999 -999 "" "" "" "" 0 0 0.0 0.0 -999 ""
FIBERMAP 230 R+10C2 BOSS 1 1 0 1 0 0 -177.02222300688186 195.42660629939104 143.1 -235.69013651270663 -118.20613162225226 228.5808 54.053417 246.12184941751394 -26.309761826983287 -6.890856 -4.39867 0.14563653 246.12216336701692 -26.30975709746571 246.19328272257576 -26.372072562649592 86.88825524602788 32.266047870622174 5400.0 5400.0 2016.0 1 18 {-999.0 15.147987 14.184967 13.688185 -999.0} sdss_psfmag_from_g3xp 14.823101 14.125549 13.298249 11.468 63050396393318175 1071765538 dark_flexible_2x1 mwm_halo_vmp_xp_boss mwm_halo science 0 0 1.1171026229858398 0.0 -999 ""
FIBERMAP 230 R+10C2 METROLOGY 0 0 0 1 0 0 -176.32043040491834 195.2291725557825 143.1 -235.31196362776365 -117.5828875779693 228.5808 54.053417 -999.0 -999.0 -999.0 -999.0 -999.0 246.1233910458747 -26.307913234874306 246.19450721047633 -26.37022347286005 86.88610537575832 32.26554812662232 -999.0 6231.0 -999.0 -1 -999 {-999.0 -999.0 -999.0 -999.0 -999.0} "" -999.0 -999.0 -999.0 -999.0 -999 -999 "" "" "" "" 0 0 0.0 0.0 -999 ""
FIBERMAP 231 R+2C20 APOGEE 0 0 0 1 0 0 156.66478814701287 21.879963485480292 143.1 20.87981897623182 156.79445122918568 295.80246 86.335434 -999.0 -999.0 -999.0 -999.0 -999.0 246.99008464808242 -25.480891567461864 247.05899362534228 -25.54135883568454 85.76788655870281 35.45450770861447 -999.0 16600.0 -999.0 2 -999 {-999.0 -999.0 -999.0 -999.0 -999.0} "" -999.0 -999.0 -999.0 -999.0 -999 -999 "" "" "" "" 0 0 0.0 0.0 -999 ""
FIBERMAP 231 R+2C20 BOSS 1 1 0 1 0 0 155.98684336734564 21.57769650533486 143.1 20.989456062017105 156.06034807611942 295.80246 86.335434 246.99046162003586 -25.48300699638075 -8.234856 -7.1873384 0.46983513 246.99046854267502 -25.483034067133957 247.05937398840547 -25.54351295809162 85.76947483513403 35.47477143379831 5400.0 5400.0 2016.0 1 230 {-999.0 17.262873 16.243395 15.701472 15.256725} sdss_psfmag_from_ps1dr2 16.8753 16.1825 15.2903 13.504 63050396393521576 1040595693 "" ops_std_boss_ps1dr2 ops_std standard_boss 0 0 0.0 0.0 -999 ""
FIBERMAP 231 R+2C20 METROLOGY 0 0 0 1 0 0 156.0615593093698 22.322245280529422 143.1 20.292152310500054 156.3317432626011 295.80246 86.335434 -999.0 -999.0 -999.0 -999.0 -999.0 246.98812704569883 -25.48219333129194 247.0570322935289 -25.54267431264128 85.7699692923228 35.444692902567226 -999.0 6231.0 -999.0 -1 -999 {-999.0 -999.0 -999.0 -999.0 -999.0} "" -999.0 -999.0 -999.0 -999.0 -999 -999 "" "" "" "" 0 0 0.0 0.0 -999 ""
FIBERMAP 232 R+13C3 APOGEE 1 1 0 1 0 0 -83.86349966989866 261.0978880267656 143.1 -274.0086522553661 -10.86622900976888 70.55629 66.11022 245.99676869309423 -25.983953848643594 -14.750233 -29.332567 8.229176 245.99669314660036 -25.98401886926614 246.06682783455028 -26.046709161291616 86.65916730845433 27.688465026697543 16000.0 16600.0 2016.0 2 54 {-999.0 16.584005 15.195397 13.914851 -999.0} sdss_psfmag_ps1 16.011063 14.508434 13.312414 10.974 63050396394920659 1034958685 bright_1x1 mwm_yso_pms_apogee_sagitta_edr3_single mwm_yso science 0 0 0.0 0.0 -999 ""
FIBERMAP 232 R+13C3 BOSS 0 0 0 1 0 0 -83.4073184982804 260.5232980664978 143.1 -273.3329006672169 -10.58062608288097 70.55629 66.11022 -999.0 -999.0 -999.0 -999.0 -999.0 245.99897361671992 -25.983164156692812 246.06910009383762 -26.045860451021824 86.65748675032286 27.713110028096025 -999.0 5400.0 -999.0 1 91 {-999.0 -999.0 -999.0 -999.0 -999.0} "" -999.0 -999.0 -999.0 -999.0 -999 -999 "" "" "" "" 0 0 0.0 0.0 -999 ""
FIBERMAP 232 R+13C3 METROLOGY 0 0 0 1 0 0 -84.12275406984837 260.4097427814765 143.1 -273.4151137789027 -11.300306127648655 70.55629 66.11022 -999.0 -999.0 -999.0 -999.0 -999.0 245.99861625215257 -25.985342575548113 246.06875080867007 -26.048035958228855 86.65956860052013 27.725207651201742 -999.0 6231.0 -999.0 -1 -999 {-999.0 -999.0 -999.0 -999.0 -999.0} "" -999.0 -999.0 -999.0 -999.0 -999 -999 "" "" "" "" 0 0 0.0 0.0 -999 ""
FIBERMAP 234 R+3C20 APOGEE 1 1 0 1 0 0 159.85050686604694 49.689816977319616 143.1 -5.059584236930192 167.3119449150007 216.21016 127.274254 246.9028568892822 -25.448737956630286 50.73717 -49.665413 14.024905 246.90303903786864 -25.448891739261317 246.97183406212662 -25.509574965300942 85.78503180877928 34.32640604935932 16000.0 16600.0 2016.0 2 69 {-999.0 14.422751 12.997044 12.2132015 -999.0} sdss_psfmag_from_g3xp 13.8414 12.827423 11.827166 9.934 63050396393523477 984800743 bright_1x1 mwm_snc_100pc_apogee mwm_snc science 0 0 0.0 0.0 -999 ""
FIBERMAP 234 R+3C20 BOSS 0 0 0 1 0 0 159.13923958758426 49.92445495897448 143.1 -5.476138112895046 166.68953715139665 216.21016 127.274254 -999.0 -999.0 -999.0 -999.0 -999.0 246.90164163310428 -25.450691312187146 246.97043202466568 -25.511390609482508 85.78724384041699 34.325484511552986 -999.0 5400.0 -999.0 1 224 {-999.0 -999.0 -999.0 -999.0 -999.0} "" -999.0 -999.0 -999.0 -999.0 -999 -999 "" "" "" "" 0 0 0.0 0.0 -999 ""
FIBERMAP 234 R+3C20 METROLOGY 0 0 0 1 0 0 159.68793237457407 50.42505051644989 143.1 -5.811466878297166 167.35223431149547 216.21016 127.274254 -999.0 -999.0 -999.0 -999.0 -999.0 246.90051838976214 -25.44866902082265 246.96930532072452 -25.509367795063792 85.78610482509177 34.29885279968505 -999.0 6231.0 -999.0 -1 -999 {-999.0 -999.0 -999.0 -999.0 -999.0} "" -999.0 -999.0 -999.0 -999.0 -999 -999 "" "" "" "" 0 0 0.0 0.0 -999 ""
FIBERMAP 243 R-11C12 APOGEE 1 1 0 1 0 0 68.73640574178964 -201.88771240090247 143.1 212.91276576586668 12.150685621570998 144.9019 100.93311 247.6357610623192 -25.91942307563703 -6.033945 -0.45519534 0.19208577 247.63573760958585 -25.919410808885463 247.70608642330285 -25.97821764494254 85.74084183392647 45.29795291819363 16000.0 16600.0 2016.0 2 183 {-999.0 14.958539 13.188254 11.389513 -999.0} sdss_psfmag_from_g3xp 14.179074 12.128633 10.799519 7.466 63050396393455914 1153043276 bright_1x1 mwm_galactic_core_dist_apogee_sparse mwm_galactic science 0 0 0.0 0.0 -999 ""
FIBERMAP 243 R-11C12 BOSS 0 0 0 1 0 0 69.01480784357673 -201.18123695479218 143.1 212.30669588608737 12.608119432215581 144.9019 100.93311 -999.0 -999.0 -999.0 -999.0 -999.0 247.63376850838372 -25.918015253027217 247.70410046310872 -25.97683872407624 85.741079461371 45.26774687594815 -999.0 5400.0 -999.0 1 376 {-999.0 -999.0 -999.0 -999.0 -999.0} "" -999.0 -999.0 -999.0 -999.0 -999 -999 "" "" "" "" 0 0 0.0 0.0 -999 ""
FIBERMAP 243 R-11C12 METROLOGY 0 0 0 1 0 0 69.4781421287577 -201.75973379314746 143.1 212.98812726305977 12.899567450698036 144.9019 100.93311 -999.0 -999.0 -999.0 -999.0 -999.0 247.63607957460977 -25.917128519349717 247.70641290436038 -25.97594343151372 85.73899567754745 45.27964333945971 -999.0 6231.0 -999.0 -1 -999 {-999.0 -999.0 -999.0 -999.0 -999.0} "" -999.0 -999.0 -999.0 -999.0 -999 -999 "" "" "" "" 0 0 0.0 0.0 -999 ""
FIBERMAP 244 R-4C15 APOGEE 1 1 0 1 0 0 80.2889267653323 -67.12653034477472 143.1 86.17494512748624 59.37367207472152 65.431885 88.69505 247.20933022727502 -25.77645412669326 -4.020385 -0.6268293 0.31184724 247.20954658468756 -25.77645641207788 247.2793745938426 -25.83632043633097 85.88721330514907 40.060060794506455 16000.0 16600.0 2016.0 2 199 {-999.0 14.606739 12.551149 10.984003 -999.0} sdss_psfmag_from_g3xp 13.629733 11.686751 10.384418 6.911 63050396393504480 1153043291 bright_1x1 mwm_galactic_core_dist_apogee_sparse mwm_galactic science 0 0 0.7773023843765259 0.0 -999 ""
FIBERMAP 244 R-4C15 BOSS 0 0 0 1 0 0 80.95270558649557 -67.47260077870277 143.1 86.68613669913624 59.92048349341906 65.431885 88.69505 -999.0 -999.0 -999.0 -999.0 -999.0 247.2113313553453 -25.774754104784254 247.28114404900077 -25.83462637219289 85.88489542691327 40.06261808083883 -999.0 5400.0 -999.0 1 280 {-999.0 -999.0 -999.0 -999.0 -999.0} "" -999.0 -999.0 -999.0 -999.0 -999 -999 "" "" "" "" 0 0 0.0 0.0 -999 ""
FIBERMAP 244 R-4C15 METROLOGY 0 0 0 1 0 0 80.31539319916567 -67.87324562992254 143.1 86.90143577572547 59.19917798966814 65.431885 88.69505 -999.0 -999.0 -999.0 -999.0 -999.0 247.21206339212748 -25.77694130381879 247.28188573551108 -25.83680781404786 85.88617985000194 40.08889512924401 -999.0 6231.0 -999.0 -1 -999 {-999.0 -999.0 -999.0 -999.0 -999.0} "" -999.0 -999.0 -999.0 -999.0 -999 -999 "" "" "" "" 0 0 0.0 0.0 -999 ""
FIBERMAP 249 R+8C6 APOGEE 0 0 0 1 0 0 -99.23462792742293 140.41512294588233 143.1 -161.85702837678537 -57.99753037612095 271.58286 80.26619 -999.0 -999.0 -999.0 -999.0 -999.0 246.3713994486467 -26.12979633570281 246.44206098562233 -26.191559376930158 86.61666916231766 33.90285076196426 -999.0 16600.0 -999.0 2 -999 {-999.0 -999.0 -999.0 -999.0 -999.0} "" -999.0 -999.0 -999.0 -999.0 -999 -999 "" "" "" "" 0 0 0.0 0.0 -999 ""
FIBERMAP 249 R+8C6 BOSS 1 1 0 1 0 0 -99.94839976807317 140.5107088361645 143.1 -162.1402871634358 -58.659593353320645 271.58286 80.26619 246.37004561535915 -26.131745063923056 -7.771577 -26.172066 7.11019 246.3703733920355 -26.131806828197202 246.44103290839178 -26.193582396906972 86.61886863626428 33.90836796376226 5400.0 5400.0 2016.0 1 79 {-999.0 16.027142 14.426281 13.720894 -999.0} sdss_psfmag_ps1 15.292485 13.826895 12.643596 10.091 63050396393507827 1075849143 bright_1x1 mwm_erosita_stars_boss mwm_erosita science 0 0 1.1078568696975708 0.0 -999 ""
FIBERMAP 249 R+8C6 METROLOGY 0 0 0 1 0 0 -99.49778472991636 141.11529914806113 143.1 -162.60207491571146 -58.06353361230976 271.58286 80.26619 -999.0 -999.0 -999.0 -999.0 -999.0 246.3688053289653 -26.129999089976522 246.4394612908295 -26.191775858088857 86.61811845080862 33.87165402055945 -999.0 6231.0 -999.0 -1 -999 {-999.0 -999.0 -999.0 -999.0 -999.0} "" -999.0 -999.0 -999.0 -999.0 -999 -999 "" "" "" "" 0 0 0.0 0.0 -999 ""
FIBERMAP 253 R+5C3 APOGEE 1 1 0 1 0 0 -170.51714519895427 103.8377121035706 143.1 -145.7091015489446 -136.46920923643032 80.550354 38.14483 246.4246517289318 -26.36740528915821 -35.63442 -133.43822 12.313602 246.42452385230217 -26.36779369236784 246.49590214451098 -26.42936646682291 86.78559287399942 36.93146122309787 16000.0 16600.0 2016.0 2 19 {-999.0 13.45952 12.185324 11.6852 -999.0} sdss_psfmag_from_g3xp 12.96522 12.185461 11.323607 9.623 63050396393270745 984784293 bright_1x1 mwm_snc_100pc_apogee mwm_snc science 0 0 0.0 0.0 -999 ""
FIBERMAP 253 R+5C3 BOSS 0 0 0 1 0 0 -170.1319475083618 103.20391620053071 143.1 -144.99532111102894 -136.26785048030703 80.550354 38.14483 -999.0 -999.0 -999.0 -999.0 -999.0 246.42689694691435 -26.367231953983644 246.49826630178734 -26.42880900117337 86.78389894681891 36.9561879049142 -999.0 5400.0 -999.0 1 28 {-999.0 -999.0 -999.0 -999.0 -999.0} "" -999.0 -999.0 -999.0 -999.0 -999 -999 "" "" "" "" 0 0 0.0 0.0 -999 ""
FIBERMAP 253 R+5C3 METROLOGY 0 0 0 1 0 0 -170.89112588088565 103.19261660759786 143.1 -145.18776525216225 -137.00228621624868 80.550354 38.14483 -999.0 -999.0 -999.0 -999.0 -999.0 246.42621272831352 -26.369469187613884 246.49759076548207 -26.431044485378568 86.78606364681556 36.970863322534456 -999.0 6231.0 -999.0 -1 -999 {-999.0 -999.0 -999.0 -999.0 -999.0} "" -999.0 -999.0 -999.0 -999.0 -999 -999 "" "" "" "" 0 0 0.0 0.0 -999 ""
FIBERMAP 255 R-5C11 APOGEE 1 1 0 1 0 0 -23.46288638846451 -97.33939776711091 143.1 87.49489120198815 -48.67503741603019 176.47993 124.11132 247.2138576612819 -26.10442102662979 0.14941497 -2.5768545 0.15421848 247.21386799640416 -26.104433886245356 247.28466579458893 -26.164198795865385 86.13448101040103 43.157801540923344 16000.0 16600.0 2016.0 2 170 {-999.0 15.322575 13.973137 13.353298 -999.0} sdss_psfmag_gaia 14.739815 13.901049 12.9112625 10.295 63050396393495560 1157449870 bright_1x1 mwm_galactic_core_dist_apogee_extra mwm_galactic science 0 0 0.0 0.0 -999 ""
FIBERMAP 255 R-5C11 BOSS 0 0 0 1 0 0 -23.8357227132786 -96.6683515902305 143.1 86.74853375906406 -48.85451023173972 176.47993 124.11132 -999.0 -999.0 -999.0 -999.0 -999.0 247.21141156103752 -26.104995340092213 247.2821996786746 -26.16477676211018 86.13638684016782 43.139027527490384 -999.0 5400.0 -999.0 1 409 {-999.0 -999.0 -999.0 -999.0 -999.0} "" -999.0 -999.0 -999.0 -999.0 -999 -999 "" "" "" "" 0 0 0.0 0.0 -999 ""
FIBERMAP 255 R-5C11 METROLOGY 0 0 0 1 0 0 -23.095783523637152 -96.67871941858216 143.1 86.95669995478505 -48.14441312977983 176.47993 124.11132 -999.0 -999.0 -999.0 -999.0 -999.0 247.21212311431353 -26.102847601471414 247.28290808664303 -26.16262485143467 86.13435831473036 43.1247958534052 -999.0 6231.0 -999.0 -1 -999 {-999.0 -999.0 -999.0 -999.0 -999.0} "" -999.0 -999.0 -999.0 -999.0 -999 -999 "" "" "" "" 0 0 0.0 0.0 -999 ""
FIBERMAP 266 R-11C1 APOGEE 1 1 0 1 0 0 -157.20836341069466 -217.54307959454243 143.1 167.48080406591876 -209.72251299847653 325.69504 129.64581 247.48319842593892 -26.590735818519935 -9.378665 -20.688627 6.0682793 247.48310393587658 -26.590815739780012 247.55541547532334 -26.64980566234742 86.30097116610237 50.99754733851472 16000.0 16600.0 2016.0 2 260 {-999.0 8.596707 8.62292 8.66061 -999.0} sdss_psfmag_from_g3xp 8.680344 8.566945 8.335768 7.955 63050396393387796 975299571 "" ops_std_apogee ops_std standard_apogee 0 0 0.0 0.0 -999 ""
FIBERMAP 266 R-11C1 BOSS 0 0 0 1 0 0 -157.2537107778256 -218.29876692673133 143.1 168.1967047245235 -209.96859708008935 325.69504 129.64581 -999.0 -999.0 -999.0 -999.0 -999.0 247.4855235075318 -26.59153066408674 247.55782597468783 -26.65052360950085 86.29979886738857 51.02768894556402 -999.0 5400.0 -999.0 1 354 {-999.0 -999.0 -999.0 -999.0 -999.0} "" -999.0 -999.0 -999.0 -999.0 -999 -999 "" "" "" "" 0 0 0.0 0.0 -999 ""
FIBERMAP 266 R-11C1 METROLOGY 0 0 0 1 0 0 -157.87687179223335 -217.8663787850914 143.1 167.61323139864282 -210.4531579631661 325.69504 129.64581 -999.0 -999.0 -999.0 -999.0 -999.0 247.4835850980856 -26.593041372107077 247.55589496313803 -26.65203598835754 86.30209341067113 51.02815676833279 -999.0 6231.0 -999.0 -1 -999 {-999.0 -999.0 -999.0 -999.0 -999.0} "" -999.0 -999.0 -999.0 -999.0 -999 -999 "" "" "" "" 0 0 0.0 0.0 -999 ""
FIBERMAP 267 R-9C2 APOGEE 0 0 0 1 0 0 -179.45730325607562 -177.24556513011655 143.1 122.69835605137824 -220.36477153435928 179.93585 129.09537 -999.0 -999.0 -999.0 -999.0 -999.0 247.3318695490028 -26.62348411258488 247.40424151615844 -26.682826695914336 86.42462867849086 49.994256370946346 -999.0 16600.0 -999.0 2 -999 {-999.0 -999.0 -999.0 -999.0 -999.0} "" -999.0 -999.0 -999.0 -999.0 -999 -999 "" "" "" "" 0 0 0.0 0.0 -999 ""
FIBERMAP 267 R-9C2 BOSS 1 1 0 1 0 0 -179.9373341447629 -176.71507254736045 143.1 122.05870120033347 -220.68516239230578 179.93585 129.09537 247.3297119140625 -26.624440390015437 -999.0 -999.0 -999.0 247.3297249349005 -26.62445970601356 247.40208805145915 -26.683816013885263 86.42672584754476 49.98572498401222 5400.0 5400.0 2015.5 1 457 {-999.0 -999.0 -999.0 -999.0 -999.0} "" -999.0 -999.0 -999.0 -999.0 27021603175504666 823837835 "" ops_sky_boss_good ops_sky sky_boss 0 0 0.0 0.0 -999 ""
FIBERMAP 267 R-9C2 METROLOGY 0 0 0 1 0 0 -179.2050555504898 -176.54138524413372 143.1 122.08749284458735 -219.93315027104813 179.93585 129.09537 -999.0 -999.0 -999.0 -999.0 -999.0 247.32985023776627 -26.62223870296686 247.40220992420313 -26.681592806722502 86.42517231029285 49.960153937891334 -999.0 6231.0 -999.0 -1 -999 {-999.0 -999.0 -999.0 -999.0 -999.0} "" -999.0 -999.0 -999.0 -999.0 -999 -999 "" "" "" "" 0 0 0.0 0.0 -999 ""
FIBERMAP 274 R+2C17 APOGEE 1 1 0 1 0 0 82.17794565305418 25.50615462499885 143.1 -2.5635137893789333 86.00336764011554 255.18564 101.21468 246.91066773190022 -25.6951733557815 -8.53383 -4.4842277 0.6641092 246.9106717249452 -25.69514753798693 246.98018980520646 -25.755745997271717 85.98463003196649 36.33768440821859 16000.0 16600.0 2016.0 2 61 {-999.0 15.21433 13.501499 12.649851 -999.0} sdss_psfmag_from_g3xp 14.44804 13.253009 12.175914 9.377 63050396393520085 1110214629 bright_1x1 mwm_tess_rgb_apogee mwm_tessrgb science 0 0 0.0 0.0 -999 ""
FIBERMAP 274 R+2C17 BOSS 0 0 0 1 0 0 81.45352319626625 25.650881631352597 143.1 -2.8969687728997 85.34420506609712 255.18564 101.21468 -999.0 -999.0 -999.0 -999.0 -999.0 246.90955008423626 -25.697082124478893 246.97906396122198 -25.757695037970027 85.98680756160496 36.34185632983292 -999.0 5400.0 -999.0 1 207 {-999.0 -999.0 -999.0 -999.0 -999.0} "" -999.0 -999.0 -999.0 -999.0 -999 -999 "" "" "" "" 0 0 0.0 0.0 -999 ""
FIBERMAP 274 R+2C17 METROLOGY 0 0 0 1 0 0 81.92488448417795 26.20664949220659 143.1 -3.306163428037316 85.94717611036558 255.18564 101.21468 -999.0 -999.0 -999.0 -999.0 -999.0 246.90817370970316 -25.695245068292692 246.97768459281406 -25.755858273335182 85.98601961258942 36.312242950501116 -999.0 6231.0 -999.0 -1 -999 {-999.0 -999.0 -999.0 -999.0 -999.0} "" -999.0 -999.0 -999.0 -999.0 -999 -999 "" "" "" "" 0 0 0.0 0.0 -999 ""
FIBERMAP 280 R-3C15 APOGEE 0 0 0 1 0 0 74.20100733744115 -45.54119705131296 143.1 63.74862889158351 59.28962540466291 114.38951 14.68663 -999.0 -999.0 -999.0 -999.0 -999.0 247.1339951433606 -25.776626736048982 247.20380586216095 -25.83667094683678 85.92969030145522 39.315532544433836 -999.0 16600.0 -999.0 2 -999 {-999.0 -999.0 -999.0 -999.0 -999.0} "" -999.0 -999.0 -999.0 -999.0 -999 -999 "" "" "" "" 0 0 0.0 0.0 -999 ""
FIBERMAP 280 R-3C15 BOSS 1 1 0 1 0 0 74.67312539112743 -46.150108022889455 143.1 64.46171447560236 59.58139009719053 114.38951 14.68663 247.13648640688018 -25.77563174243579 -8.775804 -21.212954 2.902362 247.13645071470026 -25.775697884198514 247.20624883203413 -25.835748520637278 85.92760965043051 39.33193626215052 5400.0 5400.0 2016.0 1 328 {-999.0 17.660168 15.894537 15.058453 -999.0} sdss_psfmag_ps1 16.825583 15.625087 14.533086 11.854 63050396393504907 1075849141 bright_1x1 mwm_erosita_stars_boss mwm_erosita science 0 0 0.0 0.0 -999 ""
FIBERMAP 280 R-3C15 METROLOGY 0 0 0 1 0 0 73.93128498609855 -46.23887037743509 143.1 64.34854330658683 58.842911327176665 114.38951 14.68663 -999.0 -999.0 -999.0 -999.0 -999.0 247.13607160616772 -25.77793682881052 247.20587918653166 -25.83798434793881 85.92957596852463 39.34764042098891 -999.0 6231.0 -999.0 -1 -999 {-999.0 -999.0 -999.0 -999.0 -999.0} "" -999.0 -999.0 -999.0 -999.0 -999 -999 "" "" "" "" 0 0 0.0 0.0 -999 ""
FIBERMAP 284 R-1C5 APOGEE 1 1 0 1 0 0 -177.91224696149482 -2.1351559673824703 143.1 -45.59310463557695 -171.97648337841585 118.29528 36.233276 246.76254272460938 -26.477188435414362 -999.0 -999.0 -999.0 246.76257916513964 -26.477199237854165 246.83437034244628 -26.5379389066946 86.68173869718764 42.28004014011026 16000.0 16600.0 2015.5 2 281 {-999.0 -999.0 -999.0 -999.0 -999.0} "" -999.0 -999.0 -999.0 -999.0 27021603175506857 845949691 "" ops_sky_apogee_best ops_sky sky_apogee 0 0 0.0 0.0 -999 ""
FIBERMAP 284 R-1C5 BOSS 0 0 0 1 0 0 -177.29973997242854 -2.5674870812261794 143.1 -45.01253971462643 -171.50217154716526 118.29528 36.233276 -999.0 -999.0 -999.0 -999.0 -999.0 246.76454067265166 -26.47582626570676 246.83631912882709 -26.536571010387682 86.67956164074681 42.287187283896344 -999.0 5400.0 -999.0 1 462 {-999.0 -999.0 -999.0 -999.0 -999.0} "" -999.0 -999.0 -999.0 -999.0 -999 -999 "" "" "" "" 0 0 0.0 0.0 -999 ""
FIBERMAP 284 R-1C5 METROLOGY 0 0 0 1 0 0 -177.9816787008522 -2.8745123122013467 143.1 -44.89938812149979 -172.2413969598105 118.29528 36.233276 -999.0 -999.0 -999.0 -999.0 -999.0 246.76490755086002 -26.478085735888158 246.83669540981066 -26.538826334838785 86.68103871696239 42.31718793312098 -999.0 6231.0 -999.0 -1 -999 {-999.0 -999.0 -999.0 -999.0 -999.0} "" -999.0 -999.0 -999.0 -999.0 -999 -999 "" "" "" "" 0 0 0.0 0.0 -999 ""
FIBERMAP 286 R-5C13 APOGEE 1 0 1 1 0 0 34.42737902281984 -89.33638374829621 143.1 95.2893342453678 9.241178849223383 10.0260105 169.98196 247.27921505044193 -25.87071860798041 -11.878946 -9.307719 0.15217856 247.2402694546208 -25.928632679986258 247.31055355111005 -25.988382176030395 85.98665384170543 41.73141120812011 16000.0 16600.0 2016.0 2 162 {-999.0 14.539058 12.959333 12.155235 -999.0} sdss_psfmag_from_g3xp 13.8602495 12.748258 11.709874 9.186 63050396393500353 1061897629 dark_flexible_2x1 manual_mwm_halo_vmp_wise_apogee mwm_halo science 0 0 0.0 0.0 -999 ""
FIBERMAP 286 R-5C13 BOSS 0 0 1 1 0 0 35.16655044155369 -89.31816441079866 143.1 95.46975329637286 9.958192752053945 10.0260105 169.98196 -999.0 -999.0 -999.0 -999.0 -999.0 247.24094897545737 -25.926439160145147 247.31121591150486 -25.986199102648847 85.9846046557597 41.71770168574693 -999.0 5400.0 -999.0 1 392 {-999.0 -999.0 -999.0 -999.0 -999.0} "" -999.0 -999.0 -999.0 -999.0 -999 -999 "" "" "" "" 0 0 0.0 0.0 -999 ""
FIBERMAP 286 R-5C13 METROLOGY 0 0 1 1 0 0 34.81082458656645 -89.97394419797135 143.1 96.00627226005781 9.439841310352278 10.0260105 169.98196 -999.0 -999.0 -999.0 -999.0 -999.0 247.2427651186832 -25.928015820175133 247.3130402098567 -25.9877677449585 85.9847379764737 41.75005354603047 -999.0 6231.0 -999.0 -1 -999 {-999.0 -999.0 -999.0 -999.0 -999.0} "" -999.0 -999.0 -999.0 -999.0 -999 -999 "" "" "" "" 0 0 0.0 0.0 -999 ""
FIBERMAP 290 R+8C13 APOGEE 0 0 0 1 0 0 64.98520182180398 165.95258899134063 143.1 -142.47746533288026 107.05520373660825 84.430435 133.66942 -999.0 -999.0 -999.0 -999.0 -999.0 246.4404183791261 -25.629793536953496 246.50963034800736 -25.691527624488998 86.15754503005024 30.607770751012083 -999.0 16600.0 -999.0 2 -999 {-999.0 -999.0 -999.0 -999.0 -999.0} "" -999.0 -999.0 -999.0 -999.0 -999 -999 "" "" "" "" 0 0 0.0 0.0 -999 ""
FIBERMAP 290 R+8C13 BOSS 1 1 0 1 0 0 65.58360173809544 166.43189871479498 143.1 -142.77897381187856 107.76008887746838 84.430435 133.66942 246.43935559806383 -25.6275931104336 7.5425415 -3.7988176 1.0992967 246.4393788423227 -25.62760488903715 246.50857626340598 -25.689354565960475 86.15612463330706 30.57943537722474 5400.0 5400.0 2016.0 1 157 {-999.0 17.415413 16.06273 15.38448 -999.0} sdss_psfmag_ps1 16.870249 15.911893 14.935896 12.673 63050396393517885 1035052023 bright_1x1 mwm_yso_pms_boss_sagitta_edr3_single mwm_yso science 0 0 0.0 0.0 -999 ""
FIBERMAP 290 R+8C13 METROLOGY 0 0 0 1 0 0 65.67872298719293 165.67236299334317 143.1 -142.0217438794616 107.64830468016437 84.430435 133.66942 -999.0 -999.0 -999.0 -999.0 -999.0 246.4418934054583 -25.627942971873217 246.511094669307 -25.68968303716108 86.15528933169327 30.611288165025826 -999.0 6231.0 -999.0 -1 -999 {-999.0 -999.0 -999.0 -999.0 -999.0} "" -999.0 -999.0 -999.0 -999.0 -999 -999 "" "" "" "" 0 0 0.0 0.0 -999 ""
FIBERMAP 294 R+11C8 APOGEE 1 1 0 1 0 0 -24.385195795180483 216.4089115597044 143.1 -215.02424708782877 34.46746549770868 170.98347 114.292816 246.1951521837025 -25.848391262487304 2.3354986 6.6918464 0.8046578 246.19516788171333 -25.848356498085547 246.2649570838298 -25.91061330078699 86.45596692367343 29.26515883006732 16000.0 16600.0 2016.0 2 129 {-999.0 13.682075 12.394992 11.818631 -999.0} sdss_psfmag_from_g3xp 13.186421 12.323745 11.40697 9.272 63050396395015946 1113482441 bright_1x1 manual_mwm_dust_gaia_madgics_dib_dr3 mwm_dust science 0 0 0.0 0.0 -999 ""
FIBERMAP 294 R+11C8 BOSS 0 0 0 1 0 0 -24.60122163727772 217.13344222729737 143.1 -215.78013419664862 34.45339212572226 170.98347 114.292816 -999.0 -999.0 -999.0 -999.0 -999.0 246.19259551466104 -25.848363413434562 246.26237706379015 -25.910637996663237 86.45709103307608 29.232307696967666 -999.0 5400.0 -999.0 1 116 {-999.0 -999.0 -999.0 -999.0 -999.0} "" -999.0 -999.0 -999.0 -999.0 -999 -999 "" "" "" "" 0 0 0.0 0.0 -999 ""
FIBERMAP 294 R+11C8 METROLOGY 0 0 0 1 0 0 -23.869671905516313 216.949505436034 143.1 -215.40699473709518 35.10891973533003 170.98347 114.292816 -999.0 -999.0 -999.0 -999.0 -999.0 246.1938257980115 -25.846384067096167 246.26360385223734 -25.908652961688837 86.45482008601802 29.232772207951882 -999.0 6231.0 -999.0 -1 -999 {-999.0 -999.0 -999.0 -999.0 -999.0} "" -999.0 -999.0 -999.0 -999.0 -999 -999 "" "" "" "" 0 0 0.0 0.0 -999 ""
FIBERMAP 300 R-4C2 APOGEE 0 0 0 1 0 0 -216.09276733876231 -69.66617961346782 143.1 9.241916672244608 -226.84725335055694 29.37528 131.01334 -999.0 -999.0 -999.0 -999.0 -999.0 246.94781276082466 -26.643263684146525 247.02014650181047 -26.70351734668523 86.68916448491572 46.33505933410686 -999.0 16600.0 -999.0 2 -999 {-999.0 -999.0 -999.0 -999.0 -999.0} "" -999.0 -999.0 -999.0 -999.0 -999 -999 "" "" "" "" 0 0 0.0 0.0 -999 ""
FIBERMAP 300 R-4C2 BOSS 1 1 0 1 0 0 -215.37109673249964 -69.91371911824098 143.1 9.67368648209843 -226.21827819845154 29.37528 131.01334 246.94931030273438 -26.641393031813948 -999.0 -999.0 -999.0 246.9492927631345 -26.64140368040935 247.02161149350047 -26.701663086195843 86.68692842689137 46.32832963125617 5400.0 5400.0 2015.5 1 453 {-999.0 -999.0 -999.0 -999.0 -999.0} "" -999.0 -999.0 -999.0 -999.0 27021603175504754 823837872 "" ops_sky_boss_good ops_sky sky_boss 0 0 0.0 0.0 -999 ""
FIBERMAP 300 R-4C2 METROLOGY 0 0 0 1 0 0 -215.9415793355686 -70.39873705455103 143.1 9.988171462769497 -226.89779600553078 29.37528 131.01334 -999.0 -999.0 -999.0 -999.0 -999.0 246.95035094737386 -26.643488836280913 247.02267896111027 -26.703742666446093 86.68772111889353 46.36546887697216 -999.0 6231.0 -999.0 -1 -999 {-999.0 -999.0 -999.0 -999.0 -999.0} "" -999.0 -999.0 -999.0 -999.0 -999 -999 "" "" "" "" 0 0 0.0 0.0 -999 ""
FIBERMAP 303 R-1C21 APOGEE 0 0 0 1 0 0 173.34762735236754 -8.671720606378328 143.1 54.78215034721242 164.6844259136161 54.962563 126.13712 -999.0 -999.0 -999.0 -999.0 -999.0 247.10396093823232 -25.457284741134632 247.17282725174914 -25.51748701341217 85.68983408863271 36.40673950963361 -999.0 16600.0 -999.0 2 -999 {-999.0 -999.0 -999.0 -999.0 -999.0} "" -999.0 -999.0 -999.0 -999.0 -999 -999 "" "" "" "" 0 0 0.0 0.0 -999 ""
FIBERMAP 303 R-1C21 BOSS 1 1 0 1 0 0 174.10127724219188 -8.644627161386412 143.1 54.95789764795944 165.41776544674715 54.962563 126.13712 247.10458153321392 -25.454891417694736 -7.156322 -29.850172 7.6850634 247.1045839796889 -25.454996014011428 247.17343343446078 -25.515210652603237 85.68765715595971 36.39528051023564 5400.0 5400.0 2016.0 1 324 {-999.0 18.108362 18.09789 18.17187 -999.0} sdss_psfmag_ps1 18.050795 17.992838 17.845667 -999.0 63050396393540689 1143795608 dark_1x2 mwm_wd_pwd_boss_1x2 mwm_wd science 0 0 0.0 0.0 -999 ""
FIBERMAP 303 R-1C21 METROLOGY 0 0 0 1 0 0 173.74367250032907 -9.306264897639561 143.1 55.49955706892417 164.89603491152494 54.962563 126.13712 -999.0 -999.0 -999.0 -999.0 -999.0 247.10640698836102 -25.456559553383084 247.1752643548266 -25.516765668575793 85.68797886392268 36.42515208534587 -999.0 6231.0 -999.0 -1 -999 {-999.0 -999.0 -999.0 -999.0 -999.0} "" -999.0 -999.0 -999.0 -999.0 -999 -999 "" "" "" "" 0 0 0.0 0.0 -999 ""
FIBERMAP 306 R+4C10 APOGEE 0 0 0 1 0 0 -52.58446486464576 74.27601208719892 143.1 -85.64284098545562 -30.76773312263117 151.88445 157.77846 -999.0 -999.0 -999.0 -999.0 -999.0 246.62887003675095 -26.04870396544087 246.69935865149546 -26.109877367047776 86.41958484880365 36.29983966561787 -999.0 16600.0 -999.0 2 -999 {-999.0 -999.0 -999.0 -999.0 -999.0} "" -999.0 -999.0 -999.0 -999.0 -999 -999 "" "" "" "" 0 0 0.0 0.0 -999 ""
FIBERMAP 306 R+4C10 BOSS 1 1 0 1 0 0 -53.0542934362858 74.84350205539249 143.1 -86.31540746028708 -31.068385846843277 151.88445 157.77846 246.62656675493395 -26.049561785693367 -10.823462 -22.007992 6.8048635 246.62654815893487 -26.0496126428572 246.69703025696754 -26.110802279750885 86.42154579989193 36.281013413029996 5400.0 5400.0 2016.0 1 76 {-999.0 19.651472 17.890673 16.002123 -999.0} sdss_psfmag_ps1 18.871689 16.672018 15.301481 12.41 63050396393509584 1035052020 bright_1x1 mwm_yso_pms_boss_sagitta_edr3_single mwm_yso science 0 0 0.0 0.0 -999 ""
FIBERMAP 306 R+4C10 METROLOGY 0 0 0 1 0 0 -52.33173113163501 74.98001768163304 143.1 -86.2534061033638 -30.335690290093797 151.88445 157.77846 -999.0 -999.0 -999.0 -999.0 -999.0 246.62675738543325 -26.047395030437638 246.69723543908208 -26.108581668319324 86.41962465336337 36.26293244555802 -999.0 6231.0 -999.0 -1 -999 {-999.0 -999.0 -999.0 -999.0 -999.0} "" -999.0 -999.0 -999.0 -999.0 -999 -999 "" "" "" "" 0 0 0.0 0.0 -999 ""
FIBERMAP 313 R-10C2 APOGEE 0 0 0 1 0 0 -139.27951489280997 -180.38583658908567 143.1 136.48456357442706 -182.4976519896242 121.129295 9.537179 -999.0 -999.0 -999.0 -999.0 -999.0 247.3787342129092 -26.509251223595847 247.4507762730184 -26.568512763167366 86.31731938157623 49.08892731245891 -999.0 16600.0 -999.0 2 -999 {-999.0 -999.0 -999.0 -999.0 -999.0} "" -999.0 -999.0 -999.0 -999.0 -999 -999 "" "" "" "" 0 0 0.0 0.0 -999 ""
FIBERMAP 313 R-10C2 BOSS 1 1 0 1 0 0 -138.80095679569905 -181.03665173931842 143.1 137.23974541255473 -182.2109059940361 121.129295 9.537179 247.38103171952403 -26.5083291857371 -10.318061 -22.110855 6.7242084 247.38132269679156 -26.508398408549578 247.45335143182888 -26.567663297846167 86.31504503632902 49.10330888778782 5400.0 5400.0 2016.0 1 515 {-999.0 17.26721 15.729752 14.228876 -999.0} sdss_psfmag_ps1 16.6032 14.970953 13.716654 -999.0 63050396393378595 1075875108 bright_1x1 mwm_erosita_stars_boss mwm_erosita science 0 0 0.9679351449012756 0.0 -999 ""
FIBERMAP 313 R-10C2 METROLOGY 0 0 0 1 0 0 -139.53652918613162 -181.08829076540218 143.1 137.09248756088118 -182.93340329374945 121.129295 9.537179 -999.0 -999.0 -999.0 -999.0 -999.0 247.38084144263638 -26.510610777611223 247.45287990326483 -26.569873574859276 86.31684541537551 49.12431513857922 -999.0 6231.0 -999.0 -1 -999 {-999.0 -999.0 -999.0 -999.0 -999.0} "" -999.0 -999.0 -999.0 -999.0 -999 -999 "" "" "" "" 0 0 0.0 0.0 -999 ""
FIBERMAP 316 R-2C11 APOGEE 1 1 0 1 0 0 -35.34570310640771 -30.370509895328507 143.1 19.79300173268323 -42.1869592016195 36.782818 120.758064 246.98474868034634 -26.084525709629915 -3.445896 -3.8923538 0.43507245 246.98508946950966 -26.084538552246812 247.05577268837828 -26.14485444267682 86.25345798332829 40.61709616142031 16000.0 16600.0 2016.0 2 299 {-999.0 14.829465 13.14186 9.874283 -999.0} sdss_psfmag_gaia 13.077259 10.555024 9.146978 5.54 63050396393500714 1155429450 bright_1x1 mwm_galactic_core_dist_apogee_sparse mwm_galactic science 0 0 1.1593736410140991 0.0 -999 ""
FIBERMAP 316 R-2C11 BOSS 0 0 0 1 0 0 -34.650208144474476 -30.646201405915377 143.1 20.244883200919052 -41.59074218862849 36.782818 120.758064 -999.0 -999.0 -999.0 -999.0 -999.0 246.98664604754046 -26.082746598857867 247.05731442382478 -26.143070130076392 86.2512006725272 40.61615606970798 -999.0 5400.0 -999.0 1 495 {-999.0 -999.0 -999.0 -999.0 -999.0} "" -999.0 -999.0 -999.0 -999.0 -999 -999 "" "" "" "" 0 0 0.0 0.0 -999 ""
FIBERMAP 316 R-2C11 METROLOGY 0 0 0 1 0 0 -35.23639442234125 -31.112833078375793 143.1 20.53744853650849 -42.280464880904205 36.782818 120.758064 -999.0 -999.0 -999.0 -999.0 -999.0 246.98762935250497 -26.084849659149178 247.05830699887406 -26.145167193633032 86.25225655126826 40.64704172186259 -999.0 6231.0 -999.0 -1 -999 {-999.0 -999.0 -999.0 -999.0 -999.0} "" -999.0 -999.0 -999.0 -999.0 -999 -999 "" "" "" "" 0 0 0.0 0.0 -999 ""
FIBERMAP 318 R-5C18 APOGEE 0 0 0 1 0 0 135.07122955989436 -87.7810888303395 143.1 120.74632816533412 106.62026239388969 146.27644 108.81553 -999.0 -999.0 -999.0 -999.0 -999.0 247.32564856170055 -25.633331261695474 247.39508231463105 -25.692956920569742 85.71016394679684 39.94975800731913 -999.0 16600.0 -999.0 2 216 {-999.0 -999.0 -999.0 -999.0 -999.0} "" -999.0 -999.0 -999.0 -999.0 -999 -999 "" "" "" "" 0 0 0.0 0.0 -999 ""
FIBERMAP 318 R-5C18 BOSS 1 1 0 1 0 0 135.24075542090617 -87.05684430266277 143.1 120.09397887889335 106.97756149222627 146.27644 108.81553 247.32353573327904 -25.63217683927595 -10.010161 -6.537228 1.2243203 247.32352114472454 -25.63219077336068 247.39293993976003 -25.69183440767804 85.71048845019514 39.92021903980344 5400.0 5400.0 2016.0 1 308 {-999.0 16.831173 15.610075 15.066977 -999.0} sdss_psfmag_ps1 16.34459 15.52463 14.6226 12.611 63050396393529996 1035052044 bright_1x1 mwm_yso_pms_boss_sagitta_edr3_single mwm_yso science 0 0 0.0 0.0 -999 ""
FIBERMAP 318 R-5C18 METROLOGY 0 0 0 1 0 0 135.7966182322738 -87.54449787239886 143.1 120.71267170128067 107.38248406988812 146.27644 108.81553 -999.0 -999.0 -999.0 -999.0 -999.0 247.32560885000896 -25.630957254247317 247.3950276418891 -25.69059267433921 85.70834525890477 39.92955630967367 -999.0 6231.0 -999.0 -1 -999 {-999.0 -999.0 -999.0 -999.0 -999.0} "" -999.0 -999.0 -999.0 -999.0 -999 -999 "" "" "" "" 0 0 0.0 0.0 -999 ""
FIBERMAP 342 R+6C13 APOGEE 0 0 0 1 0 0 62.8099047315046 123.1057130587957 143.1 -101.78043863869631 93.48381344599788 64.54042 64.21596 -999.0 -999.0 -999.0 -999.0 -999.0 246.57676537362366 -25.671434896961784 246.6461328466961 -25.732833970758794 86.13066247018699 32.49526300881655 -999.0 16600.0 -999.0 2 -999 {-999.0 -999.0 -999.0 -999.0 -999.0} "" -999.0 -999.0 -999.0 -999.0 -999 -999 "" "" "" "" 0 0 0.0 0.0 -999 ""
FIBERMAP 342 R+6C13 BOSS 1 1 0 1 0 0 63.294597757367356 122.52694169485659 143.1 -101.09302227521518 93.79576542539824 64.54042 64.21596 246.5788411680831 -25.670398219460438 -5.7838173 -13.2711525 1.2473972 246.5790388367268 -25.670441083601908 246.64839555452215 -25.73184740508221 86.12875748758113 32.51340249118954 5400.0 5400.0 2016.0 1 155 {-999.0 16.815134 15.528902 14.912441 -999.0} sdss_psfmag_ps1 16.272291 15.390174 14.452567 12.323 63050396393521930 1035052037 bright_1x1 mwm_yso_pms_boss_sagitta_edr3_single mwm_yso science 0 0 0.7768759727478027 0.0 -999 ""
FIBERMAP 342 R+6C13 METROLOGY 0 0 0 1 0 0 62.55151922349347 122.40376210178664 143.1 -101.17336671679035 93.04687586008133 64.54042 64.21596 -999.0 -999.0 -999.0 -999.0 -999.0 246.57873801217286 -25.67270334607364 246.64810366078814 -25.73410625686247 86.13082155708844 32.52754471907036 -999.0 6231.0 -999.0 -1 -999 {-999.0 -999.0 -999.0 -999.0 -999.0} "" -999.0 -999.0 -999.0 -999.0 -999 -999 "" "" "" "" 0 0 0.0 0.0 -999 ""
FIBERMAP 351 R0C11 APOGEE 1 1 0 1 0 0 -55.345925048285494 3.8095937682290697 143.1 -18.493523161700324 -52.30117630695117 13.562146 122.01305 246.8555608099453 -26.114905903596394 -1.7424229 -5.5530014 0.09665862 246.85552593435872 -26.114939825911655 246.92626695203126 -26.175556112302882 86.35027059408657 39.51178286156926 16000.0 16600.0 2016.0 2 251 {-999.0 15.71929 13.738248 11.767519 -999.0} sdss_psfmag_gaia 14.382582 12.503623 11.187478 8.064 63050396393486413 1155429449 bright_1x1 mwm_galactic_core_dist_apogee_sparse mwm_galactic science 0 0 0.0 0.0 -999 ""
FIBERMAP 351 R0C11 BOSS 0 0 0 1 0 0 -54.80725439398249 3.2817026008662453 143.1 -17.840669108740766 -51.923593855396035 13.562146 122.01305 -999.0 -999.0 -999.0 -999.0 -999.0 246.85773460492115 -26.113821710540044 246.9284634101681 -26.174443778638395 86.34817565533221 39.52523955856361 -999.0 5400.0 -999.0 1 519 {-999.0 -999.0 -999.0 -999.0 -999.0} "" -999.0 -999.0 -999.0 -999.0 -999 -999 "" "" "" "" 0 0 0.0 0.0 -999 ""
FIBERMAP 351 R0C11 METROLOGY 0 0 0 1 0 0 -55.5214155143229 3.0887439668025274 143.1 -17.846041927847327 -52.663312630667555 13.562146 122.01305 -999.0 -999.0 -999.0 -999.0 -999.0 246.85770452334881 -26.116075254521977 246.92844266198608 -26.17669373603464 86.34995203321253 39.546926746886356 -999.0 6231.0 -999.0 -1 -999 {-999.0 -999.0 -999.0 -999.0 -999.0} "" -999.0 -999.0 -999.0 -999.0 -999 -999 "" "" "" "" 0 0 0.0 0.0 -999 ""
FIBERMAP 357 R-9C9 APOGEE 1 1 0 1 0 0 2.2541987662137792 -181.43879086907265 143.1 175.40591758919842 -46.42292890516458 348.37714 102.07386 247.510256821675 -26.09720437995388 -8.505718 -4.092282 0.20977443 247.51022299991732 -26.097209119242393 247.5810698494007 -26.156267989971685 85.94688285287764 45.89324951485435 16000.0 16600.0 2016.0 2 166 {-999.0 14.560743 13.04813 12.318375 -999.0} sdss_psfmag_from_g3xp 13.9276495 12.8928385 11.890164 9.402 63050396393404349 1153043315 bright_1x1 mwm_galactic_core_dist_apogee_sparse mwm_galactic science 0 0 0.0 0.0 -999 ""
FIBERMAP 357 R-9C9 BOSS 0 0 0 1 0 0 2.2741115175834743 -182.17180234949325 143.1 176.11745041643348 -46.60006666982801 348.37714 102.07386 -999.0 -999.0 -999.0 -999.0 -999.0 247.51269510707652 -26.09774469062759 247.58353227250518 -26.156808362016932 85.9457223393845 45.920935346956924 -999.0 5400.0 -999.0 1 399 {-999.0 -999.0 -999.0 -999.0 -999.0} "" -999.0 -999.0 -999.0 -999.0 -999 -999 "" "" "" "" 0 0 0.0 0.0 -999 ""
FIBERMAP 357 R-9C9 METROLOGY 0 0 0 1 0 0 1.6189085103488186 -181.82633521820546 143.1 175.60913693659856 -47.13877754046973 348.37714 102.07386 -999.0 -999.0 -999.0 -999.0 -999.0 247.51100933740415 -26.099391104714634 247.58185435734094 -26.158455279545336 85.9479527342428 45.92202440374621 -999.0 6231.0 -999.0 -1 -999 {-999.0 -999.0 -999.0 -999.0 -999.0} "" -999.0 -999.0 -999.0 -999.0 -999 -999 "" "" "" "" 0 0 0.0 0.0 -999 ""
FIBERMAP 374 R+10C5 APOGEE 0 0 0 1 0 0 -92.50740003298388 201.3908636623533 143.1 -218.8006659129387 -35.1852623074879 42.847755 166.96593 -999.0 -999.0 -999.0 -999.0 -999.0 246.1805891751357 -26.059208149131155 246.25099309858217 -26.121442699378093 86.64623844733936 30.789585149575828 -999.0 16600.0 -999.0 2 -999 {-999.0 -999.0 -999.0 -999.0 -999.0} "" -999.0 -999.0 -999.0 -999.0 -999 -999 "" "" "" "" 0 0 0.0 0.0 -999 ""
FIBERMAP 374 R+10C5 BOSS 1 1 0 1 0 0 -91.84392771570283 201.75701355432025 143.1 -218.97572537376024 -34.447992514237036 42.847755 166.96593 246.18008279233317 -26.05692821603584 -35.871452 -9.710381 0.38819122 246.17998094141282 -26.056966245208272 246.2503711404711 -26.119213743804064 86.6445843026197 30.762327921355052 5400.0 5400.0 2016.0 1 152 {-999.0 17.325207 16.626131 16.287912 16.071674} sdss_psfmag_from_ps1dr2 17.0942 16.6085 15.9106 14.681 63050396393329906 1040595459 "" ops_std_boss_ps1dr2 ops_std standard_boss 0 0 0.0 0.0 -999 ""
FIBERMAP 374 R+10C5 METROLOGY 0 0 0 1 0 0 -91.85686778469952 201.0216672231259 143.1 -218.27074205614977 -34.6574067606201 42.847755 166.96593 -999.0 -999.0 -999.0 -999.0 -999.0 246.18229887473024 -26.0576281357735 246.252693599008 -26.119866871605765 86.64411117971962 30.79877426325845 -999.0 6231.0 -999.0 -1 -999 {-999.0 -999.0 -999.0 -999.0 -999.0} "" -999.0 -999.0 -999.0 -999.0 -999 -999 "" "" "" "" 0 0 0.0 0.0 -999 ""
FIBERMAP 391 R+1C10 APOGEE 0 0 0 1 0 0 -71.96475658983553 31.757946842343323 143.1 -49.870604240791444 -60.826733621154204 68.38367 110.499825 -999.0 -999.0 -999.0 -999.0 -999.0 246.74932515456638 -26.140458932954743 246.8201149614324 -26.201321091578507 86.42908253244191 38.56872134020546 -999.0 16600.0 -999.0 2 -999 {-999.0 -999.0 -999.0 -999.0 -999.0} "" -999.0 -999.0 -999.0 -999.0 -999 -999 "" "" "" "" 0 0 0.0 0.0 -999 ""
FIBERMAP 391 R+1C10 BOSS 1 1 0 1 0 0 -71.20098649437588 31.74133342005397 143.1 -49.65003827924044 -60.095350047964274 68.38367 110.499825 246.75005446196732 -26.138229465621052 -4.0296974 -13.606789 6.425935 246.75005575289663 -26.138267226796124 246.82083020181483 -26.199138877148407 86.42695933482827 38.55562310780391 5400.0 5400.0 2016.0 1 30 {-999.0 19.758087 18.131763 16.512661 -999.0} sdss_psfmag_ps1 19.043226 17.170265 15.873484 13.107 63050396393487187 1055535663 bright_1x1 bhm_csc_boss bhm_csc science 0 0 0.0 0.0 -999 ""
FIBERMAP 391 R+1C10 METROLOGY 0 0 0 1 0 0 -71.58952879237336 31.110874731363577 143.1 -49.14670344037994 -60.6385358434927 68.38367 110.499825 -999.0 -999.0 -999.0 -999.0 -999.0 246.75174384660866 -26.139931057133904 246.82252620189024 -26.20079522256515 86.42735000739266 38.59116817782723 -999.0 6231.0 -999.0 -1 -999 {-999.0 -999.0 -999.0 -999.0 -999.0} "" -999.0 -999.0 -999.0 -999.0 -999 -999 "" "" "" "" 0 0 0.0 0.0 -999 ""
FIBERMAP 398 R-5C4 APOGEE 0 0 0 1 0 0 -157.48879799075434 -98.88683147552403 143.1 53.08962038804465 -178.21303741460594 330.83145 135.82181 -999.0 -999.0 -999.0 -999.0 -999.0 247.09674719870313 -26.496780435098305 247.1686819412439 -26.556718615957383 86.4914675278943 46.17031663061704 -999.0 16600.0 -999.0 2 -999 {-999.0 -999.0 -999.0 -999.0 -999.0} "" -999.0 -999.0 -999.0 -999.0 -999 -999 "" "" "" "" 0 0 0.0 0.0 -999 ""
FIBERMAP 398 R-5C4 BOSS 1 1 0 1 0 0 -157.27292039562354 -99.5943437690741 143.1 53.829071910947 -178.1945488431643 330.83145 135.82181 247.09927777948909 -26.496765961858117 1.8800011 1.3079114 -2.5362513 247.09928083636763 -26.496773712564462 247.17120581933546 -26.55671517416053 86.48987254036844 46.196418583207674 5400.0 5400.0 2016.0 1 492 {-999.0 20.859907 20.096474 19.66296 19.288158} sdss_psfmag_from_gdr3 20.312704 20.709238 18.878912 -999.0 63050396393384313 1059774266 dark_flexible_2x1 bhm_spiders_agn_gaiadr3 bhm_spiders science 0 0 0.0 0.0 -999 ""
FIBERMAP 398 R-5C4 METROLOGY 0 0 0 1 0 0 -158.0042427591052 -99.42887843619795 143.1 53.473789162194116 -178.8548046039524 330.83145 135.82181 -999.0 -999.0 -999.0 -999.0 -999.0 247.0980773409011 -26.498793650478564 247.1700109855019 -26.558734788985465 86.49205773562454 46.20732999081281 -999.0 6231.0 -999.0 -1 -999 {-999.0 -999.0 -999.0 -999.0 -999.0} "" -999.0 -999.0 -999.0 -999.0 -999 -999 "" "" "" "" 0 0 0.0 0.0 -999 ""
FIBERMAP 400 R-2C24 APOGEE 0 0 0 1 0 0 251.81496897574738 -18.233464964549924 143.1 85.01002281338748 237.72069441713148 138.93663 37.982502 -999.0 -999.0 -999.0 -999.0 -999.0 247.20501922878748 -25.237349107051408 247.27326572776042 -25.297369944318984 85.45726583957466 35.746552705712304 -999.0 16600.0 -999.0 2 -999 {-999.0 -999.0 -999.0 -999.0 -999.0} "" -999.0 -999.0 -999.0 -999.0 -999 -999 "" "" "" "" 0 0 0.0 0.0 -999 ""
FIBERMAP 400 R-2C24 BOSS 1 1 0 1 0 0 252.65866017556988 -18.336351854209457 143.1 85.33511179237956 238.50596917808556 138.93663 37.982502 247.20611572265625 -25.234913028592857 -999.0 -999.0 -999.0 247.2061166747444 -25.234964413625132 247.27434580698798 -25.294997346919054 85.45475650924074 35.73980175230099 5400.0 5400.0 2015.5 1 335 {-999.0 -999.0 -999.0 -999.0 -999.0} "" -999.0 -999.0 -999.0 -999.0 27021603175509298 823838594 "" ops_sky_boss_good ops_sky sky_boss 0 0 0.0 0.0 -999 ""
FIBERMAP 400 R-2C24 METROLOGY 0 0 0 1 0 0 252.1544254631349 -18.899998917148448 143.1 85.74309297116041 237.86921686033773 138.93663 37.982502 -999.0 -999.0 -999.0 -999.0 -999.0 247.2074983358307 -25.236843144077906 247.27573627529512 -25.29686828094856 85.45558954808504 35.76623416561438 -999.0 6231.0 -999.0 -1 -999 {-999.0 -999.0 -999.0 -999.0 -999.0} "" -999.0 -999.0 -999.0 -999.0 -999 -999 "" "" "" "" 0 0 0.0 0.0 -999 ""
FIBERMAP 401 R+11C3 APOGEE 1 1 0 1 0 0 -128.72222160417493 197.24650458753212 143.1 -224.50729824938628 -71.18541078650367 279.02716 84.84626 246.1605688651492 -26.168064931778847 13.306407 21.377956 4.197862 246.1606087483188 -26.168006578221945 246.23132740164306 -26.230259172069562 86.74912951655621 31.476632372515837 16000.0 16600.0 2016.0 2 5 {-999.0 13.518178 12.76044 12.438994 -999.0} sdss_psfmag_from_g3xp 13.300951 12.77145 12.080562 10.726 63050396393329134 1076252553 bright_1x1 mwm_snc_ext_main_apogee mwm_snc science 0 0 0.0 0.0 -999 ""
FIBERMAP 401 R+11C3 BOSS 0 0 0 1 0 0 -129.46179108798444 197.205787528422 143.1 -224.66614910737957 -71.9088337493225 279.02716 84.84626 -999.0 -999.0 -999.0 -999.0 -999.0 246.16003379031696 -26.170189104979418 246.2307518054888 -26.232452950589895 86.75128055968247 31.48849539234658 -999.0 5400.0 -999.0 1 5 {-999.0 -999.0 -999.0 -999.0 -999.0} "" -999.0 -999.0 -999.0 -999.0 -999 -999 "" "" "" "" 0 0 0.0 0.0 -999 ""
FIBERMAP 401 R+11C3 METROLOGY 0 0 0 1 0 0 -129.11514870159417 197.87096942412853 143.1 -225.21415909359018 -71.39671536105942 279.02716 84.84626 -999.0 -999.0 -999.0 -999.0 -999.0 246.15816462231416 -26.168636868345775 246.22887953456302 -26.230902596053543 86.75080070669769 31.44906498738044 -999.0 6231.0 -999.0 -1 -999 {-999.0 -999.0 -999.0 -999.0 -999.0} "" -999.0 -999.0 -999.0 -999.0 -999 -999 "" "" "" "" 0 0 0.0 0.0 -999 ""
FIBERMAP 403 R-11C5 APOGEE 0 0 0 1 0 0 -76.16997183130593 -200.86893253646235 143.1 173.12103700209136 -127.18248999398115 77.57992 119.38471 -999.0 -999.0 -999.0 -999.0 -999.0 247.5025551767397 -26.341736501577447 247.57412745932368 -26.400747417944533 86.12235856593085 48.3573135281855 -999.0 16600.0 -999.0 2 188 {-999.0 -999.0 -999.0 -999.0 -999.0} "" -999.0 -999.0 -999.0 -999.0 -999 -999 "" "" "" "" 0 0 0.0 0.0 -999 ""
FIBERMAP 403 R-11C5 BOSS 1 1 0 1 0 0 -75.44946899701415 -200.65124363816685 143.1 173.1042826318025 -126.43003797393361 77.57992 119.38471 247.50273152142358 -26.33934963168764 -52.80205 -44.35804 1.586202 247.502555279916 -26.33947978932285 247.5741089958234 -26.398501267095405 86.12083419209058 48.33292275373361 5400.0 5400.0 2016.0 1 385 {-999.0 17.676693 16.782816 16.336424 -999.0} sdss_psfmag_ps1 17.353966 16.70129 15.924356 -999.0 63050396393392044 1074642071 dark_flexible_2x1 mwm_halo_local_high_boss mwm_halo science 0 0 0.0 0.0 -999 ""
FIBERMAP 403 R-11C5 METROLOGY 0 0 0 1 0 0 -75.61883461614195 -201.36595075976132 143.1 173.74748628609285 -126.7846282922483 77.57992 119.38471 -999.0 -999.0 -999.0 -999.0 -999.0 247.50474611661804 -26.34056475075246 247.57630694036686 -26.39957787241791 86.12013440623352 48.36443354319897 -999.0 6231.0 -999.0 -1 -999 {-999.0 -999.0 -999.0 -999.0 -999.0} "" -999.0 -999.0 -999.0 -999.0 -999 -999 "" "" "" "" 0 0 0.0 0.0 -999 ""
FIBERMAP 405 R+10C6 APOGEE 0 0 0 1 0 0 -68.09633556739306 212.61865571806143 143.1 -223.07976609245154 -8.659963755987981 132.31238 71.779564 -999.0 -999.0 -999.0 -999.0 -999.0 246.16694720595802 -25.97877062346 246.2371113488283 -26.04105916590608 86.58239787988464 29.93592541033439 -999.0 16600.0 -999.0 2 -999 {-999.0 -999.0 -999.0 -999.0 -999.0} "" -999.0 -999.0 -999.0 -999.0 -999 -999 "" "" "" "" 0 0 0.0 0.0 -999 ""
FIBERMAP 405 R+10C6 BOSS 1 1 0 1 0 0 -67.40859460244516 212.92395620929287 143.1 -223.18970202231156 -7.915610275621025 132.31238 71.779564 246.16657936662304 -25.976457112019986 -9.489648 -22.431562 0.6561338 246.1665605307355 -25.976503635110884 246.2367109984816 -26.038804908542254 86.58060180542485 29.912296421110625 5400.0 5400.0 2016.0 1 124 {-999.0 17.575748 16.833792 16.481173 -999.0} sdss_psfmag_ps1 17.298548 16.8101 16.138489 14.677 63050396393514085 981920947 "" ops_std_boss_tic ops_std standard_boss 0 0 0.0 0.0 -999 ""
FIBERMAP 405 R+10C6 METROLOGY 0 0 0 1 0 0 -67.49467685530301 212.17424035945842 143.1 -222.49046443008157 -8.199339914788746 132.31238 71.779564 -999.0 -999.0 -999.0 -999.0 -999.0 246.16885343778958 -25.977385171333193 246.23900904725065 -26.03967759699967 86.580361974949 29.949662694336894 -999.0 6231.0 -999.0 -1 -999 {-999.0 -999.0 -999.0 -999.0 -999.0} "" -999.0 -999.0 -999.0 -999.0 -999 -999 "" "" "" "" 0 0 0.0 0.0 -999 ""
FIBERMAP 406 R-1C24 APOGEE 0 0 0 1 0 0 246.7276355371531 -27.799455775670378 143.1 92.86357329162512 230.25738870106477 331.44128 109.64656 -999.0 -999.0 -999.0 -999.0 -999.0 247.2313215123183 -25.25985545880353 247.29963959717156 -25.319807452101006 85.46219348004014 36.15543572708225 -999.0 16600.0 -999.0 2 204 {-999.0 -999.0 -999.0 -999.0 -999.0} "" -999.0 -999.0 -999.0 -999.0 -999 -999 "" "" "" "" 0 0 0.0 0.0 -999 ""
FIBERMAP 406 R-1C24 BOSS 1 1 0 1 0 0 246.62628301525703 -28.53263809873823 143.1 93.5427922858684 229.96337551168696 331.44128 109.64656 247.23358154296875 -25.260689089145302 -999.0 -999.0 -999.0 247.233613082117 -25.26071350108437 247.3019234294112 -25.32067376816755 85.4617260352223 36.18310840631432 5400.0 5400.0 2015.5 1 287 {-999.0 -999.0 -999.0 -999.0 -999.0} "" -999.0 -999.0 -999.0 -999.0 27021603175509296 814889942 "" ops_sky_boss_good ops_sky sky_boss 0 0 0.0 0.0 -999 ""
FIBERMAP 406 R-1C24 METROLOGY 0 0 0 1 0 0 246.04020643008906 -28.08659368406051 143.1 92.95609450898647 229.51820014838054 331.44128 109.64656 -999.0 -999.0 -999.0 -999.0 -999.0 247.2316701858027 -25.26201096444724 247.29998693964876 -25.321971551857537 85.46379101966374 36.174312921374565 -999.0 6231.0 -999.0 -1 -999 {-999.0 -999.0 -999.0 -999.0 -999.0} "" -999.0 -999.0 -999.0 -999.0 -999 -999 "" "" "" "" 0 0 0.0 0.0 -999 ""
FIBERMAP 407 R-6C15 APOGEE 1 1 0 1 0 0 98.09893456770445 -133.43280755943778 143.1 154.82593778551197 58.77344863471728 338.38382 68.29842 247.44046974091384 -25.778337901218688 -5.1836243 -7.448545 0.13637568 247.44044905535446 -25.77835839068499 247.51033627979973 -25.837670504822988 85.75529119571432 42.26520323802799 16000.0 16600.0 2016.0 2 200 {-999.0 17.06709 15.417342 14.451789 -999.0} sdss_psfmag_ps1 16.222689 14.937875 13.823628 10.801 63050396393525998 1154246075 bright_1x1 mwm_galactic_core_dist_apogee_sparse mwm_galactic science 0 0 0.0 0.0 -999 ""
FIBERMAP 407 R-6C15 BOSS 0 0 0 1 0 0 97.589479828012 -133.96692911573064 143.1 155.20407535520565 58.139575030221806 338.38382 68.29842 -999.0 -999.0 -999.0 -999.0 -999.0 247.44180326419485 -25.780244515412765 247.51168480148704 -25.839564923947574 85.75593151998581 42.29434523142589 -999.0 5400.0 -999.0 1 282 {-999.0 -999.0 -999.0 -999.0 -999.0} "" -999.0 -999.0 -999.0 -999.0 -999 -999 "" "" "" "" 0 0 0.0 0.0 -999 ""
FIBERMAP 407 R-6C15 METROLOGY 0 0 0 1 0 0 97.37116773518558 -133.25850480058344 143.1 154.46309313987885 58.11898527577735 338.38382 68.29842 -999.0 -999.0 -999.0 -999.0 -999.0 247.43933270397082 -25.78030373031773 247.5092171315548 -25.839626614090538 85.75743005748427 42.27217580856376 -999.0 6231.0 -999.0 -1 -999 {-999.0 -999.0 -999.0 -999.0 -999.0} "" -999.0 -999.0 -999.0 -999.0 -999 -999 "" "" "" "" 0 0 0.0 0.0 -999 ""
FIBERMAP 408 R+13C11 APOGEE 1 1 0 1 0 0 96.81727232753852 262.08427238103127 143.1 -226.56730255074848 163.4698381024737 86.24882 45.037933 246.16136655744592 -25.458277745208168 0.35431454 -1.0907252 0.1893639 246.16133199698726 -25.458264097401504 246.229974313473 -25.520706164838867 86.12206738916949 26.112892168821134 16000.0 16600.0 2016.0 2 96 {-999.0 17.71329 15.687587 14.681351 -999.0} sdss_psfmag_ps1 16.68993 15.150377 13.955342 10.701 63050396395023188 1154246319 bright_1x1 mwm_galactic_core_dist_apogee_sparse mwm_galactic science 0 0 0.0 0.0 -999 ""
FIBERMAP 408 R+13C11 BOSS 0 0 0 1 0 0 97.29296004722403 261.4959727127155 143.1 -225.87311829371401 163.770562207408 86.24882 45.037933 -999.0 -999.0 -999.0 -999.0 -999.0 246.16367872567648 -25.45736409391892 246.23231213390545 -25.519813998160444 86.12036033077221 26.135471067033336 -999.0 5400.0 -999.0 1 170 {-999.0 -999.0 -999.0 -999.0 -999.0} "" -999.0 -999.0 -999.0 -999.0 -999 -999 "" "" "" "" 0 0 0.0 0.0 -999 ""
FIBERMAP 408 R+13C11 METROLOGY 0 0 0 1 0 0 96.54413956285788 261.39093764316146 143.1 -225.97248143795588 163.02100035898678 86.24882 45.037933 -999.0 -999.0 -999.0 -999.0 -999.0 246.16326448105949 -25.45959249993618 246.23190621594483 -25.52203905153239 86.12252880556056 26.144617460063955 -999.0 6231.0 -999.0 -1 -999 {-999.0 -999.0 -999.0 -999.0 -999.0} "" -999.0 -999.0 -999.0 -999.0 -999 -999 "" "" "" "" 0 0 0.0 0.0 -999 ""
FIBERMAP 418 R-5C2 APOGEE 0 0 0 1 0 0 -209.49787418641571 -116.24705427692055 143.1 55.885277323012225 -232.96932211414534 327.5068 60.243774 -999.0 -999.0 -999.0 -999.0 -999.0 247.1057398967364 -26.661815073885993 247.17816955041621 -26.72168715779195 86.60024473211881 48.234003256942856 -999.0 16600.0 -999.0 2 -999 {-999.0 -999.0 -999.0 -999.0 -999.0} "" -999.0 -999.0 -999.0 -999.0 -999 -999 "" "" "" "" 0 0 0.0 0.0 -999 ""
FIBERMAP 418 R-5C2 BOSS 1 1 0 1 0 0 -210.15875824546856 -116.60919922666959 143.1 56.05717154530802 -233.70302567973886 327.5068 60.243774 247.10633069166437 -26.664085749228597 4.914192 5.610457 1.0716792 247.10633264580594 -26.66403938269436 247.17875868158944 -26.723918146901354 86.60138408308 48.267548846772 5400.0 5400.0 2016.0 1 454 {-999.0 16.250534 15.501598 15.121294 -999.0} sdss_psfmag_ps1 15.892034 15.403194 14.707191 13.354 63050396393374375 1094744291 bright_1x1 mwm_bin_vis_boss mwm_filler science 0 0 0.0 0.0 -999 ""
FIBERMAP 418 R-5C2 METROLOGY 0 0 0 1 0 0 -210.13443771962008 -115.85426287555025 143.1 55.33636278864427 -233.47740046077382 327.5068 60.243774 -999.0 -999.0 -999.0 -999.0 -999.0 247.10390150502144 -26.66340347503252 247.1763279791047 -26.723285748332216 86.60253803241308 48.23473913417996 -999.0 6231.0 -999.0 -1 -999 {-999.0 -999.0 -999.0 -999.0 -999.0} "" -999.0 -999.0 -999.0 -999.0 -999 -999 "" "" "" "" 0 0 0.0 0.0 -999 ""
FIBERMAP 420 R+1C6 APOGEE 0 0 0 1 0 0 -149.400620385156 29.530163234039936 143.1 -68.46392233579924 -136.02683765255122 91.84398 35.701725 -999.0 -999.0 -999.0 -999.0 -999.0 246.68554446839084 -26.368131154702034 246.75699191170077 -26.429083557079835 86.64303227021844 40.16585884943811 -999.0 16600.0 -999.0 2 -999 {-999.0 -999.0 -999.0 -999.0 -999.0} "" -999.0 -999.0 -999.0 -999.0 -999 -999 "" "" "" "" 0 0 0.0 0.0 -999 ""
FIBERMAP 420 R+1C6 BOSS 1 1 0 1 0 0 -148.9252077265887 28.953010792878096 143.1 -67.78055123544638 -135.72339299051936 91.84398 35.701725 246.68779487493637 -26.367164306354542 -5.71184 -10.075443 0.15898846 246.6878357526083 -26.367273350391088 246.75927238672102 -26.428230308836127 86.64108310686 40.18375762925632 5400.0 5400.0 2016.0 1 20 {-999.0 14.744841 13.820306 13.333698 -999.0} sdss_psfmag_from_g3xp 14.44171 13.762977 12.951461 11.164 63050396393480978 1071765550 dark_flexible_2x1 mwm_halo_vmp_xp_boss mwm_halo science 0 0 1.2197935581207275 0.0 -999 ""
FIBERMAP 420 R+1C6 METROLOGY 0 0 0 1 0 0 -149.66582710162643 28.8307609075246 143.1 -67.86113274269833 -136.46966434416137 91.84398 35.701725 -999.0 -999.0 -999.0 -999.0 -999.0 246.68754346960517 -26.369549145868184 246.7589892875069 -26.43050340898789 86.64300770336465 40.20485564625557 -999.0 6231.0 -999.0 -1 -999 {-999.0 -999.0 -999.0 -999.0 -999.0} "" -999.0 -999.0 -999.0 -999.0 -999 -999 "" "" "" "" 0 0 0.0 0.0 -999 ""
FIBERMAP 426 R+3C15 APOGEE 0 0 0 1 0 0 66.08792522670787 49.9761087925469 143.1 -30.447796551061945 77.0556606436946 319.2731 118.60904 -999.0 -999.0 -999.0 -999.0 -999.0 246.81661895215143 -25.72204564866949 246.88619332555413 -25.78286073078452 86.05516381261614 35.55838342286677 -999.0 16600.0 -999.0 2 -999 {-999.0 -999.0 -999.0 -999.0 -999.0} "" -999.0 -999.0 -999.0 -999.0 -999 -999 "" "" "" "" 0 0 0.0 0.0 -999 ""
FIBERMAP 426 R+3C15 BOSS 1 1 0 1 0 0 65.94299364382974 49.24283612105586 143.1 -29.780162274517295 76.71963821734595 319.2731 118.60904 246.81884765624997 -25.72301468845565 -999.0 -999.0 -999.0 246.81885449327183 -25.723014027573413 246.88842296541316 -25.783835729534555 86.05483397645868 35.59046808540336 5400.0 5400.0 2015.5 1 205 {-999.0 -999.0 -999.0 -999.0 -999.0} "" -999.0 -999.0 -999.0 -999.0 27021603175508062 823838363 "" ops_sky_boss_good ops_sky sky_boss 0 0 0.0 0.0 -999 ""
FIBERMAP 426 R+3C15 METROLOGY 0 0 0 1 0 0 65.37958685521531 49.735786158849265 143.1 -30.40597833254155 76.3088661545927 319.2731 118.60904 -999.0 -999.0 -999.0 -999.0 -999.0 246.81673446012832 -25.724251083364457 246.886308685916 -25.78507403494037 86.05693145743226 35.57780772690893 -999.0 6231.0 -999.0 -1 -999 {-999.0 -999.0 -999.0 -999.0 -999.0} "" -999.0 -999.0 -999.0 -999.0 -999 -999 "" "" "" "" 0 0 0.0 0.0 -999 ""
FIBERMAP 427 R+3C22 APOGEE 1 1 0 1 0 0 197.52952289298804 71.59881731626342 143.1 -16.07564879678696 209.4806272991449 193.32451 50.549507 246.86651130014397 -25.321488972270693 -0.7738869 -11.267359 0.6990131 246.8665259378729 -25.321530194301687 246.93494064968615 -25.382334780168968 85.69557984766683 33.02809614813822 16000.0 16600.0 2016.0 2 115 {-999.0 14.991589 13.328995 12.422204 -999.0} sdss_psfmag_from_g3xp 14.263884 13.0244255 11.925412 9.045 63050396393544852 1110416968 bright_1x1 mwm_tess_rgb_apogee mwm_tessrgb science 0 0 0.0 0.0 -999 ""
FIBERMAP 427 R+3C22 BOSS 0 0 0 1 0 0 197.895119661311 72.24444984280407 143.1 -16.599747940811092 210.00577086233363 193.32451 50.549507 -999.0 -999.0 -999.0 -999.0 -999.0 246.86478091802914 -25.319880177986153 246.9331809931257 -25.380703082666 85.6950318693917 32.998636535581625 -999.0 5400.0 -999.0 1 200 {-999.0 -999.0 -999.0 -999.0 -999.0} "" -999.0 -999.0 -999.0 -999.0 -999 -999 "" "" "" "" 0 0 0.0 0.0 -999 ""
FIBERMAP 427 R+3C22 METROLOGY 0 0 0 1 0 0 198.27686606711154 71.61410223488288 143.1 -15.890214023435368 210.20472812915463 193.32451 50.549507 -999.0 -999.0 -999.0 -999.0 -999.0 246.86715599010802 -25.31925922329238 246.93555747127118 -25.380072757005756 85.6933641609905 33.018509003221936 -999.0 6231.0 -999.0 -1 -999 {-999.0 -999.0 -999.0 -999.0 -999.0} "" -999.0 -999.0 -999.0 -999.0 -999 -999 "" "" "" "" 0 0 0.0 0.0 -999 ""
FIBERMAP 429 R-3C5 APOGEE 1 1 0 1 0 0 -155.12888368303783 -76.07790297710592 143.1 31.747044969858248 -169.8305377266812 22.986473 18.820232 247.02454591203187 -26.471332794534195 1.8401701 -10.354917 0.25637487 247.02454467130687 -26.471414768276272 247.09638563595092 -26.5315319930816 86.51866264278426 45.12277557854503 16000.0 16600.0 2016.0 2 289 {-999.0 14.117958 12.676898 11.991822 -999.0} sdss_psfmag_from_g3xp 13.532203 12.5506935 11.574331 9.163 63050396393386149 1156256723 bright_1x1 mwm_galactic_core_dist_apogee_extra mwm_galactic science 0 0 0.0 0.0 -999 ""
FIBERMAP 429 R-3C5 BOSS 0 0 0 1 0 0 -155.67291969444798 -76.56839184776244 143.1 32.073883950064456 -170.48604157572296 22.986473 18.820232 -999.0 -999.0 -999.0 -999.0 -999.0 247.02566930028115 -26.473450065525906 247.09750650504657 -26.53357346222604 86.519439946327 45.157980619745786 -999.0 5400.0 -999.0 1 474 {-999.0 -999.0 -999.0 -999.0 -999.0} "" -999.0 -999.0 -999.0 -999.0 -999 -999 "" "" "" "" 0 0 0.0 0.0 -999 ""
FIBERMAP 429 R-3C5 METROLOGY 0 0 0 1 0 0 -155.84958426427357 -75.85549875141302 143.1 31.33975084967853 -170.4653103061628 22.986473 18.820232 -999.0 -999.0 -999.0 -999.0 -999.0 247.023184393915 -26.47340890984699 247.09502371807503 -26.533535577094693 86.52095173965064 45.13116062432516 -999.0 6231.0 -999.0 -1 -999 {-999.0 -999.0 -999.0 -999.0 -999.0} "" -999.0 -999.0 -999.0 -999.0 -999 -999 "" "" "" "" 0 0 0.0 0.0 -999 ""
FIBERMAP 434 R+1C15 APOGEE 0 0 0 1 0 0 18.85003158342605 25.64015553975681 143.1 -19.65370157249361 25.027732671172686 178.50197 93.11449 -999.0 -999.0 -999.0 -999.0 -999.0 246.85241952472327 -25.880088825478843 246.9224670941943 -25.94077598046122 86.1653100556291 37.29473858041354 -999.0 16600.0 -999.0 2 -999 {-999.0 -999.0 -999.0 -999.0 -999.0} "" -999.0 -999.0 -999.0 -999.0 -999 -999 "" "" "" "" 0 0 0.0 0.0 -999 ""
FIBERMAP 434 R+1C15 BOSS 1 1 0 1 0 0 18.824006230638993 26.41777189256029 143.1 -20.40984486373484 25.21092792335928 178.50197 93.11449 246.8495296099223 -25.879443639449004 -9.491611 -20.237234 6.1828704 246.84986401290485 -25.879497455774562 246.91989980670337 -25.940202470938125 86.16620638501799 37.26178713000445 5400.0 5400.0 2016.0 1 197 {-999.0 16.464151 14.677891 13.735462 -999.0} sdss_psfmag_from_g3xp 15.67111 14.371544 13.251803 10.529 63050396393518081 1035029702 bright_1x1 mwm_yso_pms_boss_sagitta_edr3_single mwm_yso science 0 0 1.1037389039993286 0.0 -999 ""
FIBERMAP 434 R+1C15 METROLOGY 0 0 0 1 0 0 19.477346863077756 26.04755430842406 143.1 -19.878185044838606 25.741215637330313 178.50197 93.11449 -999.0 -999.0 -999.0 -999.0 -999.0 246.8516603007862 -25.8778928538646 246.9216944732127 -25.938590738921658 86.16395340508866 37.26710135370172 -999.0 6231.0 -999.0 -1 -999 {-999.0 -999.0 -999.0 -999.0 -999.0} "" -999.0 -999.0 -999.0 -999.0 -999 -999 "" "" "" "" 0 0 0.0 0.0 -999 ""
FIBERMAP 435 R-5C3 APOGEE 1 1 0 1 0 0 -198.8783871455913 -85.50360111591705 143.1 29.110561791547426 -214.504265530687 134.11658 109.27623 247.0152357871588 -26.6061715005207 -0.08562454 -7.397741 0.79099965 247.01522942248687 -26.60619761605307 247.0874698359247 -26.666300602493934 86.62025651199839 46.60879768665757 16000.0 16600.0 2016.0 2 243 {-999.0 12.497435 10.998478 10.3153105 -999.0} sdss_psfmag_from_g3xp 11.870183 10.878892 9.901291 7.616 63050396393380978 1153043197 bright_1x1 mwm_galactic_core_dist_apogee_sparse mwm_galactic science 0 0 0.0 0.0 -999 ""
FIBERMAP 435 R-5C3 BOSS 0 0 0 1 0 0 -198.55081824129607 -84.83723539636551 143.1 28.556302840445646 -214.01020589730027 134.11658 109.27623 -999.0 -999.0 -999.0 -999.0 -999.0 247.01337325035894 -26.60474438680843 247.08559878001142 -26.664861101911338 86.62043273247413 46.5714912117877 -999.0 5400.0 -999.0 1 500 {-999.0 -999.0 -999.0 -999.0 -999.0} "" -999.0 -999.0 -999.0 -999.0 -999 -999 "" "" "" "" 0 0 0.0 0.0 -999 ""
FIBERMAP 435 R-5C3 METROLOGY 0 0 0 1 0 0 -198.13278284579854 -85.45703639222137 143.1 29.265395181299425 -213.77346231407634 134.11658 109.27623 -999.0 -999.0 -999.0 -999.0 -999.0 247.01577945206586 -26.604068517925263 247.088006427692 -26.66417715591156 86.61842235428149 46.58891395274907 -999.0 6231.0 -999.0 -1 -999 {-999.0 -999.0 -999.0 -999.0 -999.0} "" -999.0 -999.0 -999.0 -999.0 -999 -999 "" "" "" "" 0 0 0.0 0.0 -999 ""
FIBERMAP 438 R+12C2 APOGEE 1 1 0 1 0 0 -128.33595734843067 239.55590256082954 143.1 -265.1656625978274 -59.48156711049331 6.0855775 151.17995 246.0247612004918 -26.131304098950743 16.932074 4.3985877 5.2771173 246.0248152165772 -26.131284860820983 246.0953896335825 -26.193868956507462 86.77758776024247 29.27935469648088 16000.0 16600.0 2016.0 2 6 {-999.0 9.751158 9.527256 9.426855 -999.0} sdss_psfmag_from_g3xp 9.752497 9.506943 9.091531 8.353 63050396393330171 975299469 "" ops_std_apogee ops_std standard_apogee 0 0 0.0 0.0 -999 ""
FIBERMAP 438 R+12C2 BOSS 0 0 0 1 0 0 -127.6502334132741 239.30680618437745 143.1 -264.7420204447329 -58.88764075908048 6.0855775 151.17995 -999.0 -999.0 -999.0 -999.0 -999.0 246.02626054462678 -26.12949177867236 246.0968236595089 -26.19208355730836 86.775404885235 29.28433676606778 -999.0 5400.0 -999.0 1 6 {-999.0 -999.0 -999.0 -999.0 -999.0} "" -999.0 -999.0 -999.0 -999.0 -999 -999 "" "" "" "" 0 0 0.0 0.0 -999 ""
FIBERMAP 438 R+12C2 METROLOGY 0 0 0 1 0 0 -128.22824430223218 238.8158348429985 143.1 -264.4238161184915 -59.57600598258603 6.0855775 151.17995 -999.0 -999.0 -999.0 -999.0 -999.0 246.02724707990595 -26.131597350591857 246.09781846395992 -26.194183211381258 86.77682461405317 29.316094529076906 -999.0 6231.0 -999.0 -1 -999 {-999.0 -999.0 -999.0 -999.0 -999.0} "" -999.0 -999.0 -999.0 -999.0 -999 -999 "" "" "" "" 0 0 0.0 0.0 -999 ""
FIBERMAP 439 R-6C3 APOGEE 1 1 0 1 0 0 -183.66648994036564 -136.13648162109098 143.1 81.9656037476497 -213.40976746727418 309.64355 53.28456 247.19435899898826 -26.60280702057322 -42.793514 -15.360693 11.221625 247.19419571165096 -26.60287132737101 247.26647158852336 -26.66254827353211 86.50221872400806 48.4101443613763 16000.0 16600.0 2016.0 2 244 {-999.0 10.863919 10.283481 10.092688 -999.0} sdss_psfmag_from_g3xp 10.731272 10.327163 9.757474 8.747 63050396393377810 984769483 bright_1x1 mwm_snc_100pc_apogee mwm_snc science 0 0 0.0 0.0 -999 ""
FIBERMAP 439 R-6C3 BOSS 0 0 0 1 0 0 -184.4185946242322 -136.13228328593047 143.1 81.76012310007577 -214.1332374503527 309.64355 53.28456 -999.0 -999.0 -999.0 -999.0 -999.0 247.19351953903913 -26.60507664258815 247.2657911023358 -26.664763530840382 86.50417316408833 48.42993689516976 -999.0 5400.0 -999.0 1 501 {-999.0 -999.0 -999.0 -999.0 -999.0} "" -999.0 -999.0 -999.0 -999.0 -999 -999 "" "" "" "" 0 0 0.0 0.0 -999 ""
FIBERMAP 439 R-6C3 METROLOGY 0 0 0 1 0 0 -184.02944947888815 -135.47908715566473 143.1 81.23504396339513 -213.58338109893458 309.64355 53.28456 -999.0 -999.0 -999.0 -999.0 -999.0 247.19175915074155 -26.603460199791353 247.2640284871934 -26.663149202547107 86.5042259644081 48.392956949007385 -999.0 6231.0 -999.0 -1 -999 {-999.0 -999.0 -999.0 -999.0 -999.0} "" -999.0 -999.0 -999.0 -999.0 -999 -999 "" "" "" "" 0 0 0.0 0.0 -999 ""
FIBERMAP 441 R-2C4 APOGEE 0 0 0 1 0 0 -190.71904106729545 -49.457774781776074 143.1 -3.4314767854538144 -196.98923124822974 332.02393 100.00119 -999.0 -999.0 -999.0 -999.0 -999.0 246.90514694794325 -26.553198968947754 246.9772010837031 -26.613578635218698 86.65162247706435 44.78037374705093 -999.0 16600.0 -999.0 2 -999 {-999.0 -999.0 -999.0 -999.0 -999.0} "" -999.0 -999.0 -999.0 -999.0 -999 -999 "" "" "" "" 0 0 0.0 0.0 -999 ""
FIBERMAP 441 R-2C4 BOSS 1 1 0 1 0 0 -190.9410286657167 -50.18027203189614 143.1 -2.7948616700053384 -197.3966051814706 332.02393 100.00119 246.90735632713913 -26.554479992831652 -7.4695907 0.15687436 0.37839186 246.9073085427066 -26.554480544718434 246.97935737512216 -26.614863804847083 86.65122496471285 44.81945187698034 5400.0 5400.0 2016.0 1 472 {-999.0 17.577887 16.89298 16.591944 16.39668} sdss_psfmag_from_ps1dr2 17.3283 16.8926 16.1903 15.034 63050396393382218 1040595548 "" ops_std_boss_ps1dr2 ops_std standard_boss 0 0 0.0 0.0 -999 ""
FIBERMAP 441 R-2C4 METROLOGY 0 0 0 1 0 0 -191.44889977110398 -49.62149554793305 143.1 -3.469222295500284 -197.7362426596717 332.02393 100.00119 -999.0 -999.0 -999.0 -999.0 -999.0 246.90501738675238 -26.555529236124688 246.9770715034747 -26.615915092200876 86.65339537014464 44.806511200603836 -999.0 6231.0 -999.0 -1 -999 {-999.0 -999.0 -999.0 -999.0 -999.0} "" -999.0 -999.0 -999.0 -999.0 -999 -999 "" "" "" "" 0 0 0.0 0.0 -999 ""
FIBERMAP 442 R+13C12 APOGEE 1 1 0 1 0 0 105.70291989226857 239.34346361017185 143.1 -202.2784611393839 165.939807931755 296.15106 112.67701 246.24235141038935 -25.451110467894587 4.447406 -2.0674217 0.044909775 246.24234321055525 -25.45110396397066 246.31098493784236 -25.513356020930477 86.08375079927015 27.035386681031014 16000.0 16600.0 2016.0 2 59 {-999.0 16.498081 14.145589 12.227215 -999.0} sdss_psfmag_from_g3xp 15.338054 12.904699 11.517629 7.591 63050396395023090 1153044799 bright_1x1 mwm_galactic_core_dist_apogee_sparse mwm_galactic science 0 0 0.0 0.0 -999 ""
FIBERMAP 442 R+13C12 BOSS 0 0 0 1 0 0 105.2195729736212 238.7637641557427 143.1 -201.84942035980262 165.31888007506603 296.15106 112.67701 -999.0 -999.0 -999.0 -999.0 -999.0 246.24375211258362 -25.45296450691114 246.31239243269272 -25.515225897699786 86.0848696021674 27.06415042864927 -999.0 5400.0 -999.0 1 97 {-999.0 -999.0 -999.0 -999.0 -999.0} "" -999.0 -999.0 -999.0 -999.0 -999 -999 "" "" "" "" 0 0 0.0 0.0 -999 ""
FIBERMAP 442 R+13C12 METROLOGY 0 0 0 1 0 0 104.96679666048534 239.47994619346463 143.1 -202.6071070755044 165.26716446990008 296.15106 112.67701 -999.0 -999.0 -999.0 -999.0 -999.0 246.24118133553702 -25.453085171228608 246.30982340559092 -25.515348888230434 86.08600165354119 27.03445842020932 -999.0 6231.0 -999.0 -1 -999 {-999.0 -999.0 -999.0 -999.0 -999.0} "" -999.0 -999.0 -999.0 -999.0 -999 -999 "" "" "" "" 0 0 0.0 0.0 -999 ""
FIBERMAP 445 R-4C10 APOGEE 0 0 0 1 0 0 -28.037888471434606 -77.6331320049185 143.1 67.28411453107113 -47.80477564230387 26.197212 88.0754 -999.0 -999.0 -999.0 -999.0 -999.0 247.14559413464644 -26.101779817317606 247.21636755923123 -26.1617083552417 86.17319760992808 42.448283487360754 -999.0 16600.0 -999.0 2 -999 {-999.0 -999.0 -999.0 -999.0 -999.0} "" -999.0 -999.0 -999.0 -999.0 -999 -999 "" "" "" "" 0 0 0.0 0.0 -999 ""
FIBERMAP 445 R-4C10 BOSS 1 1 0 1 0 0 -27.726262270546513 -78.32957585612417 143.1 68.03854677822805 -47.69107627305044 26.197212 88.0754 247.14822720072442 -26.10139710687858 -4.8869896 -17.756615 2.9286492 247.14819901308354 -26.10145320546215 247.21896158283084 -26.161386426937664 86.17142375520677 42.47138342034424 5400.0 5400.0 2016.0 1 360 {-999.0 23.244589 21.180569 19.207293 -999.0} sdss_psfmag_ps1 21.618654 19.939182 18.631147 15.563 63050396393496759 1124577752 dark_1x1 openfibertargets_mwm_snc_further_ext_boss open_fiber science 0 0 0.0 0.0 -999 ""
FIBERMAP 445 R-4C10 METROLOGY 0 0 0 1 0 0 -28.466893847968066 -78.24587387855003 143.1 67.75954338615938 -48.3821993828122 26.197212 88.0754 -999.0 -999.0 -999.0 -999.0 -999.0 247.14725691557592 -26.10355838118373 247.2180284733679 -26.163490211404554 86.17355908196588 42.4826708115703 -999.0 6231.0 -999.0 -1 -999 {-999.0 -999.0 -999.0 -999.0 -999.0} "" -999.0 -999.0 -999.0 -999.0 -999 -999 "" "" "" "" 0 0 0.0 0.0 -999 ""
FIBERMAP 449 R-10C16 APOGEE 0 0 0 1 0 0 165.4306248419085 -177.62892381029332 143.1 215.43887957400784 111.80527324121897 101.450874 71.22058 -999.0 -999.0 -999.0 -999.0 -999.0 247.64271286825016 -25.617792426742128 247.71217245033995 -25.676664417909684 85.51453466275284 42.68169093248747 -999.0 16600.0 -999.0 2 -999 {-999.0 -999.0 -999.0 -999.0 -999.0} "" -999.0 -999.0 -999.0 -999.0 -999 -999 "" "" "" "" 0 0 0.0 0.0 -999 ""
FIBERMAP 449 R-10C16 BOSS 1 1 0 1 0 0 166.30205448036958 -177.82640392026457 143.1 215.8625309447365 112.59193697041623 101.450874 71.22058 247.64415114373398 -25.61539984847149 -3.0412295 -5.820786 0.46766254 247.6441482227925 -25.615391071460124 247.71358876547538 -25.67427296105684 85.51189371810386 42.673874934526054 5400.0 5400.0 2016.0 1 333 {-999.0 17.353989 16.289278 15.745752 15.284478} sdss_psfmag_from_ps1dr2 16.9208 16.2333 15.3156 13.605 63050396393528374 1040595697 "" ops_std_boss_ps1dr2 ops_std standard_boss 0 0 0.0 0.0 -999 ""
FIBERMAP 449 R-10C16 METROLOGY 0 0 0 1 0 0 165.73420357930124 -178.31254517259788 143.1 216.1788030007384 111.9146537464678 101.450874 71.22058 -999.0 -999.0 -999.0 -999.0 -999.0 247.6452542943648 -25.61742240894477 247.7147045447132 -25.67629750149879 85.51275695605453 42.70057605766914 -999.0 6231.0 -999.0 -1 -999 {-999.0 -999.0 -999.0 -999.0 -999.0} "" -999.0 -999.0 -999.0 -999.0 -999 -999 "" "" "" "" 0 0 0.0 0.0 -999 ""
FIBERMAP 453 R+7C19 APOGEE 0 0 0 1 0 0 204.45750035420966 140.5934413788765 143.1 -80.69109066687213 234.6339960953208 31.575571 106.036285 -999.0 -999.0 -999.0 -999.0 -999.0 246.65064510151737 -25.24530540161752 246.71878727974467 -25.306644007161836 85.7295499550745 30.262594964779055 -999.0 16600.0 -999.0 2 -999 {-999.0 -999.0 -999.0 -999.0 -999.0} "" -999.0 -999.0 -999.0 -999.0 -999 -999 "" "" "" "" 0 0 0.0 0.0 -999 ""
FIBERMAP 453 R+7C19 BOSS 1 1 0 1 0 0 205.00162922933077 140.08728632994288 143.1 -80.0577158020746 235.02265869387102 31.575571 106.036285 246.65254898759866 -25.244028565307943 -10.8465805 -22.630167 6.765547 246.65277339165021 -25.244109188737916 246.72090395070154 -25.305457047207916 85.7275806171924 30.277255025915167 5400.0 5400.0 2016.0 1 249 {-999.0 18.140436 15.852048 14.507051 -999.0} sdss_psfmag_ps1 16.886976 15.150898 13.792277 10.221 63050396395026581 1075875181 bright_1x1 mwm_erosita_stars_boss mwm_erosita science 0 0 0.8920466899871826 0.0 -999 ""
FIBERMAP 453 R+7C19 METROLOGY 0 0 0 1 0 0 204.2825813262589 139.86618519948928 143.1 -80.03728433763496 234.27069449031112 31.575571 106.036285 -999.0 -999.0 -999.0 -999.0 -999.0 246.6528066509881 -25.246332820478813 246.72094613216643 -25.307676029261863 85.7294990697387 30.292235017980715 -999.0 6231.0 -999.0 -1 -999 {-999.0 -999.0 -999.0 -999.0 -999.0} "" -999.0 -999.0 -999.0 -999.0 -999 -999 "" "" "" "" 0 0 0.0 0.0 -999 ""
FIBERMAP 454 R+10C8 APOGEE 0 0 0 1 0 0 -13.27959712989627 209.1705448039047 143.1 -205.0762353970945 43.22819817055286 90.90326 80.08198 -999.0 -999.0 -999.0 -999.0 -999.0 246.22873844144823 -25.822037150813358 246.29845922904258 -25.884221483227233 86.41839732430475 29.48891478844223 -999.0 16600.0 -999.0 2 -999 {-999.0 -999.0 -999.0 -999.0 -999.0} "" -999.0 -999.0 -999.0 -999.0 -999 -999 "" "" "" "" 0 0 0.0 0.0 -999 ""
FIBERMAP 454 R+10C8 BOSS 1 1 0 1 0 0 -12.566564469220806 209.07808742123015 143.1 -204.7961886586851 43.890386912147164 90.90326 80.08198 246.22968257580087 -25.820028940473584 -6.0939517 3.8355157 0.43236515 246.22964877803474 -25.82001469309835 246.2993567362489 -25.882209208140743 86.41624397577361 29.48485510292852 5400.0 5400.0 2016.0 1 125 {-999.0 17.802546 16.971104 16.556938 16.259264} sdss_psfmag_from_ps1dr2 17.5314 16.9545 16.1616 14.674 63050396393515533 1040595687 "" ops_std_boss_ps1dr2 ops_std standard_boss 0 0 0.0 0.0 -999 ""
FIBERMAP 454 R+10C8 METROLOGY 0 0 0 1 0 0 -12.99948574948651 208.47697733684686 143.1 -204.3330149235341 43.31230583984545 90.90326 80.08198 -999.0 -999.0 -999.0 -999.0 -999.0 246.23114691908913 -25.82177186196284 246.30086242631523 -25.883959005154964 86.41713191515733 29.517286002958258 -999.0 6231.0 -999.0 -1 -999 {-999.0 -999.0 -999.0 -999.0 -999.0} "" -999.0 -999.0 -999.0 -999.0 -999 -999 "" "" "" "" 0 0 0.0 0.0 -999 ""
FIBERMAP 458 R-13C8 APOGEE 1 1 0 1 0 0 18.627704768841127 -246.7972862769192 143.1 242.75905845616097 -48.15326620879757 358.18732 149.83382 247.7362412853409 -26.101626823315026 2.385429 -7.1401954 2.4179535 247.73623038860538 -26.101654092644168 247.80714287177864 -26.160170894905704 85.80524511347012 47.914971005063535 16000.0 16600.0 2016.0 2 265 {-999.0 12.473187 12.002694 11.785702 -999.0} sdss_psfmag_from_g3xp 12.378051 11.996622 11.43443 10.389 63050396393448423 975299645 "" ops_std_apogee ops_std standard_apogee 0 0 0.0 0.0 -999 ""
FIBERMAP 458 R-13C8 BOSS 0 0 0 1 0 0 19.236343813626906 -247.23754401346508 143.1 243.34622411228216 -47.684803825296626 358.18732 149.83382 -999.0 -999.0 -999.0 -999.0 -999.0 247.73822605585636 -26.100220834614127 247.80912205784216 -26.15874411787111 85.8029750254214 47.91764227965268 -999.0 5400.0 -999.0 1 359 {-999.0 -999.0 -999.0 -999.0 -999.0} "" -999.0 -999.0 -999.0 -999.0 -999 -999 "" "" "" "" 0 0 0.0 0.0 -999 ""
FIBERMAP 458 R-13C8 METROLOGY 0 0 0 1 0 0 18.543564921260593 -247.54580130850258 143.1 243.45765938689436 -48.43480287677126 358.18732 149.83382 -999.0 -999.0 -999.0 -999.0 -999.0 247.7386479110281 -26.102499565998475 247.8095543751317 -26.1610181334977 85.8042647993771 47.94378013307329 -999.0 6231.0 -999.0 -1 -999 {-999.0 -999.0 -999.0 -999.0 -999.0} "" -999.0 -999.0 -999.0 -999.0 -999 -999 "" "" "" "" 0 0 0.0 0.0 -999 ""
FIBERMAP 461 R+11C5 APOGEE 1 1 0 1 0 0 -78.79755532792453 196.50728193907315 143.1 -210.42381251477616 -23.284859860928663 296.97983 86.41163 246.20898919966035 -26.023395487753813 -5.6304116 -5.9696736 0.10244903 246.20897340727237 -26.023393353852235 246.27927954667473 -26.085570281961505 86.60247614829315 30.859434355134056 16000.0 16600.0 2016.0 2 147 {-999.0 15.592867 14.273892 13.650808 -999.0} sdss_psfmag_from_g3xp 15.075844 14.174302 13.236281 10.975 63050396393512763 1153043343 bright_1x1 mwm_galactic_core_dist_apogee_sparse mwm_galactic science 0 0 0.0 0.0 -999 ""
FIBERMAP 461 R+11C5 BOSS 0 0 0 1 0 0 -79.45104540086405 196.21004441177118 143.1 -210.31247122228632 -23.99405576807227 296.97983 86.41163 -999.0 -999.0 -999.0 -999.0 -999.0 246.2092817045751 -26.02553854987297 246.2795871447696 -26.08772519218681 86.60420484483464 30.881644162007944 -999.0 5400.0 -999.0 1 150 {-999.0 -999.0 -999.0 -999.0 -999.0} "" -999.0 -999.0 -999.0 -999.0 -999 -999 "" "" "" "" 0 0 0.0 0.0 -999 ""
FIBERMAP 461 R+11C5 METROLOGY 0 0 0 1 0 0 -79.41134555324653 196.9610413554519 143.1 -211.02536562877648 -23.754668857437057 296.97983 86.41163 -999.0 -999.0 -999.0 -999.0 -999.0 246.2068606855222 -26.02480109524302 246.27716533930072 -26.086990552572654 86.60465481614412 30.843634729108487 -999.0 6231.0 -999.0 -1 -999 {-999.0 -999.0 -999.0 -999.0 -999.0} "" -999.0 -999.0 -999.0 -999.0 -999 -999 "" "" "" "" 0 0 0.0 0.0 -999 ""
FIBERMAP 462 R+11C9 APOGEE 1 1 0 1 0 0 32.97723369019159 214.46781866959833 143.1 -197.79079980582688 89.21182693560263 72.66804 27.744144 246.25459629248988 -25.68293879149185 -9.135732 -4.0281506 0.05688759 246.25457163423084 -25.682961239857633 246.3238923152743 -25.74512181803833 86.2850044419136 28.772188746942902 16000.0 16600.0 2016.0 2 128 {-999.0 15.367427 13.372187 12.343524 -999.0} sdss_psfmag_from_g3xp 14.391303 12.996762 11.852647 8.929 63050396395018393 1153044964 bright_1x1 mwm_galactic_core_dist_apogee_sparse mwm_galactic science 0 0 0.0 0.0 -999 ""
FIBERMAP 462 R+11C9 BOSS 0 0 0 1 0 0 33.119513063588684 213.7217908522516 143.1 -197.03395334900625 89.14909374290504 72.66804 27.744144 -999.0 -999.0 -999.0 -999.0 -999.0 246.25706231685885 -25.683132200000106 246.32637689483988 -25.74529913887162 86.28411486555706 28.803996623079456 -999.0 5400.0 -999.0 1 115 {-999.0 -999.0 -999.0 -999.0 -999.0} "" -999.0 -999.0 -999.0 -999.0 -999 -999 "" "" "" "" 0 0 0.0 0.0 -999 ""
FIBERMAP 462 R+11C9 METROLOGY 0 0 0 1 0 0 32.399511462110745 213.9996076107528 143.1 -197.4944459313226 88.52983569122118 72.66804 27.744144 -999.0 -999.0 -999.0 -999.0 -999.0 246.2554664041869 -25.684988313867493 246.3247880537 -25.747155041738573 86.28642461980462 28.797871302190174 -999.0 6231.0 -999.0 -1 -999 {-999.0 -999.0 -999.0 -999.0 -999.0} "" -999.0 -999.0 -999.0 -999.0 -999 -999 "" "" "" "" 0 0 0.0 0.0 -999 ""
FIBERMAP 465 R+5C7 APOGEE 1 1 0 1 0 0 -89.390575428824 110.34120288377896 143.1 -130.2466148618575 -56.568235945843156 81.29314 81.3155 246.47794652231917 -26.126161763744463 -0.7752558 -3.4073071 0.24536704 246.47793634608726 -26.126172867647085 246.5486147955363 -26.18768397765738 86.56058580292812 35.205953998316375 16000.0 16600.0 2016.0 2 33 {-999.0 14.439869 12.813952 11.306037 -999.0} sdss_psfmag_from_g3xp 13.73148 12.023805 10.768064 7.698 63050396393507244 1153043317 bright_1x1 mwm_galactic_core_dist_apogee_sparse mwm_galactic science 0 0 0.0 0.0 -999 ""
FIBERMAP 465 R+5C7 BOSS 0 0 0 1 0 0 -88.68485677324263 110.11250202277549 143.1 -129.83726702561094 -55.94958371273425 81.29314 81.3155 -999.0 -999.0 -999.0 -999.0 -999.0 246.47926839360625 -26.12432022894578 246.54993364923416 -26.185839345611768 86.55839490642813 35.204999459340684 -999.0 5400.0 -999.0 1 55 {-999.0 -999.0 -999.0 -999.0 -999.0} "" -999.0 -999.0 -999.0 -999.0 -999 -999 "" "" "" "" 0 0 0.0 0.0 -999 ""
FIBERMAP 465 R+5C7 METROLOGY 0 0 0 1 0 0 -89.24914346695627 109.61193852738903 143.1 -129.50614565895143 -56.62729580307762 81.29314 81.3155 -999.0 -999.0 -999.0 -999.0 -999.0 246.4803550925613 -26.12639183257569 246.55102902152123 -26.187904780368918 86.55955080421984 35.23788542182871 -999.0 6231.0 -999.0 -1 -999 {-999.0 -999.0 -999.0 -999.0 -999.0} "" -999.0 -999.0 -999.0 -999.0 -999 -999 "" "" "" "" 0 0 0.0 0.0 -999 ""
FIBERMAP 468 R-2C9 APOGEE 1 1 0 1 0 0 -104.86165405105515 -51.1555462483975 143.1 21.199341578650134 -114.72702372665542 267.18115 61.574844 246.98926666832253 -26.30461836120817 -2.9024544 -4.6637487 0.6936888 246.98927998955105 -26.304612368057043 247.06061619141713 -26.364858760421132 86.4179639753942 42.904552831015565 16000.0 16600.0 2016.0 2 300 {-999.0 12.617906 11.132721 10.465485 -999.0} sdss_psfmag_from_g3xp 11.997489 11.023264 10.05202 7.774 63050396393477505 1156256677 bright_1x1 mwm_galactic_core_dist_apogee_extra mwm_galactic science 0 0 0.0 0.0 -999 ""
FIBERMAP 468 R-2C9 BOSS 0 0 0 1 0 0 -105.4793750277942 -50.75102208424886 143.1 20.644170032918247 -115.21380635340155 267.18115 61.574844 -999.0 -999.0 -999.0 -999.0 -999.0 246.9874185213534 -26.306134616641536 247.05874882630246 -26.36639506155749 86.42022379948475 42.900875838749755 -999.0 5400.0 -999.0 1 496 {-999.0 -999.0 -999.0 -999.0 -999.0} "" -999.0 -999.0 -999.0 -999.0 -999 -999 "" "" "" "" 0 0 0.0 0.0 -999 ""
FIBERMAP 468 R-2C9 METROLOGY 0 0 0 1 0 0 -104.82570103208629 -50.41628786094157 143.1 20.49675284742558 -114.49439052680518 267.18115 61.574844 -999.0 -999.0 -999.0 -999.0 -999.0 246.98692471373784 -26.30396802887327 247.05825128536276 -26.36422740057476 86.41889949987385 42.8724842017138 -999.0 6231.0 -999.0 -1 -999 {-999.0 -999.0 -999.0 -999.0 -999.0} "" -999.0 -999.0 -999.0 -999.0 -999 -999 "" "" "" "" 0 0 0.0 0.0 -999 ""
FIBERMAP 470 R+2C23 APOGEE 1 1 0 1 0 0 229.2626904767125 19.054185037142314 143.1 43.04610226762746 225.98006193904928 339.3287 50.0124 247.06466674804685 -25.272290101395114 -999.0 -999.0 -999.0 247.06467508775532 -25.272310984990355 247.13299189525026 -25.332656973370597 85.55727113847162 34.65400185889433 16000.0 16600.0 2015.5 2 74 {-999.0 -999.0 -999.0 -999.0 -999.0} "" -999.0 -999.0 -999.0 -999.0 27021603175509371 845950118 "" ops_sky_apogee_best ops_sky sky_apogee 0 0 0.0 0.0 -999 ""
FIBERMAP 470 R+2C23 BOSS 0 0 0 1 0 0 228.64261247284122 18.642074706279537 143.1 43.277063320537664 225.27228963004052 339.3287 50.0124 -999.0 -999.0 -999.0 -999.0 -999.0 247.0654652256163 -25.27439313307179 247.13377814121634 -25.334750581940238 85.55862814308963 34.67653862897714 -999.0 5400.0 -999.0 1 233 {-999.0 -999.0 -999.0 -999.0 -999.0} "" -999.0 -999.0 -999.0 -999.0 -999 -999 "" "" "" "" 0 0 0.0 0.0 -999 ""
FIBERMAP 470 R+2C23 METROLOGY 0 0 0 1 0 0 228.60176808484437 19.40342297456546 143.1 42.53262408873176 225.43685081913685 339.3287 50.0124 -999.0 -999.0 -999.0 -999.0 -999.0 247.0629778974911 -25.273859648360187 247.13129157207584 -25.334219229492355 85.55942118378145 34.648527645114314 -999.0 6231.0 -999.0 -1 -999 {-999.0 -999.0 -999.0 -999.0 -999.0} "" -999.0 -999.0 -999.0 -999.0 -999 -999 "" "" "" "" 0 0 0.0 0.0 -999 ""
FIBERMAP 472 R-1C15 APOGEE 0 0 0 1 0 0 44.78547772919033 -36.03581918966047 143.1 46.71258713240726 33.49586964335133 355.6945 55.859398 -999.0 -999.0 -999.0 -999.0 -999.0 247.07647295564269 -25.854846964168644 247.14650037363572 -25.915007170235008 86.0231553366186 39.425286796696014 -999.0 16600.0 -999.0 2 -999 {-999.0 -999.0 -999.0 -999.0 -999.0} "" -999.0 -999.0 -999.0 -999.0 -999 -999 "" "" "" "" 0 0 0.0 0.0 -999 ""
FIBERMAP 472 R-1C15 BOSS 1 1 0 1 0 0 44.30015543796022 -36.60554373829016 143.1 47.13148880214092 32.875710243454606 355.6945 55.859398 247.07798087097012 -25.856683342459107 -15.875338 -13.939239 3.1818626 247.07792649838782 -25.85669991168503 247.14794948317422 -25.91686787241753 86.02381363273444 39.45664072066597 5400.0 5400.0 2016.0 1 326 {-999.0 22.722033 21.398485 19.412416 -999.0} sdss_psfmag_ps1 21.186186 20.02412 18.615372 15.309 63050396393503880 1095203274 bright_1x1 mwm_bin_vis_boss mwm_filler science 0 0 0.0 0.0 -999 ""
FIBERMAP 472 R-1C15 METROLOGY 0 0 0 1 0 0 44.0475422871542 -35.91355104097471 143.1 46.39715033601094 32.81767321175323 355.6945 55.859398 -999.0 -999.0 -999.0 -999.0 -999.0 247.07544982430645 -25.85687303777914 247.14547563550866 -25.91704353403654 86.02532621913451 39.43296690214686 -999.0 6231.0 -999.0 -1 -999 {-999.0 -999.0 -999.0 -999.0 -999.0} "" -999.0 -999.0 -999.0 -999.0 -999 -999 "" "" "" "" 0 0 0.0 0.0 -999 ""
FIBERMAP 474 R-3C8 APOGEE 0 0 0 1 0 0 -109.30998446951875 -71.02805337387012 143.1 39.15356357607258 -124.33508957061609 254.05824 97.368385 -999.0 -999.0 -999.0 -999.0 -999.0 247.04998329687544 -26.333798596001866 247.12142133199325 -26.393892387757816 86.40298156944326 43.86102361799374 -999.0 16600.0 -999.0 2 -999 {-999.0 -999.0 -999.0 -999.0 -999.0} "" -999.0 -999.0 -999.0 -999.0 -999 -999 "" "" "" "" 0 0 0.0 0.0 -999 ""
FIBERMAP 474 R-3C8 BOSS 1 1 0 1 0 0 -110.14455805204805 -70.88283752927138 143.1 38.79013590568871 -125.10024326976931 254.05824 97.368385 247.04873096835428 -26.33611092829841 19.111135 -17.875383 3.0745962 247.0487786697119 -26.33616632229993 247.12021326181014 -26.396272266190543 86.40546622799982 43.873989827943774 5400.0 5400.0 2016.0 1 477 {-999.0 17.310148 15.680547 15.068916 -999.0} sdss_psfmag_ps1 16.579971 15.583519 14.59929 12.408 63050396393477661 1096282577 bright_1x1 mwm_bin_vis_boss mwm_filler science 0 0 0.0 0.0 -999 ""
FIBERMAP 474 R-3C8 METROLOGY 0 0 0 1 0 0 -109.60380212969689 -70.34018027557107 143.1 38.41215823725045 -124.43392729579828 254.05824 97.368385 -999.0 -999.0 -999.0 -999.0 -999.0 247.04750569329397 -26.334162895504544 247.1189369032104 -26.394269610455364 86.40476454872571 43.838955851095875 -999.0 6231.0 -999.0 -1 -999 {-999.0 -999.0 -999.0 -999.0 -999.0} "" -999.0 -999.0 -999.0 -999.0 -999 -999 "" "" "" "" 0 0 0.0 0.0 -999 ""
FIBERMAP 477 R-7C14 APOGEE 1 1 0 1 0 0 85.87659859616916 -154.8404187284774 143.1 172.17700464153825 41.26458624766533 344.8335 51.121685 247.49887212108297 -25.831399104300377 -4.2623463 -6.3560014 0.06759257 247.49884963857775 -25.83139948460157 247.56890684182213 -25.890557621829032 85.76024780065946 43.27232794298135 16000.0 16600.0 2016.0 2 197 {-999.0 16.603312 14.927616 14.077196 -999.0} sdss_psfmag_from_g3xp 15.866519 14.679814 13.607567 10.799 63050396393524914 1153043192 bright_1x1 mwm_galactic_core_dist_apogee_sparse mwm_galactic science 0 0 0.0 0.0 -999 ""
FIBERMAP 477 R-7C14 BOSS 0 0 0 1 0 0 85.27722946934786 -155.28914063251182 143.1 172.44878455007552 40.56695967044814 344.8335 51.121685 -999.0 -999.0 -999.0 -999.0 -999.0 247.4998480435837 -25.83348687898132 247.56989986237159 -25.892653911083126 85.76121522101778 43.3002378794838 -999.0 5400.0 -999.0 1 272 {-999.0 -999.0 -999.0 -999.0 -999.0} "" -999.0 -999.0 -999.0 -999.0 -999 -999 "" "" "" "" 0 0 0.0 0.0 -999 ""
FIBERMAP 477 R-7C14 METROLOGY 0 0 0 1 0 0 85.17928944006754 -154.5478252275094 143.1 171.70835352406846 40.671148252464405 344.8335 51.121685 -999.0 -999.0 -999.0 -999.0 -999.0 247.49738287239828 -25.833171197254263 247.56743653763056 -25.892340851819295 85.76245884631332 43.27505992372028 -999.0 6231.0 -999.0 -1 -999 {-999.0 -999.0 -999.0 -999.0 -999.0} "" -999.0 -999.0 -999.0 -999.0 -999 -999 "" "" "" "" 0 0 0.0 0.0 -999 ""
FIBERMAP 479 R-1C14 APOGEE 1 1 0 1 0 0 -9.073853653051014 -15.406566782410069 143.1 12.412783575779278 -12.868287154771755 224.75319 48.923214 246.96036672146826 -25.995446632801965 1.2085762 -4.3025317 0.4869218 246.9603700138889 -25.995453478670264 247.03078401069638 -26.055852359111594 86.19816565900598 39.50401739139943 16000.0 16600.0 2016.0 2 230 {-999.0 14.681918 13.020306 12.243482 -999.0} sdss_psfmag_from_g3xp 13.950172 12.838039 11.800553 9.228 63050396393501397 1106831947 bright_1x1 mwm_tess_rgb_apogee mwm_tessrgb science 0 0 0.0 0.0 -999 ""
FIBERMAP 479 R-1C14 BOSS 0 0 0 1 0 0 -8.98895495748398 -14.665499811889092 143.1 11.721561515069483 -12.588014206757844 224.75319 48.923214 -999.0 -999.0 -999.0 -999.0 -999.0 246.9580548762597 -25.994594406646602 247.02845595648216 -26.05501022890378 86.19879888211683 39.47137980987708 -999.0 5400.0 -999.0 1 339 {-999.0 -999.0 -999.0 -999.0 -999.0} "" -999.0 -999.0 -999.0 -999.0 -999 -999 "" "" "" "" 0 0 0.0 0.0 -999 ""
FIBERMAP 479 R-1C14 METROLOGY 0 0 0 1 0 0 -8.39004762553932 -15.115484971259477 143.1 12.315492346708158 -12.13153286390823 224.75319 48.923214 -999.0 -999.0 -999.0 -999.0 -999.0 246.96006419602898 -25.993216012248165 247.03046447566965 -26.053624251757604 86.19659353189782 39.47981985997126 -999.0 6231.0 -999.0 -1 -999 {-999.0 -999.0 -999.0 -999.0 -999.0} "" -999.0 -999.0 -999.0 -999.0 -999 -999 "" "" "" "" 0 0 0.0 0.0 -999 ""
FIBERMAP 480 R+9C15 APOGEE 0 0 0 1 0 0 133.0302589237948 188.46197733999898 143.1 -145.93903321045983 178.64000880072388 83.50024 85.43124 -999.0 -999.0 -999.0 -999.0 -999.0 246.43091992909507 -25.41340175452801 246.49949841266596 -25.475216767139344 85.97236777726401 28.97266324376824 -999.0 16600.0 -999.0 2 -999 {-999.0 -999.0 -999.0 -999.0 -999.0} "" -999.0 -999.0 -999.0 -999.0 -999 -999 "" "" "" "" 0 0 0.0 0.0 -999 ""
FIBERMAP 480 R+9C15 BOSS 1 1 0 1 0 0 133.76745607128174 188.34130428721832 143.1 -145.6253309021382 179.31792115675069 83.50024 85.43124 246.43201577700447 -25.411239563396332 -5.4613075 -24.726957 7.3208585 246.43197353069297 -25.411319160850017 246.50053835620827 -25.47314557849655 85.9700982231253 28.970632013172917 5400.0 5400.0 2016.0 1 237 {-999.0 19.154182 17.228197 15.2778845 -999.0} sdss_psfmag_ps1 18.26956 15.946571 14.564576 11.37 63050396395025226 1075875180 bright_1x1 mwm_erosita_stars_boss mwm_erosita science 0 0 0.0 0.0 -999 ""
FIBERMAP 480 R+9C15 METROLOGY 0 0 0 1 0 0 133.27645231538227 187.75565798536203 143.1 -145.19261152462187 178.68802379071653 83.50024 85.43124 -999.0 -999.0 -999.0 -999.0 -999.0 246.4333723889337 -25.413197793431156 246.50194524634446 -25.475016598219437 85.97115413732594 28.999090764311745 -999.0 6231.0 -999.0 -1 -999 {-999.0 -999.0 -999.0 -999.0 -999.0} "" -999.0 -999.0 -999.0 -999.0 -999 -999 "" "" "" "" 0 0 0.0 0.0 -999 ""
FIBERMAP 482 R+7C10 APOGEE 1 1 0 1 0 0 -20.863354904527515 125.55894218612998 143.1 -126.55410784875377 13.528176844166612 234.04869 109.71054 246.49173365357498 -25.913556248710318 -7.830342 -15.429286 1.89111 246.49171413752265 -25.913581667714322 246.5617704459346 -25.975117410087265 86.37643759243966 33.470891160747726 16000.0 16600.0 2016.0 2 137 {-999.0 16.25227 15.075339 14.519364 -999.0} sdss_psfmag_ps1 15.762007 14.948981 14.049778 12.007 63050396393511497 1034958467 bright_1x1 mwm_yso_pms_apogee_sagitta_edr3_single mwm_yso science 0 0 0.0 0.0 -999 ""
FIBERMAP 482 R+7C10 BOSS 0 0 0 1 0 0 -21.601253261874845 125.72464292851475 143.1 -126.91137864191853 12.861648673898324 234.04869 109.71054 -999.0 -999.0 -999.0 -999.0 -999.0 246.49043518213753 -25.915579693404002 246.5604889358783 -25.977129388076587 86.3787535749035 33.47258806591719 -999.0 5400.0 -999.0 1 132 {-999.0 -999.0 -999.0 -999.0 -999.0} "" -999.0 -999.0 -999.0 -999.0 -999 -999 "" "" "" "" 0 0 0.0 0.0 -999 ""
FIBERMAP 482 R+7C10 METROLOGY 0 0 0 1 0 0 -21.069367346808157 126.27885546421037 143.1 -127.30286457694991 13.522513931351758 234.04869 109.71054 -999.0 -999.0 -999.0 -999.0 -999.0 246.48911341304859 -25.913569082665934 246.5591632248071 -25.975119217916596 86.37769603519497 33.43959881990622 -999.0 6231.0 -999.0 -1 -999 {-999.0 -999.0 -999.0 -999.0 -999.0} "" -999.0 -999.0 -999.0 -999.0 -999 -999 "" "" "" "" 0 0 0.0 0.0 -999 ""
FIBERMAP 486 R-1C9 APOGEE 1 1 0 1 0 0 -115.2899723253695 -12.571071207724767 143.1 -18.766814008814976 -114.43983450871632 175.12744 94.94998 246.85397459789536 -26.303405048403324 -2.9213746 -4.6482778 0.15283598 246.85397994086634 -26.303425554033428 246.9252785734625 -26.36399458566619 86.4967523190487 41.41260897243558 16000.0 16600.0 2016.0 2 279 {-999.0 14.310934 13.086139 12.520177 -999.0} sdss_psfmag_from_g3xp 13.853106 13.020277 12.123014 9.989 63050396393479137 1156256679 bright_1x1 mwm_galactic_core_dist_apogee_extra mwm_galactic science 0 0 0.0 0.0 -999 ""
FIBERMAP 486 R-1C9 BOSS 0 0 0 1 0 0 -115.20528711642905 -11.827621922491112 143.1 -19.46038842266765 -114.15912918414124 175.12744 94.94998 -999.0 -999.0 -999.0 -999.0 -999.0 246.85163260425898 -26.302617782860274 246.92291879549532 -26.363202651745173 86.49751193445269 41.377809885400666 -999.0 5400.0 -999.0 1 458 {-999.0 -999.0 -999.0 -999.0 -999.0} "" -999.0 -999.0 -999.0 -999.0 -999 -999 "" "" "" "" 0 0 0.0 0.0 -999 ""
FIBERMAP 486 R-1C9 METROLOGY 0 0 0 1 0 0 -114.5964845450169 -12.28759759521079 143.1 -18.854182269937674 -113.69579030190879 175.12744 94.94998 -999.0 -999.0 -999.0 -999.0 -999.0 246.85368480369374 -26.301234156018367 246.92497008484497 -26.3618116737636 86.49526335643415 41.38610242723075 -999.0 6231.0 -999.0 -1 -999 {-999.0 -999.0 -999.0 -999.0 -999.0} "" -999.0 -999.0 -999.0 -999.0 -999 -999 "" "" "" "" 0 0 0.0 0.0 -999 ""
FIBERMAP 491 R+1C18 APOGEE 1 1 0 1 0 0 89.76522683107278 9.656458283415839 143.1 14.738535345421926 89.06810605756053 233.40683 104.98665 246.9689435906085 -25.68592255284593 7.7606206 -17.587122 1.3061393 246.96898629247102 -25.68598555956883 247.03849140322052 -25.746447607340826 85.9466474568863 36.86975870817645 16000.0 16600.0 2016.0 2 79 {-999.0 16.697712 15.523768 14.980708 -999.0} sdss_psfmag_ps1 16.257704 15.409612 14.484906 12.399 63050396393520124 1034958471 bright_1x1 mwm_yso_pms_apogee_sagitta_edr3_single mwm_yso science 0 0 0.0 0.0 -999 ""
FIBERMAP 491 R+1C18 BOSS 0 0 0 1 0 0 89.06701994388493 9.92556069193491 143.1 14.292275631240653 88.4675115589072 233.40683 104.98665 -999.0 -999.0 -999.0 -999.0 -999.0 246.96749783478268 -25.687740514445046 247.03699792000532 -25.74821797961137 85.94887005471332 36.86887938259349 -999.0 5400.0 -999.0 1 240 {-999.0 -999.0 -999.0 -999.0 -999.0} "" -999.0 -999.0 -999.0 -999.0 -999 -999 "" "" "" "" 0 0 0.0 0.0 -999 ""
FIBERMAP 491 R+1C18 METROLOGY 0 0 0 1 0 0 89.65878589663892 10.393845091085268 143.1 13.999612423862818 89.16305248346103 233.40683 104.98665 -999.0 -999.0 -999.0 -999.0 -999.0 246.966515396921 -25.6856236550323 247.03601181998556 -25.74610053990067 85.94766588399266 36.84120911822896 -999.0 6231.0 -999.0 -1 -999 {-999.0 -999.0 -999.0 -999.0 -999.0} "" -999.0 -999.0 -999.0 -999.0 -999 -999 "" "" "" "" 0 0 0.0 0.0 -999 ""
FIBERMAP 492 R-4C12 APOGEE 0 0 0 1 0 0 -15.807220797365622 -87.9998827425785 143.1 80.54740785506044 -38.79800015426048 254.40483 67.58269 -999.0 -999.0 -999.0 -999.0 -999.0 247.19043461425233 -26.07445582348199 247.26113799025325 -26.134284771591975 86.12609270203191 42.62963864201396 -999.0 16600.0 -999.0 2 -999 {-999.0 -999.0 -999.0 -999.0 -999.0} "" -999.0 -999.0 -999.0 -999.0 -999 -999 "" "" "" "" 0 0 0.0 0.0 -999 ""
FIBERMAP 492 R-4C12 BOSS 1 1 0 1 0 0 -16.41742040719909 -87.553191779079 143.1 79.953626319183 -39.26624301248159 254.40483 67.58269 247.18820380166622 -26.075814365546442 -6.798307 -26.781033 7.046131 247.1884898764597 -26.075888590553813 247.25918636022732 -26.13573270029015 86.12833670144245 42.62428410611102 5400.0 5400.0 2016.0 1 408 {-999.0 17.38686 15.822655 14.288393 -999.0} sdss_psfmag_ps1 16.782476 14.967723 13.682616 10.787 63050396393495690 1035052009 bright_1x1 mwm_yso_pms_boss_sagitta_edr3_single mwm_yso science 0 0 0.9517509341239929 0.0 -999 ""
FIBERMAP 492 R-4C12 METROLOGY 0 0 0 1 0 0 -15.718582101499193 -87.25715708771584 143.1 79.85558946356464 -38.51367976184852 254.40483 67.58269 -999.0 -999.0 -999.0 -999.0 -999.0 247.18816636794293 -26.073610447361947 247.25885905321763 -26.133452860396787 86.1268166564449 42.59875104888272 -999.0 6231.0 -999.0 -1 -999 {-999.0 -999.0 -999.0 -999.0 -999.0} "" -999.0 -999.0 -999.0 -999.0 -999 -999 "" "" "" "" 0 0 0.0 0.0 -999 ""
FIBERMAP 494 R+10C13 APOGEE 0 0 0 1 0 0 98.21874150309051 186.4910128342257 143.1 -153.36371597854907 144.57393417227277 304.31204 130.24556 -999.0 -999.0 -999.0 -999.0 -999.0 246.4050217170431 -25.51617093070813 246.47389326094856 -25.578019671254864 86.07389168951653 29.37929941736536 -999.0 16600.0 -999.0 2 -999 {-999.0 -999.0 -999.0 -999.0 -999.0} "" -999.0 -999.0 -999.0 -999.0 -999 -999 "" "" "" "" 0 0 0.0 0.0 -999 ""
FIBERMAP 494 R+10C13 BOSS 1 1 0 1 0 0 98.04219011586072 185.7580922189987 143.1 -152.70488959962137 144.2075428124946 304.31204 130.24556 246.40725897803623 -25.517167430299814 -16.32196 -29.198318 8.289617 246.40718371176965 -25.517238420951553 246.4760511323326 -25.57909468742605 86.07391096569673 29.411772830416908 5400.0 5400.0 2016.0 1 103 {-999.0 nan nan nan nan} undefined 18.030573 16.118456 14.816629 12.306 63050396395024424 1059774450 bright_flexible_2x1 bhm_spiders_agn_gaiadr3 bhm_spiders science 0 0 0.0 0.0 -999 ""
FIBERMAP 494 R+10C13 METROLOGY 0 0 0 1 0 0 97.499555747659 186.28541598118434 143.1 -153.35825860159144 143.8259896627068 304.31204 130.24556 -999.0 -999.0 -999.0 -999.0 -999.0 246.4049577441428 -25.518366221775622 246.473830111501 -25.58022379444258 86.07585750762196 29.39388582379985 -999.0 6231.0 -999.0 -1 -999 {-999.0 -999.0 -999.0 -999.0 -999.0} "" -999.0 -999.0 -999.0 -999.0 -999 -999 "" "" "" "" 0 0 0.0 0.0 -999 ""
FIBERMAP 496 R-9C5 APOGEE 0 0 1 1 0 0 -99.31749104055767 -167.11312463047238 143.1 134.40034881098723 -140.44252241144252 12.469678 168.3815 -999.0 -999.0 -999.0 -999.0 -999.0 247.3719402250462 -26.382267441057692 247.4436017774823 -26.441579615510793 86.23525949495871 47.5944023380863 -999.0 16600.0 -999.0 2 268 {-999.0 -999.0 -999.0 -999.0 -999.0} "" -999.0 -999.0 -999.0 -999.0 -999 -999 "" "" "" "" 0 0 0.0 0.0 -999 ""
FIBERMAP 496 R-9C5 BOSS 1 0 1 1 0 0 -98.56442254585156 -167.14771618389082 143.1 134.63536909972711 -139.7262640742425 12.469678 168.3815 247.3297822262923 -26.400181593104257 -32.87514 -24.324066 8.176276 247.37279310280292 -26.380131453224926 247.44443712837779 -26.439451953187614 86.23324595679428 47.57893416400185 5400.0 5400.0 2016.0 1 364 {-999.0 17.724552 16.081036 14.767931 -999.0} sdss_psfmag_ps1 16.95466 15.403248 14.120531 -999.0 63050396393397064 1055535651 bright_1x1 bhm_csc_boss bhm_csc science 0 0 0.8190372586250305 0.0 -999 ""
FIBERMAP 496 R-9C5 METROLOGY 0 0 1 1 0 0 -98.9724336969036 -167.78677894159793 143.1 135.14177895587474 -140.29051102103065 12.469678 168.3815 -999.0 -999.0 -999.0 -999.0 -999.0 247.37451721724895 -26.381854609892358 247.44617001419397 -26.441167745706366 86.23331561120702 47.614131700998655 -999.0 6231.0 -999.0 -1 -999 {-999.0 -999.0 -999.0 -999.0 -999.0} "" -999.0 -999.0 -999.0 -999.0 -999 -999 "" "" "" "" 0 0 0.0 0.0 -999 ""
FIBERMAP 499 R+7C3 APOGEE 1 1 0 1 0 0 -159.67071742526895 131.97288310982054 143.1 -169.91015845808732 -118.48408799217316 297.43277 149.31349 246.34323836291787 -26.312739694614926 -4.485515 -6.3414454 1.0847292 246.34321201676048 -26.312737745555737 246.4144059838826 -26.37451835740652 86.78274580501001 35.304571462092554 16000.0 16600.0 2016.0 2 17 {-999.0 13.058765 12.461568 12.2079315 -999.0} sdss_psfmag_from_g3xp 12.910071 12.470545 11.856762 10.751 63050396393319571 1105734646 bright_flexible_2x1 mwm_tess_rgb_apogee mwm_tessrgb science 0 0 0.0 0.0 -999 ""
FIBERMAP 499 R+7C3 BOSS 0 0 0 1 0 0 -159.72336119675902 131.2486063570813 143.1 -169.22647364493514 -118.72878891028046 297.43277 149.31349 -999.0 -999.0 -999.0 -999.0 -999.0 246.34547100099388 -26.313516884075522 246.41666026956398 -26.375301877216533 86.78225281163033 35.342155259338654 -999.0 5400.0 -999.0 1 27 {-999.0 -999.0 -999.0 -999.0 -999.0} "" -999.0 -999.0 -999.0 -999.0 -999 -999 "" "" "" "" 0 0 0.0 0.0 -999 ""
FIBERMAP 499 R+7C3 METROLOGY 0 0 0 1 0 0 -160.35893201333448 131.67719748402806 143.1 -169.80961255424307 -119.2263226262869 297.43277 149.31349 -999.0 -999.0 -999.0 -999.0 -999.0 246.34346949892654 -26.315024826891573 246.41466485306103 -26.376811338500733 86.78450796264377 35.33104558420524 -999.0 6231.0 -999.0 -1 -999 {-999.0 -999.0 -999.0 -999.0 -999.0} "" -999.0 -999.0 -999.0 -999.0 -999 -999 "" "" "" "" 0 0 0.0 0.0 -999 ""
FIBERMAP 500 R-7C10 APOGEE 1 1 0 1 0 0 -8.36555366264541 -116.66384192205604 143.1 110.15600376799183 -39.30558812321445 127.83947 61.730423 247.29039592650443 -26.075943340194122 -4.016301 -4.919731 0.5450718 247.29038404125544 -26.075973541267736 247.361115896888 -26.135563493834518 86.06727573410635 43.62583264089693 16000.0 16600.0 2016.0 2 190 {-999.0 14.722392 13.4673 12.89005 -999.0} sdss_psfmag_from_g3xp 14.245953 13.393438 12.482499 10.353 63050396393497618 1107988847 bright_1x1 mwm_tess_rgb_apogee mwm_tessrgb science 0 0 0.0 0.0 -999 ""
FIBERMAP 500 R-7C10 BOSS 0 0 0 1 0 0 -7.6271033308746805 -116.52792629965788 143.1 110.22283846554653 -38.55774638567152 127.83947 61.730423 -999.0 -999.0 -999.0 -999.0 -999.0 247.29068568195964 -26.073713484434293 247.3613998764364 -26.133314255225546 86.0654386222576 43.60655405035783 -999.0 5400.0 -999.0 1 388 {-999.0 -999.0 -999.0 -999.0 -999.0} "" -999.0 -999.0 -999.0 -999.0 -999 -999 "" "" "" "" 0 0 0.0 0.0 -999 ""
FIBERMAP 500 R-7C10 METROLOGY 0 0 0 1 0 0 -7.88454572074699 -117.23530532950345 143.1 110.8353925087781 -38.995229148986475 127.83947 61.730423 -999.0 -999.0 -999.0 -999.0 -999.0 247.29276143917815 -26.07504683146027 247.36348320173624 -26.134639184618088 86.06516286974652 43.63971412212999 -999.0 6231.0 -999.0 -1 -999 {-999.0 -999.0 -999.0 -999.0 -999.0} "" -999.0 -999.0 -999.0 -999.0 -999 -999 "" "" "" "" 0 0 0.0 0.0 -999 ""
FIBERMAP 502 R+1C22 APOGEE 1 1 0 1 0 0 206.9096663936111 20.67123648289835 143.1 35.501397909640986 204.8777543548063 28.81916 91.08711 247.03932604596497 -25.335802769820578 5.889401 2.9906087 2.4329617 247.0393590183524 -25.335814262958525 247.10785536626952 -25.396203390839343 85.62280163638343 34.86362921506827 16000.0 16600.0 2016.0 2 81 {-999.0 15.047809 14.060064 13.53874 -999.0} sdss_psfmag_from_g3xp 14.710845 13.985221 13.136717 11.296 63050396393544316 1035005061 bright_1x1 mwm_yso_pms_apogee_zari18pms_single mwm_yso science 0 0 0.0 0.0 -999 ""
FIBERMAP 502 R+1C22 BOSS 0 0 0 1 0 0 207.28606645664703 20.018668186645645 143.1 36.23090782487816 205.06560947829243 28.81916 91.08711 -999.0 -999.0 -999.0 -999.0 -999.0 247.04182446159496 -25.33518980193527 247.11030948721896 -25.395586900692027 85.6210611250329 34.88334697891304 -999.0 5400.0 -999.0 1 245 {-999.0 -999.0 -999.0 -999.0 -999.0} "" -999.0 -999.0 -999.0 -999.0 -999 -999 "" "" "" "" 0 0 0.0 0.0 -999 ""
FIBERMAP 502 R+1C22 METROLOGY 0 0 0 1 0 0 206.5324703009577 20.021062508800643 143.1 36.026765743391636 204.3402194099693 28.81916 91.08711 -999.0 -999.0 -999.0 -999.0 -999.0 247.0411412875844 -25.33734874991558 247.10963531401114 -25.397743010567225 85.6231937769436 34.89234255176365 -999.0 6231.0 -999.0 -1 -999 {-999.0 -999.0 -999.0 -999.0 -999.0} "" -999.0 -999.0 -999.0 -999.0 -999 -999 "" "" "" "" 0 0 0.0 0.0 -999 ""
FIBERMAP 504 R+7C15 APOGEE 0 0 0 1 0 0 112.90895752285577 140.65237821561166 143.1 -105.2672790525172 146.44987378867162 22.718185 117.25547 -999.0 -999.0 -999.0 -999.0 -999.0 246.56625507621413 -25.511040739894767 246.6351511492644 -25.572508083298633 85.99797507698659 31.176009859769863 -999.0 16600.0 -999.0 2 -999 {-999.0 -999.0 -999.0 -999.0 -999.0} "" -999.0 -999.0 -999.0 -999.0 -999 -999 "" "" "" "" 0 0 0.0 0.0 -999 ""
FIBERMAP 504 R+7C15 BOSS 1 1 0 1 0 0 113.47856610049885 140.1736565270633 143.1 -104.65350988087147 146.87043156598241 22.718185 117.25547 246.56835463220622 -25.50963143878794 -7.659827 -25.349138 7.219369 246.56829265776156 -25.509711660786387 246.63717699161214 -25.571187506372773 85.99591565332229 31.189154954306048 5400.0 5400.0 2016.0 1 195 {-999.0 19.856085 17.705965 15.585525 -999.0} sdss_psfmag_ps1 18.809141 16.237503 14.809801 11.363 63050396393522871 1075849146 bright_1x1 mwm_erosita_stars_boss mwm_erosita science 0 0 0.0 0.0 -999 ""
FIBERMAP 504 R+7C15 METROLOGY 0 0 0 1 0 0 112.77598455665799 139.91629642188445 143.1 -104.59373553375418 146.12462019424794 22.718185 117.25547 -999.0 -999.0 -999.0 -999.0 -999.0 246.56845796900785 -25.51195215675635 246.63735125003188 -25.573423319352436 85.99777017217552 31.207184962052906 -999.0 6231.0 -999.0 -1 -999 {-999.0 -999.0 -999.0 -999.0 -999.0} "" -999.0 -999.0 -999.0 -999.0 -999 -999 "" "" "" "" 0 0 0.0 0.0 -999 ""
FIBERMAP 508 R-3C10 APOGEE 0 0 0 1 0 0 -69.11814533184528 -42.32473608248928 143.1 22.26471092373577 -77.92577835342915 185.02922 48.265858 -999.0 -999.0 -999.0 -999.0 -999.0 246.99317662113546 -26.19302975701971 247.06418291697094 -26.25329703592815 86.3317636065635 41.783243199929416 -999.0 16600.0 -999.0 2 -999 {-999.0 -999.0 -999.0 -999.0 -999.0} "" -999.0 -999.0 -999.0 -999.0 -999 -999 "" "" "" "" 0 0 0.0 0.0 -999 ""
FIBERMAP 508 R-3C10 BOSS 1 1 0 1 0 0 -68.67016498101705 -41.707443940536784 143.1 21.789980297996063 -77.32885500318748 185.02922 48.265858 246.9915988028134 -26.191254178433095 -1.0267608 -0.093753435 0.07078564 246.99159930012934 -26.191251394814213 247.06258998225348 -26.251533372669847 86.33135040274455 41.74836249974339 5400.0 5400.0 2016.0 1 494 {-999.0 19.745913 19.38289 19.077589 18.787651} sdss_psfmag_from_gdr3 19.324059 19.622381 18.305164 -999.0 63050396393480061 1059774288 dark_flexible_2x1 bhm_spiders_agn_gaiadr3 bhm_spiders science 0 0 0.0 0.0 -999 ""
FIBERMAP 508 R-3C10 METROLOGY 0 0 0 1 0 0 -68.37455837676698 -42.405832673252945 143.1 22.541995765603318 -77.23111016729735 185.02922 48.265858 -999.0 -999.0 -999.0 -999.0 -999.0 246.99414432873934 -26.19096898927247 247.0651376192925 -26.251242015027135 86.32964504005912 41.77255459760306 -999.0 6231.0 -999.0 -1 -999 {-999.0 -999.0 -999.0 -999.0 -999.0} "" -999.0 -999.0 -999.0 -999.0 -999 -999 "" "" "" "" 0 0 0.0 0.0 -999 ""
FIBERMAP 510 R-3C24 APOGEE 1 1 0 1 0 0 254.12554381778892 -43.22738079856148 143.1 109.70855887153165 233.25264387995767 120.71198 97.71642 247.28758210463673 -25.250909306939366 -6.544323 -27.317196 7.375469 247.28758305280928 -25.250994082862455 247.3558878192688 -25.31081422251574 85.42564930239996 36.614683251068186 16000.0 16600.0 2016.0 2 238 {-999.0 18.47101 16.984207 15.192559 -999.0} sdss_psfmag_ps1 17.84549 15.864494 14.533269 11.884 63050396393542909 1034958504 bright_1x1 mwm_yso_pms_apogee_sagitta_edr3_single mwm_yso science 0 0 0.0 0.0 -999 ""
FIBERMAP 510 R-3C24 BOSS 0 0 0 1 0 0 254.6992967916689 -42.73574901712406 143.1 109.38857786702684 233.93708381852252 120.71198 97.71642 -999.0 -999.0 -999.0 -999.0 -999.0 247.28652200053287 -25.24891227262341 247.35480950388308 -25.308749531675783 85.42452491242203 36.58976933887158 -999.0 5400.0 -999.0 1 348 {-999.0 -999.0 -999.0 -999.0 -999.0} "" -999.0 -999.0 -999.0 -999.0 -999 -999 "" "" "" "" 0 0 0.0 0.0 -999 ""
FIBERMAP 510 R-3C24 METROLOGY 0 0 0 1 0 0 254.82356498435334 -43.456444532853595 143.1 110.11619469278277 233.86378299232538 120.71198 97.71642 -999.0 -999.0 -999.0 -999.0 -999.0 247.28897201458417 -25.249100674163873 247.35726370916382 -25.308928060430624 85.42339110347227 36.613777115562755 -999.0 6231.0 -999.0 -1 -999 {-999.0 -999.0 -999.0 -999.0 -999.0} "" -999.0 -999.0 -999.0 -999.0 -999 -999 "" "" "" "" 0 0 0.0 0.0 -999 ""
FIBERMAP 511 R-1C13 APOGEE 1 1 0 1 0 0 -18.16751332060903 -31.519537190861698 143.1 25.500827518448478 -25.944851648492758 247.80705 110.170715 247.0045065883869 -26.035242593224115 -2.7993023 -4.654501 0.13553093 247.0045033599827 -26.03525189703884 247.07504566859302 -26.0955348515497 86.20430700582939 40.34678912656523 16000.0 16600.0 2016.0 2 180 {-999.0 15.023934 13.494559 12.739171 -999.0} sdss_psfmag_from_g3xp 14.378967 13.315748 12.298669 9.68 63050396393501014 1153043256 bright_1x1 mwm_galactic_core_dist_apogee_sparse mwm_galactic science 0 0 0.0 0.0 -999 ""
FIBERMAP 511 R-1C13 BOSS 0 0 0 1 0 0 -18.909717266786462 -31.487485915533718 143.1 25.27116443767467 -26.651323199005226 247.80705 110.170715 -999.0 -999.0 -999.0 -999.0 -999.0 247.00375020389424 -26.037402129490143 247.074288695635 -26.097697334452075 86.20641411378939 40.35941819618972 -999.0 5400.0 -999.0 1 431 {-999.0 -999.0 -999.0 -999.0 -999.0} "" -999.0 -999.0 -999.0 -999.0 -999 -999 "" "" "" "" 0 0 0.0 0.0 -999 ""
FIBERMAP 511 R-1C13 METROLOGY 0 0 0 1 0 0 -18.51169530359387 -30.85754767826377 143.1 24.770869948017463 -26.099143874951515 247.80705 110.170715 -999.0 -999.0 -999.0 -999.0 -999.0 247.00206224399196 -26.035727256040378 247.0725982091319 -26.09602381334474 86.20607195370273 40.325662313222665 -999.0 6231.0 -999.0 -1 -999 {-999.0 -999.0 -999.0 -999.0 -999.0} "" -999.0 -999.0 -999.0 -999.0 -999 -999 "" "" "" "" 0 0 0.0 0.0 -999 ""
FIBERMAP 512 R+9C8 APOGEE 1 1 0 1 0 0 -24.528822495742496 158.30340688986414 143.1 -159.0825758438625 18.76671970822183 339.37335 69.09777 246.38243771770732 -25.89705780074128 -10.963003 -24.558407 7.3008585 246.38239586429535 -25.897095246531485 246.4523759885061 -25.95889493657719 86.41437821560241 32.00469610691857 16000.0 16600.0 2016.0 2 134 {-999.0 14.532813 13.088057 12.30416 -999.0} sdss_psfmag_from_g3xp 13.939012 12.88429 11.847363 9.414 63050396393513802 1034839319 bright_1x1 mwm_yso_cluster_apogee_single mwm_yso science 0 0 0.0 0.0 -999 ""
FIBERMAP 512 R+9C8 BOSS 0 0 0 1 0 0 -25.005354408114457 157.7298653323012 143.1 -158.6576424591842 18.154006847427212 339.37335 69.09777 -999.0 -999.0 -999.0 -999.0 -999.0 246.38374474742469 -25.898942117966303 246.45372292571074 -25.96074961847867 86.41534270267333 32.036584650798034 -999.0 5400.0 -999.0 1 129 {-999.0 -999.0 -999.0 -999.0 -999.0} "" -999.0 -999.0 -999.0 -999.0 -999 -999 "" "" "" "" 0 0 0.0 0.0 -999 ""
FIBERMAP 512 R+9C8 METROLOGY 0 0 0 1 0 0 -25.26289416821316 158.4394946712955 143.1 -159.41029195080833 18.095947024735526 339.37335 69.09777 -999.0 -999.0 -999.0 -999.0 -999.0 246.3811903100245 -25.899104658236144 246.45117050513807 -25.960914914170996 86.41666783957365 32.00649608799472 -999.0 6231.0 -999.0 -1 -999 {-999.0 -999.0 -999.0 -999.0 -999.0} "" -999.0 -999.0 -999.0 -999.0 -999 -999 "" "" "" "" 0 0 0.0 0.0 -999 ""
FIBERMAP 513 R+2C25 APOGEE 0 0 0 1 0 0 259.02620541803793 29.461734723981543 143.1 40.990786410846006 257.4423454522806 228.01619 113.49062 -999.0 -999.0 -999.0 -999.0 -999.0 247.05783947844085 -25.177728360533408 247.1258790575621 -25.2381162432064 85.4814996125099 33.925578606711724 -999.0 16600.0 -999.0 2 108 {-999.0 -999.0 -999.0 -999.0 -999.0} "" -999.0 -999.0 -999.0 -999.0 -999 -999 "" "" "" "" 0 0 0.0 0.0 -999 ""
FIBERMAP 513 R+2C25 BOSS 1 1 0 1 0 0 258.33316276413285 29.697507214063915 143.1 40.57802061761776 256.8377995532225 228.01619 113.49062 247.0564270019531 -25.17951299016859 -999.0 -999.0 -999.0 247.0564705079338 -25.179518934673872 247.12450488719492 -25.23992385770043 85.48369219540993 33.92467465745267 5400.0 5400.0 2015.5 1 184 {-999.0 -999.0 -999.0 -999.0 -999.0} "" -999.0 -999.0 -999.0 -999.0 27021603175509453 814889973 "" ops_sky_boss_good ops_sky sky_boss 0 0 0.0 0.0 -999 ""
FIBERMAP 513 R+2C25 METROLOGY 0 0 0 1 0 0 258.8801563000333 30.193305266341277 143.1 40.246858765991696 257.4975747031568 228.01619 113.49062 -999.0 -999.0 -999.0 -999.0 -999.0 247.05536980960284 -25.177493215120144 247.1234009073412 -25.237897272816788 85.48252432218924 33.900117035809046 -999.0 6231.0 -999.0 -1 -999 {-999.0 -999.0 -999.0 -999.0 -999.0} "" -999.0 -999.0 -999.0 -999.0 -999 -999 "" "" "" "" 0 0 0.0 0.0 -999 ""
FIBERMAP 516 R+10C9 APOGEE 0 0 0 1 0 0 -5.480656161273393 214.08191779722358 143.1 -207.71917459759877 52.05728272701795 163.1722 46.001637 -999.0 -999.0 -999.0 -999.0 -999.0 246.2201600940427 -25.795245979411664 246.28980026783302 -25.8574578629769 86.39857105865549 29.17612847477517 -999.0 16600.0 -999.0 2 -999 {-999.0 -999.0 -999.0 -999.0 -999.0} "" -999.0 -999.0 -999.0 -999.0 -999 -999 "" "" "" "" 0 0 0.0 0.0 -999 ""
FIBERMAP 516 R+10C9 BOSS 1 1 0 1 0 0 -4.843546849828536 214.43496263737927 143.1 -207.88866915196465 52.7656438921977 163.1722 46.001637 246.21957475457165 -25.793032674623145 -2.5838661 -7.4005675 0.06937531 246.21957110161867 -25.793073791473457 246.2891976646747 -25.85529955215548 86.39692689559608 29.152259215085905 5400.0 5400.0 2016.0 1 126 {-999.0 18.08119 17.326857 16.88463 -999.0} sdss_psfmag_ps1 17.754536 17.163477 16.415726 14.715 63050396395016167 1070885231 bright_1x1 mwm_halo_distant_rrl_boss_single mwm_halo science 0 0 0.0 0.0 -999 ""
FIBERMAP 516 R+10C9 METROLOGY 0 0 0 1 0 0 -4.838730577492129 213.69795196321854 143.1 -207.1773266958784 52.5728907406818 163.1722 46.001637 -999.0 -999.0 -999.0 -999.0 -999.0 246.22190925972063 -25.79366690072769 246.29154016485666 -25.85588358732331 86.39644285963307 29.18620111903158 -999.0 6231.0 -999.0 -1 -999 {-999.0 -999.0 -999.0 -999.0 -999.0} "" -999.0 -999.0 -999.0 -999.0 -999 -999 "" "" "" "" 0 0 0.0 0.0 -999 ""
FIBERMAP 517 R+13C10 APOGEE 1 1 0 1 0 0 48.626505772379936 271.15321889802186 143.1 -248.2114403547579 119.47071123131536 163.88066 52.055843 246.0874485624162 -25.590665464755627 -1.7364885 -4.286724 0.67507726 246.08743755982462 -25.590666405188877 246.15644652609956 -25.653247795711735 86.27023325916187 26.060457271416112 16000.0 16600.0 2016.0 2 97 {-999.0 15.800165 14.192363 13.404452 -999.0} sdss_psfmag_from_g3xp 15.102188 13.985707 12.942888 10.28 63050396395022503 1106480251 bright_1x1 mwm_tess_rgb_apogee mwm_tessrgb science 0 0 0.0 0.0 -999 ""
FIBERMAP 517 R+13C10 BOSS 0 0 0 1 0 0 49.2590758956748 271.5607581774336 143.1 -248.4346517957471 120.18929446393405 163.88066 52.055843 -999.0 -999.0 -999.0 -999.0 -999.0 246.08674552167955 -25.58848755567271 246.15574135742497 -25.651083827233222 86.26854627397734 26.037450159359253 -999.0 5400.0 -999.0 1 171 {-999.0 -999.0 -999.0 -999.0 -999.0} "" -999.0 -999.0 -999.0 -999.0 -999 -999 "" "" "" "" 0 0 0.0 0.0 -999 ""
FIBERMAP 517 R+13C10 METROLOGY 0 0 0 1 0 0 49.289379035721595 270.81344524202973 143.1 -247.70655777453118 120.01833667877598 163.88066 52.055843 -999.0 -999.0 -999.0 -999.0 -999.0 246.08910531211365 -25.588994676084393 246.15810509309904 -25.65158163628372 86.26808875234913 26.070327465483842 -999.0 6231.0 -999.0 -1 -999 {-999.0 -999.0 -999.0 -999.0 -999.0} "" -999.0 -999.0 -999.0 -999.0 -999 -999 "" "" "" "" 0 0 0.0 0.0 -999 ""
FIBERMAP 519 R-5C15 APOGEE 0 0 0 1 0 0 87.72072103354732 -90.65270739118736 143.1 110.83104293553653 60.232622371454795 20.363497 131.18388 -999.0 -999.0 -999.0 -999.0 -999.0 247.2925467378628 -25.7739113253443 247.36238664949394 -25.83357793222036 85.83798616459735 40.84003245692634 -999.0 16600.0 -999.0 2 -999 {-999.0 -999.0 -999.0 -999.0 -999.0} "" -999.0 -999.0 -999.0 -999.0 -999 -999 "" "" "" "" 0 0 0.0 0.0 -999 ""
FIBERMAP 519 R-5C15 BOSS 1 1 0 1 0 0 88.35803542719901 -90.98078502994748 143.1 111.31781189077911 60.75875637331932 20.363497 131.18388 247.29429233596397 -25.772227652356328 -7.715561 -18.01687 1.7433214 247.2942557732052 -25.772273885236654 247.36408023451065 -25.831948913294422 85.83575970001493 40.841989481483324 5400.0 5400.0 2016.0 1 281 {-999.0 17.99614 16.368786 15.711735 -999.0} sdss_psfmag_ps1 17.263224 16.22821 15.2107315 12.66 63050396393504299 1075849137 bright_1x1 mwm_erosita_stars_boss mwm_erosita science 0 0 0.0 0.0 -999 ""
FIBERMAP 519 R-5C15 METROLOGY 0 0 0 1 0 0 87.74251751269045 -91.40038588512246 143.1 111.55721080861699 60.053371172131136 20.363497 131.18388 -999.0 -999.0 -999.0 -999.0 -999.0 247.2950736636919 -25.77441130564965 247.36490773548348 -25.834080379169716 85.83693193879472 40.86856734101167 -999.0 6231.0 -999.0 -1 -999 {-999.0 -999.0 -999.0 -999.0 -999.0} "" -999.0 -999.0 -999.0 -999.0 -999 -999 "" "" "" "" 0 0 0.0 0.0 -999 ""
FIBERMAP 520 R+1C14 APOGEE 1 1 0 1 0 0 4.809563920564971 26.681438109946154 143.1 -24.41734890476579 11.779719346089571 100.0027 145.30287 246.8361882494847 -25.920259775543457 -3.5655527 -6.0094886 0.09419133 246.83619092281333 -25.92027785983218 246.90635284033192 -25.98099278436222 86.20632105396913 37.47600900096404 16000.0 16600.0 2016.0 2 121 {-999.0 16.848364 15.136101 14.320336 -999.0} sdss_psfmag_ps1 16.081068 14.873892 13.794598 10.946 63050396393502746 1154246069 bright_1x1 mwm_galactic_core_dist_apogee_sparse mwm_galactic science 0 0 0.0 0.0 -999 ""
FIBERMAP 520 R+1C14 BOSS 0 0 0 1 0 0 5.165441577670357 27.340347764528826 143.1 -24.9568425954004 12.299055308394824 100.0027 145.30287 -999.0 -999.0 -999.0 -999.0 -999.0 246.83436653025214 -25.918675774369497 246.90451392457294 -25.9794069431082 86.20602058236477 37.44168693375667 -999.0 5400.0 -999.0 1 101 {-999.0 -999.0 -999.0 -999.0 -999.0} "" -999.0 -999.0 -999.0 -999.0 -999 -999 "" "" "" "" 0 0 0.0 0.0 -999 ""
FIBERMAP 520 R+1C14 METROLOGY 0 0 0 1 0 0 5.56135256560291 26.70351716250985 143.1 -24.237269122952505 12.50992271190178 100.0027 145.30287 -999.0 -999.0 -999.0 -999.0 -999.0 246.83679425818502 -25.918044509851995 246.90694303518035 -25.978766822127298 86.20421273671491 37.462567263545225 -999.0 6231.0 -999.0 -1 -999 {-999.0 -999.0 -999.0 -999.0 -999.0} "" -999.0 -999.0 -999.0 -999.0 -999 -999 "" "" "" "" 0 0 0.0 0.0 -999 ""
FIBERMAP 521 R+12C7 APOGEE 0 0 0 1 0 0 -15.94828326530197 245.27281578401886 143.1 -240.57272127095504 50.326382341530625 70.01724 110.27038 -999.0 -999.0 -999.0 -999.0 -999.0 246.11027458676566 -25.799789486133673 246.17989972833527 -25.86226048144538 86.44867533326482 27.80703276560638 -999.0 16600.0 -999.0 2 -999 {-999.0 -999.0 -999.0 -999.0 -999.0} "" -999.0 -999.0 -999.0 -999.0 -999 -999 "" "" "" "" 0 0 0.0 0.0 -999 ""
FIBERMAP 521 R+12C7 BOSS 1 1 0 1 0 0 -15.23727440678612 245.29837918390638 143.1 -240.40692041993557 51.01823076304238 70.01724 110.27038 246.11087006821154 -25.79767092770322 -3.2587438 -5.02358 0.36935434 246.11083485263745 -25.797683445818937 246.1804472737283 -25.860165553317557 86.44658464627433 27.79879518930136 5400.0 5400.0 2016.0 1 162 {-999.0 17.935844 17.042925 16.621964 -999.0} sdss_psfmag_ps1 17.60235 16.979961 16.202757 14.646 63050396395015904 981921290 "" ops_std_boss_tic ops_std standard_boss 0 0 0.0 0.0 -999 ""
FIBERMAP 521 R+12C7 METROLOGY 0 0 0 1 0 0 -15.56886822438508 244.62818996734524 143.1 -239.85005581738562 50.519269392859854 70.01724 110.27038 -999.0 -999.0 -999.0 -999.0 -999.0 246.11262868227007 -25.799199552009963 246.18224789689714 -25.86167363458013 86.44719398269434 27.8331323458699 -999.0 6231.0 -999.0 -1 -999 {-999.0 -999.0 -999.0 -999.0 -999.0} "" -999.0 -999.0 -999.0 -999.0 -999 -999 "" "" "" "" 0 0 0.0 0.0 -999 ""
FIBERMAP 522 R-4C13 APOGEE 0 0 0 1 0 0 33.30084018729329 -72.2123709479947 143.1 78.48995809811922 12.742163289186866 18.117659 125.671745 -999.0 -999.0 -999.0 -999.0 -999.0 247.18361548253316 -25.91797743461321 247.2538546571501 -25.977865014596077 86.01139430289682 41.07521174528034 -999.0 16600.0 -999.0 2 -999 {-999.0 -999.0 -999.0 -999.0 -999.0} "" -999.0 -999.0 -999.0 -999.0 -999 -999 "" "" "" "" 0 0 0.0 0.0 -999 ""
FIBERMAP 522 R-4C13 BOSS 1 1 0 1 0 0 33.91118522841877 -72.62921960190205 143.1 79.0550278383711 13.218538912253868 18.117659 125.671745 247.18554118251404 -25.91648379230356 -15.627256 -30.122135 7.108906 247.18558518864285 -25.916513069224944 247.25580986989587 -25.97640785261739 86.00915018425141 41.081252881866874 5400.0 5400.0 2016.0 1 406 {-999.0 19.038588 17.513857 15.4596 -999.0} sdss_psfmag_ps1 18.388683 16.201456 14.739707 11.899 63050396393499707 1075849136 bright_1x1 mwm_erosita_stars_boss mwm_erosita science 0 0 0.0 0.0 -999 ""
FIBERMAP 522 R-4C13 METROLOGY 0 0 0 1 0 0 33.23173538301138 -72.95716806320209 143.1 79.1890039345787 12.476107485112196 18.117659 125.671745 -999.0 -999.0 -999.0 -999.0 -999.0 247.18604090078642 -25.91877005851703 247.2562753669887 -25.97865987667014 86.01061415146324 41.1065700848759 -999.0 6231.0 -999.0 -1 -999 {-999.0 -999.0 -999.0 -999.0 -999.0} "" -999.0 -999.0 -999.0 -999.0 -999 -999 "" "" "" "" 0 0 0.0 0.0 -999 ""
FIBERMAP 525 R+2C1 APOGEE 1 1 0 1 0 0 -288.16077681441266 36.88905511665974 143.1 -112.7177165802166 -267.74053727407096 230.88199 63.718346 246.5345764160156 -26.764048724345855 -999.0 -999.0 -999.0 246.5346154772291 -26.76404189527907 246.6072006281853 -26.825246292835114 87.03141176951928 42.981479027151636 16000.0 16600.0 2015.5 2 4 {-999.0 -999.0 -999.0 -999.0 -999.0} "" -999.0 -999.0 -999.0 -999.0 27021603175502302 845949046 "" ops_sky_apogee_best ops_sky sky_apogee 0 0 0.0 0.0 -999 ""
FIBERMAP 525 R+2C1 BOSS 0 0 0 1 0 0 -288.49188959224955 37.546419897109594 143.1 -113.43971826092186 -267.8834769769445 230.88199 63.718346 -999.0 -999.0 -999.0 -999.0 -999.0 246.53219910852343 -26.764408112976287 246.6047763824837 -26.825626428468443 87.03313963548237 42.95528525900221 -999.0 5400.0 -999.0 1 4 {-999.0 -999.0 -999.0 -999.0 -999.0} "" -999.0 -999.0 -999.0 -999.0 -999 -999 "" "" "" "" 0 0 0.0 0.0 -999 ""
FIBERMAP 525 R+2C1 METROLOGY 0 0 0 1 0 0 -287.7413698491407 37.5001872864871 143.1 -113.1941653491792 -267.1727919832645 230.88199 63.718346 -999.0 -999.0 -999.0 -999.0 -999.0 246.53300420956995 -26.762344141586162 246.60557789855227 -26.823558761263104 87.0311227612236 42.938907348911755 -999.0 6231.0 -999.0 -1 -999 {-999.0 -999.0 -999.0 -999.0 -999.0} "" -999.0 -999.0 -999.0 -999.0 -999 -999 "" "" "" "" 0 0 0.0 0.0 -999 ""
FIBERMAP 526 R+6C6 APOGEE 0 0 0 1 0 0 -134.02826986513185 118.94917646408507 143.1 -150.49502326507164 -97.26771610397046 248.52042 20.266106 -999.0 -999.0 -999.0 -999.0 -999.0 246.40897634119017 -26.249048045287903 246.47999946032314 -26.310689748259236 86.69686249351875 35.52242778194466 -999.0 16600.0 -999.0 2 -999 {-999.0 -999.0 -999.0 -999.0 -999.0} "" -999.0 -999.0 -999.0 -999.0 -999 -999 "" "" "" "" 0 0 0.0 0.0 -999 ""
FIBERMAP 526 R+6C6 BOSS 1 1 0 1 0 0 -133.99893419037008 119.70964873469266 143.1 -151.21982224479726 -97.03577649576027 248.52042 20.266106 246.40610671125896 -26.24832795819497 -11.534316 -10.055331 0.13481453 246.40648584054844 -26.248350742616836 246.47749843046438 -26.31000874550059 86.69757148285044 35.48366456522467 5400.0 5400.0 2016.0 1 56 {-999.0 14.688128 13.594872 13.049426 -999.0} sdss_psfmag_from_g3xp 14.299108 13.5267515 12.655908 10.698 63050396393319930 1061913233 dark_flexible_2x1 manual_mwm_halo_vmp_wise_boss mwm_halo science 0 0 1.3064749240875244 0.0 -999 ""
FIBERMAP 526 R+6C6 METROLOGY 0 0 0 1 0 0 -133.37488445259993 119.31329968428201 143.1 -150.67083175653573 -96.54070706229196 248.52042 20.266106 -999.0 -999.0 -999.0 -999.0 -999.0 246.40832043169038 -26.246880593988998 246.47933137103394 -26.308531751828138 86.6954236522485 35.49264877236317 -999.0 6231.0 -999.0 -1 -999 {-999.0 -999.0 -999.0 -999.0 -999.0} "" -999.0 -999.0 -999.0 -999.0 -999 -999 "" "" "" "" 0 0 0.0 0.0 -999 ""
FIBERMAP 527 R0C23 APOGEE 1 1 0 1 0 0 207.45384187715146 -6.642670455858905 143.1 61.96197113517609 198.08655306021805 265.2081 150.85199 247.12801914762443 -25.356460380731704 -1.1822119 -9.019725 0.87901855 247.12803093974586 -25.356495208862093 247.1966079845448 -25.41666738175577 85.59482017013183 35.88061215065841 16000.0 16600.0 2016.0 2 84 {-999.0 15.435251 14.07882 13.355565 -999.0} sdss_psfmag_from_g3xp 14.897644 13.900812 12.907209 10.436 63050396393541402 1105134364 bright_flexible_2x1 mwm_tess_rgb_apogee mwm_tessrgb science 0 0 0.0 0.0 -999 ""
FIBERMAP 527 R0C23 BOSS 0 0 0 1 0 0 207.08930665328353 -7.295451055633475 143.1 62.493241205327884 197.56051774720896 265.2081 150.85199 -999.0 -999.0 -999.0 -999.0 -999.0 247.12983964319653 -25.35802283556163 247.19841117813485 -25.418203880901935 85.59516059566904 35.909425167369875 -999.0 5400.0 -999.0 1 257 {-999.0 -999.0 -999.0 -999.0 -999.0} "" -999.0 -999.0 -999.0 -999.0 -999 -999 "" "" "" "" 0 0 0.0 0.0 -999 ""
FIBERMAP 527 R0C23 METROLOGY 0 0 0 1 0 0 206.7134023896323 -6.629799146256683 143.1 61.75125903523259 197.3766444664476 265.2081 150.85199 -999.0 -999.0 -999.0 -999.0 -999.0 247.1273602888973 -25.358546716348787 247.19593573949305 -25.418729676117305 85.59686276119534 35.889343299818904 -999.0 6231.0 -999.0 -1 -999 {-999.0 -999.0 -999.0 -999.0 -999.0} "" -999.0 -999.0 -999.0 -999.0 -999 -999 "" "" "" "" 0 0 0.0 0.0 -999 ""
FIBERMAP 529 R-10C15 APOGEE 0 0 0 1 0 0 134.16801901807727 -206.166838472522 143.1 234.55989240957337 74.04288420109552 260.41693 125.52255 -999.0 -999.0 -999.0 -999.0 -999.0 247.70724626795604 -25.731929703514542 247.77705683811052 -25.79061626302242 85.5603543394028 44.218761090890325 -999.0 16600.0 -999.0 2 228 {-999.0 -999.0 -999.0 -999.0 -999.0} "" -999.0 -999.0 -999.0 -999.0 -999 -999 "" "" "" "" 0 0 0.0 0.0 -999 ""
FIBERMAP 529 R-10C15 BOSS 1 1 0 1 0 0 133.5061889899159 -206.49699877285067 143.1 234.70071854898194 73.31683570283386 260.41693 125.52255 247.70769089364512 -25.733893973545626 -70.90898 -83.26669 1.3523 247.70776512987854 -25.73410626678241 247.777569714268 -25.79280323544 85.56165008866951 44.24229279144379 5400.0 5400.0 2016.0 1 330 {-999.0 15.630097 14.68429 14.153855 -999.0} sdss_psfmag_from_g3xp 15.311139 14.597855 13.751184 11.894 63050396393526988 1074167935 dark_flexible_2x1 mwm_halo_local_high_boss mwm_halo science 0 0 0.9883520007133484 0.0 -999 ""
FIBERMAP 529 R-10C15 METROLOGY 0 0 0 1 0 0 133.55519881308467 -205.74896101946896 143.1 233.9931685791997 73.56439949281057 260.41693 125.52255 -999.0 -999.0 -999.0 -999.0 -999.0 247.70544043565468 -25.733350782338757 247.7752458274224 -25.79205005380747 85.56251360523119 44.21580876707333 -999.0 6231.0 -999.0 -1 -999 {-999.0 -999.0 -999.0 -999.0 -999.0} "" -999.0 -999.0 -999.0 -999.0 -999 -999 "" "" "" "" 0 0 0.0 0.0 -999 ""
FIBERMAP 530 R+6C5 APOGEE 1 1 0 1 0 0 -146.85966083426652 129.65007356809681 143.1 -164.241132113389 -106.7637475289317 167.63861 75.964066 246.36248376035695 -26.277427103128076 0.22000052 -1.6256014 0.12794295 246.36249738382367 -26.277436091661166 246.43359214162842 -26.33918045623195 86.74386378257738 35.20358432880545 16000.0 16600.0 2016.0 2 30 {-999.0 15.217927 13.685685 12.938398 -999.0} sdss_psfmag_from_g3xp 14.575834 13.520719 12.506089 10.014 63050396393319856 1153043017 bright_1x1 mwm_galactic_core_dist_apogee_sparse mwm_galactic science 0 0 0.0 0.0 -999 ""
FIBERMAP 530 R+6C5 BOSS 0 0 0 1 0 0 -146.52082202442978 130.3070808983937 143.1 -164.78335656961568 -106.2613366706891 167.63861 75.964066 -999.0 -999.0 -999.0 -999.0 -999.0 246.3606330668592 -26.275921355474107 246.43171520743056 -26.337680645984133 86.74356923715636 35.164249650587976 -999.0 5400.0 -999.0 1 50 {-999.0 -999.0 -999.0 -999.0 -999.0} "" -999.0 -999.0 -999.0 -999.0 -999 -999 "" "" "" "" 0 0 0.0 0.0 -999 ""
FIBERMAP 530 R+6C5 METROLOGY 0 0 0 1 0 0 -146.11070685327118 129.71028292996326 143.1 -164.09854712857918 -106.02606271712284 167.63861 75.964066 -999.0 -999.0 -999.0 -999.0 -999.0 246.36291611937844 -26.275245437343926 246.43399902741623 -26.336996633769118 86.74185298510169 35.18727442868237 -999.0 6231.0 -999.0 -1 -999 {-999.0 -999.0 -999.0 -999.0 -999.0} "" -999.0 -999.0 -999.0 -999.0 -999 -999 "" "" "" "" 0 0 0.0 0.0 -999 ""
FIBERMAP 531 R-4C14 APOGEE 0 0 0 1 1 0 66.75265330641318 -78.53253186070299 143.1 93.53832692842937 43.277659879928976 69.37599 24.16133 -999.0 -999.0 -999.0 -999.0 -999.0 247.2343596322204 -25.825318697270063 247.30433745598862 -25.885110276108573 85.91096401106086 40.73373404282154 -999.0 16600.0 -999.0 2 -999 {-999.0 -999.0 -999.0 -999.0 -999.0} "" -999.0 -999.0 -999.0 -999.0 -999 -999 "" "" "" "" 0 0 0.0 0.0 -999 ""
FIBERMAP 531 R-4C14 BOSS 1 0 0 1 1 0 66.83360217813977 -79.24457683181954 143.1 94.24600743130851 43.164941125758965 69.37599 24.16133 247.25830078124997 -25.922444189116092 -999.0 -999.0 -999.0 247.23681230072933 -25.825626671881903 247.30678079088307 -25.885424166019963 85.9098119958561 40.76035162667267 5400.0 5400.0 2015.5 1 270 {-999.0 -999.0 -999.0 -999.0 -999.0} "" -999.0 -999.0 -999.0 -999.0 27021603175507378 823838280 "" ops_sky_boss_good ops_sky sky_boss 0 0 0.0 0.0 -999 ""
FIBERMAP 531 R-4C14 METROLOGY 0 0 0 1 1 0 66.13748339052606 -78.95804824274194 143.1 93.78351820106377 42.5710255953255 69.37599 24.16133 -999.0 -999.0 -999.0 -999.0 -999.0 247.23526161053516 -25.827427598815778 247.30523811564126 -25.887224942420122 85.91208445906372 40.76133680117499 -999.0 6231.0 -999.0 -1 -999 {-999.0 -999.0 -999.0 -999.0 -999.0} "" -999.0 -999.0 -999.0 -999.0 -999 -999 "" "" "" "" 0 0 0.0 0.0 -999 ""
FIBERMAP 534 R-5C9 APOGEE 1 1 0 1 0 0 -68.46208062381085 -84.88534984638821 143.1 63.444268689394484 -88.69270208435965 166.8934 82.14322 247.13201421379458 -26.22585797442071 2.4197323 6.5823555 1.6973299 247.13240814302333 -26.225828171598206 247.20354601048723 -26.285754595222382 86.27349993493254 43.570147465963885 16000.0 16600.0 2016.0 2 266 {-999.0 10.450345 8.853762 8.042249 -999.0} sdss_psfmag_from_g3xp 9.76371 8.651653 7.612034 5.15 63050396393494289 1110556660 bright_1x1 mwm_tess_rgb_apogee mwm_tessrgb science 0 0 1.275303602218628 0.0 -999 ""
FIBERMAP 534 R-5C9 BOSS 0 0 0 1 0 0 -68.1918962204374 -84.19457332030942 143.1 62.851122556523386 -88.24739002266978 166.8934 82.14322 -999.0 -999.0 -999.0 -999.0 -999.0 247.1304531201127 -26.22451470519699 247.2015761448498 -26.284456494152476 86.27372559872187 43.53660075688771 -999.0 5400.0 -999.0 1 361 {-999.0 -999.0 -999.0 -999.0 -999.0} "" -999.0 -999.0 -999.0 -999.0 -999 -999 "" "" "" "" 0 0 0.0 0.0 -999 ""
FIBERMAP 534 R-5C9 METROLOGY 0 0 0 1 0 0 -67.71338204506448 -84.77579274018905 143.1 63.53924255277859 -87.94204654737752 166.8934 82.14322 -999.0 -999.0 -999.0 -999.0 -999.0 247.132786353354 -26.223600887343306 247.20391019935778 -26.283534428216164 86.2716365578082 43.55091296275913 -999.0 6231.0 -999.0 -1 -999 {-999.0 -999.0 -999.0 -999.0 -999.0} "" -999.0 -999.0 -999.0 -999.0 -999 -999 "" "" "" "" 0 0 0.0 0.0 -999 ""
FIBERMAP 536 R+4C9 APOGEE 0 0 0 1 0 0 -76.80159418229766 69.09132851862009 143.1 -87.13386469163032 -55.48766705052304 219.89365 119.76098 -999.0 -999.0 -999.0 -999.0 -999.0 246.62346320466366 -26.123703257608287 246.69417164783704 -26.184869266020044 86.48332132700179 36.94271580133369 -999.0 16600.0 -999.0 2 40 {-999.0 -999.0 -999.0 -999.0 -999.0} "" -999.0 -999.0 -999.0 -999.0 -999 -999 "" "" "" "" 0 0 0.0 0.0 -999 ""
FIBERMAP 536 R+4C9 BOSS 1 1 0 1 0 0 -77.50651469780513 69.35001766731821 143.1 -87.57189014734541 -56.0975185873396 219.89365 119.76098 246.62209298402968 -26.125514284977662 -137.51947 -19.829063 7.0138254 246.62192946238144 -26.1255664174031 246.69263441707403 -26.186746244707415 86.4856506208061 36.942409537350386 5400.0 5400.0 2016.0 1 66 {-999.0 17.189955 15.612448 14.535156 -999.0} sdss_psfmag_ps1 16.477655 15.12946 13.986433 11.58 63050396393484808 1078035289 bright_flexible_2x1 mwm_snc_ext_main_boss mwm_snc science 0 0 0.8843002915382385 0.0 -999 ""
FIBERMAP 536 R+4C9 METROLOGY 0 0 0 1 0 0 -76.9255839131472 69.82613334027461 143.1 -87.87500015698124 -55.41031905857539 219.89365 119.76098 -999.0 -999.0 -999.0 -999.0 -999.0 246.6209036177887 -26.123484188950744 246.69160460515207 -26.184663996996207 86.484503593161 36.91030520034775 -999.0 6231.0 -999.0 -1 -999 {-999.0 -999.0 -999.0 -999.0 -999.0} "" -999.0 -999.0 -999.0 -999.0 -999 -999 "" "" "" "" 0 0 0.0 0.0 -999 ""
FIBERMAP 537 R-10C13 APOGEE 0 0 0 1 0 0 98.78996179246587 -193.5131532499068 143.1 212.89375990603972 43.34790621502381 322.84476 150.65508 -999.0 -999.0 -999.0 -999.0 -999.0 247.6353051013106 -25.824924170037058 247.70537426609337 -25.883757678304512 85.67254315890567 44.426231844297035 -999.0 16600.0 -999.0 2 -999 {-999.0 -999.0 -999.0 -999.0 -999.0} "" -999.0 -999.0 -999.0 -999.0 -999 -999 "" "" "" "" 0 0 0.0 0.0 -999 ""
FIBERMAP 537 R-10C13 BOSS 1 1 0 1 0 0 99.06975619599329 -194.26037019743677 143.1 213.68858258947472 43.41733958416407 322.84476 150.65508 247.63784745171208 -25.82460988475589 -13.44513 -30.144571 0.661337 247.63802565246843 -25.824688815601437 247.70808245379033 -25.883527772402648 85.67071661568971 44.44781396650632 5400.0 5400.0 2016.0 1 378 {-999.0 16.638319 15.419 14.768505 -999.0} sdss_psfmag_ps1 16.122587 15.252929 14.321521 12.12 63050396393457065 1074642062 dark_flexible_2x1 mwm_halo_local_high_boss mwm_halo science 0 0 0.8188726305961609 0.0 -999 ""
FIBERMAP 537 R-10C13 METROLOGY 0 0 0 1 0 0 98.35133901379723 -194.11904785693764 143.1 213.3600161270909 42.763050755372305 322.84476 150.65508 -999.0 -999.0 -999.0 -999.0 -999.0 247.63696746253476 -25.826668630284484 247.70703336088593 -25.885506205814647 85.67280841172811 44.45649697425648 -999.0 6231.0 -999.0 -1 -999 {-999.0 -999.0 -999.0 -999.0 -999.0} "" -999.0 -999.0 -999.0 -999.0 -999 -999 "" "" "" "" 0 0 0.0 0.0 -999 ""
FIBERMAP 538 R+13C9 APOGEE 1 1 0 1 0 0 24.96590384772363 233.79187198785164 143.1 -218.55369468998822 86.66908613285473 299.50415 50.308956 246.18511377451304 -25.690237435404995 -10.3574 -21.212357 6.078262 246.18507474511742 -25.69029076751183 246.2543991627481 -25.752614072323183 86.32052719389611 27.964559128172482 16000.0 16600.0 2016.0 2 98 {-999.0 17.784174 15.759554 14.386592 -999.0} sdss_psfmag_ps1 16.727312 15.021771 13.765971 10.68 63050396395019079 1034989928 bright_1x1 mwm_yso_pms_apogee_zari18pms_single mwm_yso science 0 0 0.0 0.0 -999 ""
FIBERMAP 538 R+13C9 BOSS 0 0 0 1 0 0 24.221608631726294 233.92094836101404 143.1 -218.8773940171993 85.986585997093 299.50415 50.308956 -999.0 -999.0 -999.0 -999.0 -999.0 246.18394364599797 -25.692325021069262 246.2532667473614 -25.754662729574544 86.32281556725543 27.964943423971192 -999.0 5400.0 -999.0 1 172 {-999.0 -999.0 -999.0 -999.0 -999.0} "" -999.0 -999.0 -999.0 -999.0 -999 -999 "" "" "" "" 0 0 0.0 0.0 -999 ""
FIBERMAP 538 R+13C9 METROLOGY 0 0 0 1 0 0 24.7066051491256 234.48233635372196 143.1 -219.28835131495234 86.60419876298775 299.50415 50.308956 -999.0 -999.0 -999.0 -999.0 -999.0 246.18255122399174 -25.69043866702412 246.25187044031213 -25.752776710141884 86.3217084454125 27.93410503916857 -999.0 6231.0 -999.0 -1 -999 {-999.0 -999.0 -999.0 -999.0 -999.0} "" -999.0 -999.0 -999.0 -999.0 -999 -999 "" "" "" "" 0 0 0.0 0.0 -999 ""
FIBERMAP 539 R-12C10 APOGEE 0 0 0 1 0 0 34.67085254733469 -217.726683743267 143.1 219.0486212676388 -24.910972817107055 160.34099 73.53541 -999.0 -999.0 -999.0 -999.0 -999.0 247.6566403786457 -26.031607523308775 247.727326549056 -26.090333890515566 85.80765953960828 46.546969852528036 -999.0 16600.0 -999.0 2 -999 {-999.0 -999.0 -999.0 -999.0 -999.0} "" -999.0 -999.0 -999.0 -999.0 -999 -999 "" "" "" "" 0 0 0.0 0.0 -999 ""
FIBERMAP 539 R-12C10 BOSS 1 1 0 1 0 0 35.04649161011051 -217.15116287981488 143.1 218.59475888650312 -24.39493226047015 160.34099 73.53541 247.6551818847656 -26.030068820088033 -999.0 -999.0 -999.0 247.65517593929835 -26.030043341356116 247.7258447643145 -26.088784764173536 85.8075039355574 46.51911553766473 5400.0 5400.0 2015.5 1 368 {-999.0 -999.0 -999.0 -999.0 -999.0} "" -999.0 -999.0 -999.0 -999.0 27021603175506270 823838051 "" ops_sky_boss_good ops_sky sky_boss 0 0 0.0 0.0 -999 ""
FIBERMAP 539 R-12C10 METROLOGY 0 0 0 1 0 0 35.41674860204502 -217.78269528103974 143.1 219.30235705533048 -24.207361473823248 160.34099 73.53541 -999.0 -999.0 -999.0 -999.0 -999.0 247.65757950437091 -26.029474254615167 247.72825069190958 -26.088206927505322 85.8055682259183 46.534441588331674 -999.0 6231.0 -999.0 -1 -999 {-999.0 -999.0 -999.0 -999.0 -999.0} "" -999.0 -999.0 -999.0 -999.0 -999 -999 "" "" "" "" 0 0 0.0 0.0 -999 ""
FIBERMAP 540 R-12C4 APOGEE 0 0 0 1 0 0 -83.02091022538593 -241.22680926585613 143.1 210.16783134562627 -144.59186976610195 286.63593 137.22993 -999.0 -999.0 -999.0 -999.0 -999.0 247.62714560068923 -26.393723506831833 247.69890268961512 -26.452422236278522 86.07457285751931 50.02482302559565 -999.0 16600.0 -999.0 2 -999 {-999.0 -999.0 -999.0 -999.0 -999.0} "" -999.0 -999.0 -999.0 -999.0 -999 -999 "" "" "" "" 0 0 0.0 0.0 -999 ""
FIBERMAP 540 R-12C4 BOSS 1 1 0 1 0 0 -83.32685948691685 -241.90240457066497 143.1 210.73677266468252 -145.06757250951426 286.63593 137.22993 247.62908935546872 -26.395174057517465 -999.0 -999.0 -999.0 247.62907868397343 -26.395144858108935 247.70082816537808 -26.453848328952198 86.07422761517614 50.057111420117565 5400.0 5400.0 2015.5 1 426 {-999.0 -999.0 -999.0 -999.0 -999.0} "" -999.0 -999.0 -999.0 -999.0 27021603175505027 823837881 "" ops_sky_boss_good ops_sky sky_boss 0 0 0.0 0.0 -999 ""
FIBERMAP 540 R-12C4 METROLOGY 0 0 0 1 0 0 -83.76697683235555 -241.28050130214598 143.1 210.01974074820367 -145.32502728485775 286.63593 137.22993 -999.0 -999.0 -999.0 -999.0 -999.0 247.6267077717304 -26.39596474986021 247.6984626324496 -26.454670906756757 86.07635865968005 50.045602503699456 -999.0 6231.0 -999.0 -1 -999 {-999.0 -999.0 -999.0 -999.0 -999.0} "" -999.0 -999.0 -999.0 -999.0 -999 -999 "" "" "" "" 0 0 0.0 0.0 -999 ""
FIBERMAP 541 R-13C2 APOGEE 0 0 0 1 0 0 -125.54368773506546 -271.8274872919858 143.1 228.26034939982446 -193.75502830090386 312.77124 58.243427 -999.0 -999.0 -999.0 -999.0 -999.0 247.6876852153978 -26.541460761467548 247.75989850525332 -26.599974474505636 86.12883172595744 52.19706193361935 -999.0 16600.0 -999.0 2 155 {-999.0 -999.0 -999.0 -999.0 -999.0} "" -999.0 -999.0 -999.0 -999.0 -999 -999 "" "" "" "" 0 0 0.0 0.0 -999 ""
FIBERMAP 541 R-13C2 BOSS 1 1 0 1 0 0 -126.26998953350736 -271.9881727645776 143.1 228.2206322647351 -194.49779996902495 312.77124 58.243427 247.6872716794868 -26.54362750506087 -2.6691103 -6.816445 0.115189254 247.68751542248043 -26.543653258005527 247.75972269616568 -26.60217598600851 86.13035021169068 52.220791383869766 5400.0 5400.0 2016.0 1 436 {-999.0 16.11316 15.038793 14.714919 -999.0} sdss_psfmag_ps1 15.72728 15.087407 14.300459 12.617 63050396393364134 1071803991 dark_flexible_2x1 mwm_halo_mp_xp_boss mwm_halo science 0 0 0.8342273831367493 0.0 -999 ""
FIBERMAP 541 R-13C2 METROLOGY 0 0 0 1 0 0 -126.04438523179634 -271.2778745301147 143.1 227.59673861306575 -194.09020888037603 312.77124 58.243427 -999.0 -999.0 -999.0 -999.0 -999.0 247.68547671305433 -26.542488455420024 247.75768357012237 -26.601013776399324 86.13102177339925 52.19033467963044 -999.0 6231.0 -999.0 -1 -999 {-999.0 -999.0 -999.0 -999.0 -999.0} "" -999.0 -999.0 -999.0 -999.0 -999 -999 "" "" "" "" 0 0 0.0 0.0 -999 ""
FIBERMAP 542 R+1C25 APOGEE 0 0 0 1 0 0 275.5712595788779 21.190167242480832 143.1 53.39105377089985 271.16684911660616 40.625565 77.661644 -999.0 -999.0 -999.0 -999.0 -999.0 247.09925965994458 -25.136670628400765 247.16718901525383 -25.196970913267293 85.42668440005237 34.04188375503145 -999.0 16600.0 -999.0 2 -999 {-999.0 -999.0 -999.0 -999.0 -999.0} "" -999.0 -999.0 -999.0 -999.0 -999 -999 "" "" "" "" 0 0 0.0 0.0 -999 ""
FIBERMAP 542 R+1C25 BOSS 1 1 0 1 0 0 275.91931420359106 20.50956717161136 143.1 54.139978376100025 271.3198878745372 40.625565 77.661644 247.10176815285058 -25.1361354763706 -6.394975 -25.1612 7.2163463 247.10176685139933 -25.136219260816627 247.16968518868237 -25.196528121487045 85.42508975328028 34.06269591656883 5400.0 5400.0 2016.0 1 192 {-999.0 19.183971 17.467571 15.318774 -999.0} sdss_psfmag_ps1 18.471777 15.937287 14.512956 11.32 63050396393547156 1075849171 bright_1x1 mwm_erosita_stars_boss mwm_erosita science 0 0 0.0 0.0 -999 ""
FIBERMAP 542 R+1C25 METROLOGY 0 0 0 1 0 0 275.1782743695118 20.553723339206076 143.1 53.89896495587373 270.6177799037271 40.625565 77.661644 -999.0 -999.0 -999.0 -999.0 -999.0 247.1009722922561 -25.138271710529033 247.16889933769664 -25.198577814518597 85.42719806860983 34.06911314248538 -999.0 6231.0 -999.0 -1 -999 {-999.0 -999.0 -999.0 -999.0 -999.0} "" -999.0 -999.0 -999.0 -999.0 -999 -999 "" "" "" "" 0 0 0.0 0.0 -999 ""
FIBERMAP 545 R-11C6 APOGEE 1 1 0 1 0 0 -49.66481802063689 -195.238151919528 143.1 174.79508149334987 -100.13874427271614 116.497 62.732777 247.50823974609372 -26.25991249392628 -999.0 -999.0 -999.0 247.50823478992817 -26.259909918223848 247.57956471918942 -26.318929433706117 86.06244667582634 47.53652189896718 16000.0 16600.0 2015.5 2 171 {-999.0 -999.0 -999.0 -999.0 -999.0} "" -999.0 -999.0 -999.0 -999.0 27021603175505210 845949434 "" ops_sky_apogee_best ops_sky sky_apogee 0 0 0.0 0.0 -999 ""
FIBERMAP 545 R-11C6 BOSS 0 0 0 1 0 0 -48.88635553836258 -195.23589784945312 143.1 175.00140514780367 -99.38815245402458 116.497 62.732777 -999.0 -999.0 -999.0 -999.0 -999.0 247.50899472872297 -26.25765246337276 247.58030626403115 -26.31668103083684 86.06040713180344 47.51968535140793 -999.0 5400.0 -999.0 1 413 {-999.0 -999.0 -999.0 -999.0 -999.0} "" -999.0 -999.0 -999.0 -999.0 -999 -999 "" "" "" "" 0 0 0.0 0.0 -999 ""
FIBERMAP 545 R-11C6 METROLOGY 0 0 0 1 0 0 -49.27586888764886 -195.87961926939747 143.1 175.51725752140672 -99.935825933691 116.497 62.732777 -999.0 -999.0 -999.0 -999.0 -999.0 247.5107550938724 -26.259320753757624 247.58207536783436 -26.318341747729324 86.06041885415381 47.55310629480596 -999.0 6231.0 -999.0 -1 -999 {-999.0 -999.0 -999.0 -999.0 -999.0} "" -999.0 -999.0 -999.0 -999.0 -999 -999 "" "" "" "" 0 0 0.0 0.0 -999 ""
FIBERMAP 549 R+8C4 APOGEE 0 0 0 1 0 0 -117.27264033202297 159.56820076475185 143.1 -185.14064378255097 -70.2459930099837 47.179344 79.045395 -999.0 -999.0 -999.0 -999.0 -999.0 246.29281699269873 -26.16630971981364 246.363565570967 -26.228249347990285 86.68552798293976 33.22576093287546 -999.0 16600.0 -999.0 2 -999 {-999.0 -999.0 -999.0 -999.0 -999.0} "" -999.0 -999.0 -999.0 -999.0 -999 -999 "" "" "" "" 0 0 0.0 0.0 -999 ""
FIBERMAP 549 R+8C4 BOSS 1 1 0 1 0 0 -116.84049532179971 159.0202419208584 143.1 -184.49698680057784 -69.9764144563135 47.179344 79.045395 246.29467645787068 -26.16545179344292 -11.749714 -23.308386 7.208169 246.2949352196005 -26.165519857807336 246.36567462304936 -26.22746517806052 86.68385427279108 33.24616930019016 5400.0 5400.0 2016.0 1 58 {-999.0 17.2105 15.717259 14.28542 -999.0} sdss_psfmag_ps1 16.578154 14.84948 13.5881195 10.975 63050396393322389 1075848997 bright_1x1 mwm_erosita_stars_boss mwm_erosita science 0 0 0.952559232711792 0.0 -999 ""
FIBERMAP 549 R+8C4 METROLOGY 0 0 0 1 0 0 -117.56908992899717 158.88145783377263 143.1 -184.55841830077273 -70.71552922873717 47.179344 79.045395 -999.0 -999.0 -999.0 -999.0 -999.0 246.29468329976515 -26.167769364013783 246.36543136428986 -26.229711692977485 86.6858694964399 33.26374775501455 -999.0 6231.0 -999.0 -1 -999 {-999.0 -999.0 -999.0 -999.0 -999.0} "" -999.0 -999.0 -999.0 -999.0 -999 -999 "" "" "" "" 0 0 0.0 0.0 -999 ""
FIBERMAP 551 R-1C12 APOGEE 0 0 0 1 0 0 -25.78347281410275 -17.57228735099855 143.1 10.023956859399393 -29.54675083259285 312.3153 162.94762 -999.0 -999.0 -999.0 -999.0 -999.0 246.95216161755891 -26.046090024246325 247.02272311794877 -26.106494768428195 86.2423257254983 39.89578857402847 -999.0 16600.0 -999.0 2 -999 {-999.0 -999.0 -999.0 -999.0 -999.0} "" -999.0 -999.0 -999.0 -999.0 -999 -999 "" "" "" "" 0 0 0.0 0.0 -999 ""
FIBERMAP 551 R-1C12 BOSS 1 1 0 1 0 0 -25.460234796859233 -18.24001269307592 143.1 10.753831042392854 -29.41417271446903 312.3153 162.94762 246.95430673593668 -26.045621998676964 -6.929389 -29.19115 7.5909843 246.95464750058005 -26.045700625123196 247.0251986546291 -26.10611055397615 86.24063689387836 39.91860571103035 5400.0 5400.0 2016.0 1 507 {-999.0 16.021132 14.355896 13.603784 -999.0} sdss_psfmag_ps1 15.475738 14.137541 12.929443 9.762 63050396393500886 1035052011 bright_1x1 mwm_yso_pms_boss_sagitta_edr3_single mwm_yso science 0 0 1.1410658359527588 0.0 -999 ""
FIBERMAP 551 R-1C12 METROLOGY 0 0 0 1 0 0 -26.20391116710881 -18.190938955795342 143.1 10.507373783526718 -30.11750371241075 312.3153 162.94762 -999.0 -999.0 -999.0 -999.0 -999.0 246.95380660792048 -26.047840819223794 247.02436665878884 -26.10824904914546 86.24277321011824 39.93009838748037 -999.0 6231.0 -999.0 -1 -999 {-999.0 -999.0 -999.0 -999.0 -999.0} "" -999.0 -999.0 -999.0 -999.0 -999 -999 "" "" "" "" 0 0 0.0 0.0 -999 ""
FIBERMAP 553 R+3C6 APOGEE 0 0 0 1 0 0 -157.0569862712658 52.01799319026595 143.1 -92.17980032711472 -137.38024531294457 209.36542 117.17041 -999.0 -999.0 -999.0 -999.0 -999.0 246.60531267656685 -26.371792294424054 246.67675018301418 -26.432934487887337 86.69086918746606 39.24126434625879 -999.0 16600.0 -999.0 2 -999 {-999.0 -999.0 -999.0 -999.0 -999.0} "" -999.0 -999.0 -999.0 -999.0 -999 -999 "" "" "" "" 0 0 0.0 0.0 -999 ""
FIBERMAP 553 R+3C6 BOSS 1 1 0 1 0 0 -157.6708676312884 52.42922069661133 143.1 -92.74040165926347 -137.8615334140458 209.36542 117.17041 246.60339145687647 -26.373248930546833 -4.5226517 -9.2636 0.42323908 246.6033791110389 -26.373281425208305 246.67481198009614 -26.434437558700473 86.69312329569348 39.2337024182512 5400.0 5400.0 2016.0 1 40 {-999.0 16.775993 16.112432 15.839123 15.679251} sdss_psfmag_from_ps1dr2 16.587 16.1235 15.4638 14.247 63050396393481247 1040595671 "" ops_std_boss_ps1dr2 ops_std standard_boss 0 0 0.0 0.0 -999 ""
FIBERMAP 553 R+3C6 METROLOGY 0 0 0 1 0 0 -157.01071891442646 52.76455701773631 143.1 -92.88666479740283 -137.1357184371263 209.36542 117.17041 -999.0 -999.0 -999.0 -999.0 -999.0 246.60287797130016 -26.371101786006925 246.67430667378915 -26.432256943089058 86.69168744814118 39.20419623833749 -999.0 6231.0 -999.0 -1 -999 {-999.0 -999.0 -999.0 -999.0 -999.0} "" -999.0 -999.0 -999.0 -999.0 -999 -999 "" "" "" "" 0 0 0.0 0.0 -999 ""
FIBERMAP 555 R-12C1 APOGEE 1 1 0 1 0 0 -178.65664130760865 -235.95521566217602 143.1 179.47498331666776 -235.31757671501205 262.89404 20.93499 247.52334594726562 -26.66747893438047 -999.0 -999.0 -999.0 247.5232884409667 -26.667506738807923 247.59583958147664 -26.726379755829534 86.32235154755973 52.27103404731929 16000.0 16600.0 2015.5 2 249 {-999.0 -999.0 -999.0 -999.0 -999.0} "" -999.0 -999.0 -999.0 -999.0 27021603175504138 848670699 "" ops_sky_apogee_best ops_sky sky_apogee 0 0 0.0 0.0 -999 ""
FIBERMAP 555 R-12C1 BOSS 0 0 0 1 0 0 -178.8275243525613 -235.24458194028787 143.1 178.7445754113628 -235.29188052278596 262.89404 20.93499 -999.0 -999.0 -999.0 -999.0 -999.0 247.52081021954328 -26.66740103786681 247.59334849223444 -26.726288734505328 86.32401661670674 52.24797728004489 -999.0 5400.0 -999.0 1 517 {-999.0 -999.0 -999.0 -999.0 -999.0} "" -999.0 -999.0 -999.0 -999.0 -999 -999 "" "" "" "" 0 0 0.0 0.0 -999 ""
FIBERMAP 555 R-12C1 METROLOGY 0 0 0 1 0 0 -178.1149283461552 -235.43992333384088 143.1 179.12362595083212 -234.65766784456355 262.89404 20.93499 -999.0 -999.0 -999.0 -999.0 -999.0 247.52213293140045 -26.66554184888475 247.5946693357348 -26.724424418449747 86.32192311379461 52.2371214241183 -999.0 6231.0 -999.0 -1 -999 {-999.0 -999.0 -999.0 -999.0 -999.0} "" -999.0 -999.0 -999.0 -999.0 -999 -999 "" "" "" "" 0 0 0.0 0.0 -999 ""
FIBERMAP 557 R+4C13 APOGEE 0 0 0 1 0 0 7.152579331079622 89.56050790048502 143.1 -84.36891787409931 30.87790717418059 187.15288 62.0392 -999.0 -999.0 -999.0 -999.0 -999.0 246.6341757888368 -25.861576993593424 246.70411507391145 -25.922788303433794 86.26279805903002 34.69839966874679 -999.0 16600.0 -999.0 2 -999 {-999.0 -999.0 -999.0 -999.0 -999.0} "" -999.0 -999.0 -999.0 -999.0 -999 -999 "" "" "" "" 0 0 0.0 0.0 -999 ""
FIBERMAP 557 R+4C13 BOSS 1 1 0 1 0 0 7.398618682144438 90.26109283618975 143.1 -84.97798040659222 31.30258433631908 187.15288 62.0392 246.63208007812497 -25.860248284506724 -999.0 -999.0 -999.0 246.63208444868903 -25.860249631094046 246.70201069992504 -25.921477942524234 86.26275360987198 34.663089113456806 5400.0 5400.0 2015.5 1 112 {-999.0 -999.0 -999.0 -999.0 -999.0} "" -999.0 -999.0 -999.0 -999.0 27021603175507764 814889716 "" ops_sky_boss_good ops_sky sky_boss 0 0 0.0 0.0 -999 ""
FIBERMAP 557 R+4C13 METROLOGY 0 0 0 1 0 0 7.888438803070855 89.69470571819038 143.1 -84.30112211407706 31.62279274074512 187.15288 62.0392 -999.0 -999.0 -999.0 -999.0 -999.0 246.63436079714498 -25.859287027616315 246.70428722207464 -25.92050688306993 86.26081210532604 34.68101392907238 -999.0 6231.0 -999.0 -1 -999 {-999.0 -999.0 -999.0 -999.0 -999.0} "" -999.0 -999.0 -999.0 -999.0 -999 -999 "" "" "" "" 0 0 0.0 0.0 -999 ""
FIBERMAP 558 R+4C15 APOGEE 1 1 0 1 0 0 51.94949469389251 69.58829013108516 143.1 -53.12929916827395 68.68710363095778 237.47914 84.40699 246.7400562409261 -25.74718617581602 -1.53497 -5.6064825 0.13132672 246.7400761345058 -25.74720568623872 246.8097057243582 -25.80819607806559 86.11474498815068 34.931057589809484 16000.0 16600.0 2016.0 2 67 {-999.0 17.629229 15.291871 14.117005 -999.0} sdss_psfmag_ps1 16.410385 14.6769085 13.426855 9.869 63050396393519295 1156856154 bright_1x1 mwm_galactic_core_dist_apogee_extra mwm_galactic science 0 0 0.0 0.0 -999 ""
FIBERMAP 558 R+4C15 BOSS 0 0 0 1 0 0 51.361392133344964 70.01795662796395 143.1 -53.7007607101105 68.23558990703513 237.47914 84.40699 -999.0 -999.0 -999.0 -999.0 -999.0 246.73811833158516 -25.74851755028121 246.8077423006821 -25.809524344024783 86.1168319024612 34.92027608894227 -999.0 5400.0 -999.0 1 220 {-999.0 -999.0 -999.0 -999.0 -999.0} "" -999.0 -999.0 -999.0 -999.0 -999 -999 "" "" "" "" 0 0 0.0 0.0 -999 ""
FIBERMAP 558 R+4C15 METROLOGY 0 0 0 1 0 0 52.03471026651379 70.32596969744526 143.1 -53.817172859242646 68.96677461837392 237.47914 84.40699 -999.0 -999.0 -999.0 -999.0 -999.0 246.7377290313809 -25.746294376166638 246.80734893131523 -25.807299273534497 86.11517916319211 34.89766977484476 -999.0 6231.0 -999.0 -1 -999 {-999.0 -999.0 -999.0 -999.0 -999.0} "" -999.0 -999.0 -999.0 -999.0 -999 -999 "" "" "" "" 0 0 0.0 0.0 -999 ""
FIBERMAP 560 R+6C18 APOGEE 0 0 0 1 0 0 145.21930206794653 121.45872475030285 143.1 -78.12201951211848 172.43775206516653 154.25291 120.187645 -999.0 -999.0 -999.0 -999.0 -999.0 246.65788815296446 -25.432771216110307 246.72657796944736 -25.494041966289355 85.88859037979348 31.622557628413915 -999.0 16600.0 -999.0 2 -999 {-999.0 -999.0 -999.0 -999.0 -999.0} "" -999.0 -999.0 -999.0 -999.0 -999 -999 "" "" "" "" 0 0 0.0 0.0 -999 ""
FIBERMAP 560 R+6C18 BOSS 1 1 0 1 0 0 145.1656734888196 122.19485595048843 143.1 -78.84558804275325 172.5832428028578 154.25291 120.187645 246.6554260253906 -25.432239519023156 -999.0 -999.0 -999.0 246.65544622289622 -25.432257708334 246.7241252895792 -25.493547682004216 85.8892886532257 31.59245264681391 5400.0 5400.0 2015.5 1 211 {-999.0 -999.0 -999.0 -999.0 -999.0} "" -999.0 -999.0 -999.0 -999.0 27021603175508315 823838410 "" ops_sky_boss_good ops_sky sky_boss 0 0 0.0 0.0 -999 ""
FIBERMAP 560 R+6C18 METROLOGY 0 0 0 1 0 0 145.8352177469128 121.8831609565808 143.1 -78.3659703819325 173.14481553153297 154.25291 120.187645 -999.0 -999.0 -999.0 -999.0 -999.0 246.65705259397234 -25.43054647196564 246.72572950640506 -25.491829330921018 85.88707312675083 31.59768886823906 -999.0 6231.0 -999.0 -1 -999 {-999.0 -999.0 -999.0 -999.0 -999.0} "" -999.0 -999.0 -999.0 -999.0 -999 -999 "" "" "" "" 0 0 0.0 0.0 -999 ""
FIBERMAP 562 R+5C17 APOGEE 0 0 0 1 0 0 104.09947697489372 89.32517174324386 143.1 -58.17694337467406 124.21567991409071 258.24612 46.406685 -999.0 -999.0 -999.0 -999.0 -999.0 246.72396428800215 -25.57881231381779 246.79309659480202 -25.639886519388938 85.98180281411088 33.41737019885886 -999.0 16600.0 -999.0 2 -999 {-999.0 -999.0 -999.0 -999.0 -999.0} "" -999.0 -999.0 -999.0 -999.0 -999 -999 "" "" "" "" 0 0 0.0 0.0 -999 ""
FIBERMAP 562 R+5C17 BOSS 1 1 0 1 0 0 103.65831868730767 89.99497498525434 143.1 -58.940401988687825 123.97005130141878 258.24612 46.406685 246.7213439941406 -25.579477327295848 -999.0 -999.0 -999.0 246.7213714654129 -25.579476935617 246.79049617326598 -25.64056986046504 85.98363254899614 33.39428762352941 5400.0 5400.0 2015.5 1 214 {-999.0 -999.0 -999.0 -999.0 -999.0} "" -999.0 -999.0 -999.0 -999.0 27021603175508219 823838376 "" ops_sky_boss_good ops_sky sky_boss 0 0 0.0 0.0 -999 ""
FIBERMAP 562 R+5C17 METROLOGY 0 0 0 1 0 0 104.40799602921243 90.00657779687002 143.1 -58.75079463218738 124.6954147435575 258.24612 46.406685 -999.0 -999.0 -999.0 -999.0 -999.0 246.7220117792694 -25.577271983287886 246.7911327168921 -25.63836037873392 85.98145786840756 33.38437920501474 -999.0 6231.0 -999.0 -1 -999 {-999.0 -999.0 -999.0 -999.0 -999.0} "" -999.0 -999.0 -999.0 -999.0 -999 -999 "" "" "" "" 0 0 0.0 0.0 -999 ""
FIBERMAP 563 R-1C20 APOGEE 1 1 0 1 0 0 137.46619157921648 -30.27903981699427 143.1 65.98901373723368 124.3283715533129 232.28665 116.31891 247.14157104492188 -25.579477327295848 -999.0 -999.0 -999.0 247.14159744053845 -25.579449774740183 247.21083046665615 -25.639529232358754 85.76883484858361 37.73809730832113 16000.0 16600.0 2015.5 2 226 {-999.0 -999.0 -999.0 -999.0 -999.0} "" -999.0 -999.0 -999.0 -999.0 27021603175509136 845950062 "" ops_sky_apogee_best ops_sky sky_apogee 0 0 0.0 0.0 -999 ""
FIBERMAP 563 R-1C20 BOSS 0 0 0 1 0 0 136.74360522958554 -30.085769226700222 143.1 65.60928254641426 123.68397933332562 232.28665 116.31891 -999.0 -999.0 -999.0 -999.0 -999.0 247.1403654052505 -25.58132847277419 247.20959321281327 -25.6414231207309 85.77102105446853 37.74117314325292 -999.0 5400.0 -999.0 1 325 {-999.0 -999.0 -999.0 -999.0 -999.0} "" -999.0 -999.0 -999.0 -999.0 -999 -999 "" "" "" "" 0 0 0.0 0.0 -999 ""
FIBERMAP 563 R-1C20 METROLOGY 0 0 0 1 0 0 137.26688802816025 -29.553124034857042 143.1 65.23627090228273 124.33077978399618 232.28665 116.31891 -999.0 -999.0 -999.0 -999.0 -999.0 247.1391161863682 -25.579357347715895 247.2083408838622 -25.639451897381864 85.77010473231617 37.71298844277845 -999.0 6231.0 -999.0 -1 -999 {-999.0 -999.0 -999.0 -999.0 -999.0} "" -999.0 -999.0 -999.0 -999.0 -999 -999 "" "" "" "" 0 0 0.0 0.0 -999 ""
FIBERMAP 564 R+1C4 APOGEE 0 0 0 1 0 0 -201.68858099498527 0.3692266310610606 143.1 -54.37388810922085 -194.21238597749905 5.711764 32.314625 -999.0 -999.0 -999.0 -999.0 -999.0 246.73263140278502 -26.544192127765637 246.80461404790537 -26.60498497161095 86.74965831955485 42.70417481753395 -999.0 16600.0 -999.0 2 -999 {-999.0 -999.0 -999.0 -999.0 -999.0} "" -999.0 -999.0 -999.0 -999.0 -999 -999 "" "" "" "" 0 0 0.0 0.0 -999 ""
FIBERMAP 564 R+1C4 BOSS 1 1 0 1 0 0 -202.25458460024657 -0.11683939833620371 143.1 -54.057193764221736 -194.88786932855254 5.711764 32.314625 246.73370361328125 -26.54622996642398 -999.0 -999.0 -999.0 246.73368985675572 -26.546277857518827 246.8056699445159 -26.607076726276446 86.75059675142201 42.74111741708981 5400.0 5400.0 2015.5 1 63 {-999.0 -999.0 -999.0 -999.0 -999.0} "" -999.0 -999.0 -999.0 -999.0 27021603175506849 814889679 "" ops_sky_boss_good ops_sky sky_boss 0 0 0.0 0.0 -999 ""
FIBERMAP 564 R+1C4 METROLOGY 0 0 0 1 0 0 -202.39397680668745 0.618053811306968 143.1 -54.802539623024 -194.8253367520865 5.711764 32.314625 -999.0 -999.0 -999.0 -999.0 -999.0 246.73115525267158 -26.546107317223832 246.80313674034846 -26.60690968269493 86.75197479532277 42.70926259369901 -999.0 6231.0 -999.0 -1 -999 {-999.0 -999.0 -999.0 -999.0 -999.0} "" -999.0 -999.0 -999.0 -999.0 -999 -999 "" "" "" "" 0 0 0.0 0.0 -999 ""
FIBERMAP 568 R-13C13 APOGEE 1 1 0 1 0 0 123.5639282058288 -268.6775613718671 143.1 291.94402745693816 47.08444633296627 295.7367 91.39785 247.8989074915314 -25.81308988949077 -1.1307415 -1.6534044 0.40275466 247.89891463003121 -25.813037868944555 247.96900749884753 -25.871243262868795 85.49911391221059 46.535519362465834 16000.0 16600.0 2016.0 2 179 {-999.0 14.782388 13.114495 12.348032 -999.0} sdss_psfmag_from_g3xp 14.045708 12.929366 11.889784 9.267 63050396393458345 1153043282 bright_1x1 mwm_galactic_core_dist_apogee_sparse mwm_galactic science 0 0 0.0 0.0 -999 ""
FIBERMAP 568 R-13C13 BOSS 0 0 0 1 0 0 122.8966831174622 -269.00483008455336 143.1 292.08061746306737 46.35395529765795 295.7367 91.39785 -999.0 -999.0 -999.0 -999.0 -999.0 247.8993484657378 -25.815238493595537 247.96943470865403 -25.87345420786592 85.50040953563715 46.55887194266944 -999.0 5400.0 -999.0 1 430 {-999.0 -999.0 -999.0 -999.0 -999.0} "" -999.0 -999.0 -999.0 -999.0 -999 -999 "" "" "" "" 0 0 0.0 0.0 -999 ""
FIBERMAP 568 R-13C13 METROLOGY 0 0 0 1 0 0 122.9450430176319 -268.2563575267437 143.1 291.3724745244042 46.60100939081179 295.7367 91.39785 -999.0 -999.0 -999.0 -999.0 -999.0 247.89705618096727 -25.814492034296585 247.96714346594388 -25.87271005901323 85.50133668865298 46.53355435598047 -999.0 6231.0 -999.0 -1 -999 {-999.0 -999.0 -999.0 -999.0 -999.0} "" -999.0 -999.0 -999.0 -999.0 -999 -999 "" "" "" "" 0 0 0.0 0.0 -999 ""
FIBERMAP 569 R+13C1 APOGEE 1 1 0 1 0 0 -140.36617744769927 259.2504979579717 143.1 -287.361923652071 -65.79695426449247 7.2046447 153.7528 245.9505899778261 -26.149586369506427 -3.3156157 -3.5989935 0.21399905 245.9505853327755 -26.149578919526167 246.02119355897594 -26.21233376794071 86.82517555667295 28.38177418532308 16000.0 16600.0 2016.0 2 7 {-999.0 15.342565 13.660804 12.607416 -999.0} sdss_psfmag_from_g3xp 14.598678 13.263247 12.132553 9.363 63050396393327863 1153043062 bright_1x1 mwm_galactic_core_dist_apogee_sparse mwm_galactic science 0 0 0.0 0.0 -999 ""
FIBERMAP 569 R+13C1 BOSS 0 0 0 1 0 0 -139.65703729214417 258.98580786358093 143.1 -286.9169866070775 -65.18464466310746 7.2046447 153.7528 -999.0 -999.0 -999.0 -999.0 -999.0 245.95213679861368 -26.14772657648344 246.02273385110027 -26.210488801646044 86.82290027720717 28.388446814999668 -999.0 5400.0 -999.0 1 7 {-999.0 -999.0 -999.0 -999.0 -999.0} "" -999.0 -999.0 -999.0 -999.0 -999 -999 "" "" "" "" 0 0 0.0 0.0 -999 ""
FIBERMAP 569 R+13C1 METROLOGY 0 0 0 1 0 0 -140.2113039084687 258.51582265729826 143.1 -286.61264137284644 -65.84451341730956 7.2046447 153.7528 -999.0 -999.0 -999.0 -999.0 -999.0 245.95306415355782 -26.149746928013005 246.02366913316337 -26.212503420502777 86.82429621193971 28.418721787504353 -999.0 6231.0 -999.0 -1 -999 {-999.0 -999.0 -999.0 -999.0 -999.0} "" -999.0 -999.0 -999.0 -999.0 -999 -999 "" "" "" "" 0 0 0.0 0.0 -999 ""
FIBERMAP 570 R+1C20 APOGEE 1 1 0 1 0 0 149.38301807767627 5.335562617925143 143.1 34.8687902635276 145.3479517358459 294.92474 105.836426 247.03700755948543 -25.515614883644048 -2.1756947 -2.0337412 0.3362062 247.0370333373478 -25.51561918836737 247.1060549269382 -25.575965197384562 85.77229602257658 36.19470344368489 16000.0 16600.0 2016.0 2 80 {-999.0 15.298285 13.558957 12.716208 -999.0} sdss_psfmag_from_g3xp 14.51863 13.321249 12.245487 9.48 63050396393521349 1153043162 bright_1x1 mwm_galactic_core_dist_apogee_sparse mwm_galactic science 0 0 0.0 0.0 -999 ""
FIBERMAP 570 R+1C20 BOSS 0 0 0 1 0 0 148.8319674590526 4.825903243526502 143.1 35.21221981519632 144.68055542994583 294.92474 105.836426 -999.0 -999.0 -999.0 -999.0 -999.0 247.0382124306553 -25.517564023942104 247.1072299241406 -25.57791968813241 85.77329127396617 36.22167560498167 -999.0 5400.0 -999.0 1 242 {-999.0 -999.0 -999.0 -999.0 -999.0} "" -999.0 -999.0 -999.0 -999.0 -999 -999 "" "" "" "" 0 0 0.0 0.0 -999 ""
FIBERMAP 570 R+1C20 METROLOGY 0 0 0 1 0 0 148.66087898194218 5.542618395080849 143.1 34.47589790415159 144.70768249097398 294.92474 105.836426 -999.0 -999.0 -999.0 -999.0 -999.0 247.03573911834357 -25.5174638702104 247.10475860101758 -25.57782177405308 85.77448765691047 36.19611779606504 -999.0 6231.0 -999.0 -1 -999 {-999.0 -999.0 -999.0 -999.0 -999.0} "" -999.0 -999.0 -999.0 -999.0 -999 -999 "" "" "" "" 0 0 0.0 0.0 -999 ""
FIBERMAP 571 R+11C2 APOGEE 0 0 0 1 0 0 -159.83209196336884 226.65698832670154 143.1 -261.17415737950915 -93.2803561558554 183.05904 62.033054 -999.0 -999.0 -999.0 -999.0 -999.0 246.03734683562348 -26.233553440155713 246.10822548855595 -26.296080343644476 86.861406973418 30.353976314727333 -999.0 16600.0 -999.0 2 -999 {-999.0 -999.0 -999.0 -999.0 -999.0} "" -999.0 -999.0 -999.0 -999.0 -999 -999 "" "" "" "" 0 0 0.0 0.0 -999 ""
FIBERMAP 571 R+11C2 BOSS 1 1 0 1 0 0 -159.43765181651833 227.36932344157307 143.1 -261.7547941745214 -92.7095593128124 183.05904 62.033054 246.03506755167666 -26.231762766233533 -1.9346323 -6.21247 0.08305565 246.03544234180583 -26.23179235349844 246.10630883642716 -26.294334478659316 86.8607340762178 30.310961081881487 5400.0 5400.0 2016.0 1 17 {-999.0 15.397002 14.174653 13.576394 -999.0} sdss_psfmag_from_g3xp 14.937035 14.082459 13.171057 11.008 63050396393325635 1071861507 dark_flexible_2x1 mwm_halo_mp_xp_boss mwm_halo science 0 0 1.1489274501800537 0.0 -999 ""
FIBERMAP 571 R+11C2 METROLOGY 0 0 0 1 0 0 -159.08739234015303 226.72713594232982 143.1 -261.0422865727935 -92.54410832890488 183.05904 62.033054 -999.0 -999.0 -999.0 -999.0 -999.0 246.03776773952703 -26.231339847642126 246.10863535308988 -26.29387368879573 86.85930580023705 30.339958773792887 -999.0 6231.0 -999.0 -1 -999 {-999.0 -999.0 -999.0 -999.0 -999.0} "" -999.0 -999.0 -999.0 -999.0 -999 -999 "" "" "" "" 0 0 0.0 0.0 -999 ""
FIBERMAP 573 R-6C13 APOGEE 0 0 0 1 0 0 54.827224566722734 -114.3410678683796 143.1 124.84308639546902 22.197850960018673 346.56482 139.91998 -999.0 -999.0 -999.0 -999.0 -999.0 247.33983073835242 -25.88931109542491 247.41002214412777 -25.948833527740085 85.89840371198498 42.32653450915927 -999.0 16600.0 -999.0 2 -999 {-999.0 -999.0 -999.0 -999.0 -999.0} "" -999.0 -999.0 -999.0 -999.0 -999 -999 "" "" "" "" 0 0 0.0 0.0 -999 ""
FIBERMAP 573 R-6C13 BOSS 1 1 0 1 0 0 55.270593575650636 -114.91882180703308 143.1 125.51845475485031 22.47026295672357 346.56482 139.91998 247.34197038536252 -25.88847805618982 -1.6048412 -1.9632293 0.20774426 247.34218452175134 -25.888461180899576 247.41236275912456 -25.947989848035476 85.89638772833187 42.34104148658662 5400.0 5400.0 2016.0 1 393 {-999.0 16.824915 15.496368 14.926558 -999.0} sdss_psfmag_ps1 16.27805 15.398535 14.467638 12.284 63050396393499981 933606551 dark_1x1 openfibertargets_nov2020_29 open_fiber science 0 0 0.7726998329162598 0.0 -999 ""
FIBERMAP 573 R-6C13 METROLOGY 0 0 0 1 0 0 54.53109332959694 -115.0279481397475 143.1 125.42552946022272 21.72858467242341 346.56482 139.91998 -999.0 -999.0 -999.0 -999.0 -999.0 247.34188538310548 -25.89071304771399 247.41207337897515 -25.950238518337244 85.89825706410545 42.35888559235019 -999.0 6231.0 -999.0 -1 -999 {-999.0 -999.0 -999.0 -999.0 -999.0} "" -999.0 -999.0 -999.0 -999.0 -999 -999 "" "" "" "" 0 0 0.0 0.0 -999 ""
FIBERMAP 574 R-2C2 APOGEE 0 0 1 1 0 0 -244.9681546261234 -31.02326979516818 143.1 -35.72120693755496 -244.31673115489448 8.838221 170.67711 -999.0 -999.0 -999.0 -999.0 -999.0 246.79534427557536 -26.695342164898676 246.8677938026159 -26.755944924177566 86.822028762962 45.27299691424702 -999.0 16600.0 -999.0 2 -999 {-999.0 -999.0 -999.0 -999.0 -999.0} "" -999.0 -999.0 -999.0 -999.0 -999 -999 "" "" "" "" 0 0 0.0 0.0 -999 ""
FIBERMAP 574 R-2C2 BOSS 1 0 1 1 0 0 -244.15156909611824 -31.11187112520527 143.1 -35.41714068524334 -243.55374450522876 8.838221 170.67711 246.80485840577103 -26.675714163462086 -5.6680984 2.7752151 0.32948288 246.79638646137496 -26.69306629695988 246.8688201860283 -26.75367575123106 86.81976111168011 45.256402936839095 5400.0 5400.0 2016.0 1 513 {-999.0 17.497139 16.87514 16.598314 16.430555} sdss_psfmag_from_ps1dr2 17.2656 16.8728 16.1911 15.005 63050396393186568 1040595106 "" ops_std_boss_ps1dr2 ops_std standard_boss 0 0 0.0 0.0 -999 ""
FIBERMAP 574 R-2C2 METROLOGY 0 0 1 1 0 0 -244.6326478788809 -31.691800601751428 143.1 -34.987270823355814 -244.17254879596175 8.838221 170.67711 -999.0 -999.0 -999.0 -999.0 -999.0 246.79782760706388 -26.694975941238045 246.87027003680475 -26.75557901741939 86.82022721582501 45.297038172795396 -999.0 6231.0 -999.0 -1 -999 {-999.0 -999.0 -999.0 -999.0 -999.0} "" -999.0 -999.0 -999.0 -999.0 -999 -999 "" "" "" "" 0 0 0.0 0.0 -999 ""
FIBERMAP 576 R+4C19 APOGEE 1 1 0 1 0 0 140.20430672939483 79.96866310759067 143.1 -39.49273313146124 156.4939281628059 198.98329 87.64715 246.7872619628906 -25.48129874072015 -999.0 -999.0 -999.0 246.7872615909332 -25.48130529798807 246.85612398026535 -25.542255298455906 85.86890027685452 33.360798099672536 16000.0 16600.0 2015.5 2 65 {-999.0 -999.0 -999.0 -999.0 -999.0} "" -999.0 -999.0 -999.0 -999.0 27021603175508284 845949886 "" ops_sky_apogee_best ops_sky sky_apogee 0 0 0.0 0.0 -999 ""
FIBERMAP 576 R+4C19 BOSS 0 0 0 1 0 0 140.02714319407815 80.69602382329298 143.1 -40.24093829661793 156.51805357423027 198.98329 87.64715 -999.0 -999.0 -999.0 -999.0 -999.0 246.7847402439882 -25.481149070774745 246.85359243606854 -25.542118218818686 85.87000121064523 33.332948455621704 -999.0 5400.0 -999.0 1 217 {-999.0 -999.0 -999.0 -999.0 -999.0} "" -999.0 -999.0 -999.0 -999.0 -999 -999 "" "" "" "" 0 0 0.0 0.0 -999 ""
FIBERMAP 576 R+4C19 METROLOGY 0 0 0 1 0 0 140.7449596232771 80.4943699692952 143.1 -39.85440800839502 157.1556050605677 198.98329 87.64715 -999.0 -999.0 -999.0 -999.0 -999.0 246.78604031173734 -25.47920949080937 246.85488973323254 -25.54017236114215 85.86773088039678 33.33231542795278 -999.0 6231.0 -999.0 -1 -999 {-999.0 -999.0 -999.0 -999.0 -999.0} "" -999.0 -999.0 -999.0 -999.0 -999 -999 "" "" "" "" 0 0 0.0 0.0 -999 ""
FIBERMAP 578 R+9C13 APOGEE 1 1 0 1 0 0 94.06733097754405 163.3959713668714 143.1 -132.22530861762775 134.38883756991518 8.165154 64.50031 246.47552490234372 -25.547172868002377 -999.0 -999.0 -999.0 246.47554084919915 -25.547212490833992 246.54452031904066 -25.60888548880469 86.07013035684696 30.41112204861969 16000.0 16600.0 2015.5 2 92 {-999.0 -999.0 -999.0 -999.0 -999.0} "" -999.0 -999.0 -999.0 -999.0 27021603175551226 845954392 "" ops_sky_apogee_best ops_sky sky_apogee 0 0 0.0 0.0 -999 ""
FIBERMAP 578 R+9C13 BOSS 0 0 0 1 0 0 93.8826279738802 162.64471879357507 143.1 -131.55100406553132 134.00968292057604 8.165154 64.50031 -999.0 -999.0 -999.0 -999.0 -999.0 246.47775287116497 -25.548311243631254 246.54672806353312 -25.609991525830953 86.07011603508572 30.444351788929282 -999.0 5400.0 -999.0 1 159 {-999.0 -999.0 -999.0 -999.0 -999.0} "" -999.0 -999.0 -999.0 -999.0 -999 -999 "" "" "" "" 0 0 0.0 0.0 -999 ""
FIBERMAP 578 R+9C13 METROLOGY 0 0 0 1 0 0 93.33833633425128 163.21535096438126 143.1 -132.24654122027496 133.63813239122163 8.165154 64.50031 -999.0 -999.0 -999.0 -999.0 -999.0 246.47538907117843 -25.549412636272006 246.54436917845987 -25.61109459332848 86.07212176484325 30.42521943790024 -999.0 6231.0 -999.0 -1 -999 {-999.0 -999.0 -999.0 -999.0 -999.0} "" -999.0 -999.0 -999.0 -999.0 -999 -999 "" "" "" "" 0 0 0.0 0.0 -999 ""
FIBERMAP 579 R+10C17 APOGEE 1 1 0 1 0 0 193.24712043090446 207.92281436619854 143.1 -148.5601810729253 241.86646348567723 93.069626 58.906822 246.4243061865162 -25.22307439083513 -3.0439262 -5.094328 0.9635318 246.42427787685193 -25.223104114717554 246.49230167007613 -25.28498623728498 85.80635715060484 27.673381258246536 16000.0 16600.0 2016.0 2 103 {-999.0 15.36805 13.764375 12.961862 -999.0} sdss_psfmag_from_g3xp 14.67427 13.54503 12.495911 9.852 63050396395028766 1103834287 bright_1x1 mwm_tess_rgb_apogee mwm_tessrgb science 0 0 0.0 0.0 -999 ""
FIBERMAP 579 R+10C17 BOSS 0 0 0 1 0 0 193.92931366070096 207.59304489095774 143.1 -148.05976228508254 242.4353816350587 93.069626 58.906822 -999.0 -999.0 -999.0 -999.0 -999.0 246.42598844724336 -25.22140787624647 246.49399991157247 -25.283300454386037 85.8041612291618 27.681783307978094 -999.0 5400.0 -999.0 1 177 {-999.0 -999.0 -999.0 -999.0 -999.0} "" -999.0 -999.0 -999.0 -999.0 -999 -999 "" "" "" "" 0 0 0.0 0.0 -999 ""
FIBERMAP 579 R+10C17 METROLOGY 0 0 0 1 0 0 193.29848275737285 207.17471493323947 143.1 -147.82568904947874 241.7155839429484 93.069626 58.906822 -999.0 -999.0 -999.0 -999.0 -999.0 246.42670771257653 -25.223524081021534 246.4947277037562 -25.28541039233776 85.80575027810099 27.70278301893285 -999.0 6231.0 -999.0 -1 -999 {-999.0 -999.0 -999.0 -999.0 -999.0} "" -999.0 -999.0 -999.0 -999.0 -999 -999 "" "" "" "" 0 0 0.0 0.0 -999 ""
FIBERMAP 583 R+3C18 APOGEE 1 1 0 1 0 0 138.69968108422472 66.87797948980679 143.1 -27.283859910712764 151.5382660385604 61.971844 80.118195 246.82819349941562 -25.496383577371578 -3.9749336 -2.6569343 0.060812235 246.82820822032767 -25.496399783292127 246.89712445279588 -25.55724827855999 85.86169077237867 33.90527540707541 16000.0 16600.0 2016.0 2 70 {-999.0 17.604252 15.259142 13.962607 -999.0} sdss_psfmag_ps1 16.369495 14.537046 13.256527 9.614 63050396393523248 1154246055 bright_1x1 mwm_galactic_core_dist_apogee_sparse mwm_galactic science 0 0 0.0 0.0 -999 ""
FIBERMAP 583 R+3C18 BOSS 0 0 0 1 0 0 139.29308646610812 66.41901699627616 143.1 -26.68275370013188 151.98704228445604 61.971844 80.118195 -999.0 -999.0 -999.0 -999.0 -999.0 246.83023060156177 -25.49496945954244 246.89913382462635 -25.555826587758986 85.8595145821842 33.91574891188492 -999.0 5400.0 -999.0 1 226 {-999.0 -999.0 -999.0 -999.0 -999.0} "" -999.0 -999.0 -999.0 -999.0 -999 -999 "" "" "" "" 0 0 0.0 0.0 -999 ""
FIBERMAP 583 R+3C18 METROLOGY 0 0 0 1 0 0 138.60499385401704 66.13591269611818 143.1 -26.594296257144347 151.24829481581395 61.971844 80.118195 -999.0 -999.0 -999.0 -999.0 -999.0 246.8305124087219 -25.497190975976054 246.89942483005484 -25.558043126295544 85.86123671747322 33.93541908580704 -999.0 6231.0 -999.0 -1 -999 {-999.0 -999.0 -999.0 -999.0 -999.0} "" -999.0 -999.0 -999.0 -999.0 -999 -999 "" "" "" "" 0 0 0.0 0.0 -999 ""
FIBERMAP 584 R+9C4 APOGEE 0 0 0 1 0 0 -124.34391433787408 161.23526581964123 143.1 -188.64062773745422 -76.61212672346362 268.3615 114.556175 -999.0 -999.0 -999.0 -999.0 -999.0 246.28092255007422 -26.18549070126035 246.35172452589984 -26.247453370384147 86.70743575979738 33.248051123190066 -999.0 16600.0 -999.0 2 -999 {-999.0 -999.0 -999.0 -999.0 -999.0} "" -999.0 -999.0 -999.0 -999.0 -999 -999 "" "" "" "" 0 0 0.0 0.0 -999 ""
FIBERMAP 584 R+9C4 BOSS 1 1 0 1 0 0 -125.03066349334863 160.91184760369208 143.1 -188.51297115173767 -77.36037713498257 268.3615 114.556175 246.28136511211062 -26.18777468441862 -25.123373 -14.573549 0.26758716 246.28128919386597 -26.187769232043248 246.3520906266707 -26.2497408364888 86.70919309265261 33.274186976655244 5400.0 5400.0 2016.0 1 15 {-999.0 17.884748 17.232922 16.921757 16.722845} sdss_psfmag_from_ps1dr2 17.6425 17.2171 16.5031 15.276 63050396393321927 1040595439 "" ops_std_boss_ps1dr2 ops_std standard_boss 0 0 0.0 0.0 -999 ""
FIBERMAP 584 R+9C4 METROLOGY 0 0 0 1 0 0 -124.94476330580332 161.68077534202484 143.1 -189.23076666817147 -77.07167738966385 268.3615 114.556175 -999.0 -999.0 -999.0 -999.0 -999.0 246.2788493799264 -26.18688863357911 246.3496496654535 -26.248863311210442 86.70962202622833 33.23378222866779 -999.0 6231.0 -999.0 -1 -999 {-999.0 -999.0 -999.0 -999.0 -999.0} "" -999.0 -999.0 -999.0 -999.0 -999 -999 "" "" "" "" 0 0 0.0 0.0 -999 ""
FIBERMAP 585 R+12C4 APOGEE 0 0 0 1 0 0 -80.12943371104963 245.21473198860565 143.1 -257.70637229759484 -11.522725542265405 71.16807 97.76711 -999.0 -999.0 -999.0 -999.0 -999.0 246.0510672517921 -25.9864855572921 246.12122356640123 -26.049046479713006 86.6388619869093 28.450016555103048 -999.0 16600.0 -999.0 2 -999 {-999.0 -999.0 -999.0 -999.0 -999.0} "" -999.0 -999.0 -999.0 -999.0 -999 -999 "" "" "" "" 0 0 0.0 0.0 -999 ""
FIBERMAP 585 R+12C4 BOSS 1 1 0 1 0 0 -79.43236507413901 245.10992170322004 143.1 -257.41870013499374 -10.879225369784558 71.16807 97.76711 246.05210502866507 -25.98453916390586 -6.8876824 0.89560205 0.42904714 246.05204359851248 -25.984536297553525 246.12218795089643 -26.047106600356273 86.63674150317244 28.447768794370802 5400.0 5400.0 2016.0 1 98 {-999.0 17.218023 16.31782 15.891645 -999.0} sdss_psfmag_ps1 16.890303 16.222431 15.431683 13.766 63050396393331786 980297138 "" ops_std_boss_red ops_std standard_boss 0 0 0.0 0.0 -999 ""
FIBERMAP 585 R+12C4 METROLOGY 0 0 0 1 0 0 -79.88929454552998 244.50633139714654 143.1 -256.9595670025941 -11.481100745425504 71.16807 97.76711 -999.0 -999.0 -999.0 -999.0 -999.0 246.05350462128092 -25.98637519901993 246.12365659102477 -26.048938378240692 86.63775210668528 28.48218357438435 -999.0 6231.0 -999.0 -1 -999 {-999.0 -999.0 -999.0 -999.0 -999.0} "" -999.0 -999.0 -999.0 -999.0 -999 -999 "" "" "" "" 0 0 0.0 0.0 -999 ""
FIBERMAP 586 R-5C20 APOGEE 1 1 0 1 0 0 186.06310053086028 -109.7301657780427 143.1 155.5496894076799 149.86835585293863 253.41774 115.36492 247.44189030230058 -25.502645202105434 2.5214777 -3.338458 0.161171 247.44188899263565 -25.50263586543028 247.5109650938349 -25.562019292823873 85.54264894507362 39.95233596784817 16000.0 16600.0 2016.0 2 224 {-999.0 15.993154 14.141393 13.17407 -999.0} sdss_psfmag_from_g3xp 15.137083 13.801399 12.672224 9.646 63050396393532309 1153043229 bright_1x1 mwm_galactic_core_dist_apogee_sparse mwm_galactic science 0 0 0.0 0.0 -999 ""
FIBERMAP 586 R-5C20 BOSS 0 0 0 1 0 0 185.3293646681401 -109.85092684524489 143.1 155.46951714800508 149.12911497807124 253.41774 115.36492 -999.0 -999.0 -999.0 -999.0 -999.0 247.4416796229429 -25.50482330546006 247.51075056431 -25.56421971617205 85.54449137680403 39.96801798563496 -999.0 5400.0 -999.0 1 322 {-999.0 -999.0 -999.0 -999.0 -999.0} "" -999.0 -999.0 -999.0 -999.0 -999 -999 "" "" "" "" 0 0 0.0 0.0 -999 ""
FIBERMAP 586 R-5C20 METROLOGY 0 0 0 1 0 0 185.60559112625705 -109.1300902186249 143.1 154.8490286850055 149.58829907396893 253.41774 115.36492 -999.0 -999.0 -999.0 -999.0 -999.0 247.4396193734581 -25.503414418310456 247.50868899069462 -25.562812431927654 85.54454769745608 39.938005281966184 -999.0 6231.0 -999.0 -1 -999 {-999.0 -999.0 -999.0 -999.0 -999.0} "" -999.0 -999.0 -999.0 -999.0 -999 -999 "" "" "" "" 0 0 0.0 0.0 -999 ""
FIBERMAP 590 R+11C14 APOGEE 1 1 0 1 0 0 119.45772495741726 223.33203776845517 143.1 -183.16875289641723 174.90316043018615 88.37007 137.22308 246.30645272720352 -25.424293923651465 0.049909946 -4.061098 0.20646702 246.3064258564431 -25.424290449786405 246.37500546490992 -25.486397828568943 86.0339059572209 27.613946222693244 16000.0 16600.0 2016.0 2 55 {-999.0 17.741476 15.593562 14.694179 -999.0} sdss_psfmag_ps1 16.712845 15.254159 14.083589 10.837 63050396395025068 1154246378 bright_1x1 mwm_galactic_core_dist_apogee_sparse mwm_galactic science 0 0 0.0 0.0 -999 ""
FIBERMAP 590 R+11C14 BOSS 0 0 0 1 0 0 119.94268007247048 223.90862262646056 143.1 -183.5943622818007 175.52480347811232 88.37007 137.22308 -999.0 -999.0 -999.0 -999.0 -999.0 246.30502549757793 -25.422389407937956 246.37359183850424 -25.48451391280592 86.03279515644151 27.58523885004189 -999.0 5400.0 -999.0 1 92 {-999.0 -999.0 -999.0 -999.0 -999.0} "" -999.0 -999.0 -999.0 -999.0 -999 -999 "" "" "" "" 0 0 0.0 0.0 -999 ""
FIBERMAP 590 R+11C14 METROLOGY 0 0 0 1 0 0 120.1930751594589 223.19697220344537 143.1 -182.84167918753164 175.5754386573571 88.37007 137.22308 -999.0 -999.0 -999.0 -999.0 -999.0 246.30750074449256 -25.422216567005954 246.37606928196954 -25.48433148308531 86.03162843751274 27.612937695744847 -999.0 6231.0 -999.0 -1 -999 {-999.0 -999.0 -999.0 -999.0 -999.0} "" -999.0 -999.0 -999.0 -999.0 -999 -999 "" "" "" "" 0 0 0.0 0.0 -999 ""
FIBERMAP 591 R+11C1 APOGEE 1 1 0 1 0 0 -188.8668101812198 214.01408917857478 143.1 -256.77006269551373 -124.63919335271092 236.81361 44.87442 246.05144294948963 -26.328378802296726 -11.171421 -3.27185 2.680763 246.05143905372316 -26.328387753932336 246.12260103021777 -26.3908557660023 86.93697450678515 31.438013858603995 16000.0 16600.0 2016.0 2 9 {-999.0 12.213544 11.260237 10.844042 -999.0} sdss_psfmag_from_g3xp 11.90188 11.253467 10.469914 8.873 63050396393318027 1110170162 bright_1x1 mwm_tess_rgb_apogee mwm_tessrgb science 0 0 0.0 0.0 -999 ""
FIBERMAP 591 R+11C1 BOSS 0 0 0 1 0 0 -188.99352117716555 214.7479224239194 143.1 -257.5109909578597 -124.56472730510066 236.81361 44.87442 -999.0 -999.0 -999.0 -999.0 -999.0 246.04899727146756 -26.32811160442771 246.12015125619666 -26.390595351037355 86.93786709762476 31.40017543022202 -999.0 5400.0 -999.0 1 9 {-999.0 -999.0 -999.0 -999.0 -999.0} "" -999.0 -999.0 -999.0 -999.0 -999 -999 "" "" "" "" 0 0 0.0 0.0 -999 ""
FIBERMAP 591 R+11C1 METROLOGY 0 0 0 1 0 0 -188.3045948452225 214.50412129429867 143.1 -257.0915926670551 -123.96629746951432 236.81361 44.87442 -999.0 -999.0 -999.0 -999.0 -999.0 246.05035015202708 -26.326350618638685 246.1215011518617 -26.388828841080546 86.93573110899499 31.402844019816314 -999.0 6231.0 -999.0 -1 -999 {-999.0 -999.0 -999.0 -999.0 -999.0} "" -999.0 -999.0 -999.0 -999.0 -999 -999 "" "" "" "" 0 0 0.0 0.0 -999 ""
FIBERMAP 593 R-1C22 APOGEE 1 1 0 1 0 0 174.61546892427276 -4.279031513225037 143.1 50.889701204689814 167.08238480499946 209.60933 23.45891 247.09087545743355 -25.449960981532318 -3.1027882 -11.604921 2.56532 247.09089730076863 -25.45001052534915 247.15973931164035 -25.51024590974037 85.69068198681529 36.222722482137215 16000.0 16600.0 2016.0 2 205 {-999.0 14.034198 13.159971 12.694559 -999.0} sdss_psfmag_from_g3xp 13.754739 13.104661 12.305782 10.614 63050396393540758 1034936014 bright_1x1 mwm_yso_pms_apogee_sagitta_edr3_single mwm_yso science 0 0 0.0 0.0 -999 ""
FIBERMAP 593 R-1C22 BOSS 0 0 0 1 0 0 175.0779186494361 -3.6899189206770444 143.1 50.44599471151847 167.68570095634334 209.60933 23.45891 -999.0 -999.0 -999.0 -999.0 -999.0 247.089439323978 -25.448110153927313 247.15826518977815 -25.508362784922543 85.68989933855855 36.1938621766169 -999.0 5400.0 -999.0 1 289 {-999.0 -999.0 -999.0 -999.0 -999.0} "" -999.0 -999.0 -999.0 -999.0 -999 -999 "" "" "" "" 0 0 0.0 0.0 -999 ""
FIBERMAP 593 R-1C22 METROLOGY 0 0 0 1 0 0 175.34984982825122 -4.38921076023461 143.1 51.19253927325906 167.7603944807794 209.60933 23.45891 -999.0 -999.0 -999.0 -999.0 -999.0 247.09194976417666 -25.447872397305748 247.1607784107988 -25.50811535220548 85.68839825684879 36.2167230728262 -999.0 6231.0 -999.0 -1 -999 {-999.0 -999.0 -999.0 -999.0 -999.0} "" -999.0 -999.0 -999.0 -999.0 -999 -999 "" "" "" "" 0 0 0.0 0.0 -999 ""
FIBERMAP 595 R-3C1 APOGEE 1 1 0 1 0 0 -258.2936575874842 -77.76076541952742 143.1 5.737774612993395 -269.67250140597395 316.23615 59.55252 246.9355773925781 -26.77188230169604 -999.0 -999.0 -999.0 246.93555467230152 -26.771896021423206 247.0082696727983 -26.83214412772615 86.78640572107021 47.826530106002565 16000.0 16600.0 2015.5 2 271 {-999.0 -999.0 -999.0 -999.0 -999.0} "" -999.0 -999.0 -999.0 -999.0 27021603175499614 848670468 "" ops_sky_apogee_best ops_sky sky_apogee 0 0 0.0 0.0 -999 ""
FIBERMAP 595 R-3C1 BOSS 0 0 0 1 0 0 -259.0157677886583 -77.97387352758619 143.1 5.749685247445608 -270.4252751280114 316.23615 59.55252 -999.0 -999.0 -999.0 -999.0 -999.0 246.93559786357807 -26.77413805676486 247.00830978227248 -26.834393723065986 86.78792564027746 47.856128682656276 -999.0 5400.0 -999.0 1 443 {-999.0 -999.0 -999.0 -999.0 -999.0} "" -999.0 -999.0 -999.0 -999.0 -999 -999 "" "" "" "" 0 0 0.0 0.0 -999 ""
FIBERMAP 595 R-3C1 METROLOGY 0 0 0 1 0 0 -258.82140409902723 -77.23951541905933 143.1 5.09424461680521 -270.0413379957362 316.23615 59.55252 -999.0 -999.0 -999.0 -999.0 -999.0 246.93337935772075 -26.77303672753805 247.0060901857736 -26.833295637881672 86.78860972424016 47.8175959806498 -999.0 6231.0 -999.0 -1 -999 {-999.0 -999.0 -999.0 -999.0 -999.0} "" -999.0 -999.0 -999.0 -999.0 -999 -999 "" "" "" "" 0 0 0.0 0.0 -999 ""
FIBERMAP 596 R-5C10 APOGEE 1 1 0 1 0 0 -21.535944116305025 -79.74390468538985 143.1 71.05909298697054 -42.10598483293785 116.71251 38.531887 247.15804107400987 -26.084467725931386 3.5754397 -6.4564266 0.542102 247.1583725710139 -26.08448745771349 247.22909789886194 -26.14439019071406 86.1526350529561 42.40688065258587 16000.0 16600.0 2016.0 2 269 {-999.0 12.608949 10.82617 9.608816 -999.0} sdss_psfmag_from_g3xp 11.798712 10.293982 9.101776 6.065 63050396393496778 1153043213 bright_1x1 mwm_galactic_core_dist_apogee_sparse mwm_galactic science 0 0 1.0125926733016968 0.0 -999 ""
FIBERMAP 596 R-5C10 BOSS 0 0 0 1 0 0 -20.847250910689183 -80.03594778819861 143.1 71.52490623222477 -41.52070022363151 116.71251 38.531887 -999.0 -999.0 -999.0 -999.0 -999.0 247.16000602284123 -26.082725110485683 247.23071596804766 -26.142635304105095 86.15035774463212 42.40602006301583 -999.0 5400.0 -999.0 1 370 {-999.0 -999.0 -999.0 -999.0 -999.0} "" -999.0 -999.0 -999.0 -999.0 -999 -999 "" "" "" "" 0 0 0.0 0.0 -999 ""
FIBERMAP 596 R-5C10 METROLOGY 0 0 0 1 0 0 -21.434138711284817 -80.48505679975312 143.1 71.80040195707697 -42.20640569172121 116.71251 38.531887 -999.0 -999.0 -999.0 -999.0 -999.0 247.1609384518328 -26.084814214638076 247.23165779692454 -26.144718529204653 86.15137243852183 42.43590633018266 -999.0 6231.0 -999.0 -1 -999 {-999.0 -999.0 -999.0 -999.0 -999.0} "" -999.0 -999.0 -999.0 -999.0 -999 -999 "" "" "" "" 0 0 0.0 0.0 -999 ""
FIBERMAP 601 R+5C20 APOGEE 1 1 0 1 0 0 208.17622450822103 94.45959608365227 143.1 -35.24873119704435 225.86068967725737 26.659094 78.30617 246.80262416821486 -25.272007776665003 -13.276351 -13.341231 10.243903 246.80251885647945 -25.27204475634614 246.87077446564683 -25.333015027040215 85.68363505912862 32.02782357697748 16000.0 16600.0 2016.0 2 117 {-999.0 13.095058 11.975687 11.5691395 -999.0} sdss_psfmag_from_g3xp 12.69274 12.011685 11.216147 9.654 63050396395042043 984752019 bright_1x1 mwm_snc_100pc_apogee mwm_snc science 0 0 0.0 0.0 -999 ""
FIBERMAP 601 R+5C20 BOSS 0 0 0 1 0 0 208.37492571748146 93.7408097031243 143.1 -34.50301831150847 225.85961060166153 26.659094 78.30617 -999.0 -999.0 -999.0 -999.0 -999.0 246.80501854337896 -25.272002947787726 246.8732654150698 -25.332981177621775 85.68245038074807 32.05326161474568 -999.0 5400.0 -999.0 1 202 {-999.0 -999.0 -999.0 -999.0 -999.0} "" -999.0 -999.0 -999.0 -999.0 -999 -999 "" "" "" "" 0 0 0.0 0.0 -999 ""
FIBERMAP 601 R+5C20 METROLOGY 0 0 0 1 0 0 207.6514221518336 93.91971414760198 143.1 -34.86915449471612 225.21048703658414 26.659094 78.30617 -999.0 -999.0 -999.0 -999.0 -999.0 246.80377437847656 -25.27392149852335 246.87202915650846 -25.334898226702194 85.68466914899976 32.05360108858275 -999.0 6231.0 -999.0 -1 -999 {-999.0 -999.0 -999.0 -999.0 -999.0} "" -999.0 -999.0 -999.0 -999.0 -999 -999 "" "" "" "" 0 0 0.0 0.0 -999 ""
FIBERMAP 602 R+3C5 APOGEE 1 1 0 1 0 0 -183.21191442406462 54.29451196734117 143.1 -101.37811256698289 -161.96876719026878 212.9152 97.28235 246.57392835001244 -26.445916398345492 -3.6738374 -10.348923 0.24480271 246.5739245619819 -26.44594571925287 246.64557377208075 -26.507142511134173 86.7663728747517 39.66509602910935 16000.0 16600.0 2016.0 2 24 {-999.0 13.508129 11.924318 10.710608 -999.0} sdss_psfmag_from_g3xp 12.834105 11.403176 10.233545 7.394 63050396393268514 1156256725 bright_1x1 mwm_galactic_core_dist_apogee_extra mwm_galactic science 0 0 0.0 0.0 -999 ""
FIBERMAP 602 R+3C5 BOSS 0 0 0 1 0 0 -183.6755116038891 54.873402798066316 143.1 -102.05999393594954 -162.26036296450332 212.9152 97.28235 -999.0 -999.0 -999.0 -999.0 -999.0 246.57158921678888 -26.44685184674285 246.64323206555457 -26.508063411983528 86.76839960073208 39.64623061837824 -999.0 5400.0 -999.0 1 41 {-999.0 -999.0 -999.0 -999.0 -999.0} "" -999.0 -999.0 -999.0 -999.0 -999 -999 "" "" "" "" 0 0 0.0 0.0 -999 ""
FIBERMAP 602 R+3C5 METROLOGY 0 0 0 1 0 0 -182.94743700479722 55.0055694242694 143.1 -101.99232629994692 -161.52352153121882 212.9152 97.28235 -999.0 -999.0 -999.0 -999.0 -999.0 246.57180818372504 -26.444651673085097 246.643446952457 -26.505860634552892 86.76655730284197 39.624545921291656 -999.0 6231.0 -999.0 -1 -999 {-999.0 -999.0 -999.0 -999.0 -999.0} "" -999.0 -999.0 -999.0 -999.0 -999 -999 "" "" "" "" 0 0 0.0 0.0 -999 ""
FIBERMAP 603 R-11C2 APOGEE 0 0 0 1 0 0 -142.68202928822143 -231.70883207926613 143.1 185.01898774509633 -199.521526293282 318.58096 71.510216 -999.0 -999.0 -999.0 -999.0 -999.0 247.5422708308787 -26.559790469781024 247.61450393902498 -26.61864727383017 86.24056027984747 51.15964700812526 -999.0 16600.0 -999.0 2 -999 {-999.0 -999.0 -999.0 -999.0 -999.0} "" -999.0 -999.0 -999.0 -999.0 -999 -999 "" "" "" "" 0 0 0.0 0.0 -999 ""
FIBERMAP 603 R-11C2 BOSS 1 1 0 1 0 0 -143.3279791985193 -232.08018629934588 143.1 185.2037541904739 -200.2433084819517 318.58096 71.510216 247.54292385591964 -26.56189950663762 1.2146631 0.65240794 0.6420034 247.5428921421989 -26.561942921819494 247.61511983101536 -26.620806775711017 86.24153898427521 51.19018724310672 5400.0 5400.0 2016.0 1 516 {-999.0 17.071579 16.382994 15.984656 -999.0} sdss_psfmag_ps1 16.839632 16.318295 15.632121 -999.0 63050396393388048 981920820 "" ops_std_boss_tic ops_std standard_boss 0 0 0.0 0.0 -999 ""
FIBERMAP 603 R-11C2 METROLOGY 0 0 0 1 0 0 -143.3327930218284 -231.34004382048067 143.1 184.4893951398304 -200.04971418106513 318.58096 71.510216 -999.0 -999.0 -999.0 -999.0 -999.0 247.54052529584195 -26.561415970431316 247.61275424294195 -26.620283046526183 86.24281154547505 51.16320453492085 -999.0 6231.0 -999.0 -1 -999 {-999.0 -999.0 -999.0 -999.0 -999.0} "" -999.0 -999.0 -999.0 -999.0 -999 -999 "" "" "" "" 0 0 0.0 0.0 -999 ""
FIBERMAP 606 R-1C4 APOGEE 0 0 0 1 0 0 -197.06770721021894 -29.079840643749638 143.1 -24.764393436661695 -197.6478643198896 7.7716265 70.713646 -999.0 -999.0 -999.0 -999.0 -999.0 246.83287550280596 -26.554968472386513 246.90491626886035 -26.615519791719976 86.69725488815621 43.99077049607763 -999.0 16600.0 -999.0 2 -999 {-999.0 -999.0 -999.0 -999.0 -999.0} "" -999.0 -999.0 -999.0 -999.0 -999 -999 "" "" "" "" 0 0 0.0 0.0 -999 ""
FIBERMAP 606 R-1C4 BOSS 1 1 0 1 0 0 -197.19737883465137 -29.835377284192738 143.1 -24.071222487844263 -197.97514791137826 7.7716265 70.713646 246.8352498886748 -26.555991384008994 0.1570934 -7.043876 0.43966025 246.83522220447648 -26.556009761789387 246.90725726567587 -26.61656429017522 86.69659877165135 44.0297372855307 5400.0 5400.0 2016.0 1 510 {-999.0 17.384579 16.720287 16.415926 -999.0} sdss_psfmag_ps1 17.026785 16.628166 16.035004 14.868 63050396393472425 981920894 "" ops_std_boss_tic ops_std standard_boss 0 0 0.0 0.0 -999 ""
FIBERMAP 606 R-1C4 METROLOGY 0 0 0 1 0 0 -197.77297162874063 -29.329039995200137 143.1 -24.713199894824534 -198.39407474170594 7.7716265 70.713646 -999.0 -999.0 -999.0 -999.0 -999.0 246.83303695949505 -26.55729600305406 246.90507795945416 -26.61785281111043 86.69886824228246 44.02013686894611 -999.0 6231.0 -999.0 -1 -999 {-999.0 -999.0 -999.0 -999.0 -999.0} "" -999.0 -999.0 -999.0 -999.0 -999 -999 "" "" "" "" 0 0 0.0 0.0 -999 ""
FIBERMAP 609 R+3C17 APOGEE 0 0 0 1 0 0 111.50159009901434 58.374731114870535 143.1 -26.376093988222912 123.05759737460674 339.45834 135.97227 -999.0 -999.0 -999.0 -999.0 -999.0 246.8309009651638 -25.58261934502366 246.9000700864667 -25.643438124902655 85.93246578410307 34.59380467493736 -999.0 16600.0 -999.0 2 -999 {-999.0 -999.0 -999.0 -999.0 -999.0} "" -999.0 -999.0 -999.0 -999.0 -999 -999 "" "" "" "" 0 0 0.0 0.0 -999 ""
FIBERMAP 609 R+3C17 BOSS 1 1 0 1 0 0 111.83159552572006 57.590761440703744 143.1 -25.532414911504635 123.16556169582732 339.45834 135.97227 246.83377264233087 -25.582209814915807 -11.111098 -4.8533974 1.4856195 246.8337357991695 -25.582225086773487 246.90289511610501 -25.643049958261628 85.9307387528187 34.6207483243208 5400.0 5400.0 2016.0 1 227 {-999.0 17.919441 16.5477 15.867248 -999.0} sdss_psfmag_ps1 17.312132 16.35378 15.353002 13.076 63050396393521036 981920977 "" ops_std_boss_tic ops_std standard_boss 0 0 0.0 0.0 -999 ""
FIBERMAP 609 R+3C17 METROLOGY 0 0 0 1 0 0 111.09610450370121 57.74617749839088 143.1 -25.879132454525823 122.49859826335646 339.45834 135.97227 -999.0 -999.0 -999.0 -999.0 -999.0 246.83255537136301 -25.58423332704004 246.90172293246292 -25.645056851456236 85.93299573330484 34.62391046143091 -999.0 6231.0 -999.0 -1 -999 {-999.0 -999.0 -999.0 -999.0 -999.0} "" -999.0 -999.0 -999.0 -999.0 -999 -999 "" "" "" "" 0 0 0.0 0.0 -999 ""
FIBERMAP 616 R+10C3 APOGEE 1 1 0 1 0 0 -147.1331101054697 192.65290678778277 143.1 -225.01270415363928 -90.1531726053989 184.00641 120.43006 246.1584976153207 -26.225354193363327 0.14363211 -3.661644 0.0962264 246.1585084125855 -26.225361668333626 246.2293954398641 -26.28760379283513 86.79925083129045 31.97273246506154 16000.0 16600.0 2016.0 2 13 {-999.0 14.307369 12.567151 11.515272 -999.0} sdss_psfmag_from_g3xp 13.52832 12.182545 11.049715 8.162 63050396393321446 1153043035 bright_1x1 mwm_galactic_core_dist_apogee_sparse mwm_galactic science 0 0 0.0 0.0 -999 ""
FIBERMAP 616 R+10C3 BOSS 0 0 0 1 0 0 -147.55858088503396 193.25081738010257 143.1 -225.70269820741186 -90.40294250088913 184.00641 120.43006 -999.0 -999.0 -999.0 -999.0 -999.0 246.1561706706189 -26.22609297191266 246.2270523288155 -26.28835070620641 86.80097510209455 31.9474092474494 -999.0 5400.0 -999.0 1 16 {-999.0 -999.0 -999.0 -999.0 -999.0} "" -999.0 -999.0 -999.0 -999.0 -999 -999 "" "" "" "" 0 0 0.0 0.0 -999 ""
FIBERMAP 616 R+10C3 METROLOGY 0 0 0 1 0 0 -146.81097523725322 193.33435892326364 143.1 -225.58295308978862 -89.66030765516051 184.00641 120.43006 -999.0 -999.0 -999.0 -999.0 -999.0 246.15654236594463 -26.223869206349896 246.22741952493504 -26.286123755107454 86.79889762745056 31.93187678253156 -999.0 6231.0 -999.0 -1 -999 {-999.0 -999.0 -999.0 -999.0 -999.0} "" -999.0 -999.0 -999.0 -999.0 -999 -999 "" "" "" "" 0 0 0.0 0.0 -999 ""
FIBERMAP 617 R-4C3 APOGEE 1 1 0 1 0 0 -213.94637776875442 -85.02636290335218 143.1 24.615126331558656 -228.89328514604065 220.7614 108.22926 246.99984287850612 -26.649503046172413 6.360189 0.32037374 0.82461584 246.9998725629106 -26.649503458199394 247.07223833943863 -26.70963134694422 86.66033020267555 46.973523690731895 16000.0 16600.0 2016.0 2 242 {-999.0 13.337725 12.175938 11.664618 -999.0} sdss_psfmag_from_g3xp 12.91625 12.136974 11.271326 9.311 63050396393380035 1107772613 bright_1x1 mwm_tess_rgb_apogee mwm_tessrgb science 0 0 0.0 0.0 -999 ""
FIBERMAP 617 R-4C3 BOSS 0 0 0 1 0 0 -214.58601172032826 -84.6193623761964 143.1 24.051700059754474 -229.40051597806357 220.7614 108.22926 -999.0 -999.0 -999.0 -999.0 -999.0 246.99797353101647 -26.651054197212726 247.07033343179796 -26.711194929320563 86.66264007483333 46.972329037512054 -999.0 5400.0 -999.0 1 499 {-999.0 -999.0 -999.0 -999.0 -999.0} "" -999.0 -999.0 -999.0 -999.0 -999 -999 "" "" "" "" 0 0 0.0 0.0 -999 ""
FIBERMAP 617 R-4C3 METROLOGY 0 0 0 1 0 0 -213.92577230961686 -84.27003881175044 143.1 23.89198559003455 -228.67086742723257 220.7614 108.22926 -999.0 -999.0 -999.0 -999.0 -999.0 246.99744052183067 -26.648897679874477 247.06979668568124 -26.70903779592908 86.66147598780705 46.940069734975395 -999.0 6231.0 -999.0 -1 -999 {-999.0 -999.0 -999.0 -999.0 -999.0} "" -999.0 -999.0 -999.0 -999.0 -999 -999 "" "" "" "" 0 0 0.0 0.0 -999 ""
FIBERMAP 618 R+8C5 APOGEE 0 0 0 1 0 0 -117.0944213593367 175.87240816707646 143.1 -200.80074840164835 -65.70754393800787 166.30606 38.164886 -999.0 -999.0 -999.0 -999.0 -999.0 246.24028297016892 -26.15213250514194 246.31097596461825 -26.214200528868634 86.69852187463916 32.402931062671485 -999.0 16600.0 -999.0 2 42 {-999.0 -999.0 -999.0 -999.0 -999.0} "" -999.0 -999.0 -999.0 -999.0 -999 -999 "" "" "" "" 0 0 0.0 0.0 -999 ""
FIBERMAP 618 R+8C5 BOSS 1 1 0 1 0 0 -116.41369417365674 176.17657899484664 143.1 -200.91147448606358 -64.97025024625198 166.30606 38.164886 246.23986874783768 -26.149938940541627 -1.0718434 -1.4609787 1.6533397 246.23988156079278 -26.149901325942615 246.31056067791792 -26.211981460735828 86.69682386418849 32.3773006771446 5400.0 5400.0 2016.0 1 70 {-999.0 20.724436 18.994734 17.831444 -999.0} sdss_psfmag_ps1 20.002287 18.480642 17.303482 14.803 63050396393322467 1095209105 bright_1x1 mwm_bin_vis_boss mwm_filler science 0 0 0.0 0.0 -999 ""
FIBERMAP 618 R+8C5 METROLOGY 0 0 0 1 0 0 -116.48819453378896 175.44550309799092 143.1 -200.22709306672363 -65.23782930105212 166.30606 38.164886 -999.0 -999.0 -999.0 -999.0 -999.0 246.24213915483327 -26.15074343080949 246.31282338137703 -26.212814991945923 86.69647457907149 32.41489892105909 -999.0 6231.0 -999.0 -1 -999 {-999.0 -999.0 -999.0 -999.0 -999.0} "" -999.0 -999.0 -999.0 -999.0 -999 -999 "" "" "" "" 0 0 0.0 0.0 -999 ""
FIBERMAP 621 R-1C10 APOGEE 0 0 0 1 0 0 -85.74175224341649 -39.26990426729013 143.1 14.869324267347066 -93.12315758588507 313.5248 37.314297 -999.0 -999.0 -999.0 -999.0 -999.0 246.96802999447036 -26.2390837091724 247.03916651491272 -26.299398461442724 86.38135896186401 41.9877064505132 -999.0 16600.0 -999.0 2 -999 {-999.0 -999.0 -999.0 -999.0 -999.0} "" -999.0 -999.0 -999.0 -999.0 -999 -999 "" "" "" "" 0 0 0.0 0.0 -999 ""
FIBERMAP 621 R-1C10 BOSS 1 1 0 1 0 0 -86.48917340783773 -39.13249162742231 143.1 14.536756373488162 -93.80643663128546 313.5248 37.314297 246.96655445358059 -26.24117087697406 -7.5971885 -12.489967 0.1456122 246.96691778790844 -26.241196748910774 247.03805042613772 -26.301523849625397 86.38362232037494 41.99767485253096 5400.0 5400.0 2016.0 1 509 {-999.0 14.711189 13.662658 13.126893 -999.0} sdss_psfmag_from_g3xp 14.346346 13.593323 12.7346735 10.787 63050396393479733 1071765549 dark_flexible_2x1 mwm_halo_vmp_xp_boss mwm_halo science 0 0 1.2824397087097168 0.0 -999 ""
FIBERMAP 621 R-1C10 METROLOGY 0 0 0 1 0 0 -86.00755020604784 -38.57072642163345 143.1 14.124532186556408 -93.19197276404125 313.5248 37.314297 -999.0 -999.0 -999.0 -999.0 -999.0 246.965526130786 -26.239342086176702 247.0366557245917 -26.2996700991418 86.38303330958381 41.963480241315665 -999.0 6231.0 -999.0 -1 -999 {-999.0 -999.0 -999.0 -999.0 -999.0} "" -999.0 -999.0 -999.0 -999.0 -999 -999 "" "" "" "" 0 0 0.0 0.0 -999 ""
FIBERMAP 622 R-9C14 APOGEE 1 1 0 1 0 0 115.70425665121414 -181.8463616817909 143.1 206.1838611902611 62.76822683179972 359.3283 91.0561 247.6125893522953 -25.766143501507557 0.740079 -2.9324703 0.1682233 247.61258545921737 -25.7661504546405 247.68247584408334 -25.825054272013883 85.64320016748047 43.701624187044786 16000.0 16600.0 2016.0 2 198 {-999.0 15.970792 14.045876 13.020701 -999.0} sdss_psfmag_from_g3xp 15.04941 13.663184 12.513508 9.454 63050396393525303 1153043199 bright_1x1 mwm_galactic_core_dist_apogee_sparse mwm_galactic science 0 0 0.0 0.0 -999 ""
FIBERMAP 622 R-9C14 BOSS 0 0 0 1 0 0 115.69943405075637 -182.58165602715107 143.1 206.89096852170908 62.566647058938436 359.3283 91.0561 -999.0 -999.0 -999.0 -999.0 -999.0 247.6150159839836 -25.766732766267964 247.68489644335511 -25.825642720582795 85.64217343226439 43.728077722054024 -999.0 5400.0 -999.0 1 274 {-999.0 -999.0 -999.0 -999.0 -999.0} "" -999.0 -999.0 -999.0 -999.0 -999 -999 "" "" "" "" 0 0 0.0 0.0 -999 ""
FIBERMAP 622 R-9C14 METROLOGY 0 0 0 1 0 0 115.05723081649693 -182.21761675503177 143.1 206.36824395098344 62.045434628011314 359.3283 91.0561 -999.0 -999.0 -999.0 -999.0 -999.0 247.61330544146438 -25.768306486182542 247.68319362163356 -25.82721666982271 85.64436897577623 43.727041387540226 -999.0 6231.0 -999.0 -1 -999 {-999.0 -999.0 -999.0 -999.0 -999.0} "" -999.0 -999.0 -999.0 -999.0 -999 -999 "" "" "" "" 0 0 0.0 0.0 -999 ""
FIBERMAP 625 R+1C2 APOGEE 0 0 0 1 0 0 -241.47771256260998 25.66300344958629 143.1 -89.39918284690519 -225.7717009734586 51.54129 81.46309 -999.0 -999.0 -999.0 -999.0 -999.0 246.613795652179 -26.638599600417354 246.686028076826 -26.69964962183354 86.89076585549154 42.400818995617215 -999.0 16600.0 -999.0 2 -999 {-999.0 -999.0 -999.0 -999.0 -999.0} "" -999.0 -999.0 -999.0 -999.0 -999 -999 "" "" "" "" 0 0 0.0 0.0 -999 ""
FIBERMAP 625 R+1C2 BOSS 1 1 0 1 0 0 -240.96502321880237 25.121225484929433 143.1 -88.73990850716109 -225.4228687907334 51.54129 81.46309 246.61604357259026 -26.637574016890536 0.07294986 -1.5168499 0.0736396 246.61602710223286 -26.63757961071724 246.68824846582731 -26.69863335722914 86.88869300299916 42.415915517604674 5400.0 5400.0 2016.0 1 11 {-999.0 17.081667 16.029835 15.607317 -999.0} sdss_psfmag_ps1 16.660444 15.992054 15.103027 13.273 63050396393259713 1071803978 dark_flexible_2x1 mwm_halo_mp_xp_boss mwm_halo science 0 0 0.0 0.0 -999 ""
FIBERMAP 625 R+1C2 METROLOGY 0 0 0 1 0 0 -241.6810362263135 24.943171729964078 143.1 -88.76013700926492 -226.16037974795984 51.54129 81.46309 -999.0 -999.0 -999.0 -999.0 -999.0 246.61593293724405 -26.63983823765511 246.68816344429388 -26.70088911121757 86.89043701724239 42.44231941591994 -999.0 6231.0 -999.0 -1 -999 {-999.0 -999.0 -999.0 -999.0 -999.0} "" -999.0 -999.0 -999.0 -999.0 -999 -999 "" "" "" "" 0 0 0.0 0.0 -999 ""
FIBERMAP 628 R-7C16 APOGEE 1 1 0 1 0 0 112.12603262467753 -116.6630985614773 143.1 142.4264979504119 76.77889168633614 200.39285 12.685457 247.39868013886056 -25.723752602055743 -9.475927 -1.6431565 0.06569126 247.39866793446507 -25.723785552735325 247.4683846764159 -25.783212294202613 85.73827624260068 41.401562514483885 16000.0 16600.0 2016.0 2 207 {-999.0 16.574192 14.636597 13.596286 -999.0} sdss_psfmag_from_g3xp 15.6547165 14.236859 13.078186 9.89 63050396393526338 1153043203 bright_1x1 mwm_galactic_core_dist_apogee_sparse mwm_galactic science 0 0 0.0 0.0 -999 ""
FIBERMAP 628 R-7C16 BOSS 0 0 0 1 0 0 112.76148531175582 -116.2446673130318 143.1 142.1935649794409 77.50316923661134 200.39285 12.685457 -999.0 -999.0 -999.0 -999.0 -999.0 247.39795539719688 -25.721546776258982 247.4676539828855 -25.780988085006033 85.73699357456971 41.375560624055765 -999.0 5400.0 -999.0 1 292 {-999.0 -999.0 -999.0 -999.0 -999.0} "" -999.0 -999.0 -999.0 -999.0 -999 -999 "" "" "" "" 0 0 0.0 0.0 -999 ""
FIBERMAP 628 R-7C16 METROLOGY 0 0 0 1 0 0 112.80011197669361 -116.99154235251132 143.1 142.9234664080944 77.34034780239432 200.39285 12.685457 -999.0 -999.0 -999.0 -999.0 -999.0 247.4004236010018 -25.722035208135626 247.4701274152818 -25.781467012723844 85.73593063732251 41.40266386632942 -999.0 6231.0 -999.0 -1 -999 {-999.0 -999.0 -999.0 -999.0 -999.0} "" -999.0 -999.0 -999.0 -999.0 -999 -999 "" "" "" "" 0 0 0.0 0.0 -999 ""
FIBERMAP 629 R0C19 APOGEE 0 0 0 1 0 0 126.43413103889776 -15.882570741510934 143.1 49.16442235907068 117.55563865212386 18.308874 34.001965 -999.0 -999.0 -999.0 -999.0 -999.0 247.08501259405176 -25.599861904505985 247.15429232198358 -25.66007075634363 85.81553003136636 37.34329926665089 -999.0 16600.0 -999.0 2 90 {-999.0 -999.0 -999.0 -999.0 -999.0} "" -999.0 -999.0 -999.0 -999.0 -999 -999 "" "" "" "" 0 0 0.0 0.0 -999 ""
FIBERMAP 629 R0C19 BOSS 1 1 0 1 0 0 125.98209192705377 -16.473010026137572 143.1 49.61219528711193 116.9619969903918 18.308874 34.001965 247.08653188964607 -25.601467098015874 3.51372 -35.0135 4.702829 247.08655529339893 -25.601592031068353 247.15583020791928 -25.66180941687981 85.8161194393442 37.37268532715052 5400.0 5400.0 2016.0 1 253 {-999.0 18.760414 16.680376 15.321177 -999.0} sdss_psfmag_ps1 17.720629 15.96622 14.702104 11.541 63050396393520460 1035052025 bright_1x1 mwm_yso_pms_boss_sagitta_edr3_single mwm_yso science 0 0 0.0 0.0 -999 ""
FIBERMAP 629 R0C19 METROLOGY 0 0 0 1 0 0 125.68542945678523 -15.791570198471451 143.1 48.876225980376475 116.85869549160066 18.308874 34.001965 -999.0 -999.0 -999.0 -999.0 -999.0 247.0840817810808 -25.60189171146988 247.1533599076189 -25.662111318553123 85.81767439779303 37.35044785724887 -999.0 6231.0 -999.0 -1 -999 {-999.0 -999.0 -999.0 -999.0 -999.0} "" -999.0 -999.0 -999.0 -999.0 -999 -999 "" "" "" "" 0 0 0.0 0.0 -999 ""
FIBERMAP 632 R-6C1 APOGEE 0 0 0 1 0 0 -218.23606408948885 -126.24965958528466 143.1 63.18166460721871 -244.06688262302612 286.981 129.4441 -999.0 -999.0 -999.0 -999.0 -999.0 247.13033858768225 -26.695164193600682 247.20287424757748 -26.75496856550618 86.60664647530031 48.899260122007206 -999.0 16600.0 -999.0 2 274 {-999.0 -999.0 -999.0 -999.0 -999.0} "" -999.0 -999.0 -999.0 -999.0 -999 -999 "" "" "" "" 0 0 0.0 0.0 -999 ""
FIBERMAP 632 R-6C1 BOSS 1 1 0 1 0 0 -218.63257698143693 -126.87641680972519 143.1 63.679298612102166 -244.61675610488217 286.981 129.4441 247.13210909780284 -26.696793395227363 -18.99905 -13.783879 0.7918546 247.13203261650136 -26.696820719412276 247.20456314805517 -26.756629176500542 86.60665343658003 48.93715780960201 5400.0 5400.0 2016.0 1 446 {-999.0 19.693281 19.819931 19.95518 -999.0} sdss_psfmag_ps1 19.732187 19.640879 19.842999 -999.0 63050396393374185 1143795576 dark_1x2 mwm_wd_pwd_boss_1x2 mwm_wd science 0 0 0.0 0.0 -999 ""
FIBERMAP 632 R-6C1 METROLOGY 0 0 0 1 0 0 -218.9886058613729 -126.23571369493023 143.1 62.96667588254102 -244.78816302288058 286.981 129.4441 -999.0 -999.0 -999.0 -999.0 -999.0 247.12962794934074 -26.6973833214294 247.20216253762612 -26.7571949322732 86.60861764893093 48.919784850554606 -999.0 6231.0 -999.0 -1 -999 {-999.0 -999.0 -999.0 -999.0 -999.0} "" -999.0 -999.0 -999.0 -999.0 -999 -999 "" "" "" "" 0 0 0.0 0.0 -999 ""
FIBERMAP 633 R+7C5 APOGEE 0 0 0 1 0 0 -135.30698513478893 142.82889430656843 143.1 -173.84375362517957 -92.10396422296301 156.7324 111.77923 -999.0 -999.0 -999.0 -999.0 -999.0 246.33041122376002 -26.232801667365614 246.4013657546658 -26.29463419669178 86.72292409391261 34.34736536650615 -999.0 16600.0 -999.0 2 34 {-999.0 -999.0 -999.0 -999.0 -999.0} "" -999.0 -999.0 -999.0 -999.0 -999 -999 "" "" "" "" 0 0 0.0 0.0 -999 ""
FIBERMAP 633 R+7C5 BOSS 1 1 0 1 0 0 -135.2599903338556 143.5725019130915 143.1 -174.54757517525243 -91.85952827468553 156.7324 111.77923 246.32801831505702 -26.231982472324624 -12.410346 -19.340906 0.5258514 246.32799810643579 -26.232058123330255 246.39894227870673 -26.293906833909972 86.72351178770543 34.308621384252945 5400.0 5400.0 2016.0 1 57 {-999.0 17.665573 16.942438 16.626432 -999.0} sdss_psfmag_ps1 17.423561 16.922413 16.245323 14.883 63050396393320350 931946435 dark_1x1 openfibertargets_nov2020_1000 open_fiber science 0 0 0.0 0.0 -999 ""
FIBERMAP 633 R+7C5 METROLOGY 0 0 0 1 0 0 -134.64967294744335 143.17895503519506 143.1 -174.00496229229714 -91.37693839001892 156.7324 111.77923 -999.0 -999.0 -999.0 -999.0 -999.0 246.32980374445322 -26.23062750312238 246.4007462997199 -26.292469413033253 86.72142184630698 34.31842607894987 -999.0 6231.0 -999.0 -1 -999 {-999.0 -999.0 -999.0 -999.0 -999.0} "" -999.0 -999.0 -999.0 -999.0 -999 -999 "" "" "" "" 0 0 0.0 0.0 -999 ""
FIBERMAP 634 R+2C21 APOGEE 1 1 0 1 0 0 165.80611511420238 56.20137422686538 143.1 -9.737875646871874 174.79369829887838 201.94185 21.850538 246.8873977414418 -25.426154328136533 -6.0663676 -26.628685 6.877519 246.8874061162188 -25.426246885379832 246.95613130697154 -25.48697345219136 85.77377874195447 33.997743704653715 16000.0 16600.0 2016.0 2 73 {-999.0 19.77512 17.761848 15.685651 -999.0} sdss_psfmag_ps1 18.924019 16.205465 14.735294 11.147 63050396393523606 1034958478 bright_1x1 mwm_yso_pms_apogee_sagitta_edr3_single mwm_yso science 0 0 0.0 0.0 -999 ""
FIBERMAP 634 R+2C21 BOSS 0 0 0 1 0 0 166.37478272470852 56.687105016475094 143.1 -10.053533514992466 175.47165842485174 201.94185 21.850538 -999.0 -999.0 -999.0 -999.0 -999.0 246.8863592401766 -25.42411965192544 246.95506846511273 -25.484862615662845 85.77252369106239 33.97129242882954 -999.0 5400.0 -999.0 1 231 {-999.0 -999.0 -999.0 -999.0 -999.0} "" -999.0 -999.0 -999.0 -999.0 -999 -999 "" "" "" "" 0 0 0.0 0.0 -999 ""
FIBERMAP 634 R+2C21 METROLOGY 0 0 0 1 0 0 166.50882253300614 55.95972072813535 143.1 -9.316855448913426 175.40598033987897 201.94185 21.850538 -999.0 -999.0 -999.0 -999.0 -999.0 246.88882781125113 -25.42430553112895 246.95754084569342 -25.485038790282307 85.77146327310643 33.998035968047816 -999.0 6231.0 -999.0 -1 -999 {-999.0 -999.0 -999.0 -999.0 -999.0} "" -999.0 -999.0 -999.0 -999.0 -999 -999 "" "" "" "" 0 0 0.0 0.0 -999 ""
FIBERMAP 636 R-3C16 APOGEE 1 1 0 1 0 0 70.77965406357785 -66.38162017300775 143.1 82.91041759269511 50.41173570939019 211.41536 132.32417 247.1985484182214 -25.803652911446672 -2.1961029 -5.1604824 0.44958246 247.19855227278805 -25.803640640984067 247.26845777873461 -25.86352353793113 85.91457419309803 40.191228678946686 16000.0 16600.0 2016.0 2 220 {-999.0 15.092533 13.207237 12.265064 -999.0} sdss_psfmag_from_g3xp 14.209941 12.891083 11.769023 8.801 63050396393504415 1153043286 bright_1x1 mwm_galactic_core_dist_apogee_sparse mwm_galactic science 0 0 0.0 0.0 -999 ""
FIBERMAP 636 R-3C16 BOSS 0 0 0 1 0 0 70.05686815163806 -66.17950352388111 143.1 82.52211046287584 49.769520462803136 211.41536 132.32417 -999.0 -999.0 -999.0 -999.0 -999.0 247.19730648323352 -25.80554839816481 247.26720664486174 -25.865445675152426 85.91677737319174 40.19584374335864 -999.0 5400.0 -999.0 1 317 {-999.0 -999.0 -999.0 -999.0 -999.0} "" -999.0 -999.0 -999.0 -999.0 -999 -999 "" "" "" "" 0 0 0.0 0.0 -999 ""
FIBERMAP 636 R-3C16 METROLOGY 0 0 0 1 0 0 70.58983188095878 -65.65507254856527 143.1 82.15960541765914 50.42344772787903 211.41536 132.32417 -999.0 -999.0 -999.0 -999.0 -999.0 247.19609058758147 -25.80356100245405 247.26598763475818 -25.863458344764265 85.91591705027969 40.16634627399725 -999.0 6231.0 -999.0 -1 -999 {-999.0 -999.0 -999.0 -999.0 -999.0} "" -999.0 -999.0 -999.0 -999.0 -999 -999 "" "" "" "" 0 0 0.0 0.0 -999 ""
FIBERMAP 642 R-2C18 APOGEE 0 0 0 1 0 0 118.6868824974392 -45.452634485089135 143.1 75.57793878056998 102.17202906756552 279.88727 147.42798 -999.0 -999.0 -999.0 -999.0 -999.0 247.1738507603619 -25.64662447105093 247.24328850825702 -25.706608813183387 85.8049758930146 38.604280750474516 -999.0 16600.0 -999.0 2 -999 {-999.0 -999.0 -999.0 -999.0 -999.0} "" -999.0 -999.0 -999.0 -999.0 -999 -999 "" "" "" "" 0 0 0.0 0.0 -999 ""
FIBERMAP 642 R-2C18 BOSS 1 1 0 1 0 0 118.39300817535928 -46.15122555469624 143.1 76.17226875804955 101.7018006441298 279.88727 147.42798 247.1759033203125 -25.647991644386792 -999.0 -999.0 -999.0 247.17590319261083 -25.647989185263818 247.24533484805977 -25.70798077559727 85.80495056583095 38.63569613169244 5400.0 5400.0 2015.5 1 299 {-999.0 -999.0 -999.0 -999.0 -999.0} "" -999.0 -999.0 -999.0 -999.0 27021603175507597 814889732 "" ops_sky_boss_good ops_sky sky_boss 0 0 0.0 0.0 -999 ""
FIBERMAP 642 R-2C18 METROLOGY 0 0 0 1 0 0 117.94523158477547 -45.549856604697595 143.1 75.47296868949493 101.43146708343936 279.88727 147.42798 -999.0 -999.0 -999.0 -999.0 -999.0 247.17355652783678 -25.648798021595752 247.2429930175856 -25.708791442171357 85.8068739091978 38.61945931303859 -999.0 6231.0 -999.0 -1 -999 {-999.0 -999.0 -999.0 -999.0 -999.0} "" -999.0 -999.0 -999.0 -999.0 -999 -999 "" "" "" "" 0 0 0.0 0.0 -999 ""
FIBERMAP 643 R+9C3 APOGEE 1 1 0 1 0 0 -152.58512861047845 181.77261161139128 143.1 -215.9905969924694 -98.31983362512412 104.69241 142.28537 246.18862548860255 -26.250329883117956 -7.644944 -4.7865276 0.047465775 246.1886162442085 -26.250349630858206 246.25958496455087 -26.31251367343601 86.80640457291429 32.61966468931945 16000.0 16600.0 2016.0 2 35 {-999.0 15.147516 13.771001 13.116573 -999.0} sdss_psfmag_from_g3xp 14.594482 13.6587925 12.704735 10.481 63050396393321264 1156256571 bright_1x1 mwm_galactic_core_dist_apogee_extra mwm_galactic science 0 0 0.0 0.0 -999 ""
FIBERMAP 643 R+9C3 BOSS 0 0 0 1 0 0 -152.32686076436084 182.46819082131117 143.1 -216.59156174449978 -97.8847159396144 104.69241 142.28537 -999.0 -999.0 -999.0 -999.0 -999.0 246.18658436829617 -26.24901629822331 246.2575416020419 -26.311195698872098 86.80624603464707 32.57926035191031 -999.0 5400.0 -999.0 1 59 {-999.0 -999.0 -999.0 -999.0 -999.0} "" -999.0 -999.0 -999.0 -999.0 -999 -999 "" "" "" "" 0 0 0.0 0.0 -999 ""
FIBERMAP 643 R+9C3 METROLOGY 0 0 0 1 0 0 -151.8489355620868 181.8628101840854 143.1 -215.88032203716838 -97.58641098271191 104.69241 142.28537 -999.0 -999.0 -999.0 -999.0 -999.0 246.18893480602182 -26.248156341543236 246.2598921121953 -26.31032751957301 86.8044002071447 32.603241873883576 -999.0 6231.0 -999.0 -1 -999 {-999.0 -999.0 -999.0 -999.0 -999.0} "" -999.0 -999.0 -999.0 -999.0 -999 -999 "" "" "" "" 0 0 0.0 0.0 -999 ""
FIBERMAP 646 R-9C11 APOGEE 1 1 0 1 0 0 17.135252841762334 -174.59301952390481 143.1 172.79613523097333 -30.25268958978611 203.11453 89.33757 247.5013732910156 -26.04823209480851 -999.0 -999.0 -999.0 247.50138841098166 -26.048216767790958 247.57208786039723 -26.107310047161178 85.91734540271038 45.331236744467446 16000.0 16600.0 2015.5 2 164 {-999.0 -999.0 -999.0 -999.0 -999.0} "" -999.0 -999.0 -999.0 -999.0 27021603175505294 845949410 "" ops_sky_apogee_best ops_sky sky_apogee 0 0 0.0 0.0 -999 ""
FIBERMAP 646 R-9C11 BOSS 0 0 0 1 0 0 16.82656280831858 -173.9152984775163 143.1 172.06052734390076 -30.36857471071668 203.11453 89.33757 -999.0 -999.0 -999.0 -999.0 -999.0 247.49899680989205 -26.048573380455245 247.56968495980402 -26.107683322457866 85.91910887262597 45.31299853390681 -999.0 5400.0 -999.0 1 397 {-999.0 -999.0 -999.0 -999.0 -999.0} "" -999.0 -999.0 -999.0 -999.0 -999 -999 "" "" "" "" 0 0 0.0 0.0 -999 ""
FIBERMAP 646 R-9C11 METROLOGY 0 0 0 1 0 0 17.58172897968679 -173.99055476873903 143.1 172.3352867675533 -29.66118664449617 203.11453 89.33757 -999.0 -999.0 -999.0 -999.0 -999.0 247.49993886345197 -26.046433487876865 247.5706242298695 -26.105538634483157 85.91697731215126 45.30069103074925 -999.0 6231.0 -999.0 -1 -999 {-999.0 -999.0 -999.0 -999.0 -999.0} "" -999.0 -999.0 -999.0 -999.0 -999 -999 "" "" "" "" 0 0 0.0 0.0 -999 ""
FIBERMAP 651 R-2C19 APOGEE 1 1 0 1 0 0 131.65295474491245 -59.66994362992495 143.1 92.74790902065962 110.85601629633986 323.5594 38.167343 247.23161683104186 -25.620349505537416 -10.640559 -21.410854 6.8397617 247.23156650606552 -25.62039291978379 247.30094057622512 -25.68024666357325 85.75246680475682 38.94709995667904 16000.0 16600.0 2016.0 2 240 {-999.0 20.627605 18.71221 16.371693 -999.0} sdss_psfmag_ps1 19.75802 16.98432 15.484352 12.028 63050396393530727 1034958483 bright_1x1 mwm_yso_pms_apogee_sagitta_edr3_single mwm_yso science 0 0 0.0 0.0 -999 ""
FIBERMAP 651 R-2C19 BOSS 0 0 0 1 0 0 130.9217348849883 -59.70679625900192 143.1 92.58757136082795 110.14167255598939 323.5594 38.167343 -999.0 -999.0 -999.0 -999.0 -999.0 247.23108758098127 -25.62249321795457 247.30045693201316 -25.6823601501518 85.75440736757001 38.959847524031204 -999.0 5400.0 -999.0 1 303 {-999.0 -999.0 -999.0 -999.0 -999.0} "" -999.0 -999.0 -999.0 -999.0 -999 -999 "" "" "" "" 0 0 0.0 0.0 -999 ""
FIBERMAP 651 R-2C19 METROLOGY 0 0 0 1 0 0 131.251789624354 -59.03971301342767 143.1 92.03328690930846 110.6383192729971 323.5594 38.167343 -999.0 -999.0 -999.0 -999.0 -999.0 247.2292310992514 -25.62097726772613 247.29859862712703 -25.68084546976519 85.754228507092 38.929442300699236 -999.0 6231.0 -999.0 -1 -999 {-999.0 -999.0 -999.0 -999.0 -999.0} "" -999.0 -999.0 -999.0 -999.0 -999 -999 "" "" "" "" 0 0 0.0 0.0 -999 ""
FIBERMAP 652 R-4C22 APOGEE 0 0 0 1 0 0 210.44152708578923 -90.45469584151392 143.1 143.50853552861537 178.51761646057935 263.54993 68.41703 -999.0 -999.0 -999.0 -999.0 -999.0 247.4012193725229 -25.416086461738132 247.47003248176497 -25.47559051970269 85.49725510058174 38.89864800521826 -999.0 16600.0 -999.0 2 -999 {-999.0 -999.0 -999.0 -999.0 -999.0} "" -999.0 -999.0 -999.0 -999.0 -999 -999 "" "" "" "" 0 0 0.0 0.0 -999 ""
FIBERMAP 652 R-4C22 BOSS 1 1 0 1 0 0 209.74837087081957 -90.11936924051308 143.1 142.99982667025319 177.93962468948155 263.54993 68.41703 247.39915300739997 -25.41773223899951 9.399097 -16.212524 2.2698257 247.39956327074998 -25.417784242955108 247.46836961225256 -25.47730519558941 85.49952920939332 38.89675517026819 5400.0 5400.0 2016.0 1 278 {-999.0 14.97938 13.953839 13.410842 -999.0} sdss_psfmag_from_g3xp 14.62694 13.871436 13.008347 11.099 63050396393533471 1035029705 bright_1x1 mwm_yso_pms_boss_sagitta_edr3_single mwm_yso science 0 0 1.1969374418258667 0.0 -999 ""
FIBERMAP 652 R-4C22 METROLOGY 0 0 0 1 0 0 210.39891553801897 -89.70791443253756 143.1 142.77765703620054 178.67657369281054 263.54993 68.41703 -999.0 -999.0 -999.0 -999.0 -999.0 247.3988320570315 -25.41553526601151 247.46763486893826 -25.47505478387888 85.49814602575357 38.87260835295291 -999.0 6231.0 -999.0 -1 -999 {-999.0 -999.0 -999.0 -999.0 -999.0} "" -999.0 -999.0 -999.0 -999.0 -999 -999 "" "" "" "" 0 0 0.0 0.0 -999 ""
FIBERMAP 653 R+5C11 APOGEE 1 1 0 1 0 0 4.2370966445963205 99.1691442845252 143.1 -94.40694489010782 30.64254314983445 26.315659 97.80408 246.6003618590746 -25.86216090479014 -3.915252 -0.39634448 3.2463222 246.6003396144074 -25.862150655110035 246.670272149756 -25.923442228960802 86.28010927895713 34.31328005194064 16000.0 16600.0 2016.0 2 142 {-999.0 14.970405 13.776027 13.10892 -999.0} sdss_psfmag_from_g3xp 14.521928 13.62692 12.679088 10.531 63050396393511952 1034936001 bright_1x1 mwm_yso_pms_apogee_sagitta_edr3_single mwm_yso science 0 0 0.0 0.0 -999 ""
FIBERMAP 653 R+5C11 BOSS 0 0 0 1 0 0 4.629445652200092 98.53764953875955 143.1 -93.69346610422069 30.85140796218743 26.315659 97.80408 -999.0 -999.0 -999.0 -999.0 -999.0 246.6026979569835 -25.86149770707535 246.67262065670843 -25.922795517979385 86.27841038420802 34.335036868870645 -999.0 5400.0 -999.0 1 143 {-999.0 -999.0 -999.0 -999.0 -999.0} "" -999.0 -999.0 -999.0 -999.0 -999 -999 "" "" "" "" 0 0 0.0 0.0 -999 ""
FIBERMAP 653 R+5C11 METROLOGY 0 0 0 1 0 0 3.8870771860978888 98.51107953313138 143.1 -93.86669619919988 30.129077396743853 26.315659 97.80408 -999.0 -999.0 -999.0 -999.0 -999.0 246.6020885810999 -25.863688446230775 246.6720199758215 -25.924983802144087 86.28053643795593 34.34657270929722 -999.0 6231.0 -999.0 -1 -999 {-999.0 -999.0 -999.0 -999.0 -999.0} "" -999.0 -999.0 -999.0 -999.0 -999 -999 "" "" "" "" 0 0 0.0 0.0 -999 ""
FIBERMAP 656 R+4C4 APOGEE 0 0 0 1 0 0 -196.7495410243659 87.23433349592601 143.1 -136.73884783507944 -166.18896009033205 201.44354 56.40251 -999.0 -999.0 -999.0 -999.0 -999.0 246.45441179374757 -26.457829110942377 246.52606473156607 -26.519306636940303 86.84170761096306 38.28617165800324 -999.0 16600.0 -999.0 2 -999 {-999.0 -999.0 -999.0 -999.0 -999.0} "" -999.0 -999.0 -999.0 -999.0 -999 -999 "" "" "" "" 0 0 0.0 0.0 -999 ""
FIBERMAP 656 R+4C4 BOSS 1 1 0 1 0 0 -196.6123959015644 87.95391647048963 143.1 -137.39537859667155 -165.86410581893918 201.44354 56.40251 246.45218074904744 -26.45685752545482 -2.8498878 -4.0685325 0.3076047 246.4521738662581 -26.45685705759711 246.52381532792367 -26.51834958166635 86.84216401422518 38.24657405711588 5400.0 5400.0 2016.0 1 37 {-999.0 17.066313 16.375864 16.05061 15.853865} sdss_psfmag_from_ps1dr2 16.834 16.3625 15.658 14.46 63050396393268112 1040595260 "" ops_std_boss_ps1dr2 ops_std standard_boss 0 0 0.0 0.0 -999 ""
FIBERMAP 656 R+4C4 METROLOGY 0 0 0 1 0 0 -196.03925881205203 87.46884873139399 143.1 -136.77455045860222 -165.44184825464293 201.44354 56.40251 -999.0 -999.0 -999.0 -999.0 -999.0 246.45424903504974 -26.455626616920593 246.52588966038104 -26.517111878177683 86.84005550342026 38.25980053842056 -999.0 6231.0 -999.0 -1 -999 {-999.0 -999.0 -999.0 -999.0 -999.0} "" -999.0 -999.0 -999.0 -999.0 -999 -999 "" "" "" "" 0 0 0.0 0.0 -999 ""
FIBERMAP 657 R-1C7 APOGEE 1 1 0 1 0 0 -164.90273729099846 -22.96069243601058 143.1 -22.0449870278314 -165.02052628379093 237.47801 60.614452 246.8424067536179 -26.45646366024774 -2.6188333 -1.4811287 0.102957584 246.84239174189057 -26.456480286530354 246.9141418849723 -26.51703555536194 86.61883140176582 42.9590134930944 16000.0 16600.0 2016.0 2 280 {-999.0 15.357761 13.607081 12.3707695 -999.0} sdss_psfmag_from_g3xp 14.442861 13.0470085 11.903336 9.215 63050396393473861 1156256670 bright_1x1 mwm_galactic_core_dist_apogee_extra mwm_galactic science 0 0 0.0 0.0 -999 ""
FIBERMAP 657 R-1C7 BOSS 0 0 0 1 0 0 -165.26738568611202 -22.293450685975927 143.1 -22.785486231376368 -165.19312960349387 237.47801 60.614452 -999.0 -999.0 -999.0 -999.0 -999.0 246.83988145275973 -26.457048669571478 246.91162321980528 -26.517619211849528 86.62076751421472 42.937087579394074 -999.0 5400.0 -999.0 1 460 {-999.0 -999.0 -999.0 -999.0 -999.0} "" -999.0 -999.0 -999.0 -999.0 -999 -999 "" "" "" "" 0 0 0.0 0.0 -999 ""
FIBERMAP 657 R-1C7 METROLOGY 0 0 0 1 0 0 -164.5075203824684 -22.3197690809813 143.1 -22.556616101460946 -164.4681072725194 237.47801 60.614452 -999.0 -999.0 -999.0 -999.0 -999.0 246.84065770353624 -26.454882545936005 246.91239589771135 -26.515449153040237 86.61868782013383 42.92134083101564 -999.0 6231.0 -999.0 -1 -999 {-999.0 -999.0 -999.0 -999.0 -999.0} "" -999.0 -999.0 -999.0 -999.0 -999 -999 "" "" "" "" 0 0 0.0 0.0 -999 ""
FIBERMAP 658 R-3C12 APOGEE 1 1 0 1 0 0 4.082927385668816 -74.18832583023735 143.1 72.56821591811868 -15.936244504365312 31.38573 17.77594 247.16358103860043 -26.005019877930817 -1.8992003 -1.4462428 0.14383787 247.1635614855364 -26.005040565210834 247.2340530527929 -26.06495242267482 86.08951629534214 41.6908344243501 16000.0 16600.0 2016.0 2 177 {-999.0 15.609868 13.664904 12.593931 -999.0} sdss_psfmag_from_g3xp 14.689895 13.254694 12.089481 8.95 63050396393497345 1156256737 bright_1x1 mwm_galactic_core_dist_apogee_extra mwm_galactic science 0 0 0.0 0.0 -999 ""
FIBERMAP 658 R-3C12 BOSS 0 0 0 1 0 0 3.563274028129781 -74.72238174464394 143.1 72.94355875547161 -16.57992610384459 31.38573 17.77594 -999.0 -999.0 -999.0 -999.0 -999.0 247.16488613898008 -26.006994513141308 247.23537322863297 -26.066913846642276 86.09024262305148 41.72271425674364 -999.0 5400.0 -999.0 1 421 {-999.0 -999.0 -999.0 -999.0 -999.0} "" -999.0 -999.0 -999.0 -999.0 -999 -999 "" "" "" "" 0 0 0.0 0.0 -999 ""
FIBERMAP 658 R-3C12 METROLOGY 0 0 0 1 0 0 3.3554641405065997 -74.00102575961625 143.1 72.19293068221349 -16.586934315989755 31.38573 17.77594 -999.0 -999.0 -999.0 -999.0 -999.0 247.1623554465634 -26.007019006398277 247.23284500315037 -26.066941206498498 86.09173451398463 41.69759380125652 -999.0 6231.0 -999.0 -1 -999 {-999.0 -999.0 -999.0 -999.0 -999.0} "" -999.0 -999.0 -999.0 -999.0 -999 -999 "" "" "" "" 0 0 0.0 0.0 -999 ""
FIBERMAP 659 R+7C14 APOGEE 1 1 0 1 0 0 60.15687338330349 135.83723822854716 143.1 -114.7568341085389 94.33770286899002 216.7401 73.47805 246.53320312499997 -25.668682939111832 -999.0 -999.0 -999.0 246.5331687832831 -25.668681567476966 246.6025174435556 -25.73018494535495 86.14874077732551 31.975612518351852 16000.0 16600.0 2015.5 2 94 {-999.0 -999.0 -999.0 -999.0 -999.0} "" -999.0 -999.0 -999.0 -999.0 27021603175508227 845949890 "" ops_sky_apogee_best ops_sky sky_apogee 0 0 0.0 0.0 -999 ""
FIBERMAP 659 R+7C14 BOSS 0 0 0 1 0 0 59.906062217373204 136.53289921831671 143.1 -115.49422406456408 94.28238438690421 216.7401 73.47805 -999.0 -999.0 -999.0 -999.0 -999.0 246.53064157032634 -25.668785202686994 246.59998167968217 -25.730306938287047 86.15001925655118 31.94736475546955 -999.0 5400.0 -999.0 1 167 {-999.0 -999.0 -999.0 -999.0 -999.0} "" -999.0 -999.0 -999.0 -999.0 -999 -999 "" "" "" "" 0 0 0.0 0.0 -999 ""
FIBERMAP 659 R+7C14 METROLOGY 0 0 0 1 0 0 60.636871383519775 136.4200861197128 143.1 -115.18980510167009 94.95624754746801 216.7401 73.47805 -999.0 -999.0 -999.0 -999.0 -999.0 246.53166343305747 -25.666739697103697 246.60100013943486 -25.728256054030844 86.1477883234585 31.943401871290177 -999.0 6231.0 -999.0 -1 -999 {-999.0 -999.0 -999.0 -999.0 -999.0} "" -999.0 -999.0 -999.0 -999.0 -999 -999 "" "" "" "" 0 0 0.0 0.0 -999 ""
FIBERMAP 662 R+12C15 APOGEE 0 0 0 1 0 0 173.00846091158223 243.23205015568502 143.1 -187.99839766765794 231.82494527948364 76.687775 64.280334 -999.0 -999.0 -999.0 -999.0 -999.0 246.29256723588753 -25.252990490967807 246.36064585894678 -25.31517691793398 85.88579651264128 26.380570629654642 -999.0 16600.0 -999.0 2 109 {-999.0 -999.0 -999.0 -999.0 -999.0} "" -999.0 -999.0 -999.0 -999.0 -999 -999 "" "" "" "" 0 0 0.0 0.0 -999 ""
FIBERMAP 662 R+12C15 BOSS 1 1 0 1 0 0 173.59706393991016 242.7854250316451 143.1 -187.41046376623103 232.27239914331835 76.687775 64.280334 246.29464210130595 -25.251612534233605 -11.714561 -22.567251 7.328864 246.29458305549267 -25.251675899444745 246.36265101421702 -25.313871836237507 85.8838388854213 26.395556321930314 5400.0 5400.0 2016.0 1 187 {-999.0 19.822535 17.623423 15.66979 -999.0} sdss_psfmag_ps1 18.704807 16.330538 14.936028 11.526 63050396395028397 1035052446 bright_1x1 mwm_yso_pms_boss_sagitta_edr3_single mwm_yso science 0 0 0.0 0.0 -999 ""
FIBERMAP 662 R+12C15 METROLOGY 0 0 0 1 0 0 172.90489064512823 242.48642936806056 143.1 -187.3077891569147 231.52546407687527 76.687775 64.280334 -999.0 -999.0 -999.0 -999.0 -999.0 246.29484674570958 -25.253871893616285 246.3629232180432 -25.316062658469168 85.88571077382757 26.411784798244184 -999.0 6231.0 -999.0 -1 -999 {-999.0 -999.0 -999.0 -999.0 -999.0} "" -999.0 -999.0 -999.0 -999.0 -999 -999 "" "" "" "" 0 0 0.0 0.0 -999 ""
FIBERMAP 666 R-7C1 APOGEE 1 1 0 1 0 0 -212.27175500333553 -155.8307583940333 143.1 93.27817310923453 -246.24342739238813 323.38345 54.236385 247.2322108054292 -26.70156997814581 -12.86213 0.12182023 0.3698601 247.23216337876718 -26.701553506563105 247.30474400894207 -26.761113100116667 86.54306355611727 49.992927374036356 16000.0 16600.0 2016.0 2 275 {-999.0 14.008378 12.649675 12.022708 -999.0} sdss_psfmag_gaia 13.478246 12.57358 11.638352 9.373 63050396393372423 1155429447 bright_1x1 mwm_galactic_core_dist_apogee_sparse mwm_galactic science 0 0 0.0 0.0 -999 ""
FIBERMAP 666 R-7C1 BOSS 0 0 0 1 0 0 -212.98180652933792 -156.04572605772017 143.1 93.29510495088651 -246.98508156189794 323.38345 54.236385 -999.0 -999.0 -999.0 -999.0 -999.0 247.23222480241992 -26.703773570152514 247.30480121033986 -26.763340974605114 86.5444979810455 50.021216283825424 -999.0 5400.0 -999.0 1 447 {-999.0 -999.0 -999.0 -999.0 -999.0} "" -999.0 -999.0 -999.0 -999.0 -999 -999 "" "" "" "" 0 0 0.0 0.0 -999 ""
FIBERMAP 666 R-7C1 METROLOGY 0 0 0 1 0 0 -212.82278800125226 -155.32948459316958 143.1 92.64765181938564 -246.64004891937063 323.38345 54.236385 -999.0 -999.0 -999.0 -999.0 -999.0 247.23005463084283 -26.702791074096716 247.30263063880682 -26.762361503394896 86.54530461820505 49.987762684316635 -999.0 6231.0 -999.0 -1 -999 {-999.0 -999.0 -999.0 -999.0 -999.0} "" -999.0 -999.0 -999.0 -999.0 -999 -999 "" "" "" "" 0 0 0.0 0.0 -999 ""
FIBERMAP 670 R+9C6 APOGEE 1 1 0 1 0 0 -79.62922452276534 154.36060228849544 143.1 -170.04150724198297 -35.374235806808215 320.84293 51.033928 246.3443244998431 -26.061010171548634 -1.1436974 -7.0939155 0.13770188 246.3443188667165 -26.06102814809609 246.41477089577063 -26.122873984180146 86.57185099380004 32.93450163522533 16000.0 16600.0 2016.0 2 149 {-999.0 14.598948 12.898122 11.927701 -999.0} sdss_psfmag_from_g3xp 13.8399315 12.571471 11.464025 8.676 63050396393508482 1153043321 bright_1x1 mwm_galactic_core_dist_apogee_sparse mwm_galactic science 0 0 0.0 0.0 -999 ""
FIBERMAP 670 R+9C6 BOSS 0 0 0 1 0 0 -80.37706866283197 154.2024123244761 143.1 -170.089398281874 -36.13709347615919 320.84293 51.033928 -999.0 -999.0 -999.0 -999.0 -999.0 246.3440794888157 -26.063341478664295 246.41453068581416 -26.125198148792318 86.5739366051055 32.95203439448636 -999.0 5400.0 -999.0 1 153 {-999.0 -999.0 -999.0 -999.0 -999.0} "" -999.0 -999.0 -999.0 -999.0 -999 -999 "" "" "" "" 0 0 0.0 0.0 -999 ""
FIBERMAP 670 R+9C6 METROLOGY 0 0 0 1 0 0 -80.12285737872571 154.91219580918656 143.1 -170.70513421621652 -35.702079648055445 320.84293 51.033928 -999.0 -999.0 -999.0 -999.0 -999.0 246.3419916980828 -26.062015545468515 246.41244060482052 -26.123874443669113 86.57380736794951 32.91366851860488 -999.0 6231.0 -999.0 -1 -999 {-999.0 -999.0 -999.0 -999.0 -999.0} "" -999.0 -999.0 -999.0 -999.0 -999 -999 "" "" "" "" 0 0 0.0 0.0 -999 ""
FIBERMAP 679 R+6C12 APOGEE 0 0 0 1 0 0 31.791659651379824 115.95195783697623 143.1 -103.1959547561565 61.68415733039187 322.36856 147.25912 -999.0 -999.0 -999.0 -999.0 -999.0 246.57133958200117 -25.767836174972935 246.6409881213949 -25.82922211636749 86.21503678018311 33.19692755567854 -999.0 16600.0 -999.0 2 -999 {-999.0 -999.0 -999.0 -999.0 -999.0} "" -999.0 -999.0 -999.0 -999.0 -999 -999 "" "" "" "" 0 0 0.0 0.0 -999 ""
FIBERMAP 679 R+6C12 BOSS 1 1 0 1 0 0 32.0406486856583 115.22708765677655 143.1 -102.43091203556736 61.72989724515748 322.36856 147.25912 246.57386809460326 -25.767653673843117 -1.1753085 -1.0215478 0.56212693 246.5738650831666 -25.767663719394506 246.64350534979064 -25.829055722472816 86.21369021598764 33.224641445873885 5400.0 5400.0 2016.0 1 122 {-999.0 17.47321 16.413929 15.877192 15.470195} sdss_psfmag_from_ps1dr2 17.0685 16.3563 15.4613 13.59 63050396393516452 1040595689 "" ops_std_boss_ps1dr2 ops_std standard_boss 0 0 0.0 0.0 -999 ""
FIBERMAP 679 R+6C12 METROLOGY 0 0 0 1 0 0 31.313402014171825 115.37683363365288 143.1 -102.76995881541535 61.06935798847189 322.36856 147.25912 -999.0 -999.0 -999.0 -999.0 -999.0 246.57269637721282 -25.769660170238723 246.64234458897238 -25.831051000630328 86.21593546028133 33.227334117118744 -999.0 6231.0 -999.0 -1 -999 {-999.0 -999.0 -999.0 -999.0 -999.0} "" -999.0 -999.0 -999.0 -999.0 -999 -999 "" "" "" "" 0 0 0.0 0.0 -999 ""
FIBERMAP 680 R-6C10 APOGEE 0 0 0 1 0 0 -29.667706343520276 -104.89360792264958 143.1 93.11095140304751 -56.67614019951017 126.71418 113.551605 -999.0 -999.0 -999.0 -999.0 -999.0 247.2328112601797 -26.12870802235439 247.30368555326118 -26.188421145486778 86.14105879698872 43.58675311805479 -999.0 16600.0 -999.0 2 -999 {-999.0 -999.0 -999.0 -999.0 -999.0} "" -999.0 -999.0 -999.0 -999.0 -999 -999 "" "" "" "" 0 0 0.0 0.0 -999 ""
FIBERMAP 680 R-6C10 BOSS 1 1 0 1 0 0 -29.294640882892974 -104.25534218406598 143.1 92.59594992347753 -56.145774175321215 126.71418 113.551605 247.23117120484793 -26.127048579020457 -10.859249 -22.615147 6.6810675 247.2311402908178 -26.127119184724602 247.30199864622807 -26.186847447172802 86.14090969895625 43.55438432242113 5400.0 5400.0 2016.0 1 411 {-999.0 18.976364 17.344769 15.451694 -999.0} sdss_psfmag_ps1 18.23962 16.123497 14.759054 11.865 63050396393495203 1035052008 bright_1x1 mwm_yso_pms_boss_sagitta_edr3_single mwm_yso science 0 0 0.0 0.0 -999 ""
FIBERMAP 680 R-6C10 METROLOGY 0 0 0 1 0 0 -28.91971084858135 -104.89262999260438 143.1 93.3103445589877 -55.95524274375285 126.71418 113.551605 -999.0 -999.0 -999.0 -999.0 -999.0 247.23356096459148 -26.126548664387744 247.3044212744752 -26.186268266765282 86.13902055448946 43.57253334273821 -999.0 6231.0 -999.0 -1 -999 {-999.0 -999.0 -999.0 -999.0 -999.0} "" -999.0 -999.0 -999.0 -999.0 -999 -999 "" "" "" "" 0 0 0.0 0.0 -999 ""
FIBERMAP 682 R-8C1 APOGEE 1 1 0 1 0 0 -211.7426747194714 -141.31299776013196 143.1 79.43314217341671 -241.8454139892407 155.66037 84.37221 247.1853711480672 -26.68839045283028 -7.7404513 1.4415423 1.4034505 247.18536545406897 -26.688428315058758 247.25789494838705 -26.748103184927402 86.56564662944955 49.36829978713672 16000.0 16600.0 2016.0 2 257 {-999.0 11.616575 10.7372675 10.363618 -999.0} sdss_psfmag_from_g3xp 11.339826 10.741889 9.999249 8.448 63050396393373949 1109882442 bright_1x1 mwm_tess_rgb_apogee mwm_tessrgb science 0 0 0.0 0.0 -999 ""
FIBERMAP 682 R-8C1 BOSS 0 0 0 1 0 0 -211.3631045894542 -140.66193492891787 143.1 78.90755383232046 -241.30535378165195 155.66037 84.37221 -999.0 -999.0 -999.0 -999.0 -999.0 247.18360744578618 -26.686812234100973 247.25612095326028 -26.746500355277206 86.56575080113556 49.33071990749869 -999.0 5400.0 -999.0 1 527 {-999.0 -999.0 -999.0 -999.0 -999.0} "" -999.0 -999.0 -999.0 -999.0 -999 -999 "" "" "" "" 0 0 0.0 0.0 -999 ""
FIBERMAP 682 R-8C1 METROLOGY 0 0 0 1 0 0 -210.99184836275944 -141.31212431709903 143.1 79.63339418297984 -241.12181720284627 155.66037 84.37221 -999.0 -999.0 -999.0 -999.0 -999.0 247.18607826040505 -26.68630239618373 247.2585938957958 -26.745982316921456 86.56376351369971 49.34897032936607 -999.0 6231.0 -999.0 -1 -999 {-999.0 -999.0 -999.0 -999.0 -999.0} "" -999.0 -999.0 -999.0 -999.0 -999 -999 "" "" "" "" 0 0 0.0 0.0 -999 ""
FIBERMAP 684 R-12C13 APOGEE 0 0 0 1 0 0 112.04278424817234 -255.06170445018455 143.1 275.7405042284841 39.63144854145364 349.7509 14.777233 -999.0 -999.0 -999.0 -999.0 -999.0 247.84517359371534 -25.83571215869108 247.91532171307313 -25.89404018998956 85.54931058491007 46.30169797663774 -999.0 16600.0 -999.0 2 -999 {-999.0 -999.0 -999.0 -999.0 -999.0} "" -999.0 -999.0 -999.0 -999.0 -999 -999 "" "" "" "" 0 0 0.0 0.0 -999 ""
FIBERMAP 684 R-12C13 BOSS 1 1 0 1 0 0 111.32485088401764 -255.10619654401938 143.1 275.5910851158459 38.92785923276412 349.7509 14.777233 247.84502706148893 -25.837789087081337 -37.34264 -38.96246 0.8142408 247.84468325833973 -25.837831060261106 247.9148245029262 -25.896171558360926 85.55114100856541 46.31690677984466 5400.0 5400.0 2016.0 1 429 {-999.0 17.457922 16.58541 16.155802 -999.0} sdss_psfmag_ps1 17.154343 16.526777 15.74009 14.107 63050396393457830 982189943 "" ops_std_boss_tic ops_std standard_boss 0 0 0.0 0.0 -999 ""
FIBERMAP 684 R-12C13 METROLOGY 0 0 0 1 0 0 111.62676757507995 -254.44007084064816 143.1 275.03018698031434 39.39714066854768 349.7509 14.777233 -999.0 -999.0 -999.0 -999.0 -999.0 247.84286433330536 -25.836413021204233 247.91300467566475 -25.894754903549828 85.55128384650135 46.28905721869609 -999.0 6231.0 -999.0 -1 -999 {-999.0 -999.0 -999.0 -999.0 -999.0} "" -999.0 -999.0 -999.0 -999.0 -999 -999 "" "" "" "" 0 0 0.0 0.0 -999 ""
FIBERMAP 686 R+8C2 APOGEE 0 0 0 1 0 0 -166.16092015617883 152.1911591427203 143.1 -191.12716461528572 -119.32184173085548 350.97382 113.471756 -999.0 -999.0 -999.0 -999.0 -999.0 246.27178340959907 -26.314638520424072 246.34296403264364 -26.376588063979646 86.82015501130057 34.37301921211764 -999.0 16600.0 -999.0 2 -999 {-999.0 -999.0 -999.0 -999.0 -999.0} "" -999.0 -999.0 -999.0 -999.0 -999 -999 "" "" "" "" 0 0 0.0 0.0 -999 ""
FIBERMAP 686 R+8C2 BOSS 1 1 0 1 0 0 -165.96910403142408 151.46656405965146 143.1 -190.3776995254682 -119.33110979270742 350.97382 113.471756 246.27397213288987 -26.314707724121448 7.852357 -2.2673743 0.08693781 246.27427326417333 -26.314701051310006 246.34544739645423 -26.376654615328803 86.81898392656842 34.407136476070434 5400.0 5400.0 2016.0 1 71 {-999.0 15.945339 14.952452 14.458306 -999.0} sdss_psfmag_from_g3xp 15.609028 14.90268 14.075833 12.239 63050396393319259 1071861498 dark_flexible_2x1 mwm_halo_mp_xp_boss mwm_halo science 0 0 0.9054356217384338 0.0 -999 ""
FIBERMAP 686 R+8C2 METROLOGY 0 0 0 1 0 0 -166.68769018268353 151.66011154036028 143.1 -190.75662610725678 -119.97157397295285 350.97382 113.471756 -999.0 -999.0 -999.0 -999.0 -999.0 246.27295281410633 -26.31664670454323 246.34413442529217 -26.378600053106062 86.82125546654358 34.40879354443564 -999.0 6231.0 -999.0 -1 -999 {-999.0 -999.0 -999.0 -999.0 -999.0} "" -999.0 -999.0 -999.0 -999.0 -999 -999 "" "" "" "" 0 0 0.0 0.0 -999 ""
FIBERMAP 696 R+9C5 APOGEE 1 1 0 1 0 0 -109.78182034545014 179.16585962590966 143.1 -202.01520214597764 -57.78033737444297 124.40884 142.01463 246.23636287125146 -26.128081697443655 -1.3393013 -5.044878 0.21641208 246.23637572700335 -26.128095449435538 246.3069969250007 -26.190179212728275 86.67986637038231 32.133710237582875 16000.0 16600.0 2016.0 2 45 {-999.0 14.758672 13.606013 13.062287 -999.0} sdss_psfmag_from_g3xp 14.340863 13.544139 12.664685 10.64 63050396393329273 1153043064 bright_1x1 mwm_galactic_core_dist_apogee_sparse mwm_galactic science 0 0 0.0 0.0 -999 ""
FIBERMAP 696 R+9C5 BOSS 0 0 0 1 0 0 -109.77896713287306 179.91882191107393 143.1 -202.73985862487737 -57.575922956965734 124.40884 142.01463 -999.0 -999.0 -999.0 -999.0 -999.0 246.2339009571762 -26.127458763176318 246.30451245192137 -26.189559207144388 86.68049105666509 32.09523459546523 -999.0 5400.0 -999.0 1 80 {-999.0 -999.0 -999.0 -999.0 -999.0} "" -999.0 -999.0 -999.0 -999.0 -999 -999 "" "" "" "" 0 0 0.0 0.0 -999 ""
FIBERMAP 696 R+9C5 METROLOGY 0 0 0 1 0 0 -109.12939293259755 179.52776164162086 143.1 -202.18912726016308 -57.054846195268674 124.40884 142.01463 -999.0 -999.0 -999.0 -999.0 -999.0 246.23572595849265 -26.125907439412003 246.3063353968505 -26.18800096310717 86.67831090803045 32.105462173756905 -999.0 6231.0 -999.0 -1 -999 {-999.0 -999.0 -999.0 -999.0 -999.0} "" -999.0 -999.0 -999.0 -999.0 -999 -999 "" "" "" "" 0 0 0.0 0.0 -999 ""
FIBERMAP 697 R-7C20 APOGEE 1 1 0 1 0 0 201.49311095351942 -152.3295396550494 143.1 200.72348913308107 153.32459971948282 286.76422 54.19657 247.59279904158294 -25.492346433449875 -10.119909 -19.02802 6.439161 247.59278169296886 -25.49237742612958 247.66186122960517 -25.551402902782126 85.44856126614319 41.21243965612973 16000.0 16600.0 2016.0 2 194 {-999.0 18.892633 16.820042 15.079116 -999.0} sdss_psfmag_ps1 17.841816 15.689152 14.326455 11.012 63050396393532524 1034990649 bright_1x1 mwm_yso_pms_apogee_zari18pms_single mwm_yso science 0 0 0.0 0.0 -999 ""
FIBERMAP 697 R-7C20 BOSS 0 0 0 1 0 0 200.81466171279683 -152.10966826597223 143.1 200.32995136274423 152.72985465493514 286.76422 54.19657 -999.0 -999.0 -999.0 -999.0 -999.0 247.59150652887206 -25.49414813027816 247.66057890696436 -25.55318930757155 85.45067475851354 41.21559868925806 -999.0 5400.0 -999.0 1 267 {-999.0 -999.0 -999.0 -999.0 -999.0} "" -999.0 -999.0 -999.0 -999.0 -999 -999 "" "" "" "" 0 0 0.0 0.0 -999 ""
FIBERMAP 697 R-7C20 METROLOGY 0 0 0 1 0 0 201.3322218896332 -151.6040076795603 143.1 199.98140460178692 153.36391452882552 286.76422 54.19657 -999.0 -999.0 -999.0 -999.0 -999.0 247.5903662647109 -25.492210164491976 247.65943612287765 -25.55125087884816 85.4498411902175 41.18999286371303 -999.0 6231.0 -999.0 -1 -999 {-999.0 -999.0 -999.0 -999.0 -999.0} "" -999.0 -999.0 -999.0 -999.0 -999 -999 "" "" "" "" 0 0 0.0 0.0 -999 ""
FIBERMAP 700 R+2C2 APOGEE 0 0 0 1 0 0 -245.38834829922186 27.586536484585736 143.1 -92.29974136752848 -229.02411559847837 260.8209 131.21507 -999.0 -999.0 -999.0 -999.0 -999.0 246.60395539033297 -26.648317768988754 246.67621414570726 -26.709388564266806 86.90386871231105 42.39790702312905 -999.0 16600.0 -999.0 2 -999 {-999.0 -999.0 -999.0 -999.0 -999.0} "" -999.0 -999.0 -999.0 -999.0 -999 -999 "" "" "" "" 0 0 0.0 0.0 -999 ""
FIBERMAP 700 R+2C2 BOSS 1 1 0 1 0 0 -246.0326591398346 27.198736212893905 143.1 -92.09869143800863 -229.74872340988318 260.8209 131.21507 246.6046142578125 -26.650522419652816 -999.0 -999.0 -999.0 246.60462925128675 -26.65051170670771 246.676886146029 -26.71158901406925 86.90512487327383 42.43316196582009 5400.0 5400.0 2015.5 1 10 {-999.0 -999.0 -999.0 -999.0 -999.0} "" -999.0 -999.0 -999.0 -999.0 27021603175502418 823837554 "" ops_sky_boss_good ops_sky sky_boss 0 0 0.0 0.0 -999 ""
FIBERMAP 700 R+2C2 METROLOGY 0 0 0 1 0 0 -246.05512047265634 27.925524811124518 143.1 -92.80491158728343 -229.57570767730653 260.8209 131.21507 -999.0 -999.0 -999.0 -999.0 -999.0 246.6022212599569 -26.650017211921654 246.674478477908 -26.71109791174739 86.90617619123694 42.397232783261416 -999.0 6231.0 -999.0 -1 -999 {-999.0 -999.0 -999.0 -999.0 -999.0} "" -999.0 -999.0 -999.0 -999.0 -999 -999 "" "" "" "" 0 0 0.0 0.0 -999 ""
FIBERMAP 701 R+2C8 APOGEE 0 0 0 1 0 0 -108.71867051841075 52.63701403056895 143.1 -79.8297482396054 -90.64424207454762 85.50883 108.74398 -999.0 -999.0 -999.0 -999.0 -999.0 246.64765707079908 -26.2304603153162 246.71868708274053 -26.291539985404 86.55597584539761 38.27939898144291 -999.0 16600.0 -999.0 2 -999 {-999.0 -999.0 -999.0 -999.0 -999.0} "" -999.0 -999.0 -999.0 -999.0 -999 -999 "" "" "" "" 0 0 0.0 0.0 -999 ""
FIBERMAP 701 R+2C8 BOSS 1 1 0 1 0 0 -107.97220941826262 52.820359233027276 143.1 -79.80646273628258 -89.87597953986905 85.50883 108.74398 246.6477115872993 -26.228153580110018 -1.1774399 -2.0984738 0.04236893 246.6477084223015 -26.228167426354403 246.71872296769732 -26.289257886300067 86.55413777254228 38.25688319577159 5400.0 5400.0 2016.0 1 45 {-999.0 17.046862 15.984194 15.444693 -999.0} sdss_psfmag_ps1 16.624905 15.901147 15.06309 13.248 63050396393483987 1071751185 dark_flexible_2x1 mwm_halo_vmp_xp_boss mwm_halo science 0 0 0.0 0.0 -999 ""
FIBERMAP 701 R+2C8 METROLOGY 0 0 0 1 0 0 -108.19510787281462 52.102803984863634 143.1 -79.17485280991647 -90.28290739793088 85.50883 108.74398 -999.0 -999.0 -999.0 -999.0 -999.0 246.64982705574064 -26.229424143552794 246.7208483198434 -26.290506306529434 86.55398126506854 38.294693825653894 -999.0 6231.0 -999.0 -1 -999 {-999.0 -999.0 -999.0 -999.0 -999.0} "" -999.0 -999.0 -999.0 -999.0 -999 -999 "" "" "" "" 0 0 0.0 0.0 -999 ""
FIBERMAP 702 R-4C16 APOGEE 0 0 0 1 0 0 86.91145574975239 -66.99528747297055 143.1 87.82221194225384 65.78911487713098 85.11722 135.2023 -999.0 -999.0 -999.0 -999.0 -999.0 247.2150886312931 -25.75699807452516 247.28486063782395 -25.816854143484324 85.86892595121721 39.94458575681699 -999.0 16600.0 -999.0 2 -999 {-999.0 -999.0 -999.0 -999.0 -999.0} "" -999.0 -999.0 -999.0 -999.0 -999 -999 "" "" "" "" 0 0 0.0 0.0 -999 ""
FIBERMAP 702 R-4C16 BOSS 1 1 0 1 0 0 87.46874348141135 -66.52389065104025 143.1 87.51731587007066 66.45227231362425 85.11722 135.2023 247.21413016748164 -25.75490877296719 -0.6189558 -11.132789 1.1163427 247.2141245718346 -25.754937439352695 247.28387955649362 -25.814808482393197 85.86787733411984 39.91729834704114 5400.0 5400.0 2016.0 1 318 {-999.0 17.18925 15.966758 15.4599085 -999.0} sdss_psfmag_ps1 16.699038 15.8688965 14.956188 12.888 63050396393504661 1035052014 bright_1x1 mwm_yso_pms_boss_sagitta_edr3_single mwm_yso science 0 0 0.0 0.0 -999 ""
FIBERMAP 702 R-4C16 METROLOGY 0 0 0 1 0 0 87.61490511561904 -67.24956528650901 143.1 88.25559340193765 66.39873056160398 85.11722 135.2023 -999.0 -999.0 -999.0 -999.0 -999.0 247.21661726458711 -25.755099252232295 247.28637634319 -25.81496086959989 85.86659504907084 39.94299961114234 -999.0 6231.0 -999.0 -1 -999 {-999.0 -999.0 -999.0 -999.0 -999.0} "" -999.0 -999.0 -999.0 -999.0 -999 -999 "" "" "" "" 0 0 0.0 0.0 -999 ""
FIBERMAP 703 R0C3 APOGEE 0 0 0 1 0 0 -259.3383360606606 0.6493099168692905 143.1 -70.08403599256347 -249.67843078215753 173.2923 120.23544 -999.0 -999.0 -999.0 -999.0 -999.0 246.6789514362759 -26.710868108322476 246.75141657392078 -26.771743665801594 86.90505166469103 44.0949013943997 -999.0 16600.0 -999.0 2 252 {-999.0 -999.0 -999.0 -999.0 -999.0} "" -999.0 -999.0 -999.0 -999.0 -999 -999 "" "" "" "" 0 0 0.0 0.0 -999 ""
FIBERMAP 703 R0C3 BOSS 1 1 0 1 0 0 -259.5529576965342 1.3683305816298967 143.1 -70.83423855384713 -249.692627052277 173.2923 120.23544 246.6764202969526 -26.710895723441546 -8.519386 -0.065285936 0.3973266 246.67641893396063 -26.710893977126748 246.74887463327525 -26.771784037345714 86.90662758612915 44.06463711264951 5400.0 5400.0 2016.0 1 521 {-999.0 17.37378 16.788235 16.49424 -999.0} sdss_psfmag_ps1 17.219685 16.792007 16.165987 14.963 63050396393258983 981920761 "" ops_std_boss_tic ops_std standard_boss 0 0 0.0 0.0 -999 ""
FIBERMAP 703 R0C3 METROLOGY 0 0 0 1 0 0 -258.82242120104746 1.1864387489639674 143.1 -70.46334062764184 -249.0375279166953 173.2923 120.23544 -999.0 -999.0 -999.0 -999.0 -999.0 246.67766226697387 -26.708982509784686 246.75011509667252 -26.769867728868466 86.9044701851165 44.055478628732146 -999.0 6231.0 -999.0 -1 -999 {-999.0 -999.0 -999.0 -999.0 -999.0} "" -999.0 -999.0 -999.0 -999.0 -999 -999 "" "" "" "" 0 0 0.0 0.0 -999 ""
FIBERMAP 708 R+12C13 APOGEE 0 0 0 1 0 0 129.37498242814172 239.28730386240215 143.1 -195.88427713667429 188.73095953091777 59.499104 71.076485 -999.0 -999.0 -999.0 -999.0 -999.0 246.26455588200983 -25.382498627225875 246.33300363364845 -25.444716532188934 86.01335253557981 26.85731544172984 -999.0 16600.0 -999.0 2 -999 {-999.0 -999.0 -999.0 -999.0 -999.0} "" -999.0 -999.0 -999.0 -999.0 -999 -999 "" "" "" "" 0 0 0.0 0.0 -999 ""
FIBERMAP 708 R+12C13 BOSS 1 1 0 1 0 0 129.87002146432923 238.75561997223707 143.1 -195.239454927743 189.06549050543128 59.499104 71.076485 246.26659274937222 -25.381434700703984 -13.3366995 -21.59802 7.2855663 246.26673183371048 -25.381490124551156 246.3351699421255 -25.443716588209004 86.011597323023 26.876315910076187 5400.0 5400.0 2016.0 1 105 {-999.0 19.06071 17.089031 14.945017 -999.0} sdss_psfmag_gaia 16.998474 15.679662 13.687091 10.581 63050396395027049 1076014824 bright_1x1 mwm_erosita_stars_boss mwm_erosita science 0 0 0.7672389149665833 0.0 -999 ""
FIBERMAP 708 R+12C13 METROLOGY 0 0 0 1 0 0 129.1361815165582 238.57845102758876 143.1 -195.26531045766828 188.3110416548593 59.499104 71.076485 -999.0 -999.0 -999.0 -999.0 -999.0 246.2665718933562 -25.383728554358953 246.3350185225114 -25.44595097759002 86.01366598260724 26.888618447270858 -999.0 6231.0 -999.0 -1 -999 {-999.0 -999.0 -999.0 -999.0 -999.0} "" -999.0 -999.0 -999.0 -999.0 -999 -999 "" "" "" "" 0 0 0.0 0.0 -999 ""
FIBERMAP 711 R-8C15 APOGEE 1 1 0 1 0 0 100.84662384495867 -160.0199555438922 143.1 181.17650139360774 54.29980920054157 195.49422 124.03891 247.5289126754188 -25.791872332059118 -3.9457982 -0.43337342 0.2510525 247.5289155675861 -25.79187253487922 247.59886291950033 -25.85096950267923 85.71276296760584 43.18840830479343 16000.0 16600.0 2016.0 2 201 {-999.0 15.995232 14.104517 13.116472 -999.0} sdss_psfmag_from_g3xp 15.106951 13.750721 12.614179 9.578 63050396393525455 1153043200 bright_1x1 mwm_galactic_core_dist_apogee_sparse mwm_galactic science 0 0 0.0 0.0 -999 ""
FIBERMAP 711 R-8C15 BOSS 0 0 0 1 0 0 100.24931777121165 -159.58112226179395 143.1 180.5937433934785 53.84188374299046 195.49422 124.03891 -999.0 -999.0 -999.0 -999.0 -999.0 247.52704183836144 -25.79323225767785 247.59698090265738 -25.852345338912748 85.71491680666435 43.18372640303488 -999.0 5400.0 -999.0 1 284 {-999.0 -999.0 -999.0 -999.0 -999.0} "" -999.0 -999.0 -999.0 -999.0 -999 -999 "" "" "" "" 0 0 0.0 0.0 -999 ""
FIBERMAP 711 R-8C15 METROLOGY 0 0 0 1 0 0 100.94928856229937 -159.27799233312305 143.1 180.48917414112225 54.59743836968914 195.49422 124.03891 -999.0 -999.0 -999.0 -999.0 -999.0 247.5267065522456 -25.79093909621344 247.59664213603173 -25.850050206080084 85.71340507538811 43.160260793670545 -999.0 6231.0 -999.0 -1 -999 {-999.0 -999.0 -999.0 -999.0 -999.0} "" -999.0 -999.0 -999.0 -999.0 -999 -999 "" "" "" "" 0 0 0.0 0.0 -999 ""
FIBERMAP 712 R-7C5 APOGEE 1 1 0 1 0 0 -133.52862218809943 -146.184427910384 143.1 105.07442304632582 -167.79696498314829 235.75627 105.66977 247.27272158439482 -26.4651534172279 -4.7247896 -4.214002 0.30355963 247.2727125287707 -26.465164473260376 247.34459688944105 -26.524691233492643 86.35674308230547 47.57223837471042 16000.0 16600.0 2016.0 2 298 {-999.0 14.193228 12.456306 11.236992 -999.0} sdss_psfmag_from_g3xp 13.408283 11.930586 10.741502 7.768 63050396393384870 1156256717 bright_1x1 mwm_galactic_core_dist_apogee_extra mwm_galactic science 0 0 0.0 0.0 -999 ""
FIBERMAP 712 R-7C5 BOSS 0 0 0 1 0 0 -134.21877760855105 -145.9369927253353 143.1 104.65119443924391 -168.39560564248663 235.75627 105.66977 -999.0 -999.0 -999.0 -999.0 -999.0 247.27132175951985 -26.467013384927284 247.34320028525337 -26.52655241539318 86.35893339436383 47.57975512402885 -999.0 5400.0 -999.0 1 489 {-999.0 -999.0 -999.0 -999.0 -999.0} "" -999.0 -999.0 -999.0 -999.0 -999 -999 "" "" "" "" 0 0 0.0 0.0 -999 ""
FIBERMAP 712 R-7C5 METROLOGY 0 0 0 1 0 0 -133.6633882889573 -145.45591104761905 143.1 104.33645931016585 -167.7316832876945 235.75627 105.66977 -999.0 -999.0 -999.0 -999.0 -999.0 247.2702755462999 -26.465036506849117 247.34215103936072 -26.524575898303127 86.35824163036558 47.547069655753205 -999.0 6231.0 -999.0 -1 -999 {-999.0 -999.0 -999.0 -999.0 -999.0} "" -999.0 -999.0 -999.0 -999.0 -999 -999 "" "" "" "" 0 0 0.0 0.0 -999 ""
FIBERMAP 713 R+3C9 APOGEE 0 0 0 1 0 0 -79.61275159204828 39.398058359557496 143.1 -59.27961727221779 -66.14873470536354 308.00497 67.42881 -999.0 -999.0 -999.0 -999.0 -999.0 246.71744737034408 -26.15648126512864 246.78827646665104 -26.21741493336124 86.45919976344153 38.35978169804298 -999.0 16600.0 -999.0 2 22 {-999.0 -999.0 -999.0 -999.0 -999.0} "" -999.0 -999.0 -999.0 -999.0 -999 -999 "" "" "" "" 0 0 0.0 0.0 -999 ""
FIBERMAP 713 R+3C9 BOSS 1 1 0 1 0 0 -80.30566971635716 39.155548049755936 143.1 -59.23156139951196 -66.88125890887933 308.00497 67.42881 246.71758029043852 -26.158718466795662 -5.9364033 -2.2471216 0.076916635 246.71757126565382 -26.158732619795277 246.78839809678072 -26.219675944029195 86.46093384090553 38.38334681340331 5400.0 5400.0 2016.0 1 32 {-999.0 16.555244 15.549264 15.046135 -999.0} sdss_psfmag_ps1 16.166763 15.467874 14.63931 12.807 63050396393487031 1071804002 dark_flexible_2x1 mwm_halo_mp_xp_boss mwm_halo science 0 0 0.0 0.0 -999 ""
FIBERMAP 713 R+3C9 METROLOGY 0 0 0 1 0 0 -80.1573564530207 39.897353955864496 143.1 -59.90651107050443 -66.5396930435776 308.00497 67.42881 -999.0 -999.0 -999.0 -999.0 -999.0 246.71528449166877 -26.157695553220723 246.78611022144992 -26.21864160756305 86.46135206869917 38.34673305881307 -999.0 6231.0 -999.0 -1 -999 {-999.0 -999.0 -999.0 -999.0 -999.0} "" -999.0 -999.0 -999.0 -999.0 -999 -999 "" "" "" "" 0 0 0.0 0.0 -999 ""
FIBERMAP 718 R+2C7 APOGEE 1 1 0 1 0 0 -154.44237980762938 36.02047596107859 143.1 -76.06716660899467 -139.1458833918487 240.90985 52.36046 246.65980239437616 -26.377398949251614 -4.8082557 -11.870482 0.14909324 246.6597858355213 -26.37743838424623 246.73125421676377 -26.438449535713143 86.66480304989233 39.95961325249084 16000.0 16600.0 2016.0 2 29 {-999.0 14.8912945 13.693094 13.119515 -999.0} sdss_psfmag_from_g3xp 14.450352 13.618179 12.719653 10.59 63050396393480921 1156256688 bright_1x1 mwm_galactic_core_dist_apogee_extra mwm_galactic science 0 0 0.0 0.0 -999 ""
FIBERMAP 718 R+2C7 BOSS 0 0 0 1 0 0 -154.7435746848173 36.701806403825906 143.1 -76.80424444447969 -139.25358080903706 240.90985 52.36046 -999.0 -999.0 -999.0 -999.0 -999.0 246.65726419430297 -26.37779879456589 246.7287242452652 -26.438825577951683 86.66651650703317 39.93332750448559 -999.0 5400.0 -999.0 1 48 {-999.0 -999.0 -999.0 -999.0 -999.0} "" -999.0 -999.0 -999.0 -999.0 -999 -999 "" "" "" "" 0 0 0.0 0.0 -999 ""
FIBERMAP 718 R+2C7 METROLOGY 0 0 0 1 0 0 -154.0137298497067 36.63119138126121 143.1 -76.54073832526383 -138.5693448137205 240.90985 52.36046 -999.0 -999.0 -999.0 -999.0 -999.0 246.65815073574126 -26.375752170107504 246.7296074239457 -26.436774645169244 86.66442279037771 39.92181942770833 -999.0 6231.0 -999.0 -1 -999 {-999.0 -999.0 -999.0 -999.0 -999.0} "" -999.0 -999.0 -999.0 -999.0 -999 -999 "" "" "" "" 0 0 0.0 0.0 -999 ""
FIBERMAP 720 R-7C15 APOGEE 0 0 0 1 0 0 105.1291711911613 -119.22581797475192 143.1 143.02151254724947 69.35158732748364 106.62048 83.18624 -999.0 -999.0 -999.0 -999.0 -999.0 247.40072224892882 -25.74629653617747 247.47050580176506 -25.8057122681273 85.75426585999328 41.61652602413824 -999.0 16600.0 -999.0 2 -999 {-999.0 -999.0 -999.0 -999.0 -999.0} "" -999.0 -999.0 -999.0 -999.0 -999 -999 "" "" "" "" 0 0 0.0 0.0 -999 ""
FIBERMAP 720 R-7C15 BOSS 1 1 0 1 0 0 105.91665470538366 -119.12604970128055 143.1 143.13630494312275 70.13698739714444 106.62048 83.18624 247.40092689746155 -25.743862304050786 6.4643836 -4.879803 1.1527625 247.4011789706827 -25.743874883674064 247.470944080167 -25.803302355464073 85.75216974886291 41.59960732789381 5400.0 5400.0 2016.0 1 283 {-999.0 16.676497 15.5782585 14.935562 -999.0} sdss_psfmag_ps1 16.220543 15.42074 14.507223 12.456 63050396393526295 1035052042 bright_1x1 mwm_yso_pms_boss_sagitta_edr3_single mwm_yso science 0 0 0.770035982131958 0.0 -999 ""
FIBERMAP 720 R-7C15 METROLOGY 0 0 0 1 0 0 105.60536404385438 -119.80265294581395 143.1 143.704786748891 69.65586867381346 106.62048 83.18624 -999.0 -999.0 -999.0 -999.0 -999.0 247.40310778226387 -25.74532883323743 247.47288084906154 -25.804747848713525 85.75214946072659 41.63018354508756 -999.0 6231.0 -999.0 -1 -999 {-999.0 -999.0 -999.0 -999.0 -999.0} "" -999.0 -999.0 -999.0 -999.0 -999 -999 "" "" "" "" 0 0 0.0 0.0 -999 ""
FIBERMAP 722 R-4C20 APOGEE 0 0 0 1 0 0 182.83157180890274 -67.04289635927697 143.1 113.55832332779312 158.18794226040276 55.45807 132.03891 -999.0 -999.0 -999.0 -999.0 -999.0 247.3011579618027 -25.477289799185883 247.37012796840781 -25.537016212326932 85.60073723994407 38.453225557635164 -999.0 16600.0 -999.0 2 -999 {-999.0 -999.0 -999.0 -999.0 -999.0} "" -999.0 -999.0 -999.0 -999.0 -999 -999 "" "" "" "" 0 0 0.0 0.0 -999 ""
FIBERMAP 722 R-4C20 BOSS 1 1 0 1 0 0 183.58109577134448 -66.93526486714369 143.1 113.65537343286626 158.93887725404284 55.45807 132.03891 247.30152953956375 -25.474935644280897 1.0420728 -3.0344613 1.2036475 247.30152522500987 -25.47496165301255 247.3704774667524 -25.534700995228306 85.59869955533352 38.438321870769244 5400.0 5400.0 2016.0 1 312 {-999.0 17.860556 16.623613 16.149687 -999.0} sdss_psfmag_ps1 17.389519 16.572235 15.651675 13.542 63050396393531811 1096501603 bright_1x1 mwm_bin_vis_boss mwm_filler science 0 0 0.0 0.0 -999 ""
FIBERMAP 722 R-4C20 METROLOGY 0 0 0 1 0 0 183.29497477419562 -67.6300555442974 143.1 114.24811859724403 158.4771364142101 55.45807 132.03891 -999.0 -999.0 -999.0 -999.0 -999.0 247.30353016386283 -25.476342131942932 247.37249002576607 -25.536072576578825 85.59869957345575 38.46797640790288 -999.0 6231.0 -999.0 -1 -999 {-999.0 -999.0 -999.0 -999.0 -999.0} "" -999.0 -999.0 -999.0 -999.0 -999 -999 "" "" "" "" 0 0 0.0 0.0 -999 ""
FIBERMAP 725 R-11C8 APOGEE 1 1 0 1 0 0 8.697929709762317 -206.42123045979793 143.1 201.2003786209725 -46.905931023730176 81.199776 40.28855 247.5969290557681 -26.098370087809947 3.1313903 -14.194789 2.6296732 247.59690725618287 -26.098419446067076 247.66777793969868 -26.157270637379057 85.8927870132944 46.679805209256244 16000.0 16600.0 2016.0 2 173 {-999.0 13.3292465 12.654649 12.349919 -999.0} sdss_psfmag_from_g3xp 13.147244 12.655574 11.990881 10.691 63050396393403166 975299588 "" ops_std_apogee ops_std standard_apogee 0 0 0.0 0.0 -999 ""
FIBERMAP 725 R-11C8 BOSS 0 0 0 1 0 0 9.07420796392255 -207.05132562746556 143.1 201.9082047990494 -46.712174285151775 81.199776 40.28855 -999.0 -999.0 -999.0 -999.0 -999.0 247.59935098852472 -26.097825414130103 247.6702083059904 -26.156681785372964 85.89082525386529 46.69545551344163 -999.0 5400.0 -999.0 1 415 {-999.0 -999.0 -999.0 -999.0 -999.0} "" -999.0 -999.0 -999.0 -999.0 -999 -999 "" "" "" "" 0 0 0.0 0.0 -999 ""
FIBERMAP 725 R-11C8 METROLOGY 0 0 0 1 0 0 8.341090592816713 -207.078678925623 143.1 201.73820706239886 -47.42580192831823 81.199776 40.28855 -999.0 -999.0 -999.0 -999.0 -999.0 247.5988128560401 -26.099998809125324 247.66967995274263 -26.158852793267116 85.89269235225062 46.712276083178836 -999.0 6231.0 -999.0 -1 -999 {-999.0 -999.0 -999.0 -999.0 -999.0} "" -999.0 -999.0 -999.0 -999.0 -999 -999 "" "" "" "" 0 0 0.0 0.0 -999 ""
FIBERMAP 727 R+5C12 APOGEE 1 1 0 1 0 0 27.733656820908468 105.9833900647581 143.1 -94.67886747836071 55.10470965578097 69.95459 69.04344 246.599910214909 -25.787882425966295 0.5827028 -3.4185433 0.32993248 246.59988171578067 -25.78791241047294 246.66959621823094 -25.849225113833295 86.21814325331196 33.688805809335236 16000.0 16600.0 2016.0 2 132 {-999.0 15.230553 13.161284 11.978034 -999.0} sdss_psfmag_from_g3xp 14.218556 12.64192 11.435424 8.056 63050396393516364 1156256781 bright_1x1 mwm_galactic_core_dist_apogee_extra mwm_galactic science 0 0 0.0 0.0 -999 ""
FIBERMAP 727 R+5C12 BOSS 0 0 0 1 0 0 28.302603770593002 105.49852740815517 143.1 -94.05935916470689 55.522985273100375 69.95459 69.04344 -999.0 -999.0 -999.0 -999.0 -999.0 246.60192806407034 -25.7866095309059 246.67163075421956 -25.84792966947462 86.21606511806115 33.70159546113359 -999.0 5400.0 -999.0 1 121 {-999.0 -999.0 -999.0 -999.0 -999.0} "" -999.0 -999.0 -999.0 -999.0 -999 -999 "" "" "" "" 0 0 0.0 0.0 -999 ""
FIBERMAP 727 R+5C12 METROLOGY 0 0 0 1 0 0 27.59184611960727 105.2559532357991 143.1 -94.01601971824114 54.77325696755229 69.95459 69.04344 -999.0 -999.0 -999.0 -999.0 -999.0 246.60204695968258 -25.788883150067658 246.67175875690498 -25.850199000714433 86.21791401158642 33.721615478130275 -999.0 6231.0 -999.0 -1 -999 {-999.0 -999.0 -999.0 -999.0 -999.0} "" -999.0 -999.0 -999.0 -999.0 -999 -999 "" "" "" "" 0 0 0.0 0.0 -999 ""
FIBERMAP 728 R+7C12 APOGEE 1 1 0 1 0 0 47.873361292499794 121.59186085073998 143.1 -104.32240775053343 78.688160077372 7.0073476 53.643833 246.5679121318038 -25.71623104107963 -1.7142301 -6.135582 0.64071685 246.56790243916237 -25.71625334458124 246.63739896055858 -25.777661375856436 86.17297659165635 32.744991562215375 16000.0 16600.0 2016.0 2 143 {-999.0 18.066992 16.677483 15.861448 -999.0} sdss_psfmag_ps1 17.48304 16.398024 15.349399 12.681 63050396393521839 1034724274 bright_1x1 mwm_yso_variable_apogee_single mwm_yso science 0 0 0.0 0.0 -999 ""
FIBERMAP 728 R+7C12 BOSS 0 0 0 1 0 0 47.49781740205156 120.9441492253863 143.1 -103.79896968984892 78.15287639079476 7.0073476 53.643833 -999.0 -999.0 -999.0 -999.0 -999.0 246.56960358036574 -25.717832243391218 246.63909677247727 -25.779248009126363 86.17352304710431 32.77697429453406 -999.0 5400.0 -999.0 1 144 {-999.0 -999.0 -999.0 -999.0 -999.0} "" -999.0 -999.0 -999.0 -999.0 -999 -999 "" "" "" "" 0 0 0.0 0.0 -999 ""
FIBERMAP 728 R+7C12 METROLOGY 0 0 0 1 0 0 47.100087432804315 121.56454895916727 143.1 -104.50320047448541 77.93585586767522 7.0073476 53.643833 -999.0 -999.0 -999.0 -999.0 -999.0 246.56721537407057 -25.71847629385155 246.6367122416127 -25.779894099627914 86.17520124584095 32.75468516115285 -999.0 6231.0 -999.0 -1 -999 {-999.0 -999.0 -999.0 -999.0 -999.0} "" -999.0 -999.0 -999.0 -999.0 -999 -999 "" "" "" "" 0 0 0.0 0.0 -999 ""
FIBERMAP 729 R-8C19 APOGEE 1 1 0 1 0 0 212.34720687787933 -164.6781086178644 143.1 215.52742369515036 160.4743657586724 326.03818 110.3229 247.64200683346047 -25.4707767753504 -3.637474 -38.20293 11.866896 247.64198345402443 -25.47086560766127 247.7110106029503 -25.529779221538487 85.40355987837793 41.466068340627885 16000.0 16600.0 2016.0 2 193 {-999.0 8.819402 8.510743 8.406527 -999.0} sdss_psfmag_from_g3xp 8.785718 8.518613 8.081549 7.407 63050396393532614 984778627 bright_1x1 mwm_snc_100pc_apogee mwm_snc science 0 0 0.0 0.0 -999 ""
FIBERMAP 729 R-8C19 BOSS 0 0 0 1 0 0 212.12560516715013 -165.44447055394917 143.1 216.206402379203 160.05561533803615 326.03818 110.3229 -999.0 -999.0 -999.0 -999.0 -999.0 247.6442632056026 -25.472120462071892 247.7132822712772 -25.531041500103225 85.40321194170672 41.49579202302209 -999.0 5400.0 -999.0 1 266 {-999.0 -999.0 -999.0 -999.0 -999.0} "" -999.0 -999.0 -999.0 -999.0 -999 -999 "" "" "" "" 0 0 0.0 0.0 -999 ""
FIBERMAP 729 R-8C19 METROLOGY 0 0 0 1 0 0 211.6239487687449 -164.88819225476337 143.1 215.53611304295222 159.7212961593377 326.03818 110.3229 -999.0 -999.0 -999.0 -999.0 -999.0 247.64208026538807 -25.47309877637029 247.71110521015873 -25.532021022752357 85.40522417576186 41.4848439864802 -999.0 6231.0 -999.0 -1 -999 {-999.0 -999.0 -999.0 -999.0 -999.0} "" -999.0 -999.0 -999.0 -999.0 -999 -999 "" "" "" "" 0 0 0.0 0.0 -999 ""
FIBERMAP 731 R0C27 APOGEE 0 0 0 1 0 0 299.22444215020494 -18.92115357876754 143.1 98.37021641077928 283.2118545680604 347.57794 49.35917 -999.0 -999.0 -999.0 -999.0 -999.0 247.2492297041079 -25.101029631369567 247.31708862159257 -25.160981934357803 85.32212170485735 35.20286984516849 -999.0 16600.0 -999.0 2 -999 {-999.0 -999.0 -999.0 -999.0 -999.0} "" -999.0 -999.0 -999.0 -999.0 -999 -999 "" "" "" "" 0 0 0.0 0.0 -999 ""
FIBERMAP 731 R0C27 BOSS 1 1 0 1 0 0 298.6485428378985 -19.37248907733479 143.1 98.65080022501039 282.53613933551793 347.57794 49.35917 247.25014065415414 -25.103087415843962 3.7857964 -9.047139 1.0943997 247.25016413142203 -25.103088164289474 247.31801844768563 -25.16305224748799 85.32337207993632 35.225585594735946 5400.0 5400.0 2016.0 1 182 {-999.0 17.358517 16.193188 15.424066 -999.0} sdss_psfmag_ps1 16.818302 15.860998 14.871768 12.578 63050396393546849 1035052074 bright_1x1 mwm_yso_pms_boss_sagitta_edr3_single mwm_yso science 0 0 0.0 0.0 -999 ""
FIBERMAP 731 R0C27 METROLOGY 0 0 0 1 0 0 298.5345112378009 -18.632201068992167 143.1 97.90704921727833 282.62454977221955 347.57794 49.35917 -999.0 -999.0 -999.0 -999.0 -999.0 247.24770515097936 -25.102758692287434 247.31556103343075 -25.16272460406405 85.32433913178372 35.200689705053435 -999.0 6231.0 -999.0 -1 -999 {-999.0 -999.0 -999.0 -999.0 -999.0} "" -999.0 -999.0 -999.0 -999.0 -999 -999 "" "" "" "" 0 0 0.0 0.0 -999 ""
FIBERMAP 732 R-10C12 APOGEE 0 0 0 1 0 0 64.6769839402043 -174.92921636148233 143.1 185.85311639744984 15.460030687110114 142.9745 62.61655 -999.0 -999.0 -999.0 -999.0 -999.0 247.5449725303674 -25.909559209695814 247.6152713922496 -25.968585861020664 85.78984498154254 44.404023592140845 -999.0 16600.0 -999.0 2 -999 {-999.0 -999.0 -999.0 -999.0 -999.0} "" -999.0 -999.0 -999.0 -999.0 -999 -999 "" "" "" "" 0 0 0.0 0.0 -999 ""
FIBERMAP 732 R-10C12 BOSS 1 1 0 1 0 0 65.35928553092397 -174.58127164528787 143.1 185.70063924517459 16.210565137719296 142.9745 62.61655 247.5445811247138 -25.907188632912405 -8.920398 -20.658264 5.972673 247.54453359511115 -25.907268237719318 247.61481362758764 -25.966308135587 85.78845590871381 44.37880870914552 5400.0 5400.0 2016.0 1 402 {-999.0 18.52643 16.846872 15.163449 -999.0} sdss_psfmag_ps1 17.72642 15.8441925 14.542935 11.644 63050396393456134 1075849115 bright_1x1 mwm_erosita_stars_boss mwm_erosita science 0 0 0.0 0.0 -999 ""
FIBERMAP 732 R-10C12 METROLOGY 0 0 0 1 0 0 65.29949748956994 -175.34391516501603 143.1 186.41937401030953 15.948705515837359 142.9745 62.61655 -999.0 -999.0 -999.0 -999.0 -999.0 247.54697181403841 -25.90805927073674 247.61725812764462 -25.967089840375486 85.7875332470503 44.40797757364845 -999.0 6231.0 -999.0 -1 -999 {-999.0 -999.0 -999.0 -999.0 -999.0} "" -999.0 -999.0 -999.0 -999.0 -999 -999 "" "" "" "" 0 0 0.0 0.0 -999 ""
FIBERMAP 736 R+11C12 APOGEE 1 1 0 1 0 0 79.30281561175327 225.9884373778807 143.1 -196.48265981362314 136.92848784927773 82.59803 121.22923 246.2606060708099 -25.53876794507813 -0.44125164 4.567711 3.9901433 246.2605903348787 -25.53872293293944 246.3294917213335 -25.600908122426702 86.15463151404776 27.833839580437655 16000.0 16600.0 2016.0 2 145 {-999.0 14.010073 12.934197 12.360614 -999.0} sdss_psfmag_from_g3xp 13.626988 12.839285 11.954556 10.09 63050396395019871 1035005151 bright_1x1 mwm_yso_pms_apogee_zari18pms_single mwm_yso science 0 0 0.0 0.0 -999 ""
FIBERMAP 736 R+11C12 BOSS 0 0 0 1 0 0 79.99753280137983 226.2946800045733 143.1 -196.5916349785012 137.6798147117826 82.59803 121.22923 -999.0 -999.0 -999.0 -999.0 -999.0 246.2602360398431 -25.53642357375166 246.32912340188523 -25.59862308490657 86.1527442529769 27.814006605323527 -999.0 5400.0 -999.0 1 148 {-999.0 -999.0 -999.0 -999.0 -999.0} "" -999.0 -999.0 -999.0 -999.0 -999 -999 "" "" "" "" 0 0 0.0 0.0 -999 ""
FIBERMAP 736 R+11C12 METROLOGY 0 0 0 1 0 0 79.91606606964949 225.54844849081982 143.1 -195.89451810027631 137.4014649768289 82.59803 121.22923 -999.0 -999.0 -999.0 -999.0 -999.0 246.26251526333837 -25.53725358127613 246.33140765878147 -25.59944381890533 86.15254350401374 27.846919417046536 -999.0 6231.0 -999.0 -1 -999 {-999.0 -999.0 -999.0 -999.0 -999.0} "" -999.0 -999.0 -999.0 -999.0 -999 -999 "" "" "" "" 0 0 0.0 0.0 -999 ""
FIBERMAP 738 R-6C11 APOGEE 0 0 0 1 0 0 10.146683294965376 -102.03844011951396 143.1 101.02369014034095 -17.553371138769513 86.00844 81.045746 -999.0 -999.0 -999.0 -999.0 -999.0 247.25959445718357 -26.00997034576761 247.3301235787826 -26.069651685435662 86.03664981323101 42.6866859308783 -999.0 16600.0 -999.0 2 -999 {-999.0 -999.0 -999.0 -999.0 -999.0} "" -999.0 -999.0 -999.0 -999.0 -999 -999 "" "" "" "" 0 0 0.0 0.0 -999 ""
FIBERMAP 738 R-6C11 BOSS 1 1 0 1 0 0 10.87844945321077 -102.19905676882236 143.1 101.37442042060114 -16.891389195351678 86.00844 81.045746 247.26086383242432 -26.007925587381376 -1.6491616 -9.946836 0.7045229 247.26085152505493 -26.00795903142914 247.33136407316715 -26.067649085128593 86.03440988879579 42.67967724946726 5400.0 5400.0 2016.0 1 389 {-999.0 17.478329 16.601067 16.204443 -999.0} sdss_psfmag_ps1 17.176111 16.563725 15.800023 14.242 63050396393498078 981920944 "" ops_std_boss_tic ops_std standard_boss 0 0 0.0 0.0 -999 ""
FIBERMAP 738 R-6C11 METROLOGY 0 0 0 1 0 0 10.376811176549644 -102.75015591596198 143.1 101.77100805982187 -17.522279346028427 86.00844 81.045746 -999.0 -999.0 -999.0 -999.0 -999.0 247.26219682924406 -26.00987895755594 247.3327184692364 -26.069562109040604 86.0350436901541 42.711154612906796 -999.0 6231.0 -999.0 -1 -999 {-999.0 -999.0 -999.0 -999.0 -999.0} "" -999.0 -999.0 -999.0 -999.0 -999 -999 "" "" "" "" 0 0 0.0 0.0 -999 ""
FIBERMAP 740 R-10C6 APOGEE 0 0 0 1 0 0 -56.03503079247366 -182.55560304287482 143.1 160.87029975517555 -102.87918761148444 67.66866 93.99199 -999.0 -999.0 -999.0 -999.0 -999.0 247.46133258212186 -26.268360449523893 247.5326764823442 -26.327489825456606 86.0985734219395 47.1983421484162 -999.0 16600.0 -999.0 2 -999 {-999.0 -999.0 -999.0 -999.0 -999.0} "" -999.0 -999.0 -999.0 -999.0 -999 -999 "" "" "" "" 0 0 0.0 0.0 -999 ""
FIBERMAP 740 R-10C6 BOSS 1 1 0 1 0 0 -55.29052326193863 -182.8159298809928 143.1 161.3205055708041 -102.23163568341764 67.66866 93.99199 247.4629211425781 -26.26641184253873 -999.0 -999.0 -999.0 247.46291776574432 -26.266416873927103 247.53424457310655 -26.32555320675644 86.09621506832386 47.1923929194067 5400.0 5400.0 2015.5 1 384 {-999.0 -999.0 -999.0 -999.0 -999.0} "" -999.0 -999.0 -999.0 -999.0 27021603175505138 823837929 "" ops_sky_boss_good ops_sky sky_boss 0 0 0.0 0.0 -999 ""
FIBERMAP 740 R-10C6 METROLOGY 0 0 0 1 0 0 -55.88387718020785 -183.28816758084747 143.1 161.61655217209434 -102.92976530020188 67.66866 93.99199 -999.0 -999.0 -999.0 -999.0 -999.0 247.46393514972442 -26.268543807601056 247.53527183879237 -26.327674229660467 86.09703657500862 47.224143426987155 -999.0 6231.0 -999.0 -1 -999 {-999.0 -999.0 -999.0 -999.0 -999.0} "" -999.0 -999.0 -999.0 -999.0 -999 -999 "" "" "" "" 0 0 0.0 0.0 -999 ""
FIBERMAP 745 R+1C8 APOGEE 0 0 0 1 0 0 -123.56229740334588 4.915328676662886 143.1 -37.82917484539444 -117.72620187879933 278.87753 106.15751 -999.0 -999.0 -999.0 -999.0 -999.0 246.78941941375606 -26.313164258600388 246.86073052585903 -26.373884354359323 86.54144468191176 40.78652286591614 -999.0 16600.0 -999.0 2 -999 {-999.0 -999.0 -999.0 -999.0 -999.0} "" -999.0 -999.0 -999.0 -999.0 -999 -999 "" "" "" "" 0 0 0.0 0.0 -999 ""
FIBERMAP 745 R+1C8 BOSS 1 1 0 1 0 0 -124.20947704625159 4.591605451637074 143.1 -37.690626521396666 -118.43641183011705 278.87753 106.15751 246.78956823489204 -26.315365033059386 -999.0 -999.0 -999.0 246.78986859281167 -26.315367623907104 246.86117712487703 -26.37609603225409 86.54289291414761 40.81502023366204 5400.0 5400.0 2016.0 1 47 {-999.0 17.573685 16.05368 14.345107 -999.0} sdss_psfmag_ps1 16.870998 15.300898 13.71332 11.055 63050396393476437 1055451222 bright_1x1 bhm_csc_boss bhm_csc science 0 0 0.9363293647766113 0.0 -999 ""
FIBERMAP 745 R+1C8 METROLOGY 0 0 0 1 0 0 -124.18186055543309 5.3344226009469935 143.1 -38.3988766119296 -118.21085708568344 278.87753 106.15751 -999.0 -999.0 -999.0 -999.0 -999.0 246.7874661886402 -26.31469025936257 246.85877472145228 -26.37542174300981 86.54374624415127 40.78039302000553 -999.0 6231.0 -999.0 -1 -999 {-999.0 -999.0 -999.0 -999.0 -999.0} "" -999.0 -999.0 -999.0 -999.0 -999 -999 "" "" "" "" 0 0 0.0 0.0 -999 ""
FIBERMAP 746 R-9C7 APOGEE 1 1 0 1 0 0 -64.94539651390048 -162.26644947844852 143.1 138.9368173785108 -106.02959723615564 140.88528 99.89371 247.3873901367187 -26.2781115870563 -999.0 -999.0 -999.0 247.3873754695575 -26.27810235580442 247.4587306160612 -26.337405866284108 86.15275230584038 46.61470331114174 16000.0 16600.0 2015.5 2 187 {-999.0 -999.0 -999.0 -999.0 -999.0} "" -999.0 -999.0 -999.0 -999.0 27021603175505145 848670755 "" ops_sky_apogee_best ops_sky sky_apogee 0 0 0.0 0.0 -999 ""
FIBERMAP 746 R-9C7 BOSS 0 0 0 1 0 0 -64.63205740181613 -161.61642955429699 143.1 138.39449517194313 -105.55362478928886 140.88528 99.89371 -999.0 -999.0 -999.0 -999.0 -999.0 247.38561518364585 -26.27669405190731 247.45695431120078 -26.336012324367392 86.1528981123593 46.5832455464942 -999.0 5400.0 -999.0 1 383 {-999.0 -999.0 -999.0 -999.0 -999.0} "" -999.0 -999.0 -999.0 -999.0 -999 -999 "" "" "" "" 0 0 0.0 0.0 -999 ""
FIBERMAP 746 R-9C7 METROLOGY 0 0 0 1 0 0 -64.20060836482034 -162.24061560083896 143.1 139.11140473829963 -105.30513265103616 140.88528 99.89371 -999.0 -999.0 -999.0 -999.0 -999.0 247.38805082933945 -26.275951759894312 247.45939156110978 -26.335261532103107 86.1508201966056 46.59827263313787 -999.0 6231.0 -999.0 -1 -999 {-999.0 -999.0 -999.0 -999.0 -999.0} "" -999.0 -999.0 -999.0 -999.0 -999 -999 "" "" "" "" 0 0 0.0 0.0 -999 ""
FIBERMAP 749 R-2C15 APOGEE 1 1 0 1 0 0 31.640991853960372 -52.73502421685339 143.1 59.28049151568107 16.359637894918972 271.4794 63.807243 247.11879993349757 -25.906887042362328 -0.9667271 -24.814543 2.8542209 247.11881315593507 -25.906935691287984 247.189004279227 -25.966980840490578 86.03996170671545 40.32530982989198 16000.0 16600.0 2016.0 2 227 {-999.0 15.533873 14.396771 13.79203 -999.0} sdss_psfmag_from_g3xp 15.120065 14.28841 13.376273 11.265 63050396393503546 1034935995 bright_1x1 mwm_yso_pms_apogee_sagitta_edr3_single mwm_yso science 0 0 0.0 0.0 -999 ""
FIBERMAP 749 R-2C15 BOSS 0 0 0 1 0 0 30.954566214543 -52.42353661553006 143.1 58.79655232831376 15.781745721220243 271.4794 63.807243 -999.0 -999.0 -999.0 -999.0 -999.0 247.1172289873924 -25.908667446543646 247.187414451559 -25.968727435065386 86.04221856678835 40.32514698498244 -999.0 5400.0 -999.0 1 327 {-999.0 -999.0 -999.0 -999.0 -999.0} "" -999.0 -999.0 -999.0 -999.0 -999 -999 "" "" "" "" 0 0 0.0 0.0 -999 ""
FIBERMAP 749 R-2C15 METROLOGY 0 0 0 1 0 0 31.55556061160673 -51.992187051525335 143.1 58.541944614933996 16.47628529357828 271.4794 63.807243 -999.0 -999.0 -999.0 -999.0 -999.0 247.11637468689992 -25.90655886523993 247.18655667252483 -25.96661819994646 86.04106457196477 40.29723759573989 -999.0 6231.0 -999.0 -1 -999 {-999.0 -999.0 -999.0 -999.0 -999.0} "" -999.0 -999.0 -999.0 -999.0 -999 -999 "" "" "" "" 0 0 0.0 0.0 -999 ""
FIBERMAP 750 R+11C10 APOGEE 0 0 0 1 0 0 45.86473314384588 223.98954488857038 143.1 -203.51258963992106 104.17813113656237 63.56239 92.16687 -999.0 -999.0 -999.0 -999.0 -999.0 246.23594385123567 -25.637595133248333 246.30512736139156 -25.69981209179411 86.25267483470348 28.219494124648747 -999.0 16600.0 -999.0 2 127 {-999.0 -999.0 -999.0 -999.0 -999.0} "" -999.0 -999.0 -999.0 -999.0 -999 -999 "" "" "" "" 0 0 0.0 0.0 -999 ""
FIBERMAP 750 R+11C10 BOSS 1 1 0 1 0 0 46.57318926752323 223.66794516401495 143.1 -203.013007792334 104.7745396443218 63.56239 92.16687 246.2376372484936 -25.63575068272359 -5.0415792 -8.155312 0.91733944 246.23760464277126 -25.63576976211688 246.306776086137 -25.697995763858003 86.25037926248375 28.226933184053905 5400.0 5400.0 2016.0 1 114 {-999.0 17.374372 16.240074 15.753835 -999.0} sdss_psfmag_ps1 16.9438 16.099274 15.176024 13.093 63050396395019235 1035052440 bright_1x1 mwm_yso_pms_boss_sagitta_edr3_single mwm_yso science 0 0 0.0 0.0 -999 ""
FIBERMAP 750 R+11C10 METROLOGY 0 0 0 1 0 0 45.942588128715556 223.22797937604983 143.1 -202.75802857774298 104.04916859725242 63.56239 92.16687 -999.0 -999.0 -999.0 -999.0 -999.0 246.2383936535408 -25.637953932786505 246.3075736974106 -25.70017393111031 86.25198418412639 28.25199575822228 -999.0 6231.0 -999.0 -1 -999 {-999.0 -999.0 -999.0 -999.0 -999.0} "" -999.0 -999.0 -999.0 -999.0 -999 -999 "" "" "" "" 0 0 0.0 0.0 -999 ""
FIBERMAP 752 R-8C5 APOGEE 0 0 0 1 0 0 -125.32085120553015 -141.4646076843553 143.1 102.72552682160234 -158.62530797221612 177.53206 64.23189 -999.0 -999.0 -999.0 -999.0 -999.0 247.26483211496821 -26.437470552696407 247.33663195817974 -26.497023629627694 86.34264122820666 47.1819515204852 -999.0 16600.0 -999.0 2 285 {-999.0 -999.0 -999.0 -999.0 -999.0} "" -999.0 -999.0 -999.0 -999.0 -999 -999 "" "" "" "" 0 0 0.0 0.0 -999 ""
FIBERMAP 752 R-8C5 BOSS 1 1 0 1 0 0 -124.99090005839508 -140.80156777371306 143.1 102.17511006404366 -158.12984398294972 177.53206 64.23189 247.26308013922215 -26.436048063245227 -3.952299 -1.2670107 0.29806113 247.26302182702446 -26.436017277764833 247.33480591979537 -26.495584635993172 86.34280844200386 47.14791615087239 5400.0 5400.0 2016.0 1 468 {-999.0 18.725048 17.931646 17.494074 -999.0} sdss_psfmag_ps1 18.429598 17.86179 17.196423 -999.0 63050396393385018 978584871 "" ops_std_boss ops_std standard_boss 0 0 0.0 0.0 -999 ""
FIBERMAP 752 R-8C5 METROLOGY 0 0 0 1 0 0 -124.57802433145943 -141.4171171412056 143.1 102.8787243794994 -157.89693262764075 177.53206 64.23189 -999.0 -999.0 -999.0 -999.0 -999.0 247.26541447403824 -26.435332987600834 247.33720022050215 -26.49489210903795 86.34079011905416 47.163570966934685 -999.0 6231.0 -999.0 -1 -999 {-999.0 -999.0 -999.0 -999.0 -999.0} "" -999.0 -999.0 -999.0 -999.0 -999 -999 "" "" "" "" 0 0 0.0 0.0 -999 ""
FIBERMAP 754 R+8C15 APOGEE 1 1 0 1 0 0 106.47201863637876 170.2042429778409 143.1 -135.46220706088968 148.16324672836797 132.15863 94.02677 246.46511255415797 -25.505433481847394 -9.164735 -19.70175 6.2453423 246.46507516987123 -25.50553103851862 246.5339304586504 -25.567240128019208 86.03843340618432 29.994751175281635 16000.0 16600.0 2016.0 2 78 {-999.0 20.8284 18.366453 16.323486 -999.0} sdss_psfmag_ps1 19.449623 16.947 15.523724 11.657 63050396395024466 1034958774 bright_1x1 mwm_yso_pms_apogee_sagitta_edr3_single mwm_yso science 0 0 0.0 0.0 -999 ""
FIBERMAP 754 R+8C15 BOSS 0 0 0 1 0 0 106.99084658860397 170.72290760826405 143.1 -135.82294266004257 148.80201087291587 132.15863 94.02677 -999.0 -999.0 -999.0 -999.0 -999.0 246.4638523894728 -25.503543099298923 246.53269360603304 -25.56526862695763 86.03724915595393 29.96680332256625 -999.0 5400.0 -999.0 1 238 {-999.0 -999.0 -999.0 -999.0 -999.0} "" -999.0 -999.0 -999.0 -999.0 -999 -999 "" "" "" "" 0 0 0.0 0.0 -999 ""
FIBERMAP 754 R+8C15 METROLOGY 0 0 0 1 0 0 107.19492598527493 170.0066239930458 143.1 -135.07820055675916 148.80678357755303 132.15863 94.02677 -999.0 -999.0 -999.0 -999.0 -999.0 246.46632401600817 -25.503519289611866 246.5351680226554 -25.56523527306036 86.0361386847245 29.994822513397764 -999.0 6231.0 -999.0 -1 -999 {-999.0 -999.0 -999.0 -999.0 -999.0} "" -999.0 -999.0 -999.0 -999.0 -999 -999 "" "" "" "" 0 0 0.0 0.0 -999 ""
FIBERMAP 755 R-9C15 APOGEE 0 0 0 1 0 0 127.08710720597487 -153.7466519588846 143.1 182.16063835764135 81.26065216300522 143.9062 35.874393 -999.0 -999.0 -999.0 -999.0 -999.0 247.53190083011654 -25.71020988504651 247.60160792586169 -25.76932186270413 85.64982876357651 42.496867472748534 -999.0 16600.0 -999.0 2 -999 {-999.0 -999.0 -999.0 -999.0 -999.0} "" -999.0 -999.0 -999.0 -999.0 -999 -999 "" "" "" "" 0 0 0.0 0.0 -999 ""
FIBERMAP 755 R-9C15 BOSS 1 1 0 1 0 0 127.85000136372594 -153.7386152584802 143.1 182.35722123936455 81.99779387016277 143.9062 35.874393 247.53243581177924 -25.707920568144534 -20.200237 -0.15569131 0.6209991 247.53261783456554 -25.70794278638852 247.60230652186362 -25.767065986878666 85.64771328458025 42.48362445301848 5400.0 5400.0 2016.0 1 329 {-999.0 16.92034 15.575256 14.777977 -999.0} sdss_psfmag_ps1 16.329153 15.29822 14.281073 11.797 63050396393526497 1074582383 dark_flexible_2x1 mwm_halo_local_high_boss mwm_halo science 0 0 0.8161571025848389 0.0 -999 ""
FIBERMAP 755 R-9C15 METROLOGY 0 0 0 1 0 0 127.46453561430387 -154.39244295710486 143.1 182.88389429412993 81.45131317812672 143.9062 35.874393 -999.0 -999.0 -999.0 -999.0 -999.0 247.5344142140877 -25.709589147318916 247.60411152552615 -25.76870410941614 85.64788329953277 42.51395220705359 -999.0 6231.0 -999.0 -1 -999 {-999.0 -999.0 -999.0 -999.0 -999.0} "" -999.0 -999.0 -999.0 -999.0 -999 -999 "" "" "" "" 0 0 0.0 0.0 -999 ""
FIBERMAP 764 R-10C8 APOGEE 0 0 0 1 0 0 -39.26775716885208 -180.14542974715238 143.1 163.0390568341143 -86.07970666892841 213.34091 22.779839 -999.0 -999.0 -999.0 -999.0 -999.0 247.46865330067382 -26.217472871415534 247.53984758036472 -26.276598537441302 86.05830734726034 46.73366874784858 -999.0 16600.0 -999.0 2 -999 {-999.0 -999.0 -999.0 -999.0 -999.0} "" -999.0 -999.0 -999.0 -999.0 -999 -999 "" "" "" "" 0 0 0.0 0.0 -999 ""
FIBERMAP 764 R-10C8 BOSS 1 1 0 1 0 0 -38.84181785213668 -179.5108089964045 143.1 162.54172819950148 -85.49937702844915 213.34091 22.779839 247.46704101562497 -26.215726561579416 -999.0 -999.0 -999.0 247.46705067927672 -26.21573822691685 247.53822772255603 -26.274878605208702 86.05812732202105 46.701025561212646 5400.0 5400.0 2015.5 1 405 {-999.0 -999.0 -999.0 -999.0 -999.0} "" -999.0 -999.0 -999.0 -999.0 27021603175505230 814889524 "" ops_sky_boss_good ops_sky sky_boss 0 0 0.0 0.0 -999 ""
FIBERMAP 764 R-10C8 METROLOGY 0 0 0 1 0 0 -38.52091973983197 -180.18704790918204 143.1 163.27917785058105 -85.3713334129368 213.34091 22.779839 -999.0 -999.0 -999.0 -999.0 -999.0 247.46955515178445 -26.21535719494417 247.54073496612466 -26.27448873968074 86.05625677934412 46.720029186427155 -999.0 6231.0 -999.0 -1 -999 {-999.0 -999.0 -999.0 -999.0 -999.0} "" -999.0 -999.0 -999.0 -999.0 -999 -999 "" "" "" "" 0 0 0.0 0.0 -999 ""
FIBERMAP 767 R+3C3 APOGEE 1 1 0 1 0 0 -199.381503796323 48.001947996469525 143.1 -99.64641038845008 -179.23224484377158 349.85065 87.0177 246.57959961580298 -26.49809307682723 -6.1481404 -6.5533767 0.39522582 246.57958945749368 -26.49811757734259 246.65139503195758 -26.559286826835265 86.80367299343952 40.32143597215702 16000.0 16600.0 2016.0 2 36 {-999.0 13.272968 11.775018 11.071917 -999.0} sdss_psfmag_from_g3xp 12.647382 11.641466 10.654361 8.305 63050396393262534 1153043028 bright_1x1 mwm_galactic_core_dist_apogee_sparse mwm_galactic science 0 0 0.0 0.0 -999 ""
FIBERMAP 767 R+3C3 BOSS 0 0 0 1 0 0 -199.53192570020258 47.26970362911837 143.1 -98.98123727338164 -179.5732813575247 349.85065 87.0177 -999.0 -999.0 -999.0 -999.0 -999.0 246.5818148301269 -26.499198520534534 246.65361572196127 -26.560371460504758 86.80325566392297 40.361326918861266 -999.0 5400.0 -999.0 1 60 {-999.0 -999.0 -999.0 -999.0 -999.0} "" -999.0 -999.0 -999.0 -999.0 -999 -999 "" "" "" "" 0 0 0.0 0.0 -999 ""
FIBERMAP 767 R+3C3 METROLOGY 0 0 0 1 0 0 -200.09511214265018 47.78231084291333 143.1 -99.62593247782294 -179.97857636077276 349.85065 87.0177 -999.0 -999.0 -999.0 -999.0 -999.0 246.57961201558646 -26.50043560032699 246.65141841035313 -26.561610811533512 86.80545926625048 40.34810887435458 -999.0 6231.0 -999.0 -1 -999 {-999.0 -999.0 -999.0 -999.0 -999.0} "" -999.0 -999.0 -999.0 -999.0 -999 -999 "" "" "" "" 0 0 0.0 0.0 -999 ""
FIBERMAP 768 R+6C11 APOGEE 0 0 0 1 0 0 -5.729285036348704 123.08329449955747 143.1 -120.11566216875684 27.445625517272816 87.445274 152.48743 -999.0 -999.0 -999.0 -999.0 -999.0 246.51367988590727 -25.871459715722462 246.5836180332335 -25.932954657430358 86.33031175525085 33.37655649845698 -999.0 16600.0 -999.0 2 -999 {-999.0 -999.0 -999.0 -999.0 -999.0} "" -999.0 -999.0 -999.0 -999.0 -999 -999 "" "" "" "" 0 0 0.0 0.0 -999 ""
FIBERMAP 768 R+6C11 BOSS 1 1 0 1 0 0 -5.345893181572452 123.74974965113081 143.1 -120.65505624355697 27.993490178324656 87.445274 152.48743 246.51185637253897 -25.869734921361776 -11.702519 -14.779225 1.160442 246.51181542763902 -25.86976243657046 246.58173994718413 -25.93127389204296 86.32979452080842 33.34021831480925 5400.0 5400.0 2016.0 1 142 {-999.0 20.957798 19.039795 18.12544 -999.0} sdss_psfmag_ps1 19.845764 18.700544 17.568838 14.712 63050396393515782 1096199120 bright_1x1 mwm_bin_vis_boss mwm_filler science 0 0 0.0 0.0 -999 ""
FIBERMAP 768 R+6C11 METROLOGY 0 0 0 1 0 0 -4.98133000147157 123.09113558354193 143.1 -119.92289196474414 28.16832214850757 87.445274 152.48743 -999.0 -999.0 -999.0 -999.0 -999.0 246.51426820915313 -25.869243985337295 246.58419413439924 -25.930746461667326 86.32816885825709 33.36494608775172 -999.0 6231.0 -999.0 -1 -999 {-999.0 -999.0 -999.0 -999.0 -999.0} "" -999.0 -999.0 -999.0 -999.0 -999 -999 "" "" "" "" 0 0 0.0 0.0 -999 ""
FIBERMAP 769 R-5C12 APOGEE 1 0 0 1 1 0 -2.2406987282076987 -109.92507797468633 143.1 105.30414562762054 -31.59992603491296 263.73453 69.93527 247.2354350587145 -25.937237308442953 -1.3282838 -5.89806 0.18001069 247.27402212058905 -26.052598782002473 247.3446808431595 -26.11223413251605 86.05982949743007 43.23863377781504 16000.0 16600.0 2016.0 2 161 {-999.0 15.154166 13.482334 12.649789 -999.0} sdss_psfmag_from_g3xp 14.421016 13.254637 12.192067 9.398 63050396393499720 1156256748 bright_1x1 mwm_galactic_core_dist_apogee_extra mwm_galactic science 0 0 0.0 0.0 -999 ""
FIBERMAP 769 R-5C12 BOSS 0 0 0 1 1 0 -2.895880900726059 -109.56560744032952 143.1 104.78234653720159 -32.134866307431224 263.73453 69.93527 -999.0 -999.0 -999.0 -999.0 -999.0 247.2723348472898 -26.0542293027434 247.3429870251921 -26.11387923790893 86.06206966033999 43.23811788802891 -999.0 5400.0 -999.0 1 390 {-999.0 -999.0 -999.0 -999.0 -999.0} "" -999.0 -999.0 -999.0 -999.0 -999 -999 "" "" "" "" 0 0 0.0 0.0 -999 ""
FIBERMAP 769 R-5C12 METROLOGY 0 0 0 1 1 0 -2.2713497894153285 -109.18259171230235 143.1 104.58060854723111 -31.43059617054234 263.73453 69.93527 -999.0 -999.0 -999.0 -999.0 -999.0 247.27166327333444 -26.05209808577957 247.34231209133532 -26.11174709053479 86.06088526031643 43.210839534572926 -999.0 6231.0 -999.0 -1 -999 {-999.0 -999.0 -999.0 -999.0 -999.0} "" -999.0 -999.0 -999.0 -999.0 -999 -999 "" "" "" "" 0 0 0.0 0.0 -999 ""
FIBERMAP 770 R-13C4 APOGEE 1 1 0 1 0 0 -64.52297247501495 -262.81790883433854 143.1 235.9234728731361 -132.55327912876945 353.7691 81.81535 247.71362871214563 -26.35688267352789 1.1128874 -0.5055894 0.099217676 247.71361627901362 -26.35686427795533 247.78528376241798 -26.41536597719283 85.99204178553782 50.362247079292445 16000.0 16600.0 2016.0 2 261 {-999.0 15.119675 13.7886305 13.165713 -999.0} sdss_psfmag_from_g3xp 14.603478 13.694882 12.756848 10.49 63050396393392838 1153043222 bright_1x1 mwm_galactic_core_dist_apogee_sparse mwm_galactic science 0 0 0.0 0.0 -999 ""
FIBERMAP 770 R-13C4 BOSS 0 0 0 1 0 0 -64.68575950580178 -263.53545591737554 143.1 236.57117455011993 -132.90229211406623 353.7691 81.81535 -999.0 -999.0 -999.0 -999.0 -999.0 247.71579250224806 -26.357889821291508 247.78745093401824 -26.416395933043603 85.99126081179031 50.39162781048941 -999.0 5400.0 -999.0 1 355 {-999.0 -999.0 -999.0 -999.0 -999.0} "" -999.0 -999.0 -999.0 -999.0 -999 -999 "" "" "" "" 0 0 0.0 0.0 -999 ""
FIBERMAP 770 R-13C4 METROLOGY 0 0 0 1 0 0 -65.24970303241558 -263.033366464873 143.1 235.9364096218817 -133.31113347661739 353.7691 81.81535 -999.0 -999.0 -999.0 -999.0 -999.0 247.7137114525135 -26.359165783582085 247.78537678768737 -26.41767372309171 85.99350007212844 50.38786928612592 -999.0 6231.0 -999.0 -1 -999 {-999.0 -999.0 -999.0 -999.0 -999.0} "" -999.0 -999.0 -999.0 -999.0 -999 -999 "" "" "" "" 0 0 0.0 0.0 -999 ""
FIBERMAP 771 R-13C5 APOGEE 1 1 0 1 0 0 -76.34135940533811 -254.29784504118314 143.1 224.54973990170564 -141.65745153565538 240.50063 51.027027 247.6754641841219 -26.384518954837837 -10.755776 -22.117645 6.7738037 247.67544999690008 -26.384579396207585 247.74719123415628 -26.44316496823328 86.03601731290048 50.33942975624501 16000.0 16600.0 2016.0 2 262 {-999.0 17.28518 15.793708 14.2407255 -999.0} sdss_psfmag_ps1 16.685114 14.984681 13.686218 10.981 63050396393392594 1034958430 bright_1x1 mwm_yso_pms_apogee_sagitta_edr3_single mwm_yso science 0 0 0.0 0.0 -999 ""
FIBERMAP 771 R-13C5 BOSS 0 0 0 1 0 0 -76.6191028859129 -253.58999243871665 143.1 223.79339100379707 -141.7354519357061 240.50063 51.027027 -999.0 -999.0 -999.0 -999.0 -999.0 247.6729241079829 -26.384820944529817 247.74465299869917 -26.44342229589663 86.03789553783375 50.32054481114818 -999.0 5400.0 -999.0 1 356 {-999.0 -999.0 -999.0 -999.0 -999.0} "" -999.0 -999.0 -999.0 -999.0 -999 -999 "" "" "" "" 0 0 0.0 0.0 -999 ""
FIBERMAP 771 R-13C5 METROLOGY 0 0 0 1 0 0 -75.86703733409179 -253.70653371527655 143.1 224.10709486519983 -141.0421084155677 240.50063 51.027027 -999.0 -999.0 -999.0 -999.0 -999.0 247.67402176819647 -26.38275122922907 247.74574826949026 -26.441347743223712 86.03579003056261 50.307344575475724 -999.0 6231.0 -999.0 -1 -999 {-999.0 -999.0 -999.0 -999.0 -999.0} "" -999.0 -999.0 -999.0 -999.0 -999 -999 "" "" "" "" 0 0 0.0 0.0 -999 ""
FIBERMAP 773 R+3C12 APOGEE 1 1 0 1 0 0 0.24706918085934326 53.71500476766172 143.1 -51.684060791863196 14.624498858301278 332.47287 123.33097 246.7441674881909 -25.911347200157273 -0.50619066 -1.5084779 0.117345914 246.74417458107726 -25.911342850865374 246.81428750077055 -25.972279152099304 86.24762218667146 36.3780214908395 16000.0 16600.0 2016.0 2 131 {-999.0 16.435856 14.667151 13.763204 -999.0} sdss_psfmag_from_g3xp 15.641452 14.383084 13.284726 10.36 63050396393510680 1153043335 bright_1x1 mwm_galactic_core_dist_apogee_sparse mwm_galactic science 0 0 0.0 0.0 -999 ""
FIBERMAP 773 R+3C12 BOSS 0 0 0 1 0 0 0.31978245228460445 52.9637918317917 143.1 -50.94085073577866 14.493355403824077 332.47287 123.33097 -999.0 -999.0 -999.0 -999.0 -999.0 246.74665479858606 -25.911729164820176 246.816760433191 -25.972670949266924 86.2466590452658 36.409214313040025 -999.0 5400.0 -999.0 1 119 {-999.0 -999.0 -999.0 -999.0 -999.0} "" -999.0 -999.0 -999.0 -999.0 -999 -999 "" "" "" "" 0 0 0.0 0.0 -999 ""
FIBERMAP 773 R+3C12 METROLOGY 0 0 0 1 0 0 -0.3561066588447712 53.272650697720756 143.1 -51.419435346962835 13.924910303317393 332.47287 123.33097 -999.0 -999.0 -999.0 -999.0 -999.0 246.74502394809298 -25.913452156303578 246.81513681438514 -25.974394094676455 86.24890870248569 36.40620492910051 -999.0 6231.0 -999.0 -1 -999 {-999.0 -999.0 -999.0 -999.0 -999.0} "" -999.0 -999.0 -999.0 -999.0 -999 -999 "" "" "" "" 0 0 0.0 0.0 -999 ""
FIBERMAP 774 R-6C6 APOGEE 0 0 0 1 0 0 -117.30554120643713 -137.831093115771 143.1 101.37165494416739 -149.93001694649365 331.33014 20.065765 -999.0 -999.0 -999.0 -999.0 -999.0 247.26030962721242 -26.41119503715229 247.33203005381995 -26.470766027271143 86.32721926405934 46.84331403949011 -999.0 16600.0 -999.0 2 -999 {-999.0 -999.0 -999.0 -999.0 -999.0} "" -999.0 -999.0 -999.0 -999.0 -999 -999 "" "" "" "" 0 0 0.0 0.0 -999 ""
FIBERMAP 774 R-6C6 BOSS 1 1 0 1 0 0 -118.07452091492148 -137.6891533607027 143.1 101.02895151089241 -150.63285347857448 331.33014 20.065765 247.25925663829116 -26.413380849527105 -3.5940845 -0.6536766 0.41210383 247.2591963388418 -26.41336372395372 247.3309119966998 -26.472946434834917 86.32946202166247 46.856618290142535 5400.0 5400.0 2016.0 1 483 {-999.0 19.015583 17.691612 17.581852 -999.0} sdss_psfmag_ps1 18.5039 17.8998 17.1591 -999.0 63050396393385416 979902286 "" ops_std_boss ops_std standard_boss 0 0 0.0 0.0 -999 ""
FIBERMAP 774 R-6C6 METROLOGY 0 0 0 1 0 0 -117.5854688593047 -137.13745147489573 143.1 100.62841221756706 -150.0139277426337 331.33014 20.065765 -999.0 -999.0 -999.0 -999.0 -999.0 247.25785759896954 -26.41151691835376 247.32957053323196 -26.47110059614649 86.32902274145009 46.82291474695319 -999.0 6231.0 -999.0 -1 -999 {-999.0 -999.0 -999.0 -999.0 -999.0} "" -999.0 -999.0 -999.0 -999.0 -999 -999 "" "" "" "" 0 0 0.0 0.0 -999 ""
FIBERMAP 775 R-7C2 APOGEE 0 0 0 1 0 0 -181.04562120267022 -145.9415019250726 143.1 92.11392508200743 -213.51083851174238 318.6872 111.19664 -999.0 -999.0 -999.0 -999.0 -999.0 247.2285290566687 -26.603120545465046 247.30081430393523 -26.662715460499143 86.47981116939002 48.7528109839655 -999.0 16600.0 -999.0 2 -999 {-999.0 -999.0 -999.0 -999.0 -999.0} "" -999.0 -999.0 -999.0 -999.0 -999 -999 "" "" "" "" 0 0 0.0 0.0 -999 ""
FIBERMAP 775 R-7C2 BOSS 1 1 0 1 0 0 -181.27116302287843 -146.6399854953995 143.1 92.72645295722212 -213.91520508784345 318.6872 111.19664 247.23063316717702 -26.604303625086303 -1.9964312 -13.396756 0.6257994 247.23062335927392 -26.604356316509087 247.30290195588555 -26.663954827690333 86.47927727516841 48.78823538578297 5400.0 5400.0 2016.0 1 455 {-999.0 16.775244 16.032028 15.718283 15.504485} sdss_psfmag_from_ps1dr2 16.4828 16.0248 15.2798 -999.0 63050396393377869 1040595546 "" ops_std_boss_ps1dr2 ops_std standard_boss 0 0 0.0 0.0 -999 ""
FIBERMAP 775 R-7C2 METROLOGY 0 0 0 1 0 0 -181.78042534566015 -146.08136288546166 143.1 92.05186796823033 -214.25622410791578 318.6872 111.19664 -999.0 -999.0 -999.0 -999.0 -999.0 247.22835201014306 -26.60542484514515 247.30063631703183 -26.665025956155024 86.48149265928708 48.77875470640879 -999.0 6231.0 -999.0 -1 -999 {-999.0 -999.0 -999.0 -999.0 -999.0} "" -999.0 -999.0 -999.0 -999.0 -999 -999 "" "" "" "" 0 0 0.0 0.0 -999 ""
FIBERMAP 777 R+4C22 APOGEE 0 0 0 1 0 0 232.63663365777086 69.31520381559348 143.1 -4.472842077275145 242.69198132635742 305.97556 126.843155 -999.0 -999.0 -999.0 -999.0 -999.0 246.90572783462864 -25.221661050353692 246.9738606569275 -25.282399335193137 85.59206251540122 32.731133366185645 -999.0 16600.0 -999.0 2 -999 {-999.0 -999.0 -999.0 -999.0 -999.0} "" -999.0 -999.0 -999.0 -999.0 -999 -999 "" "" "" "" 0 0 0.0 0.0 -999 ""
FIBERMAP 777 R+4C22 BOSS 1 1 0 1 0 0 232.3399842385775 68.53478512705536 143.1 -3.8004208003653828 242.1971634560832 305.97556 126.843155 246.90801678459505 -25.22297665722565 -19.898266 -40.04347 0.36833915 246.90798210114284 -25.223114227564658 246.97611010369656 -25.28386083943293 85.59224398622567 32.763636114706514 5400.0 5400.0 2016.0 1 246 {-999.0 18.643087 17.639494 17.107117 16.72634} sdss_psfmag_from_ps1dr2 18.2217 17.5834 16.6733 14.952 63050396393545201 1040595702 "" ops_std_boss_ps1dr2 ops_std standard_boss 0 0 0.0 0.0 -999 ""
FIBERMAP 777 R+4C22 METROLOGY 0 0 0 1 0 0 231.90863853347943 69.1433861337211 143.1 -4.502287716482014 241.94459673547743 305.97556 126.843155 -999.0 -999.0 -999.0 -999.0 -999.0 246.90562788937524 -25.22383070370836 246.97376015421344 -25.284578732064332 85.59396758560952 32.74495965649339 -999.0 6231.0 -999.0 -1 -999 {-999.0 -999.0 -999.0 -999.0 -999.0} "" -999.0 -999.0 -999.0 -999.0 -999 -999 "" "" "" "" 0 0 0.0 0.0 -999 ""
FIBERMAP 778 R-4C7 APOGEE 1 1 0 1 0 0 -114.79187925495874 -88.44915931881053 143.1 54.469231914412426 -134.2823566336624 238.07614 133.44043 247.10174560546875 -26.363945815663243 -999.0 -999.0 -999.0 247.10175105086006 -26.36395208939466 247.17329160750512 -26.423914269071908 86.39326535329423 44.72780615020008 16000.0 16600.0 2015.5 2 297 {-999.0 -999.0 -999.0 -999.0 -999.0} "" -999.0 -999.0 -999.0 -999.0 27021603175504905 845949394 "" ops_sky_apogee_best ops_sky sky_apogee 0 0 0.0 0.0 -999 ""
FIBERMAP 778 R-4C7 BOSS 0 0 0 1 0 0 -115.53102768200509 -88.47746686352905 143.1 54.2985382250251 -135.00205030604164 238.07614 133.44043 -999.0 -999.0 -999.0 -999.0 -999.0 247.10120593964655 -26.36618175799445 247.1727426188894 -26.42615444697323 86.39523041568228 44.74661075683912 -999.0 5400.0 -999.0 1 488 {-999.0 -999.0 -999.0 -999.0 -999.0} "" -999.0 -999.0 -999.0 -999.0 -999 -999 "" "" "" "" 0 0 0.0 0.0 -999 ""
FIBERMAP 778 R-4C7 METROLOGY 0 0 0 1 0 0 -115.20053929402407 -87.81911342139391 143.1 53.75278040470335 -134.50732390183467 238.07614 133.44043 -999.0 -999.0 -999.0 -999.0 -999.0 247.0993658946807 -26.364701395952522 247.17090065807304 -26.424676097460694 86.39529006428214 44.71139328734273 -999.0 6231.0 -999.0 -1 -999 {-999.0 -999.0 -999.0 -999.0 -999.0} "" -999.0 -999.0 -999.0 -999.0 -999 -999 "" "" "" "" 0 0 0.0 0.0 -999 ""
FIBERMAP 782 R-9C4 APOGEE 0 0 0 1 0 0 -120.65879468681297 -160.96649827472555 143.1 122.76271964775943 -159.35696184615352 85.63032 111.06025 -999.0 -999.0 -999.0 -999.0 -999.0 247.3325408637921 -26.439536409952865 247.40436352007816 -26.498927207780934 86.30027714969333 47.85836063837223 -999.0 16600.0 -999.0 2 -999 {-999.0 -999.0 -999.0 -999.0 -999.0} "" -999.0 -999.0 -999.0 -999.0 -999 -999 "" "" "" "" 0 0 0.0 0.0 -999 ""
FIBERMAP 782 R-9C4 BOSS 1 1 0 1 0 0 -119.96758705813681 -160.74377335549553 143.1 122.73326734014779 -158.6313846850166 85.63032 111.06025 247.33254762698002 -26.437299167610618 -12.092291 -20.599806 6.916691 247.33249452261197 -26.437378553062054 247.40429950536952 -26.496779612431244 86.29883811830456 47.833644316170364 5400.0 5400.0 2016.0 1 466 {-999.0 19.311035 17.384108 15.916653 -999.0} sdss_psfmag_gaia 17.295513 16.637732 14.489039 -999.0 63050396393390816 1055451219 bright_1x1 bhm_csc_boss bhm_csc science 0 0 0.0 0.0 -999 ""
FIBERMAP 782 R-9C4 METROLOGY 0 0 0 1 0 0 -120.10974878003412 -161.47448135421294 143.1 123.39917260444972 -158.96405167032026 85.63032 111.06025 -999.0 -999.0 -999.0 -999.0 -999.0 247.33475812601068 -26.438402714378604 247.40656989356444 -26.497795374960646 86.29806635235812 47.86673838010677 -999.0 6231.0 -999.0 -1 -999 {-999.0 -999.0 -999.0 -999.0 -999.0} "" -999.0 -999.0 -999.0 -999.0 -999 -999 "" "" "" "" 0 0 0.0 0.0 -999 ""
FIBERMAP 783 R+5C15 APOGEE 0 0 0 1 0 0 87.36958772874723 97.31032855551767 143.1 -70.3507806125204 110.23639275965944 319.3817 151.36783 -999.0 -999.0 -999.0 -999.0 -999.0 246.6827843655162 -25.621032341746652 246.75203024476536 -25.68219305820378 86.03733292762675 33.29173338761291 -999.0 16600.0 -999.0 2 -999 {-999.0 -999.0 -999.0 -999.0 -999.0} "" -999.0 -999.0 -999.0 -999.0 -999 -999 "" "" "" "" 0 0 0.0 0.0 -999 ""
FIBERMAP 783 R+5C15 BOSS 1 1 0 1 0 0 87.63710806176752 96.50067332659756 143.1 -69.49909085575517 110.27727819723819 319.3817 151.36783 246.68563842773435 -25.620839763180243 -999.0 -999.0 -999.0 246.68562065714536 -25.620850591903793 246.75485790266305 -25.682017189081133 86.03582627123991 33.321576301239816 5400.0 5400.0 2015.5 1 221 {-999.0 -999.0 -999.0 -999.0 -999.0} "" -999.0 -999.0 -999.0 -999.0 27021603175508214 823838375 "" ops_sky_boss_good ops_sky sky_boss 0 0 0.0 0.0 -999 ""
FIBERMAP 783 R+5C15 METROLOGY 0 0 0 1 0 0 86.9097921227647 96.72034023570512 143.1 -69.9055195725648 109.63539910024963 319.3817 151.36783 -999.0 -999.0 -999.0 -999.0 -999.0 246.68423131246794 -25.622783251640964 246.7534763718145 -25.68394906107345 86.03812446712038 33.32123432285562 -999.0 6231.0 -999.0 -1 -999 {-999.0 -999.0 -999.0 -999.0 -999.0} "" -999.0 -999.0 -999.0 -999.0 -999 -999 "" "" "" "" 0 0 0.0 0.0 -999 ""
FIBERMAP 785 R+5C13 APOGEE 1 1 0 1 0 0 43.348216659021226 81.81662977689624 143.1 -67.21403086769335 63.67555160855928 337.4076 76.133575 246.69254332562883 -25.76223414547885 0.06450757 0.03594552 1.9722106 246.69254228068314 -25.762253198182602 246.76220437991458 -25.823352569647117 86.15103383619572 34.52734509601379 16000.0 16600.0 2016.0 2 150 {-999.0 13.723533 12.577405 11.892914 -999.0} sdss_psfmag_from_g3xp 13.301866 12.407927 11.454234 9.373 63050396393519275 975299399 "" ops_std_apogee ops_std standard_apogee 0 0 0.0 0.0 -999 ""
FIBERMAP 785 R+5C13 BOSS 0 0 0 1 0 0 42.92189803357201 81.20620442022175 143.1 -66.74011420528954 63.10133677570167 337.4076 76.133575 -999.0 -999.0 -999.0 -999.0 -999.0 246.69409605626737 -25.76395272851685 246.76375469130744 -25.82505998460946 86.15169010386542 34.558709754382846 -999.0 5400.0 -999.0 1 154 {-999.0 -999.0 -999.0 -999.0 -999.0} "" -999.0 -999.0 -999.0 -999.0 -999 -999 "" "" "" "" 0 0 0.0 0.0 -999 ""
FIBERMAP 785 R+5C13 METROLOGY 0 0 0 1 0 0 42.60012782345467 81.87843597807887 143.1 -67.47393665487716 62.971379673546885 337.4076 76.133575 -999.0 -999.0 -999.0 -999.0 -999.0 246.6916117135915 -25.764336073362575 246.76127337269918 -25.825445720534177 86.15324250167458 34.534098164371244 -999.0 6231.0 -999.0 -1 -999 {-999.0 -999.0 -999.0 -999.0 -999.0} "" -999.0 -999.0 -999.0 -999.0 -999 -999 "" "" "" "" 0 0 0.0 0.0 -999 ""
FIBERMAP 788 R+7C6 APOGEE 0 0 0 1 0 0 -117.93280229617547 129.6632023429774 143.1 -156.5063124380064 -78.89145078446208 236.01376 74.49435 -999.0 -999.0 -999.0 -999.0 -999.0 246.38903175599674 -26.19323916506152 246.45988492994195 -26.254943256190547 86.66083928304236 34.7247764258932 -999.0 16600.0 -999.0 2 -999 {-999.0 -999.0 -999.0 -999.0 -999.0} "" -999.0 -999.0 -999.0 -999.0 -999 -999 "" "" "" "" 0 0 0.0 0.0 -999 ""
FIBERMAP 788 R+7C6 BOSS 1 1 0 1 0 0 -118.444131697067 130.24683712392084 143.1 -157.20554833486935 -79.22776227454153 236.01376 74.49435 246.3863625032393 -26.194181086632117 -6.5013494 -25.617575 7.2659707 246.38661463606797 -26.194258478545944 246.45746244462373 -26.255978433110947 86.6629066005592 34.70361850222537 5400.0 5400.0 2016.0 1 69 {-999.0 18.016012 16.462961 14.6377 -999.0} sdss_psfmag_ps1 17.337801 15.309593 13.978402 11.223 63050396393506441 1075849142 bright_1x1 mwm_erosita_stars_boss mwm_erosita science 0 0 0.8558551669120789 0.0 -999 ""
FIBERMAP 788 R+7C6 METROLOGY 0 0 0 1 0 0 -117.70111859376338 130.37441319696708 143.1 -157.1294570843693 -78.47775823913109 236.01376 74.49435 -999.0 -999.0 -999.0 -999.0 -999.0 246.38685964013368 -26.19200081231721 246.45770304587882 -26.253717852493182 86.6609063954658 34.68515380241746 -999.0 6231.0 -999.0 -1 -999 {-999.0 -999.0 -999.0 -999.0 -999.0} "" -999.0 -999.0 -999.0 -999.0 -999 -999 "" "" "" "" 0 0 0.0 0.0 -999 ""
FIBERMAP 794 R-11C15 APOGEE 0 0 0 1 0 0 135.58844476164708 -219.46630743450157 143.1 247.75332935645744 71.84936291184036 199.54875 127.92208 -999.0 -999.0 -999.0 -999.0 -999.0 247.75130245521154 -25.738505769877367 247.8211422506006 -25.797085060750256 85.53810730476773 44.65048873542656 -999.0 16600.0 -999.0 2 -999 {-999.0 -999.0 -999.0 -999.0 -999.0} "" -999.0 -999.0 -999.0 -999.0 -999 -999 "" "" "" "" 0 0 0.0 0.0 -999 ""
FIBERMAP 794 R-11C15 BOSS 1 1 0 1 0 0 134.98211625767937 -219.11675001377785 143.1 247.25416523802352 71.35883432783581 199.54875 127.92208 247.74973687456784 -25.73999499817017 -32.401356 -8.451711 12.263403 247.74967031759215 -25.73997640609531 247.8195014125381 -25.79857143053092 85.54020193988528 44.64965281675774 5400.0 5400.0 2016.0 1 332 {-999.0 19.584776 18.073908 16.33943 -999.0} sdss_psfmag_ps1 18.91307 17.04167 15.731783 13.271 63050396393459372 1151124368 dark_1x1 mwm_snc_100pc_boss_single mwm_snc science 0 0 0.0 0.0 -999 ""
FIBERMAP 794 R-11C15 METROLOGY 0 0 0 1 0 0 135.61418983108302 -218.71875448775074 143.1 247.04001547108675 72.07438307380481 199.54875 127.92208 -999.0 -999.0 -999.0 -999.0 -999.0 247.74898833552885 -25.73780415815108 247.8188164580572 -25.79639794694151 85.53903410375287 44.62478406518619 -999.0 6231.0 -999.0 -1 -999 {-999.0 -999.0 -999.0 -999.0 -999.0} "" -999.0 -999.0 -999.0 -999.0 -999 -999 "" "" "" "" 0 0 0.0 0.0 -999 ""
FIBERMAP 797 R0C6 APOGEE 0 0 0 1 0 0 -188.64769218427372 -12.210827787552399 143.1 -38.76124748834766 -185.01781356601242 247.7621 98.916756 -999.0 -999.0 -999.0 -999.0 -999.0 246.78558723028198 -26.51667896255431 246.8575017752081 -26.57735320630181 86.69756917644943 43.000553603871595 -999.0 16600.0 -999.0 2 -999 {-999.0 -999.0 -999.0 -999.0 -999.0} "" -999.0 -999.0 -999.0 -999.0 -999 -999 "" "" "" "" 0 0 0.0 0.0 -999 ""
FIBERMAP 797 R0C6 BOSS 1 1 0 1 0 0 -189.47522376726909 -11.967518268151844 143.1 -39.21729473639436 -185.7499104585685 247.7621 98.916756 246.78367985285686 -26.51891839020324 -4.2768946 -6.4366674 0.13664493 246.78403109850026 -26.518931491902418 246.85594271990374 -26.579618044509274 86.70018665371344 43.00874279585406 5400.0 5400.0 2016.0 1 451 {-999.0 15.235734 14.243147 13.781426 -999.0} sdss_psfmag_from_g3xp 14.901538 14.211698 13.401884 11.583 63050396393472807 1061888352 bright_1x1 manual_mwm_halo_mp_wise_boss_single mwm_halo science 0 0 1.090880036354065 0.0 -999 ""
FIBERMAP 797 R0C6 METROLOGY 0 0 0 1 0 0 -188.8937693331981 -11.504467926310737 143.1 -39.50767706592867 -185.06570571636496 247.7621 98.916756 -999.0 -999.0 -999.0 -999.0 -999.0 246.7830453837065 -26.516889773983348 246.85495329127002 -26.57757661886278 86.69925523224349 42.97364381147179 -999.0 6231.0 -999.0 -1 -999 {-999.0 -999.0 -999.0 -999.0 -999.0} "" -999.0 -999.0 -999.0 -999.0 -999 -999 "" "" "" "" 0 0 0.0 0.0 -999 ""
FIBERMAP 798 R+9C9 APOGEE 1 1 0 1 0 0 7.821279605823992 177.9725572627308 143.1 -169.36795975871175 55.20150953833762 55.11938 62.97639 246.34878228619024 -25.78644082246105 -3.5597868 -4.193639 0.88870513 246.34878459787595 -25.7864489596673 246.4184318243399 -25.848358228892334 86.33446681148922 30.703928187859276 16000.0 16600.0 2016.0 2 135 {-999.0 14.912187 13.587764 12.997866 -999.0} sdss_psfmag_from_g3xp 14.391621 13.509684 12.584181 10.418 63050396393517147 1105648180 bright_1x1 mwm_tess_rgb_apogee mwm_tessrgb science 0 0 0.0 0.0 -999 ""
FIBERMAP 798 R+9C9 BOSS 0 0 0 1 0 0 8.201306581128403 177.3123889739453 143.1 -168.63015644684708 55.39082340719854 55.11938 62.97639 -999.0 -999.0 -999.0 -999.0 -999.0 246.3512067180076 -25.785856347935724 246.420845239664 -25.8477719626694 86.33287983780761 30.728864382330585 -999.0 5400.0 -999.0 1 130 {-999.0 -999.0 -999.0 -999.0 -999.0} "" -999.0 -999.0 -999.0 -999.0 -999 -999 "" "" "" "" 0 0 0.0 0.0 -999 ""
FIBERMAP 798 R+9C9 METROLOGY 0 0 0 1 0 0 7.448352012878495 177.30149099060543 143.1 -168.8213205887627 54.66249138598727 55.11938 62.97639 -999.0 -999.0 -999.0 -999.0 -999.0 246.3505193040577 -25.78805664371536 246.42016624538053 -25.84996990865657 86.33509107300728 30.737639262904167 -999.0 6231.0 -999.0 -1 -999 {-999.0 -999.0 -999.0 -999.0 -999.0} "" -999.0 -999.0 -999.0 -999.0 -999 -999 "" "" "" "" 0 0 0.0 0.0 -999 ""
FIBERMAP 801 R+7C20 APOGEE 1 1 0 1 0 0 210.40070235641846 115.6117859230304 143.1 -55.031441541783586 233.66898324936184 317.22977 50.764606 246.7364602685094 -25.248411225753344 -6.6613955 1.7207707 0.21103989 246.73644165297213 -25.2483995870111 246.80461299808212 -25.30953340655933 85.6937167901536 31.183744484816827 16000.0 16600.0 2016.0 2 89 {-999.0 16.1822 14.609525 13.776042 -999.0} sdss_psfmag_from_g3xp 15.511212 14.3624115 13.303929 10.555 63050396395026090 1156257502 bright_1x1 mwm_galactic_core_dist_apogee_extra mwm_galactic science 0 0 0.0 0.0 -999 ""
FIBERMAP 801 R+7C20 BOSS 0 0 0 1 0 0 209.68547239181356 115.50585977828857 143.1 -55.120949669688734 232.95154460032563 317.22977 50.764606 -999.0 -999.0 -999.0 -999.0 -999.0 246.73613092899507 -25.25051533742646 246.80429940993838 -25.311663293833146 85.69570216310937 31.194689233907013 -999.0 5400.0 -999.0 1 263 {-999.0 -999.0 -999.0 -999.0 -999.0} "" -999.0 -999.0 -999.0 -999.0 -999 -999 "" "" "" "" 0 0 0.0 0.0 -999 ""
FIBERMAP 801 R+7C20 METROLOGY 0 0 0 1 0 0 209.94520878599837 116.19364353251048 143.1 -55.71401078528703 233.3859892641992 317.22977 50.764606 -999.0 -999.0 -999.0 -999.0 -999.0 246.73414222987805 -25.249169502871162 246.80230887019763 -25.31031859637517 85.6954394630744 31.164965117801955 -999.0 6231.0 -999.0 -1 -999 {-999.0 -999.0 -999.0 -999.0 -999.0} "" -999.0 -999.0 -999.0 -999.0 -999 -999 "" "" "" "" 0 0 0.0 0.0 -999 ""
FIBERMAP 803 R-5C19 APOGEE 0 0 0 1 0 0 179.62827299173583 -92.2755253145992 143.1 137.01006249033594 148.34376846850662 16.781923 122.88235 -999.0 -999.0 -999.0 -999.0 -999.0 247.379834629587 -25.507159132642254 247.4489100528582 -25.566689581304313 85.580971133346 39.421560497830114 -999.0 16600.0 -999.0 2 -999 {-999.0 -999.0 -999.0 -999.0 -999.0} "" -999.0 -999.0 -999.0 -999.0 -999 -999 "" "" "" "" 0 0 0.0 0.0 -999 ""
FIBERMAP 803 R-5C19 BOSS 1 1 0 1 0 0 180.19935935185438 -92.7414683594383 143.1 137.6119162255713 148.7691724731174 16.781923 122.88235 247.38189697265622 -25.50583585810743 -999.0 -999.0 -999.0 247.3818979426631 -25.505823659068255 247.45095859397725 -25.565362608103054 85.57878775740153 39.42985564016516 5400.0 5400.0 2015.5 1 313 {-999.0 -999.0 -999.0 -999.0 -999.0} "" -999.0 -999.0 -999.0 -999.0 27021603175508628 823838469 "" ops_sky_boss_good ops_sky sky_boss 0 0 0.0 0.0 -999 ""
FIBERMAP 803 R-5C19 METROLOGY 0 0 0 1 0 0 179.5054019696539 -93.01336061378773 143.1 137.68800097475636 148.02777767165506 16.781923 122.88235 -999.0 -999.0 -999.0 -999.0 -999.0 247.38217965604088 -25.508047165891405 247.45125010353286 -25.56758113038956 85.58037373485354 39.45027002545049 -999.0 6231.0 -999.0 -1 -999 {-999.0 -999.0 -999.0 -999.0 -999.0} "" -999.0 -999.0 -999.0 -999.0 -999 -999 "" "" "" "" 0 0 0.0 0.0 -999 ""
FIBERMAP 810 R+10C16 APOGEE 0 0 0 1 0 0 172.61973516280784 196.1479463938354 143.1 -142.7406345660804 218.8399227238642 27.079905 95.27223 -999.0 -999.0 -999.0 -999.0 -999.0 246.44290139795993 -25.292338745509692 246.51113070094016 -25.35415799303791 85.86025848672772 28.314386885582735 -999.0 16600.0 -999.0 2 -999 {-999.0 -999.0 -999.0 -999.0 -999.0} "" -999.0 -999.0 -999.0 -999.0 -999 -999 "" "" "" "" 0 0 0.0 0.0 -999 ""
FIBERMAP 810 R+10C16 BOSS 1 1 0 1 0 0 173.03117534765167 195.524601114953 143.1 -142.02989397640204 219.06936307028033 27.079905 95.27223 246.44531249999997 -25.291627586755197 -999.0 -999.0 -999.0 246.44528618291073 -25.291636049547783 246.51350612685212 -25.353463621300467 85.85865601405507 28.336382527411786 5400.0 5400.0 2015.5 1 185 {-999.0 -999.0 -999.0 -999.0 -999.0} "" -999.0 -999.0 -999.0 -999.0 27021603175551349 814892904 "" ops_sky_boss_good ops_sky sky_boss 0 0 0.0 0.0 -999 ""
FIBERMAP 810 R+10C16 METROLOGY 0 0 0 1 0 0 172.28859342115385 195.47724276052898 143.1 -142.18315328366035 218.3412591177083 27.079905 95.27223 -999.0 -999.0 -999.0 -999.0 -999.0 246.44471945066647 -25.293788150302518 246.5129477489046 -25.35561257131134 85.86079660249601 28.34384753585624 -999.0 6231.0 -999.0 -1 -999 {-999.0 -999.0 -999.0 -999.0 -999.0} "" -999.0 -999.0 -999.0 -999.0 -999 -999 "" "" "" "" 0 0 0.0 0.0 -999 ""
FIBERMAP 811 R-13C1 APOGEE 1 1 0 1 0 0 -140.17070900991231 -235.64400735941132 143.1 189.48282919180872 -198.15602066767042 102.77977 81.49618 247.5573581986728 -26.555524612027448 -12.7028475 -25.759773 7.423717 247.5573089329702 -26.555591516471996 247.62953312384786 -26.614413479092878 86.22757729414579 51.24290789577884 16000.0 16600.0 2016.0 2 154 {-999.0 9.330812 8.945379 8.799835 -999.0} sdss_psfmag_from_g3xp 9.267889 8.958352 8.4739065 7.661 63050396393388064 1034838832 bright_1x1 mwm_yso_cluster_apogee_single mwm_yso science 0 0 0.0 0.0 -999 ""
FIBERMAP 811 R-13C1 BOSS 0 0 0 1 0 0 -139.43000393059077 -235.5891655574842 143.1 189.62837610370954 -197.42772062294964 102.77977 81.49618 -999.0 -999.0 -999.0 -999.0 -999.0 247.55780749618995 -26.55337923949322 247.63001312073015 -26.612209762449528 86.22582457178284 51.221588131551584 -999.0 5400.0 -999.0 1 435 {-999.0 -999.0 -999.0 -999.0 -999.0} "" -999.0 -999.0 -999.0 -999.0 -999 -999 "" "" "" "" 0 0 0.0 0.0 -999 ""
FIBERMAP 811 R-13C1 METROLOGY 0 0 0 1 0 0 -139.7451056432089 -236.255723653512 143.1 190.18615947724675 -197.9098206100154 102.77977 81.49618 -999.0 -999.0 -999.0 -999.0 -999.0 247.55971882711273 -26.554859357858437 247.63193275907884 -26.61368230841619 86.22546798007671 51.25551190652317 -999.0 6231.0 -999.0 -1 -999 {-999.0 -999.0 -999.0 -999.0 -999.0} "" -999.0 -999.0 -999.0 -999.0 -999 -999 "" "" "" "" 0 0 0.0 0.0 -999 ""
FIBERMAP 812 R-8C7 APOGEE 0 0 0 1 0 0 -71.96278120338549 -138.47513439973903 143.1 114.13627081998337 -106.4182842985239 136.06873 82.02237 -999.0 -999.0 -999.0 -999.0 -999.0 247.30365912798982 -26.279445624979296 247.37499803367916 -26.33894876918208 86.20671824587761 45.83174465214108 -999.0 16600.0 -999.0 2 -999 {-999.0 -999.0 -999.0 -999.0 -999.0} "" -999.0 -999.0 -999.0 -999.0 -999 -999 "" "" "" "" 0 0 0.0 0.0 -999 ""
FIBERMAP 812 R-8C7 BOSS 1 1 0 1 0 0 -71.25733657998389 -137.99954141047652 143.1 113.86701286399074 -105.61126535149891 136.06873 82.02237 247.30283205394954 -26.27699967711859 -1.2424806 -3.493514 2.277727 247.30281785355183 -26.277037289666346 247.37413829240472 -26.336553260198738 86.20554598704987 45.79809285357936 5400.0 5400.0 2016.0 1 373 {-999.0 18.068949 18.266983 18.42601 -999.0} sdss_psfmag_ps1 18.10802 18.103518 18.130959 -999.0 63050396393399596 1143795577 dark_1x2 mwm_wd_pwd_boss_1x2 mwm_wd science 0 0 0.0 0.0 -999 ""
FIBERMAP 812 R-8C7 METROLOGY 0 0 0 1 0 0 -71.26363560213089 -138.74101716533778 143.1 114.57968007377947 -105.8159231062139 136.06873 82.02237 -999.0 -999.0 -999.0 -999.0 -999.0 247.30523588175495 -26.277668580846925 247.37656192406405 -26.3371757231987 86.20447092239574 45.82811924155601 -999.0 6231.0 -999.0 -1 -999 {-999.0 -999.0 -999.0 -999.0 -999.0} "" -999.0 -999.0 -999.0 -999.0 -999 -999 "" "" "" "" 0 0 0.0 0.0 -999 ""
FIBERMAP 813 R+1C24 APOGEE 1 1 0 1 0 0 235.17592325407364 28.081242856426623 143.1 35.93297211873854 234.0947152981922 43.93643 155.1741 247.0408715667408 -25.24780990485631 -3.049842 -1.7886893 0.22236195 247.04088275464346 -25.24783827237101 247.1091227763261 -25.30824758164348 85.54864975234841 34.24881942480198 16000.0 16600.0 2016.0 2 112 {-999.0 15.861417 14.177514 13.329707 -999.0} sdss_psfmag_from_g3xp 15.118014 13.931079 12.859345 10.064 63050396393544715 1153043312 bright_1x1 mwm_galactic_core_dist_apogee_sparse mwm_galactic science 0 0 0.0 0.0 -999 ""
FIBERMAP 813 R+1C24 BOSS 0 0 0 1 0 0 235.85264643020938 28.324956227485153 143.1 35.879419703907026 234.8119591429398 43.93643 155.1741 -999.0 -999.0 -999.0 -999.0 -999.0 247.0407204169053 -25.24563718625035 247.1089439313139 -25.306061491217122 85.54690382701426 34.23174470745931 -999.0 5400.0 -999.0 1 191 {-999.0 -999.0 -999.0 -999.0 -999.0} "" -999.0 -999.0 -999.0 -999.0 -999 -999 "" "" "" "" 0 0 0.0 0.0 -999 ""
FIBERMAP 813 R+1C24 METROLOGY 0 0 0 1 0 0 235.75414522925806 27.605940366377027 143.1 36.545754080919146 234.52448717721998 43.93643 155.1741 -999.0 -999.0 -999.0 -999.0 -999.0 247.04295354316878 -25.24647223193823 247.11118284355985 -25.306887016558754 85.54649453990825 34.25939913086722 -999.0 6231.0 -999.0 -1 -999 {-999.0 -999.0 -999.0 -999.0 -999.0} "" -999.0 -999.0 -999.0 -999.0 -999 -999 "" "" "" "" 0 0 0.0 0.0 -999 ""
FIBERMAP 815 R-12C7 APOGEE 0 0 0 1 0 0 -6.7664473186875025 -228.0503753141532 143.1 217.89656149018606 -67.59758132251974 40.886242 90.83426 -999.0 -999.0 -999.0 -999.0 -999.0 247.6530365615741 -26.160855860118772 247.72410584277975 -26.219555786216983 85.90013808081932 47.796056853556024 -999.0 16600.0 -999.0 2 -999 {-999.0 -999.0 -999.0 -999.0 -999.0} "" -999.0 -999.0 -999.0 -999.0 -999 -999 "" "" "" "" 0 0 0.0 0.0 -999 ""
FIBERMAP 815 R-12C7 BOSS 1 1 0 1 0 0 -6.289533281546738 -228.5571939940481 143.1 218.5125735903546 -67.2738527375035 40.886242 90.83426 247.6551818847656 -26.159868367229677 -999.0 -999.0 -999.0 247.65515384195268 -26.159867644305216 247.7262082954527 -26.218573409382785 85.89809648661809 47.804382150431934 5400.0 5400.0 2015.5 1 366 {-999.0 -999.0 -999.0 -999.0 -999.0} "" -999.0 -999.0 -999.0 -999.0 27021603175505105 814889521 "" ops_sky_boss_good ops_sky sky_boss 0 0 0.0 0.0 -999 ""
FIBERMAP 815 R-12C7 METROLOGY 0 0 0 1 0 0 -6.993175981090806 -228.7631812698248 143.1 218.52256999933368 -68.00692728723408 40.886242 90.83426 -999.0 -999.0 -999.0 -999.0 -999.0 247.65522564915943 -26.162099812714477 247.72629026609218 -26.220801779330447 85.89958445108861 47.82759911467417 -999.0 6231.0 -999.0 -1 -999 {-999.0 -999.0 -999.0 -999.0 -999.0} "" -999.0 -999.0 -999.0 -999.0 -999 -999 "" "" "" "" 0 0 0.0 0.0 -999 ""
FIBERMAP 817 R+10C12 APOGEE 0 0 0 1 0 0 61.58204566010313 176.67780783638727 143.1 -153.72184616683168 106.64905801908643 288.17407 74.00008 -999.0 -999.0 -999.0 -999.0 -999.0 246.40269975551735 -25.63086800440389 246.4719054816319 -25.692691315388863 86.17524822329507 30.17334306903166 -999.0 16600.0 -999.0 2 -999 {-999.0 -999.0 -999.0 -999.0 -999.0} "" -999.0 -999.0 -999.0 -999.0 -999 -999 "" "" "" "" 0 0 0.0 0.0 -999 ""
FIBERMAP 817 R+10C12 BOSS 1 1 0 1 0 0 60.77886632144609 176.6876190045129 143.1 -153.94641364591658 105.87788485748763 288.17407 74.00008 246.40186840895623 -25.633153138769853 0.3663166 -3.0057957 0.59695274 246.4018777236942 -25.633152057505992 246.47108216001595 -25.694989211176704 86.17761608366611 30.180440477749357 5400.0 5400.0 2016.0 1 147 {-999.0 17.953985 16.776752 16.167442 15.626331} sdss_psfmag_from_ps1dr2 17.4808 16.7117 15.7709 13.832 63050396395018766 1040598307 "" ops_std_boss_ps1dr2 ops_std standard_boss 0 0 0.0 0.0 -999 ""
FIBERMAP 817 R+10C12 METROLOGY 0 0 0 1 0 0 61.17068648772809 177.30253325455035 143.1 -154.43389471592957 106.42006536400605 288.17407 74.00008 -999.0 -999.0 -999.0 -999.0 -999.0 246.40023425178865 -25.6314933761389 246.46943563552213 -25.693331336601393 86.17689218966146 30.148885165388833 -999.0 6231.0 -999.0 -1 -999 {-999.0 -999.0 -999.0 -999.0 -999.0} "" -999.0 -999.0 -999.0 -999.0 -999 -999 "" "" "" "" 0 0 0.0 0.0 -999 ""
FIBERMAP 822 R+8C14 APOGEE 0 0 0 1 0 0 98.48844437450845 162.95855645667774 143.1 -130.61978841816057 138.5310841403965 30.771233 127.620186 -999.0 -999.0 -999.0 -999.0 -999.0 246.48103547351278 -25.534704598808357 246.54997978862912 -25.596367927835463 86.05680745074604 30.384146482070378 -999.0 16600.0 -999.0 2 -999 {-999.0 -999.0 -999.0 -999.0 -999.0} "" -999.0 -999.0 -999.0 -999.0 -999 -999 "" "" "" "" 0 0 0.0 0.0 -999 ""
FIBERMAP 822 R+8C14 BOSS 1 1 0 1 0 0 99.13619427406138 162.71224020381595 143.1 -130.2089952679374 139.08917005855756 30.771233 127.620186 246.48239135742182 -25.532961664250166 -999.0 -999.0 -999.0 246.48239120289313 -25.532965499754283 246.55132273146285 -25.594638969514374 86.05470670309423 30.387162977028368 5400.0 5400.0 2015.5 1 168 {-999.0 -999.0 -999.0 -999.0 -999.0} "" -999.0 -999.0 -999.0 -999.0 27021603175551231 814892933 "" ops_sky_boss_good ops_sky sky_boss 0 0 0.0 0.0 -999 ""
FIBERMAP 822 R+8C14 METROLOGY 0 0 0 1 0 0 98.59818534356206 162.21865434389034 143.1 -129.87755834869958 138.43864336832553 30.771233 127.620186 -999.0 -999.0 -999.0 -999.0 -999.0 246.48346283548207 -25.534921199725442 246.55240261109282 -25.596587939483978 86.05592705348518 30.413399767057854 -999.0 6231.0 -999.0 -1 -999 {-999.0 -999.0 -999.0 -999.0 -999.0} "" -999.0 -999.0 -999.0 -999.0 -999 -999 "" "" "" "" 0 0 0.0 0.0 -999 ""
FIBERMAP 823 R-1C16 APOGEE 0 0 0 1 0 0 60.02206260773499 1.226679903756633 143.1 14.893872752529422 58.15513452852957 140.16705 40.878807 -999.0 -999.0 -999.0 -999.0 -999.0 246.96928735263316 -25.779787070355038 247.03906814607183 -25.840223030269435 86.02218711120938 37.66332114551204 -999.0 16600.0 -999.0 2 219 {-999.0 -999.0 -999.0 -999.0 -999.0} "" -999.0 -999.0 -999.0 -999.0 -999 -999 "" "" "" "" 0 0 0.0 0.0 -999 ""
FIBERMAP 823 R-1C16 BOSS 1 1 0 1 0 0 60.7508642042011 1.2522922052349692 143.1 15.064391912110183 58.86413796778266 140.16705 40.878807 246.9698966647319 -25.77754841504225 -3.027882 -4.869906 0.8101382 246.96988785811772 -25.777587729919517 247.0396524886164 -25.83803486329506 86.02011397364876 37.65070152634195 5400.0 5400.0 2016.0 1 316 {-999.0 17.670994 16.134686 15.333736 -999.0} sdss_psfmag_ps1 17.041187 15.9312525 14.873909 12.359 63050396393518633 1034788235 bright_1x1 mwm_yso_variable_boss_single mwm_yso science 0 0 0.0 0.0 -999 ""
FIBERMAP 823 R-1C16 METROLOGY 0 0 0 1 0 0 60.411616639497964 0.5961766842702723 143.1 15.605647702700244 58.361572158902646 140.16705 40.878807 -999.0 -999.0 -999.0 -999.0 -999.0 246.97170852335918 -25.77911577789291 247.04148086760733 -25.83955475324233 86.02035994785003 37.682782427398365 -999.0 6231.0 -999.0 -1 -999 {-999.0 -999.0 -999.0 -999.0 -999.0} "" -999.0 -999.0 -999.0 -999.0 -999 -999 "" "" "" "" 0 0 0.0 0.0 -999 ""
FIBERMAP 826 R+6C9 APOGEE 0 0 0 1 0 0 -29.814985994867556 124.81654368476543 143.1 -128.23637613092595 4.705139590582273 59.30059 82.69026 -999.0 -999.0 -999.0 -999.0 -999.0 246.4858685019746 -25.940323923705506 246.55600190619327 -26.00186633279561 86.40177906930316 33.629831723670634 -999.0 16600.0 -999.0 2 -999 {-999.0 -999.0 -999.0 -999.0 -999.0} "" -999.0 -999.0 -999.0 -999.0 -999 -999 "" "" "" "" 0 0 0.0 0.0 -999 ""
FIBERMAP 826 R+6C9 BOSS 1 1 0 1 0 0 -29.23584208275771 124.3683840014166 143.1 -127.64949723192323 5.143069330583955 59.30059 82.69026 246.48781806504672 -25.938957507264373 -12.298495 -14.642894 1.7969937 246.48779126730915 -25.93899125323087 246.55791315012596 -26.000540822084016 86.39973674878712 33.64150186558879 5400.0 5400.0 2016.0 1 135 {-999.0 19.393385 17.813028 17.06493 -999.0} sdss_psfmag_ps1 18.674227 17.617033 16.562782 14.015 63050396393511468 1096217363 bright_1x1 mwm_bin_vis_boss mwm_filler science 0 0 0.0 0.0 -999 ""
FIBERMAP 826 R+6C9 METROLOGY 0 0 0 1 0 0 -29.910862360407663 124.07471760047956 143.1 -127.54736286777374 4.414087197440562 59.30059 82.69026 -999.0 -999.0 -999.0 -999.0 -999.0 246.48810328699437 -25.941208083227597 246.55823405662443 -26.002753086044887 86.40144438349974 33.66437080649308 -999.0 6231.0 -999.0 -1 -999 {-999.0 -999.0 -999.0 -999.0 -999.0} "" -999.0 -999.0 -999.0 -999.0 -999 -999 "" "" "" "" 0 0 0.0 0.0 -999 ""
FIBERMAP 829 R-13C9 APOGEE 1 1 0 1 0 0 50.83820608732937 -240.29649792911883 143.1 245.122978900306 -15.37984769093887 95.75033 42.792698 247.74384944643705 -26.002460245167537 -6.251504 -0.026793972 0.14405541 247.74383703344228 -26.00244885481404 247.81445661837006 -26.06097436806112 85.73144395950848 47.012263628792425 16000.0 16600.0 2016.0 2 157 {-999.0 15.675495 14.182661 13.485374 -999.0} sdss_psfmag_from_g3xp 15.051143 14.044424 13.0548525 10.595 63050396393454560 1153043252 bright_1x1 mwm_galactic_core_dist_apogee_sparse mwm_galactic science 0 0 0.0 0.0 -999 ""
FIBERMAP 829 R-13C9 BOSS 0 0 0 1 0 0 51.405143503907226 -240.80704097555537 143.1 245.76669006169877 -14.970386070515376 95.75033 42.792698 -999.0 -999.0 -999.0 -999.0 -999.0 247.74602137886026 -26.001191746236486 247.81662503333098 -26.059723613222683 85.72917868001811 47.0186691138465 -999.0 5400.0 -999.0 1 438 {-999.0 -999.0 -999.0 -999.0 -999.0} "" -999.0 -999.0 -999.0 -999.0 -999 -999 "" "" "" "" 0 0 0.0 0.0 -999 ""
FIBERMAP 829 R-13C9 METROLOGY 0 0 0 1 0 0 50.67744365704643 -241.03768864975424 143.1 245.79400163280445 -15.733242596380247 95.75033 42.792698 -999.0 -999.0 -999.0 -999.0 -999.0 247.74616443894195 -26.00350585056342 247.81677859063075 -26.062033554180005 85.73070172685307 47.04206736094204 -999.0 6231.0 -999.0 -1 -999 {-999.0 -999.0 -999.0 -999.0 -999.0} "" -999.0 -999.0 -999.0 -999.0 -999 -999 "" "" "" "" 0 0 0.0 0.0 -999 ""
FIBERMAP 833 R0C10 APOGEE 0 0 0 1 0 0 -85.47415560581555 21.77363455505843 143.1 -43.86971177014493 -76.51608395646291 156.91339 16.893213 -999.0 -999.0 -999.0 -999.0 -999.0 246.7694336820103 -26.18814372530418 246.8403695276903 -26.24894515653416 86.4556042180773 39.270214995397225 -999.0 16600.0 -999.0 2 -999 {-999.0 -999.0 -999.0 -999.0 -999.0} "" -999.0 -999.0 -999.0 -999.0 -999 -999 "" "" "" "" 0 0 0.0 0.0 -999 ""
FIBERMAP 833 R0C10 BOSS 1 1 0 1 0 0 -84.75042518270376 21.704633742297087 143.1 -43.609398437011464 -75.83730638886759 156.91339 16.893213 246.7703398788347 -26.18607702457525 -16.788673 -19.18661 2.5286093 246.77030271394995 -26.186121252553242 246.8412236532356 -26.246931622216053 86.45354706471245 39.259869704856044 5400.0 5400.0 2016.0 1 448 {-999.0 18.33113 16.647778 15.582443 -999.0} sdss_psfmag_ps1 17.562326 16.220673 15.073409 12.634 63050396393485456 1055535662 bright_1x1 bhm_csc_boss bhm_csc science 0 0 0.0 0.0 -999 ""
FIBERMAP 833 R0C10 METROLOGY 0 0 0 1 0 0 -85.17598185901242 21.08763846650291 143.1 -43.128948095529964 -76.41254676158067 156.91339 16.893213 -999.0 -999.0 -999.0 -999.0 -999.0 246.77191448494955 -26.18788282691974 246.84284362843846 -26.248685916338353 86.45403041120154 39.2958575001843 -999.0 6231.0 -999.0 -1 -999 {-999.0 -999.0 -999.0 -999.0 -999.0} "" -999.0 -999.0 -999.0 -999.0 -999 -999 "" "" "" "" 0 0 0.0 0.0 -999 ""
FIBERMAP 834 R+2C24 APOGEE 0 0 0 1 0 0 258.06351118000754 55.530870853122096 143.1 15.617361436601442 263.4969500105025 108.74397 50.412582 -999.0 -999.0 -999.0 -999.0 -999.0 246.9730644991694 -25.15934582021627 247.04103135193816 -25.219940633069108 85.50701934602101 32.97552045903751 -999.0 16600.0 -999.0 2 -999 {-999.0 -999.0 -999.0 -999.0 -999.0} "" -999.0 -999.0 -999.0 -999.0 -999 -999 "" "" "" "" 0 0 0.0 0.0 -999 ""
FIBERMAP 834 R+2C24 BOSS 1 1 0 1 0 0 258.8082238409385 55.25317446308205 143.1 16.084356405810926 264.14004748605623 108.74397 50.412582 246.97463203047502 -25.157367828212735 -3.620105 -6.261105 0.22392586 246.97463863447112 -25.15740531987844 247.04259039278486 -25.218011248017472 85.5046365134589 32.97787308066819 5400.0 5400.0 2016.0 1 193 {-999.0 18.035227 17.092703 16.597294 16.25339} sdss_psfmag_from_ps1dr2 17.7061 17.0619 16.1952 14.562 63050396393545785 1040595704 "" ops_std_boss_ps1dr2 ops_std standard_boss 0 0 0.0 0.0 -999 ""
FIBERMAP 834 R+2C24 METROLOGY 0 0 0 1 0 0 258.19963089044506 54.79536446890338 143.1 16.36242157024723 263.4311004121371 108.74397 50.412582 -999.0 -999.0 -999.0 -999.0 -999.0 246.97556455558063 -25.15948866047016 247.04352536264946 -25.220087750567362 85.50595697165042 33.00099640635773 -999.0 6231.0 -999.0 -1 -999 {-999.0 -999.0 -999.0 -999.0 -999.0} "" -999.0 -999.0 -999.0 -999.0 -999 -999 "" "" "" "" 0 0 0.0 0.0 -999 ""
FIBERMAP 836 R+9C2 APOGEE 0 0 0 1 0 0 -177.0781974295108 159.6783182011785 143.1 -201.26443031910716 -127.83450743917271 271.9949 81.1856 -999.0 -999.0 -999.0 -999.0 -999.0 246.23755542612287 -26.340040947769623 246.3088019582898 -26.40206481410624 86.85825903213022 34.16335311329874 -999.0 16600.0 -999.0 2 -999 {-999.0 -999.0 -999.0 -999.0 -999.0} "" -999.0 -999.0 -999.0 -999.0 -999 -999 "" "" "" "" 0 0 0.0 0.0 -999 ""
FIBERMAP 836 R+9C2 BOSS 1 1 0 1 0 0 -177.78763425674435 159.75723095887525 143.1 -201.53046479327858 -128.49685952580825 271.9949 81.1856 246.23662809952197 -26.342076488342027 -6.2049856 0.28069055 0.32590863 246.23663064399332 -26.342038557713483 246.30787562844807 -26.40407391606888 86.86039412680556 34.17079565388934 5400.0 5400.0 2016.0 1 19 {-999.0 17.634148 17.00283 16.73228 16.55959} sdss_psfmag_from_ps1dr2 17.4313 17.0154 16.3325 15.317 63050396393319083 1040595432 "" ops_std_boss_ps1dr2 ops_std standard_boss 0 0 0.0 0.0 -999 ""
FIBERMAP 836 R+9C2 METROLOGY 0 0 0 1 0 0 -177.3602242024275 160.37110901820358 143.1 -202.00741554947092 -127.92066845016043 271.9949 81.1856 -999.0 -999.0 -999.0 -999.0 -999.0 246.2349970013049 -26.340305800062804 246.30623847452296 -26.402342715426816 86.85974981418114 34.131080985078086 -999.0 6231.0 -999.0 -1 -999 {-999.0 -999.0 -999.0 -999.0 -999.0} "" -999.0 -999.0 -999.0 -999.0 -999 -999 "" "" "" "" 0 0 0.0 0.0 -999 ""
FIBERMAP 843 R+7C18 APOGEE 1 1 0 1 0 0 165.52497646508536 147.86959084055644 143.1 -98.12837661653842 199.07430255738166 97.10539 123.35242 246.5915169858685 -25.352186451529427 -13.174953 -8.950937 1.1836033 246.59146040973326 -25.352221901484846 246.65989958561363 -25.413672252665613 85.84893488436386 30.341891786841188 16000.0 16600.0 2016.0 2 119 {-999.0 15.749388 13.633658 12.533321 -999.0} sdss_psfmag_from_g3xp 14.702 13.166513 11.969559 8.656 63050396395025695 1108401409 bright_1x1 mwm_tess_rgb_apogee mwm_tessrgb science 0 0 0.0 0.0 -999 ""
FIBERMAP 843 R+7C18 BOSS 0 0 0 1 0 0 166.11623410698752 148.37097213667974 143.1 -98.45306225306949 199.77821809177922 97.10539 123.35242 -999.0 -999.0 -999.0 -999.0 -999.0 246.59037928146452 -25.35004624590727 246.65880344014863 -25.411513337788154 85.84753559073661 30.315383595388937 -999.0 5400.0 -999.0 1 204 {-999.0 -999.0 -999.0 -999.0 -999.0} "" -999.0 -999.0 -999.0 -999.0 -999 -999 "" "" "" "" 0 0 0.0 0.0 -999 ""
FIBERMAP 843 R+7C18 METROLOGY 0 0 0 1 0 0 166.23030887100737 147.6205839853248 143.1 -97.69956898179115 199.68714412315177 97.10539 123.35242 -999.0 -999.0 -999.0 -999.0 -999.0 246.59288018150156 -25.35029964550406 246.66130805730586 -25.411756877437693 85.84664201500757 30.344278920557826 -999.0 6231.0 -999.0 -1 -999 {-999.0 -999.0 -999.0 -999.0 -999.0} "" -999.0 -999.0 -999.0 -999.0 -999 -999 "" "" "" "" 0 0 0.0 0.0 -999 ""
FIBERMAP 844 R-3C20 APOGEE 1 1 0 1 0 0 181.55784513857608 -50.37614613142773 143.1 97.16006288274689 161.42465421814586 48.040962 97.88909 247.24609724982946 -25.467390333044744 13.279335 -6.7469406 2.1662018 247.24615815145086 -25.467413356494113 247.3150867114573 -25.527273717882228 85.62267023898227 37.857086899533726 16000.0 16600.0 2016.0 2 214 {-999.0 12.733722 11.855177 11.393032 -999.0} sdss_psfmag_from_g3xp 12.455922 11.802534 11.004289 9.314 63050396393540074 975299453 "" ops_std_apogee ops_std standard_apogee 0 0 0.0 0.0 -999 ""
FIBERMAP 844 R-3C20 BOSS 0 0 0 1 0 0 182.20909837923108 -50.765612662921555 143.1 97.7097085014485 161.94777545494085 48.040962 97.88909 -999.0 -999.0 -999.0 -999.0 -999.0 247.248043340312 -25.465771797257776 247.31695669258443 -25.525641309142816 85.62035431878046 37.86213864493374 -999.0 5400.0 -999.0 1 306 {-999.0 -999.0 -999.0 -999.0 -999.0} "" -999.0 -999.0 -999.0 -999.0 -999 -999 "" "" "" "" 0 0 0.0 0.0 -999 ""
FIBERMAP 844 R-3C20 METROLOGY 0 0 0 1 0 0 181.55753676138622 -51.12025900914313 143.1 97.87687522738388 161.22506168485694 48.040962 97.88909 -999.0 -999.0 -999.0 -999.0 -999.0 247.24861975429607 -25.46793863721287 247.3175426540364 -25.52780243873439 85.62177679480139 37.88454448286427 -999.0 6231.0 -999.0 -1 -999 {-999.0 -999.0 -999.0 -999.0 -999.0} "" -999.0 -999.0 -999.0 -999.0 -999 -999 "" "" "" "" 0 0 0.0 0.0 -999 ""
FIBERMAP 845 R+9C16 APOGEE 1 1 0 1 0 0 158.1820207668017 180.7694837186142 143.1 -131.79152765719678 200.8114996475094 31.993542 111.61821 246.4789432905768 -25.34668348064103 1.9205071 -3.6612315 0.12066138 246.47890235325315 -25.34669791093598 246.54729838022365 -25.408417042700453 85.89312023691126 29.0674535144247 16000.0 16600.0 2016.0 2 76 {-999.0 18.25316 16.161846 15.013251 -999.0} sdss_psfmag_ps1 17.195349 15.610048 14.39964 10.96 63050396395025332 1156856192 bright_1x1 mwm_galactic_core_dist_apogee_extra mwm_galactic science 0 0 0.0 0.0 -999 ""
FIBERMAP 845 R+9C16 BOSS 0 0 0 1 0 0 158.74391699141174 180.2754428110693 143.1 -131.16506520464722 201.2205242320392 31.993542 111.61821 -999.0 -999.0 -999.0 -999.0 -999.0 246.48100041008985 -25.345434561438616 246.54938524287456 -25.40716264818115 85.89112650436935 29.082435495304196 -999.0 5400.0 -999.0 1 235 {-999.0 -999.0 -999.0 -999.0 -999.0} "" -999.0 -999.0 -999.0 -999.0 -999 -999 "" "" "" "" 0 0 0.0 0.0 -999 ""
FIBERMAP 845 R+9C16 METROLOGY 0 0 0 1 0 0 158.0256906549502 180.04639737407643 143.1 -131.1367599783249 200.46722382382484 31.993542 111.61821 -999.0 -999.0 -999.0 -999.0 -999.0 246.4810455189522 -25.347673835252728 246.54943915079127 -25.409397352016228 85.89307526275084 29.097718703040925 -999.0 6231.0 -999.0 -1 -999 {-999.0 -999.0 -999.0 -999.0 -999.0} "" -999.0 -999.0 -999.0 -999.0 -999 -999 "" "" "" "" 0 0 0.0 0.0 -999 ""
FIBERMAP 850 R+3C23 APOGEE 0 0 0 1 0 0 251.53434819601517 55.51793105693384 143.1 13.881124977313023 257.20314315706753 14.389594 90.655426 -999.0 -999.0 -999.0 -999.0 -999.0 246.9672237533889 -25.17821921486116 247.03524419979465 -25.23882283031264 85.52582781898013 33.045801542219806 -999.0 16600.0 -999.0 2 -999 {-999.0 -999.0 -999.0 -999.0 -999.0} "" -999.0 -999.0 -999.0 -999.0 -999 -999 "" "" "" "" 0 0 0.0 0.0 -999 ""
FIBERMAP 850 R+3C23 BOSS 1 1 0 1 0 0 251.68943851990775 54.66488267161516 143.1 14.744508586880924 257.1240890464692 14.389594 90.655426 246.9700952729798 -25.178422711713683 1.7600396 -2.1754541 0.7062169 246.970119928911 -25.178440119601902 247.0381318867469 -25.23905103764437 85.52464411790586 33.07578833441187 5400.0 5400.0 2016.0 1 194 {-999.0 17.078117 16.151373 15.629221 15.291254} sdss_psfmag_from_ps1dr2 16.7407 16.0901 15.2513 13.641 63050396393545743 1040595703 "" ops_std_boss_ps1dr2 ops_std standard_boss 0 0 0.0 0.0 -999 ""
FIBERMAP 850 R+3C23 METROLOGY 0 0 0 1 0 0 251.01497188447019 54.97965003014392 143.1 14.260612583250204 256.55859685982176 14.389594 90.655426 -999.0 -999.0 -999.0 -999.0 -999.0 246.96849904912048 -25.180090795555774 247.03651822097243 -25.240701081494343 85.52681590269688 33.07105312402251 -999.0 6231.0 -999.0 -1 -999 {-999.0 -999.0 -999.0 -999.0 -999.0} "" -999.0 -999.0 -999.0 -999.0 -999 -999 "" "" "" "" 0 0 0.0 0.0 -999 ""
FIBERMAP 853 R+1C21 APOGEE 0 0 0 1 0 0 180.142970998385 28.48510930441227 143.1 20.804425961670105 181.1829094567648 52.182064 101.65256 -999.0 -999.0 -999.0 -999.0 -999.0 246.98996972145983 -25.40719157095117 247.05866316512152 -25.467679053400914 85.70691869604309 34.89786306240745 -999.0 16600.0 -999.0 2 -999 {-999.0 -999.0 -999.0 -999.0 -999.0} "" -999.0 -999.0 -999.0 -999.0 -999 -999 "" "" "" "" 0 0 0.0 0.0 -999 ""
FIBERMAP 853 R+1C21 BOSS 1 1 0 1 0 0 180.81992970448863 28.139806990451163 143.1 21.31840747240071 181.74262439571757 52.182064 101.65256 246.99134471059403 -25.405329393983678 -11.808139 -27.437237 8.156947 246.99171558566118 -25.405430875366623 247.06039440082554 -25.46592808380482 85.70459500001041 34.902279519093725 5400.0 5400.0 2016.0 1 243 {-999.0 15.812633 14.406608 13.132548 -999.0} sdss_psfmag_from_g3xp 15.255519 13.834828 12.65287 10.277 63050396393543725 1075960085 bright_1x1 mwm_erosita_stars_boss mwm_erosita science 0 0 1.2806931734085083 0.0 -999 ""
FIBERMAP 853 R+1C21 METROLOGY 0 0 0 1 0 0 180.19544650975993 27.738956144865227 143.1 21.537341045757792 181.03362365077544 52.182064 101.65256 -999.0 -999.0 -999.0 -999.0 -999.0 246.99244687346672 -25.407553473539704 247.06113486128152 -25.46804456007721 85.7059858722998 34.9253770657553 -999.0 6231.0 -999.0 -1 -999 {-999.0 -999.0 -999.0 -999.0 -999.0} "" -999.0 -999.0 -999.0 -999.0 -999 -999 "" "" "" "" 0 0 0.0 0.0 -999 ""
FIBERMAP 855 R+8C7 APOGEE 0 0 0 1 0 0 -82.59558930117473 139.79639408476822 143.1 -156.80450455225045 -42.132823466705425 292.25833 31.158346 -999.0 -999.0 -999.0 -999.0 -999.0 246.38872189728832 -26.081822769147486 246.45924663380583 -26.14355763636892 86.56796836920029 33.683293335674136 -999.0 16600.0 -999.0 2 -999 {-999.0 -999.0 -999.0 -999.0 -999.0} "" -999.0 -999.0 -999.0 -999.0 -999 -999 "" "" "" "" 0 0 0.0 0.0 -999 ""
FIBERMAP 855 R+8C7 BOSS 1 1 0 1 0 0 -83.20768805828054 140.23334053754252 143.1 -157.38940665703802 -42.6055058739188 292.25833 31.158346 246.38671747484855 -26.083255822948576 -17.832851 -4.4081497 2.5530672 246.38668066259726 -26.083248486981297 246.45720133486554 -26.14499863203283 86.57017282647637 33.67048144696554 5400.0 5400.0 2016.0 1 108 {-999.0 21.796253 20.117624 18.782043 -999.0} sdss_psfmag_ps1 20.953737 19.48527 18.293715 15.589 63050396393508064 1096264357 bright_1x1 mwm_bin_vis_boss mwm_filler science 0 0 0.0 0.0 -999 ""
FIBERMAP 855 R+8C7 METROLOGY 0 0 0 1 0 0 -82.52549733384106 140.54109894772495 143.1 -157.5031971193741 -41.865841315617935 292.25833 31.158346 -999.0 -999.0 -999.0 -999.0 -999.0 246.38628899976652 -26.08101102895309 246.45680517588107 -26.142759647093104 86.56848022084586 33.64527820683156 -999.0 6231.0 -999.0 -1 -999 {-999.0 -999.0 -999.0 -999.0 -999.0} "" -999.0 -999.0 -999.0 -999.0 -999 -999 "" "" "" "" 0 0 0.0 0.0 -999 ""
FIBERMAP 861 R+12C6 APOGEE 0 0 0 1 0 0 -38.78828840851535 251.343952924011 143.1 -252.53901902567233 29.947842224950634 118.19651 61.323296 -999.0 -999.0 -999.0 -999.0 -999.0 246.06963900194887 -25.861161215987607 246.13943309264232 -25.923711908104256 86.5199505403475 27.73160612797949 -999.0 16600.0 -999.0 2 -999 {-999.0 -999.0 -999.0 -999.0 -999.0} "" -999.0 -999.0 -999.0 -999.0 -999 -999 "" "" "" "" 0 0 0.0 0.0 -999 ""
FIBERMAP 861 R+12C6 BOSS 1 1 0 1 0 0 -38.0231691085153 251.32703184289227 143.1 -252.31779530186682 30.68044325174319 118.19651 61.323296 246.07040405273435 -25.858952884739267 -999.0 -999.0 -999.0 246.07039413148564 -25.858937081168314 246.14017534724223 -25.92149822378919 86.51767433170218 27.724917960737343 5400.0 5400.0 2015.5 1 163 {-999.0 -999.0 -999.0 -999.0 -999.0} "" -999.0 -999.0 -999.0 -999.0 27021603175550726 823842870 "" ops_sky_boss_good ops_sky sky_boss 0 0 0.0 0.0 -999 ""
FIBERMAP 861 R+12C6 METROLOGY 0 0 0 1 0 0 -38.41284048296104 250.69700851218488 143.1 -251.81518229665923 30.136286280534144 118.19651 61.323296 -999.0 -999.0 -999.0 -999.0 -999.0 246.072000846419 -25.860593143446213 246.14178918345158 -25.92314673309859 86.51848740238853 27.758513948227176 -999.0 6231.0 -999.0 -1 -999 {-999.0 -999.0 -999.0 -999.0 -999.0} "" -999.0 -999.0 -999.0 -999.0 -999 -999 "" "" "" "" 0 0 0.0 0.0 -999 ""
FIBERMAP 862 R+6C19 APOGEE 1 1 0 1 0 0 192.85511464033857 117.02575695303113 143.1 -61.092920060075436 217.1438761064946 6.8780107 113.09435 246.7158508300781 -25.29807410044168 -999.0 -999.0 -999.0 246.71584515616846 -25.29808392751309 246.78415625873697 -25.359253292213317 85.74600121514271 31.30378548182938 16000.0 16600.0 2015.5 2 118 {-999.0 -999.0 -999.0 -999.0 -999.0} "" -999.0 -999.0 -999.0 -999.0 27021603175551398 845954411 "" ops_sky_apogee_best ops_sky sky_apogee 0 0 0.0 0.0 -999 ""
FIBERMAP 862 R+6C19 BOSS 0 0 0 1 0 0 193.26039925287782 116.36816905990523 143.1 -60.35083801667443 217.35821485248604 6.8780107 113.09435 -999.0 -999.0 -999.0 -999.0 -999.0 246.71833102881635 -25.29739231944954 246.7866318179996 -25.358569752974425 85.74428528453896 31.325211706396033 -999.0 5400.0 -999.0 1 203 {-999.0 -999.0 -999.0 -999.0 -999.0} "" -999.0 -999.0 -999.0 -999.0 -999 -999 "" "" "" "" 0 0 0.0 0.0 -999 ""
FIBERMAP 862 R+6C19 METROLOGY 0 0 0 1 0 0 192.49973141866036 116.35945598090575 143.1 -60.546172984892664 216.6230368808673 6.8780107 113.09435 -999.0 -999.0 -999.0 -999.0 -999.0 246.7176499632389 -25.29957410194187 246.78595946368478 -25.36074865066471 85.74647396335365 31.33291268268141 -999.0 6231.0 -999.0 -1 -999 {-999.0 -999.0 -999.0 -999.0 -999.0} "" -999.0 -999.0 -999.0 -999.0 -999 -999 "" "" "" "" 0 0 0.0 0.0 -999 ""
FIBERMAP 863 R+9C12 APOGEE 0 0 0 1 0 0 37.82537400180857 180.98132188613533 143.1 -164.23068682859338 84.91395920272433 204.84946 64.39777 -999.0 -999.0 -999.0 -999.0 -999.0 246.36684518513994 -25.696519887824948 246.43623382488818 -25.758410561708878 86.24829166525976 30.23463668852662 -999.0 16600.0 -999.0 2 144 {-999.0 -999.0 -999.0 -999.0 -999.0} "" -999.0 -999.0 -999.0 -999.0 -999 -999 "" "" "" "" 0 0 0.0 0.0 -999 ""
FIBERMAP 863 R+9C12 BOSS 1 1 0 1 0 0 37.82016576232974 181.75107197781128 143.1 -164.97367614986666 85.11510330863644 204.84946 64.39777 246.36428833007812 -25.695845714932346 -999.0 -999.0 -999.0 246.364307548674 -25.695858539148947 246.43368599166502 -25.75776768175971 86.24885208769497 30.199236070618326 5400.0 5400.0 2015.5 1 146 {-999.0 -999.0 -999.0 -999.0 -999.0} "" -999.0 -999.0 -999.0 -999.0 27021603175507967 823838356 "" ops_sky_boss_good ops_sky sky_boss 0 0 0.0 0.0 -999 ""
FIBERMAP 863 R+9C12 METROLOGY 0 0 0 1 0 0 38.47302917347935 181.3608727951702 143.1 -164.4228934274352 85.63957959394095 204.84946 64.39777 -999.0 -999.0 -999.0 -999.0 -999.0 246.36614317167712 -25.694270611113847 246.43551958912963 -25.756172354315986 86.24665336481783 30.209347643770343 -999.0 6231.0 -999.0 -1 -999 {-999.0 -999.0 -999.0 -999.0 -999.0} "" -999.0 -999.0 -999.0 -999.0 -999 -999 "" "" "" "" 0 0 0.0 0.0 -999 ""
FIBERMAP 864 R-6C5 APOGEE 1 1 0 1 0 0 -119.59319443413517 -103.2779136139761 143.1 67.46965022089204 -142.8796296890553 88.97189 60.328205 247.14569091796875 -26.389968764203104 -999.0 -999.0 -999.0 247.14568692836534 -26.38997335114809 247.21731581509084 -26.449823677094766 86.38470774788077 45.46436721047155 16000.0 16600.0 2015.5 2 294 {-999.0 -999.0 -999.0 -999.0 -999.0} "" -999.0 -999.0 -999.0 -999.0 27021603175504897 848670712 "" ops_sky_apogee_best ops_sky sky_apogee 0 0 0.0 0.0 -999 ""
FIBERMAP 864 R-6C5 BOSS 0 0 0 1 0 0 -118.98433765778655 -103.72917595803725 143.1 68.06747627620469 -142.4139048974666 88.97189 60.328205 -999.0 -999.0 -999.0 -999.0 -999.0 247.14775526052372 -26.38861353309462 247.2193700696157 -26.448469024330976 86.3824548089312 45.47034427787327 -999.0 5400.0 -999.0 1 485 {-999.0 -999.0 -999.0 -999.0 -999.0} "" -999.0 -999.0 -999.0 -999.0 -999 -999 "" "" "" "" 0 0 0.0 0.0 -999 ""
FIBERMAP 864 R-6C5 METROLOGY 0 0 0 1 0 0 -119.67997164499135 -104.01463593687858 143.1 68.15618342926608 -143.16054881545685 88.97189 60.328205 -999.0 -999.0 -999.0 -999.0 -999.0 247.14805616368335 -26.390892160818073 247.21968081578632 -26.45074355335339 86.38389322854928 45.498620571431786 -999.0 6231.0 -999.0 -1 -999 {-999.0 -999.0 -999.0 -999.0 -999.0} "" -999.0 -999.0 -999.0 -999.0 -999 -999 "" "" "" "" 0 0 0.0 0.0 -999 ""
FIBERMAP 867 R-6C9 APOGEE 0 0 0 1 0 0 -50.55212959107321 -127.82478919727693 143.1 109.6098965141998 -82.93830773254615 241.13986 119.84773 -999.0 -999.0 -999.0 -999.0 -999.0 247.28845245680168 -26.208316176401496 247.35957634173292 -26.26787489974261 86.16517348899045 44.940222051468425 -999.0 16600.0 -999.0 2 -999 {-999.0 -999.0 -999.0 -999.0 -999.0} "" -999.0 -999.0 -999.0 -999.0 -999 -999 "" "" "" "" 0 0 0.0 0.0 -999 ""
FIBERMAP 867 R-6C9 BOSS 1 1 0 1 0 0 -51.300219510456266 -127.8489181424214 143.1 109.43278227272373 -83.66549668545429 241.13986 119.84773 247.2879307533325 -26.210570742701954 -2.5034623 0.09299527 0.1470091 247.28792098318095 -26.210550477663954 247.35904033247584 -26.270120277916853 86.16713209436939 44.958148006745944 5400.0 5400.0 2016.0 1 371 {-999.0 16.635592 15.962686 15.657513 15.485589} sdss_psfmag_from_ps1dr2 16.3752 15.9689 15.232 14.195 63050396393400858 1040595559 "" ops_std_boss_ps1dr2 ops_std standard_boss 0 0 0.0 0.0 -999 ""
FIBERMAP 867 R-6C9 METROLOGY 0 0 0 1 0 0 -50.94651745924438 -127.18921353204462 143.1 108.89194001235076 -83.14804383770174 241.13986 119.84773 -999.0 -999.0 -999.0 -999.0 -999.0 247.286106180561 -26.208995778243906 247.35722360897523 -26.26856738638819 86.16712864450595 44.924478995130016 -999.0 6231.0 -999.0 -1 -999 {-999.0 -999.0 -999.0 -999.0 -999.0} "" -999.0 -999.0 -999.0 -999.0 -999 -999 "" "" "" "" 0 0 0.0 0.0 -999 ""
FIBERMAP 873 R+3C16 APOGEE 1 1 0 1 0 0 74.75643181656604 67.39497614541989 143.1 -44.9078392944619 90.07238100681042 82.204124 143.46823 246.76807219574522 -25.68242089563351 -0.5289665 3.9711237 3.5708508 246.76808374282362 -25.682420076193285 246.8375301343649 -25.743361349221967 86.04689713232035 34.71012438674143 16000.0 16600.0 2016.0 2 71 {-999.0 15.821328 14.489263 13.74268 -999.0} sdss_psfmag_from_g3xp 15.293574 14.310249 13.292227 10.982 63050396393519594 1035005055 bright_1x1 mwm_yso_pms_apogee_zari18pms_single mwm_yso science 0 0 0.0 0.0 -999 ""
FIBERMAP 873 R+3C16 BOSS 0 0 0 1 0 0 75.33980137269042 67.8714077730937 143.1 -45.21060052679151 90.76201472439807 82.204124 143.46823 -999.0 -999.0 -999.0 -999.0 -999.0 246.76705560244545 -25.68026278434535 246.83648632860172 -25.741219444261628 86.0456315737012 34.68159305153955 -999.0 5400.0 -999.0 1 228 {-999.0 -999.0 -999.0 -999.0 -999.0} "" -999.0 -999.0 -999.0 -999.0 -999 -999 "" "" "" "" 0 0 0.0 0.0 -999 ""
FIBERMAP 873 R+3C16 METROLOGY 0 0 0 1 0 0 75.46008931289106 67.14226410849051 143.1 -44.4759105953817 90.68261657009134 82.204124 143.46823 -999.0 -999.0 -999.0 -999.0 -999.0 246.76952157321446 -25.680505712511877 246.83895617916767 -25.741452937726894 86.04459674440713 34.7103474963489 -999.0 6231.0 -999.0 -1 -999 {-999.0 -999.0 -999.0 -999.0 -999.0} "" -999.0 -999.0 -999.0 -999.0 -999 -999 "" "" "" "" 0 0 0.0 0.0 -999 ""
FIBERMAP 874 R+8C3 APOGEE 0 0 1 1 0 0 -154.04697162262235 162.88847973487353 143.1 -198.18872809382344 -104.78593479204609 10.115621 170.00925 -999.0 -999.0 -999.0 -999.0 -999.0 246.24829141790855 -26.2704669104417 246.31933537398197 -26.332484064092792 86.79474984001197 33.62227731039229 -999.0 16600.0 -999.0 2 16 {-999.0 -999.0 -999.0 -999.0 -999.0} "" -999.0 -999.0 -999.0 -999.0 -999 -999 "" "" "" "" 0 0 0.0 0.0 -999 ""
FIBERMAP 874 R+8C3 BOSS 1 0 1 1 0 0 -153.30473151066388 162.8118991156552 143.1 -197.9161547640514 -104.09135467386528 10.115621 170.00925 246.29251753361746 -26.257348379695685 -12.5263605 -18.979542 0.5375603 246.24918670282176 -26.268383409236996 246.32021750498234 -26.330409115788726 86.79257661872481 33.61413163996235 5400.0 5400.0 2016.0 1 25 {-999.0 17.704292 17.028423 16.682655 -999.0} sdss_psfmag_ps1 17.446913 16.968494 16.302332 15.009 63050396393320122 980523214 "" ops_std_boss_tic ops_std standard_boss 0 0 0.0 0.0 -999 ""
FIBERMAP 874 R+8C3 METROLOGY 0 0 1 1 0 0 -153.74132106754968 162.20415509023496 143.1 -197.4475722151631 -104.67474661125968 10.115621 170.00925 -999.0 -999.0 -999.0 -999.0 -999.0 246.2507147003338 -26.27018138108424 246.32175326316053 -26.33220010894097 86.79333969570904 33.652133826349086 -999.0 6231.0 -999.0 -1 -999 {-999.0 -999.0 -999.0 -999.0 -999.0} "" -999.0 -999.0 -999.0 -999.0 -999 -999 "" "" "" "" 0 0 0.0 0.0 -999 ""
FIBERMAP 876 R+5C22 APOGEE 1 1 0 1 0 0 235.98056034000263 81.74938928680402 143.1 -15.556611131152156 249.2438374592368 288.4058 100.53587 246.8687329219306 -25.201875872492323 -6.3936043 -2.0511703 0.22714719 246.86872168327187 -25.20188643134587 246.93678843039538 -25.262718148150007 85.59265130230067 32.225357967047955 16000.0 16600.0 2016.0 2 87 {-999.0 15.605671 13.794786 12.837783 -999.0} sdss_psfmag_from_g3xp 14.774509 13.4693775 12.350829 9.428 63050396395042225 1156257537 bright_1x1 mwm_galactic_core_dist_apogee_extra mwm_galactic science 0 0 0.0 0.0 -999 ""
FIBERMAP 876 R+5C22 BOSS 0 0 0 1 0 0 235.34762654552986 81.37100265472141 143.1 -15.361583402485776 248.53271179884268 288.4058 100.53587 -999.0 -999.0 -999.0 -999.0 -999.0 246.86937398091064 -25.20399149484605 246.93743757610855 -25.264835245149232 85.59416225837231 32.24611593603646 -999.0 5400.0 -999.0 1 260 {-999.0 -999.0 -999.0 -999.0 -999.0} "" -999.0 -999.0 -999.0 -999.0 -999 -999 "" "" "" "" 0 0 0.0 0.0 -999 ""
FIBERMAP 876 R+5C22 METROLOGY 0 0 0 1 0 0 235.33885167037212 82.13678214094212 143.1 -16.10170260445292 248.72935628284807 288.4058 100.53587 -999.0 -999.0 -999.0 -999.0 -999.0 246.866895280643 -25.203355824174402 246.9349591330091 -25.264201635600436 85.59477535518963 32.216863028886905 -999.0 6231.0 -999.0 -1 -999 {-999.0 -999.0 -999.0 -999.0 -999.0} "" -999.0 -999.0 -999.0 -999.0 -999 -999 "" "" "" "" 0 0 0.0 0.0 -999 ""
FIBERMAP 878 R-3C23 APOGEE 0 0 0 1 0 0 246.55613039252444 -43.30400733746044 143.1 107.7550698065008 225.93957936468902 93.46767 70.69665 -999.0 -999.0 -999.0 -999.0 -999.0 247.28113084231975 -25.272967548552923 247.34949835456825 -25.332797132644814 85.44692950038213 36.71503724093583 -999.0 16600.0 -999.0 2 -999 {-999.0 -999.0 -999.0 -999.0 -999.0} "" -999.0 -999.0 -999.0 -999.0 -999 -999 "" "" "" "" 0 0 0.0 0.0 -999 ""
FIBERMAP 878 R-3C23 BOSS 1 1 0 1 0 0 247.25381960967664 -43.50704421040386 143.1 108.13754186336237 226.55736943280678 93.46767 70.69665 247.2821265414741 -25.271046405237886 1.0149994 -3.0034633 1.3102648 247.28242165401096 -25.27108377141191 247.35077301660124 -25.33092472440406 85.444735705114 36.71323395661 5400.0 5400.0 2016.0 1 279 {-999.0 15.858925 14.759484 14.203079 -999.0} sdss_psfmag_from_g3xp 15.467776 14.684168 13.792483 11.835 63050396393542878 1035029709 bright_1x1 mwm_yso_pms_boss_sagitta_edr3_single mwm_yso science 0 0 0.9749557375907898 0.0 -999 ""
FIBERMAP 878 R-3C23 METROLOGY 0 0 0 1 0 0 246.73653784333678 -44.02992149801078 143.1 108.50275014468033 225.9189666440313 93.46767 70.69665 -999.0 -999.0 -999.0 -999.0 -999.0 247.283666631826 -25.272970918048173 247.35202688055415 -25.332804433085155 85.44561318263294 36.73856848035609 -999.0 6231.0 -999.0 -1 -999 {-999.0 -999.0 -999.0 -999.0 -999.0} "" -999.0 -999.0 -999.0 -999.0 -999 -999 "" "" "" "" 0 0 0.0 0.0 -999 ""
FIBERMAP 879 R0C22 APOGEE 0 0 0 1 0 0 190.13750189198998 11.19512059739685 143.1 40.13881754252626 186.18109303018178 65.52515 97.84976 -999.0 -999.0 -999.0 -999.0 -999.0 247.054857317711 -25.392249553839736 247.12352209167898 -25.452586474378123 85.66172620295174 35.431860963965505 -999.0 16600.0 -999.0 2 -999 {-999.0 -999.0 -999.0 -999.0 -999.0} "" -999.0 -999.0 -999.0 -999.0 -999 -999 "" "" "" "" 0 0 0.0 0.0 -999 ""
FIBERMAP 879 R0C22 BOSS 1 1 0 1 0 0 190.86544719726345 10.960529898739512 143.1 40.55979273383051 186.81958144045458 65.52515 97.84976 247.05627563441894 -25.390229701377336 -1.6205482 0.657265 1.0285665 247.0562949957045 -25.3902545346954 247.12494414767548 -25.4506020400302 85.65936313637543 35.43117883662052 5400.0 5400.0 2016.0 1 255 {-999.0 16.84795 16.034765 15.358919 -999.0} sdss_psfmag_ps1 16.510445 15.791194 14.94119 13.107 63050396393541063 982189964 "" ops_std_boss_tic ops_std standard_boss 0 0 0.0 0.0 -999 ""
FIBERMAP 879 R0C22 METROLOGY 0 0 0 1 0 0 190.29999691383364 10.46498801719506 143.1 40.885764522013275 186.14209325853653 65.52515 97.84976 -999.0 -999.0 -999.0 -999.0 -999.0 247.05739025086612 -25.392280407910878 247.1260484417894 -25.452620931736806 85.66047353597786 35.45706374183737 -999.0 6231.0 -999.0 -1 -999 {-999.0 -999.0 -999.0 -999.0 -999.0} "" -999.0 -999.0 -999.0 -999.0 -999 -999 "" "" "" "" 0 0 0.0 0.0 -999 ""
FIBERMAP 881 R+5C5 APOGEE 0 0 1 1 0 0 -144.37187349238437 104.69504637743145 143.1 -139.5325994927816 -111.05065206379865 10.484195 167.57199 -999.0 -999.0 -999.0 -999.0 -999.0 246.44572840231828 -26.291050261330806 246.51688525548764 -26.352593383564766 86.71225891730904 36.41146275956413 -999.0 16600.0 -999.0 2 27 {-999.0 -999.0 -999.0 -999.0 -999.0} "" -999.0 -999.0 -999.0 -999.0 -999 -999 "" "" "" "" 0 0 0.0 0.0 -999 ""
FIBERMAP 881 R+5C5 BOSS 1 0 1 1 0 0 -143.62906682991505 104.67162318827373 143.1 -139.31108747734814 -110.34128898631988 10.484195 167.57199 246.39601720203635 -26.286818533692593 -17.994287 -6.0949073 3.4603064 246.44643902061273 -26.288937052680215 246.51758184582468 -26.350489107980998 86.71018198930145 36.39908812091625 5400.0 5400.0 2016.0 1 43 {-999.0 -999.0 -999.0 -999.0 -999.0} "" -999.0 16.488873 -999.0 12.214 63050396393319729 1078035270 bright_flexible_2x1 mwm_snc_ext_main_boss mwm_snc science 0 0 0.0 0.0 -999 ""
FIBERMAP 881 R+5C5 METROLOGY 0 0 1 1 0 0 -144.02996803696658 104.03018301594108 143.1 -138.800482913663 -110.89932279648316 10.484195 167.57199 -999.0 -999.0 -999.0 -999.0 -999.0 246.44813120269137 -26.290655986077592 246.5192818058539 -26.352200706982337 86.71069450096539 36.438006972829555 -999.0 6231.0 -999.0 -1 -999 {-999.0 -999.0 -999.0 -999.0 -999.0} "" -999.0 -999.0 -999.0 -999.0 -999 -999 "" "" "" "" 0 0 0.0 0.0 -999 ""
FIBERMAP 882 R-1C8 APOGEE 0 0 0 1 0 0 -103.5079056937439 -28.426394181325193 143.1 -0.3358564458064574 -107.3352532365836 44.879883 28.546024 -999.0 -999.0 -999.0 -999.0 -999.0 246.91644054362527 -26.282063378529642 246.98769158213042 -26.342489424544553 86.44411326658971 41.87759120460379 -999.0 16600.0 -999.0 2 -999 {-999.0 -999.0 -999.0 -999.0 -999.0} "" -999.0 -999.0 -999.0 -999.0 -999 -999 "" "" "" "" 0 0 0.0 0.0 -999 ""
FIBERMAP 882 R-1C8 BOSS 1 1 0 1 0 0 -103.71650409961305 -29.153892555527605 143.1 0.3091628858397639 -107.73106717213143 44.879883 28.546024 246.91863241177273 -26.283304011290458 -2.9915733 -3.043697 0.6491454 246.91863024458561 -26.283316783000558 246.98987585489112 -26.343747381502272 86.4437919261414 41.91474583252278 5400.0 5400.0 2016.0 1 459 {-999.0 17.182867 16.478765 16.102697 -999.0} sdss_psfmag_ps1 16.914888 16.413792 15.741128 14.409 63050396393479021 981920921 "" ops_std_boss_tic ops_std standard_boss 0 0 0.0 0.0 -999 ""
FIBERMAP 882 R-1C8 METROLOGY 0 0 0 1 0 0 -104.23408247123668 -28.605741622417355 143.1 -0.35756074004673083 -108.0829026838279 44.879883 28.546024 -999.0 -999.0 -999.0 -999.0 -999.0 246.9163668396645 -26.284391409493818 246.98761782156112 -26.3448242419087 86.4459275318154 41.90131647785881 -999.0 6231.0 -999.0 -1 -999 {-999.0 -999.0 -999.0 -999.0 -999.0} "" -999.0 -999.0 -999.0 -999.0 -999 -999 "" "" "" "" 0 0 0.0 0.0 -999 ""
FIBERMAP 883 R+4C1 APOGEE 1 1 0 1 0 0 -266.5586293739999 83.72529816117662 143.1 -152.05510342334807 -234.384415715818 223.2584 42.930073 246.40144369455217 -26.662499211140613 -5.874993 -5.7052517 0.1622888 246.40202899680173 -26.662769970863256 246.47427661118206 -26.72431662448558 87.03159206566164 39.97288200038304 16000.0 16600.0 2016.0 2 2 {-999.0 14.926674 13.669125 13.075911 -999.0} sdss_psfmag_from_g3xp 14.452384 13.589837 12.673193 10.493 63050396393258495 1153042992 bright_1x1 mwm_galactic_core_dist_apogee_sparse mwm_galactic science 0 0 0.0 0.0 -999 ""
FIBERMAP 883 R+4C1 BOSS 0 0 0 1 0 0 -266.53046317604 84.46876284855124 143.1 -152.76383013865998 -234.15815794142333 223.2584 42.930073 -999.0 -999.0 -999.0 -999.0 -999.0 246.3996597634668 -26.662042268102375 246.471896748792 -26.723603391481593 87.03237384691835 39.932297403769724 -999.0 5400.0 -999.0 1 2 {-999.0 -999.0 -999.0 -999.0 -999.0} "" -999.0 -999.0 -999.0 -999.0 -999 -999 "" "" "" "" 0 0 0.0 0.0 -999 ""
FIBERMAP 883 R+4C1 METROLOGY 0 0 0 1 0 0 -265.8945916368118 84.05073591585901 143.1 -152.1907884672164 -233.6575050988504 223.2584 42.930073 -999.0 -999.0 -999.0 -999.0 -999.0 246.40156004846463 -26.66060661334077 246.4737954890179 -26.722161165101845 87.03018617664422 39.94026611629363 -999.0 6231.0 -999.0 -1 -999 {-999.0 -999.0 -999.0 -999.0 -999.0} "" -999.0 -999.0 -999.0 -999.0 -999 -999 "" "" "" "" 0 0 0.0 0.0 -999 ""
FIBERMAP 884 R+2C18 APOGEE 0 0 0 1 0 0 122.19145628214599 25.072144062599033 143.1 8.571423211253435 124.43703505890882 334.898 85.57208 -999.0 -999.0 -999.0 -999.0 -999.0 246.948486471201 -25.578731391945688 247.01767214987296 -25.63927127927076 85.86973787396722 35.79106793117148 -999.0 16600.0 -999.0 2 -999 {-999.0 -999.0 -999.0 -999.0 -999.0} "" -999.0 -999.0 -999.0 -999.0 -999 -999 "" "" "" "" 0 0 0.0 0.0 -999 ""
FIBERMAP 884 R+2C18 BOSS 1 1 0 1 0 0 121.70775942117805 24.35236316154997 143.1 9.135327854868208 123.77825210566513 334.898 85.57208 246.95040318167517 -25.580617795393966 -15.910586 -5.423059 1.1199282 246.95039362171127 -25.580655739865342 247.01957563741666 -25.641203311318087 85.87035471918684 35.82591152906127 5400.0 5400.0 2016.0 1 208 {-999.0 17.491655 16.14615 15.48273 -999.0} sdss_psfmag_ps1 16.908295 15.954906 14.972911 12.709 63050396393521219 1035052036 bright_1x1 mwm_yso_pms_boss_sagitta_edr3_single mwm_yso science 0 0 0.0 0.0 -999 ""
FIBERMAP 884 R+2C18 METROLOGY 0 0 0 1 0 0 121.44363544993269 25.05595086328868 143.1 8.3867355648073 123.71223077801407 334.898 85.57208 -999.0 -999.0 -999.0 -999.0 -999.0 246.94787242324907 -25.580840742943952 247.01705715534365 -25.641390656161096 85.87179768219701 35.80142655424936 -999.0 6231.0 -999.0 -1 -999 {-999.0 -999.0 -999.0 -999.0 -999.0} "" -999.0 -999.0 -999.0 -999.0 -999 -999 "" "" "" "" 0 0 0.0 0.0 -999 ""
FIBERMAP 888 R-5C14 APOGEE 1 1 0 1 0 0 69.70873835925103 -81.19542751942251 143.1 96.89554698161038 45.41241591617173 108.916565 43.07986 247.24575603336606 -25.818818575075227 -29.851831 -14.685838 2.798103 247.2456661076095 -25.81884756203466 247.3156275091187 -25.878613908075355 85.89949735611054 40.785938171379826 16000.0 16600.0 2016.0 2 196 {-999.0 14.952419 13.82993 13.27489 -999.0} sdss_psfmag_from_g3xp 14.548506 13.752774 12.866915 10.872 63050396393504138 1034935998 bright_1x1 mwm_yso_pms_apogee_sagitta_edr3_single mwm_yso science 0 0 0.0 0.0 -999 ""
FIBERMAP 888 R-5C14 BOSS 0 0 0 1 0 0 70.372087431936 -81.54269368098643 143.1 97.40777544457247 45.95849305437901 108.916565 43.07986 -999.0 -999.0 -999.0 -999.0 -999.0 247.2474603414226 -25.817154700641883 247.317406316933 -25.87692910778249 85.89717956361451 40.78826940103869 -999.0 5400.0 -999.0 1 271 {-999.0 -999.0 -999.0 -999.0 -999.0} "" -999.0 -999.0 -999.0 -999.0 -999 -999 "" "" "" "" 0 0 0.0 0.0 -999 ""
FIBERMAP 888 R-5C14 METROLOGY 0 0 0 1 0 0 69.74847161723 -81.94601656327806 143.1 97.62932294323136 45.249665878149465 108.916565 43.07986 -999.0 -999.0 -999.0 -999.0 -999.0 247.2482151272439 -25.819305402928702 247.31817069499095 -25.879074052193772 85.8983995835977 40.814738503756246 -999.0 6231.0 -999.0 -1 -999 {-999.0 -999.0 -999.0 -999.0 -999.0} "" -999.0 -999.0 -999.0 -999.0 -999 -999 "" "" "" "" 0 0 0.0 0.0 -999 ""
FIBERMAP 889 R-7C3 APOGEE 1 1 0 1 0 0 -159.24618536974714 -131.25249064731997 143.1 83.80073774558225 -188.5746243405572 357.15576 143.30238 247.2006225585937 -26.52798854617079 -999.0 -999.0 -999.0 247.200611253812 -26.527999920692803 247.27266515612337 -26.587681816536428 86.44678164481807 47.586927430648814 16000.0 16600.0 2015.5 2 245 {-999.0 -999.0 -999.0 -999.0 -999.0} "" -999.0 -999.0 -999.0 -999.0 27021603175504828 845949399 "" ops_sky_apogee_best ops_sky sky_apogee 0 0 0.0 0.0 -999 ""
FIBERMAP 889 R-7C3 BOSS 0 0 0 1 0 0 -158.71926374600514 -131.801616905021 143.1 84.47090342016986 -188.21404855222295 357.15576 143.30238 -999.0 -999.0 -999.0 -999.0 -999.0 247.2029160841292 -26.526947542286127 247.27495666154994 -26.586633439870692 86.44457672691446 47.597585781491944 -999.0 5400.0 -999.0 1 502 {-999.0 -999.0 -999.0 -999.0 -999.0} "" -999.0 -999.0 -999.0 -999.0 -999 -999 "" "" "" "" 0 0 0.0 0.0 -999 ""
FIBERMAP 889 R-7C3 METROLOGY 0 0 0 1 0 0 -159.45497583949606 -131.9698713701332 143.1 84.43595806590918 -188.96791350845695 357.15576 143.30238 -999.0 -999.0 -999.0 -999.0 -999.0 247.20280228147035 -26.529251817246166 247.27485275671893 -26.588934744147874 86.44623548244225 47.62335793604365 -999.0 6231.0 -999.0 -1 -999 {-999.0 -999.0 -999.0 -999.0 -999.0} "" -999.0 -999.0 -999.0 -999.0 -999 -999 "" "" "" "" 0 0 0.0 0.0 -999 ""
FIBERMAP 890 R+11C6 APOGEE 1 1 0 1 0 0 -65.20751378884412 225.6519406368856 143.1 -234.86261146466765 -2.386109283890452 142.45216 100.600685 246.12768791757776 -25.959462692086536 -4.962761 -3.854267 0.1711931 246.12768672361702 -25.95946675201239 246.19778396570644 -26.0218535049816 86.58254312633471 29.261234282995588 16000.0 16600.0 2016.0 2 146 {-999.0 15.187006 13.594329 12.79386 -999.0} sdss_psfmag_from_g3xp 14.499678 13.389405 12.353282 9.787 63050396393514403 1153043354 bright_1x1 mwm_galactic_core_dist_apogee_sparse mwm_galactic science 0 0 0.0 0.0 -999 ""
FIBERMAP 890 R+11C6 BOSS 0 0 0 1 0 0 -64.87920064983614 226.30525212219237 143.1 -235.4040943473733 -1.8948289481983334 142.45216 100.600685 -999.0 -999.0 -999.0 -999.0 -999.0 246.12586129625439 -25.957953980279424 246.1959468516925 -26.020356735870333 86.58201111929847 29.224935445387587 -999.0 5400.0 -999.0 1 149 {-999.0 -999.0 -999.0 -999.0 -999.0} "" -999.0 -999.0 -999.0 -999.0 -999 -999 "" "" "" "" 0 0 0.0 0.0 -999 ""
FIBERMAP 890 R+11C6 METROLOGY 0 0 0 1 0 0 -64.46118991519961 225.6659137734138 143.1 -234.6761858900159 -1.663341804728676 142.45216 100.600685 -999.0 -999.0 -999.0 -999.0 -999.0 246.12825756581503 -25.957275451317695 246.19834367220994 -26.01966952127372 86.58038273397558 29.251235622557203 -999.0 6231.0 -999.0 -1 -999 {-999.0 -999.0 -999.0 -999.0 -999.0} "" -999.0 -999.0 -999.0 -999.0 -999 -999 "" "" "" "" 0 0 0.0 0.0 -999 ""
FIBERMAP 892 R-3C17 APOGEE 0 0 0 1 0 0 84.23753440973168 -47.43544150294612 143.1 68.2616650112165 68.45170467449002 195.0974 58.551052 -999.0 -999.0 -999.0 -999.0 -999.0 247.14921426002138 -25.748845548403768 247.21894680235664 -25.808860980912065 85.8993790554979 39.22634560472767 -999.0 16600.0 -999.0 2 -999 {-999.0 -999.0 -999.0 -999.0 -999.0} "" -999.0 -999.0 -999.0 -999.0 -999 -999 "" "" "" "" 0 0 0.0 0.0 -999 ""
FIBERMAP 892 R-3C17 BOSS 1 1 0 1 0 0 84.4451191154415 -46.700653565079534 143.1 67.60935125252483 68.84849434944132 195.0974 58.551052 247.14706420898438 -25.74760148975639 -999.0 -999.0 -999.0 247.1470704299066 -25.74758782823689 247.2167882829193 -25.80762085174086 85.89959355927701 39.19424755574528 5400.0 5400.0 2015.5 1 298 {-999.0 -999.0 -999.0 -999.0 -999.0} "" -999.0 -999.0 -999.0 -999.0 27021603175507564 823838299 "" ops_sky_boss_good ops_sky sky_boss 0 0 0.0 0.0 -999 ""
FIBERMAP 892 R-3C17 METROLOGY 0 0 0 1 0 0 84.96077609044337 -47.24460207285519 143.1 68.27151156130579 69.19960427858437 195.0974 58.551052 -999.0 -999.0 -999.0 -999.0 -999.0 247.14930579835251 -25.746522275316615 247.21902400732597 -25.806546819047348 85.89751006441423 39.207241669840414 -999.0 6231.0 -999.0 -1 -999 {-999.0 -999.0 -999.0 -999.0 -999.0} "" -999.0 -999.0 -999.0 -999.0 -999 -999 "" "" "" "" 0 0 0.0 0.0 -999 ""
FIBERMAP 893 R+11C7 APOGEE 1 1 0 1 0 0 -34.15398292785479 235.66767492242764 143.1 -236.19493921233092 30.214064576176174 172.68379 10.838882 246.12424114649411 -25.860739294221375 -4.507464 -4.094004 0.17024146 246.1242288481333 -25.86075083117055 246.1940359608501 -25.92317235969869 86.4969887165814 28.44446366066336 16000.0 16600.0 2016.0 2 130 {-999.0 15.880942 14.273692 13.501857 -999.0} sdss_psfmag_from_g3xp 15.182381 14.087629 13.057959 10.483 63050396395015439 1153044957 bright_1x1 mwm_galactic_core_dist_apogee_sparse mwm_galactic science 0 0 0.0 0.0 -999 ""
FIBERMAP 893 R+11C7 BOSS 0 0 0 1 0 0 -33.38628673079174 235.7445267358471 143.1 -236.06336821664325 30.974263397549322 172.68379 10.838882 -999.0 -999.0 -999.0 -999.0 -999.0 246.12466752999453 -25.85843739157137 246.19446122274599 -25.92087014877072 86.49477106965676 28.432569354053385 -999.0 5400.0 -999.0 1 117 {-999.0 -999.0 -999.0 -999.0 -999.0} "" -999.0 -999.0 -999.0 -999.0 -999 -999 "" "" "" "" 0 0 0.0 0.0 -999 ""
FIBERMAP 893 R+11C7 METROLOGY 0 0 0 1 0 0 -33.72561875043151 235.05457767018984 143.1 -235.48953905427177 30.462554599002857 172.68379 10.838882 -999.0 -999.0 -999.0 -999.0 -999.0 246.1265228907761 -25.859997581265525 246.19632354417195 -25.92242221961696 86.49537074005102 28.468610631472757 -999.0 6231.0 -999.0 -1 -999 {-999.0 -999.0 -999.0 -999.0 -999.0} "" -999.0 -999.0 -999.0 -999.0 -999 -999 "" "" "" "" 0 0 0.0 0.0 -999 ""
FIBERMAP 900 R-5C6 APOGEE 0 0 0 1 0 0 -129.34478466922602 -111.74019334432892 143.1 73.01063491978579 -154.54097792762687 268.61972 94.7371 -999.0 -999.0 -999.0 -999.0 -999.0 247.16435524023572 -26.425237101023995 247.23609374652608 -26.485033339191688 86.39809599165194 46.04662990766383 -999.0 16600.0 -999.0 2 -999 {-999.0 -999.0 -999.0 -999.0 -999.0} "" -999.0 -999.0 -999.0 -999.0 -999 -999 "" "" "" "" 0 0 0.0 0.0 -999 ""
FIBERMAP 900 R-5C6 BOSS 1 1 0 1 0 0 -130.18707978608478 -111.71234000402465 143.1 72.75820884750124 -155.34500387476496 268.61972 94.7371 247.16354370117185 -26.42771246133792 -999.0 -999.0 -999.0 247.16353644153114 -26.427717155961307 247.2352715238536 -26.487524263985303 86.40038402544565 46.06620365662377 5400.0 5400.0 2015.5 1 484 {-999.0 -999.0 -999.0 -999.0 -999.0} "" -999.0 -999.0 -999.0 -999.0 27021603175504891 823837869 "" ops_sky_boss_good ops_sky sky_boss 0 0 0.0 0.0 -999 ""
FIBERMAP 900 R-5C6 METROLOGY 0 0 0 1 0 0 -129.7564165716788 -111.1156475944601 143.1 72.29868642194766 -154.77028145742787 268.61972 94.7371 -999.0 -999.0 -999.0 -999.0 -999.0 247.1619925826513 -26.426002356312296 247.23372518386566 -26.485810900091032 86.40013970032703 46.03134008845001 -999.0 6231.0 -999.0 -1 -999 {-999.0 -999.0 -999.0 -999.0 -999.0} "" -999.0 -999.0 -999.0 -999.0 -999 -999 "" "" "" "" 0 0 0.0 0.0 -999 ""
FIBERMAP 909 R+1C23 APOGEE 0 0 0 1 0 0 219.85441713446977 3.642737239038281 143.1 55.37402083950872 212.7882801191131 322.78824 84.531586 -999.0 -999.0 -999.0 -999.0 -999.0 247.10594764166802 -25.312131850412513 247.17439006133304 -25.37236868377302 85.56954196170597 35.34122722840243 -999.0 16600.0 -999.0 2 -999 {-999.0 -999.0 -999.0 -999.0 -999.0} "" -999.0 -999.0 -999.0 -999.0 -999 -999 "" "" "" "" 0 0 0.0 0.0 -999 ""
FIBERMAP 909 R+1C23 BOSS 1 1 0 1 0 0 219.3456841234787 3.1072941072609517 143.1 55.75362494478143 212.15474788713982 322.78824 84.531586 247.10725364956372 -25.313925146287147 -7.8394427 -21.308695 1.11425 247.10724212889295 -25.313987001639543 247.17567995916943 -25.37423400884482 85.57043464507782 35.36725206287622 5400.0 5400.0 2016.0 1 190 {-999.0 17.252928 16.17623 15.466648 -999.0} sdss_psfmag_ps1 16.802168 16.002522 15.088128 13.026 63050396393544380 1035052072 bright_1x1 mwm_yso_pms_boss_sagitta_edr3_single mwm_yso science 0 0 0.0 0.0 -999 ""
FIBERMAP 909 R+1C23 METROLOGY 0 0 0 1 0 0 219.12362615117533 3.8022450931760687 143.1 55.02461997793035 212.1269407128462 322.78824 84.531586 -999.0 -999.0 -999.0 -999.0 -999.0 247.104806896517 -25.314036283056968 247.17324724185016 -25.374285181933928 85.57170804470975 35.34404226890541 -999.0 6231.0 -999.0 -1 -999 {-999.0 -999.0 -999.0 -999.0 -999.0} "" -999.0 -999.0 -999.0 -999.0 -999 -999 "" "" "" "" 0 0 0.0 0.0 -999 ""
FIBERMAP 911 R+5C9 APOGEE 1 1 0 1 0 0 -59.54140308598166 78.47035563116114 143.1 -91.54703888047858 -36.34683326830845 300.77744 68.70384 246.60884846061703 -26.06555096789447 -2.4919784 -4.7515535 0.13635938 246.60885075978328 -26.065543315452803 246.67938394172063 -26.126759757193252 86.44371616257104 36.220538806580294 16000.0 16600.0 2016.0 2 43 {-999.0 15.621313 14.277228 13.624244 -999.0} sdss_psfmag_from_g3xp 15.094453 14.162819 13.206854 10.862 63050396393509537 1156256768 bright_1x1 mwm_galactic_core_dist_apogee_extra mwm_galactic science 0 0 0.0 0.0 -999 ""
FIBERMAP 911 R+5C9 BOSS 0 0 0 1 0 0 -60.26730408145914 78.37650933817994 143.1 -91.65104302456683 -37.0713172848454 300.77744 68.70384 -999.0 -999.0 -999.0 -999.0 -999.0 246.60843956034356 -26.067750122540993 246.67897060062342 -26.12897783774075 86.44574350583338 36.23623568846307 -999.0 5400.0 -999.0 1 77 {-999.0 -999.0 -999.0 -999.0 -999.0} "" -999.0 -999.0 -999.0 -999.0 -999 -999 "" "" "" "" 0 0 0.0 0.0 -999 ""
FIBERMAP 911 R+5C9 METROLOGY 0 0 0 1 0 0 -60.010748882274534 79.0552332355359 143.1 -92.23622769016652 -36.642363952777565 300.77744 68.70384 -999.0 -999.0 -999.0 -999.0 -999.0 246.60645822010264 -26.06644484883875 246.6769873359956 -26.127674542451636 86.44570243996938 36.200648072001115 -999.0 6231.0 -999.0 -1 -999 {-999.0 -999.0 -999.0 -999.0 -999.0} "" -999.0 -999.0 -999.0 -999.0 -999 -999 "" "" "" "" 0 0 0.0 0.0 -999 ""
FIBERMAP 913 R-2C5 APOGEE 1 1 0 1 0 0 -180.17738677028171 -24.181603853719558 143.1 -24.95973662560101 -180.0634603426564 104.85275 105.73157 246.83236808655374 -26.50188977323679 2.971233 -1.1868887 0.55933577 246.8323775653962 -26.501895341966538 246.904260212635 -26.562462185565785 86.65852053279497 43.36496239799686 16000.0 16600.0 2016.0 2 287 {-999.0 12.291998 10.894196 10.3530655 -999.0} sdss_psfmag_from_g3xp 11.724773 10.845221 9.925095 7.623 63050396393472673 1153043104 bright_1x1 mwm_galactic_core_dist_apogee_sparse mwm_galactic science 0 0 0.0 0.0 -999 ""
FIBERMAP 913 R-2C5 BOSS 0 0 0 1 0 0 -179.53103649322122 -23.795786215435 143.1 -25.158330220494264 -179.3374187005694 104.85275 105.73157 -999.0 -999.0 -999.0 -999.0 -999.0 246.8317112968676 -26.499752706534785 246.9035780017158 -26.560331004315607 86.65735008519411 43.33266840659974 -999.0 5400.0 -999.0 1 471 {-999.0 -999.0 -999.0 -999.0 -999.0} "" -999.0 -999.0 -999.0 -999.0 -999 -999 "" "" "" "" 0 0 0.0 0.0 -999 ""
FIBERMAP 913 R-2C5 METROLOGY 0 0 0 1 0 0 -179.5230550025271 -24.54735261742898 143.1 -24.43211671259053 -179.53102086454777 104.85275 105.73157 -999.0 -999.0 -999.0 -999.0 -999.0 246.83416318315227 -26.50037174681321 246.90603501767464 -26.560941405319355 86.65632767029149 43.36763157283053 -999.0 6231.0 -999.0 -1 -999 {-999.0 -999.0 -999.0 -999.0 -999.0} "" -999.0 -999.0 -999.0 -999.0 -999 -999 "" "" "" "" 0 0 0.0 0.0 -999 ""
FIBERMAP 915 R+5C16 APOGEE 1 1 0 1 0 0 85.550180310117 112.32116442032061 143.1 -85.29984568279065 112.50388087778595 204.53052 28.657747 246.6325801370904 -25.613983463819256 -5.1316957 -0.30513674 0.22520667 246.63256373142875 -25.613999340168032 246.70177680791562 -25.675281332876118 86.05539048674423 32.68104920942005 16000.0 16600.0 2016.0 2 68 {-999.0 17.021336 14.737984 13.405016 -999.0} sdss_psfmag_from_g3xp 15.854134 14.069681 12.805698 9.151 63050396393522245 1153043170 bright_1x1 mwm_galactic_core_dist_apogee_sparse mwm_galactic science 0 0 0.0 0.0 -999 ""
FIBERMAP 915 R+5C16 BOSS 0 0 0 1 0 0 85.99078088534192 112.93035711194412 143.1 -85.76874963966148 113.09152511533176 204.53052 28.657747 -999.0 -999.0 -999.0 -999.0 -999.0 246.63096428406513 -25.612149009073388 246.70016296676283 -25.67344790614609 86.05459027537586 32.64908287984815 -999.0 5400.0 -999.0 1 222 {-999.0 -999.0 -999.0 -999.0 -999.0} "" -999.0 -999.0 -999.0 -999.0 -999 -999 "" "" "" "" 0 0 0.0 0.0 -999 ""
FIBERMAP 915 R+5C16 METROLOGY 0 0 0 1 0 0 86.28567680982862 112.22796400650466 143.1 -85.01306661114992 113.18751277704771 204.53052 28.657747 -999.0 -999.0 -999.0 -999.0 -999.0 246.63349384072575 -25.611857550274305 246.7026947156304 -25.673146943484863 86.05313902825137 32.675040574188245 -999.0 6231.0 -999.0 -1 -999 {-999.0 -999.0 -999.0 -999.0 -999.0} "" -999.0 -999.0 -999.0 -999.0 -999 -999 "" "" "" "" 0 0 0.0 0.0 -999 ""
FIBERMAP 922 R-1C18 APOGEE 1 1 0 1 0 0 100.81107041006817 -29.00965050298897 143.1 54.94873024357143 89.35399055509676 236.07497 146.59792 247.10442201826785 -25.685331805064788 -4.9691415 -14.379972 2.7227356 247.1044146536509 -25.685376907833604 247.17395001922705 -25.745516356893194 85.87368939330801 38.2411179103849 16000.0 16600.0 2016.0 2 212 {-999.0 13.758848 12.815049 12.294008 -999.0} sdss_psfmag_from_g3xp 13.441819 12.737395 11.891896 10.09 63050396393505660 1035005053 bright_1x1 mwm_yso_pms_apogee_zari18pms_single mwm_yso science 0 0 0.0 0.0 -999 ""
FIBERMAP 922 R-1C18 BOSS 0 0 0 1 0 0 100.07436016689002 -29.18528511693139 143.1 54.920627755235394 88.59718733707427 236.07497 146.59792 -999.0 -999.0 -999.0 -999.0 -999.0 247.1043623132148 -25.687610725504417 247.17389390826384 -25.74776205330675 85.87551453741155 38.25931944070334 -999.0 5400.0 -999.0 1 301 {-999.0 -999.0 -999.0 -999.0 -999.0} "" -999.0 -999.0 -999.0 -999.0 -999 -999 "" "" "" "" 0 0 0.0 0.0 -999 ""
FIBERMAP 922 R-1C18 METROLOGY 0 0 0 1 0 0 100.30031188084469 -28.472149438541486 143.1 54.29409349409659 89.00587308182584 236.07497 146.59792 -999.0 -999.0 -999.0 -999.0 -999.0 247.10225618489298 -25.686362568116117 247.17178654765405 -25.746515756420976 85.87565915065333 38.22781165526476 -999.0 6231.0 -999.0 -1 -999 {-999.0 -999.0 -999.0 -999.0 -999.0} "" -999.0 -999.0 -999.0 -999.0 -999 -999 "" "" "" "" 0 0 0.0 0.0 -999 ""
FIBERMAP 923 R+4C16 APOGEE 0 0 0 1 0 0 100.68837751242869 81.49981634359472 143.1 -51.551414827628506 118.83348902659631 9.23617 127.059296 -999.0 -999.0 -999.0 -999.0 -999.0 246.74615751777884 -25.595179449866823 246.81534306761284 -25.656196451776175 85.98479734126177 33.78391622776269 -999.0 16600.0 -999.0 2 -999 {-999.0 -999.0 -999.0 -999.0 -999.0} "" -999.0 -999.0 -999.0 -999.0 -999 -999 "" "" "" "" 0 0 0.0 0.0 -999 ""
FIBERMAP 923 R+4C16 BOSS 1 1 0 1 0 0 101.24644075480359 80.99554260110231 143.1 -50.916120419741965 119.23608017474488 9.23617 127.059296 246.74827299613065 -25.593878282324376 3.6635957 -1.1551116 0.37368575 246.7482820106746 -25.593894509130276 246.81745529488273 -25.654919486090492 85.98269490612418 33.796967477742214 5400.0 5400.0 2016.0 1 219 {-999.0 18.244713 16.861567 16.06087 15.418892} sdss_psfmag_from_ps1dr2 17.6146 16.7278 15.675 13.524 63050396393522169 1040595694 "" ops_std_boss_ps1dr2 ops_std standard_boss 0 0 0.0 0.0 -999 ""
FIBERMAP 923 R+4C16 METROLOGY 0 0 0 1 0 0 100.52330702854545 80.77026171771215 143.1 -50.89275639241898 118.47906013657675 9.23617 127.059296 -999.0 -999.0 -999.0 -999.0 -999.0 246.74834021308303 -25.596179191262923 246.81752275312 -25.65719981266687 85.98458169866552 33.815271381700484 -999.0 6231.0 -999.0 -1 -999 {-999.0 -999.0 -999.0 -999.0 -999.0} "" -999.0 -999.0 -999.0 -999.0 -999 -999 "" "" "" "" 0 0 0.0 0.0 -999 ""
FIBERMAP 924 R-11C4 APOGEE 1 0 1 1 0 0 -100.2957740093905 -205.80277443857386 143.1 171.41280695064472 -151.74725450244432 9.4488945 171.05719 247.57144009305748 -26.45925709338329 -2.9114761 -0.68440187 1.4150836 247.4967173441064 -26.415984035701594 247.568509656816 -26.474988787365408 86.17646345853369 49.11805198700608 16000.0 16600.0 2016.0 2 178 {-999.0 11.586428 10.640697 10.245749 -999.0} sdss_psfmag_from_g3xp 11.277318 10.645551 9.878198 8.289 63050396393389207 1108897839 bright_1x1 mwm_tess_rgb_apogee mwm_tessrgb science 0 0 0.0 0.0 -999 ""
FIBERMAP 924 R-11C4 BOSS 0 0 1 1 0 0 -99.55285100573309 -205.77496737037515 143.1 171.5849937535196 -151.0240583612135 9.4488945 171.05719 -999.0 -999.0 -999.0 -999.0 -999.0 247.49734374291043 -26.413812610109144 247.56911789716844 -26.472826122956043 86.17460321497451 49.09961030789992 -999.0 5400.0 -999.0 1 424 {-999.0 -999.0 -999.0 -999.0 -999.0} "" -999.0 -999.0 -999.0 -999.0 -999 -999 "" "" "" "" 0 0 0.0 0.0 -999 ""
FIBERMAP 924 R-11C4 METROLOGY 0 0 1 1 0 0 -99.90167371932426 -206.4397062546742 143.1 172.1319929765552 -151.5381586737576 9.4488945 171.05719 -999.0 -999.0 -999.0 -999.0 -999.0 247.4992114122447 -26.415383554974735 247.57099405200256 -26.474389430656622 86.17441669192529 49.133886478264 -999.0 6231.0 -999.0 -1 -999 {-999.0 -999.0 -999.0 -999.0 -999.0} "" -999.0 -999.0 -999.0 -999.0 -999 -999 "" "" "" "" 0 0 0.0 0.0 -999 ""
FIBERMAP 926 R+12C11 APOGEE 0 0 0 1 0 0 66.34206537379816 245.24592392226018 143.1 -218.50702394493126 129.59953653423526 89.78479 122.39642 -999.0 -999.0 -999.0 -999.0 -999.0 246.18681249997624 -25.56054674091615 246.25575893341636 -25.622900887084278 86.20403760967585 27.088965566776665 -999.0 16600.0 -999.0 2 -999 {-999.0 -999.0 -999.0 -999.0 -999.0} "" -999.0 -999.0 -999.0 -999.0 -999 -999 "" "" "" "" 0 0 0.0 0.0 -999 ""
FIBERMAP 926 R+12C11 BOSS 1 1 0 1 0 0 67.00413297628202 245.6511584106279 143.1 -218.72011460152459 130.34592100477596 89.78479 122.39642 246.1861486373977 -25.558256932129723 -1.8573207 -7.6349354 0.8420449 246.18612577101737 -25.55827064757804 246.2550584326592 -25.620639809347814 86.20228763396338 27.0653328858877 5400.0 5400.0 2016.0 1 107 {-999.0 18.267351 17.033678 16.433964 -999.0} sdss_psfmag_ps1 17.767326 16.89858 15.97119 13.994 63050396395019580 981921285 "" ops_std_boss_tic ops_std standard_boss 0 0 0.0 0.0 -999 ""
FIBERMAP 926 R+12C11 METROLOGY 0 0 0 1 0 0 67.00288026164391 244.89546436568122 143.1 -217.99239762366017 130.14231689663626 89.78479 122.39642 -999.0 -999.0 -999.0 -999.0 -999.0 246.18849932032842 -25.55887570070794 246.2574363117542 -25.621235454107126 86.20187539112453 27.098346664819076 -999.0 6231.0 -999.0 -1 -999 {-999.0 -999.0 -999.0 -999.0 -999.0} "" -999.0 -999.0 -999.0 -999.0 -999 -999 "" "" "" "" 0 0 0.0 0.0 -999 ""
FIBERMAP 928 R-10C10 APOGEE 0 0 0 1 0 0 32.68350780613723 -207.6380178313093 143.1 208.7967058931471 -24.12358194668089 333.8457 86.33226 -999.0 -999.0 -999.0 -999.0 -999.0 247.62226204520195 -26.02933033270623 247.69293354302715 -26.088139594813615 85.82787860635733 46.22535982540853 -999.0 16600.0 -999.0 2 -999 {-999.0 -999.0 -999.0 -999.0 -999.0} "" -999.0 -999.0 -999.0 -999.0 -999 -999 "" "" "" "" 0 0 0.0 0.0 -999 ""
FIBERMAP 928 R-10C10 BOSS 1 1 0 1 0 0 32.348139329323836 -208.29914489771645 143.1 209.3438288528152 -24.623752795885803 333.8457 86.33226 247.6242145847293 -26.030846587072645 -9.326307 -3.1146057 1.4028597 247.624167790976 -26.03083446685499 247.69483193630867 -26.08964988025739 85.82775330029312 46.25661919398533 5400.0 5400.0 2016.0 1 403 {-999.0 17.59578 16.35235 15.848469 -999.0} sdss_psfmag_ps1 17.066648 16.280886 15.412556 13.591 63050396393454103 1096452912 bright_1x1 mwm_bin_vis_boss mwm_filler science 0 0 0.0 0.0 -999 ""
FIBERMAP 928 R-10C10 METROLOGY 0 0 0 1 0 0 31.93573414530845 -207.65625978753184 143.1 208.6140046986812 -24.848889499305226 333.8457 86.33226 -999.0 -999.0 -999.0 -999.0 -999.0 247.62175264640365 -26.031530636934036 247.69242177888532 -26.09034848767468 85.82977236694444 46.242221107777596 -999.0 6231.0 -999.0 -1 -999 {-999.0 -999.0 -999.0 -999.0 -999.0} "" -999.0 -999.0 -999.0 -999.0 -999 -999 "" "" "" "" 0 0 0.0 0.0 -999 ""
FIBERMAP 929 R-3C18 APOGEE 1 1 0 1 0 0 106.55069772044175 -46.494097317438936 143.1 73.33087808219707 90.20082351660741 199.75945 49.65449 247.1662902832031 -25.68291028745854 -999.0 -999.0 -999.0 247.16629447555164 -25.68290273528494 247.23583707591547 -25.742895279584424 85.83788412365915 38.83344403636556 16000.0 16600.0 2015.5 2 217 {-999.0 -999.0 -999.0 -999.0 -999.0} "" -999.0 -999.0 -999.0 -999.0 27021603175507583 845949817 "" ops_sky_apogee_best ops_sky sky_apogee 0 0 0.0 0.0 -999 ""
FIBERMAP 929 R-3C18 BOSS 0 0 0 1 0 0 106.80135404865874 -45.79013263267454 143.1 72.71979598713371 90.6308539742291 199.75945 49.65449 -999.0 -999.0 -999.0 -999.0 -999.0 247.16429089221907 -25.68153607907321 247.2338184662807 -25.741546159275632 85.83792012575687 38.80225243501303 -999.0 5400.0 -999.0 1 309 {-999.0 -999.0 -999.0 -999.0 -999.0} "" -999.0 -999.0 -999.0 -999.0 -999 -999 "" "" "" "" 0 0 0.0 0.0 -999 ""
FIBERMAP 929 R-3C18 METROLOGY 0 0 0 1 0 0 107.28809456600769 -46.37160743914053 143.1 73.41036528619598 90.94405449071509 199.75945 49.65449 -999.0 -999.0 -999.0 -999.0 -999.0 247.16662045742902 -25.680584022145148 247.23614875838928 -25.74058529576923 85.83588042682172 38.81714517575057 -999.0 6231.0 -999.0 -1 -999 {-999.0 -999.0 -999.0 -999.0 -999.0} "" -999.0 -999.0 -999.0 -999.0 -999 -999 "" "" "" "" 0 0 0.0 0.0 -999 ""
FIBERMAP 931 R+4C2 APOGEE 0 0 0 1 0 0 -230.52983109368495 90.18217214171474 143.1 -148.6262220459604 -197.94412633831914 123.24121 109.86113 -999.0 -999.0 -999.0 -999.0 -999.0 246.41393590490668 -26.553258630554332 246.48586122631355 -26.61480653762262 86.93933839538333 38.833575736420244 -999.0 16600.0 -999.0 2 -999 {-999.0 -999.0 -999.0 -999.0 -999.0} "" -999.0 -999.0 -999.0 -999.0 -999 -999 "" "" "" "" 0 0 0.0 0.0 -999 ""
FIBERMAP 931 R+4C2 BOSS 1 1 0 1 0 0 -230.08111192606026 90.78597413582716 143.1 -149.08775808550533 -197.35010425606646 123.24121 109.86113 246.41235351562497 -26.55144233363596 -999.0 -999.0 -999.0 246.4123788093962 -26.55146235325113 246.4842905180999 -26.61302350544437 86.93879066413723 38.79232800373569 5400.0 5400.0 2015.5 1 74 {-999.0 -999.0 -999.0 -999.0 -999.0} "" -999.0 -999.0 -999.0 -999.0 27021603175502638 823837573 "" ops_sky_boss_good ops_sky sky_boss 0 0 0.0 0.0 -999 ""
FIBERMAP 931 R+4C2 METROLOGY 0 0 0 1 0 0 -229.78498230218767 90.11362657583967 143.1 -148.3606911841969 -197.24488093518494 123.24121 109.86113 -999.0 -999.0 -999.0 -999.0 -999.0 246.41480172559517 -26.55120423662335 246.48671553879626 -26.612757137913473 86.93725120728156 38.821340440485244 -999.0 6231.0 -999.0 -1 -999 {-999.0 -999.0 -999.0 -999.0 -999.0} "" -999.0 -999.0 -999.0 -999.0 -999 -999 "" "" "" "" 0 0 0.0 0.0 -999 ""
FIBERMAP 933 R+1C7 APOGEE 1 1 0 1 0 0 -155.1369417775257 5.9590894389126525 143.1 -47.29138082061623 -147.86636825731583 259.17075 90.29793 246.7570495605469 -26.404283885632807 -999.0 -999.0 -999.0 246.75707345093204 -26.404285658657177 246.82864660395933 -26.46505812258437 86.62980477051579 41.39908993847922 16000.0 16600.0 2015.5 2 14 {-999.0 -999.0 -999.0 -999.0 -999.0} "" -999.0 -999.0 -999.0 -999.0 27021603175506908 845949667 "" ops_sky_apogee_best ops_sky sky_apogee 0 0 0.0 0.0 -999 ""
FIBERMAP 933 R+1C7 BOSS 0 0 0 1 0 0 -155.88683314799925 6.085785275844348 143.1 -47.614285501821385 -148.55489743107913 259.17075 90.29793 -999.0 -999.0 -999.0 -999.0 -999.0 246.75595957910878 -26.40641698803702 246.82752966287012 -26.467201159847793 86.63208650187616 41.40966303498419 -999.0 5400.0 -999.0 1 21 {-999.0 -999.0 -999.0 -999.0 -999.0} "" -999.0 -999.0 -999.0 -999.0 -999 -999 "" "" "" "" 0 0 0.0 0.0 -999 ""
FIBERMAP 933 R+1C7 METROLOGY 0 0 0 1 0 0 -155.4094583485944 6.650209379362542 143.1 -48.03020917791393 -147.94381443796632 259.17075 90.29793 -999.0 -999.0 -999.0 -999.0 -999.0 246.75454869751553 -26.404582326066407 246.8261155569519 -26.465367625844184 86.63150438991607 41.373056902878886 -999.0 6231.0 -999.0 -1 -999 {-999.0 -999.0 -999.0 -999.0 -999.0} "" -999.0 -999.0 -999.0 -999.0 -999 -999 "" "" "" "" 0 0 0.0 0.0 -999 ""
FIBERMAP 937 R+8C19 APOGEE 0 0 0 1 0 0 220.3045189057374 147.30499634257836 143.1 -82.91285211558174 251.69892000763667 29.581022 52.079887 -999.0 -999.0 -999.0 -999.0 -999.0 246.64362034440373 -25.194020093708183 246.71161183111292 -25.255389247529944 85.68785303553754 29.8549260960948 -999.0 16600.0 -999.0 2 101 {-999.0 -999.0 -999.0 -999.0 -999.0} "" -999.0 -999.0 -999.0 -999.0 -999 -999 "" "" "" "" 0 0 0.0 0.0 -999 ""
FIBERMAP 937 R+8C19 BOSS 1 1 0 1 0 0 220.2098608367135 146.55497761169173 143.1 -82.21561957819252 251.40684711546425 29.581022 52.079887 246.64562127248539 -25.19480429120877 -8.37292 -27.0577 7.351893 246.64595052640755 -25.194886728758767 246.71393646303352 -25.256264283315296 85.68760750186514 29.88503526155057 5400.0 5400.0 2016.0 1 175 {-999.0 15.537045 13.862336 13.015027 -999.0} sdss_psfmag_from_g3xp 14.789717 13.63815 12.579994 10.226 63050396395026701 1075960136 bright_1x1 mwm_erosita_stars_boss mwm_erosita science 0 0 1.3173134326934814 0.0 -999 ""
FIBERMAP 937 R+8C19 METROLOGY 0 0 0 1 0 0 219.61191639800205 147.01417662848243 143.1 -82.81816935421706 250.95376118894166 29.581022 52.079887 -999.0 -999.0 -999.0 -999.0 -999.0 246.6439078050336 -25.196199759616995 246.71189952230964 -25.257577793652963 85.68964595463223 29.871976372206973 -999.0 6231.0 -999.0 -1 -999 {-999.0 -999.0 -999.0 -999.0 -999.0} "" -999.0 -999.0 -999.0 -999.0 -999 -999 "" "" "" "" 0 0 0.0 0.0 -999 ""
FIBERMAP 939 R+2C6 APOGEE 0 0 0 1 0 0 -171.71443448701174 43.68660186244915 143.1 -88.07885029173877 -153.73295072610227 180.26295 97.02734 -999.0 -999.0 -999.0 -999.0 -999.0 246.61898940307182 -26.421331942162677 246.69057737156936 -26.48242825113645 86.7218961851862 39.94619155492569 -999.0 16600.0 -999.0 2 -999 {-999.0 -999.0 -999.0 -999.0 -999.0} "" -999.0 -999.0 -999.0 -999.0 -999 -999 "" "" "" "" 0 0 0.0 0.0 -999 ""
FIBERMAP 939 R+2C6 BOSS 1 1 0 1 0 0 -171.8274984585688 44.43435117603403 143.1 -88.82953052775804 -153.64160969627804 180.26295 97.02734 246.61604560736302 -26.420999102130278 -7.1370554 -26.179808 7.0475326 246.6164246635101 -26.421085743361925 246.68800263305548 -26.48219778356583 86.72316181010416 39.91226403702797 5400.0 5400.0 2016.0 1 49 {-999.0 16.265894 14.8190365 13.351503 -999.0} sdss_psfmag_from_g3xp 15.727642 14.057186 12.800911 10.177 63050396393480680 1075960081 bright_1x1 mwm_erosita_stars_boss mwm_erosita science 0 0 1.2145020961761475 0.0 -999 ""
FIBERMAP 939 R+2C6 METROLOGY 0 0 0 1 0 0 -171.1269435113648 44.14958411948445 143.1 -88.36755026248807 -153.04294848027803 180.26295 97.02734 -999.0 -999.0 -999.0 -999.0 -999.0 246.61797873815556 -26.419307322346057 246.68955427009973 -26.480413441397005 86.72090096384383 39.91162737378943 -999.0 6231.0 -999.0 -1 -999 {-999.0 -999.0 -999.0 -999.0 -999.0} "" -999.0 -999.0 -999.0 -999.0 -999 -999 "" "" "" "" 0 0 0.0 0.0 -999 ""
FIBERMAP 947 R+11C15 APOGEE 0 0 0 1 0 0 149.3647877524159 226.42363567397436 143.1 -178.13727132960167 204.54431288951048 77.334305 114.547485 -999.0 -999.0 -999.0 -999.0 -999.0 246.32431912801707 -25.335060224720714 246.3926437318679 -25.397149239697885 85.9469248857102 27.248385666788693 -999.0 16600.0 -999.0 2 -999 {-999.0 -999.0 -999.0 -999.0 -999.0} "" -999.0 -999.0 -999.0 -999.0 -999 -999 "" "" "" "" 0 0 0.0 0.0 -999 ""
FIBERMAP 947 R+11C15 BOSS 1 1 0 1 0 0 150.06576976277978 226.59359767305511 143.1 -178.113272795043 205.26517543741343 77.334305 114.547485 246.32446289062497 -25.3328912021435 -999.0 -999.0 -999.0 246.32444022867924 -25.332884245688174 246.39275108454365 -25.39498719112191 85.94494371660186 27.23606409979277 5400.0 5400.0 2015.5 1 186 {-999.0 -999.0 -999.0 -999.0 -999.0} "" -999.0 -999.0 -999.0 -999.0 27021603175551511 823842901 "" ops_sky_boss_good ops_sky sky_boss 0 0 0.0 0.0 -999 ""
FIBERMAP 947 R+11C15 METROLOGY 0 0 0 1 0 0 149.8661069379917 225.86849849185654 143.1 -177.46817168654542 204.87861281475 77.334305 114.547485 -999.0 -999.0 -999.0 -999.0 -999.0 246.326535719859 -25.334016474400773 246.39485248508504 -25.39611027988434 85.94510899203526 27.267168145135713 -999.0 6231.0 -999.0 -1 -999 {-999.0 -999.0 -999.0 -999.0 -999.0} "" -999.0 -999.0 -999.0 -999.0 -999 -999 "" "" "" "" 0 0 0.0 0.0 -999 ""
FIBERMAP 949 R+1C19 APOGEE 0 0 0 1 0 0 131.97868945890062 27.90710331444871 143.1 8.461470762286037 134.62555964974183 37.64333 124.78076 -999.0 -999.0 -999.0 -999.0 -999.0 246.94819510404753 -25.54787668066283 247.01729033301194 -25.608425607501577 85.84449309280667 35.54567865768297 -999.0 16600.0 -999.0 2 -999 {-999.0 -999.0 -999.0 -999.0 -999.0} "" -999.0 -999.0 -999.0 -999.0 -999 -999 "" "" "" "" 0 0 0.0 0.0 -999 ""
FIBERMAP 949 R+1C19 BOSS 1 1 0 1 0 0 132.696512914927 27.705670909439753 143.1 8.8477895836079 135.26317721646998 37.64333 124.78076 246.94951260995578 -25.545839899898453 -6.6214366 -4.3056107 1.4289304 246.94951374049256 -25.54587164802025 247.0185936624972 -25.606430854111338 85.84218295183223 35.54355710102669 5400.0 5400.0 2016.0 1 241 {-999.0 17.800968 16.531124 15.966592 -999.0} sdss_psfmag_ps1 17.31741 16.389038 15.419002 13.196 63050396393521452 981920978 "" ops_std_boss_tic ops_std standard_boss 0 0 0.0 0.0 -999 ""
FIBERMAP 949 R+1C19 METROLOGY 0 0 0 1 0 0 132.13869503172427 27.176421144513334 143.1 9.208280480702932 134.58401429102105 37.64333 124.78076 -999.0 -999.0 -999.0 -999.0 -999.0 246.9507193988573 -25.54791987873504 247.0198083618526 -25.60847200449898 85.8432508744086 35.571913036886826 -999.0 6231.0 -999.0 -1 -999 {-999.0 -999.0 -999.0 -999.0 -999.0} "" -999.0 -999.0 -999.0 -999.0 -999 -999 "" "" "" "" 0 0 0.0 0.0 -999 ""
FIBERMAP 952 R+4C8 APOGEE 0 0 0 1 0 0 -108.43827308365306 78.63135449700818 143.1 -104.79817669028319 -83.41204777328495 218.45087 68.812836 -999.0 -999.0 -999.0 -999.0 -999.0 246.56338992150086 -26.20808062065068 246.63433213351607 -26.26936663400588 86.5832420439161 37.04344075501274 -999.0 16600.0 -999.0 2 -999 {-999.0 -999.0 -999.0 -999.0 -999.0} "" -999.0 -999.0 -999.0 -999.0 -999 -999 "" "" "" "" 0 0 0.0 0.0 -999 ""
FIBERMAP 952 R+4C8 BOSS 1 1 0 1 0 0 -108.66280272142106 79.33907836553294 143.1 -105.54014932213629 -83.43881524947406 218.45087 68.812836 246.56085634942892 -26.20812282433707 -9.501467 -20.452827 6.216767 246.56083521330825 -26.208176892274704 246.63176867200377 -26.269479311868658 86.58468322388588 37.013326597091236 5400.0 5400.0 2016.0 1 33 {-999.0 19.358364 18.036263 16.160374 -999.0} sdss_psfmag_ps1 18.61384 16.823399 15.350944 12.436 63050396393484477 1035052006 bright_1x1 mwm_yso_pms_boss_sagitta_edr3_single mwm_yso science 0 0 0.0 0.0 -999 ""
FIBERMAP 952 R+4C8 METROLOGY 0 0 0 1 0 0 -107.92761277191074 79.17791123039214 143.1 -105.18797169899194 -82.77368218560113 218.45087 68.812836 -999.0 -999.0 -999.0 -999.0 -999.0 246.56201936659645 -26.20617890571197 246.63294959936502 -26.267476119672946 86.58243986042616 37.0079798540325 -999.0 6231.0 -999.0 -1 -999 {-999.0 -999.0 -999.0 -999.0 -999.0} "" -999.0 -999.0 -999.0 -999.0 -999 -999 "" "" "" "" 0 0 0.0 0.0 -999 ""
FIBERMAP 953 R+4C11 APOGEE 0 0 0 1 0 0 -42.69876769041677 70.29077365150239 143.1 -79.15569134817302 -22.310996769693702 265.67136 32.550755 -999.0 -999.0 -999.0 -999.0 -999.0 246.65090076962846 -26.02313102236205 246.72131957976023 -26.08425895404995 86.38728217407241 36.32121586532361 -999.0 16600.0 -999.0 2 -999 {-999.0 -999.0 -999.0 -999.0 -999.0} "" -999.0 -999.0 -999.0 -999.0 -999 -999 "" "" "" "" 0 0 0.0 0.0 -999 ""
FIBERMAP 953 R+4C11 BOSS 1 1 0 1 0 0 -43.055855163646 70.97349733909492 143.1 -79.90908115705201 -22.472169207917513 265.67136 32.550755 246.64828767829582 -26.023619482404317 -999.0 -999.0 -999.0 246.6483111232242 -26.02361104774708 246.7187220101356 -26.084756066964506 86.38903339830227 36.29550607750588 5400.0 5400.0 2016.0 1 118 {-999.0 18.558474 16.776945 15.1221075 -999.0} sdss_psfmag_ps1 17.768728 16.196255 14.329941 11.391 63050396393509798 1055535741 bright_1x1 bhm_csc_boss bhm_csc science 0 0 0.0 0.0 -999 ""
FIBERMAP 953 R+4C11 METROLOGY 0 0 0 1 0 0 -42.3207454910019 70.93621724589747 143.1 -79.6762805728265 -21.773932870769336 265.67136 32.550755 -999.0 -999.0 -999.0 -999.0 -999.0 246.64909726282255 -26.021499421511887 246.71950458518097 -26.08264001317036 86.38689899798763 36.285267722123365 -999.0 6231.0 -999.0 -1 -999 {-999.0 -999.0 -999.0 -999.0 -999.0} "" -999.0 -999.0 -999.0 -999.0 -999 -999 "" "" "" "" 0 0 0.0 0.0 -999 ""
FIBERMAP 955 R-1C19 APOGEE 0 0 0 1 0 0 113.66750300192606 -38.96189953004746 143.1 67.98028172982984 99.07465773403212 314.204 26.712854 -999.0 -999.0 -999.0 -999.0 -999.0 247.14829038354196 -25.65597431656621 247.21774963977498 -25.716017094504803 85.82637928296184 38.430984778094285 -999.0 16600.0 -999.0 2 -999 {-999.0 -999.0 -999.0 -999.0 -999.0} "" -999.0 -999.0 -999.0 -999.0 -999 -999 "" "" "" "" 0 0 0.0 0.0 -999 ""
FIBERMAP 955 R-1C19 BOSS 1 1 0 1 0 0 112.97489941880043 -38.735697017297305 143.1 67.57685346227642 98.46797172259033 314.204 26.712854 247.1465921414358 -25.65773495684643 3.9325874 -11.3192005 0.16922617 247.1469820455296 -25.65774784322478 247.21643573135964 -25.717805735874382 85.82851991081323 38.43284138552593 5400.0 5400.0 2016.0 1 302 {-999.0 15.5895605 14.145507 13.358575 -999.0} sdss_psfmag_from_g3xp 14.996512 13.927355 12.899264 10.347 63050396393505709 1061913238 dark_flexible_2x1 manual_mwm_halo_vmp_wise_boss mwm_halo science 0 0 1.2124004364013672 0.0 -999 ""
FIBERMAP 955 R-1C19 METROLOGY 0 0 0 1 0 0 113.51902654579035 -38.22878769767161 143.1 67.23421905886917 99.12796123628272 314.204 26.712854 -999.0 -999.0 -999.0 -999.0 -999.0 247.14583379461723 -25.65573862227379 247.2152842809253 -25.715796267641405 85.82754281426737 38.40480752141258 -999.0 6231.0 -999.0 -1 -999 {-999.0 -999.0 -999.0 -999.0 -999.0} "" -999.0 -999.0 -999.0 -999.0 -999 -999 "" "" "" "" 0 0 0.0 0.0 -999 ""
FIBERMAP 960 R+13C6 APOGEE 1 1 0 1 0 0 -16.556342055963057 251.385785252992 143.1 -246.62494847994373 51.37779896047461 26.022491 84.87653 246.0899111820588 -25.796480396004654 -2.7051966 -3.4659739 0.33942318 246.09011090900685 -25.796473936812905 246.15972113158853 -25.858993573940207 86.45395266775418 27.521418723856584 16000.0 16600.0 2016.0 2 51 {-999.0 16.563171 14.378783 11.876739 -999.0} sdss_psfmag_from_g3xp 15.515191 12.476444 10.975537 6.955 63050396395015914 1153044958 bright_1x1 mwm_galactic_core_dist_apogee_sparse mwm_galactic science 0 0 0.7641670107841492 0.0 -999 ""
FIBERMAP 960 R+13C6 BOSS 0 0 0 1 0 0 -16.261244102621877 250.69792278707922 143.1 -245.88321048422577 51.477872996303056 26.022491 84.87653 -999.0 -999.0 -999.0 -999.0 -999.0 246.09257845205084 -25.79617249113629 246.1621817921839 -25.858698242938065 86.45269401459528 27.551252157254396 -999.0 5400.0 -999.0 1 88 {-999.0 -999.0 -999.0 -999.0 -999.0} "" -999.0 -999.0 -999.0 -999.0 -999 -999 "" "" "" "" 0 0 0.0 0.0 -999 ""
FIBERMAP 960 R+13C6 METROLOGY 0 0 0 1 0 0 -17.012746333482873 250.79013100379115 143.1 -246.17332045922655 50.77855507905867 26.022491 84.87653 -999.0 -999.0 -999.0 -999.0 -999.0 246.09153606787476 -25.79827544627366 246.161147170179 -25.860799728711424 86.45498972251156 27.553078792655015 -999.0 6231.0 -999.0 -1 -999 {-999.0 -999.0 -999.0 -999.0 -999.0} "" -999.0 -999.0 -999.0 -999.0 -999 -999 "" "" "" "" 0 0 0.0 0.0 -999 ""
FIBERMAP 961 R-2C8 APOGEE 0 0 0 1 0 0 -95.3094676592362 -28.32489704545273 143.1 1.7621431253744098 -99.4095113065874 78.912735 60.098396 -999.0 -999.0 -999.0 -999.0 -999.0 246.92361324694738 -26.258052614159308 246.9947948946276 -26.318468063986053 86.42172372923301 41.70428402528296 -999.0 16600.0 -999.0 2 -999 {-999.0 -999.0 -999.0 -999.0 -999.0} "" -999.0 -999.0 -999.0 -999.0 -999 -999 "" "" "" "" 0 0 0.0 0.0 -999 ""
FIBERMAP 961 R-2C8 BOSS 1 1 0 1 0 0 -94.70065806653433 -28.909196614618615 143.1 2.4881275723814755 -98.97946327624177 78.912735 60.098396 246.9257772041889 -26.256761338855725 -1.5360162 -10.092456 0.16817085 246.92608553032247 -26.2567996711461 246.99725436284155 -26.31721977766798 86.41934313364031 41.718164412071246 5400.0 5400.0 2016.0 1 497 {-999.0 15.027111 14.15795 13.764495 -999.0} sdss_psfmag_from_g3xp 14.75757 14.148069 13.390108 11.785 63050396393479096 1071861506 dark_flexible_2x1 mwm_halo_mp_xp_boss mwm_halo science 0 0 1.095602035522461 0.0 -999 ""
FIBERMAP 961 R-2C8 METROLOGY 0 0 0 1 0 0 -95.43808094792783 -29.0617530956878 143.1 2.437600230693779 -99.73077205928954 78.912735 60.098396 -999.0 -999.0 -999.0 -999.0 -999.0 246.92590527564928 -26.259089954524622 246.99708360747513 -26.31950697244882 86.42118185964529 41.74008804392105 -999.0 6231.0 -999.0 -1 -999 {-999.0 -999.0 -999.0 -999.0 -999.0} "" -999.0 -999.0 -999.0 -999.0 -999 -999 "" "" "" "" 0 0 0.0 0.0 -999 ""
FIBERMAP 966 R-8C2 APOGEE 0 0 0 1 0 0 -197.9555353846525 -158.73441279540626 143.1 99.90992551635124 -233.22854674102007 232.68192 66.31027 -999.0 -999.0 -999.0 -999.0 -999.0 247.25471871387148 -26.662393743940424 247.32718780884943 -26.72191007786693 86.50206628531 49.728193190136494 -999.0 16600.0 -999.0 2 -999 {-999.0 -999.0 -999.0 -999.0 -999.0} "" -999.0 -999.0 -999.0 -999.0 -999 -999 "" "" "" "" 0 0 0.0 0.0 -999 ""
FIBERMAP 966 R-8C2 BOSS 1 1 0 1 0 0 -198.35394458297566 -158.11269854573905 143.1 99.20424638016668 -233.44586958234424 232.68192 66.31027 247.25235470463946 -26.663035296442164 -6.8263307 -3.258118 0.4726546 247.2523471251082 -26.663056671079524 247.32480665229525 -26.7225872019325 86.50410509476099 49.71329995651041 5400.0 5400.0 2016.0 1 456 {-999.0 16.962492 16.28058 15.966211 15.810615} sdss_psfmag_from_ps1dr2 16.7065 16.2702 15.576 -999.0 63050396393377110 1040595545 "" ops_std_boss_ps1dr2 ops_std standard_boss 0 0 0.0 0.0 -999 ""
FIBERMAP 966 R-8C2 METROLOGY 0 0 0 1 0 0 -197.58636919867448 -158.08386337843126 143.1 99.38204532606915 -232.698647432603 232.68192 66.31027 -999.0 -999.0 -999.0 -999.0 -999.0 247.25297240983195 -26.660853119740562 247.32542860321178 -26.720380290719067 86.50222236267234 49.692339792612756 -999.0 6231.0 -999.0 -1 -999 {-999.0 -999.0 -999.0 -999.0 -999.0} "" -999.0 -999.0 -999.0 -999.0 -999 -999 "" "" "" "" 0 0 0.0 0.0 -999 ""
FIBERMAP 968 R0C21 APOGEE 1 1 0 1 0 0 153.858856763695 17.1304978793651 143.1 24.704048625467593 152.81910701830566 130.82646 82.7424 247.00286865234372 -25.492920961208924 -999.0 -999.0 -999.0 247.0029109266058 -25.492943155990336 247.07185816591038 -25.553376606631364 85.77126935244588 35.676306138014695 16000.0 16600.0 2015.5 2 83 {-999.0 -999.0 -999.0 -999.0 -999.0} "" -999.0 -999.0 -999.0 -999.0 27021603175508170 845949883 "" ops_sky_apogee_best ops_sky sky_apogee 0 0 0.0 0.0 -999 ""
FIBERMAP 968 R0C21 BOSS 0 0 0 1 0 0 154.50959362780713 17.521795418248374 143.1 24.501350429903376 153.55084247561044 130.82646 82.7424 -999.0 -999.0 -999.0 -999.0 -999.0 247.00225535940945 -25.490650270505363 247.07118580129486 -25.55109899272557 85.76973312051524 35.652068154627955 -999.0 5400.0 -999.0 1 254 {-999.0 -999.0 -999.0 -999.0 -999.0} "" -999.0 -999.0 -999.0 -999.0 -999 -999 "" "" "" "" 0 0 0.0 0.0 -999 ""
FIBERMAP 968 R0C21 METROLOGY 0 0 0 1 0 0 154.52833756274873 16.792052025701317 143.1 25.20942166480834 153.3734539377266 130.82646 82.7424 -999.0 -999.0 -999.0 -999.0 -999.0 247.00463423823027 -25.491177925603978 247.07356958850937 -25.55161712675563 85.76894513632085 35.68008811547446 -999.0 6231.0 -999.0 -1 -999 {-999.0 -999.0 -999.0 -999.0 -999.0} "" -999.0 -999.0 -999.0 -999.0 -999 -999 "" "" "" "" 0 0 0.0 0.0 -999 ""
FIBERMAP 970 R-3C14 APOGEE 1 1 0 1 0 0 33.49325823360302 -68.51908903656238 143.1 74.9833032026236 13.916713250047096 244.73969 138.66028 247.17176831999137 -25.914402650603257 5.153453 -7.19126 4.199075 247.171788365173 -25.914402861893485 247.24201417157553 -25.974319627210175 86.01545781876544 40.924793275739205 16000.0 16600.0 2016.0 2 231 {-999.0 14.318417 13.240018 12.711395 -999.0} sdss_psfmag_from_g3xp 13.940169 13.178213 12.313116 10.42 63050396393503472 1035005052 bright_1x1 mwm_yso_pms_apogee_zari18pms_single mwm_yso science 0 0 0.0 0.0 -999 ""
FIBERMAP 970 R-3C14 BOSS 0 0 0 1 0 0 32.83606715640893 -68.85089977828812 143.1 75.12696186233865 13.194691983559572 244.73969 138.66028 -999.0 -999.0 -999.0 -999.0 -999.0 247.17233219079228 -25.916576094562707 247.24255395038097 -25.97650247930747 86.01683052516303 40.95020107292822 -999.0 5400.0 -999.0 1 340 {-999.0 -999.0 -999.0 -999.0 -999.0} "" -999.0 -999.0 -999.0 -999.0 -999 -999 "" "" "" "" 0 0 0.0 0.0 -999 ""
FIBERMAP 970 R-3C14 METROLOGY 0 0 0 1 0 0 32.8718035449364 -68.1129890722121 143.1 74.42561349736441 13.42675552788128 244.73969 138.66028 -999.0 -999.0 -999.0 -999.0 -999.0 247.16997059877883 -25.915871617119567 247.24019272381486 -25.97580056800133 86.01764255726563 40.92021034960169 -999.0 6231.0 -999.0 -1 -999 {-999.0 -999.0 -999.0 -999.0 -999.0} "" -999.0 -999.0 -999.0 -999.0 -999 -999 "" "" "" "" 0 0 0.0 0.0 -999 ""
FIBERMAP 974 R+9C1 APOGEE 1 1 0 1 0 0 -198.82884263187563 167.5490561352259 143.1 -214.67274079277075 -146.68154758438226 202.39343 133.53926 246.1922255822062 -26.39645367442533 -12.365712 -18.702253 0.5631907 246.19220246709435 -26.396486154207633 246.26360364182256 -26.45860233677955 86.92773126948323 34.110370639128234 16000.0 16600.0 2016.0 2 47 {-999.0 13.925881 12.969474 12.506337 -999.0} sdss_psfmag_from_g3xp 13.612415 12.931145 12.122609 10.33 63050396393313755 1103971598 bright_1x1 mwm_tess_rgb_apogee mwm_tessrgb science 0 0 0.0 0.0 -999 ""
FIBERMAP 974 R+9C1 BOSS 0 0 0 1 0 0 -199.55240422802217 167.81134182391241 143.1 -215.11922386800538 -147.30839509413224 202.39343 133.53926 -999.0 -999.0 -999.0 -999.0 -999.0 246.19069525601708 -26.398354993747024 246.26209451166335 -26.46048386904724 86.93004547704494 34.10851003782324 -999.0 5400.0 -999.0 1 83 {-999.0 -999.0 -999.0 -999.0 -999.0} "" -999.0 -999.0 -999.0 -999.0 -999 -999 "" "" "" "" 0 0 0.0 0.0 -999 ""
FIBERMAP 974 R+9C1 METROLOGY 0 0 0 1 0 0 -198.96041087027217 168.28001271664527 143.1 -215.41219852613443 -146.61253156812305 202.39343 133.53926 -999.0 -999.0 -999.0 -999.0 -999.0 246.18967536137902 -26.39627408128007 246.26107018679454 -26.458403212933558 86.92880645297619 34.07291770427992 -999.0 6231.0 -999.0 -1 -999 {-999.0 -999.0 -999.0 -999.0 -999.0} "" -999.0 -999.0 -999.0 -999.0 -999 -999 "" "" "" "" 0 0 0.0 0.0 -999 ""
FIBERMAP 976 R-8C8 APOGEE 0 0 0 1 0 0 -34.40456290063313 -162.33285672382718 143.1 147.18053408767787 -76.62366301749998 322.43637 120.56103 -999.0 -999.0 -999.0 -999.0 -999.0 247.41522220882746 -26.188963228763708 247.48631903864487 -26.248224343820663 86.07206209631433 45.94616894664523 -999.0 16600.0 -999.0 2 -999 {-999.0 -999.0 -999.0 -999.0 -999.0} "" -999.0 -999.0 -999.0 -999.0 -999 -999 "" "" "" "" 0 0 0.0 0.0 -999 ""
FIBERMAP 976 R-8C8 BOSS 1 1 0 1 0 0 -34.46240936294286 -163.05235913338447 143.1 147.85822575768822 -76.8720976136368 322.43637 120.56103 247.4176025390625 -26.189742674529967 -999.0 -999.0 -999.0 247.4175821796846 -26.189730364571748 247.48867033682097 -26.24899613464918 86.07113445473611 45.97601983565869 5400.0 5400.0 2015.5 1 382 {-999.0 -999.0 -999.0 -999.0 -999.0} "" -999.0 -999.0 -999.0 -999.0 27021603175505244 823837928 "" ops_sky_boss_good ops_sky sky_boss 0 0 0.0 0.0 -999 ""
FIBERMAP 976 R-8C8 METROLOGY 0 0 0 1 0 0 -35.08698857076486 -162.6391138405467 143.1 147.29281524501394 -77.36315183692894 322.43637 120.56103 -999.0 -999.0 -999.0 -999.0 -999.0 247.41569277505272 -26.19123531339568 247.48678822054637 -26.250502210641642 86.07339185125649 45.973862081026425 -999.0 6231.0 -999.0 -1 -999 {-999.0 -999.0 -999.0 -999.0 -999.0} "" -999.0 -999.0 -999.0 -999.0 -999 -999 "" "" "" "" 0 0 0.0 0.0 -999 ""
FIBERMAP 977 R+4C7 APOGEE 1 1 0 1 0 0 -118.54770846841191 59.40053011887698 143.1 -88.97837749608284 -98.30228674451402 296.1618 62.871502 246.61665661836264 -26.253534882117247 -8.473872 0.688191 0.67667526 246.6166314333507 -26.253513027105114 246.6877216589594 -26.31466023680843 86.5911627688501 38.1424349020794 16000.0 16600.0 2016.0 2 31 {-999.0 13.536994 12.122585 11.52638 -999.0} sdss_psfmag_from_g3xp 12.963862 12.056433 11.122878 9.007 63050396393483906 1106446631 bright_1x1 mwm_tess_rgb_apogee mwm_tessrgb science 0 0 0.0 0.0 -999 ""
FIBERMAP 977 R+4C7 BOSS 0 0 0 1 0 0 -119.29494032603775 59.38008767647629 143.1 -89.15881358218094 -99.02766166713056 296.1618 62.871502 -999.0 -999.0 -999.0 -999.0 -999.0 246.61597207396562 -26.25574571942986 246.6870601489801 -26.31690408111736 86.59331072200175 38.15722336071218 -999.0 5400.0 -999.0 1 52 {-999.0 -999.0 -999.0 -999.0 -999.0} "" -999.0 -999.0 -999.0 -999.0 -999 -999 "" "" "" "" 0 0 0.0 0.0 -999 ""
FIBERMAP 977 R+4C7 METROLOGY 0 0 0 1 0 0 -118.95502472305701 60.039050694322974 143.1 -89.70263379434702 -98.52368961139945 296.1618 62.871502 -999.0 -999.0 -999.0 -999.0 -999.0 246.61412721010717 -26.254221578468925 246.68521273973784 -26.315381854207473 86.59309348494551 38.11954917341137 -999.0 6231.0 -999.0 -1 -999 {-999.0 -999.0 -999.0 -999.0 -999.0} "" -999.0 -999.0 -999.0 -999.0 -999 -999 "" "" "" "" 0 0 0.0 0.0 -999 ""
FIBERMAP 978 R-1C23 APOGEE 0 0 0 1 0 0 195.0503954063895 -18.863771177999272 143.1 70.414042255721 182.86362396935863 212.96834 77.776024 -999.0 -999.0 -999.0 -999.0 -999.0 247.15638850538872 -25.402486416518776 247.22510649674223 -25.462578515538947 85.61777075397485 36.4988776754621 -999.0 16600.0 -999.0 2 -999 {-999.0 -999.0 -999.0 -999.0 -999.0} "" -999.0 -999.0 -999.0 -999.0 -999 -999 "" "" "" "" 0 0 0.0 0.0 -999 ""
FIBERMAP 978 R-1C23 BOSS 1 1 0 1 0 0 194.79929937145806 -18.168211942700253 143.1 69.67667403587792 182.80800378526905 212.96834 77.776024 247.15393066406247 -25.402555483515243 -999.0 -999.0 -999.0 247.15394945139928 -25.402582229173678 247.22265668759076 -25.462693552247995 85.61913871888558 36.476077431839144 5400.0 5400.0 2015.5 1 288 {-999.0 -999.0 -999.0 -999.0 -999.0} "" -999.0 -999.0 -999.0 -999.0 27021603175509191 823838558 "" ops_sky_boss_good ops_sky sky_boss 0 0 0.0 0.0 -999 ""
FIBERMAP 978 R-1C23 METROLOGY 0 0 0 1 0 0 195.52646148875291 -18.286831578024326 143.1 69.98571035816681 183.47679813539204 212.96834 77.776024 -999.0 -999.0 -999.0 -999.0 -999.0 247.15499182509242 -25.400544391437045 247.22369630495575 -25.460649979178708 85.61692742169164 36.47072240387189 -999.0 6231.0 -999.0 -1 -999 {-999.0 -999.0 -999.0 -999.0 -999.0} "" -999.0 -999.0 -999.0 -999.0 -999 -999 "" "" "" "" 0 0 0.0 0.0 -999 ""
FIBERMAP 980 R+4C20 APOGEE 0 0 0 1 0 0 185.0901325632915 59.58870283346145 143.1 -7.836473351844503 194.2795774480055 329.94376 67.137596 -999.0 -999.0 -999.0 -999.0 -999.0 246.8939848077743 -25.367434052353087 246.9625398184712 -25.42816086369958 85.72112224202164 33.635954853075475 -999.0 16600.0 -999.0 2 -999 {-999.0 -999.0 -999.0 -999.0 -999.0} "" -999.0 -999.0 -999.0 -999.0 -999 -999 "" "" "" "" 0 0 0.0 0.0 -999 ""
FIBERMAP 980 R+4C20 BOSS 1 1 0 1 0 0 184.49659799738828 59.119382659906776 143.1 -7.543285943220055 193.58205519109208 329.94376 67.137596 246.89495526393966 -25.36943375124812 0.021480717 -8.251674 2.6229184 246.8949683862218 -25.369469523748432 246.96352003329616 -25.43020697868882 85.7223739644616 33.660684568731995 5400.0 5400.0 2016.0 1 213 {-999.0 22.58139 20.449839 18.930058 -999.0} sdss_psfmag_ps1 21.008856 19.647743 18.24472 14.909 63050396393544024 1096661057 bright_1x1 mwm_bin_vis_boss mwm_filler science 0 0 0.0 0.0 -999 ""
FIBERMAP 980 R+4C20 METROLOGY 0 0 0 1 0 0 184.398861890393 59.87443535451314 143.1 -8.296897163899931 193.69011948882138 329.94376 67.137596 -999.0 -999.0 -999.0 -999.0 -999.0 246.89243774857422 -25.369114750609846 246.96099047817324 -25.42985449076998 85.72330212916789 33.63229985771329 -999.0 6231.0 -999.0 -1 -999 {-999.0 -999.0 -999.0 -999.0 -999.0} "" -999.0 -999.0 -999.0 -999.0 -999 -999 "" "" "" "" 0 0 0.0 0.0 -999 ""
FIBERMAP 981 R-9C12 APOGEE 1 1 0 1 0 0 56.47645887208224 -183.64972203266254 143.1 192.05830284970102 5.223852669023337 230.45076 152.20921 247.56590270051046 -25.940544201064334 -5.84798 -10.005517 0.19067423 247.5658805050248 -25.940546153148645 247.63627589098758 -25.99951439204674 85.79951223495236 44.88026528763908 16000.0 16600.0 2016.0 2 168 {-999.0 15.034467 13.8400755 13.224107 -999.0} sdss_psfmag_from_g3xp 14.5917015 13.731415 12.810117 10.629 63050396393456033 1153043277 bright_1x1 mwm_galactic_core_dist_apogee_sparse mwm_galactic science 0 0 0.0 0.0 -999 ""
FIBERMAP 981 R-9C12 BOSS 0 0 0 1 0 0 55.77248294418741 -183.93595060850646 143.1 192.14551626782128 4.4689660863713945 230.45076 152.20921 -999.0 -999.0 -999.0 -999.0 -999.0 247.56625640638933 -25.942820469775285 247.63664657955758 -26.00179863687097 85.80094396967762 44.9049911159334 -999.0 5400.0 -999.0 1 401 {-999.0 -999.0 -999.0 -999.0 -999.0} "" -999.0 -999.0 -999.0 -999.0 -999 -999 "" "" "" "" 0 0 0.0 0.0 -999 ""
FIBERMAP 981 R-9C12 METROLOGY 0 0 0 1 0 0 55.879806009320745 -183.21040194510945 143.1 191.4752507995634 4.766686910397815 230.45076 152.20921 -999.0 -999.0 -999.0 -999.0 -999.0 247.56403051681374 -25.94192501526454 247.63442094230425 -26.000905508635608 85.8016683076173 44.87675280102644 -999.0 6231.0 -999.0 -1 -999 {-999.0 -999.0 -999.0 -999.0 -999.0} "" -999.0 -999.0 -999.0 -999.0 -999 -999 "" "" "" "" 0 0 0.0 0.0 -999 ""
FIBERMAP 982 R+12C10 APOGEE 0 0 0 1 0 0 32.13472385738796 227.54905209315433 143.1 -210.61920079640745 91.90367536701474 207.05768 111.36817 -999.0 -999.0 -999.0 -999.0 -999.0 246.2117682068362 -25.674598249603413 246.2810536014964 -25.736862531146997 86.29554627359444 28.184448914203927 -999.0 16600.0 -999.0 2 -999 {-999.0 -999.0 -999.0 -999.0 -999.0} "" -999.0 -999.0 -999.0 -999.0 -999 -999 "" "" "" "" 0 0 0.0 0.0 -999 ""
FIBERMAP 982 R+12C10 BOSS 1 1 0 1 0 0 31.53968661265271 228.06916270212156 143.1 -211.27965552589555 91.46970422183612 207.05768 111.36817 246.20912814578048 -25.675872196218737 -0.19077723 -5.6197 0.121862605 246.20951656280909 -25.67587252807356 246.27879804575934 -25.73815413726285 86.29762552387187 28.16565819765276 5400.0 5400.0 2016.0 1 160 {-999.0 15.539096 14.202419 13.47932 -999.0} sdss_psfmag_from_g3xp 15.008772 14.029077 13.042825 10.721 63050396395018466 1071765563 dark_flexible_2x1 mwm_halo_vmp_xp_boss mwm_halo science 0 0 1.176949143409729 0.0 -999 ""
FIBERMAP 982 R+12C10 METROLOGY 0 0 0 1 0 0 32.25955760982202 228.28655785655508 143.1 -211.29629612146644 92.22146884261868 207.05768 111.36817 -999.0 -999.0 -999.0 -999.0 -999.0 246.20944771907628 -25.673586831580927 246.27872451200824 -25.73586573029843 86.29562170978683 28.148516301366385 -999.0 6231.0 -999.0 -1 -999 {-999.0 -999.0 -999.0 -999.0 -999.0} "" -999.0 -999.0 -999.0 -999.0 -999 -999 "" "" "" "" 0 0 0.0 0.0 -999 ""
FIBERMAP 987 R-13C12 APOGEE 1 1 0 1 0 0 90.89420517563306 -242.40008107572368 143.1 257.87779901941013 22.6475931410392 142.06117 110.08928 247.78593512788802 -25.887244933036204 -1.0485747 -2.94523 0.032023933 247.78593614375438 -25.887241951018538 247.85622365861695 -25.94569790918441 85.62341536342947 46.282163526226725 16000.0 16600.0 2016.0 2 160 {-999.0 15.626648 14.177519 13.467547 -999.0} sdss_psfmag_from_g3xp 15.026767 14.026719 13.038659 10.632 63050396393455297 1153043267 bright_1x1 mwm_galactic_core_dist_apogee_sparse mwm_galactic science 0 0 0.0 0.0 -999 ""
FIBERMAP 987 R-13C12 BOSS 0 0 0 1 0 0 91.11161200465894 -241.67253422005794 143.1 257.23509213587215 23.051906292618956 142.06117 110.08928 -999.0 -999.0 -999.0 -999.0 -999.0 247.78380759992015 -25.88601273372626 247.85407817364467 -25.944485804264342 85.62390866580823 46.25301325273989 -999.0 5400.0 -999.0 1 350 {-999.0 -999.0 -999.0 -999.0 -999.0} "" -999.0 -999.0 -999.0 -999.0 -999 -999 "" "" "" "" 0 0 0.0 0.0 -999 ""
FIBERMAP 987 R-13C12 METROLOGY 0 0 0 1 0 0 91.61897411384685 -242.21219104825343 143.1 257.890896134472 23.39617420181234 142.06117 110.08928 -999.0 -999.0 -999.0 -999.0 -999.0 247.78603791405516 -25.884963817166668 247.85630950875236 -25.94342852311837 85.62174659668014 46.26198825170172 -999.0 6231.0 -999.0 -1 -999 {-999.0 -999.0 -999.0 -999.0 -999.0} "" -999.0 -999.0 -999.0 -999.0 -999 -999 "" "" "" "" 0 0 0.0 0.0 -999 ""
FIBERMAP 992 R-2C20 APOGEE 0 0 0 1 0 0 162.09593434933126 -49.815927800837564 143.1 91.40786075603326 142.8246584774751 288.21216 125.23862 -999.0 -999.0 -999.0 -999.0 -999.0 247.2269492777417 -25.523613117854392 247.29603820548584 -25.583504092423674 85.67804996680562 38.11756716842871 -999.0 16600.0 -999.0 2 -999 {-999.0 -999.0 -999.0 -999.0 -999.0} "" -999.0 -999.0 -999.0 -999.0 -999 -999 "" "" "" "" 0 0 0.0 0.0 -999 ""
FIBERMAP 992 R-2C20 BOSS 1 1 0 1 0 0 161.6496661462885 -50.41193975592477 143.1 91.86254813909666 142.23508411198927 288.21216 125.23862 247.2285577025302 -25.525280796047696 -11.394582 -22.89922 7.1190305 247.22852767596365 -25.525331824377112 247.29761124556092 -25.585231546199385 85.67858424975708 38.14637216510653 5400.0 5400.0 2016.0 1 304 {-999.0 18.954218 17.21481 15.426888 -999.0} sdss_psfmag_ps1 18.219177 16.064556 14.709042 11.752 63050396393539545 1035052053 bright_1x1 mwm_yso_pms_boss_sagitta_edr3_single mwm_yso science 0 0 0.0 0.0 -999 ""
FIBERMAP 992 R-2C20 METROLOGY 0 0 0 1 0 0 161.35340010923443 -49.7256996506852 143.1 91.12206031445908 142.13345020209846 288.21216 125.23862 -999.0 -999.0 -999.0 -999.0 -999.0 247.22605162081254 -25.52562111398587 247.29513852713353 -25.585522986525778 85.68015298929221 38.124977395671124 -999.0 6231.0 -999.0 -1 -999 {-999.0 -999.0 -999.0 -999.0 -999.0} "" -999.0 -999.0 -999.0 -999.0 -999 -999 "" "" "" "" 0 0 0.0 0.0 -999 ""
FIBERMAP 998 R+3C8 APOGEE 0 0 0 1 0 0 -93.16631838285953 73.3249348267459 143.1 -95.59557253004152 -70.11992223560905 90.91444 86.327 -999.0 -999.0 -999.0 -999.0 -999.0 246.59466715000903 -26.167946491327903 246.66549885190489 -26.2291690047096 86.53429062276224 37.02708067397998 -999.0 16600.0 -999.0 2 -999 {-999.0 -999.0 -999.0 -999.0 -999.0} "" -999.0 -999.0 -999.0 -999.0 -999 -999 "" "" "" "" 0 0 0.0 0.0 -999 ""
FIBERMAP 998 R+3C8 BOSS 1 1 0 1 0 0 -92.41324047285892 73.28323260587578 143.1 -95.35369914404457 -69.4055592745463 90.91444 86.327 246.59544181805373 -26.165811888996508 -1.7390414 -2.5932455 0.08926339 246.59544755103198 -26.16580955385219 246.6662646395897 -26.22704131213968 86.53216481069624 37.01562466750988 5400.0 5400.0 2016.0 1 53 {-999.0 16.537207 15.554264 15.063946 -999.0} sdss_psfmag_ps1 16.17566 15.463685 14.622599 12.758 63050396393484699 1076078336 bright_1x1 mwm_halo_mp_xp_boss_single mwm_halo science 0 0 0.0 0.0 -999 ""
FIBERMAP 998 R+3C8 METROLOGY 0 0 0 1 0 0 -92.81634740735544 72.6638610539332 143.1 -94.86494674033058 -69.95980750248806 90.91444 86.327 -999.0 -999.0 -999.0 -999.0 -999.0 246.59707738555636 -26.16750969264411 246.66790231706784 -26.228734131720756 86.53267258034649 37.051718807994234 -999.0 6231.0 -999.0 -1 -999 {-999.0 -999.0 -999.0 -999.0 -999.0} "" -999.0 -999.0 -999.0 -999.0 -999 -999 "" "" "" "" 0 0 0.0 0.0 -999 ""
FIBERMAP 1001 R+8C12 APOGEE 0 0 0 1 0 0 55.23944687753638 172.09357499792728 143.1 -151.00402957663107 99.31066380400358 106.74128 55.99272 -999.0 -999.0 -999.0 -999.0 -999.0 246.4116065074642 -25.65312239893357 246.48087948436785 -25.714918571692994 86.19066681667202 30.44277230772576 -999.0 16600.0 -999.0 2 -999 {-999.0 -999.0 -999.0 -999.0 -999.0} "" -999.0 -999.0 -999.0 -999.0 -999 -999 "" "" "" "" 0 0 0.0 0.0 -999 ""
FIBERMAP 1001 R+8C12 BOSS 1 1 0 1 0 0 55.961845158375965 171.89146864270413 143.1 -150.61583618326077 99.95250835515785 106.74128 55.99272 246.41289012535898 -25.651095473119298 -8.228445 -16.275473 0.9888202 246.41287683938137 -25.651137393108783 246.4821365322291 -25.712943528149683 86.18839013519764 30.44299575247311 5400.0 5400.0 2016.0 1 145 {-999.0 16.929308 15.70323 15.187551 -999.0} sdss_psfmag_ps1 16.450764 15.621696 14.715667 12.702 63050396393517843 1035052022 bright_1x1 mwm_yso_pms_boss_sagitta_edr3_single mwm_yso science 0 0 0.0 0.0 -999 ""
FIBERMAP 1001 R+8C12 METROLOGY 0 0 0 1 0 0 55.43082515418931 171.37047571565586 143.1 -150.25612284332328 99.30137452922001 106.74128 55.99272 -999.0 -999.0 -999.0 -999.0 -999.0 246.41404135090843 -25.653104618331607 246.48330929098597 -25.714903928234726 86.18957700858596 30.4713471475128 -999.0 6231.0 -999.0 -1 -999 {-999.0 -999.0 -999.0 -999.0 -999.0} "" -999.0 -999.0 -999.0 -999.0 -999 -999 "" "" "" "" 0 0 0.0 0.0 -999 ""
FIBERMAP 1002 R+12C5 APOGEE 0 0 0 1 0 0 -64.50909539211219 243.59301174321948 143.1 -251.96038228111803 3.0919120218646845 59.502117 133.08972 -999.0 -999.0 -999.0 -999.0 -999.0 246.070702233719 -25.942430142652857 246.1407345822562 -26.00495643689889 86.59166490679276 28.36746969555429 -999.0 16600.0 -999.0 2 -999 {-999.0 -999.0 -999.0 -999.0 -999.0} "" -999.0 -999.0 -999.0 -999.0 -999 -999 "" "" "" "" 0 0 0.0 0.0 -999 ""
FIBERMAP 1002 R+12C5 BOSS 1 1 0 1 0 0 -63.800425788584356 243.76012597829924 143.1 -251.93158118241664 3.8194182530025147 59.502117 133.08972 246.07086222456843 -25.940231777791748 -12.046944 -1.1007524 0.07691129 246.07081038739096 -25.94021796640739 246.14082971158484 -26.002755934704744 86.58967400655011 28.351643134093933 5400.0 5400.0 2016.0 1 164 {-999.0 17.337646 16.260695 15.797309 -999.0} sdss_psfmag_ps1 16.953074 16.199526 15.337286 13.397 63050396394920821 1071804093 dark_flexible_2x1 mwm_halo_mp_xp_boss mwm_halo science 0 0 0.0 0.0 -999 ""
FIBERMAP 1002 R+12C5 METROLOGY 0 0 0 1 0 0 -64.0017723503172 243.04335589811276 143.1 -251.29495547009057 3.4334642602104095 59.502117 133.08972 -999.0 -999.0 -999.0 -999.0 -999.0 246.07287275166996 -25.941405216521794 246.14289795334764 -26.00393476673357 86.58985988397977 28.388514554227072 -999.0 6231.0 -999.0 -1 -999 {-999.0 -999.0 -999.0 -999.0 -999.0} "" -999.0 -999.0 -999.0 -999.0 -999 -999 "" "" "" "" 0 0 0.0 0.0 -999 ""
FIBERMAP 1003 R-2C13 APOGEE 0 0 0 1 0 0 7.2931173462813215 -45.63043946770629 143.1 45.91469528138712 -5.194829352919906 288.67484 141.4756 -999.0 -999.0 -999.0 -999.0 -999.0 247.0735995956745 -25.972338372011734 247.1439728760106 -26.032473638075718 86.11631472346087 40.469812183761064 -999.0 16600.0 -999.0 2 -999 {-999.0 -999.0 -999.0 -999.0 -999.0} "" -999.0 -999.0 -999.0 -999.0 -999 -999 "" "" "" "" 0 0 0.0 0.0 -999 ""
FIBERMAP 1003 R-2C13 BOSS 1 1 0 1 0 0 7.048723921551377 -46.34447203031951 143.1 46.53715438522347 -5.6215224651300755 288.67484 141.4756 247.07577903385535 -25.97362640392395 -7.5677524 -7.6922565 0.8864578 247.07574274485486 -25.973629254207776 247.14611011121906 -26.033770343695824 86.11610626597397 40.50388405602996 5400.0 5400.0 2016.0 1 420 {-999.0 17.008974 16.08682 15.504333 -999.0} sdss_psfmag_ps1 16.797544 15.91943 14.972455 12.911 63050396393501538 1035052012 bright_1x1 mwm_yso_pms_boss_sagitta_edr3_single mwm_yso science 0 0 0.0 0.0 -999 ""
FIBERMAP 1003 R-2C13 METROLOGY 0 0 0 1 0 0 6.561295571192114 -45.78514921627235 143.1 45.86774258753656 -5.941318613990237 288.67484 141.4756 -999.0 -999.0 -999.0 -999.0 -999.0 247.07348123924498 -25.974601461814423 247.14385383858473 -26.034744480180866 86.1181424973215 40.4897754186498 -999.0 6231.0 -999.0 -1 -999 {-999.0 -999.0 -999.0 -999.0 -999.0} "" -999.0 -999.0 -999.0 -999.0 -999 -999 "" "" "" "" 0 0 0.0 0.0 -999 ""
FIBERMAP 1005 R+8C16 APOGEE 0 0 0 1 0 0 140.73946005490208 166.22552001464936 143.1 -122.4511823751319 180.1116441390722 57.510254 120.35801 -999.0 -999.0 -999.0 -999.0 -999.0 246.50954285888966 -25.409189854076 246.57812819740593 -25.470819376608954 85.93474325865634 29.827992571595644 -999.0 16600.0 -999.0 2 -999 {-999.0 -999.0 -999.0 -999.0 -999.0} "" -999.0 -999.0 -999.0 -999.0 -999 -999 "" "" "" "" 0 0 0.0 0.0 -999 ""
FIBERMAP 1005 R+8C16 BOSS 1 1 0 1 0 0 141.48662018647062 166.22439355682587 143.1 -122.24998554001604 180.83117316982458 57.510254 120.35801 246.5102345929628 -25.40695978209024 -999.0 -999.0 -999.0 246.5102169441766 -25.40697021773273 246.57878784449167 -25.468612104087292 85.93252209674895 29.82035718857105 5400.0 5400.0 2016.0 1 210 {-999.0 nan nan nan nan} undefined 18.632168 16.459728 14.676566 10.858 63050396395024756 1059774452 bright_flexible_2x1 bhm_spiders_agn_gaiadr3 bhm_spiders science 0 0 0.0 0.0 -999 ""
FIBERMAP 1005 R+8C16 METROLOGY 0 0 0 1 0 0 141.09584584707375 165.56788228463816 143.1 -121.722148868044 180.2788593234792 57.510254 120.35801 -999.0 -999.0 -999.0 -999.0 -999.0 246.51194547582296 -25.40861746794861 246.5805238938433 -25.4702510135947 85.93320285244228 29.850855851054405 -999.0 6231.0 -999.0 -1 -999 {-999.0 -999.0 -999.0 -999.0 -999.0} "" -999.0 -999.0 -999.0 -999.0 -999 -999 "" "" "" "" 0 0 0.0 0.0 -999 ""
FIBERMAP 1007 R+12C9 APOGEE 0 0 0 1 0 0 19.594107187639285 215.95328921408313 143.1 -202.80633233254332 76.71607741687056 289.76782 84.0451 -999.0 -999.0 -999.0 -999.0 -999.0 246.2373841742586 -25.720688951201783 246.30681072286416 -25.782880102125453 86.3255727371435 28.835330010525922 -999.0 16600.0 -999.0 2 -999 {-999.0 -999.0 -999.0 -999.0 -999.0} "" -999.0 -999.0 -999.0 -999.0 -999 -999 "" "" "" "" 0 0 0.0 0.0 -999 ""
FIBERMAP 1007 R+12C9 BOSS 1 1 0 1 0 0 18.841440841603866 215.7680097418401 143.1 -202.82941626559804 75.94131855529723 289.76782 84.0451 246.2371652981833 -25.72299651486359 24.795765 -10.185553 5.184375 246.23724134357565 -25.72300485182424 246.30666746045927 -25.7852078771771 86.32768967219499 28.850573206137767 5400.0 5400.0 2016.0 1 161 {-999.0 23.0505 20.871923 18.68438 -999.0} sdss_psfmag_ps1 21.567251 19.30081 17.837463 14.444 63050396395018330 1096252949 bright_1x1 mwm_bin_vis_boss mwm_filler science 0 0 0.0 0.0 -999 ""
FIBERMAP 1007 R+12C9 METROLOGY 0 0 0 1 0 0 19.070571094044354 216.48752528128512 143.1 -203.4612457205111 76.35477529037017 289.76782 84.0451 -999.0 -999.0 -999.0 -999.0 -999.0 246.23510518253585 -25.721733758885193 246.30452907633378 -25.783938747288698 86.32747014937908 28.81473291091379 -999.0 6231.0 -999.0 -1 -999 {-999.0 -999.0 -999.0 -999.0 -999.0} "" -999.0 -999.0 -999.0 -999.0 -999 -999 "" "" "" "" 0 0 0.0 0.0 -999 ""
FIBERMAP 1008 R0C26 APOGEE 1 1 0 1 0 0 290.42652498432545 4.465299004682378 143.1 73.4828441505017 280.9993286690336 85.134026 22.891552 247.1662902832031 -25.107401827365905 -999.0 -999.0 -999.0 247.1662739883653 -25.10740263423194 247.23413310372814 -25.167551079521115 85.36904281320605 34.475983733623195 16000.0 16600.0 2015.5 2 106 {-999.0 -999.0 -999.0 -999.0 -999.0} "" -999.0 -999.0 -999.0 -999.0 27021603175509448 837001184 "" ops_sky_apogee_best ops_sky sky_apogee 0 0 0.0 0.0 -999 ""
FIBERMAP 1008 R0C26 BOSS 0 0 0 1 0 0 290.69384096157495 3.7743855672734337 143.1 74.22008068533293 281.0718197892677 85.134026 22.891552 -999.0 -999.0 -999.0 -999.0 -999.0 247.1687327381462 -25.10721349478104 247.236581342293 -25.16737067278682 85.36767955780881 34.49773153070066 -999.0 5400.0 -999.0 1 180 {-999.0 -999.0 -999.0 -999.0 -999.0} "" -999.0 -999.0 -999.0 -999.0 -999 -999 "" "" "" "" 0 0 0.0 0.0 -999 ""
FIBERMAP 1008 R0C26 METROLOGY 0 0 0 1 0 0 289.94358281471517 3.911140588872304 143.1 73.88738652777569 280.385631402111 85.134026 22.891552 -999.0 -999.0 -999.0 -999.0 -999.0 247.16764131507645 -25.10920948525275 247.23549846747142 -25.169364597942746 85.36988475051857 34.50108690714268 -999.0 6231.0 -999.0 -1 -999 {-999.0 -999.0 -999.0 -999.0 -999.0} "" -999.0 -999.0 -999.0 -999.0 -999 -999 "" "" "" "" 0 0 0.0 0.0 -999 ""
FIBERMAP 1015 R+8C1 APOGEE 1 1 0 1 0 0 -191.30299625255358 138.89792454167403 143.1 -185.05395757081482 -147.10459978533478 348.9984 61.93847 246.2918034505464 -26.398765340049568 -4.796376 -3.801852 0.19045459 246.29178728515984 -26.39877344680165 246.36322197826007 -26.46065287386255 86.87970479052854 35.50221729959077 16000.0 16600.0 2016.0 2 48 {-999.0 14.547322 13.1453705 12.506786 -999.0} sdss_psfmag_from_g3xp 13.98392 13.0456505 12.092475 9.798 63050396393318441 1153043015 bright_1x1 mwm_galactic_core_dist_apogee_sparse mwm_galactic science 0 0 0.0 0.0 -999 ""
FIBERMAP 1015 R+8C1 BOSS 0 0 0 1 0 0 -191.76292201642408 138.2861773176827 143.1 -184.58776837756758 -147.71154651981567 348.9984 61.93847 -999.0 -999.0 -999.0 -999.0 -999.0 246.29332819046084 -26.400630601751985 246.36476137680972 -26.46251549460641 86.88045619496371 35.542488427835565 -999.0 5400.0 -999.0 1 84 {-999.0 -999.0 -999.0 -999.0 -999.0} "" -999.0 -999.0 -999.0 -999.0 -999 -999 "" "" "" "" 0 0 0.0 0.0 -999 ""
FIBERMAP 1015 R+8C1 METROLOGY 0 0 0 1 0 0 -192.04260424014618 138.97838250058615 143.1 -185.32956145534678 -147.795605589973 348.9984 61.93847 -999.0 -999.0 -999.0 -999.0 -999.0 246.29079403908636 -26.40088705160946 246.3622294137906 -26.462775159144496 86.88195658483612 35.51089755712002 -999.0 6231.0 -999.0 -1 -999 {-999.0 -999.0 -999.0 -999.0 -999.0} "" -999.0 -999.0 -999.0 -999.0 -999 -999 "" "" "" "" 0 0 0.0 0.0 -999 ""
FIBERMAP 1020 R-3C9 APOGEE 1 1 0 1 0 0 -90.76621273596598 -56.97944320639872 143.1 30.5853898154636 -102.70697313844177 167.82027 123.726494 247.02112905807385 -26.26821973078903 -3.6260974 -3.4951255 0.16228867 247.02114453045795 -26.26822853884246 247.09238070940478 -26.32840881889385 86.37180859774277 42.858089862056886 16000.0 16600.0 2016.0 2 291 {-999.0 15.490247 13.945285 13.236887 -999.0} sdss_psfmag_from_g3xp 14.837717 13.812107 12.815513 10.415 63050396393478321 1153043118 bright_1x1 mwm_galactic_core_dist_apogee_sparse mwm_galactic science 0 0 0.0 0.0 -999 ""
FIBERMAP 1020 R-3C9 BOSS 0 0 0 1 0 0 -90.95153733269662 -56.26598025802785 143.1 29.84838829560886 -102.69443250866155 167.82027 123.726494 -999.0 -999.0 -999.0 -999.0 -999.0 247.01867839233387 -26.26823299357157 247.089903910394 -26.328429323640123 86.37329680595971 42.832053774124745 -999.0 5400.0 -999.0 1 478 {-999.0 -999.0 -999.0 -999.0 -999.0} "" -999.0 -999.0 -999.0 -999.0 -999 -999 "" "" "" "" 0 0 0.0 0.0 -999 ""
FIBERMAP 1020 R-3C9 METROLOGY 0 0 0 1 0 0 -90.22366805053373 -56.47078437585012 143.1 30.240646069576115 -102.0480396134612 167.82027 123.726494 -999.0 -999.0 -999.0 -999.0 -999.0 247.02001154368622 -26.266287815881945 247.09123447004094 -26.32647861661547 86.37104596299167 42.8257099051994 -999.0 6231.0 -999.0 -1 -999 {-999.0 -999.0 -999.0 -999.0 -999.0} "" -999.0 -999.0 -999.0 -999.0 -999 -999 "" "" "" "" 0 0 0.0 0.0 -999 ""
FIBERMAP 1021 R+4C5 APOGEE 1 1 0 1 0 0 -153.837835161062 98.5441963622133 143.1 -136.14199793963547 -121.81775013473384 143.05042 38.78494 246.4570000025769 -26.323708803259837 -1.3817648 -2.755431 0.4121374 246.45701019698384 -26.323721382717494 246.52826662516895 -26.385228904444606 86.73284217639436 36.88901223077204 16000.0 16600.0 2016.0 2 25 {-999.0 14.768092 13.45471 12.916911 -999.0} sdss_psfmag_from_g3xp 14.256591 13.416178 12.517718 10.465 63050396393271030 1108619869 bright_flexible_2x1 mwm_tess_rgb_apogee mwm_tessrgb science 0 0 0.0 0.0 -999 ""
FIBERMAP 1021 R+4C5 BOSS 0 0 0 1 0 0 -153.08843082441857 98.58058591205929 143.1 -135.9763437982756 -121.08601109038368 143.05042 38.78494 -999.0 -999.0 -999.0 -999.0 -999.0 246.45753591218653 -26.321542125082324 246.52877802169132 -26.383058915139898 86.73081518475712 36.87322498983326 -999.0 5400.0 -999.0 1 42 {-999.0 -999.0 -999.0 -999.0 -999.0} "" -999.0 -999.0 -999.0 -999.0 -999 -999 "" "" "" "" 0 0 0.0 0.0 -999 ""
FIBERMAP 1021 R+4C5 METROLOGY 0 0 0 1 0 0 -153.4196085581066 97.92195631693528 143.1 -135.430504553175 -121.58147558755212 143.05042 38.78494 -999.0 -999.0 -999.0 -999.0 -999.0 246.45934889319992 -26.323073606897104 246.53059827376114 -26.384582860788438 86.7310944704733 36.91205676839468 -999.0 6231.0 -999.0 -1 -999 {-999.0 -999.0 -999.0 -999.0 -999.0} "" -999.0 -999.0 -999.0 -999.0 -999 -999 "" "" "" "" 0 0 0.0 0.0 -999 ""
FIBERMAP 1022 R-11C3 APOGEE 1 1 0 1 0 0 -118.46911063222095 -221.2050305264098 143.1 181.38432685017838 -173.38103190133012 260.60822 150.78752 247.53021240234372 -26.481095339226783 -999.0 -999.0 -999.0 247.5302001036204 -26.481105367972106 247.60219497092464 -26.540012380491767 86.19742755750784 50.14867382710264 16000.0 16600.0 2015.5 2 152 {-999.0 -999.0 -999.0 -999.0 -999.0} "" -999.0 -999.0 -999.0 -999.0 27021603175504953 848670689 "" ops_sky_apogee_best ops_sky sky_apogee 0 0 0.0 0.0 -999 ""
FIBERMAP 1022 R-11C3 BOSS 0 0 0 1 0 0 -118.92180431685095 -221.792082960391 143.1 181.82866149684335 -173.97439709430952 260.60822 150.78752 -999.0 -999.0 -999.0 -999.0 -999.0 247.53171791817283 -26.482888285471372 247.60370651751134 -26.54180059885344 86.19759407059084 50.18238680531641 -999.0 5400.0 -999.0 1 433 {-999.0 -999.0 -999.0 -999.0 -999.0} "" -999.0 -999.0 -999.0 -999.0 -999 -999 "" "" "" "" 0 0 0.0 0.0 -999 ""
FIBERMAP 1022 R-11C3 METROLOGY 0 0 0 1 0 0 -119.21069777850727 -221.10657421597043 143.1 181.09085287526105 -174.06912398074016 260.60822 150.78752 -999.0 -999.0 -999.0 -999.0 -999.0 247.52926541777805 -26.483220402141082 247.6012578135942 -26.54213582308721 86.19946005946937 50.16435442050323 -999.0 6231.0 -999.0 -1 -999 {-999.0 -999.0 -999.0 -999.0 -999.0} "" -999.0 -999.0 -999.0 -999.0 -999 -999 "" "" "" "" 0 0 0.0 0.0 -999 ""
FIBERMAP 1024 R+6C15 APOGEE 1 1 0 1 0 0 109.69244895061182 117.18114360233012 143.1 -83.51604443432095 137.0647269223352 53.86708 55.276745 246.63913839414795 -25.539546925169528 -18.543915 -36.969784 3.2815971 246.6390547546316 -25.539657970767852 246.70805206677767 -25.60094461313606 85.98896301031716 32.193171893602084 16000.0 16600.0 2016.0 2 113 {-999.0 15.809304 14.121426 13.148128 -999.0} sdss_psfmag_from_g3xp 15.060908 13.753934 12.624585 9.819 63050396393522800 1034936005 bright_1x1 mwm_yso_pms_apogee_sagitta_edr3_single mwm_yso science 0 0 0.0 0.0 -999 ""
FIBERMAP 1024 R+6C15 BOSS 0 0 0 1 0 0 109.92062561127999 116.4729046353316 143.1 -82.77259876452003 137.0948700630952 53.86708 55.276745 -999.0 -999.0 -999.0 -999.0 -999.0 246.64152346788632 -25.539505206452528 246.71051230751482 -25.600798899787655 85.98769161508781 32.219245926513906 -999.0 5400.0 -999.0 1 196 {-999.0 -999.0 -999.0 -999.0 -999.0} "" -999.0 -999.0 -999.0 -999.0 -999 -999 "" "" "" "" 0 0 0.0 0.0 -999 ""
FIBERMAP 1024 R+6C15 METROLOGY 0 0 0 1 0 0 109.17148420066242 116.60294316201995 143.1 -83.09852300613598 136.4079586885553 53.86708 55.276745 -999.0 -999.0 -999.0 -999.0 -999.0 246.64040126687175 -25.541567936940503 246.70939830849682 -25.602860085464904 85.98997534600012 32.22218721349037 -999.0 6231.0 -999.0 -1 -999 {-999.0 -999.0 -999.0 -999.0 -999.0} "" -999.0 -999.0 -999.0 -999.0 -999 -999 "" "" "" "" 0 0 0.0 0.0 -999 ""
FIBERMAP 1027 R+8C18 APOGEE 0 0 0 1 0 0 162.11848447831386 158.2490698278402 143.1 -109.04055739549915 198.57234367242816 201.40465 82.16121 -999.0 -999.0 -999.0 -999.0 -999.0 246.55492681785142 -25.35364126507067 246.62336136526278 -25.415178011524805 85.86629790659998 29.95280083571072 -999.0 16600.0 -999.0 2 -999 {-999.0 -999.0 -999.0 -999.0 -999.0} "" -999.0 -999.0 -999.0 -999.0 -999 -999 "" "" "" "" 0 0 0.0 0.0 -999 ""
FIBERMAP 1027 R+8C18 BOSS 1 1 0 1 0 0 161.93753073568524 158.96615546724058 143.1 -109.7798784526667 198.590065544302 201.40465 82.16121 246.55242919921875 -25.35352828499842 -999.0 -999.0 -999.0 246.55244128235879 -25.35353399404491 246.62086663392074 -25.41509024155237 85.86730984695667 29.924841224596605 5400.0 5400.0 2015.5 1 250 {-999.0 -999.0 -999.0 -999.0 -999.0} "" -999.0 -999.0 -999.0 -999.0 27021603175551375 814892945 "" ops_sky_boss_good ops_sky sky_boss 0 0 0.0 0.0 -999 ""
FIBERMAP 1027 R+8C18 METROLOGY 0 0 0 1 0 0 162.6637693859537 158.76108797819845 143.1 -109.38780367244144 199.23481691377674 201.40465 82.16121 -999.0 -999.0 -999.0 -999.0 -999.0 246.55374924268042 -25.35156652238729 246.6221715267667 -25.413116354781245 85.86501219948099 29.925932232102866 -999.0 6231.0 -999.0 -1 -999 {-999.0 -999.0 -999.0 -999.0 -999.0} "" -999.0 -999.0 -999.0 -999.0 -999 -999 "" "" "" "" 0 0 0.0 0.0 -999 ""
FIBERMAP 1029 R+7C2 APOGEE 0 0 0 1 0 0 -187.88210922646135 125.42144501624277 143.1 -171.15420200526074 -147.41824073661252 264.45834 135.66747 -999.0 -999.0 -999.0 -999.0 -999.0 246.33858938063534 -26.400156200721117 246.410040665 -26.4619242192108 86.8567843878897 36.14496990570467 -999.0 16600.0 -999.0 2 -999 {-999.0 -999.0 -999.0 -999.0 -999.0} "" -999.0 -999.0 -999.0 -999.0 -999 -999 "" "" "" "" 0 0 0.0 0.0 -999 ""
FIBERMAP 1029 R+7C2 BOSS 1 1 0 1 0 0 -188.501963052733 124.9410036438094 143.1 -170.8573492619979 -148.1440981417502 264.45834 135.66747 246.33944849791388 -26.402351255540704 -47.867874 -25.671307 11.470845 246.3395536366993 -26.402373478965306 246.41100415744063 -26.464148229692313 86.85810456926923 36.1812116039431 5400.0 5400.0 2016.0 1 72 {-999.0 17.692528 16.25984 14.71898 -999.0} sdss_psfmag_ps1 17.068357 15.43347 14.195543 11.857 63050396393270081 1151078725 bright_1x1 mwm_snc_100pc_boss_single mwm_snc science 0 0 0.8330711722373962 0.0 -999 ""
FIBERMAP 1029 R+7C2 METROLOGY 0 0 0 1 0 0 -188.5874355933141 125.67046897697423 143.1 -171.58302450238662 -148.03107190284993 264.45834 135.66747 -999.0 -999.0 -999.0 -999.0 -999.0 246.33707807597384 -26.40203559322999 246.40852909220803 -26.463813584317922 86.85910829281903 36.144651941776885 -999.0 6231.0 -999.0 -1 -999 {-999.0 -999.0 -999.0 -999.0 -999.0} "" -999.0 -999.0 -999.0 -999.0 -999 -999 "" "" "" "" 0 0 0.0 0.0 -999 ""
FIBERMAP 1030 R-7C6 APOGEE 0 0 0 1 0 0 -91.00664607853652 -135.67397655396832 143.1 106.33706265976964 -124.01533540671802 331.2003 143.11154 -999.0 -999.0 -999.0 -999.0 -999.0 247.27723487155396 -26.332769769607367 247.34872594756837 -26.39232157873885 86.261255092234 46.14690583656278 -999.0 16600.0 -999.0 2 -999 {-999.0 -999.0 -999.0 -999.0 -999.0} "" -999.0 -999.0 -999.0 -999.0 -999 -999 "" "" "" "" 0 0 0.0 0.0 -999 ""
FIBERMAP 1030 R-7C6 BOSS 1 1 0 1 0 0 -90.69481444220588 -136.42195786240532 143.1 107.14120226399223 -123.91524137164834 331.2003 143.11154 247.2800537283221 -26.332471342645118 -7.749751 -11.791072 10.120358 247.28001136680092 -26.332502202729916 247.3514913007026 -26.392057408778427 86.25932330745786 46.171021885072264 5400.0 5400.0 2016.0 1 504 {-999.0 18.762524 17.263765 15.731893 -999.0} sdss_psfmag_ps1 18.100622 16.341816 15.078753 -999.0 63050396393397773 1151103185 dark_1x1 mwm_snc_100pc_boss_single mwm_snc science 0 0 0.0 0.0 -999 ""
FIBERMAP 1030 R-7C6 METROLOGY 0 0 0 1 0 0 -91.43466818464557 -136.28740568066354 143.1 106.8134169786824 -124.59199590927243 331.2003 143.11154 -999.0 -999.0 -999.0 -999.0 -999.0 247.27891148567033 -26.334570441073225 247.3504004319766 -26.39412488690411 86.26147918738162 46.18271361134941 -999.0 6231.0 -999.0 -1 -999 {-999.0 -999.0 -999.0 -999.0 -999.0} "" -999.0 -999.0 -999.0 -999.0 -999 -999 "" "" "" "" 0 0 0.0 0.0 -999 ""
FIBERMAP 1031 R+1C16 APOGEE 1 1 0 1 0 0 75.72856640855807 25.115560057531194 143.1 -3.9145407767619678 79.68527910326569 72.52579 46.762188 246.90625119161407 -25.714225016567966 -66.4665 -26.632133 4.62437 246.90606070745247 -25.714303249233858 246.97563391514484 -25.77490750881228 86.00265575760517 36.44769008888511 16000.0 16600.0 2016.0 2 114 {-999.0 14.533339 13.352584 12.739843 -999.0} sdss_psfmag_from_g3xp 14.097543 13.243139 12.3227625 10.256 63050396393520076 1034936004 bright_1x1 mwm_yso_pms_apogee_sagitta_edr3_single mwm_yso science 0 0 0.0 0.0 -999 ""
FIBERMAP 1031 R+1C16 BOSS 0 0 0 1 0 0 76.1249172031001 24.473031189226266 143.1 -3.189359674308035 79.89504406202826 72.52579 46.762188 -999.0 -999.0 -999.0 -999.0 -999.0 246.90851413194207 -25.71361316437443 246.97807629178942 -25.77422401263778 86.0008283743928 36.467795005493144 -999.0 5400.0 -999.0 1 198 {-999.0 -999.0 -999.0 -999.0 -999.0} "" -999.0 -999.0 -999.0 -999.0 -999 -999 "" "" "" "" 0 0 0.0 0.0 -999 ""
FIBERMAP 1031 R+1C16 METROLOGY 0 0 0 1 0 0 75.37565069405656 24.457154119012753 143.1 -3.374739081585595 79.16893165256405 72.52579 46.762188 -999.0 -999.0 -999.0 -999.0 -999.0 246.9078794925319 -25.715811300415655 246.97745067903156 -25.776419589694864 86.0029463912876 36.47937547532234 -999.0 6231.0 -999.0 -1 -999 {-999.0 -999.0 -999.0 -999.0 -999.0} "" -999.0 -999.0 -999.0 -999.0 -999 -999 "" "" "" "" 0 0 0.0 0.0 -999 ""
FIBERMAP 1033 R-9C16 APOGEE 1 1 0 1 0 0 155.14916789648836 -166.5218498639195 143.1 201.9843986455998 104.87469127924547 36.466324 122.01351 247.59789956453395 -25.638761605233228 -7.043743 -2.2899988 0.14020161 247.5978919282634 -25.63874507926586 247.66740324870636 -25.697718616540406 85.55690323263237 42.468296385640826 16000.0 16600.0 2016.0 2 208 {-999.0 16.43407 14.444688 13.3333235 -999.0} sdss_psfmag_from_g3xp 15.480334 13.98622 12.806644 9.576 63050396393528298 1156256813 bright_1x1 mwm_galactic_core_dist_apogee_extra mwm_galactic science 0 0 0.0 0.0 -999 ""
FIBERMAP 1033 R-9C16 BOSS 0 0 0 1 0 0 155.85099228195787 -166.79087253110922 143.1 202.431550408234 105.47879231348564 36.466324 122.01351 -999.0 -999.0 -999.0 -999.0 -999.0 247.59942547650695 -25.6368882311149 247.66891954606308 -25.695871199698406 85.5546123728795 42.46599548983636 -999.0 5400.0 -999.0 1 294 {-999.0 -999.0 -999.0 -999.0 -999.0} "" -999.0 -999.0 -999.0 -999.0 -999 -999 "" "" "" "" 0 0 0.0 0.0 -999 ""
FIBERMAP 1033 R-9C16 METROLOGY 0 0 0 1 0 0 155.27533477667728 -167.25708281862597 143.1 202.72652968886106 104.79932613481986 36.466324 122.01351 -999.0 -999.0 -999.0 -999.0 -999.0 247.60045530069317 -25.63892980933814 247.6699590476021 -25.697906185506316 85.55553551862663 42.49233287176486 -999.0 6231.0 -999.0 -1 -999 {-999.0 -999.0 -999.0 -999.0 -999.0} "" -999.0 -999.0 -999.0 -999.0 -999 -999 "" "" "" "" 0 0 0.0 0.0 -999 ""
FIBERMAP 1038 R+9C11 APOGEE 1 1 0 1 0 0 29.953234229744304 158.56852191950958 143.1 -144.74608747373966 71.3269535379297 281.36276 90.155304 246.43187065014453 -25.73798048363262 -3.925484 -5.8998904 0.053814776 246.43186439168315 -25.737988451903497 246.50139068028716 -25.7997136548589 86.25497374100685 31.327437631991643 16000.0 16600.0 2016.0 2 140 {-999.0 17.472681 15.365933 14.1462145 -999.0} sdss_psfmag_ps1 16.45846 14.699576 13.444483 9.982 63050396393517492 1154246073 bright_1x1 mwm_galactic_core_dist_apogee_sparse mwm_galactic science 0 0 0.0 0.0 -999 ""
FIBERMAP 1038 R+9C11 BOSS 0 0 0 1 0 0 29.22052784949887 158.40624284103484 143.1 -144.78598462981313 70.57758473811579 281.36276 90.155304 -999.0 -999.0 -999.0 -999.0 -999.0 246.43165396888762 -25.74021777520545 246.50117885744112 -25.801954984520503 86.25700444844053 31.342254914124226 -999.0 5400.0 -999.0 1 139 {-999.0 -999.0 -999.0 -999.0 -999.0} "" -999.0 -999.0 -999.0 -999.0 -999 -999 "" "" "" "" 0 0 0.0 0.0 -999 ""
FIBERMAP 1038 R+9C11 METROLOGY 0 0 0 1 0 0 29.45987176038371 159.1289848724658 143.1 -145.41818703924258 71.00174568943577 281.36276 90.155304 -999.0 -999.0 -999.0 -999.0 -999.0 246.42952021013485 -25.738917191770078 246.4990429929793 -25.800656388377536 86.25685461460967 31.306785791709103 -999.0 6231.0 -999.0 -1 -999 {-999.0 -999.0 -999.0 -999.0 -999.0} "" -999.0 -999.0 -999.0 -999.0 -999 -999 "" "" "" "" 0 0 0.0 0.0 -999 ""
FIBERMAP 1045 R+11C11 APOGEE 1 1 0 1 0 0 52.42694914419412 194.47737557846918 143.1 -173.32235219900872 102.59608457762918 303.9603 62.6831 246.33692489132125 -25.642833060828092 -5.833154 -6.3804674 0.15008307 246.33690138007606 -25.64285010562628 246.4061256583194 -25.704826281223795 86.21448719951582 29.47937560513128 16000.0 16600.0 2016.0 2 126 {-999.0 15.566831 13.698282 12.71781 -999.0} sdss_psfmag_from_g3xp 14.691947 13.348897 12.218383 9.186 63050396395018712 1153044970 bright_1x1 mwm_galactic_core_dist_apogee_sparse mwm_galactic science 0 0 0.0 0.0 -999 ""
FIBERMAP 1045 R+11C11 BOSS 0 0 0 1 0 0 51.6973769628845 194.37528944434735 143.1 -173.41940114856754 101.86585678565741 303.9603 62.6831 -999.0 -999.0 -999.0 -999.0 -999.0 246.33650936474496 -25.645017974427294 246.40573235595832 -25.70700695450108 86.21657226390786 29.490441093482957 -999.0 5400.0 -999.0 1 113 {-999.0 -999.0 -999.0 -999.0 -999.0} "" -999.0 -999.0 -999.0 -999.0 -999 -999 "" "" "" "" 0 0 0.0 0.0 -999 ""
FIBERMAP 1045 R+11C11 METROLOGY 0 0 0 1 0 0 51.966593121688746 195.0574179941274 143.1 -174.00447495278823 102.30791983512415 303.9603 62.6831 -999.0 -999.0 -999.0 -999.0 -999.0 246.33453440771268 -25.64366039589637 246.40375507474425 -25.705650898925374 86.21623157029383 29.456906532331914 -999.0 6231.0 -999.0 -1 -999 {-999.0 -999.0 -999.0 -999.0 -999.0} "" -999.0 -999.0 -999.0 -999.0 -999 -999 "" "" "" "" 0 0 0.0 0.0 -999 ""
FIBERMAP 1047 R+10C15 APOGEE 1 1 0 1 0 0 121.9178271725583 190.69991420113374 143.1 -151.07134935334736 168.5334299667612 194.52417 118.78537 246.4134629462917 -25.443841090420456 -3.9102294 -3.1362786 0.16518617 246.41343836292185 -25.443841920049106 246.48210120569445 -25.505690202245127 86.0066467440498 28.978882629048428 16000.0 16600.0 2016.0 2 77 {-999.0 18.308441 16.012463 14.918769 -999.0} sdss_psfmag_ps1 17.107632 15.506766 14.292078 10.867 63050396395024928 1154246377 bright_1x1 mwm_galactic_core_dist_apogee_sparse mwm_galactic science 0 0 0.0 0.0 -999 ""
FIBERMAP 1047 R+10C15 BOSS 0 0 0 1 0 0 121.39296992365121 191.2146359403421 143.1 -151.7078160470995 168.16562849560256 194.52417 118.78537 -999.0 -999.0 -999.0 -999.0 -999.0 246.41127725525462 -25.444902899984786 246.47993487887948 -25.506769239575586 86.00851714549268 28.96135828182048 -999.0 5400.0 -999.0 1 236 {-999.0 -999.0 -999.0 -999.0 -999.0} "" -999.0 -999.0 -999.0 -999.0 -999 -999 "" "" "" "" 0 0 0.0 0.0 -999 ""
FIBERMAP 1047 R+10C15 METROLOGY 0 0 0 1 0 0 122.13095596431587 191.41416945738249 143.1 -151.70239659856048 168.93006167842972 194.52417 118.78537 -999.0 -999.0 -999.0 -999.0 -999.0 246.41129142038713 -25.442573112574202 246.47994446715222 -25.504436308142118 86.00645270827015 28.94575179035644 -999.0 6231.0 -999.0 -1 -999 {-999.0 -999.0 -999.0 -999.0 -999.0} "" -999.0 -999.0 -999.0 -999.0 -999 -999 "" "" "" "" 0 0 0.0 0.0 -999 ""
FIBERMAP 1048 R-5C8 APOGEE 0 0 0 1 0 0 -89.25855521345929 -80.01715158359666 143.1 53.184226989522614 -107.42464191126959 173.74979 54.784416 -999.0 -999.0 -999.0 -999.0 -999.0 247.0975863524793 -26.28260006910531 247.16888414570735 -26.342594191674902 86.3364330616659 43.80828487279223 -999.0 16600.0 -999.0 2 -999 {-999.0 -999.0 -999.0 -999.0 -999.0} "" -999.0 -999.0 -999.0 -999.0 -999 -999 "" "" "" "" 0 0 0.0 0.0 -999 ""
FIBERMAP 1048 R-5C8 BOSS 1 1 0 1 0 0 -88.7530188041571 -79.45468205346167 143.1 52.77772890501828 -106.78695088784765 173.74979 54.784416 247.09625244140622 -26.28071169046416 -999.0 -999.0 -999.0 247.0962559834911 -26.280712002157987 247.16753749576492 -26.34071994091286 86.3358656674996 43.77454985787938 5400.0 5400.0 2015.5 1 481 {-999.0 -999.0 -999.0 -999.0 -999.0} "" -999.0 -999.0 -999.0 -999.0 27021603175506976 814889712 "" ops_sky_boss_good ops_sky sky_boss 0 0 0.0 0.0 -999 ""
FIBERMAP 1048 R-5C8 METROLOGY 0 0 0 1 0 0 -88.52472727555121 -80.16204731970262 143.1 53.520363597060246 -106.75646307785276 173.74979 54.784416 -999.0 -999.0 -999.0 -999.0 -999.0 247.0987724058546 -26.280634628408052 247.17005723597958 -26.34063371525897 86.3342773052839 43.79969590715115 -999.0 6231.0 -999.0 -1 -999 {-999.0 -999.0 -999.0 -999.0 -999.0} "" -999.0 -999.0 -999.0 -999.0 -999 -999 "" "" "" "" 0 0 0.0 0.0 -999 ""
FIBERMAP 1050 R+12C14 APOGEE 1 1 0 1 0 0 136.61377915777294 247.0861597377334 143.1 -201.4591049186676 197.79374195179142 91.90644 105.75355 246.24640434634347 -25.355106529178535 -8.971362 -25.547117 7.3744497 246.24635620894426 -25.355166953637337 246.3147200598819 -25.41743536169976 85.995957285708 26.473726493480854 16000.0 16600.0 2016.0 2 56 {-999.0 8.7354765 8.530787 8.400211 -999.0} sdss_psfmag_from_g3xp 8.723327 8.529669 8.057674 7.22 63050396395027230 975299960 "" ops_std_apogee ops_std standard_apogee 0 0 0.0 0.0 -999 ""
FIBERMAP 1050 R+12C14 BOSS 0 0 0 1 0 0 137.32385068171402 247.31264335141688 143.1 -201.48712612726712 198.53849969975514 91.90644 105.75355 -999.0 -999.0 -999.0 -999.0 -999.0 246.24632000488376 -25.35292953349929 246.31467017487 -25.415212180907428 85.99397116747873 26.45940963668255 -999.0 5400.0 -999.0 1 93 {-999.0 -999.0 -999.0 -999.0 -999.0} "" -999.0 -999.0 -999.0 -999.0 -999 -999 "" "" "" "" 0 0 0.0 0.0 -999 ""
FIBERMAP 1050 R+12C14 METROLOGY 0 0 0 1 0 0 137.15677105690537 246.56910800249725 143.1 -200.81553645912905 198.1783907074622 91.90644 105.75355 -999.0 -999.0 -999.0 -999.0 -999.0 246.24849372148304 -25.353981995034324 246.31684951176794 -25.41625536439008 85.99406254359268 26.491271348527107 -999.0 6231.0 -999.0 -1 -999 {-999.0 -999.0 -999.0 -999.0 -999.0} "" -999.0 -999.0 -999.0 -999.0 -999 -999 "" "" "" "" 0 0 0.0 0.0 -999 ""
FIBERMAP 1052 R-8C18 APOGEE 0 0 0 1 0 0 164.40594849743664 -150.26083174748354 143.1 188.7974108504513 118.14806167186384 180.81795 95.62707 -999.0 -999.0 -999.0 -999.0 -999.0 247.55358559860025 -25.598600602282296 247.6229688064442 -25.657691000158813 85.55255734805064 41.73991881262191 -999.0 16600.0 -999.0 2 -999 {-999.0 -999.0 -999.0 -999.0 -999.0} "" -999.0 -999.0 -999.0 -999.0 -999 -999 "" "" "" "" 0 0 0.0 0.0 -999 ""
FIBERMAP 1052 R-8C18 BOSS 1 1 0 1 0 0 164.3161513122993 -149.49569471648772 143.1 188.03621043332055 118.26647538744756 180.81795 95.62707 247.551080681539 -25.598205007093977 -1.162549 -6.780697 0.7295555 247.5510897597964 -25.598206259535566 247.62045930553268 -25.657315469091508 85.55373123896986 41.71451393686846 5400.0 5400.0 2016.0 1 275 {-999.0 17.141033 16.09742 15.554553 15.116062} sdss_psfmag_from_ps1dr2 16.7261 16.0409 15.1369 13.417 63050396393528622 1040595698 "" ops_std_boss_ps1dr2 ops_std standard_boss 0 0 0.0 0.0 -999 ""
FIBERMAP 1052 R-8C18 METROLOGY 0 0 0 1 0 0 164.99949736104134 -149.8056417175953 143.1 188.51784056662882 118.84181323312806 180.81795 95.62707 -999.0 -999.0 -999.0 -999.0 -999.0 247.55271967594578 -25.59645277156127 247.62208780622598 -25.655554954615702 85.55143907287005 41.714315466031394 -999.0 6231.0 -999.0 -1 -999 {-999.0 -999.0 -999.0 -999.0 -999.0} "" -999.0 -999.0 -999.0 -999.0 -999 -999 "" "" "" "" 0 0 0.0 0.0 -999 ""
FIBERMAP 1055 R+1C11 APOGEE 0 0 0 1 0 0 -37.573727762496844 22.97239022196843 143.1 -32.19546847311645 -30.04668156103134 53.538544 68.0638 -999.0 -999.0 -999.0 -999.0 -999.0 246.8094405977861 -26.04722641107963 246.8799701569436 -26.10797070210877 86.32226609542435 38.35002735607384 -999.0 16600.0 -999.0 2 21 {-999.0 -999.0 -999.0 -999.0 -999.0} "" -999.0 -999.0 -999.0 -999.0 -999 -999 "" "" "" "" 0 0 0.0 0.0 -999 ""
FIBERMAP 1055 R+1C11 BOSS 1 1 0 1 0 0 -37.16185033897488 22.328793404319853 143.1 -31.465099994012117 -29.82224393014588 53.538544 68.0638 246.8118930986439 -26.04654912104834 -0.8440516 -2.6372457 -0.20990337 246.81189866219637 -26.04656077679316 246.8824175836363 -26.107310384120467 86.32041177284707 38.37109684882262 5400.0 5400.0 2016.0 1 31 {-999.0 20.15716 19.794329 19.489134 19.19929} sdss_psfmag_from_gdr3 19.992207 20.033592 18.973574 -999.0 63050396393488571 1059774291 dark_flexible_2x1 bhm_spiders_agn_gaiadr3 bhm_spiders science 0 0 0.0 0.0 -999 ""
FIBERMAP 1055 R+1C11 METROLOGY 0 0 0 1 0 0 -37.9155480093956 22.314582394309955 143.1 -31.65327131690504 -30.552179199081912 53.538544 68.0638 -999.0 -999.0 -999.0 -999.0 -999.0 246.81124865952054 -26.04878140272936 246.8817766055172 -26.10952883753366 86.322526813106 38.38485734852907 -999.0 6231.0 -999.0 -1 -999 {-999.0 -999.0 -999.0 -999.0 -999.0} "" -999.0 -999.0 -999.0 -999.0 -999 -999 "" "" "" "" 0 0 0.0 0.0 -999 ""
FIBERMAP 1059 R+3C13 APOGEE 1 1 0 1 0 0 21.62058664866801 45.58727301310133 143.1 -38.129162702456554 33.039375189841934 334.09085 91.4079 246.79019707380678 -25.85556415618317 -15.620164 -5.979691 5.4213285 246.79016185834072 -25.855575127622263 246.86012205444877 -25.91641708344294 86.17821602821006 36.39974376917189 16000.0 16600.0 2016.0 2 125 {-999.0 15.149047 13.898986 13.27631 -999.0} sdss_psfmag_from_g3xp 14.674618 13.792334 12.859199 10.707 63050396393518263 975299402 "" ops_std_apogee ops_std standard_apogee 0 0 0.0 0.0 -999 ""
FIBERMAP 1059 R+3C13 BOSS 0 0 0 1 0 0 21.314620852005802 44.908494366259816 143.1 -37.55715890930723 32.56280392297158 334.09085 91.4079 -999.0 -999.0 -999.0 -999.0 -999.0 246.7920687981175 -25.856995953869635 246.86202444341416 -25.917844684789 86.17839422430484 36.43307022401291 -999.0 5400.0 -999.0 1 111 {-999.0 -999.0 -999.0 -999.0 -999.0} "" -999.0 -999.0 -999.0 -999.0 -999 -999 "" "" "" "" 0 0 0.0 0.0 -999 ""
FIBERMAP 1059 R+3C13 METROLOGY 0 0 0 1 0 0 20.880730081864975 45.518550291443375 143.1 -38.26110917005174 32.308174900167096 334.09085 91.4079 -999.0 -999.0 -999.0 -999.0 -999.0 246.789683625114 -25.85776243915153 246.85964355185683 -25.918613321653048 86.18025805907523 36.41348807349971 -999.0 6231.0 -999.0 -1 -999 {-999.0 -999.0 -999.0 -999.0 -999.0} "" -999.0 -999.0 -999.0 -999.0 -999 -999 "" "" "" "" 0 0 0.0 0.0 -999 ""
FIBERMAP 1061 R+9C10 APOGEE 1 1 0 1 0 0 14.720000673288487 189.93147647977403 143.1 -179.0417676371728 65.0508434809327 96.38835 96.63648 246.3166246635483 -25.756418358164225 -2.2596908 -6.0926213 0.08762289 246.3166157350654 -25.756435713772913 246.38616695105702 -25.81842937640679 86.32267700720338 30.079245813532395 16000.0 16600.0 2016.0 2 136 {-999.0 15.665899 13.939922 13.06988 -999.0} sdss_psfmag_from_g3xp 14.889019 13.680981 12.603027 9.768 63050396393517246 1156256783 bright_1x1 mwm_galactic_core_dist_apogee_extra mwm_galactic science 0 0 0.0 0.0 -999 ""
FIBERMAP 1061 R+9C10 BOSS 0 0 0 1 0 0 15.442420465161817 190.107660061124 143.1 -179.01802144177722 65.79402598925499 96.38835 96.63648 -999.0 -999.0 -999.0 -999.0 -999.0 246.31666294541162 -25.754152109933962 246.3862000361231 -25.81615832446568 86.32067866918318 30.06242011193865 -999.0 5400.0 -999.0 1 131 {-999.0 -999.0 -999.0 -999.0 -999.0} "" -999.0 -999.0 -999.0 -999.0 -999 -999 "" "" "" "" 0 0 0.0 0.0 -999 ""
FIBERMAP 1061 R+9C10 METROLOGY 0 0 0 1 0 0 15.24832264553298 189.39937757732315 143.1 -178.38763144153157 65.41732882555736 96.38835 96.63648 -999.0 -999.0 -999.0 -999.0 -999.0 246.3187363296385 -25.755298669823215 246.38827940821636 -25.817296240606233 86.32076122567027 30.096532141762168 -999.0 6231.0 -999.0 -1 -999 {-999.0 -999.0 -999.0 -999.0 -999.0} "" -999.0 -999.0 -999.0 -999.0 -999 -999 "" "" "" "" 0 0 0.0 0.0 -999 ""
FIBERMAP 1062 R-12C6 APOGEE 0 0 0 1 0 0 -57.89672286295223 -222.6729669947604 143.1 199.02164644905002 -115.41739979996923 167.86075 89.358826 -999.0 -999.0 -999.0 -999.0 -999.0 247.58973003856406 -26.305790521213456 247.661215948458 -26.364602643239884 86.0406354492693 48.748502921222325 -999.0 16600.0 -999.0 2 -999 {-999.0 -999.0 -999.0 -999.0 -999.0} "" -999.0 -999.0 -999.0 -999.0 -999 -999 "" "" "" "" 0 0 0.0 0.0 -999 ""
FIBERMAP 1062 R-12C6 BOSS 1 1 0 1 0 0 -57.72453734918162 -221.96205942935524 143.1 198.38285862309144 -115.06111036580273 167.86075 89.358826 247.5873597371698 -26.304663759556956 -5.902926 -23.755735 0.6122723 247.58763042964472 -26.30473173429699 247.6591005377869 -26.36355925625345 86.04131686953552 48.71876075982766 5400.0 5400.0 2016.0 1 365 {-999.0 15.666703 14.764394 14.3499155 -999.0} sdss_psfmag_from_g3xp 15.38045 14.751421 13.977483 -999.0 63050396393394927 1074167942 dark_flexible_2x1 mwm_halo_local_high_boss mwm_halo science 0 0 0.9350218772888184 0.0 -999 ""
FIBERMAP 1062 R-12C6 METROLOGY 0 0 0 1 0 0 -57.18175215848056 -222.4531600145633 143.1 199.00136980345346 -114.6697102721594 167.86075 89.358826 -999.0 -999.0 -999.0 -999.0 -999.0 247.58974200053902 -26.303559700472096 247.66121255330438 -26.362379631859195 86.0391270609843 48.72485813264609 -999.0 6231.0 -999.0 -1 -999 {-999.0 -999.0 -999.0 -999.0 -999.0} "" -999.0 -999.0 -999.0 -999.0 -999 -999 "" "" "" "" 0 0 0.0 0.0 -999 ""
FIBERMAP 1065 R-10C5 APOGEE 0 0 0 1 0 0 -103.60697819989097 -188.63803227776873 143.1 153.98907323573144 -150.34011684755427 174.19539 101.739784 -999.0 -999.0 -999.0 -999.0 -999.0 247.43798965181833 -26.411969287153866 247.50975579223154 -26.471115550258315 86.21251426535164 48.53813016763138 -999.0 16600.0 -999.0 2 -999 {-999.0 -999.0 -999.0 -999.0 -999.0} "" -999.0 -999.0 -999.0 -999.0 -999 -999 "" "" "" "" 0 0 0.0 0.0 -999 ""
FIBERMAP 1065 R-10C5 BOSS 1 1 0 1 0 0 -103.67929068680093 -187.91357505580507 143.1 153.2717475729174 -150.21575323982483 174.19539 101.739784 247.43565599439714 -26.411558723033224 -10.338506 -21.650787 6.80885 247.43562031481522 -26.411625769490225 247.50737325363036 -26.470787462659 86.21385177141248 48.51249089624548 5400.0 5400.0 2016.0 1 423 {-999.0 18.930725 17.479895 15.648225 -999.0} sdss_psfmag_ps1 18.29161 16.336327 14.97729 nan 63050396393390934 1034863523 bright_1x1 mwm_yso_cluster_boss_single mwm_yso science 0 0 0.0 0.0 -999 ""
FIBERMAP 1065 R-10C5 METROLOGY 0 0 0 1 0 0 -103.00212364974246 -188.19797638363625 143.1 153.72711151295013 -149.6395265049498 174.19539 101.739784 -999.0 -999.0 -999.0 -999.0 -999.0 247.43718140687182 -26.40990444468499 247.50893287375573 -26.469060135903312 86.21165286577528 48.50776038727912 -999.0 6231.0 -999.0 -1 -999 {-999.0 -999.0 -999.0 -999.0 -999.0} "" -999.0 -999.0 -999.0 -999.0 -999 -999 "" "" "" "" 0 0 0.0 0.0 -999 ""
FIBERMAP 1066 R-11C10 APOGEE 0 0 0 1 0 0 28.530616094881086 -197.89553043291846 143.1 198.2983090922949 -25.5152441545326 131.42549 91.42428 -999.0 -999.0 -999.0 -999.0 -999.0 247.58704532440387 -26.033647552528397 247.65772149082875 -26.092539908018715 85.8531988806668 45.95719517219328 -999.0 16600.0 -999.0 2 175 {-999.0 -999.0 -999.0 -999.0 -999.0} "" -999.0 -999.0 -999.0 -999.0 -999 -999 "" "" "" "" 0 0 0.0 0.0 -999 ""
FIBERMAP 1066 R-11C10 BOSS 1 1 0 1 0 0 29.04197443356077 -197.35823922430387 143.1 197.91762764899158 -24.878687653695685 131.42549 91.42428 247.58582246415872 -26.03173310797454 4.2685175 -1.6977187 0.31889647 247.58583687412323 -26.03171803673445 247.6564949240476 -26.090624919377614 85.85260166459511 45.92778366087782 5400.0 5400.0 2016.0 1 417 {-999.0 17.43003 16.674593 16.313433 16.064846} sdss_psfmag_from_ps1dr2 17.1322 16.6467 15.8585 14.559 63050396393403378 1040595561 "" ops_std_boss_ps1dr2 ops_std standard_boss 0 0 0.0 0.0 -999 ""
FIBERMAP 1066 R-11C10 METROLOGY 0 0 0 1 0 0 29.251385059923415 -198.086714973931 143.1 198.6755437873838 -24.8720441376859 131.42549 91.42428 -999.0 -999.0 -999.0 -999.0 -999.0 247.58840823244626 -26.031697448167904 247.65907024268972 -26.09059503553787 85.85096197128186 45.95033778462289 -999.0 6231.0 -999.0 -1 -999 {-999.0 -999.0 -999.0 -999.0 -999.0} "" -999.0 -999.0 -999.0 -999.0 -999 -999 "" "" "" "" 0 0 0.0 0.0 -999 ""
FIBERMAP 1067 R+3C14 APOGEE 1 0 1 1 0 0 34.36244494565791 65.99879786566788 143.1 -54.38143434874655 50.781975593677195 9.734155 170.33316 246.8134028107324 -25.805710018098736 0.0026686615 -4.316001 1.0402569 246.73559012466927 -25.801531311619538 246.80537809654243 -25.86251769741626 86.16196026515223 35.334091265718826 16000.0 16600.0 2016.0 2 122 {-999.0 14.664823 13.637473 13.0694475 -999.0} sdss_psfmag_from_g3xp 14.309007 13.539234 12.662062 10.817 63050396393518420 975299392 "" ops_std_apogee ops_std standard_apogee 0 0 0.0 0.0 -999 ""
FIBERMAP 1067 R+3C14 BOSS 0 0 1 1 0 0 35.09143012461676 65.9039118232117 143.1 -54.0947752291612 51.4588828801466 9.734155 170.33316 -999.0 -999.0 -999.0 -999.0 -999.0 246.73653956023594 -25.79943692061774 246.80631262397605 -25.860433522251945 86.15976375496304 35.326986363458104 -999.0 5400.0 -999.0 1 102 {-999.0 -999.0 -999.0 -999.0 -999.0} "" -999.0 -999.0 -999.0 -999.0 -999 -999 "" "" "" "" 0 0 0.0 0.0 -999 ""
FIBERMAP 1067 R+3C14 METROLOGY 0 0 1 1 0 0 34.65123503996691 65.30236460958358 143.1 -53.63312849388668 50.87367698638422 9.734155 170.33316 -999.0 -999.0 -999.0 -999.0 -999.0 246.73807975997627 -25.801217569105138 246.8078609749649 -25.86220664678362 86.1604469221579 35.359077057024535 -999.0 6231.0 -999.0 -1 -999 {-999.0 -999.0 -999.0 -999.0 -999.0} "" -999.0 -999.0 -999.0 -999.0 -999 -999 "" "" "" "" 0 0 0.0 0.0 -999 ""
FIBERMAP 1072 R-5C17 APOGEE 0 0 0 1 0 0 132.50768969409478 -98.9688762594212 143.1 130.83830022509207 101.15407057747232 310.31195 149.06435 -999.0 -999.0 -999.0 -999.0 -999.0 247.35957156986262 -25.649916147458775 247.42906187181882 -25.709456300526874 85.70385784199402 40.406686438034626 -999.0 16600.0 -999.0 2 -999 {-999.0 -999.0 -999.0 -999.0 -999.0} "" -999.0 -999.0 -999.0 -999.0 -999 -999 "" "" "" "" 0 0 0.0 0.0 -999 ""
FIBERMAP 1072 R-5C17 BOSS 1 1 0 1 0 0 132.64578128464623 -99.68305831034944 143.1 131.56334414841038 101.09583201949725 310.31195 149.06435 247.36182609742912 -25.650045055338126 -11.519488 -5.14752 0.15235089 247.3620745808908 -25.650042193919667 247.43155456753357 -25.70958885781983 85.702547527455 40.431096759862214 5400.0 5400.0 2016.0 1 296 {-999.0 16.645437 15.267947 14.548583 -999.0} sdss_psfmag_ps1 16.06408 15.062675 14.062014 11.621 63050396393529900 1061906434 dark_flexible_2x1 manual_mwm_halo_vmp_wise_boss mwm_halo science 0 0 0.8805994987487793 0.0 -999 ""
FIBERMAP 1072 R-5C17 METROLOGY 0 0 0 1 0 0 131.9324618469692 -99.44700923327613 143.1 131.14488116272722 100.47182509303735 310.31195 149.06435 -999.0 -999.0 -999.0 -999.0 -999.0 247.36068911890922 -25.65192245451349 247.43017751424475 -25.71146836378924 85.70478894753208 40.43402029451295 -999.0 6231.0 -999.0 -1 -999 {-999.0 -999.0 -999.0 -999.0 -999.0} "" -999.0 -999.0 -999.0 -999.0 -999 -999 "" "" "" "" 0 0 0.0 0.0 -999 ""
FIBERMAP 1073 R+13C13 APOGEE 1 1 0 1 0 0 117.51661055726059 271.4007342244921 143.1 -229.99909464912793 185.90726608297638 157.67427 54.128765 246.1509548701223 -25.390630594467943 -10.733881 -21.114992 6.5119143 246.15089963241266 -25.390658812681682 246.21934287628062 -25.453143805103476 86.06487470120304 25.566472116805755 16000.0 16600.0 2016.0 2 58 {-999.0 21.703936 19.540972 17.207993 -999.0} sdss_psfmag_ps1 20.504435 17.775589 16.295683 12.617 63050396395023822 1034958772 bright_1x1 mwm_yso_pms_apogee_sagitta_edr3_single mwm_yso science 0 0 0.0 0.0 -999 ""
FIBERMAP 1073 R+13C13 BOSS 0 0 0 1 0 0 118.10564519052662 271.8203183157386 143.1 -230.24557042218441 186.58713221066708 157.67427 54.128765 -999.0 -999.0 -999.0 -999.0 -999.0 246.15015698895314 -25.388626334935413 246.2185873186114 -25.451127044101483 86.06332741841106 25.54516657213202 -999.0 5400.0 -999.0 1 96 {-999.0 -999.0 -999.0 -999.0 -999.0} "" -999.0 -999.0 -999.0 -999.0 -999 -999 "" "" "" "" 0 0 0.0 0.0 -999 ""
FIBERMAP 1073 R+13C13 METROLOGY 0 0 0 1 0 0 118.18569548477319 271.06312907780494 143.1 -229.49463759173952 186.4614567771205 157.67427 54.128765 -999.0 -999.0 -999.0 -999.0 -999.0 246.15259061623854 -25.388975096211638 246.22102449404656 -25.45146614650265 86.06271592019502 25.57634971807198 -999.0 6231.0 -999.0 -1 -999 {-999.0 -999.0 -999.0 -999.0 -999.0} "" -999.0 -999.0 -999.0 -999.0 -999 -999 "" "" "" "" 0 0 0.0 0.0 -999 ""
FIBERMAP 1075 R-7C7 APOGEE 1 1 0 1 0 0 -86.78231355173642 -129.93451891467632 143.1 101.93894238837069 -118.40832276391508 117.44253 140.90868 247.26242065429688 -26.315818793231884 -999.0 -999.0 -999.0 247.26239951434417 -26.31581507699002 247.3338365275266 -26.37540690160682 86.25857227776804 45.81924492077326 16000.0 16600.0 2015.5 2 267 {-999.0 -999.0 -999.0 -999.0 -999.0} "" -999.0 -999.0 -999.0 -999.0 27021603175505155 845949397 "" ops_sky_apogee_best ops_sky sky_apogee 0 0 0.0 0.0 -999 ""
FIBERMAP 1075 R-7C7 BOSS 0 0 0 1 0 0 -86.63373119016835 -129.21281782479 143.1 101.28343421804973 -118.07188230776244 117.44253 140.90868 -999.0 -999.0 -999.0 -999.0 -999.0 247.26024471630743 -26.314839169768053 247.33166735037037 -26.374446422794737 86.2592461757798 45.78766745900964 -999.0 5400.0 -999.0 1 362 {-999.0 -999.0 -999.0 -999.0 -999.0} "" -999.0 -999.0 -999.0 -999.0 -999 -999 "" "" "" "" 0 0 0.0 0.0 -999 ""
FIBERMAP 1075 R-7C7 METROLOGY 0 0 0 1 0 0 -86.07637782850964 -129.6855027076782 143.1 101.88810508723627 -117.66151464367925 117.44253 140.90868 -999.0 -999.0 -999.0 -999.0 -999.0 247.2623005975356 -26.31361038580473 247.33372317705062 -26.373210226816447 86.25707427994256 45.79457889679833 -999.0 6231.0 -999.0 -1 -999 {-999.0 -999.0 -999.0 -999.0 -999.0} "" -999.0 -999.0 -999.0 -999.0 -999 -999 "" "" "" "" 0 0 0.0 0.0 -999 ""
FIBERMAP 1076 R-13C6 APOGEE 1 1 0 1 0 0 -27.585009905157186 -244.97050948668655 143.1 228.62196923344658 -92.18636103526912 15.390456 147.88147 247.68912933102175 -26.23504281438534 -5.250806 -2.851868 0.12011648 247.6890941030064 -26.23506578058176 247.76039264604537 -26.293659250245014 85.92720764047648 48.86643728081998 16000.0 16600.0 2016.0 2 263 {-999.0 15.443138 13.835576 12.949191 -999.0} sdss_psfmag_from_g3xp 14.742604 13.571459 12.503013 9.839 63050396393395992 1153043253 bright_1x1 mwm_galactic_core_dist_apogee_sparse mwm_galactic science 0 0 0.0 0.0 -999 ""
FIBERMAP 1076 R-13C6 BOSS 0 0 0 1 0 0 -26.85352938180512 -245.18959878466777 143.1 229.02895686567516 -91.54031498352221 15.390456 147.88147 -999.0 -999.0 -999.0 -999.0 -999.0 247.6904914218798 -26.23310289948165 247.7617719258717 -26.29170392404536 85.9249725563811 48.858028881855205 -999.0 5400.0 -999.0 1 357 {-999.0 -999.0 -999.0 -999.0 -999.0} "" -999.0 -999.0 -999.0 -999.0 -999 -999 "" "" "" "" 0 0 0.0 0.0 -999 ""
FIBERMAP 1076 R-13C6 METROLOGY 0 0 0 1 0 0 -27.40864214465206 -245.7072342749254 143.1 229.37898282283723 -92.2137610894578 15.390456 147.88147 -999.0 -999.0 -999.0 -999.0 -999.0 247.69170701395552 -26.235151475784207 247.7629974473016 -26.293746090330995 85.92555060766558 48.88963386803516 -999.0 6231.0 -999.0 -1 -999 {-999.0 -999.0 -999.0 -999.0 -999.0} "" -999.0 -999.0 -999.0 -999.0 -999 -999 "" "" "" "" 0 0 0.0 0.0 -999 ""
FIBERMAP 1077 R-13C11 APOGEE 1 1 0 1 0 0 72.01844433964439 -239.71602168394458 143.1 250.2364293539781 5.181134783058382 125.656044 109.21956 247.76069384975568 -25.9401637895069 -4.5238967 -1.9754204 0.37590075 247.76067854963938 -25.94016711112131 247.83111722229 -25.998669197064096 85.67690508343549 46.56317435720024 16000.0 16600.0 2016.0 2 159 {-999.0 14.318066 12.871289 12.201305 -999.0} sdss_psfmag_from_g3xp 13.724946 12.7511635 11.7756405 9.384 63050396393455171 1153043266 bright_1x1 mwm_galactic_core_dist_apogee_sparse mwm_galactic science 0 0 0.0 0.0 -999 ""
FIBERMAP 1077 R-13C11 BOSS 0 0 0 1 0 0 72.4493805866384 -239.08449029835626 143.1 249.7434154083537 5.765451154221982 125.656044 109.21956 -999.0 -999.0 -999.0 -999.0 -999.0 247.75905651964237 -25.938392368558347 247.8294768270913 -25.99691030191998 85.67670132134398 46.532848215649096 -999.0 5400.0 -999.0 1 351 {-999.0 -999.0 -999.0 -999.0 -999.0} "" -999.0 -999.0 -999.0 -999.0 -999 -999 "" "" "" "" 0 0 0.0 0.0 -999 ""
FIBERMAP 1077 R-13C11 METROLOGY 0 0 0 1 0 0 72.76311632335563 -239.7833335394443 143.1 250.50072427730493 5.8805402697549445 125.656044 109.21956 -999.0 -999.0 -999.0 -999.0 -999.0 247.76162900907906 -25.938037962108663 247.83205244977387 -25.99654657807051 85.67480888220376 46.551178676536836 -999.0 6231.0 -999.0 -1 -999 {-999.0 -999.0 -999.0 -999.0 -999.0} "" -999.0 -999.0 -999.0 -999.0 -999 -999 "" "" "" "" 0 0 0.0 0.0 -999 ""
FIBERMAP 1079 R+9C17 APOGEE 0 0 0 1 0 0 177.9971317642342 186.59435057003176 143.1 -132.09626149533906 221.4618909946802 68.25144 97.81188 -999.0 -999.0 -999.0 -999.0 -999.0 246.47852115995454 -25.28453394844117 246.54673636437644 -25.346270763468056 85.8384108085636 28.65847661413744 -999.0 16600.0 -999.0 2 -999 {-999.0 -999.0 -999.0 -999.0 -999.0} "" -999.0 -999.0 -999.0 -999.0 -999 -999 "" "" "" "" 0 0 0.0 0.0 -999 ""
FIBERMAP 1079 R+9C17 BOSS 1 1 0 1 0 0 178.69307192182345 186.4542431318651 143.1 -131.7748855088987 222.09485034359233 68.25144 97.81188 246.4796447753906 -25.282603043311994 -999.0 -999.0 -999.0 246.47961742705402 -25.282611526239354 246.54781929196588 -25.344360088221954 85.8362641544998 28.658204705872265 5400.0 5400.0 2015.5 1 251 {-999.0 -999.0 -999.0 -999.0 -999.0} "" -999.0 -999.0 -999.0 -999.0 27021603175551439 823842900 "" ops_sky_boss_good ops_sky sky_boss 0 0 0.0 0.0 -999 ""
FIBERMAP 1079 R+9C17 METROLOGY 0 0 0 1 0 0 178.21377308611042 185.87841429182552 143.1 -131.34848956918768 221.47885916526573 68.25144 97.81188 -999.0 -999.0 -999.0 -999.0 -999.0 246.48099313889676 -25.284430474761308 246.54920288814003 -25.34617135608759 85.83728788442241 28.68504271853527 -999.0 6231.0 -999.0 -1 -999 {-999.0 -999.0 -999.0 -999.0 -999.0} "" -999.0 -999.0 -999.0 -999.0 -999 -999 "" "" "" "" 0 0 0.0 0.0 -999 ""
FIBERMAP 1082 R-2C22 APOGEE 0 0 0 1 0 0 222.44045264596932 -40.41466611510258 143.1 98.51252232905482 203.4798487710703 52.302395 46.05908 -999.0 -999.0 -999.0 -999.0 -999.0 247.25041505671172 -25.340513363204586 247.31897310843829 -25.400397945865105 85.51799559053457 36.92758778546954 -999.0 16600.0 -999.0 2 -999 {-999.0 -999.0 -999.0 -999.0 -999.0} "" -999.0 -999.0 -999.0 -999.0 -999 -999 "" "" "" "" 0 0 0.0 0.0 -999 ""
FIBERMAP 1082 R-2C22 BOSS 1 1 0 1 0 0 222.57361390022615 -41.12051253409182 143.1 99.22821502883679 203.41909274594198 52.302395 46.05908 247.25280761718747 -25.340629695676938 -999.0 -999.0 -999.0 247.25284052927705 -25.340653054961876 247.3213887024957 -25.40054548695909 85.51684610103322 36.95139435415274 5400.0 5400.0 2015.5 1 311 {-999.0 -999.0 -999.0 -999.0 -999.0} "" -999.0 -999.0 -999.0 -999.0 27021603175509277 823838570 "" ops_sky_boss_good ops_sky sky_boss 0 0 0.0 0.0 -999 ""
FIBERMAP 1082 R-2C22 METROLOGY 0 0 0 1 0 0 221.86303009182328 -40.890146304763064 143.1 98.81595970780178 202.796199351022 52.302395 46.05908 -999.0 -999.0 -999.0 -999.0 -999.0 247.25147988462325 -25.342498458345663 247.32003622138586 -25.402389756795625 85.51905689159129 36.952414723300876 -999.0 6231.0 -999.0 -1 -999 {-999.0 -999.0 -999.0 -999.0 -999.0} "" -999.0 -999.0 -999.0 -999.0 -999 -999 "" "" "" "" 0 0 0.0 0.0 -999 ""
FIBERMAP 1084 R-6C17 APOGEE 1 1 0 1 0 0 150.51776325437487 -123.0057144865379 143.1 158.81955644792615 112.06760083099878 7.98685 80.35843 247.45330810546875 -25.616961426855198 -999.0 -999.0 -999.0 247.45331834898192 -25.616940980828083 247.52273297131183 -25.676266102554866 85.62474168360505 40.99340345668685 16000.0 16600.0 2015.5 2 209 {-999.0 -999.0 -999.0 -999.0 -999.0} "" -999.0 -999.0 -999.0 -999.0 27021603175508581 845949931 "" ops_sky_apogee_best ops_sky sky_apogee 0 0 0.0 0.0 -999 ""
FIBERMAP 1084 R-6C17 BOSS 0 0 0 1 0 0 150.5524408202013 -123.75066364848328 143.1 159.54654475768697 111.90149055361012 7.98685 80.35843 -999.0 -999.0 -999.0 -999.0 -999.0 247.45582010778395 -25.61739943462146 247.52522504702995 -25.67673110803386 85.62367034147182 41.01998405772906 -999.0 5400.0 -999.0 1 295 {-999.0 -999.0 -999.0 -999.0 -999.0} "" -999.0 -999.0 -999.0 -999.0 -999 -999 "" "" "" "" 0 0 0.0 0.0 -999 ""
FIBERMAP 1084 R-6C17 METROLOGY 0 0 0 1 0 0 149.8734239703375 -123.38974666128468 143.1 159.01696849084516 111.34397482436809 7.98685 80.35843 -999.0 -999.0 -999.0 -999.0 -999.0 247.45407330686646 -25.61907357668232 247.52348606768294 -25.678405379870714 85.62595928199586 41.018120626248276 -999.0 6231.0 -999.0 -1 -999 {-999.0 -999.0 -999.0 -999.0 -999.0} "" -999.0 -999.0 -999.0 -999.0 -999 -999 "" "" "" "" 0 0 0.0 0.0 -999 ""
FIBERMAP 1088 R+6C21 APOGEE 0 0 0 1 0 0 224.6409963457539 129.50744171215712 143.1 -64.6048542594928 251.11006756604928 87.63839 117.27736 -999.0 -999.0 -999.0 -999.0 -999.0 246.70477155857216 -25.19591591035492 246.7727828884416 -25.257139210869315 85.66248906850196 30.507330798211285 -999.0 16600.0 -999.0 2 88 {-999.0 -999.0 -999.0 -999.0 -999.0} "" -999.0 -999.0 -999.0 -999.0 -999 -999 "" "" "" "" 0 0 0.0 0.0 -999 ""
FIBERMAP 1088 R+6C21 BOSS 1 1 0 1 0 0 225.30761967365754 129.81452595401095 143.1 -64.72216462222866 251.8345535852191 87.63839 117.27736 246.70419379248062 -25.193488572666563 -26.736246 -73.52242 2.5279589 246.70440157732457 -25.19371937458808 246.77239761025658 -25.254958329054706 85.66075981831092 30.489169891792585 5400.0 5400.0 2016.0 1 262 {-999.0 16.02841 14.813687 14.1601925 -999.0} sdss_psfmag_from_g3xp 15.571981 14.6819515 13.733321 11.502 63050396395043186 1035029799 bright_1x1 mwm_yso_pms_boss_sagitta_edr3_single mwm_yso science 0 0 0.9866273403167725 0.0 -999 ""
FIBERMAP 1088 R+6C21 METROLOGY 0 0 0 1 0 0 225.25237843651337 129.08113720903387 143.1 -64.03039679071549 251.58490974977852 87.63839 117.27736 -999.0 -999.0 -999.0 -999.0 -999.0 246.70669273082018 -25.1944314126572 246.7746938640273 -25.255660707537647 85.66035252532303 30.51763954179995 -999.0 6231.0 -999.0 -1 -999 {-999.0 -999.0 -999.0 -999.0 -999.0} "" -999.0 -999.0 -999.0 -999.0 -999 -999 "" "" "" "" 0 0 0.0 0.0 -999 ""
FIBERMAP 1089 R+7C13 APOGEE 1 1 0 1 0 0 73.79381290561338 126.68519604706545 143.1 -102.2871768992533 105.02464688634798 22.792965 55.593357 246.57536241125158 -25.63644779698807 -5.4873343 -8.443723 0.230725 246.57531212242074 -25.636458807126214 246.64457689027563 -25.69787077568525 86.1015133496768 32.20947615741568 16000.0 16600.0 2016.0 2 91 {-999.0 16.576124 14.590708 13.551348 -999.0} sdss_psfmag_from_g3xp 15.621224 14.186901 13.024727 9.739 63050396393522431 1153043172 bright_1x1 mwm_galactic_core_dist_apogee_sparse mwm_galactic science 0 0 0.0 0.0 -999 ""
FIBERMAP 1089 R+7C13 BOSS 0 0 0 1 0 0 73.6864003197994 125.96208535206853 143.1 -101.61928420039497 104.72749277614245 22.792965 55.593357 -999.0 -999.0 -999.0 -999.0 -999.0 246.5775079784932 -25.637307120127097 246.64676736912702 -25.698726147889136 86.10122381844748 32.24082740825867 -999.0 5400.0 -999.0 1 156 {-999.0 -999.0 -999.0 -999.0 -999.0} "" -999.0 -999.0 -999.0 -999.0 -999 -999 "" "" "" "" 0 0 0.0 0.0 -999 ""
FIBERMAP 1089 R+7C13 METROLOGY 0 0 0 1 0 0 73.09959365498713 126.42768427514652 143.1 -102.2250167635789 104.286851313504 22.792965 55.593357 -999.0 -999.0 -999.0 -999.0 -999.0 246.57544736005508 -25.638626714374112 246.6447124902752 -25.700046733941118 86.10331217665946 32.22757775577452 -999.0 6231.0 -999.0 -1 -999 {-999.0 -999.0 -999.0 -999.0 -999.0} "" -999.0 -999.0 -999.0 -999.0 -999 -999 "" "" "" "" 0 0 0.0 0.0 -999 ""
FIBERMAP 1090 R+2C22 APOGEE 0 0 0 1 0 0 207.5352506261792 47.82715162693384 143.1 9.506333749411047 212.75361336567235 35.8946 136.5367 -999.0 -999.0 -999.0 -999.0 -999.0 246.95228424108475 -25.31187169300293 247.02069067427124 -25.372474723713886 85.64592827539607 33.826735297111156 -999.0 16600.0 -999.0 2 -999 {-999.0 -999.0 -999.0 -999.0 -999.0} "" -999.0 -999.0 -999.0 -999.0 -999 -999 "" "" "" "" 0 0 0.0 0.0 -999 ""
FIBERMAP 1090 R+2C22 BOSS 1 1 0 1 0 0 208.26058533706714 47.724740119096765 143.1 9.799265366820338 213.4249881676162 35.8946 136.5367 246.95422424127068 -25.308356275396648 -300.7659 -495.19357 8.920429 246.9532829229323 -25.30978965770116 247.02167377319245 -25.37040463802214 85.64370573620131 33.82190385582544 5400.0 5400.0 2016.0 1 232 {-999.0 20.683922 19.15631 17.78635 -999.0} sdss_psfmag_ps1 19.414251 17.794697 16.57866 14.368 63050396393544195 1075066229 dark_flexible_2x1 mwm_halo_local_high_boss mwm_halo science 0 0 0.0 0.0 -999 ""
FIBERMAP 1090 R+2C22 METROLOGY 0 0 0 1 0 0 207.83000214542238 47.13967816657342 143.1 10.247604183209315 212.85345782635846 35.8946 136.5367 -999.0 -999.0 -999.0 -999.0 -999.0 246.9547802751317 -25.311487084851755 247.0231791784164 -25.372094134840182 85.64439590573181 33.84897694779551 -999.0 6231.0 -999.0 -1 -999 {-999.0 -999.0 -999.0 -999.0 -999.0} "" -999.0 -999.0 -999.0 -999.0 -999 -999 "" "" "" "" 0 0 0.0 0.0 -999 ""
FIBERMAP 1097 R-1C6 APOGEE 0 0 0 1 0 0 -166.5785311084566 -28.63194758091302 143.1 -17.03000052064904 -168.1539532665783 241.75854 147.83888 -999.0 -999.0 -999.0 -999.0 -999.0 246.8593476597846 -26.46600466628676 246.9311304730586 -26.526516984255252 86.61573550233906 43.25806987810455 -999.0 16600.0 -999.0 2 -999 {-999.0 -999.0 -999.0 -999.0 -999.0} "" -999.0 -999.0 -999.0 -999.0 -999 -999 "" "" "" "" 0 0 0.0 0.0 -999 ""
FIBERMAP 1097 R-1C6 BOSS 1 1 0 1 0 0 -167.3733435390694 -29.000141319892982 143.1 -16.888148738786256 -169.01830645605565 241.75854 147.83888 246.85951168340318 -26.468679884769593 -4.1055675 0.57653207 -3.9343965 246.8598221680026 -26.468673059666344 246.9316035430611 -26.529192934248503 86.6174384068504 43.29377334798238 5400.0 5400.0 2016.0 1 461 {-999.0 14.742752 14.32247 13.965674 -999.0} sdss_psfmag_from_g3xp 14.589066 14.4971485 13.588879 12.484 63050396393473434 1093753006 bright_1x1 mwm_astar_core_boss_single mwm_ob science 0 0 1.0398058891296387 0.0 -999 ""
FIBERMAP 1097 R-1C6 METROLOGY 0 0 0 1 0 0 -167.23150578202936 -28.267088303288602 143.1 -17.556400012975164 -168.68532352057446 241.75854 147.83888 -999.0 -999.0 -999.0 -999.0 -999.0 246.8575563868865 -26.467683323202625 246.92933693445184 -26.528206197554564 86.61806465118285 43.25704977864859 -999.0 6231.0 -999.0 -1 -999 {-999.0 -999.0 -999.0 -999.0 -999.0} "" -999.0 -999.0 -999.0 -999.0 -999 -999 "" "" "" "" 0 0 0.0 0.0 -999 ""
FIBERMAP 1102 R+4C17 APOGEE 1 1 0 1 0 0 122.96281426404656 79.29647048920316 143.1 -43.462909375908936 139.70305684118128 350.145 134.55132 246.77366987722775 -25.532029073451568 -0.531179 -8.652373 0.28404662 246.7736733965868 -25.532065317194885 246.84268091662432 -25.593033923841865 85.91829344258372 33.59690171159173 16000.0 16600.0 2016.0 2 66 {-999.0 17.178934 14.92441 13.681882 -999.0} sdss_psfmag_from_g3xp 16.029184 14.324876 13.081422 9.455 63050396393523164 1153043179 bright_1x1 mwm_galactic_core_dist_apogee_sparse mwm_galactic science 0 0 0.0 0.0 -999 ""
FIBERMAP 1102 R+4C17 BOSS 0 0 0 1 0 0 123.40040814445287 78.69115117805471 143.1 -42.76253067228486 139.96252212830444 350.145 134.55132 -999.0 -999.0 -999.0 -999.0 -999.0 246.77601932874248 -25.531210525811897 246.845015797085 -25.59218670134749 85.91644845176037 33.615473129808436 -999.0 5400.0 -999.0 1 218 {-999.0 -999.0 -999.0 -999.0 -999.0} "" -999.0 -999.0 -999.0 -999.0 -999 -999 "" "" "" "" 0 0 0.0 0.0 -999 ""
FIBERMAP 1102 R+4C17 METROLOGY 0 0 0 1 0 0 122.65606753518176 78.61870394506438 143.1 -42.892089821809286 139.226004277852 350.145 134.55132 -999.0 -999.0 -999.0 -999.0 -999.0 246.7755648934066 -25.53342649891776 246.84457031664772 -25.594399489652925 85.91853099061565 33.62739915305269 -999.0 6231.0 -999.0 -1 -999 {-999.0 -999.0 -999.0 -999.0 -999.0} "" -999.0 -999.0 -999.0 -999.0 -999 -999 "" "" "" "" 0 0 0.0 0.0 -999 ""
FIBERMAP 1110 R-12C9 APOGEE 0 0 0 1 0 0 25.527718967349113 -244.93068481420485 143.1 242.80876085977644 -41.00570761034681 279.06238 122.278755 -999.0 -999.0 -999.0 -999.0 -999.0 247.73634037350138 -26.080027397052074 247.8071886093461 -26.13854980594734 85.79025117934023 47.70238941745612 -999.0 16600.0 -999.0 2 -999 {-999.0 -999.0 -999.0 -999.0 -999.0} "" -999.0 -999.0 -999.0 -999.0 -999 -999 "" "" "" "" 0 0 0.0 0.0 -999 ""
FIBERMAP 1110 R-12C9 BOSS 1 1 0 1 0 0 25.002716941662754 -245.4416134801075 143.1 243.1603898587574 -41.64834807483447 279.06238 122.278755 247.73757934570312 -26.081971360837272 -999.0 -999.0 -999.0 247.7375580014584 -26.08195936610471 247.808399582476 -26.140489274384215 85.79081228749152 47.73169885228822 5400.0 5400.0 2015.5 1 367 {-999.0 -999.0 -999.0 -999.0 -999.0} "" -999.0 -999.0 -999.0 -999.0 27021603175506136 823838040 "" ops_sky_boss_good ops_sky sky_boss 0 0 0.0 0.0 -999 ""
FIBERMAP 1110 R-12C9 METROLOGY 0 0 0 1 0 0 24.816149743300535 -244.7001041207741 143.1 242.39603499579025 -41.62949293684143 279.06238 122.278755 -999.0 -999.0 -999.0 -999.0 -999.0 247.73504388069674 -26.081923598792457 247.80588837776327 -26.14045643741149 85.79241430018331 47.71008084208535 -999.0 6231.0 -999.0 -1 -999 {-999.0 -999.0 -999.0 -999.0 -999.0} "" -999.0 -999.0 -999.0 -999.0 -999 -999 "" "" "" "" 0 0 0.0 0.0 -999 ""
FIBERMAP 1117 R-12C14 APOGEE 1 1 0 1 0 0 118.07108589193729 -241.31359442419932 143.1 264.1098259684354 49.12139921838625 246.21693 71.108536 247.80624389648435 -25.807148522128912 -999.0 -999.0 -999.0 247.80625714480647 -25.807122226705214 247.87631200276235 -25.865551262839393 85.55349000341195 45.721393658019906 16000.0 16600.0 2015.5 2 233 {-999.0 -999.0 -999.0 -999.0 -999.0} "" -999.0 -999.0 -999.0 -999.0 27021603175506409 848670807 "" ops_sky_apogee_best ops_sky sky_apogee 0 0 0.0 0.0 -999 ""
FIBERMAP 1117 R-12C14 BOSS 0 0 0 1 0 0 117.50495044667568 -240.8503123877065 143.1 263.51186190939313 48.7000523387999 246.21693 71.108536 -999.0 -999.0 -999.0 -999.0 -999.0 247.80428178330956 -25.80838949186314 247.87432706260415 -25.86683488947684 85.55565468702261 45.716364952692686 -999.0 5400.0 -999.0 1 342 {-999.0 -999.0 -999.0 -999.0 -999.0} "" -999.0 -999.0 -999.0 -999.0 -999 -999 "" "" "" "" 0 0 0.0 0.0 -999 ""
FIBERMAP 1117 R-12C14 METROLOGY 0 0 0 1 0 0 118.21066858115984 -240.5842299621901 143.1 263.4445243561284 49.45122166724317 246.21693 71.108536 -999.0 -999.0 -999.0 -999.0 -999.0 247.8040948639522 -25.806112685902335 247.8741370188294 -25.86455576253038 85.55413625977644 45.69432441861295 -999.0 6231.0 -999.0 -1 -999 {-999.0 -999.0 -999.0 -999.0 -999.0} "" -999.0 -999.0 -999.0 -999.0 -999 -999 "" "" "" "" 0 0 0.0 0.0 -999 ""
FIBERMAP 1119 R-13C14 APOGEE 0 0 0 1 0 0 131.91784149515857 -253.54210354177005 143.1 279.5996149687982 59.18651589401229 190.98186 111.8102 -999.0 -999.0 -999.0 -999.0 -999.0 247.8576160409347 -25.776582540275324 247.9275919212016 -25.83489681743188 85.49934951488144 45.87211589708471 -999.0 16600.0 -999.0 2 -999 {-999.0 -999.0 -999.0 -999.0 -999.0} "" -999.0 -999.0 -999.0 -999.0 -999 -999 "" "" "" "" 0 0 0.0 0.0 -999 ""
FIBERMAP 1119 R-13C14 BOSS 1 1 0 1 0 0 131.5195449978024 -252.8862224522391 143.1 278.8610489219555 58.978452521514036 190.98186 111.8102 247.85487714193235 -25.777204214134155 -13.214206 -9.578848 1.1966456 247.85514730117657 -25.77721054359926 247.92511142320507 -25.835542662101922 85.50136923641836 45.857458901521284 5400.0 5400.0 2016.0 1 343 {-999.0 16.16638 14.930948 14.350443 -999.0} sdss_psfmag_from_g3xp 15.699691 14.852888 13.938471 11.852 63050396393458473 1035029691 bright_1x1 mwm_yso_pms_boss_sagitta_edr3_single mwm_yso science 0 0 0.9348784685134888 0.0 -999 ""
FIBERMAP 1119 R-13C14 METROLOGY 0 0 0 1 0 0 132.25750175753586 -252.87567340817924 143.1 279.0485323830718 59.692241863349594 190.98186 111.8102 -999.0 -999.0 -999.0 -999.0 -999.0 247.85581436090771 -25.775043651497942 247.92577592312648 -25.83337133812115 85.4993955859561 45.84362983211366 -999.0 6231.0 -999.0 -1 -999 {-999.0 -999.0 -999.0 -999.0 -999.0} "" -999.0 -999.0 -999.0 -999.0 -999 -999 "" "" "" "" 0 0 0.0 0.0 -999 ""
FIBERMAP 1120 R-8C16 APOGEE 0 0 0 1 0 0 125.79628699307634 -150.05783768630363 143.1 178.2610326123624 81.00502074877521 121.6406 140.23993 -999.0 -999.0 -999.0 -999.0 -999.0 247.5188386071777 -25.710986764539207 247.58854503497935 -25.770129764212097 85.65814792237836 42.38659394560921 -999.0 16600.0 -999.0 2 -999 {-999.0 -999.0 -999.0 -999.0 -999.0} "" -999.0 -999.0 -999.0 -999.0 -999 -999 "" "" "" "" 0 0 0.0 0.0 -999 ""
FIBERMAP 1120 R-8C16 BOSS 1 1 0 1 0 0 125.88225829352646 -149.28296156749104 143.1 177.53752533968805 81.29538215806815 121.6406 140.23993 247.5164794921875 -25.71007630840414 -999.0 -999.0 -999.0 247.51648030730846 -25.710071728676763 247.58617167501177 -25.769232927912547 85.65886855312873 42.35749265844004 5400.0 5400.0 2015.5 1 293 {-999.0 -999.0 -999.0 -999.0 -999.0} "" -999.0 -999.0 -999.0 -999.0 27021603175508438 823838397 "" ops_sky_boss_good ops_sky sky_boss 0 0 0.0 0.0 -999 ""
FIBERMAP 1120 R-8C16 METROLOGY 0 0 0 1 0 0 126.48152980023639 -149.75793684930662 143.1 178.15562974924407 81.7455212611313 121.6406 140.23993 -999.0 -999.0 -999.0 -999.0 -999.0 247.51856968344538 -25.708700531679785 247.58826082896928 -25.767853621711946 85.6565944774535 42.36436494876153 -999.0 6231.0 -999.0 -1 -999 {-999.0 -999.0 -999.0 -999.0 -999.0} "" -999.0 -999.0 -999.0 -999.0 -999 -999 "" "" "" "" 0 0 0.0 0.0 -999 ""
FIBERMAP 1122 R-6C16 APOGEE 0 0 0 1 0 0 98.74634934529513 -116.16750908588088 143.1 138.36556111289843 64.02134001954465 181.5514 115.203476 -999.0 -999.0 -999.0 -999.0 -999.0 247.38511699387348 -25.762452466562333 247.45494457849952 -25.82190110137601 85.77567256785657 41.61301412821285 -999.0 16600.0 -999.0 2 -999 {-999.0 -999.0 -999.0 -999.0 -999.0} "" -999.0 -999.0 -999.0 -999.0 -999 -999 "" "" "" "" 0 0 0.0 0.0 -999 ""
FIBERMAP 1122 R-6C16 BOSS 1 1 0 1 0 0 98.40169484324873 -115.51501709991504 143.1 137.64462711680267 63.86404883916478 181.5514 115.203476 247.38249922152903 -25.762799545276014 -5.32398 -27.740429 6.9952197 247.38277321401054 -25.762889103160948 247.4525902002414 -25.822355320227242 85.7773866999395 41.595003103885404 5400.0 5400.0 2016.0 1 291 {-999.0 18.281286 16.609976 14.616844 -999.0} sdss_psfmag_ps1 17.571552 15.245131 13.85276 10.836 63050396393526186 1075849147 bright_1x1 mwm_erosita_stars_boss mwm_erosita science 0 0 0.8616965413093567 0.0 -999 ""
FIBERMAP 1122 R-6C16 METROLOGY 0 0 0 1 0 0 99.15567242546928 -115.54144772081126 143.1 137.87202846171675 64.58336875063472 181.5514 115.203476 -999.0 -999.0 -999.0 -999.0 -999.0 247.3835470010573 -25.76070419365479 247.4533609378475 -25.82016573085463 85.77526579135998 41.58303172796633 -999.0 6231.0 -999.0 -1 -999 {-999.0 -999.0 -999.0 -999.0 -999.0} "" -999.0 -999.0 -999.0 -999.0 -999 -999 "" "" "" "" 0 0 0.0 0.0 -999 ""
FIBERMAP 1123 R-1C3 APOGEE 1 1 0 1 0 0 -242.89762805334976 -25.717249926745886 143.1 -40.278596529957525 -240.90083064354835 189.99554 143.19344 246.779927569837 -26.68499460547589 -2.6485968 -6.27797 0.0958586 246.7799389423258 -26.685010104521574 246.85235358789555 -26.745652328251385 86.8241847244041 44.96497597155229 16000.0 16600.0 2016.0 2 248 {-999.0 15.423316 14.008395 13.35561 -999.0} sdss_psfmag_from_g3xp 14.854257 13.902681 12.944633 10.618 63050396393186397 1153042681 bright_1x1 mwm_galactic_core_dist_apogee_sparse mwm_galactic science 0 0 0.0 0.0 -999 ""
FIBERMAP 1123 R-1C3 BOSS 0 0 0 1 0 0 -243.60450694373583 -25.38743097596658 143.1 -40.785674533622775 -241.49351825772212 189.99554 143.19344 -999.0 -999.0 -999.0 -999.0 -999.0 246.77822139311303 -26.686798063758683 246.85063170787214 -26.747452476634578 86.82654829420447 44.9674278472678 -999.0 5400.0 -999.0 1 511 {-999.0 -999.0 -999.0 -999.0 -999.0} "" -999.0 -999.0 -999.0 -999.0 -999 -999 "" "" "" "" 0 0 0.0 0.0 -999 ""
FIBERMAP 1123 R-1C3 METROLOGY 0 0 0 1 0 0 -242.96985024686296 -24.96834051234415 143.1 -41.01945579691159 -240.76983102483754 189.99554 143.19344 -999.0 -999.0 -999.0 -999.0 -999.0 246.77742512451795 -26.684663450330184 246.8498314738854 -26.745317908389747 86.82550139486816 44.931436809568254 -999.0 6231.0 -999.0 -1 -999 {-999.0 -999.0 -999.0 -999.0 -999.0} "" -999.0 -999.0 -999.0 -999.0 -999 -999 "" "" "" "" 0 0 0.0 0.0 -999 ""
FIBERMAP 1124 R-4C19 APOGEE 1 1 0 1 0 0 171.91112895840266 -66.86757509220656 143.1 110.46459734210573 147.7139003559514 74.54164 71.5665 247.29086075271397 -25.50893459741085 -6.1272388 -3.6466527 0.13163947 247.2908634064774 -25.508930858606558 247.35992386797534 -25.568673273041977 85.6315308391772 38.607285675177195 16000.0 16600.0 2016.0 2 215 {-999.0 16.344984 14.42297 13.326843 -999.0} sdss_psfmag_from_g3xp 15.44054 13.985495 12.816048 9.686 63050396393531684 1156256827 bright_1x1 mwm_galactic_core_dist_apogee_extra mwm_galactic science 0 0 0.0 0.0 -999 ""
FIBERMAP 1124 R-4C19 BOSS 0 0 0 1 0 0 172.53967362943263 -67.27030710741539 143.1 111.02094119703358 148.21159076159202 74.54164 71.5665 -999.0 -999.0 -999.0 -999.0 -999.0 247.29277721852498 -25.507367275987345 247.36182253572633 -25.567118598013767 85.62925679628782 38.61284210267786 -999.0 5400.0 -999.0 1 307 {-999.0 -999.0 -999.0 -999.0 -999.0} "" -999.0 -999.0 -999.0 -999.0 -999 -999 "" "" "" "" 0 0 0.0 0.0 -999 ""
FIBERMAP 1124 R-4C19 METROLOGY 0 0 0 1 0 0 171.87497950708408 -67.61139464660391 143.1 111.1715277928649 147.47985629339212 74.54164 71.5665 -999.0 -999.0 -999.0 -999.0 -999.0 247.29330081022576 -25.50956463532732 247.36235580613618 -25.569310407280675 85.63071068329174 38.635274448016844 -999.0 6231.0 -999.0 -1 -999 {-999.0 -999.0 -999.0 -999.0 -999.0} "" -999.0 -999.0 -999.0 -999.0 -999 -999 "" "" "" "" 0 0 0.0 0.0 -999 ""
FIBERMAP 1128 R+2C19 APOGEE 1 1 0 1 0 0 120.33559531335743 32.998667161534755 143.1 0.43777967296112874 124.7720145364308 217.24814 100.5117 246.92125104798316 -25.577568511728735 -50.57625 -29.310652 13.077171 246.92112591115549 -25.57765277818954 246.99030195535227 -25.638258116246618 85.88285062905625 35.50004639270537 16000.0 16600.0 2016.0 2 72 {-999.0 10.7553005 10.196763 9.952716 -999.0} sdss_psfmag_from_g3xp 10.6277275 10.222034 9.612176 8.49 63050396393521071 984790871 bright_1x1 mwm_snc_100pc_apogee mwm_snc science 0 0 0.0 0.0 -999 ""
FIBERMAP 1128 R+2C19 BOSS 0 0 0 1 0 0 119.77715135739723 33.48606025917987 143.1 -0.18135351166561747 124.36453546438972 217.24814 100.5117 -999.0 -999.0 -999.0 -999.0 -999.0 246.91904915035676 -25.578806345130626 246.98821844386237 -25.63942906780034 85.88487609766302 35.48760983708536 -999.0 5400.0 -999.0 1 229 {-999.0 -999.0 -999.0 -999.0 -999.0} "" -999.0 -999.0 -999.0 -999.0 -999 -999 "" "" "" "" 0 0 0.0 0.0 -999 ""
FIBERMAP 1128 R+2C19 METROLOGY 0 0 0 1 0 0 120.477393844223 33.72482713765123 143.1 -0.2238411982637846 125.10311352043624 217.24814 100.5117 -999.0 -999.0 -999.0 -999.0 -999.0 246.918910032663 -25.576559320965785 246.98807544260887 -25.63717937503671 85.88308935853524 35.46848007847291 -999.0 6231.0 -999.0 -1 -999 {-999.0 -999.0 -999.0 -999.0 -999.0} "" -999.0 -999.0 -999.0 -999.0 -999 -999 "" "" "" "" 0 0 0.0 0.0 -999 ""
FIBERMAP 1133 R0C15 APOGEE 1 1 0 1 0 0 31.080904127769443 9.214877324288011 143.1 -0.553432924835043 32.412052695988855 44.13919 120.38165 246.91697011959835 -25.85775532121315 -6.79764 -28.831024 7.4793134 246.91696270414585 -25.857830444664206 246.98696048047816 -25.918369934773562 86.11289345760437 37.79146860320566 16000.0 16600.0 2016.0 2 110 {-999.0 19.382492 18.088959 16.33231 -999.0} sdss_psfmag_ps1 18.761692 16.752455 15.358726 12.219 63050396393503294 1034958459 bright_1x1 mwm_yso_pms_apogee_sagitta_edr3_single mwm_yso science 0 0 0.0 0.0 -999 ""
FIBERMAP 1133 R0C15 BOSS 0 0 0 1 0 0 31.793754672126408 8.99157580937825 143.1 -0.14737680825918265 33.039022054326956 44.13919 120.38165 -999.0 -999.0 -999.0 -999.0 -999.0 246.91834842658847 -25.855896787004035 246.98833118925415 -25.916445210710414 86.11061311302296 37.789159874465895 -999.0 5400.0 -999.0 1 188 {-999.0 -999.0 -999.0 -999.0 -999.0} "" -999.0 -999.0 -999.0 -999.0 -999 -999 "" "" "" "" 0 0 0.0 0.0 -999 ""
FIBERMAP 1133 R0C15 METROLOGY 0 0 0 1 0 0 31.232193924771554 8.483988385164537 143.1 0.19124165709327368 32.36205498561048 44.13919 120.38165 -999.0 -999.0 -999.0 -999.0 -999.0 246.91948274878303 -25.857956369813518 246.98947458306304 -25.91849821088068 86.1116487948582 37.819376480905134 -999.0 6231.0 -999.0 -1 -999 {-999.0 -999.0 -999.0 -999.0 -999.0} "" -999.0 -999.0 -999.0 -999.0 -999 -999 "" "" "" "" 0 0 0.0 0.0 -999 ""
FIBERMAP 1134 R-4C17 APOGEE 0 0 0 1 0 0 108.26357753293078 -86.06764957459389 143.1 111.91568053292059 81.25208243411352 205.46472 149.95338 -999.0 -999.0 -999.0 -999.0 -999.0 247.2961145251772 -25.71017445552532 247.36576754564317 -25.76984981098807 85.78666777181574 40.320911334560265 -999.0 16600.0 -999.0 2 210 {-999.0 -999.0 -999.0 -999.0 -999.0} "" -999.0 -999.0 -999.0 -999.0 -999 -999 "" "" "" "" 0 0 0.0 0.0 -999 ""
FIBERMAP 1134 R-4C17 BOSS 1 1 0 1 0 0 107.51054318873604 -86.01394063992379 143.1 111.66225127935772 80.54097719837428 205.46472 149.95338 247.2953625868727 -25.712293862601573 -7.8474646 1.3426834 1.3781581 247.2953351912167 -25.712279171614753 247.36498320556575 -25.77196810073664 85.78875941092699 40.33155402971289 5400.0 5400.0 2016.0 1 297 {-999.0 16.717392 15.720985 14.985183 -999.0} sdss_psfmag_ps1 16.261847 15.525378 14.649824 12.765 63050396393529707 981921000 "" ops_std_boss_tic ops_std standard_boss 0 0 0.0 0.0 -999 ""
FIBERMAP 1134 R-4C17 METROLOGY 0 0 0 1 0 0 107.94629096262649 -85.3942483062546 143.1 111.18193200952032 81.12675825358346 205.46472 149.95338 -999.0 -999.0 -999.0 -999.0 -999.0 247.29372772115056 -25.7104964359047 247.36337324320994 -25.770186209450028 85.78828404421691 40.300950214645184 -999.0 6231.0 -999.0 -1 -999 {-999.0 -999.0 -999.0 -999.0 -999.0} "" -999.0 -999.0 -999.0 -999.0 -999 -999 "" "" "" "" 0 0 0.0 0.0 -999 ""
FIBERMAP 1138 R+7C7 APOGEE 1 1 0 1 0 0 -73.86605408317679 123.11378753244952 143.1 -138.3940817356912 -38.19069002718862 293.63425 114.30301 246.45080566406244 -26.070291284262083 -999.0 -999.0 -999.0 246.45080651272082 -26.070267558195102 246.5213132431918 -26.131858167984532 86.52779294435328 34.35328177008108 16000.0 16600.0 2015.5 2 44 {-999.0 -999.0 -999.0 -999.0 -999.0} "" -999.0 -999.0 -999.0 -999.0 27021603175507669 845949836 "" ops_sky_apogee_best ops_sky sky_apogee 0 0 0.0 0.0 -999 ""
FIBERMAP 1138 R+7C7 BOSS 0 0 0 1 0 0 -74.37596363470203 122.58089858038905 143.1 -138.01725349645713 -38.82467167967656 293.63425 114.30301 -999.0 -999.0 -999.0 -999.0 -999.0 246.45200175752657 -26.07220481799495 246.522506529142 -26.133802931276996 86.52882820235503 34.38571801839038 -999.0 5400.0 -999.0 1 78 {-999.0 -999.0 -999.0 -999.0 -999.0} "" -999.0 -999.0 -999.0 -999.0 -999 -999 "" "" "" "" 0 0 0.0 0.0 -999 ""
FIBERMAP 1138 R+7C7 METROLOGY 0 0 0 1 0 0 -74.59165966447324 123.27764143512005 143.1 -138.74628087331214 -38.845869701225 293.63425 114.30301 -999.0 -999.0 -999.0 -999.0 -999.0 246.44952521816796 -26.07226121227272 246.52003178427105 -26.13386211131173 86.53009937653177 34.35560132018759 -999.0 6231.0 -999.0 -1 -999 {-999.0 -999.0 -999.0 -999.0 -999.0} "" -999.0 -999.0 -999.0 -999.0 -999 -999 "" "" "" "" 0 0 0.0 0.0 -999 ""
FIBERMAP 1139 R-5C16 APOGEE 1 1 0 1 0 0 95.45569222004566 -106.76122457729328 143.1 128.4220015948436 63.37032875916998 224.89047 132.56894 247.3516845703125 -25.764426970039935 -999.0 -999.0 -999.0 247.35169902918057 -25.764419495756968 247.4215246943927 -25.82394742196489 85.79659124564353 41.317480634118624 16000.0 16600.0 2015.5 2 206 {-999.0 -999.0 -999.0 -999.0 -999.0} "" -999.0 -999.0 -999.0 -999.0 27021603175508420 848670861 "" ops_sky_apogee_best ops_sky sky_apogee 0 0 0.0 0.0 -999 ""
FIBERMAP 1139 R-5C16 BOSS 0 0 0 1 0 0 94.70835882612747 -106.75096692438294 143.1 128.21196115800998 62.6530784077067 224.89047 132.56894 -999.0 -999.0 -999.0 -999.0 -999.0 247.3510734575301 -25.76655324891731 247.42089403755483 -25.826094175777335 85.79860222788861 41.33033101480021 -999.0 5400.0 -999.0 1 290 {-999.0 -999.0 -999.0 -999.0 -999.0} "" -999.0 -999.0 -999.0 -999.0 -999 -999 "" "" "" "" 0 0 0.0 0.0 -999 ""
FIBERMAP 1139 R-5C16 METROLOGY 0 0 0 1 0 0 95.1436346041539 -106.09322977363732 143.1 127.69486224870035 63.24859425876731 224.89047 132.56894 -999.0 -999.0 -999.0 -999.0 -999.0 247.3493440865763 -25.764743086135248 247.41916211798468 -25.8242852139613 85.79821423156694 41.298170162032136 -999.0 6231.0 -999.0 -1 -999 {-999.0 -999.0 -999.0 -999.0 -999.0} "" -999.0 -999.0 -999.0 -999.0 -999 -999 "" "" "" "" 0 0 0.0 0.0 -999 ""
FIBERMAP 1141 R+13C2 APOGEE 1 1 0 1 0 0 -102.67630998292715 257.40943769272417 143.1 -275.4937439573354 -29.978786002257852 75.99725 39.198383 245.99122358533992 -26.041726012152232 -11.707373 -17.980968 6.3387556 245.99115851663763 -26.04175699870632 246.061461042818 -26.104444850673673 86.71276796226857 28.068894325215297 16000.0 16600.0 2016.0 2 60 {-999.0 15.270334 13.75435 12.968881 -999.0} sdss_psfmag_from_g3xp 14.639068 13.565143 12.529499 10.196 63050396393330906 1034935981 bright_1x1 mwm_yso_pms_apogee_sagitta_edr3_single mwm_yso science 0 0 0.0 0.0 -999 ""
FIBERMAP 1141 R+13C2 BOSS 0 0 0 1 0 0 -102.52834222535573 256.66553572218925 143.1 -274.7374220712151 -30.035469514165147 75.99725 39.198383 -999.0 -999.0 -999.0 -999.0 -999.0 245.99370202303837 -26.04194023396987 246.06399947009947 -26.104632965611515 86.71189001412944 28.10572184436171 -999.0 5400.0 -999.0 1 100 {-999.0 -999.0 -999.0 -999.0 -999.0} "" -999.0 -999.0 -999.0 -999.0 -999 -999 "" "" "" "" 0 0 0.0 0.0 -999 ""
FIBERMAP 1141 R+13C2 METROLOGY 0 0 0 1 0 0 -103.23351080055131 256.8993621241689 143.1 -275.15156064012143 -30.65221901610424 75.99725 39.198383 -999.0 -999.0 -999.0 -999.0 -999.0 245.9922412926306 -26.043799937407048 246.06254559405545 -26.106492517815294 86.7141412663616 28.100366641791652 -999.0 6231.0 -999.0 -1 -999 {-999.0 -999.0 -999.0 -999.0 -999.0} "" -999.0 -999.0 -999.0 -999.0 -999 -999 "" "" "" "" 0 0 0.0 0.0 -999 ""
FIBERMAP 1146 R-1C11 APOGEE 0 0 0 1 0 0 -71.13366750244907 -21.346377039824382 143.1 1.5138756410376297 -74.24895236310341 203.05786 100.89135 -999.0 -999.0 -999.0 -999.0 -999.0 246.92299689874216 -26.18173250198893 246.99395230116897 -26.242170051420164 86.36382697556819 40.91434145298962 -999.0 16600.0 -999.0 2 247 {-999.0 -999.0 -999.0 -999.0 -999.0} "" -999.0 -999.0 -999.0 -999.0 -999 -999 "" "" "" "" 0 0 0.0 0.0 -999 ""
FIBERMAP 1146 R-1C11 BOSS 1 1 0 1 0 0 -71.57187970420166 -20.751413883652575 143.1 0.8233086832759743 -74.51178703938429 203.05786 100.89135 246.92039580237704 -26.182518835586844 -9.875124 -19.655117 5.8774433 246.9206681717613 -26.18255889462513 246.99161574608843 -26.24301225346664 86.36581317815215 40.897381021862316 5400.0 5400.0 2016.0 1 508 {-999.0 17.324232 15.677708 14.228029 -999.0} sdss_psfmag_ps1 16.644213 14.808692 13.523231 10.762 63050396393480370 1075849118 bright_1x1 mwm_erosita_stars_boss mwm_erosita science 0 0 0.9681655764579773 0.0 -999 ""
FIBERMAP 1146 R-1C11 METROLOGY 0 0 0 1 0 0 -70.83232120375517 -20.66593433580823 143.1 0.9390314199265605 -73.77638593984632 203.05786 100.89135 -999.0 -999.0 -999.0 -999.0 -999.0 246.92106368268338 -26.180337483762738 246.99200752578622 -26.240787535466364 86.36387617207303 40.879254289427706 -999.0 6231.0 -999.0 -1 -999 {-999.0 -999.0 -999.0 -999.0 -999.0} "" -999.0 -999.0 -999.0 -999.0 -999 -999 "" "" "" "" 0 0 0.0 0.0 -999 ""
FIBERMAP 1147 R+8C8 APOGEE 0 0 0 1 0 0 -30.931002357938425 141.7300529442918 143.1 -144.83013024426805 8.15988254124656 2.936707 60.607178 -999.0 -999.0 -999.0 -999.0 -999.0 246.4300828190303 -25.929538076114156 246.5001703494852 -25.99121584078507 86.41953699613667 32.86105344889239 -999.0 16600.0 -999.0 2 -999 {-999.0 -999.0 -999.0 -999.0 -999.0} "" -999.0 -999.0 -999.0 -999.0 -999 -999 "" "" "" "" 0 0 0.0 0.0 -999 ""
FIBERMAP 1147 R+8C8 BOSS 1 1 0 1 0 0 -31.252978424503198 141.04838982802755 143.1 -144.25963551274904 7.667114077166565 2.936707 60.607178 246.43193585881372 -25.931024469350046 -5.7405605 -3.6881192 0.17590797 246.43192651416942 -25.93102835644286 246.50201100359902 -25.992712734852972 86.41993429004171 32.896211189616565 5400.0 5400.0 2016.0 1 137 {-999.0 18.18872 17.42399 17.055466 16.800716} sdss_psfmag_from_ps1dr2 17.9102 17.4112 16.6147 15.245 63050396393515617 1040595688 "" ops_std_boss_ps1dr2 ops_std standard_boss 0 0 0.0 0.0 -999 ""
FIBERMAP 1147 R+8C8 METROLOGY 0 0 0 1 0 0 -31.676991272188175 141.67529204023992 143.1 -144.97717026224902 7.426513598990815 2.936707 60.607178 -999.0 -999.0 -999.0 -999.0 -999.0 246.42948650994717 -25.931747061491194 246.4995747305543 -25.993433807516737 86.42170329011117 32.87252781775362 -999.0 6231.0 -999.0 -1 -999 {-999.0 -999.0 -999.0 -999.0 -999.0} "" -999.0 -999.0 -999.0 -999.0 -999 -999 "" "" "" "" 0 0 0.0 0.0 -999 ""
FIBERMAP 1154 R+2C15 APOGEE 1 1 0 1 0 0 39.20895761348934 49.754019519637545 143.1 -37.432813267490204 51.10038187473546 110.42879 123.75095 246.79272691249932 -25.80075408608247 0.86610717 2.322978 0.23945037 246.79274266048515 -25.800747429931018 246.86254232363797 -25.861598060015023 86.13206965545373 35.95724503368484 16000.0 16600.0 2016.0 2 120 {-999.0 16.397087 14.661432 13.732181 -999.0} sdss_psfmag_from_g3xp 15.617394 14.346935 13.23894 10.32 63050396393518478 1153043152 bright_1x1 mwm_galactic_core_dist_apogee_sparse mwm_galactic science 0 0 0.0 0.0 -999 ""
FIBERMAP 1154 R+2C15 BOSS 0 0 0 1 0 0 39.613861848651396 50.384552592328475 143.1 -37.9318375588775 51.659351047570055 110.42879 123.75095 -999.0 -999.0 -999.0 -999.0 -999.0 246.7910505094496 -25.799001707265102 246.8608354413933 -25.85986874976359 86.13152535299477 35.92392274365858 -999.0 5400.0 -999.0 1 206 {-999.0 -999.0 -999.0 -999.0 -999.0} "" -999.0 -999.0 -999.0 -999.0 -999 -999 "" "" "" "" 0 0 0.0 0.0 -999 ""
FIBERMAP 1154 R+2C15 METROLOGY 0 0 0 1 0 0 39.94939917627243 49.718938138932884 143.1 -37.20070293403271 51.804343953956234 110.42879 123.75095 -999.0 -999.0 -999.0 -999.0 -999.0 246.79351222481168 -25.798567825096605 246.86329908079165 -25.859425752157588 86.12989709379545 35.94716490712136 -999.0 6231.0 -999.0 -1 -999 {-999.0 -999.0 -999.0 -999.0 -999.0} "" -999.0 -999.0 -999.0 -999.0 -999 -999 "" "" "" "" 0 0 0.0 0.0 -999 ""
FIBERMAP 1157 R+10C1 APOGEE 1 1 0 1 0 0 -198.04156942206464 195.66633197047344 143.1 -241.55069618739472 -138.39243298241675 215.09459 68.48235 246.10216003478743 -26.37041977576668 -12.378832 -19.661938 0.5713434 246.10215927001053 -26.370473245116063 246.17345922695813 -26.432809802050315 86.9493014107808 32.57605797023689 16000.0 16600.0 2016.0 2 46 {-999.0 13.607558 12.594613 12.100832 -999.0} sdss_psfmag_from_g3xp 13.26207 12.544791 11.711532 9.836 63050396393317353 1104133011 bright_1x1 mwm_tess_rgb_apogee mwm_tessrgb science 0 0 0.0 0.0 -999 ""
FIBERMAP 1157 R+10C1 BOSS 0 0 0 1 0 0 -198.22831834005572 196.40919133204127 143.1 -242.31640034250526 -138.373391346641 215.09459 68.48235 -999.0 -999.0 -999.0 -999.0 -999.0 246.09961862752002 -26.370367309903344 246.17091088019242 -26.4327196365055 86.95042394882748 32.53868165930885 -999.0 5400.0 -999.0 1 81 {-999.0 -999.0 -999.0 -999.0 -999.0} "" -999.0 -999.0 -999.0 -999.0 -999 -999 "" "" "" "" 0 0 0.0 0.0 -999 ""
FIBERMAP 1157 R+10C1 METROLOGY 0 0 0 1 0 0 -197.51086710880193 196.19431307762343 143.1 -241.9172271828762 -137.73973358569125 215.09459 68.48235 -999.0 -999.0 -999.0 -999.0 -999.0 246.10091037633293 -26.36850138682535 246.17219936499555 -26.430848405544808 86.94822559889772 32.53866119142742 -999.0 6231.0 -999.0 -1 -999 {-999.0 -999.0 -999.0 -999.0 -999.0} "" -999.0 -999.0 -999.0 -999.0 -999 -999 "" "" "" "" 0 0 0.0 0.0 -999 ""
FIBERMAP 1160 R-9C13 APOGEE 1 1 0 1 0 0 86.55177588367634 -194.38722688041133 143.1 210.4581137987085 31.323262278273305 353.8 38.50433 247.62775225981923 -25.860856893872395 -131.3473 -178.2324 9.894437 247.62730107502207 -25.861354225020154 247.69747615031486 -25.92019700155485 85.70403663535558 44.68771255504936 16000.0 16600.0 2016.0 2 185 {-999.0 15.062356 13.719954 13.0453005 -999.0} sdss_psfmag_from_g3xp 14.527388 13.614112 12.664771 10.88 63050396393456874 1076252556 bright_1x1 mwm_snc_ext_main_apogee mwm_snc science 0 0 0.0 0.0 -999 ""
FIBERMAP 1160 R-9C13 BOSS 0 0 0 1 0 0 85.84979794493525 -194.69687325079514 143.1 210.56842356279878 30.5640286249591 353.8 38.50433 -999.0 -999.0 -999.0 -999.0 -999.0 247.62774495535663 -25.863634339807277 247.69791462623004 -25.92248718317939 85.70543775612252 44.712466784411674 -999.0 5400.0 -999.0 1 379 {-999.0 -999.0 -999.0 -999.0 -999.0} "" -999.0 -999.0 -999.0 -999.0 -999 -999 "" "" "" "" 0 0 0.0 0.0 -999 ""
FIBERMAP 1160 R-9C13 METROLOGY 0 0 0 1 0 0 85.96002874260554 -193.94041280568263 143.1 209.86915577159533 30.872829912703505 353.8 38.50433 -999.0 -999.0 -999.0 -999.0 -999.0 247.62543104645746 -25.862701721145672 247.69560091037692 -25.921557027592062 85.70618226811328 44.683695328067074 -999.0 6231.0 -999.0 -1 -999 {-999.0 -999.0 -999.0 -999.0 -999.0} "" -999.0 -999.0 -999.0 -999.0 -999 -999 "" "" "" "" 0 0 0.0 0.0 -999 ""
FIBERMAP 1161 R-13C7 APOGEE 1 1 0 1 0 0 -10.231703547983379 -260.4001835057658 143.1 248.134989871581 -79.60032181629511 220.49048 160.92793 247.75443121006327 -26.196714633583657 -6.0962133 3.4551713 1.5104874 247.7544179185467 -26.196668392510475 247.82561726920005 -26.25511584451478 85.85807854622988 49.02400571805316 16000.0 16600.0 2016.0 2 264 {-999.0 12.728016 12.291857 12.106436 -999.0} sdss_psfmag_from_g3xp 12.6449175 12.292676 11.75922 10.814 63050396393396222 975299579 "" ops_std_apogee ops_std standard_apogee 0 0 0.0 0.0 -999 ""
FIBERMAP 1161 R-13C7 BOSS 0 0 0 1 0 0 -10.919583295306847 -260.675384958651 143.1 248.2158905467839 -80.33674759004727 220.49048 160.92793 -999.0 -999.0 -999.0 -999.0 -999.0 247.7547106462625 -26.198884129880337 247.82590391264932 -26.257340782333188 85.85939473523042 49.04910000221918 -999.0 5400.0 -999.0 1 358 {-999.0 -999.0 -999.0 -999.0 -999.0} "" -999.0 -999.0 -999.0 -999.0 -999 -999 "" "" "" "" 0 0 0.0 0.0 -999 ""
FIBERMAP 1161 R-13C7 METROLOGY 0 0 0 1 0 0 -10.81664516470575 -259.9247231077871 143.1 247.5202560586431 -80.03652525538847 220.49048 160.92793 -999.0 -999.0 -999.0 -999.0 -999.0 247.7524287579445 -26.198007090223648 247.8236225047101 -26.25646647222346 85.8603096219495 49.021007282261735 -999.0 6231.0 -999.0 -1 -999 {-999.0 -999.0 -999.0 -999.0 -999.0} "" -999.0 -999.0 -999.0 -999.0 -999 -999 "" "" "" "" 0 0 0.0 0.0 -999 ""
FIBERMAP 1164 R+8C9 APOGEE 0 0 0 1 0 0 -1.785619323094604 149.7205124695449 143.1 -144.72232155365361 38.379275763035785 51.936954 32.311695 -999.0 -999.0 -999.0 -999.0 -999.0 246.43113507804856 -25.837879998185812 246.50095386843157 -25.899579987368266 86.34102583884142 32.11241798939898 -999.0 16600.0 -999.0 2 -999 {-999.0 -999.0 -999.0 -999.0 -999.0} "" -999.0 -999.0 -999.0 -999.0 -999 -999 "" "" "" "" 0 0 0.0 0.0 -999 ""
FIBERMAP 1164 R+8C9 BOSS 1 1 0 1 0 0 -1.8461535159320022 148.99738883567196 143.1 -144.04186096912366 38.127281876413214 51.936954 32.311695 246.4334737736852 -25.838644246204144 -27.939781 -3.4330795 0.6352598 246.4333539809798 -25.838626965957786 246.5031676360902 -25.900333225796736 86.3406410371042 32.14522914442858 5400.0 5400.0 2016.0 1 128 {-999.0 17.28928 16.291147 15.88865 -999.0} sdss_psfmag_ps1 16.931646 16.245998 15.413696 13.58 63050396393516081 1072829506 bright_1x1 mwm_halo_local_high_boss_single mwm_halo science 0 0 0.0 0.0 -999 ""
FIBERMAP 1164 R+8C9 METROLOGY 0 0 0 1 0 0 -2.464793191370269 149.40711005499205 143.1 -144.6022855283637 37.64100607993498 51.936954 32.311695 -999.0 -999.0 -999.0 -999.0 -999.0 246.43143776814935 -25.840091217532674 246.50125747292077 -25.901798300069053 86.34278360788365 32.13405490666787 -999.0 6231.0 -999.0 -1 -999 {-999.0 -999.0 -999.0 -999.0 -999.0} "" -999.0 -999.0 -999.0 -999.0 -999 -999 "" "" "" "" 0 0 0.0 0.0 -999 ""
FIBERMAP 1165 R+13C8 APOGEE 1 1 0 1 0 0 22.847586527758864 264.2513558195752 143.1 -248.46638856726565 92.78620260762109 71.98016 87.86342 246.08551025390625 -25.671269603404127 -999.0 -999.0 -999.0 246.0855096644613 -25.671247909370933 246.15475302432162 -25.733812163211127 86.34361648179411 26.577228552402175 16000.0 16600.0 2015.5 2 99 {-999.0 -999.0 -999.0 -999.0 -999.0} "" -999.0 -999.0 -999.0 -999.0 27021603175550828 845954342 "" ops_sky_apogee_best ops_sky sky_apogee 0 0 0.0 0.0 -999 ""
FIBERMAP 1165 R+13C8 BOSS 0 0 0 1 0 0 23.58486965903835 264.0175982859343 143.1 -248.0437151197434 93.43391043389703 71.98016 87.86342 -999.0 -999.0 -999.0 -999.0 -999.0 246.0869496553119 -25.66928644018695 246.1561810506248 -25.731860165263477 86.34129947798266 26.582101446681804 -999.0 5400.0 -999.0 1 173 {-999.0 -999.0 -999.0 -999.0 -999.0} "" -999.0 -999.0 -999.0 -999.0 -999 -999 "" "" "" "" 0 0 0.0 0.0 -999 ""
FIBERMAP 1165 R+13C8 METROLOGY 0 0 0 1 0 0 23.006824534917968 263.52922915710894 143.1 -247.72802699228424 92.74620917695522 71.98016 87.86342 -999.0 -999.0 -999.0 -999.0 -999.0 246.08792080778358 -25.67135573560492 246.15716035978505 -25.733923097955778 86.34277401453862 26.608607063248144 -999.0 6231.0 -999.0 -1 -999 {-999.0 -999.0 -999.0 -999.0 -999.0} "" -999.0 -999.0 -999.0 -999.0 -999 -999 "" "" "" "" 0 0 0.0 0.0 -999 ""
FIBERMAP 1166 R0C7 APOGEE 1 1 0 1 0 0 -175.32681930935667 -9.488249743351775 143.1 -37.81651615746616 -171.4550007148518 263.88892 48.49453 246.7889446612648 -26.475677916358862 -12.298088 -17.627234 1.222403 246.7889173819354 -26.47573201650367 246.86071100376216 -26.536409393590294 86.6650494420377 42.56796561720324 16000.0 16600.0 2016.0 2 277 {-999.0 13.942284 12.982496 12.573656 -999.0} sdss_psfmag_from_g3xp 13.629235 12.981606 12.203165 10.511 63050396393473178 1103850070 bright_flexible_2x1 mwm_tess_rgb_apogee mwm_tessrgb science 0 0 0.0 0.0 -999 ""
FIBERMAP 1166 R0C7 BOSS 0 0 0 1 0 0 -175.72378695077748 -8.892738047930072 143.1 -38.496565077104584 -171.6779525470841 263.88892 48.49453 -999.0 -999.0 -999.0 -999.0 -999.0 246.7866058111381 -26.476448940886193 246.8583917395822 -26.537140999238378 86.66697010033604 42.54951291318662 -999.0 5400.0 -999.0 1 450 {-999.0 -999.0 -999.0 -999.0 -999.0} "" -999.0 -999.0 -999.0 -999.0 -999 -999 "" "" "" "" 0 0 0.0 0.0 -999 ""
FIBERMAP 1166 R0C7 METROLOGY 0 0 0 1 0 0 -174.98803296769387 -8.829948019251072 143.1 -38.36000171407204 -170.95229372867541 263.88892 48.49453 -999.0 -999.0 -999.0 -999.0 -999.0 246.7870671585931 -26.474282762603483 246.858849380008 -26.534971657650278 86.66507141487574 42.530145169120374 -999.0 6231.0 -999.0 -1 -999 {-999.0 -999.0 -999.0 -999.0 -999.0} "" -999.0 -999.0 -999.0 -999.0 -999 -999 "" "" "" "" 0 0 0.0 0.0 -999 ""
FIBERMAP 1171 R+5C19 APOGEE 0 0 0 1 0 0 165.13896106095754 114.9083914959638 143.1 -66.47620860507003 189.87442269678695 136.02797 75.393105 -999.0 -999.0 -999.0 -999.0 -999.0 246.6972854348634 -25.38023823645271 246.76583147286294 -25.441429527687344 85.82526814804281 31.67489434729214 -999.0 16600.0 -999.0 2 -999 {-999.0 -999.0 -999.0 -999.0 -999.0} "" -999.0 -999.0 -999.0 -999.0 -999 -999 "" "" "" "" 0 0 0.0 0.0 -999 ""
FIBERMAP 1171 R+5C19 BOSS 1 1 0 1 0 0 165.7678531482725 115.28911405715452 143.1 -66.6745693086317 190.58228011729153 136.02797 75.393105 246.69662475585938 -25.378039396691577 -999.0 -999.0 -999.0 246.69662354733725 -25.378036055294807 246.76515419616567 -25.439243002732535 85.82369610361157 31.652395627769806 5400.0 5400.0 2015.5 1 212 {-999.0 -999.0 -999.0 -999.0 -999.0} "" -999.0 -999.0 -999.0 -999.0 27021603175508322 823838417 "" ops_sky_boss_good ops_sky sky_boss 0 0 0.0 0.0 -999 ""
FIBERMAP 1171 R+5C19 METROLOGY 0 0 0 1 0 0 165.79579435556766 114.5505252641289 143.1 -65.9555129161421 190.41138337680462 136.02797 75.393105 -999.0 -999.0 -999.0 -999.0 -999.0 246.69901782094877 -25.378534393258214 246.76755298254466 -25.43973169047139 85.82301567699172 31.681419056307448 -999.0 6231.0 -999.0 -1 -999 {-999.0 -999.0 -999.0 -999.0 -999.0} "" -999.0 -999.0 -999.0 -999.0 -999 -999 "" "" "" "" 0 0 0.0 0.0 -999 ""
FIBERMAP 1173 R-8C17 APOGEE 1 1 0 1 0 0 165.33293358033077 -159.2458986519773 143.1 197.70209865856916 116.63467311799258 296.21445 149.2866 247.5834031096759 -25.603192176934467 -3.5390098 -6.8886786 0.27279156 247.58337949408607 -25.60318639067943 247.65278285565034 -25.662204289279593 85.53858715032322 42.04116613954585 16000.0 16600.0 2016.0 2 221 {-999.0 15.998807 14.329767 13.754341 -999.0} sdss_psfmag_ps1 15.150713 13.969574 12.8977995 10.108 63050396393528652 1154246076 bright_1x1 mwm_galactic_core_dist_apogee_sparse mwm_galactic science 0 0 0.0 0.0 -999 ""
FIBERMAP 1173 R-8C17 BOSS 0 0 0 1 0 0 165.23594469820114 -159.99583659161223 143.1 198.39862909918153 116.34037630679279 296.21445 149.2866 -999.0 -999.0 -999.0 -999.0 -999.0 247.5857590952074 -25.604045611065345 247.65515344687583 -25.663070302732294 85.53785673438941 42.06927655911164 -999.0 5400.0 -999.0 1 319 {-999.0 -999.0 -999.0 -999.0 -999.0} "" -999.0 -999.0 -999.0 -999.0 -999 -999 "" "" "" "" 0 0 0.0 0.0 -999 ""
FIBERMAP 1173 R-8C17 METROLOGY 0 0 0 1 0 0 164.6459728545858 -159.52857337464778 143.1 197.79044538966644 115.89713118744888 296.21445 149.2866 -999.0 -999.0 -999.0 -999.0 -999.0 247.58376625859853 -25.60536967953999 247.65316748942416 -25.664395170728298 85.5400270873358 42.06285980160277 -999.0 6231.0 -999.0 -1 -999 {-999.0 -999.0 -999.0 -999.0 -999.0} "" -999.0 -999.0 -999.0 -999.0 -999 -999 "" "" "" "" 0 0 0.0 0.0 -999 ""
FIBERMAP 1175 R-8C4 APOGEE 0 0 0 1 0 0 -146.25593511805616 -164.68894270344597 143.1 119.49333436196954 -185.01479836222413 232.90723 102.04124 -999.0 -999.0 -999.0 -999.0 -999.0 247.32132561644627 -26.517020651894146 247.39337674002218 -26.576417257609833 86.36047107711421 48.63615976507424 -999.0 16600.0 -999.0 2 -999 {-999.0 -999.0 -999.0 -999.0 -999.0} "" -999.0 -999.0 -999.0 -999.0 -999 -999 "" "" "" "" 0 0 0.0 0.0 -999 ""
FIBERMAP 1175 R-8C4 BOSS 1 1 0 1 0 0 -146.93417813424097 -164.40419254913886 143.1 119.03734617570026 -185.59196829333274 232.90723 102.04124 247.31952200250436 -26.518683767709536 -0.20878538 -36.29158 2.5747018 247.3198180340499 -26.518793076450848 247.39186288926157 -26.578202063624616 86.3626770316211 48.64230942757791 5400.0 5400.0 2016.0 1 490 {-999.0 15.427662 14.469692 14.068684 -999.0} sdss_psfmag_from_g3xp 15.110571 14.472505 13.698596 -999.0 63050396393378937 1078035273 bright_flexible_2x1 mwm_snc_ext_main_boss mwm_snc science 0 0 1.0115852355957031 0.0 -999 ""
FIBERMAP 1175 R-8C4 METROLOGY 0 0 0 1 0 0 -146.32583765935155 -163.94422003592703 143.1 118.75712997177804 -184.88268527348606 232.90723 102.04124 -999.0 -999.0 -999.0 -999.0 -999.0 247.3188938532468 -26.516687548681066 247.39093536604798 -26.57609669523734 86.36185527027305 48.609078848874674 -999.0 6231.0 -999.0 -1 -999 {-999.0 -999.0 -999.0 -999.0 -999.0} "" -999.0 -999.0 -999.0 -999.0 -999 -999 "" "" "" "" 0 0 0.0 0.0 -999 ""
FIBERMAP 1180 R+3C19 APOGEE 0 0 0 1 0 0 162.72149132826 70.87545821679831 143.1 -24.70136881466082 175.75205664786523 100.05265 38.043655 -999.0 -999.0 -999.0 -999.0 -999.0 246.83718900191624 -25.423228533768235 246.90589357202214 -25.48407543930192 85.79572865618596 33.45642022708233 -999.0 16600.0 -999.0 2 -999 {-999.0 -999.0 -999.0 -999.0 -999.0} "" -999.0 -999.0 -999.0 -999.0 -999 -999 "" "" "" "" 0 0 0.0 0.0 -999 ""
FIBERMAP 1180 R+3C19 BOSS 1 1 0 1 0 0 163.28654755979267 70.34042166402051 143.1 -24.03456390014171 176.15314580727832 100.05265 38.043655 246.83944702148435 -25.421913808131265 -999.0 -999.0 -999.0 246.83943230894775 -25.421946828168956 246.90812432944267 -25.48280207568808 85.79357651975545 33.47035947315106 5400.0 5400.0 2015.5 1 225 {-999.0 -999.0 -999.0 -999.0 -999.0} "" -999.0 -999.0 -999.0 -999.0 27021603175508288 823838385 "" ops_sky_boss_good ops_sky sky_boss 0 0 0.0 0.0 -999 ""
FIBERMAP 1180 R+3C19 METROLOGY 0 0 0 1 0 0 162.56657581023026 70.14367997233508 143.1 -24.037848295543583 175.40681572754502 100.05265 38.043655 -999.0 -999.0 -999.0 -999.0 -999.0 246.8394058951826 -25.42418241275606 246.9081070829368 -25.485033333989207 85.79547080188657 33.48643907733117 -999.0 6231.0 -999.0 -1 -999 {-999.0 -999.0 -999.0 -999.0 -999.0} "" -999.0 -999.0 -999.0 -999.0 -999 -999 "" "" "" "" 0 0 0.0 0.0 -999 ""
FIBERMAP 1181 R-7C8 APOGEE 1 1 0 1 0 0 -39.75503626745373 -147.5533748534342 143.1 131.50863672152084 -77.82004600469115 13.865767 57.2325 247.3623898917908 -26.19268480320773 0.62417275 -3.7758765 0.17985865 247.3623748721026 -26.192694565497543 247.43347015440963 -26.25208095137783 86.1079096652508 45.48790677829783 16000.0 16600.0 2016.0 2 270 {-999.0 14.792592 13.139046 12.225002 -999.0} sdss_psfmag_from_g3xp 14.069952 12.852505 11.766572 9.064 63050396393400716 1153043268 bright_1x1 mwm_galactic_core_dist_apogee_sparse mwm_galactic science 0 0 0.0 0.0 -999 ""
FIBERMAP 1181 R-7C8 BOSS 0 0 0 1 0 0 -40.1585717531715 -148.19684991128494 143.1 132.02049620154824 -78.38116274017908 13.865767 57.2325 -999.0 -999.0 -999.0 -999.0 -999.0 247.36417528385226 -26.194415393605652 247.43526478921103 -26.253807492342627 86.10803072336537 45.52263594644489 -999.0 5400.0 -999.0 1 372 {-999.0 -999.0 -999.0 -999.0 -999.0} "" -999.0 -999.0 -999.0 -999.0 -999 -999 "" "" "" "" 0 0 0.0 0.0 -999 ""
FIBERMAP 1181 R-7C8 METROLOGY 0 0 0 1 0 0 -40.50145631843348 -147.53328915850557 143.1 131.28937235013132 -78.53378418088624 13.865767 57.2325 -999.0 -999.0 -999.0 -999.0 -999.0 247.36172228174698 -26.194894569117917 247.43281583647615 -26.254289427109786 86.10990477481965 45.50432466352288 -999.0 6231.0 -999.0 -1 -999 {-999.0 -999.0 -999.0 -999.0 -999.0} "" -999.0 -999.0 -999.0 -999.0 -999 -999 "" "" "" "" 0 0 0.0 0.0 -999 ""
FIBERMAP 1188 R+1C9 APOGEE 1 1 0 1 0 0 -98.56238136233779 1.5317887695408352 143.1 -27.873680169720906 -94.54693742101492 312.99857 76.52668 246.82333629329108 -26.24304146805214 2.266025 4.4578223 0.47935086 246.8233561777385 -26.243025389936317 246.89446807246043 -26.303683653211678 86.46801898318576 40.438178367400894 16000.0 16600.0 2016.0 2 28 {-999.0 14.232144 13.069906 12.586867 -999.0} sdss_psfmag_from_g3xp 13.808888 13.049388 12.198693 10.292 63050396393484897 1108975749 bright_1x1 mwm_tess_rgb_apogee mwm_tessrgb science 0 0 0.0 0.0 -999 ""
FIBERMAP 1188 R+1C9 BOSS 0 0 0 1 0 0 -99.20151938670831 1.143076072389011 143.1 -27.670365755993426 -95.26680600044179 312.99857 76.52668 -999.0 -999.0 -999.0 -999.0 -999.0 246.8240286408749 -26.245253645256003 246.89513795887126 -26.305919948181987 86.46937025066536 40.468706550936474 -999.0 5400.0 -999.0 1 46 {-999.0 -999.0 -999.0 -999.0 -999.0} "" -999.0 -999.0 -999.0 -999.0 -999 -999 "" "" "" "" 0 0 0.0 0.0 -999 ""
FIBERMAP 1188 R+1C9 METROLOGY 0 0 0 1 0 0 -99.2102749112497 1.8879660325615113 143.1 -28.390354340144455 -95.07573770650568 312.99857 76.52668 -999.0 -999.0 -999.0 -999.0 -999.0 246.8215879309854 -26.24467801872427 246.89269758252988 -26.305347386232302 86.47031157143479 40.435314000599874 -999.0 6231.0 -999.0 -1 -999 {-999.0 -999.0 -999.0 -999.0 -999.0} "" -999.0 -999.0 -999.0 -999.0 -999 -999 "" "" "" "" 0 0 0.0 0.0 -999 ""
FIBERMAP 1191 R0C18 APOGEE 0 0 0 1 0 0 85.59451483954112 -14.251349647351002 143.1 36.65481053524367 78.64673109601472 266.87192 105.07536 -999.0 -999.0 -999.0 -999.0 -999.0 247.0427614936684 -25.717746803929128 247.11237742855837 -25.778024467559142 85.9329270655651 37.89181045001658 -999.0 16600.0 -999.0 2 -999 {-999.0 -999.0 -999.0 -999.0 -999.0} "" -999.0 -999.0 -999.0 -999.0 -999 -999 "" "" "" "" 0 0 0.0 0.0 -999 ""
FIBERMAP 1191 R0C18 BOSS 1 1 0 1 0 0 84.85660916659388 -14.391365333962254 143.1 36.592071806708354 77.8983159764702 266.87192 105.07536 247.0425697155041 -25.719966574679308 -2.1405067 -2.6782846 1.3237265 247.0425805797145 -25.719959328446755 247.1121928743247 -25.78024905635652 85.93481159586482 37.908645216484615 5400.0 5400.0 2016.0 1 252 {-999.0 17.038368 15.704614 15.085843 -999.0} sdss_psfmag_ps1 16.469461 15.595248 14.658336 12.531 63050396393505247 1035052017 bright_1x1 mwm_yso_pms_boss_sagitta_edr3_single mwm_yso science 0 0 0.0 0.0 -999 ""
FIBERMAP 1191 R0C18 METROLOGY 0 0 0 1 0 0 85.10344006591554 -13.687130023884503 143.1 35.97970442218879 78.32473341206483 266.87192 105.07536 -999.0 -999.0 -999.0 -999.0 -999.0 247.04051969543312 -25.718657893140694 247.11013054403816 -25.778949422115343 85.93487611807468 37.87668414783144 -999.0 6231.0 -999.0 -1 -999 {-999.0 -999.0 -999.0 -999.0 -999.0} "" -999.0 -999.0 -999.0 -999.0 -999 -999 "" "" "" "" 0 0 0.0 0.0 -999 ""
FIBERMAP 1195 R-8C11 APOGEE 0 0 0 1 0 0 38.44632797890948 -160.06624638648603 143.1 164.50845429859407 -5.830425173608535 9.549253 89.23473 -999.0 -999.0 -999.0 -999.0 -999.0 247.47340991758452 -25.974220030428697 247.54388359798043 -26.033400264092663 85.8810003181855 44.36406002419898 -999.0 16600.0 -999.0 2 -999 {-999.0 -999.0 -999.0 -999.0 -999.0} "" -999.0 -999.0 -999.0 -999.0 -999 -999 "" "" "" "" 0 0 0.0 0.0 -999 ""
FIBERMAP 1195 R-8C11 BOSS 1 1 0 1 0 0 38.55255687861184 -160.81085286264346 143.1 165.25427602057255 -5.927509519240051 9.549253 89.23473 247.47577745761154 -25.974407592985376 -27.456415 -43.723194 10.915312 247.4760023308828 -25.9745015051773 247.5464657417591 -26.033686781395208 85.87963099069087 44.390434798543936 5400.0 5400.0 2016.0 1 396 {-999.0 16.595991 15.129327 13.926917 -999.0} sdss_psfmag_ps1 16.015627 14.500602 13.262349 11.02 63050396393405263 1075849063 bright_1x1 mwm_erosita_stars_boss mwm_erosita science 0 0 1.05049467086792 0.0 -999 ""
FIBERMAP 1195 R-8C11 METROLOGY 0 0 0 1 0 0 37.85926981789411 -160.52977732653355 143.1 164.79779880334965 -6.520157389704678 9.549253 89.23473 -999.0 -999.0 -999.0 -999.0 -999.0 247.4744894064592 -25.97630523859103 247.5449611268856 -26.035490430769197 85.88187249528005 44.39374534762703 -999.0 6231.0 -999.0 -1 -999 {-999.0 -999.0 -999.0 -999.0 -999.0} "" -999.0 -999.0 -999.0 -999.0 -999 -999 "" "" "" "" 0 0 0.0 0.0 -999 ""
FIBERMAP 1196 R-12C2 APOGEE 1 1 0 1 0 0 -126.82109383939772 -253.2120885859418 143.1 209.98373210247595 -189.9999554980796 1.4789057 26.834587 247.62634277343747 -26.530594285807226 -999.0 -999.0 -999.0 247.6263227142156 -26.53060233690927 247.69848877821687 -26.589265910977392 86.16423621063977 51.552467056913486 16000.0 16600.0 2015.5 2 153 {-999.0 -999.0 -999.0 -999.0 -999.0} "" -999.0 -999.0 -999.0 -999.0 27021603175504432 845949317 "" ops_sky_apogee_best ops_sky sky_apogee 0 0 0.0 0.0 -999 ""
FIBERMAP 1196 R-12C2 BOSS 0 0 0 1 0 0 -127.45301223354821 -253.58053803664862 143.1 210.1694580832818 -190.70744142809875 1.4789057 26.834587 -999.0 -999.0 -999.0 -999.0 -999.0 247.62693342911012 -26.532701238763103 247.6990936041077 -26.591372019652773 86.16517568641743 51.58178479657329 -999.0 5400.0 -999.0 1 434 {-999.0 -999.0 -999.0 -999.0 -999.0} "" -999.0 -999.0 -999.0 -999.0 -999 -999 "" "" "" "" 0 0 0.0 0.0 -999 ""
FIBERMAP 1196 R-12C2 METROLOGY 0 0 0 1 0 0 -127.45687663379726 -252.83384118110328 143.1 209.4490386835827 -190.5111769759468 1.4789057 26.834587 -999.0 -999.0 -999.0 -999.0 -999.0 247.62455801586722 -26.532168439418278 247.69671952199928 -26.590842434220054 86.16646160203645 51.55531120821507 -999.0 6231.0 -999.0 -1 -999 {-999.0 -999.0 -999.0 -999.0 -999.0} "" -999.0 -999.0 -999.0 -999.0 -999 -999 "" "" "" "" 0 0 0.0 0.0 -999 ""
FIBERMAP 1197 R-12C11 APOGEE 0 0 0 1 0 0 47.72510253012902 -233.98836397988393 143.1 238.2118008043298 -16.689576232867832 231.59787 59.55362 -999.0 -999.0 -999.0 -999.0 -999.0 247.72073578282559 -26.00649669405024 247.7913621186434 -26.065076429019456 85.74908205440292 46.855188658976715 -999.0 16600.0 -999.0 2 -999 {-999.0 -999.0 -999.0 -999.0 -999.0} "" -999.0 -999.0 -999.0 -999.0 -999 -999 "" "" "" "" 0 0 0.0 0.0 -999 ""
FIBERMAP 1197 R-12C11 BOSS 1 1 0 1 0 0 47.46316205541285 -233.3027211167508 143.1 237.4810817768281 -16.758300089777418 231.59787 59.55362 247.71835327148435 -26.006720169244076 -999.0 -999.0 -999.0 247.71833684553945 -26.006704156870807 247.7889506538645 -26.065300799939678 85.75077841443705 46.83676048828539 5400.0 5400.0 2015.5 1 369 {-999.0 -999.0 -999.0 -999.0 -999.0} "" -999.0 -999.0 -999.0 -999.0 27021603175506269 823838050 "" ops_sky_boss_good ops_sky sky_boss 0 0 0.0 0.0 -999 ""
FIBERMAP 1197 R-12C11 METROLOGY 0 0 0 1 0 0 48.19659153557297 -233.40767789038154 143.1 237.77863357866667 -16.07980830409128 231.59787 59.55362 -999.0 -999.0 -999.0 -999.0 -999.0 247.7193657210365 -26.004652447514523 247.7899772433134 -26.063244009735083 85.74867527211606 46.82581872006148 -999.0 6231.0 -999.0 -1 -999 {-999.0 -999.0 -999.0 -999.0 -999.0} "" -999.0 -999.0 -999.0 -999.0 -999 -999 "" "" "" "" 0 0 0.0 0.0 -999 ""
FIBERMAP 1199 R+1C1 APOGEE 1 1 0 1 0 0 -264.8935351836625 26.109762842019556 143.1 -96.10105062861517 -248.21137118869984 48.845226 88.11433 246.5909596514944 -26.705888544724118 -9.671403 -3.7980886 0.30000103 246.59093849761405 -26.705890350720527 246.66336534618551 -26.766976557951022 86.95455988424547 42.951202834121204 16000.0 16600.0 2016.0 2 10 {-999.0 13.897065 12.244878 10.867393 -999.0} sdss_psfmag_from_g3xp 13.180629 11.575199 10.348576 7.374 63050396393259305 1153042995 bright_1x1 mwm_galactic_core_dist_apogee_sparse mwm_galactic science 0 0 0.0 0.0 -999 ""
FIBERMAP 1199 R+1C1 BOSS 0 0 0 1 0 0 -264.3281051741531 25.64719826838983 143.1 -95.50396672584951 -247.79051178387192 48.845226 88.11433 -999.0 -999.0 -999.0 -999.0 -999.0 246.5929699297159 -26.70463211092273 246.66538503384118 -26.765722330648313 86.95242234059842 42.96071944973994 -999.0 5400.0 -999.0 1 12 {-999.0 -999.0 -999.0 -999.0 -999.0} "" -999.0 -999.0 -999.0 -999.0 -999 -999 "" "" "" "" 0 0 0.0 0.0 -999 ""
FIBERMAP 1199 R+1C1 METROLOGY 0 0 0 1 0 0 -265.02975135920565 25.377933879289017 143.1 -95.43247300943649 -248.53861032939906 48.845226 88.11433 -999.0 -999.0 -999.0 -999.0 -999.0 246.5931833471653 -26.706928387255193 246.66560777279028 -26.76801506428612 86.9539963821227 42.99230578266611 -999.0 6231.0 -999.0 -1 -999 {-999.0 -999.0 -999.0 -999.0 -999.0} "" -999.0 -999.0 -999.0 -999.0 -999 -999 "" "" "" "" 0 0 0.0 0.0 -999 ""
FIBERMAP 1204 R+8C11 APOGEE 0 0 0 1 0 0 7.037690697769046 163.8959709050788 143.1 -156.01613089374004 50.676456371039166 183.64552 79.83296 -999.0 -999.0 -999.0 -999.0 -999.0 246.39348770010514 -25.800398404014 246.46318710447235 -25.862197850349318 86.32626941959867 31.35687124985651 -999.0 16600.0 -999.0 2 -999 {-999.0 -999.0 -999.0 -999.0 -999.0} "" -999.0 -999.0 -999.0 -999.0 -999 -999 "" "" "" "" 0 0 0.0 0.0 -999 ""
FIBERMAP 1204 R+8C11 BOSS 1 1 0 1 0 0 7.121953717761315 164.61248976268845 143.1 -156.68387300786415 50.94954218438194 183.64552 79.83296 246.39099117359993 -25.799520353637917 -15.99259 -2.2788393 0.7686118 246.39119107747135 -25.79952654597649 246.46087961637022 -25.861343560051935 86.32658179634136 31.322169253552943 5400.0 5400.0 2016.0 1 140 {-999.0 16.635563 15.4489765 14.88045 -999.0} sdss_psfmag_ps1 16.093058 15.270528 14.365907 12.33 63050396393516942 1075849144 bright_1x1 mwm_erosita_stars_boss mwm_erosita science 0 0 0.786340057849884 0.0 -999 ""
FIBERMAP 1204 R+8C11 METROLOGY 0 0 0 1 0 0 7.724229394807873 164.19289317481338 143.1 -156.1183170611119 51.417407624193515 183.64552 79.83296 -999.0 -999.0 -999.0 -999.0 -999.0 246.39307933496653 -25.79811478359919 246.46276640102678 -25.859924334108054 86.32449918749776 31.333841756545667 -999.0 6231.0 -999.0 -1 -999 {-999.0 -999.0 -999.0 -999.0 -999.0} "" -999.0 -999.0 -999.0 -999.0 -999 -999 "" "" "" "" 0 0 0.0 0.0 -999 ""
FIBERMAP 1205 R-2C3 APOGEE 1 0 1 1 0 0 -223.31361063462262 -30.97328760329225 143.1 -29.969633580443034 -223.4408739534834 9.865704 170.0767 246.86534106078926 -26.648437247155286 -2.3754 0.12937409 0.1372598 246.81500923215046 -26.632628896051138 246.88727679717408 -26.693201776076467 86.76470357397133 44.72098979944104 16000.0 16600.0 2016.0 2 288 {-999.0 15.586017 14.188679 13.540679 -999.0} sdss_psfmag_from_g3xp 15.027499 14.085382 13.128816 10.827 63050396393381519 1153043207 bright_1x1 mwm_galactic_core_dist_apogee_sparse mwm_galactic science 0 0 0.0 0.0 -999 ""
FIBERMAP 1205 R-2C3 BOSS 0 0 1 1 0 0 -222.56835789254225 -31.02622872595382 143.1 -29.719028197275872 -222.73706004395618 9.865704 170.0767 -999.0 -999.0 -999.0 -999.0 -999.0 246.81586764837925 -26.630544459224257 246.8881198727172 -26.691124655792198 86.76267873753451 44.70532740935124 -999.0 5400.0 -999.0 1 473 {-999.0 -999.0 -999.0 -999.0 -999.0} "" -999.0 -999.0 -999.0 -999.0 -999 -999 "" "" "" "" 0 0 0.0 0.0 -999 ""
FIBERMAP 1205 R-2C3 METROLOGY 0 0 1 1 0 0 -223.01021843285938 -31.657868655539335 143.1 -29.228835526782944 -223.3319301941685 9.865704 170.0767 -999.0 -999.0 -999.0 -999.0 -999.0 246.81751495838978 -26.632378760427184 246.88977572696774 -26.69295204135148 86.76298452312908 44.74660991819155 -999.0 6231.0 -999.0 -1 -999 {-999.0 -999.0 -999.0 -999.0 -999.0} "" -999.0 -999.0 -999.0 -999.0 -999 -999 "" "" "" "" 0 0 0.0 0.0 -999 ""
FIBERMAP 1206 R0C2 APOGEE 0 0 0 1 0 0 -267.7728978205975 -16.70513732267753 143.1 -55.62339967827276 -262.4525098685048 301.30228 87.2712 -999.0 -999.0 -999.0 -999.0 -999.0 246.72779835705413 -26.749480792420197 246.80039171093142 -26.810229705032977 86.90288170204208 45.17257958128897 -999.0 16600.0 -999.0 2 253 {-999.0 -999.0 -999.0 -999.0 -999.0} "" -999.0 -999.0 -999.0 -999.0 -999 -999 "" "" "" "" 0 0 0.0 0.0 -999 ""
FIBERMAP 1206 R0C2 BOSS 1 1 0 1 0 0 -268.40937399422404 -17.04953014000882 143.1 -55.46207110256901 -263.1579437869975 301.30228 87.2712 246.72834735363358 -26.751641407057498 -3.5487947 4.7302127 0.35426334 246.7283490423297 -26.751586804490262 246.80093979452874 -26.812342174790658 86.90406030954603 45.20627334628443 5400.0 5400.0 2016.0 1 522 {-999.0 17.249903 16.624289 16.318655 16.162231} sdss_psfmag_from_ps1dr2 17.0525 16.606 15.9054 14.765 63050396393185477 1040595104 "" ops_std_boss_ps1dr2 ops_std standard_boss 0 0 0.0 0.0 -999 ""
FIBERMAP 1206 R0C2 METROLOGY 0 0 0 1 0 0 -268.41538532412466 -16.323200283631017 143.1 -56.16344349242274 -262.96920261947207 301.30228 87.2712 -999.0 -999.0 -999.0 -999.0 -999.0 246.72596129865332 -26.75106056795002 246.7985524134748 -26.8118194011475 86.90516559151851 45.17117695291188 -999.0 6231.0 -999.0 -1 -999 {-999.0 -999.0 -999.0 -999.0 -999.0} "" -999.0 -999.0 -999.0 -999.0 -999 -999 "" "" "" "" 0 0 0.0 0.0 -999 ""
FIBERMAP 1209 R-2C21 APOGEE 1 1 0 1 0 0 172.35825562609494 -30.373578385757163 143.1 75.4252209885503 157.91884378657184 112.19825 133.42953 247.1729666105623 -25.477842041057524 -4.782084 -5.1604276 1.2942579 247.1732550989969 -25.47787302409805 247.24219763982455 -25.53790448176617 85.67009511279988 37.24064843768838 16000.0 16600.0 2016.0 2 218 {-999.0 12.184759 10.5015 9.667753 -999.0} sdss_psfmag_from_g3xp 11.441165 10.267079 9.202188 6.416 63050396393539859 1153043296 bright_1x1 mwm_galactic_core_dist_apogee_sparse mwm_galactic science 0 0 0.9169852137565613 0.0 -999 ""
FIBERMAP 1209 R-2C21 BOSS 0 0 0 1 0 0 172.63581804453537 -29.672002981973428 143.1 74.82364702676605 158.37415625130458 112.19825 133.42953 -999.0 -999.0 -999.0 -999.0 -999.0 247.1712758080434 -25.47642219805399 247.24020309663047 -25.536471927088076 85.66998976532243 37.210213737533024 -999.0 5400.0 -999.0 1 310 {-999.0 -999.0 -999.0 -999.0 -999.0} "" -999.0 -999.0 -999.0 -999.0 -999 -999 "" "" "" "" 0 0 0.0 0.0 -999 ""
FIBERMAP 1209 R-2C21 METROLOGY 0 0 0 1 0 0 173.09461067269905 -30.265826398275113 143.1 75.51862798058518 158.6571238252972 112.19825 133.42953 -999.0 -999.0 -999.0 -999.0 -999.0 247.17361534974887 -25.475555100593105 247.24254361826354 -25.535595757995033 85.66804194068617 37.22606928106063 -999.0 6231.0 -999.0 -1 -999 {-999.0 -999.0 -999.0 -999.0 -999.0} "" -999.0 -999.0 -999.0 -999.0 -999 -999 "" "" "" "" 0 0 0.0 0.0 -999 ""
FIBERMAP 1210 R-3C6 APOGEE 0 0 0 1 0 0 -160.02064198488554 -52.42821661726204 143.1 7.6522522889653555 -168.20928129371697 175.34145 98.63813 -999.0 -999.0 -999.0 -999.0 -999.0 246.942950021833 -26.46638720397837 247.01475532633776 -26.526700266483516 86.56532466902169 44.187802923439165 -999.0 16600.0 -999.0 2 -999 {-999.0 -999.0 -999.0 -999.0 -999.0} "" -999.0 -999.0 -999.0 -999.0 -999 -999 "" "" "" "" 0 0 0.0 0.0 -999 ""
FIBERMAP 1210 R-3C6 BOSS 1 1 0 1 0 0 -160.08177100083282 -51.670246198482204 143.1 6.905634529402294 -168.06516745545295 175.34145 98.63813 246.9401734236018 -26.46600135476487 -4.063022 3.8160374 -0.15760095 246.9404349728052 -26.466001756939015 247.01222869871367 -26.526330340767746 86.56659340157346 44.15596174835878 5400.0 5400.0 2016.0 1 475 {-999.0 15.497844 14.80051 14.584035 -999.0} sdss_psfmag_ps1 15.387212 15.263185 14.130113 12.647 63050396393473553 1093560005 bright_1x1 mwm_astar_core_boss_single mwm_ob science 0 0 0.8708279728889465 0.0 -999 ""
FIBERMAP 1210 R-3C6 METROLOGY 0 0 0 1 0 0 -159.4044702889323 -52.00415216708708 143.1 7.408728146190463 -167.50207074215618 175.34145 98.63813 -999.0 -999.0 -999.0 -999.0 -999.0 246.9421424283352 -26.464326804334323 247.01393437506658 -26.524649106289154 86.56432296138969 44.15551309401002 -999.0 6231.0 -999.0 -1 -999 {-999.0 -999.0 -999.0 -999.0 -999.0} "" -999.0 -999.0 -999.0 -999.0 -999 -999 "" "" "" "" 0 0 0.0 0.0 -999 ""
FIBERMAP 1211 R-11C11 APOGEE 1 1 0 1 0 0 65.59814289997016 -219.91436844567963 143.1 229.4395285193006 4.299141600831483 312.73178 129.7932 247.69122546580232 -25.94310956451059 -3.089746 -2.9266055 0.17274092 247.69115801389628 -25.94304831791596 247.76158947143608 -26.001716089584935 85.7230151965166 45.99917014054893 16000.0 16600.0 2016.0 2 182 {-999.0 15.967541 14.171708 13.077286 -999.0} sdss_psfmag_from_g3xp 15.145388 13.7449255 12.592784 9.755 63050396393455084 1156256879 bright_1x1 mwm_galactic_core_dist_apogee_extra mwm_galactic science 0 0 0.0 0.0 -999 ""
FIBERMAP 1211 R-11C11 BOSS 0 0 0 1 0 0 65.53988382135431 -220.66270836321502 143.1 230.14489237660965 4.042585943438316 312.73178 129.7932 -999.0 -999.0 -999.0 -999.0 -999.0 247.69357387723383 -25.943806257398183 247.76399563143775 -26.002479493381713 85.72204640473042 46.02704004777689 -999.0 5400.0 -999.0 1 375 {-999.0 -999.0 -999.0 -999.0 -999.0} "" -999.0 -999.0 -999.0 -999.0 -999 -999 "" "" "" "" 0 0 0.0 0.0 -999 ""
FIBERMAP 1211 R-11C11 METROLOGY 0 0 0 1 0 0 64.9315741707424 -220.25257670522518 143.1 229.5868390777635 3.566372250811059 312.73178 129.7932 -999.0 -999.0 -999.0 -999.0 -999.0 247.69174973679853 -25.945256053367594 247.76217891930025 -26.003930013010542 85.7242252910398 46.025027987393 -999.0 6231.0 -999.0 -1 -999 {-999.0 -999.0 -999.0 -999.0 -999.0} "" -999.0 -999.0 -999.0 -999.0 -999 -999 "" "" "" "" 0 0 0.0 0.0 -999 ""
FIBERMAP 1214 R+5C1 APOGEE 1 1 0 1 0 0 -231.55013566388533 75.42105880871775 143.1 -134.67830408589418 -202.88057322127037 355.2478 20.3981 246.46101137783515 -26.568502145281897 -12.433558 -17.134596 5.8810554 246.46096636686582 -26.568537010428148 246.53294966226144 -26.629969114940394 86.92520825293218 39.626870175328804 16000.0 16600.0 2016.0 2 1 {-999.0 8.083057 8.062455 8.037121 -999.0} sdss_psfmag_from_g3xp 8.139322 8.036979 7.704264 7.175 63050396393267266 1110806060 bright_1x1 manual_mwm_planet_sphere_apogee mwm_planet science 0 0 0.0 0.0 -999 ""
FIBERMAP 1214 R+5C1 BOSS 0 0 0 1 0 0 -232.2893990988296 75.17532665615643 143.1 -134.63955686289233 -203.65861043514687 355.2478 20.3981 -999.0 -999.0 -999.0 -999.0 -999.0 246.4610828627396 -26.57089210701893 246.5330651456327 -26.63233229413485 86.9269902513905 39.65587877729581 -999.0 5400.0 -999.0 1 1 {-999.0 -999.0 -999.0 -999.0 -999.0} "" -999.0 -999.0 -999.0 -999.0 -999 -999 "" "" "" "" 0 0 0.0 0.0 -999 ""
FIBERMAP 1214 R+5C1 METROLOGY 0 0 0 1 0 0 -232.10092896890205 75.93419782455004 143.1 -135.32019239154369 -203.27378596728585 355.2478 20.3981 -999.0 -999.0 -999.0 -999.0 -999.0 246.4587600450291 -26.569750707838335 246.53074060029098 -26.631194173649625 86.92739759219712 39.61233953350779 -999.0 6231.0 -999.0 -1 -999 {-999.0 -999.0 -999.0 -999.0 -999.0} "" -999.0 -999.0 -999.0 -999.0 -999 -999 "" "" "" "" 0 0 0.0 0.0 -999 ""
FIBERMAP 1216 R-2C17 APOGEE 1 1 0 1 0 0 83.61900674546673 -33.20717257467689 143.1 54.38817349005335 71.6665525527858 77.46906 161.21834 247.10249429159833 -25.739038676339355 -2.026851 1.7843186 0.16538851 247.10248349177897 -25.739025236050775 247.17217612232162 -25.799154769537992 85.91740504729111 38.67594058791997 16000.0 16600.0 2016.0 2 211 {-999.0 15.036924 13.124665 11.71076 -999.0} sdss_psfmag_gaia 13.9924135 12.427942 11.23298 8.047 63050396393505168 1155429451 bright_1x1 mwm_galactic_core_dist_apogee_sparse mwm_galactic science 0 0 0.0 0.0 -999 ""
FIBERMAP 1216 R-2C17 BOSS 0 0 0 1 0 0 84.00612305268544 -32.57983128190763 143.1 53.88746009742456 72.20752958617918 77.46906 161.21834 -999.0 -999.0 -999.0 -999.0 -999.0 247.10084290725732 -25.737327537942104 247.17051984296143 -25.79747361430129 85.91697354961055 38.644965139753026 -999.0 5400.0 -999.0 1 300 {-999.0 -999.0 -999.0 -999.0 -999.0} "" -999.0 -999.0 -999.0 -999.0 -999 -999 "" "" "" "" 0 0 0.0 0.0 -999 ""
FIBERMAP 1216 R-2C17 METROLOGY 0 0 0 1 0 0 84.36687004258793 -33.23741193001087 143.1 54.617606668264614 72.37896173394068 77.46906 161.21834 -999.0 -999.0 -999.0 -999.0 -999.0 247.10330637488795 -25.73680790958677 247.17298528070228 -25.796944804942513 85.91520648370756 38.665237174354104 -999.0 6231.0 -999.0 -1 -999 {-999.0 -999.0 -999.0 -999.0 -999.0} "" -999.0 -999.0 -999.0 -999.0 -999 -999 "" "" "" "" 0 0 0.0 0.0 -999 ""
FIBERMAP 1217 R-3C13 APOGEE 1 1 0 1 0 0 3.670274832895469 -61.83613721122415 143.1 60.557321439697 -13.025521745446719 147.8181 160.20961 247.12304810688724 -25.99615033374821 -0.13526776 -5.1264563 0.028129097 247.1230149754866 -25.996172571709195 247.1934705776871 -26.056183549209976 86.10630020648696 41.19811692061484 16000.0 16600.0 2016.0 2 169 {-999.0 17.603817 15.572041 14.535853 -999.0} sdss_psfmag_ps1 16.684206 15.121668 13.918576 10.707 63050396393497407 1154246067 bright_1x1 mwm_galactic_core_dist_apogee_sparse mwm_galactic science 0 0 0.0 0.0 -999 ""
FIBERMAP 1217 R-3C13 BOSS 0 0 0 1 0 0 3.1659269547515283 -61.265361647798855 143.1 59.87234425797149 -13.358551159614157 147.8181 160.20961 -999.0 -999.0 -999.0 -999.0 -999.0 247.12075206651326 -25.997178891353496 247.19119968701875 -26.057206191814277 86.108392903608 41.18471049723155 -999.0 5400.0 -999.0 1 407 {-999.0 -999.0 -999.0 -999.0 -999.0} "" -999.0 -999.0 -999.0 -999.0 -999 -999 "" "" "" "" 0 0 0.0 0.0 -999 ""
FIBERMAP 1217 R-3C13 METROLOGY 0 0 0 1 0 0 3.9051894099447075 -61.131215265583954 143.1 59.94110099163693 -12.61040085910534 147.8181 160.20961 -999.0 -999.0 -999.0 -999.0 -999.0 247.1209901371193 -25.994911061106265 247.191434063648 -26.05493524016393 86.10651465832306 41.16565289468673 -999.0 6231.0 -999.0 -1 -999 {-999.0 -999.0 -999.0 -999.0 -999.0} "" -999.0 -999.0 -999.0 -999.0 -999 -999 "" "" "" "" 0 0 0.0 0.0 -999 ""
FIBERMAP 1218 R0C17 APOGEE 1 1 0 1 0 0 53.488288121973646 8.49789563648285 143.1 6.1386833522319915 53.807797131387936 170.91487 92.027214 246.93969726562497 -25.792906294589756 -999.0 -999.0 -999.0 246.93972637522717 -25.79291895269005 247.00953867803457 -25.853421778112967 86.04856394931008 37.46674553249875 16000.0 16600.0 2015.5 2 111 {-999.0 -999.0 -999.0 -999.0 -999.0} "" -999.0 -999.0 -999.0 -999.0 27021603175508020 845949849 "" ops_sky_apogee_best ops_sky sky_apogee 0 0 0.0 0.0 -999 ""
FIBERMAP 1218 R0C17 BOSS 0 0 0 1 0 0 53.58006120843598 9.224247811403009 143.1 5.463479018878064 54.0907519634094 170.91487 92.027214 -999.0 -999.0 -999.0 -999.0 -999.0 246.93746504228562 -25.792008972754374 247.00726440182973 -25.852529382765763 86.04905337745123 37.43513104914041 -999.0 5400.0 -999.0 1 189 {-999.0 -999.0 -999.0 -999.0 -999.0} "" -999.0 -999.0 -999.0 -999.0 -999 -999 "" "" "" "" 0 0 0.0 0.0 -999 ""
FIBERMAP 1218 R0C17 METROLOGY 0 0 0 1 0 0 54.17676030681626 8.779815892641308 143.1 6.051468304441846 54.5465931668806 170.91487 92.027214 -999.0 -999.0 -999.0 -999.0 -999.0 246.9394502061415 -25.79062815664104 247.00924873362328 -25.85114082835929 86.04687809251128 37.44413521802028 -999.0 6231.0 -999.0 -1 -999 {-999.0 -999.0 -999.0 -999.0 -999.0} "" -999.0 -999.0 -999.0 -999.0 -999 -999 "" "" "" "" 0 0 0.0 0.0 -999 ""
FIBERMAP 1219 R+1C17 APOGEE 0 0 0 1 0 0 93.49193555768693 34.80275851080545 143.1 -8.489848142216184 99.39342323967458 113.7743 32.069897 -999.0 -999.0 -999.0 -999.0 -999.0 246.89083819252465 -25.654490627130635 246.9602322426374 -25.715147304820256 85.96159032933404 35.79719094674135 -999.0 16600.0 -999.0 2 -999 {-999.0 -999.0 -999.0 -999.0 -999.0} "" -999.0 -999.0 -999.0 -999.0 -999 -999 "" "" "" "" 0 0 0.0 0.0 -999 ""
FIBERMAP 1219 R+1C17 BOSS 1 1 0 1 0 0 94.1197308160828 34.36831196077142 143.1 -7.903150512196224 99.88189755408939 113.7743 32.069897 246.89285183804017 -25.652908223153716 -1.515074 0.1314485 0.8172619 246.8928235709556 -25.652946265979455 246.96220401832807 -25.713611104988303 85.95931709316869 35.80556849946362 5400.0 5400.0 2016.0 1 199 {-999.0 17.69825 16.429758 15.813978 -999.0} sdss_psfmag_ps1 17.180355 16.286024 15.338795 13.163 63050396393520796 1035052035 bright_1x1 mwm_yso_pms_boss_sagitta_edr3_single mwm_yso science 0 0 0.0 0.0 -999 ""
FIBERMAP 1219 R+1C17 METROLOGY 0 0 0 1 0 0 93.42959721312471 34.05736455617921 143.1 -7.788415039322098 99.13372654251125 113.7743 32.069897 -999.0 -999.0 -999.0 -999.0 -999.0 246.89319909759965 -25.65521002377156 246.9625889784636 -25.71586981643937 85.9609790855231 35.8278308881857 -999.0 6231.0 -999.0 -1 -999 {-999.0 -999.0 -999.0 -999.0 -999.0} "" -999.0 -999.0 -999.0 -999.0 -999 -999 "" "" "" "" 0 0 0.0 0.0 -999 ""
FIBERMAP 1220 R+1C3 APOGEE 1 1 0 1 0 0 -221.48881290309745 26.1422790585736 143.1 -84.50730915300855 -206.3855851852966 41.985733 98.980835 246.63054882097722 -26.58030793244566 -3.3420928 -5.404532 0.06363433 246.6305231850584 -26.580335189788137 246.70258659261913 -26.641361160990662 86.83709195773731 41.905035705350826 16000.0 16600.0 2016.0 2 38 {-999.0 14.91613 13.260717 12.211052 -999.0} sdss_psfmag_from_g3xp 14.19577 12.87454 11.747505 8.976 63050396393261817 1153043013 bright_1x1 mwm_galactic_core_dist_apogee_sparse mwm_galactic science 0 0 0.0 0.0 -999 ""
FIBERMAP 1220 R+1C3 BOSS 0 0 0 1 0 0 -220.92511516558045 25.694112452588556 143.1 -83.92456052696114 -205.96253848837304 41.985733 98.980835 -999.0 -999.0 -999.0 -999.0 -999.0 246.6324896213913 -26.57910249379589 246.70454120867782 -26.640133097693678 86.83502067192755 41.91445527458518 -999.0 5400.0 -999.0 1 62 {-999.0 -999.0 -999.0 -999.0 -999.0} "" -999.0 -999.0 -999.0 -999.0 -999 -999 "" "" "" "" 0 0 0.0 0.0 -999 ""
FIBERMAP 1220 R+1C3 METROLOGY 0 0 0 1 0 0 -221.61516387393783 25.403809486969536 143.1 -83.8296916295984 -206.70509851928267 41.985733 98.980835 -999.0 -999.0 -999.0 -999.0 -999.0 246.63278660114983 -26.58137622612733 246.70484748863555 -26.64240296035764 86.83655931612796 41.9450922367642 -999.0 6231.0 -999.0 -1 -999 {-999.0 -999.0 -999.0 -999.0 -999.0} "" -999.0 -999.0 -999.0 -999.0 -999 -999 "" "" "" "" 0 0 0.0 0.0 -999 ""
FIBERMAP 1221 R-8C13 APOGEE 0 0 0 1 0 0 54.91131260118721 -146.5523280968046 143.1 155.89865394592996 13.651735108410886 159.8668 102.02415 -999.0 -999.0 -999.0 -999.0 -999.0 247.44435843702746 -25.91517348474659 247.51465064994363 -25.974439167810807 85.85525761710308 43.54249566289201 -999.0 16600.0 -999.0 2 -999 {-999.0 -999.0 -999.0 -999.0 -999.0} "" -999.0 -999.0 -999.0 -999.0 -999 -999 "" "" "" "" 0 0 0.0 0.0 -999 ""
FIBERMAP 1221 R-8C13 BOSS 1 1 0 1 0 0 55.022620979487655 -145.77533407396555 143.1 155.17989225608935 13.967074060756943 159.8668 102.02415 247.44205230830815 -25.914217381953772 -6.1372833 -4.19543 0.33451954 247.44202454457405 -25.91420198650382 247.51230176633703 -25.973485050336354 85.85596388283787 43.51195853670117 5400.0 5400.0 2016.0 1 418 {-999.0 17.88184 16.317375 15.75287 -999.0} sdss_psfmag_ps1 17.15627 16.206787 15.233529 12.905 63050396393498948 1075849135 bright_1x1 mwm_erosita_stars_boss mwm_erosita science 0 0 0.0 0.0 -999 ""
FIBERMAP 1221 R-8C13 METROLOGY 0 0 0 1 0 0 55.606632635547584 -146.27659585963744 143.1 155.8192346302308 14.39547118031209 159.8668 102.02415 -999.0 -999.0 -999.0 -999.0 -999.0 247.44418890400306 -25.912901994603477 247.51446605952276 -25.972176971420915 85.85368936476156 43.51982589520844 -999.0 6231.0 -999.0 -1 -999 {-999.0 -999.0 -999.0 -999.0 -999.0} "" -999.0 -999.0 -999.0 -999.0 -999 -999 "" "" "" "" 0 0 0.0 0.0 -999 ""
FIBERMAP 1223 R+13C7 APOGEE 1 1 0 1 0 0 6.1366611102435975 241.23737886693812 143.1 -230.7698901036062 70.52270080530099 22.79119 47.829723 246.14372873132262 -25.73889610342961 -1.8741782 -7.059273 0.19268513 246.1437072203685 -25.738897963004725 246.21316301652598 -25.801306174100098 86.3807714460241 27.79216082720984 16000.0 16600.0 2016.0 2 100 {-999.0 15.691835 13.828799 12.834518 -999.0} sdss_psfmag_from_g3xp 14.824195 13.474614 12.341164 9.374 63050396395016594 1153044961 bright_1x1 mwm_galactic_core_dist_apogee_sparse mwm_galactic science 0 0 0.0 0.0 -999 ""
FIBERMAP 1223 R+13C7 BOSS 0 0 0 1 0 0 5.851253376410021 240.5856442915662 143.1 -230.2184351146554 70.07317883669269 22.79119 47.829723 -999.0 -999.0 -999.0 -999.0 -999.0 246.14551124075967 -25.740248595318633 246.21496461586923 -25.802664258912227 86.381247112153 27.824817064687295 -999.0 5400.0 -999.0 1 174 {-999.0 -999.0 -999.0 -999.0 -999.0} "" -999.0 -999.0 -999.0 -999.0 -999 -999 "" "" "" "" 0 0 0.0 0.0 -999 ""
FIBERMAP 1223 R+13C7 METROLOGY 0 0 0 1 0 0 5.4062292838913315 241.17229608072927 143.1 -230.90281914193935 69.80155540307545 22.79119 47.829723 -999.0 -999.0 -999.0 -999.0 -999.0 246.1431718968288 -25.741048128519967 246.21262894849747 -25.803465689706634 86.38291451337201 27.80086842456859 -999.0 6231.0 -999.0 -1 -999 {-999.0 -999.0 -999.0 -999.0 -999.0} "" -999.0 -999.0 -999.0 -999.0 -999 -999 "" "" "" "" 0 0 0.0 0.0 -999 ""
FIBERMAP 1224 R+5C18 APOGEE 1 1 0 1 0 0 154.1685528728902 111.10124941009413 143.1 -65.74652279846205 178.28562160461883 83.31498 91.532425 246.6995218940448 -25.415218772210064 -2.4859416 1.5683426 0.3379113 246.6995093408046 -25.415223282275008 246.7681579207939 -25.476399834032396 85.8542655249654 31.945886650571765 16000.0 16600.0 2016.0 2 64 {-999.0 16.476273 14.124692 12.820408 -999.0} sdss_psfmag_from_g3xp 15.256723 13.471078 12.206781 8.471 63050396393523951 1153043190 bright_1x1 mwm_galactic_core_dist_apogee_sparse mwm_galactic science 0 0 0.0 0.0 -999 ""
FIBERMAP 1224 R+5C18 BOSS 0 0 0 1 0 0 154.88455766093028 110.91307352155127 143.1 -65.37346269374551 178.92503751323167 83.31498 91.532425 -999.0 -999.0 -999.0 -999.0 -999.0 246.7007593178961 -25.413226940248403 246.7693935426945 -25.474414415376 85.85198898897404 31.9450601578107 -999.0 5400.0 -999.0 1 216 {-999.0 -999.0 -999.0 -999.0 -999.0} "" -999.0 -999.0 -999.0 -999.0 -999 -999 "" "" "" "" 0 0 0.0 0.0 -999 ""
FIBERMAP 1224 R+5C18 METROLOGY 0 0 0 1 0 0 154.34471027829454 110.38230645418375 143.1 -65.00669696211854 178.26278139023213 83.31498 91.532425 -999.0 -999.0 -999.0 -999.0 -999.0 246.7019647005588 -25.41520929055226 246.77060749384623 -25.47638957413646 85.85312286984716 31.97207236028214 -999.0 6231.0 -999.0 -1 -999 {-999.0 -999.0 -999.0 -999.0 -999.0} "" -999.0 -999.0 -999.0 -999.0 -999 -999 "" "" "" "" 0 0 0.0 0.0 -999 ""
FIBERMAP 1227 R-4C8 APOGEE 0 0 0 1 0 0 -98.91045123664925 -84.0938320884072 143.1 54.526728671399134 -117.815349346387 201.54085 130.19142 -999.0 -999.0 -999.0 -999.0 -999.0 247.10205971190882 -26.31408599676395 247.17345212900295 -26.37406093137084 86.35678996573714 44.19029049267465 -999.0 16600.0 -999.0 2 -999 {-999.0 -999.0 -999.0 -999.0 -999.0} "" -999.0 -999.0 -999.0 -999.0 -999 -999 "" "" "" "" 0 0 0.0 0.0 -999 ""
FIBERMAP 1227 R-4C8 BOSS 1 1 0 1 0 0 -99.57654527840047 -83.75830177283004 143.1 54.02507160022516 -118.36721425563816 201.54085 130.19142 247.1003723144531 -26.315818793231884 -999.0 -999.0 -999.0 247.1003984151609 -26.3158053788918 247.1717851643682 -26.37579381191207 86.35907603259085 44.191621471152644 5400.0 5400.0 2015.5 1 479 {-999.0 -999.0 -999.0 -999.0 -999.0} "" -999.0 -999.0 -999.0 -999.0 27021603175506962 814889677 "" ops_sky_boss_good ops_sky sky_boss 0 0 0.0 0.0 -999 ""
FIBERMAP 1227 R-4C8 METROLOGY 0 0 0 1 0 0 -98.94492300748608 -83.34663070068667 143.1 53.79762563509542 -117.64843758884467 201.54085 130.19142 -999.0 -999.0 -999.0 -999.0 -999.0 247.09963698223996 -26.31364273369875 247.17102005684342 -26.373630739472794 86.3579567022513 44.16054458063434 -999.0 6231.0 -999.0 -1 -999 {-999.0 -999.0 -999.0 -999.0 -999.0} "" -999.0 -999.0 -999.0 -999.0 -999 -999 "" "" "" "" 0 0 0.0 0.0 -999 ""
FIBERMAP 1228 R-4C5 APOGEE 1 1 0 1 0 0 -144.85829302391932 -64.86482691669589 143.1 23.694885417714406 -156.93242829581058 77.83152 81.14847 246.99738640784685 -26.432360241739975 0.14951949 -5.4867353 0.10219242 246.99738253088077 -26.432391447352998 247.06910048303598 -26.492583975975172 86.50720060165513 44.390873127637064 16000.0 16600.0 2016.0 2 296 {-999.0 15.196228 13.559148 12.574562 -999.0} sdss_psfmag_from_g3xp 14.489088 13.22894 12.120575 9.426 63050396393386344 1153043208 bright_1x1 mwm_galactic_core_dist_apogee_sparse mwm_galactic science 0 0 0.0 0.0 -999 ""
FIBERMAP 1228 R-4C5 BOSS 0 0 0 1 0 0 -144.1624874076509 -65.12505369876108 143.1 24.131951024108677 -156.33177007983844 77.83152 81.14847 -999.0 -999.0 -999.0 -999.0 -999.0 246.99888882486127 -26.43063266434998 247.07059192219288 -26.49083163988354 86.50500912008933 44.387208419475314 -999.0 5400.0 -999.0 1 487 {-999.0 -999.0 -999.0 -999.0 -999.0} "" -999.0 -999.0 -999.0 -999.0 -999 -999 "" "" "" "" 0 0 0.0 0.0 -999 ""
FIBERMAP 1228 R-4C5 METROLOGY 0 0 0 1 0 0 -144.73642067019202 -65.6079675825229 143.1 24.44348472498264 -157.01404880168934 77.83152 81.14847 -999.0 -999.0 -999.0 -999.0 -999.0 246.99993859463396 -26.43271863750599 247.07165099481665 -26.492911831418763 86.50587916053412 44.42188925415269 -999.0 6231.0 -999.0 -1 -999 {-999.0 -999.0 -999.0 -999.0 -999.0} "" -999.0 -999.0 -999.0 -999.0 -999 -999 "" "" "" "" 0 0 0.0 0.0 -999 ""
FIBERMAP 1230 R+8C17 APOGEE 1 1 0 1 0 0 165.4049676137086 152.42440712156846 143.1 -102.54873009574219 200.17859786322154 300.75378 151.46854 246.57673955242407 -25.348783053763093 -7.099225 -27.878529 7.148821 246.576693035427 -25.348855755673284 246.6451188748132 -25.410342095498084 85.85253924555454 30.15836323312999 16000.0 16600.0 2016.0 2 75 {-999.0 17.333025 15.481069 14.512998 -999.0} sdss_psfmag_ps1 16.55158 15.708463 13.488582 9.807 63050396395025716 1034643127 bright_1x1 mwm_yso_disk_apogee_single mwm_yso science 0 0 0.0 0.0 -999 ""
FIBERMAP 1230 R+8C17 BOSS 0 0 0 1 0 0 165.41995101695866 151.6808196208078 143.1 -101.8283283199202 199.99387848364128 300.75378 151.46854 -999.0 -999.0 -999.0 -999.0 -999.0 246.5790876144621 -25.349368831818275 246.64750713806006 -25.410862931621296 85.85194454888722 30.187923099497766 -999.0 5400.0 -999.0 1 234 {-999.0 -999.0 -999.0 -999.0 -999.0} "" -999.0 -999.0 -999.0 -999.0 -999 -999 "" "" "" "" 0 0 0.0 0.0 -999 ""
FIBERMAP 1230 R+8C17 METROLOGY 0 0 0 1 0 0 164.76294988672157 152.03554161439834 143.1 -102.34603973096407 199.4559139870457 300.75378 151.46854 -999.0 -999.0 -999.0 -999.0 -999.0 246.57732109942205 -25.350958302998507 246.6457472070034 -25.412452315080355 85.85410671439271 30.179419159692145 -999.0 6231.0 -999.0 -1 -999 {-999.0 -999.0 -999.0 -999.0 -999.0} "" -999.0 -999.0 -999.0 -999.0 -999 -999 "" "" "" "" 0 0 0.0 0.0 -999 ""
FIBERMAP 1233 R+11C16 APOGEE 1 1 0 1 0 0 176.02016796632515 220.48080312734172 143.1 -165.2727147969672 228.63303418170764 20.162989 136.64906 246.36814511266152 -25.26244288011173 -8.084642 -99.74546 6.0225663 246.36810362598914 -25.26273269438677 246.43622886905905 -25.32473738373547 85.86455715459961 27.29309819771339 16000.0 16600.0 2016.0 2 104 {-999.0 13.931385 12.736795 12.108837 -999.0} sdss_psfmag_from_g3xp 13.483888 12.617363 11.687494 9.631 63050396395027737 1034936141 bright_1x1 mwm_yso_pms_apogee_sagitta_edr3_single mwm_yso science 0 0 0.0 0.0 -999 ""
FIBERMAP 1233 R+11C16 BOSS 0 0 0 1 0 0 176.69844853929365 220.20976907615318 143.1 -164.8299309514399 229.21391387392868 20.162989 136.64906 -999.0 -999.0 -999.0 -999.0 -999.0 246.36962338957028 -25.26099601474944 246.43773634439697 -25.32301147188695 85.8624058607982 27.29941202823892 -999.0 5400.0 -999.0 1 178 {-999.0 -999.0 -999.0 -999.0 -999.0} "" -999.0 -999.0 -999.0 -999.0 -999 -999 "" "" "" "" 0 0 0.0 0.0 -999 ""
FIBERMAP 1233 R+11C16 METROLOGY 0 0 0 1 0 0 176.10832640598926 219.74401106915434 143.1 -164.53926146312475 228.5206332842196 20.162989 136.64906 -999.0 -999.0 -999.0 -999.0 -999.0 246.37052699057784 -25.263037799737823 246.43864824624654 -25.32504661718255 85.86386364149539 27.32217336904631 -999.0 6231.0 -999.0 -1 -999 {-999.0 -999.0 -999.0 -999.0 -999.0} "" -999.0 -999.0 -999.0 -999.0 -999 -999 "" "" "" "" 0 0 0.0 0.0 -999 ""
FIBERMAP 1234 R+5C14 APOGEE 1 1 0 1 0 0 42.06334561137986 102.26399550224077 143.1 -87.25760536965798 67.91408746684783 172.07426 102.925354 246.6250962722997 -25.74911483789823 -2.6893196 -6.3351693 0.10846158 246.6251123675194 -25.749149137048754 246.69471942985058 -25.810412345098538 86.1732618601334 33.66081630576224 16000.0 16600.0 2016.0 2 93 {-999.0 18.512995 16.264517 14.866133 -999.0} sdss_psfmag_ps1 17.382366 15.487091 14.1981735 10.615 63050396393521644 1156856162 bright_1x1 mwm_galactic_core_dist_apogee_extra mwm_galactic science 0 0 0.0 0.0 -999 ""
FIBERMAP 1234 R+5C14 BOSS 0 0 0 1 0 0 42.003826477196974 103.00662304530647 143.1 -87.9890102867237 68.05564302521506 172.07426 102.925354 -999.0 -999.0 -999.0 -999.0 -999.0 246.62260910549207 -25.748661665549285 246.69220555005006 -25.80994304492773 86.17408429624987 33.62844870176326 -999.0 5400.0 -999.0 1 166 {-999.0 -999.0 -999.0 -999.0 -999.0} "" -999.0 -999.0 -999.0 -999.0 -999 -999 "" "" "" "" 0 0 0.0 0.0 -999 ""
FIBERMAP 1234 R+5C14 METROLOGY 0 0 0 1 0 0 42.68366266575733 102.68030135826136 143.1 -87.49254446025336 68.62321376816428 172.07426 102.925354 -999.0 -999.0 -999.0 -999.0 -999.0 246.62427947640728 -25.74694257591824 246.69387371750952 -25.808217028001113 86.17182141202629 33.633502791153944 -999.0 6231.0 -999.0 -1 -999 {-999.0 -999.0 -999.0 -999.0 -999.0} "" -999.0 -999.0 -999.0 -999.0 -999 -999 "" "" "" "" 0 0 0.0 0.0 -999 ""
FIBERMAP 1236 R+13C5 APOGEE 1 1 0 1 0 0 -53.265401536269216 236.84902873564218 143.1 -242.45168494002186 12.118099269469004 299.6541 96.6008 246.10279153559117 -25.915310386136127 -11.779201 -24.611364 7.5114837 246.10274851000156 -25.915366328204406 246.17270996317222 -25.977824023290715 86.55429619319743 28.58288817573299 16000.0 16600.0 2016.0 2 52 {-999.0 18.47166 16.94494 15.1837015 -999.0} sdss_psfmag_ps1 17.907015 15.82304 14.483015 11.678 63050396395015096 1034958766 bright_1x1 mwm_yso_pms_apogee_sagitta_edr3_single mwm_yso science 0 0 0.0 0.0 -999 ""
FIBERMAP 1236 R+13C5 BOSS 0 0 0 1 0 0 -53.89791262910346 236.4163135069155 143.1 -242.20420261803528 11.392830044305699 299.6541 96.6008 -999.0 -999.0 -999.0 -999.0 -999.0 246.1035318301327 -25.917554925072732 246.17349321179847 -25.98002159724144 86.55591318498166 28.6102867319874 -999.0 5400.0 -999.0 1 89 {-999.0 -999.0 -999.0 -999.0 -999.0} "" -999.0 -999.0 -999.0 -999.0 -999 -999 "" "" "" "" 0 0 0.0 0.0 -999 ""
FIBERMAP 1236 R+13C5 METROLOGY 0 0 0 1 0 0 -53.9403022843636 237.1657967934191 143.1 -242.93762473012436 11.552724695438435 299.6541 96.6008 -999.0 -999.0 -999.0 -999.0 -999.0 246.1010388416548 -25.91705307488362 246.17100000279243 -25.979522550731645 86.55651492248847 28.5733975286052 -999.0 6231.0 -999.0 -1 -999 {-999.0 -999.0 -999.0 -999.0 -999.0} "" -999.0 -999.0 -999.0 -999.0 -999 -999 "" "" "" "" 0 0 0.0 0.0 -999 ""
FIBERMAP 1237 R-2C7 APOGEE 1 1 0 1 0 0 -128.70324998764647 -59.361777840092486 143.1 22.719923552397397 -139.8944203453505 349.73376 36.058575 246.99423921996691 -26.38082146991847 0.11832779 -6.5118356 0.08216365 246.99422263120027 -26.3808400125188 247.06578648808386 -26.441054012423074 86.47141767904672 43.783390719069644 16000.0 16600.0 2016.0 2 286 {-999.0 14.766626 13.351908 12.678044 -999.0} sdss_psfmag_from_g3xp 14.194379 13.229777 12.260117 9.875 63050396393476751 1153043112 bright_1x1 mwm_galactic_core_dist_apogee_sparse mwm_galactic science 0 0 0.0 0.0 -999 ""
FIBERMAP 1237 R-2C7 BOSS 0 0 0 1 0 0 -129.4399310812014 -59.42247792672837 143.1 22.581098384999503 -140.62041261436886 349.73376 36.058575 -999.0 -999.0 -999.0 -999.0 -999.0 246.99376801963413 -26.383091733620397 247.06532847538324 -26.4433159478785 86.47336188556747 43.80332616539505 -999.0 5400.0 -999.0 1 469 {-999.0 -999.0 -999.0 -999.0 -999.0} "" -999.0 -999.0 -999.0 -999.0 -999 -999 "" "" "" "" 0 0 0.0 0.0 -999 ""
FIBERMAP 1237 R-2C7 METROLOGY 0 0 0 1 0 0 -129.11681996166703 -58.75666860297587 143.1 22.026181551417782 -140.13079672946213 349.73376 36.058575 -999.0 -999.0 -999.0 -999.0 -999.0 246.9918926137722 -26.381625205731194 247.06345107166908 -26.44185153027423 86.4734185232658 43.767094483097765 -999.0 6231.0 -999.0 -1 -999 {-999.0 -999.0 -999.0 -999.0 -999.0} "" -999.0 -999.0 -999.0 -999.0 -999 -999 "" "" "" "" 0 0 0.0 0.0 -999 ""
FIBERMAP 1238 R-9C3 APOGEE 1 1 0 1 0 0 -167.04397682142127 -175.92241812570003 143.1 124.74826267033698 -208.05111817914707 247.65915 35.62696 247.33890572567918 -26.586360205682833 -7.590809 -5.4160786 0.088729896 247.3389014790206 -26.586397232591253 247.41116426199096 -26.645733058844602 86.39536340205511 49.617085751398804 16000.0 16600.0 2016.0 2 283 {-999.0 14.977469 13.254937 12.163422 -999.0} sdss_psfmag_from_g3xp 14.236943 12.844597 11.700015 8.948 63050396393378146 1156256691 bright_1x1 mwm_galactic_core_dist_apogee_extra mwm_galactic science 0 0 0.0 0.0 -999 ""
FIBERMAP 1238 R-9C3 BOSS 0 0 0 1 0 0 -167.232249765991 -175.19973204702922 143.1 124.00158572636303 -208.0389478263427 247.65915 35.62696 -999.0 -999.0 -999.0 -999.0 -999.0 247.33640481725826 -26.58638165581826 247.40865567797027 -26.645732459664934 86.39703373146837 49.59328941285037 -999.0 5400.0 -999.0 1 464 {-999.0 -999.0 -999.0 -999.0 -999.0} "" -999.0 -999.0 -999.0 -999.0 -999 -999 "" "" "" "" 0 0 0.0 0.0 -999 ""
FIBERMAP 1238 R-9C3 METROLOGY 0 0 0 1 0 0 -166.51016165578747 -175.41030640274926 143.1 124.39785430734537 -207.3996700814694 247.65915 35.62696 -999.0 -999.0 -999.0 -999.0 -999.0 247.3377695136094 -26.584489999990158 247.41001824305727 -26.643835507880908 86.39486098761128 49.58373385451716 -999.0 6231.0 -999.0 -1 -999 {-999.0 -999.0 -999.0 -999.0 -999.0} "" -999.0 -999.0 -999.0 -999.0 -999 -999 "" "" "" "" 0 0 0.0 0.0 -999 ""
FIBERMAP 1239 R0C25 APOGEE 1 1 0 1 0 0 244.2476967715577 11.842637613327273 143.1 54.0072957128382 238.48548542796644 93.71937 125.13294 247.1013480087802 -25.23468548140577 -7.32562 -26.104193 7.3927116 247.10135581481123 -25.234785254891488 247.16957150170026 -25.29505397633731 85.50767382916538 34.74251256754951 16000.0 16600.0 2016.0 2 105 {-999.0 17.617668 16.077497 14.413294 -999.0} sdss_psfmag_ps1 17.006956 15.05729 13.741296 11.033 63050396393546215 1034958505 bright_1x1 mwm_yso_pms_apogee_sagitta_edr3_single mwm_yso science 0 0 0.0 0.0 -999 ""
FIBERMAP 1239 R0C25 BOSS 0 0 0 1 0 0 244.8439859406422 12.27119924571146 143.1 53.754113755731325 239.17474518824008 93.71937 125.13294 -999.0 -999.0 -999.0 -999.0 -999.0 247.10052425509534 -25.2326749600499 247.16872333081028 -25.292960302084623 85.50634928304885 34.71961623979746 -999.0 5400.0 -999.0 1 179 {-999.0 -999.0 -999.0 -999.0 -999.0} "" -999.0 -999.0 -999.0 -999.0 -999 -999 "" "" "" "" 0 0 0.0 0.0 -999 ""
FIBERMAP 1239 R0C25 METROLOGY 0 0 0 1 0 0 244.94039860471324 11.567019957028666 143.1 54.45835794571245 239.0790312587799 93.71937 125.13294 -999.0 -999.0 -999.0 -999.0 -999.0 247.1028872642685 -25.232931698234363 247.17109052707758 -25.29320735101936 85.50537603895701 34.744146534152264 -999.0 6231.0 -999.0 -1 -999 {-999.0 -999.0 -999.0 -999.0 -999.0} "" -999.0 -999.0 -999.0 -999.0 -999 -999 "" "" "" "" 0 0 0.0 0.0 -999 ""
FIBERMAP 1244 R-7C12 APOGEE 1 1 0 1 0 0 42.82546543079207 -153.50121525548224 143.1 159.35641945555307 0.1468429830158774 346.90552 57.737793 247.4560546875 -25.956147338618123 -999.0 -999.0 -999.0 247.45605568015446 -25.956117959778062 247.52647173687978 -26.015344585249412 85.87835061799655 44.03359329720843 16000.0 16600.0 2015.5 2 163 {-999.0 -999.0 -999.0 -999.0 -999.0} "" -999.0 -999.0 -999.0 -999.0 27021603175507340 845949752 "" ops_sky_apogee_best ops_sky sky_apogee 0 0 0.0 0.0 -999 ""
FIBERMAP 1244 R-7C12 BOSS 0 0 0 1 0 0 42.30975747897875 -154.03284892716007 143.1 159.73048534659355 -0.4923887763795619 346.90552 57.737793 -999.0 -999.0 -999.0 -999.0 -999.0 247.4574015279957 -25.95804368341621 247.52781196046487 -26.017277946143633 85.87895945795215 44.06413431751474 -999.0 5400.0 -999.0 1 394 {-999.0 -999.0 -999.0 -999.0 -999.0} "" -999.0 -999.0 -999.0 -999.0 -999 -999 "" "" "" "" 0 0 0.0 0.0 -999 ""
FIBERMAP 1244 R-7C12 METROLOGY 0 0 0 1 0 0 42.08879147505287 -153.33166504648327 143.1 158.99576793138667 -0.5174745704363612 346.90552 57.737793 -999.0 -999.0 -999.0 -999.0 -999.0 247.45494849332087 -25.9581262843921 247.52536190313333 -26.017363163927264 85.8805119698643 44.04237271333545 -999.0 6231.0 -999.0 -1 -999 {-999.0 -999.0 -999.0 -999.0 -999.0} "" -999.0 -999.0 -999.0 -999.0 -999 -999 "" "" "" "" 0 0 0.0 0.0 -999 ""
FIBERMAP 1245 R-13C10 APOGEE 1 1 0 1 0 0 58.36263962728865 -268.27699617324265 143.1 274.09528060078236 -15.624645607841781 300.35602 92.386314 247.84057617187497 -26.00282917883918 -999.0 -999.0 -999.0 247.84058247720867 -26.00279748839701 247.91122499552898 -26.0610911414302 85.66921658357701 47.82192015604977 16000.0 16600.0 2015.5 2 158 {-999.0 -999.0 -999.0 -999.0 -999.0} "" -999.0 -999.0 -999.0 -999.0 27021603175506156 845949545 "" ops_sky_apogee_best ops_sky sky_apogee 0 0 0.0 0.0 -999 ""
FIBERMAP 1245 R-13C10 BOSS 0 0 0 1 0 0 57.75375904628913 -268.6826641343508 143.1 274.3230339320409 -16.31990461284387 300.35602 92.386314 -999.0 -999.0 -999.0 -999.0 -999.0 247.8413500153718 -26.00488442911001 247.911985857751 -26.063186916177166 85.67017444185481 47.84821515131921 -999.0 5400.0 -999.0 1 439 {-999.0 -999.0 -999.0 -999.0 -999.0} "" -999.0 -999.0 -999.0 -999.0 -999 -999 "" "" "" "" 0 0 0.0 0.0 -999 ""
FIBERMAP 1245 R-13C10 METROLOGY 0 0 0 1 0 0 57.68364391567479 -267.95828441664514 143.1 273.60637145556007 -16.19344478099937 300.35602 92.386314 -999.0 -999.0 -999.0 -999.0 -999.0 247.83901512557455 -26.00451878651544 247.90965305929888 -26.06282378360188 85.67143515244862 47.82552415861426 -999.0 6231.0 -999.0 -1 -999 {-999.0 -999.0 -999.0 -999.0 -999.0} "" -999.0 -999.0 -999.0 -999.0 -999 -999 "" "" "" "" 0 0 0.0 0.0 -999 ""
FIBERMAP 1248 R-10C3 APOGEE 0 0 0 1 0 0 -127.91396681934732 -173.41335825268686 143.1 132.81115239715615 -169.68039365893438 141.77896 28.131922 -999.0 -999.0 -999.0 -999.0 -999.0 247.3664149772637 -26.47061628420331 247.43833866183365 -26.529917728733146 86.29936120263017 48.530912467816734 -999.0 16600.0 -999.0 2 284 {-999.0 -999.0 -999.0 -999.0 -999.0} "" -999.0 -999.0 -999.0 -999.0 -999 -999 "" "" "" "" 0 0 0.0 0.0 -999 ""
FIBERMAP 1248 R-10C3 BOSS 1 1 0 1 0 0 -127.18249904778008 -173.5248196062346 143.1 133.1144454527344 -169.00553394592004 141.77896 28.131922 247.36767161772704 -26.468496193092104 -51.30377 -27.10569 1.6120481 247.36748715061535 -26.468603273153345 247.43939373145759 -26.527912153566522 86.29730416844973 48.51812063756546 5400.0 5400.0 2016.0 1 465 {-999.0 16.868668 15.758847 15.486914 -999.0} sdss_psfmag_ps1 16.389631 15.822431 15.024947 -999.0 63050396393390658 1072782218 bright_1x1 mwm_halo_local_high_boss_single mwm_halo science 0 0 0.0 0.0 -999 ""
FIBERMAP 1248 R-10C3 METROLOGY 0 0 0 1 0 0 -127.62793391075652 -174.0985908865554 143.1 133.5479288669645 -169.58834874253427 141.77896 28.131922 -999.0 -999.0 -999.0 -999.0 -999.0 247.36896619645026 -26.47038597949555 247.4408816751552 -26.52968815919601 86.29753830295313 48.55229968433042 -999.0 6231.0 -999.0 -1 -999 {-999.0 -999.0 -999.0 -999.0 -999.0} "" -999.0 -999.0 -999.0 -999.0 -999 -999 "" "" "" "" 0 0 0.0 0.0 -999 ""
FIBERMAP 1250 R-9C17 APOGEE 0 0 0 1 0 0 156.15869094127981 -190.46853854893683 143.1 225.32555256939733 99.43365683458259 281.52652 57.485096 -999.0 -999.0 -999.0 -999.0 -999.0 247.67595060947278 -25.655179606017153 247.74552775674306 -25.713961909596907 85.52261408873046 43.285959663002814 -999.0 16600.0 -999.0 2 -999 {-999.0 -999.0 -999.0 -999.0 -999.0} "" -999.0 -999.0 -999.0 -999.0 -999 -999 "" "" "" "" 0 0 0.0 0.0 -999 ""
FIBERMAP 1250 R-9C17 BOSS 1 1 0 1 0 0 155.43786966639396 -190.1733172488602 143.1 224.8480725308942 98.81827054223614 281.52652 57.485096 247.67440795898438 -25.657043644167345 -999.0 -999.0 -999.0 247.6744037022976 -25.657019063659185 247.7439735303966 -25.71581709828673 85.52493069792155 43.28838718122307 5400.0 5400.0 2015.5 1 334 {-999.0 -999.0 -999.0 -999.0 -999.0} "" -999.0 -999.0 -999.0 -999.0 27021603175508482 814889838 "" ops_sky_boss_good ops_sky sky_boss 0 0 0.0 0.0 -999 ""
FIBERMAP 1250 R-9C17 METROLOGY 0 0 0 1 0 0 156.02982050530414 -189.7317274282773 143.1 224.58117699367259 99.50683999260119 281.52652 57.485096 -999.0 -999.0 -999.0 -999.0 -999.0 247.6735388940376 -25.654924205649206 247.7431058697856 -25.713721333891076 85.52388629997158 43.2630391167786 -999.0 6231.0 -999.0 -1 -999 {-999.0 -999.0 -999.0 -999.0 -999.0} "" -999.0 -999.0 -999.0 -999.0 -999 -999 "" "" "" "" 0 0 0.0 0.0 -999 ""
FIBERMAP 1255 R-8C3 APOGEE 1 1 0 1 0 0 -166.63058587124863 -162.8098097085553 143.1 112.22600168440557 -204.14090378058927 212.8518 123.6828 247.2965954624596 -26.574705515601078 5.3377924 -7.1934156 0.3938242 247.29661701074596 -26.57474464189548 247.36883445599722 -26.634184639234878 86.41570779653333 49.07592912604133 16000.0 16600.0 2016.0 2 282 {-999.0 13.97128 12.731661 12.154081 -999.0} sdss_psfmag_from_g3xp 13.5027075 12.658006 11.750303 9.608 63050396393378278 1110164590 bright_1x1 mwm_tess_rgb_apogee mwm_tessrgb science 0 0 0.0 0.0 -999 ""
FIBERMAP 1255 R-8C3 BOSS 0 0 0 1 0 0 -167.30302490706762 -162.50669528171798 143.1 111.75387542612495 -204.70756353229976 212.8518 123.6828 -999.0 -999.0 -999.0 -999.0 -999.0 247.29504557582365 -26.57647645588383 247.36725670263763 -26.635928779234334 86.41792495356033 49.081361050389546 -999.0 5400.0 -999.0 1 463 {-999.0 -999.0 -999.0 -999.0 -999.0} "" -999.0 -999.0 -999.0 -999.0 -999 -999 "" "" "" "" 0 0 0.0 0.0 -999 ""
FIBERMAP 1255 R-8C3 METROLOGY 0 0 0 1 0 0 -166.68968597629657 -162.07454387919023 143.1 111.50180143485134 -204.00091620486285 212.8518 123.6828 -999.0 -999.0 -999.0 -999.0 -999.0 247.2942167326215 -26.574385944088636 247.36642455420213 -26.633838256562477 86.41706643907483 49.04861593629249 -999.0 6231.0 -999.0 -1 -999 {-999.0 -999.0 -999.0 -999.0 -999.0} "" -999.0 -999.0 -999.0 -999.0 -999 -999 "" "" "" "" 0 0 0.0 0.0 -999 ""
FIBERMAP 1257 R0C5 APOGEE 1 1 0 1 0 0 -188.76567439071644 12.68287215341293 143.1 -62.775992166859794 -178.4642111775963 81.538795 76.11217 246.70434733982043 -26.49650281914193 -3.0778425 -1.8539765 0.31359386 246.7043413307123 -26.496523704447387 246.77617483428298 -26.557396728548678 86.73053132506544 41.816901655950005 16000.0 16600.0 2016.0 2 278 {-999.0 14.032546 12.433145 11.354793 -999.0} sdss_psfmag_from_g3xp 13.345759 12.024794 10.894994 8.235 63050396393474449 1156256675 bright_1x1 mwm_galactic_core_dist_apogee_extra mwm_galactic science 0 0 0.0 0.0 -999 ""
FIBERMAP 1257 R0C5 BOSS 0 0 0 1 0 0 -188.12126606745952 12.277189743711478 143.1 -62.21255708086091 -177.95202757860665 81.538795 76.11217 -999.0 -999.0 -999.0 -999.0 -999.0 246.7062403275843 -26.495033839621065 246.77806096210156 -26.55591204500809 86.72830565478522 41.822362889880026 -999.0 5400.0 -999.0 1 452 {-999.0 -999.0 -999.0 -999.0 -999.0} "" -999.0 -999.0 -999.0 -999.0 -999 -999 "" "" "" "" 0 0 0.0 0.0 -999 ""
FIBERMAP 1257 R0C5 METROLOGY 0 0 0 1 0 0 -188.79318351552223 11.936726967365408 143.1 -62.06450701573823 -178.69055382988458 81.538795 76.11217 -999.0 -999.0 -999.0 -999.0 -999.0 246.70672230166022 -26.497292801819626 246.77855230718114 -26.55816661001162 86.72972828904624 41.85396951576672 -999.0 6231.0 -999.0 -1 -999 {-999.0 -999.0 -999.0 -999.0 -999.0} "" -999.0 -999.0 -999.0 -999.0 -999 -999 "" "" "" "" 0 0 0.0 0.0 -999 ""
FIBERMAP 1258 R-12C12 APOGEE 0 0 0 1 0 0 70.20404085570976 -223.5103417694773 143.1 234.137565087662 7.773458377512642 222.3652 30.683874 -999.0 -999.0 -999.0 -999.0 -999.0 247.70683474773116 -25.932484966547616 247.77723846428512 -25.991118073653606 85.70560052275209 46.034294203046215 -999.0 16600.0 -999.0 2 -999 {-999.0 -999.0 -999.0 -999.0 -999.0} "" -999.0 -999.0 -999.0 -999.0 -999 -999 "" "" "" "" 0 0 0.0 0.0 -999 ""
FIBERMAP 1258 R-12C12 BOSS 1 1 0 1 0 0 70.44729436503127 -222.77868980681922 143.1 233.49782575792 8.203772266229384 222.3652 30.683874 247.70472159759578 -25.931206731030557 10.566263 1.6464244 2.5970173 247.7047392267047 -25.931175513310574 247.77512604956064 -25.989825495026597 85.70600675253178 46.00410131558618 5400.0 5400.0 2016.0 1 428 {-999.0 18.115881 16.534063 15.836533 -999.0} sdss_psfmag_ps1 17.393583 16.390924 15.368938 13.037 63050396393455093 1095567105 bright_1x1 mwm_bin_vis_boss mwm_filler science 0 0 0.0 0.0 -999 ""
FIBERMAP 1258 R-12C12 METROLOGY 0 0 0 1 0 0 70.93222056203632 -223.33930805323908 143.1 234.16781545336823 8.52081082965807 222.3652 30.683874 -999.0 -999.0 -999.0 -999.0 -999.0 247.70701470666404 -25.930211100566492 247.77740273547806 -25.98885263928496 85.703879550544 46.01452518264023 -999.0 6231.0 -999.0 -1 -999 {-999.0 -999.0 -999.0 -999.0 -999.0} "" -999.0 -999.0 -999.0 -999.0 -999 -999 "" "" "" "" 0 0 0.0 0.0 -999 ""
FIBERMAP 1259 R+6C4 APOGEE 0 0 0 1 0 0 -173.63191607746256 114.6398010265924 143.1 -156.95030262206788 -136.5769300619536 213.67537 86.5933 -999.0 -999.0 -999.0 -999.0 -999.0 246.38661214166808 -26.36781256380036 246.45798046570462 -26.429475332141326 86.8054930540952 36.43920551776188 -999.0 16600.0 -999.0 2 -999 {-999.0 -999.0 -999.0 -999.0 -999.0} "" -999.0 -999.0 -999.0 -999.0 -999 -999 "" "" "" "" 0 0 0.0 0.0 -999 ""
FIBERMAP 1259 R+6C4 BOSS 1 1 0 1 0 0 -174.0097549880667 115.28070749638275 143.1 -157.66896263961132 -136.76929478529325 213.67537 86.5933 246.38379145082382 -26.368381212447606 -3.1709518 -9.742287 0.2122827 246.384151293938 -26.368397154177124 246.4555129515444 -26.430075354205623 86.80726317426088 36.41313733388324 5400.0 5400.0 2016.0 1 39 {-999.0 14.819652 13.930592 13.47201 -999.0} sdss_psfmag_from_g3xp 14.532739 13.883655 13.093912 11.395 63050396393270829 1071765537 dark_flexible_2x1 mwm_halo_vmp_xp_boss mwm_halo science 0 0 1.1790828704833984 0.0 -999 ""
FIBERMAP 1259 R+6C4 METROLOGY 0 0 0 1 0 0 -173.2645591791074 115.2913738360519 143.1 -157.47965335222233 -136.0484997667981 213.67537 86.5933 -999.0 -999.0 -999.0 -999.0 -999.0 246.38477145589593 -26.366246179611018 246.45612910614773 -26.42792073077022 86.8051875535838 36.39879331940915 -999.0 6231.0 -999.0 -1 -999 {-999.0 -999.0 -999.0 -999.0 -999.0} "" -999.0 -999.0 -999.0 -999.0 -999 -999 "" "" "" "" 0 0 0.0 0.0 -999 ""
FIBERMAP 1262 R-5C7 APOGEE 1 1 0 1 0 0 -102.70462563118443 -105.12868318541138 143.1 73.77598109657995 -127.10449678375839 200.25163 159.94647 247.16690620444675 -26.34222565948191 -8.248648 -2.9341478 0.85833365 247.16712679744987 -26.342222036900612 247.23861894324693 -26.40203412743748 86.33706735366026 45.15797767553835 16000.0 16600.0 2016.0 2 293 {-999.0 11.991964 10.466277 9.735633 -999.0} sdss_psfmag_from_g3xp 11.351937 10.317602 9.317528 6.92 63050396393387505 1153043209 bright_1x1 mwm_galactic_core_dist_apogee_sparse mwm_galactic science 0 0 0.7746397852897644 0.0 -999 ""
FIBERMAP 1262 R-5C7 BOSS 0 0 0 1 0 0 -103.46707968069455 -105.10139069558522 143.1 73.54547915929038 -127.8317522788176 200.25163 159.94647 -999.0 -999.0 -999.0 -999.0 -999.0 247.16638978241704 -26.34447142763533 247.23787782656723 -26.404294567605827 86.3391579570554 45.17498290340541 -999.0 5400.0 -999.0 1 482 {-999.0 -999.0 -999.0 -999.0 -999.0} "" -999.0 -999.0 -999.0 -999.0 -999 -999 "" "" "" "" 0 0 0.0 0.0 -999 ""
FIBERMAP 1262 R-5C7 METROLOGY 0 0 0 1 0 0 -103.07309108419737 -104.47453261809262 143.1 73.04707190935001 -127.28428374805064 200.25163 159.94647 -999.0 -999.0 -999.0 -999.0 -999.0 247.16471325855974 -26.342831592218833 247.2361990229681 -26.402656375407364 86.33901671520404 45.14022752739754 -999.0 6231.0 -999.0 -1 -999 {-999.0 -999.0 -999.0 -999.0 -999.0} "" -999.0 -999.0 -999.0 -999.0 -999 -999 "" "" "" "" 0 0 0.0 0.0 -999 ""
FIBERMAP 1263 R-7C13 APOGEE 0 0 0 1 0 0 48.90497538756918 -125.32767370466793 143.1 133.84167393505902 13.549686085672274 122.44932 119.47454 -999.0 -999.0 -999.0 -999.0 -999.0 247.37015211078267 -25.91553970366066 247.44042810780547 -25.97498260235594 85.90009428979685 42.85502227269012 -999.0 16600.0 -999.0 2 176 {-999.0 -999.0 -999.0 -999.0 -999.0} "" -999.0 -999.0 -999.0 -999.0 -999 -999 "" "" "" "" 0 0 0.0 0.0 -999 ""
FIBERMAP 1263 R-7C13 BOSS 1 1 0 1 0 0 49.25484949015319 -124.65013813348908 143.1 133.28262769163504 14.068226661022974 122.44932 119.47454 247.36844671123924 -25.91392019482495 -32.04153 -10.498291 4.0200024 247.36835135898025 -25.913949061620844 247.43861092654322 -25.973408226279698 85.89999396029252 42.82332051137695 5400.0 5400.0 2016.0 1 419 {-999.0 20.627197 18.596577 17.076565 -999.0} sdss_psfmag_ps1 19.517004 17.754065 16.479683 13.656 63050396393498882 1077813819 bright_flexible_2x1 mwm_snc_ext_main_boss mwm_snc science 0 0 0.0 0.0 -999 ""
FIBERMAP 1263 R-7C13 METROLOGY 0 0 0 1 0 0 49.65145272841145 -125.28442364056535 143.1 133.99993456798015 14.28044264562513 122.44932 119.47454 -999.0 -999.0 -999.0 -999.0 -999.0 247.3707781426565 -25.913305593450797 247.44103957406776 -25.97275586866975 85.89806074690253 42.840189207487185 -999.0 6231.0 -999.0 -1 -999 {-999.0 -999.0 -999.0 -999.0 -999.0} "" -999.0 -999.0 -999.0 -999.0 -999 -999 "" "" "" "" 0 0 0.0 0.0 -999 ""
FIBERMAP 1268 R0C1 APOGEE 0 0 0 1 0 0 -281.3542041095356 12.862963765594722 143.1 -87.74744301057166 -267.6178312072056 74.94587 91.68513 -999.0 -999.0 -999.0 -999.0 -999.0 246.6190448570359 -26.764311672823126 246.69165351017944 -26.825315287478123 86.98061030933299 44.04735304386281 -999.0 16600.0 -999.0 2 254 {-999.0 -999.0 -999.0 -999.0 -999.0} "" -999.0 -999.0 -999.0 -999.0 -999 -999 "" "" "" "" 0 0 0.0 0.0 -999 ""
FIBERMAP 1268 R0C1 BOSS 1 1 0 1 0 0 -280.65043820870784 12.679003580327048 143.1 -87.38172234434514 -266.9890774253952 74.94587 91.68513 246.61997526761087 -26.762386239520396 11.453353 -6.4720345 6.1911483 246.62030283100296 -26.76240679195038 246.69289749368681 -26.823416217313408 86.97846381756547 44.03822357147362 5400.0 5400.0 2016.0 1 524 {-999.0 17.203947 15.42937 14.511505 -999.0} sdss_psfmag_ps1 16.370796 15.115971 14.016026 11.628 63050396393258758 1078035266 bright_flexible_2x1 mwm_snc_ext_main_boss mwm_snc science 0 0 0.8908191919326782 0.0 -999 ""
FIBERMAP 1268 R0C1 METROLOGY 0 0 0 1 0 0 -281.12943449316805 12.15848552384075 143.1 -87.00853301454785 -267.5899632554443 74.94587 91.68513 -999.0 -999.0 -999.0 -999.0 -999.0 246.6215386858257 -26.764272029598725 246.69414169284198 -26.82527565907105 86.97906810988083 44.07768206040117 -999.0 6231.0 -999.0 -1 -999 {-999.0 -999.0 -999.0 -999.0 -999.0} "" -999.0 -999.0 -999.0 -999.0 -999 -999 "" "" "" "" 0 0 0.0 0.0 -999 ""
FIBERMAP 1269 R+7C9 APOGEE 1 1 0 1 0 0 -22.859456025566537 136.29819251273642 143.1 -137.43515597127245 14.481377370331016 342.4154 135.80164 246.45514920889772 -25.91044612362587 -11.088459 -22.164465 6.950931 246.45510532067019 -25.91049757028457 246.52514329189705 -25.972121069332196 86.39145863638016 33.003874418718965 16000.0 16600.0 2016.0 2 139 {-999.0 14.888915 13.373544 12.593589 -999.0} sdss_psfmag_from_g3xp 14.233106 13.179544 12.152115 9.778 63050396393515650 1034936002 bright_1x1 mwm_yso_pms_apogee_sagitta_edr3_single mwm_yso science 0 0 0.0 0.0 -999 ""
FIBERMAP 1269 R+7C9 BOSS 0 0 0 1 0 0 -22.500621882650215 135.63401340665865 143.1 -136.69916461589565 14.64919937646181 342.4154 135.80164 -999.0 -999.0 -999.0 -999.0 -999.0 246.45752192985012 -25.909982877779935 246.5275510227832 -25.971612251213465 86.38987991122497 33.02874776534645 -999.0 5400.0 -999.0 1 136 {-999.0 -999.0 -999.0 -999.0 -999.0} "" -999.0 -999.0 -999.0 -999.0 -999 -999 "" "" "" "" 0 0 0.0 0.0 -999 ""
FIBERMAP 1269 R+7C9 METROLOGY 0 0 0 1 0 0 -23.247319497980897 135.66497183647328 143.1 -136.9289783624355 13.938105828546593 342.4154 135.80164 -999.0 -999.0 -999.0 -999.0 -999.0 246.45671423628949 -25.91213803594688 246.52675171708302 -25.973765488460707 86.39208653792748 33.037207596153735 -999.0 6231.0 -999.0 -1 -999 {-999.0 -999.0 -999.0 -999.0 -999.0} "" -999.0 -999.0 -999.0 -999.0 -999 -999 "" "" "" "" 0 0 0.0 0.0 -999 ""
FIBERMAP 1273 R+2C9 APOGEE 1 1 0 1 0 0 -96.1110744032265 27.37137488155745 143.1 -52.111581049555014 -85.26468827426567 240.2327 116.875694 246.7414783553385 -26.214579463610242 -7.7582793 -2.2837946 0.23417993 246.741454191245 -26.2145725445435 246.8124611283597 -26.27543341218986 86.49189106687275 39.215618645847826 16000.0 16600.0 2016.0 2 32 {-999.0 14.748761 13.709915 13.23595 -999.0} sdss_psfmag_from_g3xp 14.395029 13.678104 12.849723 10.973 63050396393485381 1106855193 bright_flexible_2x1 mwm_tess_rgb_apogee mwm_tessrgb science 0 0 0.0 0.0 -999 ""
FIBERMAP 1273 R+2C9 BOSS 0 0 0 1 0 0 -96.85432225072208 27.3642421502605 143.1 -52.30377297234424 -85.98266017842607 240.2327 116.875694 -999.0 -999.0 -999.0 -999.0 -999.0 246.74077200561388 -26.216784913382586 246.8117762760121 -26.277657149334303 86.49402030092071 39.230134584051086 -999.0 5400.0 -999.0 1 54 {-999.0 -999.0 -999.0 -999.0 -999.0} "" -999.0 -999.0 -999.0 -999.0 -999 -999 "" "" "" "" 0 0 0.0 0.0 -999 ""
FIBERMAP 1273 R+2C9 METROLOGY 0 0 0 1 0 0 -96.48087322943331 28.02237194782334 143.1 -52.83780920033591 -85.44660444086877 240.2327 116.875694 -999.0 -999.0 -999.0 -999.0 -999.0 246.73896339618355 -26.21516255454637 246.80996497408591 -26.276036604909898 86.49374576932021 39.192887486127404 -999.0 6231.0 -999.0 -1 -999 {-999.0 -999.0 -999.0 -999.0 -999.0} "" -999.0 -999.0 -999.0 -999.0 -999 -999 "" "" "" "" 0 0 0.0 0.0 -999 ""
FIBERMAP 1275 R-6C7 APOGEE 1 1 0 1 0 0 -96.12923952662108 -96.73729719335279 143.1 67.45261560325422 -118.52216186114327 166.46973 43.455883 247.14582253762566 -26.31616796188277 -11.119665 -22.647123 6.6999817 247.1457891124628 -26.316235770315455 247.21719873535096 -26.376105806128244 86.33150454455298 44.66102058367176 16000.0 16600.0 2016.0 2 246 {-999.0 15.295365 13.7246065 12.905948 -999.0} sdss_psfmag_gaia 14.553872 13.525143 12.436176 8.892 63050396393387672 1034928441 bright_1x1 mwm_yso_pms_apogee_sagitta_edr3_single mwm_yso science 0 0 0.0 0.0 -999 ""
FIBERMAP 1275 R-6C7 BOSS 0 0 0 1 0 0 -95.48738741887168 -96.3601022910655 143.1 67.26112460169858 -117.80276327937995 166.46973 43.455883 -999.0 -999.0 -999.0 -999.0 -999.0 247.14519220156282 -26.31410314441726 247.21658481075053 -26.37398519297108 86.330338714651 44.632036169566845 -999.0 5400.0 -999.0 1 505 {-999.0 -999.0 -999.0 -999.0 -999.0} "" -999.0 -999.0 -999.0 -999.0 -999 -999 "" "" "" "" 0 0 0.0 0.0 -999 ""
FIBERMAP 1275 R-6C7 METROLOGY 0 0 0 1 0 0 -95.483705348222 -97.10582178739843 143.1 67.98055355848209 -117.99894162623063 166.46973 43.455883 -999.0 -999.0 -999.0 -999.0 -999.0 247.14763025531752 -26.31471283676893 247.21902825550148 -26.37458606480735 86.32927434979437 44.66335921792103 -999.0 6231.0 -999.0 -1 -999 {-999.0 -999.0 -999.0 -999.0 -999.0} "" -999.0 -999.0 -999.0 -999.0 -999 -999 "" "" "" "" 0 0 0.0 0.0 -999 ""
FIBERMAP 1278 R+2C4 APOGEE 0 0 0 1 0 0 -191.71244897737833 51.3490839876702 143.1 -100.8171161370811 -170.94724443141115 72.02837 94.56614 -999.0 -999.0 -999.0 -999.0 -999.0 246.57572077850656 -26.473078580302655 246.6474509868981 -26.534263781593438 86.78647223636104 39.99029539456939 -999.0 16600.0 -999.0 2 -999 {-999.0 -999.0 -999.0 -999.0 -999.0} "" -999.0 -999.0 -999.0 -999.0 -999 -999 "" "" "" "" 0 0 0.0 0.0 -999 ""
FIBERMAP 1278 R+2C4 BOSS 1 1 0 1 0 0 -191.03243354820248 51.229815931476665 143.1 -100.52008238911333 -170.32404591809282 72.02837 94.56614 246.57647835402577 -26.47122374512413 -1.2514386 -1.7457154 0.10855561 246.5767082066915 -26.47124208494848 246.64842476483216 -26.532434811033884 86.78450184513206 39.98189839570557 5400.0 5400.0 2016.0 1 35 {-999.0 16.348282 15.4033985 14.965951 -999.0} sdss_psfmag_ps1 16.006512 15.356244 14.568294 12.853 63050396393268377 933606489 dark_1x1 openfibertargets_nov2020_29 open_fiber science 0 0 0.7607945799827576 0.0 -999 ""
FIBERMAP 1278 R+2C4 METROLOGY 0 0 0 1 0 0 -191.49191227957812 50.63433803159946 143.1 -100.06944769693618 -170.9262045653372 72.02837 94.56614 -999.0 -999.0 -999.0 -999.0 -999.0 246.5782073486016 -26.47309691470212 246.64993219974758 -26.53428291498146 86.78509224308846 40.02130877038155 -999.0 6231.0 -999.0 -1 -999 {-999.0 -999.0 -999.0 -999.0 -999.0} "" -999.0 -999.0 -999.0 -999.0 -999 -999 "" "" "" "" 0 0 0.0 0.0 -999 ""
FIBERMAP 1279 R-5C22 APOGEE 1 1 0 1 0 0 232.6649808078271 -113.85869344875188 143.1 172.008566806665 193.65990453797394 289.23727 85.08842 247.4961793134221 -25.370645904860964 -1.784016 -0.730557 0.3048921 247.4961791575798 -25.370624489613583 247.56488010069688 -25.42991397532274 85.40874538759572 39.40116115029514 16000.0 16600.0 2016.0 2 236 {-999.0 16.245502 14.497622 13.571535 -999.0} sdss_psfmag_from_g3xp 15.460085 14.183231 13.074955 10.047 63050396393533647 1153043232 bright_1x1 mwm_galactic_core_dist_apogee_sparse mwm_galactic science 0 0 0.0 0.0 -999 ""
FIBERMAP 1279 R-5C22 BOSS 0 0 0 1 0 0 231.94995884478786 -114.06991787893378 143.1 172.02056110365953 192.9144642872407 289.23727 85.08842 -999.0 -999.0 -999.0 -999.0 -999.0 247.49625095851522 -25.372850154432502 247.56494671828932 -25.432152442047535 85.41047393444444 39.418948397618294 -999.0 5400.0 -999.0 1 346 {-999.0 -999.0 -999.0 -999.0 -999.0} "" -999.0 -999.0 -999.0 -999.0 -999 -999 "" "" "" "" 0 0 0.0 0.0 -999 ""
FIBERMAP 1279 R-5C22 METROLOGY 0 0 0 1 0 0 232.13793548263075 -113.33832103766117 143.1 171.366070098091 193.29150844238183 289.23727 85.08842 -999.0 -999.0 -999.0 -999.0 -999.0 247.4940912060886 -25.37167868167221 247.56278638411425 -25.430982604522633 85.4107504390592 39.390728764555206 -999.0 6231.0 -999.0 -1 -999 {-999.0 -999.0 -999.0 -999.0 -999.0} "" -999.0 -999.0 -999.0 -999.0 -999 -999 "" "" "" "" 0 0 0.0 0.0 -999 ""
FIBERMAP 1282 R+11C4 APOGEE 1 1 0 1 0 0 -111.85987110343632 207.73041748855 143.1 -230.09149751909317 -52.131944413134185 203.93117 122.576385 246.1423394616705 -26.110186294296277 -3.1692998 -0.3592321 1.016118 246.1423349677607 -26.11018159381977 246.2128786405084 -26.172493057942862 86.7075474194807 30.716488638926478 16000.0 16600.0 2016.0 2 148 {-999.0 12.432741 11.161113 10.6133 -999.0} sdss_psfmag_from_g3xp 11.944374 11.112544 10.215462 8.093 63050396393329581 996668061 bright_1x1 mwm_bin_gaia_sb_apogee mwm_bin science 0 0 0.0 0.0 -999 ""
FIBERMAP 1282 R+11C4 BOSS 0 0 0 1 0 0 -112.46463715392925 208.11806404997708 143.1 -230.62693909366791 -52.610766296255925 203.93117 122.576385 -999.0 -999.0 -999.0 -999.0 -999.0 246.1405030633804 -26.111610340814384 246.2110436167202 -26.173936455972505 86.70961893156507 30.70411857759973 -999.0 5400.0 -999.0 1 151 {-999.0 -999.0 -999.0 -999.0 -999.0} "" -999.0 -999.0 -999.0 -999.0 -999 -999 "" "" "" "" 0 0 0.0 0.0 -999 ""
FIBERMAP 1282 R+11C4 METROLOGY 0 0 0 1 0 0 -111.81304933637446 208.46490667132562 143.1 -230.7865805200112 -51.89011735310386 203.93117 122.576385 -999.0 -999.0 -999.0 -999.0 -999.0 246.13994124161775 -26.10943586029588 246.21047719078115 -26.171760866845716 86.70798429992189 30.67759007793228 -999.0 6231.0 -999.0 -1 -999 {-999.0 -999.0 -999.0 -999.0 -999.0} "" -999.0 -999.0 -999.0 -999.0 -999 -999 "" "" "" "" 0 0 0.0 0.0 -999 ""
FIBERMAP 1283 R+3C24 APOGEE 1 1 0 1 0 0 275.0811210400707 68.53155194067385 143.1 7.65003463022987 283.3740616662173 82.442924 52.968937 246.94656372070312 -25.099678155607663 -999.0 -999.0 -999.0 246.94658365585033 -25.099703863722826 247.01437106012827 -25.16037787447247 85.46876784784536 32.3191124185181 16000.0 16600.0 2015.5 2 85 {-999.0 -999.0 -999.0 -999.0 -999.0} "" -999.0 -999.0 -999.0 -999.0 27021603175552797 845954580 "" ops_sky_apogee_best ops_sky sky_apogee 0 0 0.0 0.0 -999 ""
FIBERMAP 1283 R+3C24 BOSS 0 0 0 1 0 0 275.612838930953 68.01746898939561 143.1 8.28772338427247 283.7486439191199 82.442924 52.968937 -999.0 -999.0 -999.0 -999.0 -999.0 246.94872378389383 -25.09859872413258 247.01649875418548 -25.15928249608879 85.46683502976808 32.33281792486565 -999.0 5400.0 -999.0 1 258 {-999.0 -999.0 -999.0 -999.0 -999.0} "" -999.0 -999.0 -999.0 -999.0 -999 -999 "" "" "" "" 0 0 0.0 0.0 -999 ""
FIBERMAP 1283 R+3C24 METROLOGY 0 0 0 1 0 0 274.90801678224307 67.78741290452366 143.1 8.320592329204375 283.0079867228539 82.442924 52.968937 -999.0 -999.0 -999.0 -999.0 -999.0 246.9488275343927 -25.100762590417762 247.0166115675636 -25.161441398407426 85.46863045060418 32.34804466294452 -999.0 6231.0 -999.0 -1 -999 {-999.0 -999.0 -999.0 -999.0 -999.0} "" -999.0 -999.0 -999.0 -999.0 -999 -999 "" "" "" "" 0 0 0.0 0.0 -999 ""
FIBERMAP 1284 R+4C21 APOGEE 0 0 0 1 0 0 186.4958940339149 76.98698447920012 143.1 -24.22186130500094 200.29369377153057 197.76585 100.74577 -999.0 -999.0 -999.0 -999.0 -999.0 246.83910911810236 -25.34916061229441 246.9075979970802 -25.41002297449891 85.73212832818629 32.94247007038683 -999.0 16600.0 -999.0 2 116 {-999.0 -999.0 -999.0 -999.0 -999.0} "" -999.0 -999.0 -999.0 -999.0 -999 -999 "" "" "" "" 0 0 0.0 0.0 -999 ""
FIBERMAP 1284 R+4C21 BOSS 1 1 0 1 0 0 186.1188939976358 77.62948521080662 143.1 -24.941832594569796 200.10256422888398 197.76585 100.74577 246.83670043945312 -25.349658563764223 -999.0 -999.0 -999.0 246.83669500862007 -25.34966352724651 246.90517546926083 -25.410545103372623 85.73372396904062 32.92115773589779 5400.0 5400.0 2015.5 1 201 {-999.0 -999.0 -999.0 -999.0 -999.0} "" -999.0 -999.0 -999.0 -999.0 27021603175508341 814889833 "" ops_sky_boss_good ops_sky sky_boss 0 0 0.0 0.0 -999 ""
FIBERMAP 1284 R+4C21 METROLOGY 0 0 0 1 0 0 186.86567161007073 77.63004999254869 143.1 -24.742367587296336 200.82217769614851 197.76585 100.74577 -999.0 -999.0 -999.0 -999.0 -999.0 246.8373666643209 -25.347470650953706 246.90584352671146 -25.40834737206617 85.7315375074631 32.9125155706551 -999.0 6231.0 -999.0 -1 -999 {-999.0 -999.0 -999.0 -999.0 -999.0} "" -999.0 -999.0 -999.0 -999.0 -999 -999 "" "" "" "" 0 0 0.0 0.0 -999 ""
FIBERMAP 1288 R-12C5 APOGEE 0 0 0 1 0 0 -47.54008398660024 -235.42641632717647 143.1 214.08241807665158 -108.85533390949433 42.106342 57.32416 -999.0 -999.0 -999.0 -999.0 -999.0 247.6403323766138 -26.28570730806935 247.71177037780615 -26.344403773156152 85.99364370007638 48.97699287889844 -999.0 16600.0 -999.0 2 -999 {-999.0 -999.0 -999.0 -999.0 -999.0} "" -999.0 -999.0 -999.0 -999.0 -999 -999 "" "" "" "" 0 0 0.0 0.0 -999 ""
FIBERMAP 1288 R-12C5 BOSS 1 1 0 1 0 0 -47.41091226771054 -236.14346008732542 143.1 214.80783002900125 -108.92293252107073 42.106342 57.32416 247.642822265625 -26.28591207209304 -999.0 -999.0 -999.0 247.6428071607713 -26.285901153981833 247.71423397252204 -26.34460180769616 85.99215204199693 49.000455745002455 5400.0 5400.0 2015.5 1 427 {-999.0 -999.0 -999.0 -999.0 -999.0} "" -999.0 -999.0 -999.0 -999.0 27021603175505072 823837885 "" ops_sky_boss_good ops_sky sky_boss 0 0 0.0 0.0 -999 ""
FIBERMAP 1288 R-12C5 METROLOGY 0 0 0 1 0 0 -48.11561208611394 -235.9041878452332 143.1 214.3885703632422 -109.53777185522164 42.106342 57.32416 -999.0 -999.0 -999.0 -999.0 -999.0 247.64143654004596 -26.287788080358272 247.71287215612642 -26.346488617181222 85.99432713067912 49.00853051647914 -999.0 6231.0 -999.0 -1 -999 {-999.0 -999.0 -999.0 -999.0 -999.0} "" -999.0 -999.0 -999.0 -999.0 -999 -999 "" "" "" "" 0 0 0.0 0.0 -999 ""
FIBERMAP 1292 R-8C6 APOGEE 0 0 0 1 0 0 -82.11960014110227 -144.67454575449037 143.1 117.38862544157405 -117.86397582877052 53.97588 118.33681 -999.0 -999.0 -999.0 -999.0 -999.0 247.31459805873598 -26.314086515771887 247.38604265123513 -26.373554151285923 86.22437889134673 46.306906779628946 -999.0 16600.0 -999.0 2 -999 {-999.0 -999.0 -999.0 -999.0 -999.0} "" -999.0 -999.0 -999.0 -999.0 -999 -999 "" "" "" "" 0 0 0.0 0.0 -999 ""
FIBERMAP 1292 R-8C6 BOSS 1 1 0 1 0 0 -81.371426530874 -144.757927559911 143.1 117.66934035209309 -117.1655008048734 53.97588 118.33681 247.31565592582774 -26.311892219855288 -8.587179 -35.761337 3.9151888 247.31561169949106 -26.312006112743514 247.3870391960561 -26.371481925485533 86.22228059572345 46.29431014031462 5400.0 5400.0 2016.0 1 363 {-999.0 17.615583 16.069231 15.235729 -999.0} sdss_psfmag_ps1 16.848593 15.749556 14.699711 -999.0 63050396393397944 1078035274 bright_flexible_2x1 mwm_snc_ext_main_boss mwm_snc science 0 0 0.0 0.0 -999 ""
FIBERMAP 1292 R-8C6 METROLOGY 0 0 0 1 0 0 -81.82642331747456 -145.3626922264596 143.1 118.13012251970419 -117.76582871736302 53.97588 118.33681 -999.0 -999.0 -999.0 -999.0 -999.0 247.31717827170073 -26.313837904771898 247.3886147553343 -26.373306630908488 86.22257693332024 46.32903609096229 -999.0 6231.0 -999.0 -1 -999 {-999.0 -999.0 -999.0 -999.0 -999.0} "" -999.0 -999.0 -999.0 -999.0 -999 -999 "" "" "" "" 0 0 0.0 0.0 -999 ""
FIBERMAP 1293 R+1C5 APOGEE 1 1 0 1 0 0 -204.38668568325463 9.378384435539145 143.1 -63.77614383878792 -194.3988812849116 244.65921 83.79622 246.70078833973534 -26.544558918773625 -9.194139 -14.558374 8.767019 246.7007985078402 -26.544596416174937 246.7727740429749 -26.605464889194206 86.76883586121723 42.33189483875691 16000.0 16600.0 2016.0 2 39 {-999.0 15.809346 14.383212 13.448871 -999.0} sdss_psfmag_from_g3xp 15.236755 14.099257 13.041899 10.986 63050396393260781 1076252550 bright_1x1 mwm_snc_ext_main_apogee mwm_snc science 0 0 0.0 0.0 -999 ""
FIBERMAP 1293 R+1C5 BOSS 0 0 0 1 0 0 -205.04834105434256 9.735668280450467 143.1 -64.29756993786266 -194.94064364136352 244.65921 83.79622 -999.0 -999.0 -999.0 -999.0 -999.0 246.69901845419844 -26.54626216444468 246.7709895667582 -26.607143526560712 86.77114983121827 42.330209680684106 -999.0 5400.0 -999.0 1 65 {-999.0 -999.0 -999.0 -999.0 -999.0} "" -999.0 -999.0 -999.0 -999.0 -999 -999 "" "" "" "" 0 0 0.0 0.0 -999 ""
FIBERMAP 1293 R+1C5 METROLOGY 0 0 0 1 0 0 -204.4016154353955 10.13590215044567 143.1 -64.509951924153 -194.2103792933215 244.65921 83.79622 -999.0 -999.0 -999.0 -999.0 -999.0 246.69829333116803 -26.544086433149378 246.77026030910577 -26.604967533504837 86.76994135074986 42.296066424821674 -999.0 6231.0 -999.0 -1 -999 {-999.0 -999.0 -999.0 -999.0 -999.0} "" -999.0 -999.0 -999.0 -999.0 -999 -999 "" "" "" "" 0 0 0.0 0.0 -999 ""
FIBERMAP 1294 R+13C4 APOGEE 0 0 0 1 0 0 -60.579439703144985 258.89824765066163 143.1 -265.65330978737467 10.977024757562424 63.104202 66.3001 -999.0 -999.0 -999.0 -999.0 -999.0 246.0252572838932 -25.918203732170756 246.0952067114141 -25.98084413321499 86.58888098244354 27.570225016539155 -999.0 16600.0 -999.0 2 53 {-999.0 -999.0 -999.0 -999.0 -999.0} "" -999.0 -999.0 -999.0 -999.0 -999 -999 "" "" "" "" 0 0 0.0 0.0 -999 ""
FIBERMAP 1294 R+13C4 BOSS 1 1 0 1 0 0 -60.16715735038676 258.2698167132858 143.1 -264.93744400343905 11.205914377571155 63.104202 66.3001 246.02837832812278 -25.917233921224568 -223.3724 -109.35435 18.925852 246.0276585724571 -25.917519626582802 246.0976002174682 -25.980165945147025 86.58730630091439 27.597369824953773 5400.0 5400.0 2016.0 1 90 {-999.0 18.442562 16.895302 15.328635 -999.0} sdss_psfmag_ps1 17.698519 15.820743 14.530875 11.915 63050396394921198 1151097551 bright_1x1 mwm_snc_100pc_boss_single mwm_snc science 0 0 0.0 0.0 -999 ""
FIBERMAP 1294 R+13C4 METROLOGY 0 0 0 1 0 0 -60.934149096836585 258.2324033453234 143.1 -265.1068222040932 10.456957021712686 63.104202 66.3001 -999.0 -999.0 -999.0 -999.0 -999.0 246.02701224614893 -25.91978101627477 246.09696216147483 -25.98242501435682 86.58958141537163 27.605876195547694 -999.0 6231.0 -999.0 -1 -999 {-999.0 -999.0 -999.0 -999.0 -999.0} "" -999.0 -999.0 -999.0 -999.0 -999 -999 "" "" "" "" 0 0 0.0 0.0 -999 ""
FIBERMAP 1295 R-12C3 APOGEE 0 0 0 1 0 0 -130.48246102330882 -233.96347160605447 143.1 190.45856291895848 -188.37204937103817 222.37816 72.548454 -999.0 -999.0 -999.0 -999.0 -999.0 247.56066041687555 -26.52611395642731 247.63279721796653 -26.5849358921178 86.20623203242513 50.931621600063295 -999.0 16600.0 -999.0 2 -999 {-999.0 -999.0 -999.0 -999.0 -999.0} "" -999.0 -999.0 -999.0 -999.0 -999 -999 "" "" "" "" 0 0 0.0 0.0 -999 ""
FIBERMAP 1295 R-12C3 BOSS 1 1 0 1 0 0 -130.80207870231845 -233.3072682698548 143.1 189.74075892697354 -188.50422550852622 222.37816 72.548454 247.5582904895326 -26.526510676210695 -3.3368685 -1.2225958 0.36883724 247.55825333143147 -26.52651491009179 247.6303786848191 -26.585351750672057 86.20814459067013 50.9151106021518 5400.0 5400.0 2016.0 1 425 {-999.0 17.011063 16.318548 16.01374 15.873942} sdss_psfmag_from_ps1dr2 16.7347 16.315 15.6044 -999.0 63050396393388158 1040595552 "" ops_std_boss_ps1dr2 ops_std standard_boss 0 0 0.0 0.0 -999 ""
FIBERMAP 1295 R-12C3 METROLOGY 0 0 0 1 0 0 -130.04930782491758 -233.353654811009 143.1 189.98706305916332 -187.79141294902672 222.37816 72.548454 -999.0 -999.0 -999.0 -999.0 -999.0 247.5591240526335 -26.524401416716547 247.63124671142418 -26.583234130164534 86.20617655411804 50.89845596745232 -999.0 6231.0 -999.0 -1 -999 {-999.0 -999.0 -999.0 -999.0 -999.0} "" -999.0 -999.0 -999.0 -999.0 -999 -999 "" "" "" "" 0 0 0.0 0.0 -999 ""
FIBERMAP 1297 R+11C13 APOGEE 1 1 0 1 0 0 105.88549298788794 201.11582614509044 143.1 -165.40020440560426 155.8772110252504 294.15717 115.74306 246.3651383040037 -25.481894451125584 1.2878754 -3.691194 0.44170997 246.36511347108623 -25.48188850935393 246.43387524903437 -25.543841175712615 86.06071237374964 28.680374210387754 16000.0 16600.0 2016.0 2 123 {-999.0 15.839916 13.728701 12.583606 -999.0} sdss_psfmag_from_g3xp 14.792685 13.240056 12.0420685 8.711 63050396395024806 1153044806 bright_1x1 mwm_galactic_core_dist_apogee_sparse mwm_galactic science 0 0 0.0 0.0 -999 ""
FIBERMAP 1297 R+11C13 BOSS 0 0 0 1 0 0 105.4199784716 200.5484279278571 143.1 -164.97823886746036 155.2767579377174 294.15717 115.74306 -999.0 -999.0 -999.0 -999.0 -999.0 246.36648100605495 -25.483666383913008 246.4352406820933 -25.54562839402562 86.06172096907834 28.70835674490337 -999.0 5400.0 -999.0 1 104 {-999.0 -999.0 -999.0 -999.0 -999.0} "" -999.0 -999.0 -999.0 -999.0 -999 -999 "" "" "" "" 0 0 0.0 0.0 -999 ""
FIBERMAP 1297 R+11C13 METROLOGY 0 0 0 1 0 0 105.14111436011976 201.22657764616199 143.1 -165.70627148260988 155.18972258602395 294.15717 115.74306 -999.0 -999.0 -999.0 -999.0 -999.0 246.3640130128102 -25.483900053632123 246.43277492579762 -25.54586415109104 86.06296495958738 28.681279722451507 -999.0 6231.0 -999.0 -1 -999 {-999.0 -999.0 -999.0 -999.0 -999.0} "" -999.0 -999.0 -999.0 -999.0 -999 -999 "" "" "" "" 0 0 0.0 0.0 -999 ""
FIBERMAP 1298 R+9C18 APOGEE 0 0 0 1 0 0 205.5748244840834 184.27216791791267 143.1 -122.4728972307386 247.40890584168199 66.86367 78.0392 -999.0 -999.0 -999.0 -999.0 -999.0 246.51144716626595 -25.20663515022092 246.57944401426164 -25.26831483131864 85.75562265946145 28.523705251543902 -999.0 16600.0 -999.0 2 102 {-999.0 -999.0 -999.0 -999.0 -999.0} "" -999.0 -999.0 -999.0 -999.0 -999 -999 "" "" "" "" 0 0 0.0 0.0 -999 ""
FIBERMAP 1298 R+9C18 BOSS 1 1 0 1 0 0 206.16970067658002 183.82302682507958 143.1 -121.88085924998666 247.8617295608909 66.86367 78.0392 246.51319201189398 -25.205203406121644 -11.075055 -21.50259 6.697865 246.51345136057782 -25.205278810419458 246.5814366141749 -25.26696822276017 85.75359602595964 28.536893409792015 5400.0 5400.0 2016.0 1 176 {-999.0 17.304235 15.267495 14.064056 -999.0} sdss_psfmag_ps1 16.234407 14.615739 13.389273 10.262 63050396395028822 1075848950 bright_1x1 mwm_erosita_stars_boss mwm_erosita science 0 0 1.0128507614135742 0.0 -999 ""
FIBERMAP 1298 R+9C18 METROLOGY 0 0 0 1 0 0 205.4696471582269 183.53830996194003 143.1 -121.79405171231028 247.1110267964169 66.86367 78.0392 -999.0 -999.0 -999.0 -999.0 -999.0 246.51368905515682 -25.207487435078008 246.5816830807522 -25.269171678491414 85.75544713754172 28.55331714540972 -999.0 6231.0 -999.0 -1 -999 {-999.0 -999.0 -999.0 -999.0 -999.0} "" -999.0 -999.0 -999.0 -999.0 -999 -999 "" "" "" "" 0 0 0.0 0.0 -999 ""
FIBERMAP 1299 R+7C16 APOGEE 1 1 0 1 0 0 137.44101868206243 131.99274911344472 143.1 -90.353987784569 167.76530369497186 357.0816 105.07984 246.6167981944298 -25.446698476974085 -6.8577714 -24.814835 7.21704 246.616767783522 -25.44676964377514 246.68548855258905 -25.50813433466387 85.9194967100061 31.27428973297708 16000.0 16600.0 2016.0 2 62 {-999.0 15.429307 13.610903 12.608651 -999.0} sdss_psfmag_from_g3xp 14.594782 13.274388 12.120192 9.386 63050396395024630 1068239438 bright_flexible_2x1 manual_mwm_validation_cool_apogee mwm_validation science 0 0 0.0 0.0 -999 ""
FIBERMAP 1299 R+7C16 BOSS 0 0 0 1 0 0 137.61678047180106 131.29112727673657 143.1 -89.63095545823312 167.7467214436275 357.0816 105.07984 -999.0 -999.0 -999.0 -999.0 -999.0 246.61916977315374 -25.446767046473017 246.68788257704284 -25.50813925416623 85.91841372121544 31.300561024506806 -999.0 5400.0 -999.0 1 209 {-999.0 -999.0 -999.0 -999.0 -999.0} "" -999.0 -999.0 -999.0 -999.0 -999 -999 "" "" "" "" 0 0 0.0 0.0 -999 ""
FIBERMAP 1299 R+7C16 METROLOGY 0 0 0 1 0 0 136.88237174625664 131.50397475062442 143.1 -90.03271383711095 167.09618255150667 357.0816 105.07984 -999.0 -999.0 -999.0 -999.0 -999.0 246.6177919824612 -25.448709505467438 246.68651254277188 -25.51008070969997 85.92071368423404 31.29928069647633 -999.0 6231.0 -999.0 -1 -999 {-999.0 -999.0 -999.0 -999.0 -999.0} "" -999.0 -999.0 -999.0 -999.0 -999 -999 "" "" "" "" 0 0 0.0 0.0 -999 ""
FIBERMAP 1305 R+6C10 APOGEE 0 0 0 1 0 0 -12.105637377255022 117.64261430310684 143.1 -116.58176529966177 19.845330439570287 342.70242 139.229 -999.0 -999.0 -999.0 -999.0 -999.0 246.5254257200682 -25.894579867049966 246.5954347225287 -25.956040671986983 86.34407121447578 33.711020330850715 -999.0 16600.0 -999.0 2 -999 {-999.0 -999.0 -999.0 -999.0 -999.0} "" -999.0 -999.0 -999.0 -999.0 -999 -999 "" "" "" "" 0 0 0.0 0.0 -999 ""
FIBERMAP 1305 R+6C10 BOSS 1 1 0 1 0 0 -11.709383423530694 117.02890062974052 143.1 -115.88437133531176 20.06271966114535 342.70242 139.229 246.52770996093747 -25.893933664696746 -999.0 -999.0 -999.0 246.52772003837467 -25.89390917532564 246.59771941358213 -25.955376249812755 86.34240279873953 33.73250553521666 5400.0 5400.0 2015.5 1 133 {-999.0 -999.0 -999.0 -999.0 -999.0} "" -999.0 -999.0 -999.0 -999.0 27021603175507750 814889748 "" ops_sky_boss_good ops_sky sky_boss 0 0 0.0 0.0 -999 ""
FIBERMAP 1305 R+6C10 METROLOGY 0 0 0 1 0 0 -12.452083905588376 116.97968669031502 143.1 -116.0358746832926 19.334004508961197 342.70242 139.229 -999.0 -999.0 -999.0 -999.0 -999.0 246.52717976340188 -25.896119736348073 246.59718783103574 -25.95758422183979 86.34451909690642 33.744900393159014 -999.0 6231.0 -999.0 -1 -999 {-999.0 -999.0 -999.0 -999.0 -999.0} "" -999.0 -999.0 -999.0 -999.0 -999 -999 "" "" "" "" 0 0 0.0 0.0 -999 ""
FIBERMAP 1307 R+1C13 APOGEE 0 0 0 1 0 0 -30.731727596581702 16.11049479773159 143.1 -23.752075431308175 -25.292764587131924 238.13882 56.982216 -999.0 -999.0 -999.0 -999.0 -999.0 246.83803085952542 -26.032878738638598 246.9085251810044 -26.09355885289421 86.29527092110905 38.53152215411973 -999.0 16600.0 -999.0 2 11 {-999.0 -999.0 -999.0 -999.0 -999.0} "" -999.0 -999.0 -999.0 -999.0 -999 -999 "" "" "" "" 0 0 0.0 0.0 -999 ""
FIBERMAP 1307 R+1C13 BOSS 1 1 0 1 0 0 -31.070346961128852 16.780485095360653 143.1 -24.488251302691747 -25.439554816108426 238.13882 56.982216 246.83551433743887 -26.033314410304634 -1.8273958 -2.8735318 0.052906208 246.83553295763718 -26.033322320549015 246.9060185982496 -26.09401929969833 86.29700216645394 38.50813636734142 5400.0 5400.0 2016.0 1 13 {-999.0 19.202057 18.246586 17.701515 -999.0} sdss_psfmag_ps1 18.738945 17.997828 17.135176 15.103 63050396393489391 1055535690 dark_flexible_2x1 bhm_csc_boss bhm_csc science 0 0 0.0 0.0 -999 ""
FIBERMAP 1307 R+1C13 METROLOGY 0 0 0 1 0 0 -30.322901579074482 16.739208963220744 143.1 -24.248296977643882 -24.730504238888653 238.13882 56.982216 -999.0 -999.0 -999.0 -999.0 -999.0 246.8363469069046 -26.031176170416312 246.90682906983466 -26.0918686695544 86.29485050167156 38.49691703319826 -999.0 6231.0 -999.0 -1 -999 {-999.0 -999.0 -999.0 -999.0 -999.0} "" -999.0 -999.0 -999.0 -999.0 -999 -999 "" "" "" "" 0 0 0.0 0.0 -999 ""
FIBERMAP 1310 R+2C13 APOGEE 0 0 0 1 0 0 11.675398306749335 37.71707635717794 143.1 -33.21045533726417 21.35008757689884 342.6694 127.82826 -999.0 -999.0 -999.0 -999.0 -999.0 246.80661620513774 -25.89112340230688 246.87668502262375 -25.951916596297284 86.19847948854576 36.892148842853544 -999.0 16600.0 -999.0 2 -999 {-999.0 -999.0 -999.0 -999.0 -999.0} "" -999.0 -999.0 -999.0 -999.0 -999 -999 "" "" "" "" 0 0 0.0 0.0 -999 ""
FIBERMAP 1310 R+2C13 BOSS 1 1 0 1 0 0 11.95881808329937 37.03105516388549 143.1 -32.473619025769125 21.439403744092953 342.6694 127.82826 246.8091062151898 -25.890817013644018 -4.651069 -8.490958 1.6598005 246.8090906902182 -25.890834442197296 246.87915000321664 -25.951633396365313 86.19695520762842 36.91678620655796 5400.0 5400.0 2016.0 1 110 {-999.0 20.317877 18.407917 17.46514 -999.0} sdss_psfmag_ps1 19.319555 18.084759 16.959154 14.196 63050396393518032 1075849145 dark_flexible_2x1 mwm_erosita_stars_boss mwm_erosita science 0 0 0.0 0.0 -999 ""
FIBERMAP 1310 R+2C13 METROLOGY 0 0 0 1 0 0 11.213860974943408 37.12844955847984 143.1 -32.76697250279391 20.747780555618682 342.6694 127.82826 -999.0 -999.0 -999.0 -999.0 -999.0 246.80808626835355 -25.892933779200682 246.87815414036322 -25.95373127165053 86.19918096209027 36.92431026631817 -999.0 6231.0 -999.0 -1 -999 {-999.0 -999.0 -999.0 -999.0 -999.0} "" -999.0 -999.0 -999.0 -999.0 -999 -999 "" "" "" "" 0 0 0.0 0.0 -999 ""
FIBERMAP 1311 R-8C9 APOGEE 0 0 0 1 0 0 -37.40338708159855 -151.38736892320273 143.1 135.83223329337517 -76.58127174900598 183.78255 98.114555 -999.0 -999.0 -999.0 -999.0 -999.0 247.3769599111174 -26.188913420980505 247.44804745590875 -26.248265983861398 86.09607187561612 45.586967285526725 -999.0 16600.0 -999.0 2 -999 {-999.0 -999.0 -999.0 -999.0 -999.0} "" -999.0 -999.0 -999.0 -999.0 -999 -999 "" "" "" "" 0 0 0.0 0.0 -999 ""
FIBERMAP 1311 R-8C9 BOSS 1 1 0 1 0 0 -37.568496613239866 -150.65277585854338 143.1 135.08028874066247 -76.54359620473629 183.78255 98.114555 247.37450286016832 -26.18882141525416 4.266826 -0.002536288 0.4861921 247.3744992604986 -26.188825942248737 247.44557460047622 -26.24819491065928 86.09756523056828 45.56285546959538 5400.0 5400.0 2016.0 1 387 {-999.0 16.987276 16.237682 15.892843 15.668201} sdss_psfmag_from_ps1dr2 16.714 16.2262 15.4347 14.109 63050396393400667 1040595558 "" ops_std_boss_ps1dr2 ops_std standard_boss 0 0 0.0 0.0 -999 ""
FIBERMAP 1311 R-8C9 METROLOGY 0 0 0 1 0 0 -36.84755200337549 -150.88682363792591 143.1 135.49886587815595 -75.9117070106698 183.78255 98.114555 -999.0 -999.0 -999.0 -999.0 -999.0 247.3759263200143 -26.186919642972562 247.44699955466615 -26.24628274705235 86.09530278832304 45.55677953335368 -999.0 6231.0 -999.0 -1 -999 {-999.0 -999.0 -999.0 -999.0 -999.0} "" -999.0 -999.0 -999.0 -999.0 -999 -999 "" "" "" "" 0 0 0.0 0.0 -999 ""
FIBERMAP 1313 R+6C17 APOGEE 1 1 0 1 0 0 129.6165017701922 107.53762163236632 143.1 -68.88900975604739 153.67718324517864 213.50212 142.02457 246.68850485730246 -25.48953878937641 -3.1451063 -2.2121263 0.38085607 246.68849776743926 -25.489552694232838 246.75736064518514 -25.550735344023728 85.92297947802702 32.36413221235438 16000.0 16600.0 2016.0 2 63 {-999.0 17.242956 14.658391 13.051577 -999.0} sdss_psfmag_from_g3xp 15.852243 13.699906 12.351353 8.248 63050396393523751 1153043189 bright_1x1 mwm_galactic_core_dist_apogee_sparse mwm_galactic science 0 0 0.0 0.0 -999 ""
FIBERMAP 1313 R+6C17 BOSS 0 0 0 1 0 0 128.85930661176562 107.68903312748648 143.1 -69.23768222383657 152.9882370234855 213.50212 142.02457 -999.0 -999.0 -999.0 -999.0 -999.0 246.68729361772898 -25.491560366305787 246.7561532821876 -25.552758396958396 85.92527408526779 32.36579973515205 -999.0 5400.0 -999.0 1 215 {-999.0 -999.0 -999.0 -999.0 -999.0} "" -999.0 -999.0 -999.0 -999.0 -999 -999 "" "" "" "" 0 0 0.0 0.0 -999 ""
FIBERMAP 1313 R+6C17 METROLOGY 0 0 0 1 0 0 129.37735541780953 108.24043515167881 143.1 -69.63016643645187 153.63501856349194 213.50212 142.02457 -999.0 -999.0 -999.0 -999.0 -999.0 246.68597629579438 -25.489585719138795 246.754832371053 -25.550783718986175 85.92420390663756 32.337050674044576 -999.0 6231.0 -999.0 -1 -999 {-999.0 -999.0 -999.0 -999.0 -999.0} "" -999.0 -999.0 -999.0 -999.0 -999 -999 "" "" "" "" 0 0 0.0 0.0 -999 ""
FIBERMAP 1315 R+3C7 APOGEE 1 1 0 1 0 0 -120.30538333317625 39.33848005437265 143.1 -70.12090847158211 -105.36888024186571 321.40256 65.229576 246.6803142502477 -26.275182351353788 -7.57607 -31.55023 7.2657356 246.68029946392645 -26.275253606556433 246.75147037775616 -26.336243559912113 86.57347464620842 39.12309536872806 16000.0 16600.0 2016.0 2 26 {-999.0 18.783607 17.113892 15.14836 -999.0} sdss_psfmag_ps1 17.932892 15.684025 14.277803 11.268 63050396393482352 1034958451 bright_1x1 mwm_yso_pms_apogee_sagitta_edr3_single mwm_yso science 0 0 0.0 0.0 -999 ""
FIBERMAP 1315 R+3C7 BOSS 0 0 0 1 0 0 -120.95741059235013 38.98703702267489 143.1 -69.9569526027995 -106.09118467882031 321.40256 65.229576 -999.0 -999.0 -999.0 -999.0 -999.0 246.68081475389317 -26.27748795378799 246.75198359025921 -26.338486188865563 86.5749581805084 39.152273820690766 -999.0 5400.0 -999.0 1 44 {-999.0 -999.0 -999.0 -999.0 -999.0} "" -999.0 -999.0 -999.0 -999.0 -999 -999 "" "" "" "" 0 0 0.0 0.0 -999 ""
FIBERMAP 1315 R+3C7 METROLOGY 0 0 0 1 0 0 -120.944093900744 39.73046723802875 143.1 -70.66962324397448 -105.87924248255891 321.40256 65.229576 -999.0 -999.0 -999.0 -999.0 -999.0 246.67839582757657 -26.276847849741017 246.74956465566402 -26.337849146915712 86.5757913583309 39.117114349223755 -999.0 6231.0 -999.0 -1 -999 {-999.0 -999.0 -999.0 -999.0 -999.0} "" -999.0 -999.0 -999.0 -999.0 -999 -999 "" "" "" "" 0 0 0.0 0.0 -999 ""
FIBERMAP 1319 R0C9 APOGEE 1 1 0 1 0 0 -114.0228780359659 20.0444639725189 143.1 -49.849982473974215 -104.48368269171635 148.8146 53.776955 246.74888495261794 -26.272827214910798 -2.9104445 0.6037856 1.15259 246.74888345602437 -26.27287567738858 246.82006486064938 -26.33370312164392 86.53331839672917 39.89853846685526 16000.0 16600.0 2016.0 2 276 {-999.0 12.384657 11.995541 11.855991 -999.0} sdss_psfmag_from_g3xp 12.3240595 12.0029545 11.50844 10.67 63050396393482179 975299303 "" ops_std_apogee ops_std standard_apogee 0 0 0.0 0.0 -999 ""
FIBERMAP 1319 R0C9 BOSS 0 0 0 1 0 0 -113.334559054093 20.318651915428987 143.1 -49.92978907106711 -103.74710519755202 148.8146 53.776955 -999.0 -999.0 -999.0 -999.0 -999.0 246.74860123626178 -26.270686478633458 246.81976701372355 -26.331525326901527 86.53178659121852 39.8725657762061 -999.0 5400.0 -999.0 1 449 {-999.0 -999.0 -999.0 -999.0 -999.0} "" -999.0 -999.0 -999.0 -999.0 -999 -999 "" "" "" "" 0 0 0.0 0.0 -999 ""
FIBERMAP 1319 R0C9 METROLOGY 0 0 0 1 0 0 -113.43324834984207 19.579509127472715 143.1 -49.244114341328284 -104.04014896425859 148.8146 53.776955 -999.0 -999.0 -999.0 -999.0 -999.0 246.750910192242 -26.271597645377145 246.8220818212062 -26.33242787732663 86.5311923884635 39.908648758478535 -999.0 6231.0 -999.0 -1 -999 {-999.0 -999.0 -999.0 -999.0 -999.0} "" -999.0 -999.0 -999.0 -999.0 -999 -999 "" "" "" "" 0 0 0.0 0.0 -999 ""
FIBERMAP 1320 R+5C8 APOGEE 0 0 0 1 0 0 -79.51963271628827 89.22347715085863 143.1 -107.25759665684673 -52.714301162652276 193.883 166.72917 -999.0 -999.0 -999.0 -999.0 -999.0 246.55555872514807 -26.114935565228816 246.62622397188625 -26.176265322013336 86.5116504268667 36.0476972538396 -999.0 16600.0 -999.0 2 -999 {-999.0 -999.0 -999.0 -999.0 -999.0} "" -999.0 -999.0 -999.0 -999.0 -999 -999 "" "" "" "" 0 0 0.0 0.0 -999 ""
FIBERMAP 1320 R+5C8 BOSS 1 1 0 1 0 0 -80.2394267884445 89.20907828743127 143.1 -107.43650661125301 -53.41162326180498 193.883 166.72917 246.5548609819683 -26.11702189659236 6.998758 -18.303572 2.3934283 246.55489004041038 -26.117064338633803 246.62555304380805 -26.1784058126503 86.51374924590554 36.05976916326574 5400.0 5400.0 2016.0 1 67 {-999.0 -999.0 -999.0 -999.0 -999.0} "" -999.0 18.493362 -999.0 13.62 63050396393507127 1094553985 bright_1x1 mwm_bin_vis_boss mwm_filler science 0 0 0.0 0.0 -999 ""
FIBERMAP 1320 R+5C8 METROLOGY 0 0 0 1 0 0 -79.90885472686065 89.86222940586998 143.1 -107.97722998666886 -52.91820958072833 193.883 166.72917 -999.0 -999.0 -999.0 -999.0 -999.0 246.55305804733632 -26.115565531238442 246.62371853272248 -26.1769087334004 86.51346654904381 36.02347318744438 -999.0 6231.0 -999.0 -1 -999 {-999.0 -999.0 -999.0 -999.0 -999.0} "" -999.0 -999.0 -999.0 -999.0 -999 -999 "" "" "" "" 0 0 0.0 0.0 -999 ""
FIBERMAP 1321 R-6C21 APOGEE 1 1 0 1 0 0 209.03442284797978 -128.4498467027731 143.1 179.73704688005904 166.98575575583138 263.31552 63.316555 247.52247128128158 -25.451080167375878 0.9923834 -0.71082234 1.6058667 247.52247020600618 -25.45107273265071 247.59141289519982 -25.51027754892065 85.45690957424337 40.26327051422311 16000.0 16600.0 2016.0 2 195 {-999.0 16.670996 15.426669 14.844019 -999.0} sdss_psfmag_ps1 16.187252 15.309533 14.369536 12.192 63050396393532810 1034958485 bright_1x1 mwm_yso_pms_apogee_sagitta_edr3_single mwm_yso science 0 0 0.0 0.0 -999 ""
FIBERMAP 1321 R-6C21 BOSS 0 0 0 1 0 0 208.39788657187873 -128.03871493760974 143.1 179.17047013055358 166.48261576114493 263.31552 63.316555 -999.0 -999.0 -999.0 -999.0 -999.0 247.52061805028464 -25.452558721638407 247.5895528727592 -25.511780842930147 85.45913282538716 40.25863078148524 -999.0 5400.0 -999.0 1 268 {-999.0 -999.0 -999.0 -999.0 -999.0} "" -999.0 -999.0 -999.0 -999.0 -999 -999 "" "" "" "" 0 0 0.0 0.0 -999 ""
FIBERMAP 1321 R-6C21 METROLOGY 0 0 0 1 0 0 209.0574439240108 -127.69841224325657 143.1 179.01926389275135 167.20919114572985 263.31552 63.316555 -999.0 -999.0 -999.0 -999.0 -999.0 247.52013015585536 -25.450341446374015 247.589061713025 -25.5095615779732 85.45767975536846 40.236719483676154 -999.0 6231.0 -999.0 -1 -999 {-999.0 -999.0 -999.0 -999.0 -999.0} "" -999.0 -999.0 -999.0 -999.0 -999 -999 "" "" "" "" 0 0 0.0 0.0 -999 ""
FIBERMAP 1322 R+4C3 APOGEE 0 0 0 1 0 0 -199.76866053422145 61.70367567215766 143.1 -112.95065235019875 -175.93551237628236 298.9457 93.88581 -999.0 -999.0 -999.0 -999.0 -999.0 246.53465036948322 -26.48785853622371 246.60641363423974 -26.549137354577027 86.82105144514139 39.64376140899111 -999.0 16600.0 -999.0 2 20 {-999.0 -999.0 -999.0 -999.0 -999.0} "" -999.0 -999.0 -999.0 -999.0 -999 -999 "" "" "" "" 0 0 0.0 0.0 -999 ""
FIBERMAP 1322 R+4C3 BOSS 1 1 0 1 0 0 -200.3771419438339 61.27472873717578 143.1 -112.70036462657806 -176.6366216083504 298.9457 93.88581 246.53547392698718 -26.489978206571593 -6.833599 -19.404053 2.3746946 246.53546636958959 -26.490013720920082 246.60722793950208 -26.551299321731687 86.82228648158717 39.67835811098121 5400.0 5400.0 2016.0 1 29 {-999.0 18.060938 16.656185 15.792552 15.205686} sdss_psfmag_from_gdr3 17.5093 16.509447 15.501782 13.21 63050396393268189 1059774256 bright_flexible_2x1 bhm_spiders_agn_gaiadr3 bhm_spiders science 0 0 0.0 0.0 -999 ""
FIBERMAP 1322 R+4C3 METROLOGY 0 0 0 1 0 0 -200.43632507391754 62.03592242964142 143.1 -113.44956659409236 -176.4897697722383 298.9457 93.88581 -999.0 -999.0 -999.0 -999.0 -999.0 246.53291478930043 -26.489580659396054 246.6046767609672 -26.550869804770425 86.82337468620379 39.641344450714314 -999.0 6231.0 -999.0 -1 -999 {-999.0 -999.0 -999.0 -999.0 -999.0} "" -999.0 -999.0 -999.0 -999.0 -999 -999 "" "" "" "" 0 0 0.0 0.0 -999 ""
FIBERMAP 1327 R+4C12 APOGEE 0 0 0 1 0 0 -21.22916278416721 82.28542055851042 143.1 -84.96140645307064 1.585820468357905 236.64656 28.21437 -999.0 -999.0 -999.0 -999.0 -999.0 246.63168424551873 -25.950494355754582 246.70188434439228 -26.01168758131556 86.33763951900553 35.44260041539803 -999.0 16600.0 -999.0 2 -999 {-999.0 -999.0 -999.0 -999.0 -999.0} "" -999.0 -999.0 -999.0 -999.0 -999 -999 "" "" "" "" 0 0 0.0 0.0 -999 ""
FIBERMAP 1327 R+4C12 BOSS 1 1 0 1 0 0 -21.190432583164085 83.01166968074772 143.1 -85.65071795664426 1.8176450013249055 236.64656 28.21437 246.6289745417468 -25.949767163446626 6.124482 -1.5751195 1.2969364 246.62931565135057 -25.94976781071929 246.69950440807338 -26.010978198699686 86.33826010902305 35.408683842157245 5400.0 5400.0 2016.0 1 120 {-999.0 15.532318 14.643031 14.187465 -999.0} sdss_psfmag_from_g3xp 15.246713 14.596285 13.800569 12.135 63050396393510802 1055474247 bright_1x1 bhm_csc_boss bhm_csc science 0 0 0.9792051911354065 0.0 -999 ""
FIBERMAP 1327 R+4C12 METROLOGY 0 0 0 1 0 0 -20.557342559483235 82.61429105354102 143.1 -85.09831429520813 2.3211482966864807 236.64656 28.21437 -999.0 -999.0 -999.0 -999.0 -999.0 246.63117663748181 -25.948249935050114 246.70136383006422 -26.00945310084921 86.33605832708795 35.416826893479595 -999.0 6231.0 -999.0 -1 -999 {-999.0 -999.0 -999.0 -999.0 -999.0} "" -999.0 -999.0 -999.0 -999.0 -999 -999 "" "" "" "" 0 0 0.0 0.0 -999 ""
FIBERMAP 1337 R-5C21 APOGEE 0 0 0 1 0 0 221.98247497347455 -103.25666453607427 143.1 158.93324477073153 186.20767713784048 307.2449 134.37753 -999.0 -999.0 -999.0 -999.0 -999.0 247.45265889692442 -25.392993625369247 247.52141577364068 -25.45238105015969 85.45056213284104 39.18500840490924 -999.0 16600.0 -999.0 2 -999 {-999.0 -999.0 -999.0 -999.0 -999.0} "" -999.0 -999.0 -999.0 -999.0 -999 -999 "" "" "" "" 0 0 0.0 0.0 -999 ""
FIBERMAP 1337 R-5C21 BOSS 1 1 0 1 0 0 221.90255262568047 -103.9580804410726 143.1 159.587598923964 185.9428182422532 307.2449 134.37753 247.45462724804386 -25.39369254205171 -14.82599 -23.49906 6.895026 247.45487685509397 -25.39376539235444 247.52362491259385 -25.45316080259108 85.4499578174753 39.21091065172743 5400.0 5400.0 2016.0 1 277 {-999.0 17.32487 15.560222 14.143763 -999.0} sdss_psfmag_ps1 16.5564 14.734727 13.435065 10.495 63050396393533771 1075849153 bright_1x1 mwm_erosita_stars_boss mwm_erosita science 0 0 0.9910987615585327 0.0 -999 ""
FIBERMAP 1337 R-5C21 METROLOGY 0 0 0 1 0 0 221.28980122472979 -103.53897871318192 143.1 159.01971402767253 185.46472771832578 307.2449 134.37753 -999.0 -999.0 -999.0 -999.0 -999.0 247.4530149929686 -25.395174455398063 247.52177005175542 -25.454570104311664 85.45209748950532 39.20509248516231 -999.0 6231.0 -999.0 -1 -999 {-999.0 -999.0 -999.0 -999.0 -999.0} "" -999.0 -999.0 -999.0 -999.0 -999 -999 "" "" "" "" 0 0 0.0 0.0 -999 ""
FIBERMAP 1343 R+6C1 APOGEE 0 0 0 1 0 0 -224.85943221434528 131.51647059951873 143.1 -186.9299062495571 -181.410590039476 106.58404 101.499825 -999.0 -999.0 -999.0 -999.0 -999.0 246.28502107008495 -26.502197706831534 246.35676022742803 -26.56406531612748 86.96766828330472 36.5212444184844 -999.0 16600.0 -999.0 2 50 {-999.0 -999.0 -999.0 -999.0 -999.0} "" -999.0 -999.0 -999.0 -999.0 -999 -999 "" "" "" "" 0 0 0.0 0.0 -999 ""
FIBERMAP 1343 R+6C1 BOSS 1 1 0 1 0 0 -224.18959029293814 131.86853546306813 143.1 -187.08968991159435 -180.6709560147687 106.58404 101.499825 246.28453775235278 -26.499772197303653 -15.927752 -64.217865 2.8583794 246.28449437654123 -26.499958367024497 246.35621936571226 -26.561837077454214 86.96613707355921 36.489314153839246 5400.0 5400.0 2016.0 1 87 {-999.0 16.862972 15.584961 15.128669 -999.0} sdss_psfmag_ps1 16.344614 15.500828 14.592162 12.584 63050396393266921 1077813807 bright_flexible_2x1 mwm_snc_ext_main_boss mwm_snc science 0 0 0.0 0.0 -999 ""
FIBERMAP 1343 R+6C1 METROLOGY 0 0 0 1 0 0 -224.20139718001585 131.1452218029907 143.1 -186.39599563798714 -180.87605582323354 106.58404 101.499825 -999.0 -999.0 -999.0 -999.0 -999.0 246.2867863345942 -26.500636224149876 246.35851603918195 -26.562506692559946 86.96548686433471 36.52824127343365 -999.0 6231.0 -999.0 -1 -999 {-999.0 -999.0 -999.0 -999.0 -999.0} "" -999.0 -999.0 -999.0 -999.0 -999 -999 "" "" "" "" 0 0 0.0 0.0 -999 ""
FIBERMAP 1344 R-6C18 APOGEE 0 0 0 1 0 0 141.51759529333185 -106.6553106589058 143.1 140.65670169057375 107.77576005820762 185.00096 73.94456 -999.0 -999.0 -999.0 -999.0 -999.0 247.39246593979894 -25.62988980950791 247.46190484176202 -25.68935681808944 85.66960484478749 40.54392666215949 -999.0 16600.0 -999.0 2 -999 {-999.0 -999.0 -999.0 -999.0 -999.0} "" -999.0 -999.0 -999.0 -999.0 -999 -999 "" "" "" "" 0 0 0.0 0.0 -999 ""
FIBERMAP 1344 R-6C18 BOSS 1 1 0 1 0 0 141.63830833087218 -105.94324509937165 143.1 140.00301237581704 108.08276990621646 185.00096 73.94456 247.39041732466399 -25.628849459444556 -24.68885 -29.309883 6.921556 247.39033700534264 -25.62890741990464 247.4597611726798 -25.688392385715208 85.6700745522177 40.516014830472045 5400.0 5400.0 2016.0 1 314 {-999.0 21.062136 19.012203 17.111937 -999.0} sdss_psfmag_ps1 20.024197 17.84431 16.459108 13.249 63050396393530314 1075849149 dark_flexible_2x1 mwm_erosita_stars_boss mwm_erosita science 0 0 0.0 0.0 -999 ""
FIBERMAP 1344 R-6C18 METROLOGY 0 0 0 1 0 0 142.22503768165393 -106.41236316663384 143.1 140.61211465398708 108.52239435190272 185.00096 73.94456 -999.0 -999.0 -999.0 -999.0 -999.0 247.39239288779294 -25.627567807355376 247.46181679712492 -25.687044656625492 85.66786049941965 40.52380360319131 -999.0 6231.0 -999.0 -1 -999 {-999.0 -999.0 -999.0 -999.0 -999.0} "" -999.0 -999.0 -999.0 -999.0 -999 -999 "" "" "" "" 0 0 0.0 0.0 -999 ""
FIBERMAP 1352 R+7C11 APOGEE 1 1 0 1 0 0 19.660984523280035 139.5143706910138 143.1 -129.14546221310704 56.30790546772224 345.62555 148.90457 246.48392743856277 -25.78375917083576 -2.1798198 -1.074674 0.7319375 246.4839261093261 -25.783763225926947 246.55359953118796 -25.84535248723984 86.2701030946562 32.30526459896549 16000.0 16600.0 2016.0 2 141 {-999.0 14.683857 13.020908 12.174336 -999.0} sdss_psfmag_from_g3xp 13.953734 12.769537 11.69303 8.838 63050396393516499 1104252243 bright_1x1 mwm_tess_rgb_apogee mwm_tessrgb science 0 0 0.0 0.0 -999 ""
FIBERMAP 1352 R+7C11 BOSS 0 0 0 1 0 0 20.188690474015115 138.96207837042724 143.1 -128.47203621697957 56.668388928891794 345.62555 148.90457 -999.0 -999.0 -999.0 -999.0 -999.0 246.48614058529466 -25.782641714990103 246.55580319950582 -25.844237973605033 86.26812058762538 32.32241284293099 -999.0 5400.0 -999.0 1 141 {-999.0 -999.0 -999.0 -999.0 -999.0} "" -999.0 -999.0 -999.0 -999.0 -999 -999 "" "" "" "" 0 0 0.0 0.0 -999 ""
FIBERMAP 1352 R+7C11 METROLOGY 0 0 0 1 0 0 19.466593870905857 138.7992125926959 143.1 -128.50852652180637 55.929084689514426 345.62555 148.90457 -999.0 -999.0 -999.0 -999.0 -999.0 246.4859828975695 -25.7848806179174 246.55565432317394 -25.846473253517924 86.27009998376656 32.338504675154695 -999.0 6231.0 -999.0 -1 -999 {-999.0 -999.0 -999.0 -999.0 -999.0} "" -999.0 -999.0 -999.0 -999.0 -999 -999 "" "" "" "" 0 0 0.0 0.0 -999 ""
FIBERMAP 1360 R-3C11 APOGEE 1 1 0 1 0 0 -48.35402634561144 -74.69519940103473 143.1 59.01238218267631 -66.59093059907832 304.85632 17.804062 247.11752750199568 -26.158807223149683 -5.5823345 -3.0491269 0.09013136 247.1175436229772 -26.158777944038366 247.18847904318545 -26.218757968728674 86.23258592909055 42.732384823105406 16000.0 16600.0 2016.0 2 151 {-999.0 16.149683 14.482023 13.573176 -999.0} sdss_psfmag_from_g3xp 15.41689 14.196813 13.111307 10.346 63050396393494913 1156256714 bright_1x1 mwm_galactic_core_dist_apogee_extra mwm_galactic science 0 0 0.0 0.0 -999 ""
FIBERMAP 1360 R-3C11 BOSS 0 0 0 1 0 0 -48.969244026917515 -74.2498690908854 143.1 58.41856754262354 -67.06437240244789 304.85632 17.804062 -999.0 -999.0 -999.0 -999.0 -999.0 247.1155814351603 -26.160241591977147 247.1865103071351 -26.22023648673623 86.23486302472975 42.727106661233336 -999.0 5400.0 -999.0 1 432 {-999.0 -999.0 -999.0 -999.0 -999.0} "" -999.0 -999.0 -999.0 -999.0 -999 -999 "" "" "" "" 0 0 0.0 0.0 -999 ""
FIBERMAP 1360 R-3C11 METROLOGY 0 0 0 1 0 0 -48.27211877178856 -73.94322816847898 143.1 58.30985360193459 -66.31061888057592 304.85632 17.804062 -999.0 -999.0 -999.0 -999.0 -999.0 247.11522097975626 -26.157962978676245 247.18614596178588 -26.21795635590886 86.23336863123971 42.700418237391204 -999.0 6231.0 -999.0 -1 -999 {-999.0 -999.0 -999.0 -999.0 -999.0} "" -999.0 -999.0 -999.0 -999.0 -999 -999 "" "" "" "" 0 0 0.0 0.0 -999 ""
FIBERMAP 1361 R+12C3 APOGEE 0 0 0 1 0 0 -115.86625542177836 216.74985304123024 143.1 -239.85405103780187 -53.57611280069296 283.07593 89.821175 -999.0 -999.0 -999.0 -999.0 -999.0 246.10960582984472 -26.114252203092146 246.1801527916533 -26.176640103846765 86.72568137391954 30.306664203698404 -999.0 16600.0 -999.0 2 -999 {-999.0 -999.0 -999.0 -999.0 -999.0} "" -999.0 -999.0 -999.0 -999.0 -999 -999 "" "" "" "" 0 0 0.0 0.0 -999 ""
FIBERMAP 1361 R+12C3 BOSS 1 1 0 1 0 0 -116.57620707822846 216.57197096167457 143.1 -239.87282152674416 -54.30773813741102 283.07593 89.821175 246.109547505504 -26.116416245242895 -12.702921 -18.990175 0.4833089 246.10950798353446 -26.116458981208336 246.18005468495994 -26.17885719516512 86.7276550480516 30.324419791281855 5400.0 5400.0 2016.0 1 99 {-999.0 17.563534 16.828022 16.541798 -999.0} sdss_psfmag_ps1 17.332775 16.83211 16.156975 14.82 63050396393329617 980523215 "" ops_std_boss_tic ops_std standard_boss 0 0 0.0 0.0 -999 ""
FIBERMAP 1361 R+12C3 METROLOGY 0 0 0 1 0 0 -116.36453893090204 217.30771660997397 143.1 -240.524964298587 -53.90675788058343 283.07593 89.821175 -999.0 -999.0 -999.0 -999.0 -999.0 246.10728722306635 -26.11523731121066 246.1778316536586 -26.177638092091925 86.72757440879141 30.283486086344794 -999.0 6231.0 -999.0 -1 -999 {-999.0 -999.0 -999.0 -999.0 -999.0} "" -999.0 -999.0 -999.0 -999.0 -999 -999 "" "" "" "" 0 0 0.0 0.0 -999 ""
FIBERMAP 1366 R+3C11 APOGEE 1 1 0 1 0 0 -30.085539528086407 47.8971866417027 143.1 -54.20301479566272 -16.156796425648853 271.48572 133.7845 246.7352838339677 -26.00475271946848 -10.194715 -21.097338 6.0826287 246.7352525004975 -26.00478780104926 246.80563840495017 -26.06572008484113 86.32811899724393 37.12072393994049 16000.0 16600.0 2016.0 2 12 {-999.0 19.876263 18.067236 16.177202 -999.0} sdss_psfmag_ps1 19.033457 16.811674 15.429136 12.381 63050396393492500 1034958453 bright_1x1 mwm_yso_pms_apogee_sagitta_edr3_single mwm_yso science 0 0 0.0 0.0 -999 ""
FIBERMAP 1366 R+3C11 BOSS 0 0 0 1 0 0 -30.59096232502041 47.34901573187211 143.1 -53.81026189201009 -16.79054839898221 271.48572 133.7845 -999.0 -999.0 -999.0 -999.0 -999.0 246.7365422746149 -26.006716463446296 246.80692517928742 -26.067656288596243 86.32900615452814 37.1530991499107 -999.0 5400.0 -999.0 1 14 {-999.0 -999.0 -999.0 -999.0 -999.0} "" -999.0 -999.0 -999.0 -999.0 -999 -999 "" "" "" "" 0 0 0.0 0.0 -999 ""
FIBERMAP 1366 R+3C11 METROLOGY 0 0 0 1 0 0 -30.815755540935992 48.05521321068114 143.1 -54.550834560001846 -16.81797862454436 271.48572 133.7845 -999.0 -999.0 -999.0 -999.0 -999.0 246.73403223696153 -26.006794983125662 246.8044173052499 -26.06773760340955 86.33039603214544 37.12537495678271 -999.0 6231.0 -999.0 -1 -999 {-999.0 -999.0 -999.0 -999.0 -999.0} "" -999.0 -999.0 -999.0 -999.0 -999 -999 "" "" "" "" 0 0 0.0 0.0 -999 ""
FIBERMAP 1367 R-10C9 APOGEE 0 0 0 1 0 0 15.132939199069288 -191.25178609360725 143.1 188.3092835568703 -36.64347356808119 27.972813 99.23931 -999.0 -999.0 -999.0 -999.0 -999.0 247.55356064804556 -26.067458670186312 247.62432934175592 -26.126421958665443 85.8983840315772 45.98942916836188 -999.0 16600.0 -999.0 2 -999 {-999.0 -999.0 -999.0 -999.0 -999.0} "" -999.0 -999.0 -999.0 -999.0 -999 -999 "" "" "" "" 0 0 0.0 0.0 -999 ""
FIBERMAP 1367 R-10C9 BOSS 1 1 0 1 0 0 15.575416186333165 -191.85170219372313 143.1 189.00576452694995 -36.37785664722267 27.972813 99.23931 247.55601235943388 -26.066635735905383 -3.911058 -6.1287694 0.85473603 247.5559753098386 -26.06664738305173 247.6267301504057 -26.125616094226412 85.89629886138839 46.00303633747086 5400.0 5400.0 2016.0 1 404 {-999.0 19.81374 19.991364 20.072512 -999.0} sdss_psfmag_ps1 19.827145 19.810976 19.671118 -999.0 63050396393403317 1143795582 dark_1x2 mwm_wd_pwd_boss_1x2 mwm_wd science 0 0 0.0 0.0 -999 ""
FIBERMAP 1367 R-10C9 METROLOGY 0 0 0 1 0 0 14.84561194387187 -191.94239543702565 143.1 188.8976772595197 -37.105256658975264 27.972813 99.23931 -999.0 -999.0 -999.0 -999.0 -999.0 247.55564082460464 -26.06886084957564 247.6264055587277 -26.12782664338202 85.89808002756972 46.02178267057252 -999.0 6231.0 -999.0 -1 -999 {-999.0 -999.0 -999.0 -999.0 -999.0} "" -999.0 -999.0 -999.0 -999.0 -999 -999 "" "" "" "" 0 0 0.0 0.0 -999 ""
FIBERMAP 1371 R-4C4 APOGEE 0 0 0 1 0 0 -171.4861610962811 -92.20893029006207 143.1 42.90707368276368 -189.9098696796378 322.02158 89.02033 -999.0 -999.0 -999.0 -999.0 -999.0 247.06217105210783 -26.5320785385954 247.13420229554015 -26.59208963787326 86.53829006504736 46.22150067814806 -999.0 16600.0 -999.0 2 -999 {-999.0 -999.0 -999.0 -999.0 -999.0} "" -999.0 -999.0 -999.0 -999.0 -999 -999 "" "" "" "" 0 0 0.0 0.0 -999 ""
FIBERMAP 1371 R-4C4 BOSS 1 1 0 1 0 0 -171.9587103277239 -92.81553985502063 143.1 43.364932202793696 -190.5276021271958 322.02158 89.02033 247.0637967178401 -26.533981110674908 -11.249298 -2.189024 0.57120043 247.06374074543808 -26.533990071994058 247.13576783590497 -26.594006090697107 86.5386579062284 46.260332911941305 5400.0 5400.0 2016.0 1 493 {-999.0 17.510574 16.811098 16.51815 -999.0} sdss_psfmag_ps1 17.274683 16.77895 16.100336 -999.0 63050396393381315 981920815 "" ops_std_boss_tic ops_std standard_boss 0 0 0.0 0.0 -999 ""
FIBERMAP 1371 R-4C4 METROLOGY 0 0 0 1 0 0 -172.22881167936168 -92.11966479703023 143.1 42.622169526430966 -190.60144787048648 322.02158 89.02033 -999.0 -999.0 -999.0 -999.0 -999.0 247.06122813280885 -26.534240579601644 247.1332582454661 -26.594259920361228 86.54042282783858 46.23698906850336 -999.0 6231.0 -999.0 -1 -999 {-999.0 -999.0 -999.0 -999.0 -999.0} "" -999.0 -999.0 -999.0 -999.0 -999 -999 "" "" "" "" 0 0 0.0 0.0 -999 ""
FIBERMAP 1375 R+7C1 APOGEE 0 0 0 1 0 0 -221.49734649748433 152.24497184595882 143.1 -205.99974052523888 -172.61977601834016 154.03558 72.649666 -999.0 -999.0 -999.0 -999.0 -999.0 246.22098020157736 -26.47502325869644 246.29262153808122 -26.537050064448287 86.97845231445145 35.33776470495252 -999.0 16600.0 -999.0 2 49 {-999.0 -999.0 -999.0 -999.0 -999.0} "" -999.0 -999.0 -999.0 -999.0 -999 -999 "" "" "" "" 0 0 0.0 0.0 -999 ""
FIBERMAP 1375 R+7C1 BOSS 1 1 0 1 0 0 -220.9886570634628 152.7970254587518 143.1 -206.39535920947142 -171.98183699131908 154.03558 72.649666 246.2192917232154 -26.47306659695036 -5.7438593 -4.841593 3.8423142 246.2196695670347 -26.473073965488062 246.29129762732964 -26.53511374882661 86.97752409531925 35.29847413785791 5400.0 5400.0 2016.0 1 36 {-999.0 14.427667 13.521744 13.126159 -999.0} sdss_psfmag_from_g3xp 14.161721 13.533126 12.754905 11.072 63050396393312983 1075960071 bright_1x1 mwm_erosita_stars_boss mwm_erosita science 0 0 1.282666563987732 0.0 -999 ""
FIBERMAP 1375 R+7C1 METROLOGY 0 0 0 1 0 0 -220.76689121992797 152.0811095046064 143.1 -205.64623436551526 -171.95992629892652 154.03558 72.649666 -999.0 -999.0 -999.0 -999.0 -999.0 246.22214157371374 -26.473070847578796 246.2937723134337 -26.53510212248497 86.97626349089721 35.3329861453409 -999.0 6231.0 -999.0 -1 -999 {-999.0 -999.0 -999.0 -999.0 -999.0} "" -999.0 -999.0 -999.0 -999.0 -999 -999 "" "" "" "" 0 0 0.0 0.0 -999 ""
FIBERMAP 1377 R-3C22 APOGEE 1 1 0 1 0 0 219.21847471073488 -67.36696820528053 143.1 123.61603011138098 193.15709977542204 289.62027 131.96646 247.3345326566291 -25.37175617646046 -10.178719 -20.381735 6.386965 247.33450546306022 -25.371809365618578 247.40317395840214 -25.431484750201783 85.4983671263356 37.94629552912829 16000.0 16600.0 2016.0 2 202 {-999.0 21.313044 19.42752 17.28703 -999.0} sdss_psfmag_ps1 20.466349 17.833952 16.387423 12.924 63050396393541817 1034958503 bright_1x1 mwm_yso_pms_apogee_sagitta_edr3_single mwm_yso science 0 0 0.0 0.0 -999 ""
FIBERMAP 1377 R-3C22 BOSS 0 0 0 1 0 0 218.86916009634263 -68.02308165175174 143.1 124.15458764971751 192.6448357020268 289.62027 131.96646 -999.0 -999.0 -999.0 -999.0 -999.0 247.33634592000976 -25.373312866362443 247.4050080891824 -25.432997009169558 85.49859526006173 37.97472445491411 -999.0 5400.0 -999.0 1 285 {-999.0 -999.0 -999.0 -999.0 -999.0} "" -999.0 -999.0 -999.0 -999.0 -999 -999 "" "" "" "" 0 0 0.0 0.0 -999 ""
FIBERMAP 1377 R-3C22 METROLOGY 0 0 0 1 0 0 218.47901893477933 -67.38946415805084 143.1 123.43965508760748 192.43866651245287 289.62027 131.96646 -999.0 -999.0 -999.0 -999.0 -999.0 247.3339754383361 -25.37390214550913 247.4026419648103 -25.433587943878905 85.50034282075276 37.95733832209817 -999.0 6231.0 -999.0 -1 -999 {-999.0 -999.0 -999.0 -999.0 -999.0} "" -999.0 -999.0 -999.0 -999.0 -999 -999 "" "" "" "" 0 0 0.0 0.0 -999 ""
FIBERMAP 1379 R-4C9 APOGEE 1 1 0 1 0 0 -78.68351663457435 -59.267252705132634 143.1 36.02561985796634 -91.67897736381228 188.48392 31.273235 247.0396708544373 -26.234756721477318 -10.983744 -22.600233 6.9767437 247.03963561280995 -26.23481442998126 247.1107772665407 -26.294959665899473 86.33582930189705 42.70379834262832 16000.0 16600.0 2016.0 2 292 {-999.0 19.453814 17.896544 15.967481 -999.0} sdss_psfmag_ps1 18.875582 16.629234 15.262767 12.391 63050396393478486 1034958448 bright_1x1 mwm_yso_pms_apogee_sagitta_edr3_single mwm_yso science 0 0 0.0 0.0 -999 ""
FIBERMAP 1379 R-4C9 BOSS 0 0 0 1 0 0 -78.07865008739167 -58.83555171885752 143.1 35.77171065285686 -90.98061315441866 188.48392 31.273235 -999.0 -999.0 -999.0 -999.0 -999.0 247.03881396225526 -26.232736491912878 247.10993911920434 -26.292894556057597 86.33477724028978 42.67361291078578 -999.0 5400.0 -999.0 1 480 {-999.0 -999.0 -999.0 -999.0 -999.0} "" -999.0 -999.0 -999.0 -999.0 -999 -999 "" "" "" "" 0 0 0.0 0.0 -999 ""
FIBERMAP 1379 R-4C9 METROLOGY 0 0 0 1 0 0 -78.01481615313155 -59.592804365606085 143.1 36.518361351963804 -91.12192877349293 188.48392 31.273235 -999.0 -999.0 -999.0 -999.0 -999.0 247.0413407695343 -26.233179653838434 247.11247073068307 -26.29332865201941 86.33360180945769 42.704730293461694 -999.0 6231.0 -999.0 -1 -999 {-999.0 -999.0 -999.0 -999.0 -999.0} "" -999.0 -999.0 -999.0 -999.0 -999 -999 "" "" "" "" 0 0 0.0 0.0 -999 ""
FIBERMAP 1385 R-13C3 APOGEE 0 0 0 1 0 0 -114.23583600632679 -267.43535250443546 143.1 227.05744594149274 -181.68444823129585 282.25555 52.773014 -999.0 -999.0 -999.0 -999.0 -999.0 247.6837199402297 -26.505168498764093 247.75582363365777 -26.563701553215786 86.10850692415814 51.74996419112921 -999.0 16600.0 -999.0 2 156 {-999.0 -999.0 -999.0 -999.0 -999.0} "" -999.0 -999.0 -999.0 -999.0 -999 -999 "" "" "" "" 0 0 0.0 0.0 -999 ""
FIBERMAP 1385 R-13C3 BOSS 1 1 0 1 0 0 -114.93272017815777 -267.1206560814745 143.1 226.5676141995237 -182.27155697097018 282.25555 52.773014 247.68175755636068 -26.506938867369033 -3.4759567 1.6090922 0.19846134 247.6820531519347 -26.50691571045026 247.75414915904378 -26.565461622496894 86.11078449682296 51.755740989103515 5400.0 5400.0 2016.0 1 437 {-999.0 15.780997 14.909037 14.469074 -999.0} sdss_psfmag_from_g3xp 15.509602 14.874226 14.092721 12.409 63050396393364862 1071861564 dark_flexible_2x1 mwm_halo_mp_xp_boss mwm_halo science 0 0 0.9024960398674011 0.0 -999 ""
FIBERMAP 1385 R-13C3 METROLOGY 0 0 0 1 0 0 -114.30335883524205 -266.68817595057186 143.1 226.31951477984035 -181.54938525125567 282.25555 52.773014 -999.0 -999.0 -999.0 -999.0 -999.0 247.681274397034 -26.50478866887562 247.75336740218654 -26.563334381453938 86.1099581426145 51.725061159684515 -999.0 6231.0 -999.0 -1 -999 {-999.0 -999.0 -999.0 -999.0 -999.0} "" -999.0 -999.0 -999.0 -999.0 -999 -999 "" "" "" "" 0 0 0.0 0.0 -999 ""
FIBERMAP 1386 R-3C2 APOGEE 0 0 0 1 0 0 -231.7716674915922 -74.68712138916534 143.1 9.879930760916736 -243.297412037472 310.81674 86.387405 -999.0 -999.0 -999.0 -999.0 -999.0 246.94982560995172 -26.692744732804787 247.02230765550757 -26.752980223288358 86.72252160526118 46.97154595466856 -999.0 16600.0 -999.0 2 -999 {-999.0 -999.0 -999.0 -999.0 -999.0} "" -999.0 -999.0 -999.0 -999.0 -999 -999 "" "" "" "" 0 0 0.0 0.0 -999 ""
FIBERMAP 1386 R-3C2 BOSS 1 1 0 1 0 0 -232.35824574229832 -75.13621705773434 143.1 10.155496537454576 -243.98281570465022 310.81674 86.387405 246.9507668749224 -26.69483343178638 -1.5556016 2.976173 0.1898671 246.95076381672482 -26.69482143311644 247.0232424606753 -26.75506269371611 86.72337737836044 47.007825908695736 5400.0 5400.0 2016.0 1 514 {-999.0 18.079262 17.70516 17.55929 -999.0} sdss_psfmag_ps1 17.9512 17.6475 17.197454 16.096 63050396393379769 978584869 "" ops_std_boss ops_std standard_boss 0 0 0.0 0.0 -999 ""
FIBERMAP 1386 R-3C2 METROLOGY 0 0 0 1 0 0 -232.45783791462512 -74.38934904768459 143.1 9.409273515173657 -243.87873168223098 310.81674 86.387405 -999.0 -999.0 -999.0 -999.0 -999.0 246.94823563728482 -26.694547980169716 247.02071560739068 -26.754792912546456 86.72480495216341 46.97688660549676 -999.0 6231.0 -999.0 -1 -999 {-999.0 -999.0 -999.0 -999.0 -999.0} "" -999.0 -999.0 -999.0 -999.0 -999 -999 "" "" "" "" 0 0 0.0 0.0 -999 ""
FIBERMAP 1389 R+2C3 APOGEE 1 1 0 1 0 0 -209.7013198108743 38.72481501847872 143.1 -93.47256557181942 -191.65927626650952 10.244565 107.012825 246.60037414685442 -26.5357450685008 -3.195122 -3.0048141 0.10019351 246.60033940234075 -26.535748595684893 246.67226225277352 -26.59685836505746 86.8207385456658 41.01059805096156 16000.0 16600.0 2016.0 2 37 {-999.0 15.354802 14.070569 13.469381 -999.0} sdss_psfmag_from_g3xp 14.865712 13.988297 13.066955 10.835 63050396393262346 1153043021 bright_1x1 mwm_galactic_core_dist_apogee_sparse mwm_galactic science 0 0 0.0 0.0 -999 ""
FIBERMAP 1389 R+2C3 BOSS 0 0 0 1 0 0 -209.33744706846926 38.06338042195476 143.1 -92.73786885217855 -191.4858649004629 10.244565 107.012825 -999.0 -999.0 -999.0 -999.0 -999.0 246.6028108718792 -26.535275894681348 246.67472440977804 -26.59638905413586 86.8189654580106 41.03559839017851 -999.0 5400.0 -999.0 1 61 {-999.0 -999.0 -999.0 -999.0 -999.0} "" -999.0 -999.0 -999.0 -999.0 -999 -999 "" "" "" "" 0 0 0.0 0.0 -999 ""
FIBERMAP 1389 R+2C3 METROLOGY 0 0 0 1 0 0 -210.09648078135967 38.09971525095409 143.1 -92.97616631333261 -192.20740336110447 10.244565 107.012825 -999.0 -999.0 -999.0 -999.0 -999.0 246.60197973887637 -26.537477706864678 246.6739020302051 -26.598589652446663 86.82112457361781 41.05091175989264 -999.0 6231.0 -999.0 -1 -999 {-999.0 -999.0 -999.0 -999.0 -999.0} "" -999.0 -999.0 -999.0 -999.0 -999 -999 "" "" "" "" 0 0 0.0 0.0 -999 ""
FIBERMAP 1390 R+5C10 APOGEE 1 1 0 1 0 0 -54.13713430068974 89.72196479766946 143.1 -100.93966700570276 -28.126726525004983 270.5353 26.294598 246.57725397318646 -26.040438874298022 -3.2228851 -1.9333316 0.015671834 246.57728269169223 -26.040437925559594 246.64773387863295 -26.101736167348108 86.43941453492108 35.61439865134929 16000.0 16600.0 2016.0 2 138 {-999.0 17.728949 15.833466 14.225522 -999.0} sdss_psfmag_ps1 16.993156 14.867035 13.534514 10.12 63050396393509927 1154246071 bright_1x1 mwm_galactic_core_dist_apogee_sparse mwm_galactic science 0 0 0.0 0.0 -999 ""
FIBERMAP 1390 R+5C10 BOSS 0 0 0 1 0 0 -54.464489114300264 90.39733970811751 143.1 -101.67801355324124 -28.26122207589103 270.5353 26.294598 -999.0 -999.0 -999.0 -999.0 -999.0 246.57473551471543 -26.040837785650112 246.64517881523125 -26.102152962592466 86.44105859780635 35.587761228622355 -999.0 5400.0 -999.0 1 134 {-999.0 -999.0 -999.0 -999.0 -999.0} "" -999.0 -999.0 -999.0 -999.0 -999 -999 "" "" "" "" 0 0 0.0 0.0 -999 ""
FIBERMAP 1390 R+5C10 METROLOGY 0 0 0 1 0 0 -53.721838732638716 90.34579209801343 143.1 -101.4294477002269 -27.559542114537557 270.5353 26.294598 -999.0 -999.0 -999.0 -999.0 -999.0 246.57557261056414 -26.038717767676836 246.64601226164325 -26.100028418838715 86.43888393961308 35.57830569498441 -999.0 6231.0 -999.0 -1 -999 {-999.0 -999.0 -999.0 -999.0 -999.0} "" -999.0 -999.0 -999.0 -999.0 -999 -999 "" "" "" "" 0 0 0.0 0.0 -999 ""
FIBERMAP 1394 R+6C7 APOGEE 1 1 0 1 0 0 -106.42124152052907 129.92502254283355 143.1 -153.67541942538688 -67.73083327800592 208.33514 32.2559 246.39878199798312 -26.159458563666742 -8.573733 -12.119247 2.1212697 246.39876975027605 -26.159490378780205 246.46952592949378 -26.221180456726607 86.62794012149871 34.52822669607218 16000.0 16600.0 2016.0 2 41 {-999.0 10.8404875 9.740448 9.258685 -999.0} sdss_psfmag_from_g3xp 10.4558735 9.716733 8.874204 7.035 63050396393506525 1108627115 bright_1x1 mwm_tess_rgb_apogee mwm_tessrgb science 0 0 0.0 0.0 -999 ""
FIBERMAP 1394 R+6C7 BOSS 0 0 0 1 0 0 -106.04554000240906 130.5733600183697 143.1 -154.1994182267388 -67.19523010822678 208.33514 32.2559 -999.0 -999.0 -999.0 -999.0 -999.0 246.39695576448227 -26.157869701513878 246.4676989169153 -26.219575060649632 86.62750689386354 34.489925682847 -999.0 5400.0 -999.0 1 68 {-999.0 -999.0 -999.0 -999.0 -999.0} "" -999.0 -999.0 -999.0 -999.0 -999 -999 "" "" "" "" 0 0 0.0 0.0 -999 ""
FIBERMAP 1394 R+6C7 METROLOGY 0 0 0 1 0 0 -105.67842477589514 129.91649575548595 143.1 -153.4682562352863 -67.0174707901784 208.33514 32.2559 -999.0 -999.0 -999.0 -999.0 -999.0 246.39939880331468 -26.15735951075173 246.47014328454281 -26.219056223810558 86.6258634997818 34.51612807768623 -999.0 6231.0 -999.0 -1 -999 {-999.0 -999.0 -999.0 -999.0 -999.0} "" -999.0 -999.0 -999.0 -999.0 -999 -999 "" "" "" "" 0 0 0.0 0.0 -999 ""
FIBERMAP 1397 R-3C19 APOGEE 0 0 0 1 0 0 151.4297873319103 -70.74933465073451 143.1 108.7188620243942 126.94206916696655 300.02655 112.824104 -999.0 -999.0 -999.0 -999.0 -999.0 247.28513986142823 -25.571757683668725 247.35438340674875 -25.631496738540356 85.6844451643557 39.05944180548681 -999.0 16600.0 -999.0 2 -999 {-999.0 -999.0 -999.0 -999.0 -999.0} "" -999.0 -999.0 -999.0 -999.0 -999 -999 "" "" "" "" 0 0 0.0 0.0 -999 ""
FIBERMAP 1397 R-3C19 BOSS 1 1 0 1 0 0 150.982491998087 -71.33803325376472 143.1 109.16622846502655 126.3534639727594 300.02655 112.824104 247.28639515247733 -25.573442559054797 -10.950366 -26.749199 7.9702396 247.28670321408558 -25.573479204299638 247.3559411954402 -25.63322686444999 85.68495562371093 39.08827003522566 5400.0 5400.0 2016.0 1 305 {-999.0 16.486214 15.084411 13.6817 -999.0} sdss_psfmag_ps1 15.92363 14.190181 12.925275 10.417 63050396393531340 1075849150 bright_1x1 mwm_erosita_stars_boss mwm_erosita science 0 0 1.1189357042312622 0.0 -999 ""
FIBERMAP 1397 R-3C19 METROLOGY 0 0 0 1 0 0 150.68797339977363 -70.65336430696077 143.1 108.42772234523181 126.25309278161625 300.02655 112.824104 -999.0 -999.0 -999.0 -999.0 -999.0 247.28423608274448 -25.57376770636766 247.3534774636072 -25.633517548298425 85.68654378086926 39.06726762527967 -999.0 6231.0 -999.0 -1 -999 {-999.0 -999.0 -999.0 -999.0 -999.0} "" -999.0 -999.0 -999.0 -999.0 -999 -999 "" "" "" "" 0 0 0.0 0.0 -999 ""
FIBERMAP 1399 R+5C21 APOGEE 0 0 1 1 0 0 213.7497467949215 104.76700916306324 143.1 -43.68636866675788 233.99097538073005 10.010998 170.07051 -999.0 -999.0 -999.0 -999.0 -999.0 246.77440541788545 -25.24751779051552 246.84258307237724 -25.308561565105734 85.67558850534695 31.571331760278156 -999.0 16600.0 -999.0 2 -999 {-999.0 -999.0 -999.0 -999.0 -999.0} "" -999.0 -999.0 -999.0 -999.0 -999 -999 "" "" "" "" 0 0 0.0 0.0 -999 ""
FIBERMAP 1399 R+5C21 BOSS 1 0 1 1 0 0 214.47274653508515 104.78599185474621 143.1 -43.51101630199417 234.69261357668864 10.010998 170.07051 246.77078247070312 -25.313547132350905 -999.0 -999.0 -999.0 246.77500713248446 -25.24536668655114 246.84316958008515 -25.30642360369524 85.67347643474918 31.563039285474417 5400.0 5400.0 2015.5 1 247 {-999.0 -999.0 -999.0 -999.0 -999.0} "" -999.0 -999.0 -999.0 -999.0 27021603175508365 823838408 "" ops_sky_boss_good ops_sky sky_boss 0 0 0.0 0.0 -999 ""
FIBERMAP 1399 R+5C21 METROLOGY 0 0 1 1 0 0 214.12384243036183 104.11928184980513 143.1 -42.962139856336194 234.17790692570918 10.010998 170.07051 -999.0 -999.0 -999.0 -999.0 -999.0 246.77682488897457 -25.246883338828226 246.84499474461586 -25.307931553259166 85.67394082575909 31.592023933802125 -999.0 6231.0 -999.0 -1 -999 {-999.0 -999.0 -999.0 -999.0 -999.0} "" -999.0 -999.0 -999.0 -999.0 -999 -999 "" "" "" "" 0 0 0.0 0.0 -999 ""
FIBERMAP 1401 R-2C6 APOGEE 0 0 0 1 0 0 -148.01447113185893 -36.44857960621689 143.1 -4.527278652698533 -152.36244921358886 335.17197 149.978 -999.0 -999.0 -999.0 -999.0 -999.0 246.90183965541613 -26.418378421644892 246.97349171616747 -26.478802403972953 86.55491074205844 43.194864402934854 -999.0 16600.0 -999.0 2 -999 {-999.0 -999.0 -999.0 -999.0 -999.0} "" -999.0 -999.0 -999.0 -999.0 -999 -999 "" "" "" "" 0 0 0.0 0.0 -999 ""
FIBERMAP 1401 R-2C6 BOSS 1 1 0 1 0 0 -147.57560590618215 -37.049391361770816 143.1 -3.8309021247713764 -152.10055182738674 335.17197 149.978 246.9042616868355 -26.41755402268505 -11.770925 -27.90166 3.0060132 246.90420815727813 -26.417648602596742 246.9758489968333 -26.478076742756507 86.55296004189276 43.21288625936461 5400.0 5400.0 2016.0 1 470 {-999.0 17.12979 15.668017 15.046969 -999.0} sdss_psfmag_ps1 16.47874 15.5504055 14.601218 12.596 63050396393474177 1078035285 bright_flexible_2x1 mwm_snc_ext_main_boss mwm_snc science 0 0 0.0 0.0 -999 ""
FIBERMAP 1401 R-2C6 METROLOGY 0 0 0 1 0 0 -148.31774605142093 -37.13233580542883 143.1 -3.9497586781455207 -152.8377611652011 335.17197 149.978 -999.0 -999.0 -999.0 -999.0 -999.0 246.90379554904922 -26.419897889672892 246.97544570650155 -26.480323677440662 86.55487148312305 43.233433473309105 -999.0 6231.0 -999.0 -1 -999 {-999.0 -999.0 -999.0 -999.0 -999.0} "" -999.0 -999.0 -999.0 -999.0 -999 -999 "" "" "" "" 0 0 0.0 0.0 -999 ""
