#%yanny
#
# confSummaryFS-10021265.par
#
# Created by pydl.pydlutils.yanny.yanny
#
# 2026-04-22 15:08:30 UTC
#
configuration_id 10021265
robostrategy_run iota-1
fps_calibrations_version 2025.12.04+57d945b
jaeger_version 1.11.1a1
coordio_version 1.18.1
kaiju_version 1.4.1
design_id 737382
field_id 106399
focal_scale 0.9999646
instruments BOSS APOGEE
epoch 2461152.8764677807
obstime Wed Apr 22 09:09:22 2026
MJD 61152
observatory LCO
temperature 11.114535966063414
raCen 276.472796448317
decCen -34.6302019184083
pa 266.15887
is_dithered 0
parent_configuration -999
dither_radius -999.0
cloned_from -999
rotator_angle 183.91
fvc_centroid_method flex
fvc_rms 0.00729
fvc_90_perc 0.0098
fvc_percent_reached 60.7
fvc_image_path /data/fcam/61152/proc-fimg-fvc1s-0046.fits

typedef enum {
    BOSS,
    APOGEE,
    METROLOGY,
    NONE
} FIBERTYPE;

typedef struct {
    short positionerId;
    char holeId[28];
    FIBERTYPE fiberType;
    short assigned;
    short on_target;
    short disabled;
    short valid;
    short decollided;
    short too;
    double xwok;
    double ywok;
    double zwok;
    double xFocal;
    double yFocal;
    float alpha;
    float beta;
    double racat;
    double deccat;
    float pmra;
    float pmdec;
    float parallax;
    double ra;
    double dec;
    double ra_observed;
    double dec_observed;
    double alt_observed;
    double az_observed;
    float lambda_design;
    float lambda_eff;
    float coord_epoch;
    short spectrographId;
    short fiberId;
    float mag[5];
    char optical_prov[84];
    float bp_mag;
    float gaia_g_mag;
    float rp_mag;
    float h_mag;
    long catalogid;
    long carton_to_target_pk;
    char cadence[76];
    char firstcarton[152];
    char program[56];
    char category[60];
    long sdssv_boss_target0;
    long sdssv_apogee_target0;
    double delta_ra;
    double delta_dec;
    long too_id;
    char too_program[4];
} FIBERMAP;

FIBERMAP 4 R+1C12 APOGEE 0 0 0 1 0 0 -54.348914465452694 20.613074480608443 143.1 -16.92532841968679 -55.60573165636173 233.48752 47.246124 -999.0 -999.0 -999.0 -999.0 -999.0 276.40955467260807 -34.7988742376987 276.5138857284147 -34.78189035244458 84.0502364816288 166.15800225335 -999.0 16600.0 -999.0 2 -999 {-999.0 -999.0 -999.0 -999.0 -999.0} "" -999.0 -999.0 -999.0 -999.0 -999 -999 "" "" "" "" 0 0 0.0 0.0 -999 ""
FIBERMAP 4 R+1C12 BOSS 1 1 0 1 0 0 -54.49800090655796 21.323459334518503 143.1 -17.624105428825423 -55.802065038924454 233.48752 47.246124 276.4065906817296 -34.79943528768706 -3.758055 -29.555864 0.3487826 276.40696123524685 -34.7995182988041 276.51128914400454 -34.78251928161378 84.05017110250728 166.17944302686865 5400.0 5400.0 2016.0 1 22 {-999.0 14.350099 13.784814 13.519084 -999.0} sdss_psfmag_from_g3xp 14.208213 13.780984 13.170921 11.932 63050395230856172 1071772971 dark_flexible_2x1 mwm_halo_vmp_xp_boss mwm_halo science 0 0 1.165377140045166 0.0 -999 ""
FIBERMAP 4 R+1C12 METROLOGY 0 0 0 1 0 0 -53.78420294888579 21.103583522169167 143.1 -17.452547049566572 -55.075166748616056 233.48752 47.246124 -999.0 -999.0 -999.0 -999.0 -999.0 276.40760184714077 -34.79731184857576 276.5119229672242 -34.78031798290443 84.05216750444572 166.16918126305276 -999.0 6231.0 -999.0 -1 -999 {-999.0 -999.0 -999.0 -999.0 -999.0} "" -999.0 -999.0 -999.0 -999.0 -999 -999 "" "" "" "" 0 0 0.0 0.0 -999 ""
FIBERMAP 6 R+3C2 APOGEE 0 0 0 1 0 0 -244.0610791959864 71.99597706563709 143.1 -55.48259326645299 -248.32706008801068 145.27817 92.1594 -999.0 -999.0 -999.0 -999.0 -999.0 276.26400479797405 -35.38088229056559 276.3706482330689 -35.36409669180915 83.51166568173961 168.47081381320086 -999.0 16600.0 -999.0 2 -999 {-999.0 -999.0 -999.0 -999.0 -999.0} "" -999.0 -999.0 -999.0 -999.0 -999 -999 "" "" "" "" 0 0 0.0 0.0 -999 ""
FIBERMAP 6 R+3C2 BOSS 1 1 0 1 0 0 -243.67943213618238 72.60153522974908 143.1 -56.112335430183 -247.9868488279141 145.27817 92.1594 276.26167460133064 -35.37987060979341 3.0597768 -4.4045734 0.7430022 276.26167588329884 -35.37988375682972 276.3683102343904 -35.363080642553996 83.51306653282934 168.48537057019888 5400.0 5400.0 2016.0 1 75 {-999.0 19.813478 19.991642 20.113722 -999.0} sdss_psfmag_gaia 19.732552 19.891216 19.615696 -999.0 63050396519944910 1143422010 dark_2x1 mwm_wd_pwd_boss_2x1 mwm_wd science 0 0 0.0 0.0 -999 ""
FIBERMAP 6 R+3C2 METROLOGY 0 0 0 1 0 0 -243.3135949343227 71.9683094788034 143.1 -55.505061125202126 -247.57942795898816 145.27817 92.1594 -999.0 -999.0 -999.0 -999.0 -999.0 276.2639197498358 -35.378710314647435 276.37055021958133 -35.36190852796004 83.51382011710446 168.46735335106425 -999.0 6231.0 -999.0 -1 -999 {-999.0 -999.0 -999.0 -999.0 -999.0} "" -999.0 -999.0 -999.0 -999.0 -999 -999 "" "" "" "" 0 0 0.0 0.0 -999 ""
FIBERMAP 13 R-1C1 APOGEE 0 0 0 1 0 0 -288.07316037927535 -28.276226360870538 143.1 47.509092594606614 -285.5217065426843 219.91945 126.58053 -999.0 -999.0 -999.0 -999.0 -999.0 276.6458329004489 -35.49348873111934 276.7527159540257 -35.475685401105395 83.32954908520446 166.06077576150147 -999.0 16600.0 -999.0 2 255 {-999.0 -999.0 -999.0 -999.0 -999.0} "" -999.0 -999.0 -999.0 -999.0 -999 -999 "" "" "" "" 0 0 0.0 0.0 -999 ""
FIBERMAP 13 R-1C1 BOSS 1 1 0 1 0 0 -288.78357039004396 -28.11186562657234 143.1 47.39269567445227 -286.24150578406227 219.91945 126.58053 276.6454071757787 -35.49560404273314 -0.8096296 -10.835347 0.47923368 276.64539377480133 -35.495632506711054 276.7522774129462 -35.47780541916843 83.32759354333396 166.06846444816654 5400.0 5400.0 2016.0 1 525 {-999.0 20.67979 19.879107 19.581131 -999.0} sdss_psfmag_gaia 20.337929 19.920732 19.123877 -999.0 63050396519799359 1129081391 dark_flexible_2x1 mwm_erosita_compact_boss_shallow mwm_erosita science 0 0 0.0 0.0 -999 ""
FIBERMAP 13 R-1C1 METROLOGY 0 0 0 1 0 0 -288.30154792974594 -27.56142225076364 143.1 46.8112186184817 -285.7974561307149 219.91945 126.58053 -999.0 -999.0 -999.0 -999.0 -999.0 276.6432505701904 -35.494356986588215 276.750132642161 -35.476542676220625 83.32926476920163 166.0801785099038 -999.0 6231.0 -999.0 -1 -999 {-999.0 -999.0 -999.0 -999.0 -999.0} "" -999.0 -999.0 -999.0 -999.0 -999 -999 "" "" "" "" 0 0 0.0 0.0 -999 ""
FIBERMAP 15 R-1C25 APOGEE 0 0 0 1 0 0 244.76299101826143 -5.21044560294974 143.1 -11.19757422079949 244.55355537892612 177.70937 63.912292 -999.0 -999.0 -999.0 -999.0 -999.0 276.43475488061296 -33.88988461810689 276.5356409293345 -33.873111523763285 84.91835363126485 163.3462818453988 -999.0 16600.0 -999.0 2 -999 {-999.0 -999.0 -999.0 -999.0 -999.0} "" -999.0 -999.0 -999.0 -999.0 -999 -999 "" "" "" "" 0 0 0.0 0.0 -999 ""
FIBERMAP 15 R-1C25 BOSS 1 1 0 1 0 0 245.0693547443668 -4.5819663127499215 143.1 -11.845142147884223 244.81711964259722 177.70937 63.912292 276.4324254967601 -33.889059058474714 -7.512006 -10.583059 -5.185285e-05 276.4324031952482 -33.88908189449214 276.5332804933756 -33.87229692014118 84.91972152682908 163.36460492175348 5400.0 5400.0 2016.0 1 336 {-999.0 15.914423 16.025286 16.11431 -999.0} sdss_psfmag_gaia 16.017033 15.945165 15.813379 15.579 63050395231194327 1093496929 bright_1x1 mwm_astar_core_boss_single mwm_ob science 0 0 0.0 0.0 -999 ""
FIBERMAP 15 R-1C25 METROLOGY 0 0 0 1 0 0 245.51078178024193 -5.192918678155621 143.1 -11.265154003349044 245.29846582858704 177.70937 63.912292 -999.0 -999.0 -999.0 -999.0 -999.0 276.4345204561519 -33.88759408135547 276.53539309894154 -33.87080926176766 84.92061059465426 163.34064847528785 -999.0 6231.0 -999.0 -1 -999 {-999.0 -999.0 -999.0 -999.0 -999.0} "" -999.0 -999.0 -999.0 -999.0 -999 -999 "" "" "" "" 0 0 0.0 0.0 -999 ""
FIBERMAP 24 R+3C10 APOGEE 0 0 0 1 0 0 -62.0274741314508 72.031963953282 143.1 -67.71252649869783 -66.71120891556275 128.40492 102.09436 -999.0 -999.0 -999.0 -999.0 -999.0 276.221588814433 -34.83180819920716 276.326140531301 -34.8152985949085 84.05497254763866 167.67979579656665 -999.0 16600.0 -999.0 2 -999 {-999.0 -999.0 -999.0 -999.0 -999.0} "" -999.0 -999.0 -999.0 -999.0 -999 -999 "" "" "" "" 0 0 0.0 0.0 -999 ""
FIBERMAP 24 R+3C10 BOSS 1 1 0 1 0 0 -61.523971695368246 72.61377027373558 143.1 -68.32673383502988 -66.24782923122486 128.40492 102.09436 276.21932880237205 -34.830403830081224 -14.358015 -16.037231 0.27654722 276.2192858309132 -34.8304498727499 276.3238273374209 -34.81392487164296 84.05674173473192 167.69464217862355 5400.0 5400.0 2016.0 1 24 {-999.0 17.795631 17.401781 17.277975 -999.0} sdss_psfmag_gaia 17.691975 17.425406 16.90991 15.842 63050395230861545 977064841 "" ops_std_boss ops_std standard_boss 0 0 0.0 0.0 -999 ""
FIBERMAP 24 R+3C10 METROLOGY 0 0 0 1 0 0 -61.29008085082221 71.90646747333179 143.1 -67.63671270648197 -65.96709140203862 128.40492 102.09436 -999.0 -999.0 -999.0 -999.0 -999.0 276.22183251905807 -34.82961088482504 276.326371282845 -34.81308573969142 84.05708439554736 167.67315643935058 -999.0 6231.0 -999.0 -1 -999 {-999.0 -999.0 -999.0 -999.0 -999.0} "" -999.0 -999.0 -999.0 -999.0 -999 -999 "" "" "" "" 0 0 0.0 0.0 -999 ""
FIBERMAP 27 R-2C1 APOGEE 1 1 0 1 0 0 -279.0826680249109 -23.3473262103282 143.1 41.98918544649669 -276.8819037690782 161.75034 72.75498 276.62545787489165 -35.46760733722242 -4.925598 -1.6073503 0.15910026 276.6254422221183 -35.467614662102825 276.7322355385829 -35.449871695200265 83.35879156661363 166.14239163928056 16000.0 16600.0 2016.0 2 256 {-999.0 14.077785 12.752779 12.161269 -999.0} sdss_psfmag_from_g3xp 13.556675 12.685732 11.772767 9.631 63050396519800024 1153146971 bright_1x1 mwm_galactic_core_dist_apogee_sparse mwm_galactic science 0 0 0.0 0.0 -999 ""
FIBERMAP 27 R-2C1 BOSS 0 0 0 1 0 0 -278.6725697279313 -22.723177280911802 143.1 41.33898905028845 -276.51455154278165 161.75034 72.75498 -999.0 -999.0 -999.0 -999.0 -999.0 276.62303742609015 -35.46651842260339 276.72981987427727 -35.44875785301112 83.36037370708982 166.15636237294663 -999.0 5400.0 -999.0 1 526 {-999.0 -999.0 -999.0 -999.0 -999.0} "" -999.0 -999.0 -999.0 -999.0 -999 -999 "" "" "" "" 0 0 0.0 0.0 -999 ""
FIBERMAP 27 R-2C1 METROLOGY 0 0 0 1 0 0 -278.33794421150225 -23.396710636197007 143.1 41.98856979213416 -276.1355710268407 161.75034 72.75498 -999.0 -999.0 -999.0 -999.0 -999.0 276.62546035298385 -35.465431888429464 276.7322395459148 -35.44767225153701 83.36091620624451 166.13747312095038 -999.0 6231.0 -999.0 -1 -999 {-999.0 -999.0 -999.0 -999.0 -999.0} "" -999.0 -999.0 -999.0 -999.0 -999 -999 "" "" "" "" 0 0 0.0 0.0 -999 ""
FIBERMAP 34 R-11C16 APOGEE 1 1 0 1 0 0 168.77445412397788 -221.30993695504867 143.1 209.4991502873955 183.2144271398521 204.39642 168.2188 277.23962960531054 -34.07580240700771 -2.0582387 -3.2303226 0.19645567 277.23962365750157 -34.0758034288902 277.34079291914225 -34.05690361949217 84.5086932986457 157.2776211666571 16000.0 16600.0 2016.0 2 235 {-999.0 15.829635 14.441789 13.101547 -999.0} sdss_psfmag_from_g3xp 15.205155 13.845969 12.6017275 9.96 63050396520983154 1153147991 bright_1x1 mwm_galactic_core_dist_apogee_sparse mwm_galactic science 0 0 0.0 0.0 -999 ""
FIBERMAP 34 R-11C16 BOSS 0 0 0 1 0 0 168.0364255132828 -221.47458625766507 143.1 209.71286281603875 182.4891119699129 204.39642 168.2188 -999.0 -999.0 -999.0 -999.0 -999.0 277.2404178573727 -34.07801799664862 277.3415848397947 -34.059096639476856 84.50642332985717 157.28070322869453 -999.0 5400.0 -999.0 1 345 {-999.0 -999.0 -999.0 -999.0 -999.0} "" -999.0 -999.0 -999.0 -999.0 -999 -999 "" "" "" "" 0 0 0.0 0.0 -999 ""
FIBERMAP 34 R-11C16 METROLOGY 0 0 0 1 0 0 168.25251797086221 -220.7654354906179 143.1 208.99085455149907 182.6572069318409 204.39642 168.2188 -999.0 -999.0 -999.0 -999.0 -999.0 277.2378376655639 -34.07746959473598 277.33900683479726 -34.05856037242171 84.50778341605037 157.29879568178055 -999.0 6231.0 -999.0 -1 -999 {-999.0 -999.0 -999.0 -999.0 -999.0} "" -999.0 -999.0 -999.0 -999.0 -999 -999 "" "" "" "" 0 0 0.0 0.0 -999 ""
FIBERMAP 38 R+13C14 APOGEE 1 1 0 1 0 0 155.54569829637114 251.85961139483388 143.1 -261.70460947087514 138.31927399614452 326.55344 144.41359 275.51817143290447 -34.20601165459086 -1.9770136 -3.8756003 0.039847564 275.5181566227475 -34.20601969515127 275.62067457054934 -34.19151400304505 84.77565791126696 172.373914637775 16000.0 16600.0 2016.0 2 57 {-999.0 15.112371 13.674129 12.769118 -999.0} sdss_psfmag_from_g3xp 14.526828 13.399962 12.344925 9.917 63050395231440304 1151996427 bright_1x1 mwm_galactic_core_dist_apogee_sparse mwm_galactic science 0 0 0.0 0.0 -999 ""
FIBERMAP 38 R+13C14 BOSS 0 0 0 1 0 0 155.6755661694174 251.10707630295056 143.1 -260.96249098794414 138.4992562125371 326.55344 144.41359 -999.0 -999.0 -999.0 -999.0 -999.0 275.5209074637924 -34.205536144459145 275.62341894904625 -34.19100408417468 84.77584375376532 172.34844416758548 -999.0 5400.0 -999.0 1 95 {-999.0 -999.0 -999.0 -999.0 -999.0} "" -999.0 -999.0 -999.0 -999.0 -999 -999 "" "" "" "" 0 0 0.0 0.0 -999 ""
FIBERMAP 38 R+13C14 METROLOGY 0 0 0 1 0 0 154.9769497313935 251.38004788672717 143.1 -261.188040967257 137.78394803418868 326.55344 144.41359 -999.0 -999.0 -999.0 -999.0 -999.0 275.5199784154845 -34.20765118814445 275.6224992679141 -34.1931263817412 84.77384956013378 172.35999226696683 -999.0 6231.0 -999.0 -1 -999 {-999.0 -999.0 -999.0 -999.0 -999.0} "" -999.0 -999.0 -999.0 -999.0 -999 -999 "" "" "" "" 0 0 0.0 0.0 -999 ""
FIBERMAP 41 R+10C10 APOGEE 0 0 0 1 0 0 3.9152930703043616 181.67492938456706 143.1 -181.52268137933646 -8.263641957319017 295.63907 9.578017 -999.0 -999.0 -999.0 -999.0 -999.0 275.8037506801543 -34.65168918624731 275.9078213940678 -34.63631154757597 84.2992097898973 170.64745945720847 -999.0 16600.0 -999.0 2 -999 {-999.0 -999.0 -999.0 -999.0 -999.0} "" -999.0 -999.0 -999.0 -999.0 -999 -999 "" "" "" "" 0 0 0.0 0.0 -999 ""
FIBERMAP 41 R+10C10 BOSS 1 1 0 1 0 0 3.4627305661209142 182.3042648874297 143.1 -182.1202647764285 -8.757329649700171 295.63907 9.578017 275.80149406212644 -34.65324204395967 -0.563788 -4.5972357 1.2744712 275.80146904913073 -34.65319119688754 275.9055421111842 -34.637797895295336 84.29806927943451 170.66863490334498 5400.0 5400.0 2016.0 1 127 {-999.0 19.139868 19.749582 20.221174 -999.0} sdss_psfmag_gaia 19.353025 19.463112 20.000103 -999.0 63050395230770350 1143361403 dark_2x1 mwm_wd_pwd_boss_2x1 mwm_wd science 0 0 0.0 0.0 -999 ""
FIBERMAP 41 R+10C10 METROLOGY 0 0 0 1 0 0 4.219832653768776 182.3581232508301 143.1 -182.2247168458182 -8.00556288256622 295.63907 9.578017 -999.0 -999.0 -999.0 -999.0 -999.0 275.801082127848 -34.650903811950855 275.9051479341506 -34.635518185649325 84.30037077185479 170.66789574169854 -999.0 6231.0 -999.0 -1 -999 {-999.0 -999.0 -999.0 -999.0 -999.0} "" -999.0 -999.0 -999.0 -999.0 -999 -999 "" "" "" "" 0 0 0.0 0.0 -999 ""
FIBERMAP 47 R-6C12 APOGEE 0 0 0 1 0 0 16.610571871658834 -133.42545918137048 143.1 132.00831895335196 25.51054809914633 286.11246 77.08242 -999.0 -999.0 -999.0 -999.0 -999.0 276.95941087805573 -34.55307064657546 277.06252403454096 -34.53474620056564 84.15160121086099 161.24817292584737 -999.0 16600.0 -999.0 2 -999 {-999.0 -999.0 -999.0 -999.0 -999.0} "" -999.0 -999.0 -999.0 -999.0 -999 -999 "" "" "" "" 0 0 0.0 0.0 -999 ""
FIBERMAP 47 R-6C12 BOSS 1 1 0 1 0 0 15.88363227032869 -133.47433304184676 143.1 132.10577737465522 24.78854109623734 286.11246 77.08242 276.95986044989314 -34.55528098303826 -3.5568526 -5.759805 0.06939989 276.9598610200265 -34.555269425259965 277.06297316996597 -34.53692249651036 84.14942928481935 161.25204701166936 5400.0 5400.0 2016.0 1 391 {-999.0 15.888996 15.687044 15.640685 -999.0} sdss_psfmag_gaia 15.881327 15.681118 15.309085 14.752 63050396520267568 1068545263 bright_1x1 mwm_ob_core_boss_single mwm_ob science 0 0 0.0 0.0 -999 ""
FIBERMAP 47 R-6C12 METROLOGY 0 0 0 1 0 0 16.1953438290861 -132.80329851927644 143.1 131.41539307332624 25.05459030963156 286.11246 77.08242 -999.0 -999.0 -999.0 -999.0 -999.0 276.9573351273061 -34.55445620572801 277.0604481016102 -34.53612187595905 84.15089130960598 161.26855283890677 -999.0 6231.0 -999.0 -1 -999 {-999.0 -999.0 -999.0 -999.0 -999.0} "" -999.0 -999.0 -999.0 -999.0 -999 -999 "" "" "" "" 0 0 0.0 0.0 -999 ""
FIBERMAP 48 R-6C4 APOGEE 0 0 0 1 0 0 -136.72069985683245 -116.6914962027693 143.1 125.58386024338733 -128.59184123739476 51.207573 53.764923 -999.0 -999.0 -999.0 -999.0 -999.0 276.9361932260174 -35.0203475750744 277.04109911119394 -35.00194087899902 83.7159846163966 162.85566257835015 -999.0 16600.0 -999.0 2 -999 {-999.0 -999.0 -999.0 -999.0 -999.0} "" -999.0 -999.0 -999.0 -999.0 -999 -999 "" "" "" "" 0 0 0.0 0.0 -999 ""
FIBERMAP 48 R-6C4 BOSS 1 1 0 1 0 0 -136.52606677692938 -117.41802901923427 143.1 126.29569730196754 -128.3489834227984 51.207573 53.764923 276.93891680768803 -35.01965392131654 -4.5722127 -9.553896 0.38066146 276.93888627491793 -35.019672284347195 277.04377906924583 -35.00123645260739 83.71596195605578 162.83460054721263 5400.0 5400.0 2016.0 1 491 {-999.0 18.304907 17.849562 17.700804 -999.0} sdss_psfmag_gaia 18.226568 17.879988 17.378622 16.262 63050396520157337 976548222 "" ops_std_boss ops_std standard_boss 0 0 0.0 0.0 -999 ""
FIBERMAP 48 R-6C4 METROLOGY 0 0 0 1 0 0 -137.24519257375337 -117.22479312446774 143.1 126.15107495656802 -129.0794128466737 51.207573 53.764923 -999.0 -999.0 -999.0 -999.0 -999.0 276.93836797538955 -35.02189422350392 277.0432721338476 -35.00346539545426 83.71397727183863 162.84461378141242 -999.0 6231.0 -999.0 -1 -999 {-999.0 -999.0 -999.0 -999.0 -999.0} "" -999.0 -999.0 -999.0 -999.0 -999 -999 "" "" "" "" 0 0 0.0 0.0 -999 ""
FIBERMAP 50 R-4C21 APOGEE 1 1 0 1 0 0 218.67354172714803 -71.50607508059142 143.1 56.69446404835694 222.96463151355138 54.46279 76.34477 276.6822989237202 -33.955412852065955 -3.2515934 -2.6312559 0.19012862 276.68229389908697 -33.95541885884699 276.78330044792983 -33.937988681099554 84.79127221948193 161.4047513321324 16000.0 16600.0 2016.0 2 225 {-999.0 14.497439 12.975092 12.1721325 -999.0} sdss_psfmag_from_g3xp 13.853571 12.777745 11.754789 9.421 63050395231040316 1151996208 bright_1x1 mwm_galactic_core_dist_apogee_sparse mwm_galactic science 0 0 0.0 0.0 -999 ""
FIBERMAP 50 R-4C21 BOSS 0 0 0 1 0 0 219.16964904661958 -72.04688879883291 143.1 57.20081066875622 223.4958347872033 54.46279 76.34477 -999.0 -999.0 -999.0 -999.0 -999.0 276.68415922498906 -33.95380767879868 276.7851508781499 -33.936354782222026 84.79229465086968 161.3827709627445 -999.0 5400.0 -999.0 1 323 {-999.0 -999.0 -999.0 -999.0 -999.0} "" -999.0 -999.0 -999.0 -999.0 -999 -999 "" "" "" "" 0 0 0.0 0.0 -999 ""
FIBERMAP 50 R-4C21 METROLOGY 0 0 0 1 0 0 218.4397118265725 -72.21253120428112 143.1 57.41497200992681 222.77865907167498 54.46279 76.34477 -999.0 -999.0 -999.0 -999.0 -999.0 276.6849510425928 -33.955926691817595 276.7859524597774 -33.93847632576665 84.79007304458432 161.38373614369738 -999.0 6231.0 -999.0 -1 -999 {-999.0 -999.0 -999.0 -999.0 -999.0} "" -999.0 -999.0 -999.0 -999.0 -999 -999 "" "" "" "" 0 0 0.0 0.0 -999 ""
FIBERMAP 51 R+5C4 APOGEE 0 0 0 1 0 0 -163.96447490145098 77.97834173789798 143.1 -66.81680238001509 -168.81395632763304 328.56927 60.67594 -999.0 -999.0 -999.0 -999.0 -999.0 276.2231329072095 -35.141061467804754 276.32887057590085 -35.12445402662006 83.75303034148499 168.30554279514124 -999.0 16600.0 -999.0 2 -999 {-999.0 -999.0 -999.0 -999.0 -999.0} "" -999.0 -999.0 -999.0 -999.0 -999 -999 "" "" "" "" 0 0 0.0 0.0 -999 ""
FIBERMAP 51 R+5C4 BOSS 1 1 0 1 0 0 -164.56039600669519 77.61120900287962 143.1 -66.41058788960738 -169.38392431943515 328.56927 60.67594 276.22429758377933 -35.14288871074236 1.1175462 -2.6048794 0.14609341 276.22460708135753 -35.14287249109628 276.3303447550152 -35.126237775591264 83.75102762989896 168.29828052185613 5400.0 5400.0 2016.0 1 38 {-999.0 15.301708 14.660155 14.359539 -999.0} sdss_psfmag_from_g3xp 15.1300125 14.658793 14.008163 12.69 63050396519975223 1071769358 dark_flexible_2x1 mwm_halo_vmp_xp_boss mwm_halo science 0 0 0.9323989152908325 0.0 -999 ""
FIBERMAP 51 R+5C4 METROLOGY 0 0 0 1 0 0 -164.61386483203088 78.34954375143982 143.1 -67.14365623308885 -169.48673055704015 328.56927 60.67594 -999.0 -999.0 -999.0 -999.0 -999.0 276.22187649796945 -35.14318302661732 276.32761851981866 -35.12656174999836 83.75119445573316 168.31892383298285 -999.0 6231.0 -999.0 -1 -999 {-999.0 -999.0 -999.0 -999.0 -999.0} "" -999.0 -999.0 -999.0 -999.0 -999 -999 "" "" "" "" 0 0 0.0 0.0 -999 ""
FIBERMAP 60 R-3C7 APOGEE 1 1 0 1 0 0 -116.7487375693456 -52.61738069064779 143.1 60.31806406579896 -112.95763189641782 349.47955 157.82922 276.6948546206349 -34.97331030151966 1.5296137 -4.101302 0.5300769 276.69485138323193 -34.97332712543136 276.79970324923875 -34.95555568737909 83.81962888485248 164.46533189930904 16000.0 16600.0 2016.0 2 290 {-999.0 12.71035 11.3851 10.826578 -999.0} sdss_psfmag_from_g3xp 12.189176 11.340513 10.443022 8.454 63050396520151801 1153147305 bright_1x1 mwm_galactic_core_dist_apogee_sparse mwm_galactic science 0 0 0.0 0.0 -999 ""
FIBERMAP 60 R-3C7 BOSS 0 0 0 1 0 0 -116.20192194441549 -53.11081183329771 143.1 60.773739385492306 -112.37901007155466 349.47955 157.82922 -999.0 -999.0 -999.0 -999.0 -999.0 276.69658668657274 -34.97165239244809 276.8014231332936 -34.953854747406986 83.82085580056868 164.44826615269665 -999.0 5400.0 -999.0 1 476 {-999.0 -999.0 -999.0 -999.0 -999.0} "" -999.0 -999.0 -999.0 -999.0 -999 -999 "" "" "" "" 0 0 0.0 0.0 -999 ""
FIBERMAP 60 R-3C7 METROLOGY 0 0 0 1 0 0 -116.90310481353147 -53.348286077310725 143.1 61.05764247730272 -113.06268518856356 349.47955 157.82922 -999.0 -999.0 -999.0 -999.0 -999.0 276.6976388551588 -34.97372969214971 276.8024850071937 -34.95593500765273 83.81861350319912 164.44604782770423 -999.0 6231.0 -999.0 -1 -999 {-999.0 -999.0 -999.0 -999.0 -999.0} "" -999.0 -999.0 -999.0 -999.0 -999 -999 "" "" "" "" 0 0 0.0 0.0 -999 ""
FIBERMAP 73 R-11C14 APOGEE 1 1 0 1 0 0 115.42855548437436 -211.24771694100926 143.1 203.03341280478196 129.31620114095534 103.97918 162.34702 277.2177295468978 -34.23835049218366 -5.780982 -14.442868 0.09962533 277.2176993393433 -34.23839629592404 277.3194898222596 -34.219503445859054 84.366801648333 158.11689355998735 16000.0 16600.0 2016.0 2 232 {-999.0 14.355836 13.300577 12.860106 -999.0} sdss_psfmag_from_g3xp 13.989901 13.292866 12.485292 10.688 63050396520959219 1153148098 bright_1x1 mwm_galactic_core_dist_apogee_sparse mwm_galactic science 0 0 0.0 0.0 -999 ""
FIBERMAP 73 R-11C14 BOSS 0 0 0 1 0 0 115.59635511454567 -210.54881107904293 143.1 202.3248610993451 129.43679974798366 103.97918 162.34702 -999.0 -999.0 -999.0 -999.0 -999.0 277.21515205398396 -34.23803897617382 277.3169324618251 -34.21913333984149 84.36797501104492 158.13521024196478 -999.0 5400.0 -999.0 1 341 {-999.0 -999.0 -999.0 -999.0 -999.0} "" -999.0 -999.0 -999.0 -999.0 -999 -999 "" "" "" "" 0 0 0.0 0.0 -999 ""
FIBERMAP 73 R-11C14 METROLOGY 0 0 0 1 0 0 116.14959930121007 -211.0567526336233 143.1 202.79458308766303 130.02280748702407 103.97918 162.34702 -999.0 -999.0 -999.0 -999.0 -999.0 277.2168856653948 -34.23623990368113 277.3186612512653 -34.217335873170605 84.36906378977581 158.11460348760687 -999.0 6231.0 -999.0 -1 -999 {-999.0 -999.0 -999.0 -999.0 -999.0} "" -999.0 -999.0 -999.0 -999.0 -999 -999 "" "" "" "" 0 0 0.0 0.0 -999 ""
FIBERMAP 85 R+2C11 APOGEE 0 0 0 1 0 0 -60.41947336064843 35.7105910155152 143.1 -31.58174387953965 -62.67378868245589 211.97958 95.501045 -999.0 -999.0 -999.0 -999.0 -999.0 276.35525106431265 -34.82014189743099 276.45969085463094 -34.80329144032144 84.04066871008018 166.6250243321533 -999.0 16600.0 -999.0 2 15 {-999.0 -999.0 -999.0 -999.0 -999.0} "" -999.0 -999.0 -999.0 -999.0 -999 -999 "" "" "" "" 0 0 0.0 0.0 -999 ""
FIBERMAP 85 R+2C11 BOSS 1 1 0 1 0 0 -60.8751001097135 36.27425312071632 143.1 -32.113598457942416 -63.16613431247192 211.97958 95.501045 276.35302857318965 -34.82166252611106 67.05373 -5.9440107 9.6027355 276.3532593643243 -34.821688825726696 276.45769936302463 -34.80482132663859 84.03958848724528 166.64391586118944 5400.0 5400.0 2016.0 1 23 {-999.0 19.255497 19.198671 19.212559 -999.0} sdss_psfmag_gaia 19.273684 19.162333 18.866879 -999.0 63050395230853790 1143361428 dark_2x1 mwm_wd_pwd_boss_2x1 mwm_wd science 0 0 0.0 0.0 -999 ""
FIBERMAP 85 R+2C11 METROLOGY 0 0 0 1 0 0 -60.13403778319386 36.39443103022784 143.1 -32.283144285069135 -62.43481330845831 211.97958 95.501045 -999.0 -999.0 -999.0 -999.0 -999.0 276.3526378379341 -34.81946577157112 276.45707156136655 -34.802606704819766 84.04186186428166 166.64348056978497 -999.0 6231.0 -999.0 -1 -999 {-999.0 -999.0 -999.0 -999.0 -999.0} "" -999.0 -999.0 -999.0 -999.0 -999 -999 "" "" "" "" 0 0 0.0 0.0 -999 ""
FIBERMAP 89 R-9C1 APOGEE 1 1 0 1 0 0 -176.7996352012281 -162.00804312091634 143.1 173.48180831443594 -165.54367389062406 82.49738 70.99673 277.11301046393396 -35.13126341450786 -3.0998797 -2.5653102 0.10145486 277.11299382354366 -35.13128492028456 277.2182315645772 -35.11238985363307 83.56460892939516 161.93899809162812 16000.0 16600.0 2016.0 2 258 {-999.0 15.696918 14.246759 13.353958 -999.0} sdss_psfmag_from_g3xp 15.102967 13.982097 12.934816 10.632 63050396520046459 1153147363 bright_1x1 mwm_galactic_core_dist_apogee_sparse mwm_galactic science 0 0 0.0 0.0 -999 ""
FIBERMAP 89 R-9C1 BOSS 0 0 0 1 0 0 -176.13893538788952 -162.32662668570597 143.1 173.7554061534204 -164.8631403775036 82.49738 70.99673 -999.0 -999.0 -999.0 -999.0 -999.0 277.11403778301394 -35.12926803397068 277.21925741568657 -35.110348081282815 83.56625699986083 161.92589317707166 -999.0 5400.0 -999.0 1 352 {-999.0 -999.0 -999.0 -999.0 -999.0} "" -999.0 -999.0 -999.0 -999.0 -999 -999 "" "" "" "" 0 0 0.0 0.0 -999 ""
FIBERMAP 89 R-9C1 METROLOGY 0 0 0 1 0 0 -176.74898930000467 -162.74967141605987 143.1 174.21835179110795 -165.44346350871115 82.49738 70.99673 -999.0 -999.0 -999.0 -999.0 -999.0 277.11577740409933 -35.1310305235904 277.2210056504347 -35.11211202359884 83.56411853971085 161.91907599944025 -999.0 6231.0 -999.0 -1 -999 {-999.0 -999.0 -999.0 -999.0 -999.0} "" -999.0 -999.0 -999.0 -999.0 -999 -999 "" "" "" "" 0 0 0.0 0.0 -999 ""
FIBERMAP 92 R-1C26 APOGEE 1 1 0 1 0 0 293.7460251859269 -9.751219897934394 143.1 -9.948425623321526 293.72900215248325 60.79027 88.98579 276.43997679028064 -33.742431445188274 -2.0049899 -8.400977 0.072736844 276.43997866630167 -33.74244456347494 276.5403123826245 -33.72570270241535 85.05747952647619 162.78683770197807 16000.0 16600.0 2016.0 2 229 {-999.0 14.9132805 13.735038 13.23388 -999.0} sdss_psfmag_gaia 14.494443 13.721776 12.867517 10.926 63050395231241134 1154351343 bright_1x1 mwm_galactic_core_dist_apogee_sparse mwm_galactic science 0 0 0.0 0.0 -999 ""
FIBERMAP 92 R-1C26 BOSS 0 0 0 1 0 0 294.4416948999158 -10.132680932686917 143.1 -9.614436337181147 294.4486377985792 60.79027 88.98579 -999.0 -999.0 -999.0 -999.0 -999.0 276.44121053912215 -33.74035569420214 276.541528925629 -33.72359367607319 85.05916876382254 162.7680535318797 -999.0 5400.0 -999.0 1 338 {-999.0 -999.0 -999.0 -999.0 -999.0} "" -999.0 -999.0 -999.0 -999.0 -999 -999 "" "" "" "" 0 0 0.0 0.0 -999 ""
FIBERMAP 92 R-1C26 METROLOGY 0 0 0 1 0 0 293.75706415112137 -10.507574410774588 143.1 -9.194536348517355 293.79068244563126 60.79027 88.98579 -999.0 -999.0 -999.0 -999.0 -999.0 276.442723381687 -33.742259387180454 276.5430500650566 -33.72549788446041 85.05696517794766 162.76098453721448 -999.0 6231.0 -999.0 -1 -999 {-999.0 -999.0 -999.0 -999.0 -999.0} "" -999.0 -999.0 -999.0 -999.0 -999 -999 "" "" "" "" 0 0 0.0 0.0 -999 ""
FIBERMAP 101 R-9C6 APOGEE 1 1 0 1 0 0 -61.158501608164116 -178.51543777671702 143.1 182.20499462352436 -49.06060300551509 20.141481 79.14431 277.1446846658648 -34.77862919144213 -8.624958 -51.64729 12.382286 277.14461432165615 -34.77878021587777 277.2484872460933 -34.7599110247354 83.88732130985028 160.62158918799415 16000.0 16600.0 2016.0 2 181 {-999.0 11.478518 10.544726 10.181088 -999.0} sdss_psfmag_from_g3xp 11.173194 10.5670595 9.822902 8.363 63050396520224801 984785088 bright_1x1 mwm_snc_100pc_apogee mwm_snc science 0 0 0.0 0.0 -999 ""
FIBERMAP 101 R-9C6 BOSS 0 0 0 1 0 0 -61.04456606492502 -179.2619175834801 143.1 182.94213890910746 -48.8969223965366 20.141481 79.14431 -999.0 -999.0 -999.0 -999.0 -999.0 277.1474022651916 -34.77831067034307 277.25126203732805 -34.75941296999268 83.88698166751168 160.59990998389748 -999.0 5400.0 -999.0 1 374 {-999.0 -999.0 -999.0 -999.0 -999.0} "" -999.0 -999.0 -999.0 -999.0 -999 -999 "" "" "" "" 0 0 0.0 0.0 -999 ""
FIBERMAP 101 R-9C6 METROLOGY 0 0 0 1 0 0 -61.71579534802595 -179.00475692874608 143.1 182.73052917837495 -49.58384676964711 20.141481 79.14431 -999.0 -999.0 -999.0 -999.0 -999.0 277.14665791552557 -34.78039578070091 277.25052882477314 -34.761505443086556 83.88523717720217 160.61214497382707 -999.0 6231.0 -999.0 -1 -999 {-999.0 -999.0 -999.0 -999.0 -999.0} "" -999.0 -999.0 -999.0 -999.0 -999 -999 "" "" "" "" 0 0 0.0 0.0 -999 ""
FIBERMAP 105 R-2C23 APOGEE 1 1 0 1 0 0 218.66168108885975 -28.213025460297942 143.1 13.500990015542984 220.05269232897228 108.47175 126.26763 276.5246325520201 -33.96382450042733 -2.6127596 -4.789838 0.1138384 276.52460694237345 -33.96382541223462 276.62572443761576 -33.94679855688318 84.82528424894787 162.80308804814948 16000.0 16600.0 2016.0 2 203 {-999.0 15.389688 13.898523 12.576714 -999.0} sdss_psfmag_from_g3xp 14.779077 13.277417 12.089698 9.358 63050395231182918 1151996226 bright_1x1 mwm_galactic_core_dist_apogee_sparse mwm_galactic science 0 0 0.0 0.0 -999 ""
FIBERMAP 105 R-2C23 BOSS 0 0 0 1 0 0 219.11426347263722 -27.607703520349155 143.1 12.86673173657809 220.46369288516473 108.47175 126.26763 -999.0 -999.0 -999.0 -999.0 -999.0 276.5223047261738 -33.962557450423155 276.6234113458531 -33.945518455909806 84.82709842503989 162.818885583259 -999.0 5400.0 -999.0 1 286 {-999.0 -999.0 -999.0 -999.0 -999.0} "" -999.0 -999.0 -999.0 -999.0 -999 -999 "" "" "" "" 0 0 0.0 0.0 -999 ""
FIBERMAP 105 R-2C23 METROLOGY 0 0 0 1 0 0 219.39594444190539 -28.298954922241528 143.1 13.53753673611795 220.7910365494254 108.47175 126.26763 -999.0 -999.0 -999.0 -999.0 -999.0 276.5247575772806 -33.96153870786204 276.62586121405707 -33.944498938994684 84.82743389478388 162.7939423740597 -999.0 6231.0 -999.0 -1 -999 {-999.0 -999.0 -999.0 -999.0 -999.0} "" -999.0 -999.0 -999.0 -999.0 -999 -999 "" "" "" "" 0 0 0.0 0.0 -999 ""
FIBERMAP 109 R-5C5 APOGEE 1 0 1 1 0 0 -148.21091762525262 -89.76776703993174 143.1 99.4912667956873 -141.8594030049484 25.45559 162.96262 276.8304617274803 -35.08628712994823 0.12451272 -2.5001073 0.17858046 276.8396783408314 -35.06070702066015 276.9447897221211 -35.04253634307287 83.70162279221104 163.65447663712735 16000.0 16600.0 2016.0 2 295 {-999.0 13.880846 12.44619 11.515961 -999.0} sdss_psfmag_from_g3xp 13.295971 12.153027 11.093986 8.661 63050396520152872 1153147312 bright_1x1 mwm_galactic_core_dist_apogee_sparse mwm_galactic science 0 0 0.0 0.0 -999 ""
FIBERMAP 109 R-5C5 BOSS 0 0 1 1 0 0 -147.5115064632533 -89.48965207752819 143.1 99.16693439751336 -141.18021798438764 25.45559 162.96262 -999.0 -999.0 -999.0 -999.0 -999.0 276.8385348507913 -35.058729713266146 276.94363055797044 -35.04054000961374 83.703812069593 163.6572584919823 -999.0 5400.0 -999.0 1 486 {-999.0 -999.0 -999.0 -999.0 -999.0} "" -999.0 -999.0 -999.0 -999.0 -999 -999 "" "" "" "" 0 0 0.0 0.0 -999 ""
FIBERMAP 109 R-5C5 METROLOGY 0 0 1 1 0 0 -147.62037333537987 -90.22817530155885 143.1 99.91106529563025 -141.23936441988562 25.45559 162.96262 -999.0 -999.0 -999.0 -999.0 -999.0 276.8413007700736 -35.058914815130585 276.94639819117754 -35.04072433438831 83.70295487009903 163.63805935220796 -999.0 6231.0 -999.0 -1 -999 {-999.0 -999.0 -999.0 -999.0 -999.0} "" -999.0 -999.0 -999.0 -999.0 -999 -999 "" "" "" "" 0 0 0.0 0.0 -999 ""
FIBERMAP 111 R+1C26 APOGEE 1 0 1 1 0 0 281.0506040526545 27.069259363697757 143.1 -45.834454004056404 278.59602552098164 8.314963 170.2623 276.3839145696172 -33.817127200808066 -1.2249596 -5.2696223 0.17318255 276.30924475315896 -33.787400546369426 276.40981063814047 -33.77098175236199 85.04675333434032 164.144420416791 16000.0 16600.0 2016.0 2 107 {-999.0 15.181228 13.602982 11.631368 -999.0} sdss_psfmag_from_g3xp 14.482559 12.347828 11.009679 7.943 63050395231198828 1151996293 bright_1x1 mwm_galactic_core_dist_apogee_sparse mwm_galactic science 0 0 0.0 0.0 -999 ""
FIBERMAP 111 R+1C26 BOSS 0 0 1 1 0 0 281.79515291954385 27.04827632660109 143.1 -45.8633945249093 279.3402811696765 8.314963 170.2623 -999.0 -999.0 -999.0 -999.0 -999.0 276.3091673077322 -33.78521311279529 276.4097186516202 -33.76877738639778 85.04888663392224 164.13792798384725 -999.0 5400.0 -999.0 1 183 {-999.0 -999.0 -999.0 -999.0 -999.0} "" -999.0 -999.0 -999.0 -999.0 -999 -999 "" "" "" "" 0 0 0.0 0.0 -999 ""
FIBERMAP 111 R+1C26 METROLOGY 0 0 1 1 0 0 281.41611854730655 26.406641954878065 143.1 -45.19783348624258 279.00509330114807 8.314963 170.2623 -999.0 -999.0 -999.0 -999.0 -999.0 276.3115673754401 -33.786161599602174 276.41212288480835 -33.7697244440268 85.04740462928773 164.11890963242277 -999.0 6231.0 -999.0 -1 -999 {-999.0 -999.0 -999.0 -999.0 -999.0} "" -999.0 -999.0 -999.0 -999.0 -999 -999 "" "" "" "" 0 0 0.0 0.0 -999 ""
FIBERMAP 112 R-4C23 APOGEE 1 1 0 1 0 0 256.86645964517453 -73.01332165356335 143.1 55.639812490768755 261.1713723653585 8.826326 131.83728 276.6783902900001 -33.84056026044018 -7.85897 -9.396167 0.10387456 276.6783783998 -33.84058338141465 276.7789582405584 -33.82319810280149 84.90047569845471 161.00889889542006 16000.0 16600.0 2016.0 2 237 {-999.0 14.933573 13.718842 13.19861 -999.0} sdss_psfmag_from_g3xp 14.478599 13.682281 12.813431 10.827 63050395232534549 1151997831 bright_1x1 mwm_galactic_core_dist_apogee_sparse mwm_galactic science 0 0 0.0 0.0 -999 ""
FIBERMAP 112 R-4C23 BOSS 0 0 0 1 0 0 257.45503641589164 -73.46652346542133 143.1 56.05255278354066 261.78896517639726 8.826326 131.83728 -999.0 -999.0 -999.0 -999.0 -999.0 276.67988642541724 -33.83875509116641 276.78045079111143 -33.821348512304084 84.90178831057749 160.98865957612415 -999.0 5400.0 -999.0 1 347 {-999.0 -999.0 -999.0 -999.0 -999.0} "" -999.0 -999.0 -999.0 -999.0 -999 -999 "" "" "" "" 0 0 0.0 0.0 -999 ""
FIBERMAP 112 R-4C23 METROLOGY 0 0 0 1 0 0 256.74266579723917 -73.74865879743834 143.1 56.381764503442504 261.09711958423685 8.826326 131.83728 -999.0 -999.0 -999.0 -999.0 -999.0 276.68109724508975 -33.84077850614486 276.7816707765627 -33.82337328619902 84.89953875126113 160.9857599487801 -999.0 6231.0 -999.0 -1 -999 {-999.0 -999.0 -999.0 -999.0 -999.0} "" -999.0 -999.0 -999.0 -999.0 -999 -999 "" "" "" "" 0 0 0.0 0.0 -999 ""
FIBERMAP 113 R-7C11 APOGEE 1 1 0 1 0 0 28.603055946701307 -133.34172052023973 143.1 131.1214213824978 37.47005964448819 38.70961 81.91865 276.956091082281 -34.51675311621939 -1.0707426 -5.3530374 0.050360758 276.95605572171473 -34.51679147547242 277.0590332359442 -34.49848667555789 84.18665779952586 161.15270715276802 16000.0 16600.0 2016.0 2 167 {-999.0 14.916464 13.728757 13.219714 -999.0} sdss_psfmag_from_g3xp 14.479643 13.698507 12.840114 10.858 63050396520268314 1153147413 bright_1x1 mwm_galactic_core_dist_apogee_sparse mwm_galactic science 0 0 0.0 0.0 -999 ""
FIBERMAP 113 R-7C11 BOSS 0 0 0 1 0 0 28.98964988141018 -133.97467847336782 143.1 131.7270380530817 37.89817194676954 38.70961 81.91865 -999.0 -999.0 -999.0 -999.0 -999.0 276.9583625922995 -34.51549322249261 277.0613248980378 -34.49716237702162 84.18725401654245 161.13070629266971 -999.0 5400.0 -999.0 1 400 {-999.0 -999.0 -999.0 -999.0 -999.0} "" -999.0 -999.0 -999.0 -999.0 -999 -999 "" "" "" "" 0 0 0.0 0.0 -999 ""
FIBERMAP 113 R-7C11 METROLOGY 0 0 0 1 0 0 28.24288722025605 -133.99334416514031 143.1 131.79568513410325 37.154363535613875 38.70961 81.91865 -999.0 -999.0 -999.0 -999.0 -999.0 276.9586359509956 -34.51773983341919 277.0616091937527 -34.49941340818953 84.18505924735058 161.13615851291675 -999.0 6231.0 -999.0 -1 -999 {-999.0 -999.0 -999.0 -999.0 -999.0} "" -999.0 -999.0 -999.0 -999.0 -999 -999 "" "" "" "" 0 0 0.0 0.0 -999 ""
FIBERMAP 116 R+4C14 APOGEE 0 0 0 1 0 0 61.196936265748334 64.49635958496138 143.1 -68.44864661964077 56.73683574907392 21.801727 40.76373 -999.0 -999.0 -999.0 -999.0 -999.0 276.2214168787992 -34.457024900514874 276.32454245136955 -34.44062941800539 84.4195082701784 166.81730082590622 -999.0 16600.0 -999.0 2 -999 {-999.0 -999.0 -999.0 -999.0 -999.0} "" -999.0 -999.0 -999.0 -999.0 -999 -999 "" "" "" "" 0 0 0.0 0.0 -999 ""
FIBERMAP 116 R+4C14 BOSS 1 1 0 1 0 0 60.866712338262445 63.82355673647386 143.1 -67.75525792453332 56.4524348625722 21.801727 40.76373 276.2239253638981 -34.45786269911211 -2.1175616 -1.7873422 0.07151956 276.2239208412396 -34.45788624227374 276.32704227606825 -34.44146371017682 84.41819988473951 166.79880864003184 5400.0 5400.0 2016.0 1 165 {-999.0 16.618681 15.727283 15.385662 -999.0} sdss_psfmag_gaia 16.34468 15.763159 15.033765 13.497 63050395230935710 1093498330 bright_1x1 mwm_astar_core_boss_single mwm_ob science 0 0 0.0 0.0 -999 ""
FIBERMAP 116 R+4C14 METROLOGY 0 0 0 1 0 0 60.45011837131236 64.45439234361403 143.1 -68.35674745586772 55.99453314991283 21.801727 40.76373 -999.0 -999.0 -999.0 -999.0 -999.0 276.22168738082473 -34.45925580755963 276.3248168661364 -34.44284437467205 84.4173043161575 166.82054941892096 -999.0 6231.0 -999.0 -1 -999 {-999.0 -999.0 -999.0 -999.0 -999.0} "" -999.0 -999.0 -999.0 -999.0 -999 -999 "" "" "" "" 0 0 0.0 0.0 -999 ""
FIBERMAP 121 R+6C3 APOGEE 1 1 0 1 0 0 -194.48595730644632 111.09734821980973 143.1 -97.81567516861364 -201.48436731553616 222.07748 93.303474 276.10780927668714 -35.23887589997914 -1.9953235 -6.520962 0.09981778 276.1077688023802 -35.23890118479099 276.21394200075986 -35.22256140836766 83.67654377705102 169.33090778855794 16000.0 16600.0 2016.0 2 18 {-999.0 14.934328 13.611097 13.018222 -999.0} sdss_psfmag_from_g3xp 14.420605 13.544811 12.6289215 10.487 63050396519958988 1153147284 bright_1x1 mwm_galactic_core_dist_apogee_sparse mwm_galactic science 0 0 0.0 0.0 -999 ""
FIBERMAP 121 R+6C3 BOSS 0 0 0 1 0 0 -195.00567309570383 111.60514019119782 143.1 -98.28749390820191 -202.036913138139 222.07748 93.303474 -999.0 -999.0 -999.0 -999.0 -999.0 276.1059960998772 -35.24061296131954 276.212171042583 -35.2242539340451 83.6751712782005 169.34682421950797 -999.0 5400.0 -999.0 1 26 {-999.0 -999.0 -999.0 -999.0 -999.0} "" -999.0 -999.0 -999.0 -999.0 -999 -999 "" "" "" "" 0 0 0.0 0.0 -999 ""
FIBERMAP 121 R+6C3 METROLOGY 0 0 0 1 0 0 -194.28989617819843 111.81505217091649 143.1 -98.54487524711476 -201.3368309366473 222.07748 93.303474 -999.0 -999.0 -999.0 -999.0 -999.0 276.1050333601287 -35.238520965383834 276.21120234060834 -35.22217166419225 83.67736895808848 169.3501261745255 -999.0 6231.0 -999.0 -1 -999 {-999.0 -999.0 -999.0 -999.0 -999.0} "" -999.0 -999.0 -999.0 -999.0 -999 -999 "" "" "" "" 0 0 0.0 0.0 -999 ""
FIBERMAP 127 R-1C2 APOGEE 0 0 0 1 0 0 -274.61733428246475 -5.811026098636701 143.1 24.193774806727756 -273.6014764538667 209.54535 30.676884 -999.0 -999.0 -999.0 -999.0 -999.0 276.55942683150374 -35.4577380490722 276.66621622464993 -35.44016806441709 83.38179666351785 166.57178978387907 -999.0 16600.0 -999.0 2 -999 {-999.0 -999.0 -999.0 -999.0 -999.0} "" -999.0 -999.0 -999.0 -999.0 -999 -999 "" "" "" "" 0 0 0.0 0.0 -999 ""
FIBERMAP 127 R-1C2 BOSS 1 1 0 1 0 0 -274.24792291431964 -5.175517466587168 143.1 23.534970154484096 -273.2754792830261 209.54535 30.676884 276.55699503774383 -35.45676232221236 -4.0069966 -5.33774 0.079641834 276.55699125479987 -35.45677014124299 276.6637705564393 -35.439182627956434 83.38324742800428 166.5864047261007 5400.0 5400.0 2016.0 1 512 {-999.0 17.731071 17.33587 17.178974 17.115694} sdss_psfmag_from_gaia 17.6122 17.3489 16.7955 15.878 63050396519802157 973855969 "" ops_std_boss_gdr2 ops_std standard_boss 0 0 0.0 0.0 -999 ""
FIBERMAP 127 R-1C2 METROLOGY 0 0 0 1 0 0 -273.86933986445024 -5.809423783066286 143.1 24.14206965600468 -272.8552960585117 209.54535 30.676884 -999.0 -999.0 -999.0 -999.0 -999.0 276.5592530550105 -35.455560145503824 276.6660286364422 -35.437974007241344 83.38395955200423 166.5683277253056 -999.0 6231.0 -999.0 -1 -999 {-999.0 -999.0 -999.0 -999.0 -999.0} "" -999.0 -999.0 -999.0 -999.0 -999 -999 "" "" "" "" 0 0 0.0 0.0 -999 ""
FIBERMAP 133 R-7C18 APOGEE 0 0 0 1 0 0 151.93910549293307 -141.16183048809216 143.1 130.66167924954752 161.0485471335153 226.88087 85.41225 -999.0 -999.0 -999.0 -999.0 -999.0 276.9529395301356 -34.142551427104294 277.0545083324997 -34.12436825731938 84.53797510081264 159.84230861829914 -999.0 16600.0 -999.0 2 222 {-999.0 -999.0 -999.0 -999.0 -999.0} "" -999.0 -999.0 -999.0 -999.0 -999 -999 "" ops_sky_apogee_best_unassigned ops_sky sky_apogee 0 0 0.0 0.0 -999 ""
FIBERMAP 133 R-7C18 BOSS 1 1 0 1 0 0 151.43299222147604 -140.59653859024377 143.1 130.1315805776037 160.50572099920691 226.88087 85.41225 276.95106364742185 -34.14416957072285 -5.4740343 -4.4322042 5.263467 276.95105929827093 -34.14416839216535 277.05262612872116 -34.12597046012622 84.53704963324182 159.86367841861224 5400.0 5400.0 2016.0 1 320 {-999.0 20.32692 19.665527 19.430307 -999.0} sdss_psfmag_gaia 19.94511 19.708515 18.878633 -999.0 63050395232360594 1143361253 dark_2x1 mwm_wd_pwd_boss_2x1 mwm_wd science 0 0 0.0 0.0 -999 ""
FIBERMAP 133 R-7C18 METROLOGY 0 0 0 1 0 0 152.16018169873306 -140.44609358097927 143.1 129.9327660221674 161.2211732813729 226.88087 85.41225 -999.0 -999.0 -999.0 -999.0 -999.0 276.95034226455317 -34.1419780762174 277.0519038040288 -34.12378807331303 84.539300041258 159.86119169969618 -999.0 6231.0 -999.0 -1 -999 {-999.0 -999.0 -999.0 -999.0 -999.0} "" -999.0 -999.0 -999.0 -999.0 -999 -999 "" "" "" "" 0 0 0.0 0.0 -999 ""
FIBERMAP 135 R-9C8 APOGEE 1 1 0 1 0 0 -45.25304746430171 -184.28939360013953 143.1 186.90030492046805 -32.804655560123905 233.95625 102.01048 277.1617126464843 -34.72945827026601 -999.0 -999.0 -999.0 277.1617018504418 -34.72945465668493 277.2653780250421 -34.7105565346346 83.92851411357792 160.33397193105827 16000.0 16600.0 2015.5 2 189 {-999.0 -999.0 -999.0 -999.0 -999.0} "" -999.0 -999.0 -999.0 -999.0 27021603184480286 848784725 "" ops_sky_apogee_best ops_sky sky_apogee 0 0 0.0 0.0 -999 ""
FIBERMAP 135 R-9C8 BOSS 0 0 0 1 0 0 -45.930771819481436 -184.0169306331825 143.1 186.67386288306568 -33.4990852536491 233.95625 102.01048 -999.0 -999.0 -999.0 -999.0 -999.0 277.1609589224418 -34.731593811924434 277.26463369359885 -34.712675641284754 83.92675436551131 160.3465424408152 -999.0 5400.0 -999.0 1 386 {-999.0 -999.0 -999.0 -999.0 -999.0} "" -999.0 -999.0 -999.0 -999.0 -999 -999 "" "" "" "" 0 0 0.0 0.0 -999 ""
FIBERMAP 135 R-9C8 METROLOGY 0 0 0 1 0 0 -45.33288461655144 -183.54825665792097 143.1 186.16620713292966 -32.93395767319999 233.95625 102.01048 -999.0 -999.0 -999.0 -999.0 -999.0 277.15911607199183 -34.72988610676511 277.2627881471416 -34.71097923481331 83.92888121731679 160.35419830574196 -999.0 6231.0 -999.0 -1 -999 {-999.0 -999.0 -999.0 -999.0 -999.0} "" -999.0 -999.0 -999.0 -999.0 -999 -999 "" "" "" "" 0 0 0.0 0.0 -999 ""
FIBERMAP 137 R-11C13 APOGEE 1 1 0 1 0 0 100.84608678352353 -224.28905987264892 143.1 217.02184682429234 115.64061573842118 250.21423 136.76086 277.26903757232134 -34.279637643454315 -1.1360521 -3.7809675 0.41800344 277.26903677906364 -34.279654535570295 277.3709552557706 -34.26061724684257 84.31219463862172 157.88601597950347 16000.0 16600.0 2016.0 2 184 {-999.0 13.300516 12.037199 11.47992 -999.0} sdss_psfmag_gaia 12.833009 11.998084 11.107593 9.118 63050396520956688 1155462763 bright_1x1 mwm_galactic_core_dist_apogee_sparse mwm_galactic science 0 0 0.0 0.0 -999 ""
FIBERMAP 137 R-11C13 BOSS 0 0 0 1 0 0 100.14658606130143 -224.50185629855244 143.1 217.28101572168356 114.95696581774241 250.21423 136.76086 -999.0 -999.0 -999.0 -999.0 -999.0 277.2700336208485 -34.28172825648043 277.37194906983734 -34.262668176055726 84.30998626517442 157.88665673222354 -999.0 5400.0 -999.0 1 377 {-999.0 -999.0 -999.0 -999.0 -999.0} "" -999.0 -999.0 -999.0 -999.0 -999 -999 "" "" "" "" 0 0 0.0 0.0 -999 ""
FIBERMAP 137 R-11C13 METROLOGY 0 0 0 1 0 0 100.31906761214834 -223.76962876410346 143.1 216.53890474179207 115.08000351766599 250.21423 136.76086 -999.0 -999.0 -999.0 -999.0 -999.0 277.26736946802777 -34.281334643149805 277.3692877714599 -34.26228708269204 84.31121157116642 157.9054783261565 -999.0 6231.0 -999.0 -1 -999 {-999.0 -999.0 -999.0 -999.0 -999.0} "" -999.0 -999.0 -999.0 -999.0 -999 -999 "" "" "" "" 0 0 0.0 0.0 -999 ""
FIBERMAP 139 R+9C14 APOGEE 1 1 0 1 0 0 109.0135081273747 190.3753619108501 143.1 -197.24355916341062 96.01194943219242 95.230156 79.88917 275.75043162148813 -34.335387818547055 -4.769654 -2.7059212 0.12166222 275.75041280348574 -34.33538348812957 275.85330855544646 -34.32023928235483 84.61828635647134 170.53822965146557 16000.0 16600.0 2016.0 2 95 {-999.0 14.659974 13.507765 13.022817 -999.0} sdss_psfmag_gaia 14.253479 13.501236 12.656137 10.732 63050395231100009 1154351499 bright_1x1 mwm_galactic_core_dist_apogee_sparse mwm_galactic science 0 0 0.0 0.0 -999 ""
FIBERMAP 139 R+9C14 BOSS 0 0 0 1 0 0 109.71535581984932 190.21290950854592 143.1 -197.12849265028078 96.72307805684513 95.230156 79.88917 -999.0 -999.0 -999.0 -999.0 -999.0 275.7508220709009 -34.33323507599377 275.85370524102336 -34.31807057758086 84.62036488256433 170.53076212040781 -999.0 5400.0 -999.0 1 169 {-999.0 -999.0 -999.0 -999.0 -999.0} "" -999.0 -999.0 -999.0 -999.0 -999 -999 "" "" "" "" 0 0 0.0 0.0 -999 ""
FIBERMAP 139 R+9C14 METROLOGY 0 0 0 1 0 0 109.21752405559852 189.66384859675566 143.1 -196.54733587368844 96.26316256317895 95.230156 79.88917 -999.0 -999.0 -999.0 -999.0 -999.0 275.75288493283057 -34.334619616210595 275.85577354684415 -34.31945500885071 84.61870384821303 170.51539741665906 -999.0 6231.0 -999.0 -1 -999 {-999.0 -999.0 -999.0 -999.0 -999.0} "" -999.0 -999.0 -999.0 -999.0 -999 -999 "" "" "" "" 0 0 0.0 0.0 -999 ""
FIBERMAP 141 R-12C15 APOGEE 1 1 0 1 0 0 137.4290265895027 -227.74416670179104 143.1 218.01845999246353 152.37153478882098 216.36525 53.570354 277.2715298844169 -34.16874064656877 -2.1265838 -5.9582586 1.1267382 277.2715673411885 -34.168754683155825 277.3730680188827 -34.149744575808164 84.41300925211107 157.41592816823118 16000.0 16600.0 2016.0 2 234 {-999.0 15.809813 14.931007 14.569752 -999.0} sdss_psfmag_from_g3xp 15.528279 14.945738 14.205639 12.672 63050396520960578 1034735792 bright_1x1 mwm_yso_variable_apogee_single mwm_yso science 0 0 0.0 0.0 -999 ""
FIBERMAP 141 R-12C15 BOSS 0 0 0 1 0 0 137.4249623527379 -227.0213125122019 143.1 217.2975273821244 152.31905742251 216.36525 53.570354 -999.0 -999.0 -999.0 -999.0 -999.0 277.2689581191778 -34.168934061022725 277.3704505684806 -34.149911427443556 84.41373538924648 157.43696146206838 -999.0 5400.0 -999.0 1 344 {-999.0 -999.0 -999.0 -999.0 -999.0} "" -999.0 -999.0 -999.0 -999.0 -999 -999 "" "" "" "" 0 0 0.0 0.0 -999 ""
FIBERMAP 141 R-12C15 METROLOGY 0 0 0 1 0 0 138.06800918265625 -227.34273830107372 143.1 217.5751434944354 152.98216862504734 216.36525 53.570354 -999.0 -999.0 -999.0 -999.0 -999.0 277.26999204569205 -34.16689930219776 277.3714792285813 -34.14788006988253 84.41524689037192 157.42050191927504 -999.0 6231.0 -999.0 -1 -999 {-999.0 -999.0 -999.0 -999.0 -999.0} "" -999.0 -999.0 -999.0 -999.0 -999 -999 "" "" "" "" 0 0 0.0 0.0 -999 ""
FIBERMAP 143 R-8C14 APOGEE 0 0 0 1 0 0 98.1301125144043 -135.65378554443632 143.1 128.77074731294817 106.9933575426414 131.47826 35.814423 -999.0 -999.0 -999.0 -999.0 -999.0 276.94673831455646 -34.30604492915279 277.04892491055136 -34.28782807921296 84.38704838308283 160.49463036842 -999.0 16600.0 -999.0 2 -999 {-999.0 -999.0 -999.0 -999.0 -999.0} "" -999.0 -999.0 -999.0 -999.0 -999 -999 "" "" "" "" 0 0 0.0 0.0 -999 ""
FIBERMAP 143 R-8C14 BOSS 1 1 0 1 0 0 98.8596347640617 -135.82635370382087 143.1 128.8940526448388 107.73277521206131 131.47826 35.814423 276.9472535444563 -34.303739827391695 1.8345149 -3.8352854 0.6381966 276.947250544065 -34.30378390184655 277.0494193411811 -34.285546712080276 84.38903804086337 160.48247577748188 5400.0 5400.0 2016.0 1 273 {-999.0 18.912928 19.34459 19.622395 -999.0} sdss_psfmag_gaia 19.11933 19.150805 19.378876 -999.0 63050395230977126 1143361108 dark_2x1 mwm_wd_pwd_boss_2x1 mwm_wd science 0 0 0.0 0.0 -999 ""
FIBERMAP 143 R-8C14 METROLOGY 0 0 0 1 0 0 98.35612462030136 -136.36681902526598 143.1 129.4670138255891 107.2666184955752 131.47826 35.814423 -999.0 -999.0 -999.0 -999.0 -999.0 276.9493720622959 -34.30517707035225 277.0515475549139 -34.28693958354445 84.38711324905123 160.4706948143719 -999.0 6231.0 -999.0 -1 -999 {-999.0 -999.0 -999.0 -999.0 -999.0} "" -999.0 -999.0 -999.0 -999.0 -999 -999 "" "" "" "" 0 0 0.0 0.0 -999 ""
FIBERMAP 145 R-10C1 APOGEE 1 1 0 1 0 0 -167.73286349254968 -208.74867832467234 143.1 219.50843317029344 -153.36653795317264 348.0492 70.5326 277.2824988224477 -35.09347385527193 -7.4518566 2.692718 0.09233175 277.2824465839708 -35.09346786541352 277.3874482907821 -35.07414876504133 83.55309284122936 160.66268090257915 16000.0 16600.0 2016.0 2 259 {-999.0 15.945584 13.98077 11.768453 -999.0} sdss_psfmag_gaia 14.502875 12.501835 11.147611 8.02 63050396520071597 1155462607 bright_1x1 mwm_galactic_core_dist_apogee_sparse mwm_galactic science 0 0 0.0 0.0 -999 ""
FIBERMAP 145 R-10C1 BOSS 0 0 0 1 0 0 -168.15763173404318 -209.3629443049481 143.1 220.14975187425634 -153.74918868869867 348.0492 70.5326 -999.0 -999.0 -999.0 -999.0 -999.0 277.28481118217525 -35.09462502736995 277.38980556591025 -35.07527682837532 83.55135499312775 160.65016884459266 -999.0 5400.0 -999.0 1 353 {-999.0 -999.0 -999.0 -999.0 -999.0} "" -999.0 -999.0 -999.0 -999.0 -999 -999 "" "" "" "" 0 0 0.0 0.0 -999 ""
FIBERMAP 145 R-10C1 METROLOGY 0 0 0 1 0 0 -168.47487684226752 -208.6988314458779 143.1 219.50840585893613 -154.11019739483987 348.0492 70.5326 -999.0 -999.0 -999.0 -999.0 -999.0 277.2825037871598 -35.095753927730065 277.3875067224956 -35.07641773585099 83.55095367593863 160.66943016712693 -999.0 6231.0 -999.0 -1 -999 {-999.0 -999.0 -999.0 -999.0 -999.0} "" -999.0 -999.0 -999.0 -999.0 -999 -999 "" "" "" "" 0 0 0.0 0.0 -999 ""
FIBERMAP 149 R-10C17 APOGEE 1 1 0 1 0 0 193.49751824061806 -176.73403455907194 143.1 163.36881266037398 204.89503995275982 136.59799 4.851799 277.071314833449 -34.01043121314507 0.06813608 -5.305404 0.1722647 277.07132493562625 -34.01043264522069 277.1723375829621 -33.99198520167065 84.62386302796921 158.35685722295605 16000.0 16600.0 2016.0 2 191 {-999.0 14.319944 12.987741 12.389883 -999.0} sdss_psfmag_from_g3xp 13.787948 12.915927 11.990256 9.884 63050395232366358 1151997388 bright_1x1 mwm_galactic_core_dist_apogee_sparse mwm_galactic science 0 0 0.0 0.0 -999 ""
FIBERMAP 149 R-10C17 BOSS 0 0 0 1 0 0 194.13233225197703 -177.16097640021226 143.1 163.75225556893884 205.55700540831825 136.59799 4.851799 -999.0 -999.0 -999.0 -999.0 -999.0 277.072715285953 -34.008457777772705 277.1737103534688 -33.9899887739197 84.62525911919447 158.33737186949 -999.0 5400.0 -999.0 1 264 {-999.0 -999.0 -999.0 -999.0 -999.0} "" -999.0 -999.0 -999.0 -999.0 -999 -999 "" "" "" "" 0 0 0.0 0.0 -999 ""
FIBERMAP 149 R-10C17 METROLOGY 0 0 0 1 0 0 193.4534704284323 -177.4785675664261 143.1 164.11459754397268 204.90096726266256 136.59799 4.851799 -999.0 -999.0 -999.0 -999.0 -999.0 277.07408356742906 -34.01039022005339 277.17508782964114 -33.991922374302824 84.62303341835475 158.3341793784502 -999.0 6231.0 -999.0 -1 -999 {-999.0 -999.0 -999.0 -999.0 -999.0} "" -999.0 -999.0 -999.0 -999.0 -999 -999 "" "" "" "" 0 0 0.0 0.0 -999 ""
FIBERMAP 152 R+6C16 APOGEE 0 0 0 1 0 0 126.43927982889788 130.01129812270506 143.1 -138.18454100092754 117.44161610297478 92.29712 58.750885 -999.0 -999.0 -999.0 -999.0 -999.0 275.96721629045777 -34.27180332070609 276.06976675717567 -34.25611921251279 84.64683095351693 168.53014262853208 -999.0 16600.0 -999.0 2 -999 {-999.0 -999.0 -999.0 -999.0 -999.0} "" -999.0 -999.0 -999.0 -999.0 -999 -999 "" "" "" "" 0 0 0.0 0.0 -999 ""
FIBERMAP 152 R+6C16 BOSS 1 1 0 1 0 0 127.08576595637082 129.65830865586454 143.1 -137.87566361992862 118.11027313662835 92.29712 58.750885 275.96832275390625 -34.26976280437401 -999.0 -999.0 -999.0 275.9683198212299 -34.26976441778651 276.0708569353026 -34.254058443288905 84.64865585273616 168.5160482506038 5400.0 5400.0 2015.5 1 223 {-999.0 -999.0 -999.0 -999.0 -999.0} "" -999.0 -999.0 -999.0 -999.0 27021603147018053 852437669 "" ops_sky_boss_fallback ops_sky sky_boss 0 0 0.0 0.0 -999 ""
FIBERMAP 152 R+6C16 METROLOGY 0 0 0 1 0 0 126.45063135294022 129.26338812832205 143.1 -137.43909791448144 117.50304256220205 92.29712 58.750885 -999.0 -999.0 -999.0 -999.0 -999.0 275.9698723916235 -34.27158930529873 276.07241708175457 -34.25588433528878 84.64659922364856 168.5066593418667 -999.0 6231.0 -999.0 -1 -999 {-999.0 -999.0 -999.0 -999.0 -999.0} "" -999.0 -999.0 -999.0 -999.0 -999 -999 "" "" "" "" 0 0 0.0 0.0 -999 ""
FIBERMAP 154 R-11C7 APOGEE 1 1 0 1 0 0 -47.37636334278627 -203.4263632306891 143.1 206.13584626165022 -33.641183447053784 170.85025 85.558815 277.2323061597014 -34.73169133423845 0.033090778 -7.3079996 0.13098997 277.2323137074571 -34.731708864519334 277.3359609051648 -34.71262858236507 83.90555533810999 159.83074581223948 16000.0 16600.0 2016.0 2 172 {-999.0 14.522191 13.277804 12.741188 -999.0} sdss_psfmag_from_g3xp 14.051668 13.237101 12.354053 10.313 63050396520238999 1156308637 bright_1x1 mwm_galactic_core_dist_apogee_extra mwm_galactic science 0 0 0.0 0.0 -999 ""
FIBERMAP 154 R-11C7 BOSS 0 0 0 1 0 0 -47.20374169533665 -202.70191193390127 143.1 205.40148439173942 -33.51748505722767 170.85025 85.558815 -999.0 -999.0 -999.0 -999.0 -999.0 277.22968995694316 -34.731375043860375 277.3333270761815 -34.71228030392277 83.90667317289476 159.8485173726868 -999.0 5400.0 -999.0 1 414 {-999.0 -999.0 -999.0 -999.0 -999.0} "" -999.0 -999.0 -999.0 -999.0 -999 -999 "" "" "" "" 0 0 0.0 0.0 -999 ""
FIBERMAP 154 R-11C7 METROLOGY 0 0 0 1 0 0 -46.6640945735237 -203.20617819772698 143.1 205.86845031244675 -32.94528955842603 170.85025 85.558815 -999.0 -999.0 -999.0 -999.0 -999.0 277.2314287318496 -34.72963287105145 277.33506118900357 -34.71054023387031 83.90776941068978 159.83001126887555 -999.0 6231.0 -999.0 -1 -999 {-999.0 -999.0 -999.0 -999.0 -999.0} "" -999.0 -999.0 -999.0 -999.0 -999 -999 "" "" "" "" 0 0 0.0 0.0 -999 ""
FIBERMAP 156 R-6C19 APOGEE 1 1 0 1 0 0 169.99014276319343 -99.49248980075856 143.1 87.87821579172018 176.2670606967475 165.16353 61.671307 276.79641723632807 -34.09644152862538 -999.0 -999.0 -999.0 276.79640215655786 -34.096419376125354 276.8978784705654 -34.07865282954511 84.62667960161693 160.9553588693567 16000.0 16600.0 2015.5 2 223 {-999.0 -999.0 -999.0 -999.0 -999.0} "" -999.0 -999.0 -999.0 -999.0 27021603147017853 848144284 "" ops_sky_apogee_best ops_sky sky_apogee 0 0 0.0 0.0 -999 ""
FIBERMAP 156 R-6C19 BOSS 0 0 0 1 0 0 170.4576872834102 -98.9399280114411 143.1 87.2955950009653 176.69652353626748 165.16353 61.671307 -999.0 -999.0 -999.0 -999.0 -999.0 276.7943076072713 -34.09508782998369 276.89577161866146 -34.07730814330482 84.62854302032996 160.96791046838047 -999.0 5400.0 -999.0 1 321 {-999.0 -999.0 -999.0 -999.0 -999.0} "" -999.0 -999.0 -999.0 -999.0 -999 -999 "" "" "" "" 0 0 0.0 0.0 -999 ""
FIBERMAP 156 R-6C19 METROLOGY 0 0 0 1 0 0 170.7182531160117 -99.65577869822707 143.1 87.99235761388603 177.00444809360562 165.16353 61.671307 -999.0 -999.0 -999.0 -999.0 -999.0 276.7968654007345 -34.09413211820115 276.89832688832564 -34.0763515092596 84.62871195919685 160.94316442553733 -999.0 6231.0 -999.0 -1 -999 {-999.0 -999.0 -999.0 -999.0 -999.0} "" -999.0 -999.0 -999.0 -999.0 -999 -999 "" "" "" "" 0 0 0.0 0.0 -999 ""
FIBERMAP 161 R-11C9 APOGEE 1 1 0 1 0 0 5.462497301627644 -201.62303938770498 143.1 200.79707866528645 18.956314926705407 117.23369 116.846016 277.2119527421595 -34.57238566179191 -2.0865095 -9.128179 0.17163423 277.21194618779737 -34.57242168068542 277.31499976052794 -34.55344214596547 84.05982675004043 159.42172875321208 16000.0 16600.0 2016.0 2 174 {-999.0 13.259625 12.351782 11.930236 -999.0} sdss_psfmag_from_g3xp 12.966659 12.333466 11.562184 9.936 63050396520253023 1072358969 dark_flexible_2x1 mwm_halo_vmp_xp_apogee mwm_halo science 0 0 0.0 0.0 -999 ""
FIBERMAP 161 R-11C9 BOSS 0 0 0 1 0 0 5.892295721550995 -200.99973216225482 143.1 200.1464023848921 19.343378710371823 117.23369 116.846016 -999.0 -999.0 -999.0 -999.0 -999.0 277.20963260602036 -34.571271452617616 277.3126729467848 -34.552277514404864 84.06162226633647 159.43471255581258 -999.0 5400.0 -999.0 1 416 {-999.0 -999.0 -999.0 -999.0 -999.0} "" -999.0 -999.0 -999.0 -999.0 -999 -999 "" "" "" "" 0 0 0.0 0.0 -999 ""
FIBERMAP 161 R-11C9 METROLOGY 0 0 0 1 0 0 6.203383667087327 -201.68871166309398 143.1 200.81297075886212 19.699910063841017 117.23369 116.846016 -999.0 -999.0 -999.0 -999.0 -999.0 277.2120991265461 -34.57017486423566 277.31513686211576 -34.551180789525795 84.06188250460127 159.41255844386595 -999.0 6231.0 -999.0 -1 -999 {-999.0 -999.0 -999.0 -999.0 -999.0} "" -999.0 -999.0 -999.0 -999.0 -999 -999 "" "" "" "" 0 0 0.0 0.0 -999 ""
FIBERMAP 163 R+5C6 APOGEE 0 0 0 1 0 0 -125.88531532803863 86.87077051876165 143.1 -78.2397800961365 -131.41736550256792 231.77788 137.85844 -999.0 -999.0 -999.0 -999.0 -999.0 276.18145884098874 -35.027717294463784 276.28678148840015 -35.011251665280774 83.87099930364239 168.39098473884758 -999.0 16600.0 -999.0 2 -999 {-999.0 -999.0 -999.0 -999.0 -999.0} "" -999.0 -999.0 -999.0 -999.0 -999 -999 "" "" "" "" 0 0 0.0 0.0 -999 ""
FIBERMAP 163 R+5C6 BOSS 1 1 0 1 0 0 -126.6159958061702 86.73749946896135 143.1 -78.05786646018677 -132.137451265794 231.77788 137.85844 276.1820947658067 -35.029980346843246 -2.9457018 -5.6521726 1.0617036 276.1820839153543 -35.029980092298274 276.2874088978873 -35.01348966493564 83.868703163541 168.3907879946529 5400.0 5400.0 2016.0 1 51 {-999.0 18.735498 19.170362 19.450663 -999.0} sdss_psfmag_gaia 18.872366 18.975185 19.13746 -999.0 63050395230548034 1143361399 dark_2x1 mwm_wd_pwd_boss_2x1 mwm_wd science 0 0 0.0 0.0 -999 ""
FIBERMAP 163 R+5C6 METROLOGY 0 0 0 1 0 0 -126.37511233525562 87.4360997224274 143.1 -78.7710089792194 -131.94391510023368 231.77788 137.85844 -999.0 -999.0 -999.0 -999.0 -999.0 276.17943447121297 -35.029387269962605 276.28476022827215 -35.01291022918458 83.86973482369486 168.40946178062197 -999.0 6231.0 -999.0 -1 -999 {-999.0 -999.0 -999.0 -999.0 -999.0} "" -999.0 -999.0 -999.0 -999.0 -999 -999 "" "" "" "" 0 0 0.0 0.0 -999 ""
FIBERMAP 165 R-3C3 APOGEE 1 0 0 1 1 0 -226.96611520475588 -56.69724867899432 143.1 71.7718413562955 -222.6502269470608 181.42255 110.01342 276.6844708702189 -35.307558573797856 0.7923074 -7.0082874 0.110741094 276.7364677005308 -35.30468689010885 276.8425723803256 -35.28670765123852 83.49199287134473 165.00438909415053 16000.0 16600.0 2016.0 2 241 {-999.0 14.810738 13.64183 13.146534 -999.0} sdss_psfmag_gaia 14.395804 13.631043 12.779515 10.866 63050396520131576 1155462606 bright_1x1 mwm_galactic_core_dist_apogee_sparse mwm_galactic science 0 0 0.0 0.0 -999 ""
FIBERMAP 165 R-3C3 BOSS 0 0 0 1 1 0 -227.1649020200762 -55.97055001177932 143.1 71.0601170749298 -222.8972401295365 181.42255 110.01342 -999.0 -999.0 -999.0 -999.0 -999.0 276.73384716377757 -35.30548823638864 276.83994801280585 -35.287491988385696 83.49183265277466 165.0244663610966 -999.0 5400.0 -999.0 1 498 {-999.0 -999.0 -999.0 -999.0 -999.0} "" -999.0 -999.0 -999.0 -999.0 -999 -999 "" "" "" "" 0 0 0.0 0.0 -999 ""
FIBERMAP 165 R-3C3 METROLOGY 0 0 0 1 1 0 -226.4490335793819 -56.16604022343354 143.1 71.20720679665791 -222.1699096178321 181.42255 110.01342 -999.0 -999.0 -999.0 -999.0 -999.0 276.7344110443452 -35.30332839654733 276.8405056072569 -35.2853380222127 83.49377634747754 165.0153439937616 -999.0 6231.0 -999.0 -1 -999 {-999.0 -999.0 -999.0 -999.0 -999.0} "" -999.0 -999.0 -999.0 -999.0 -999 -999 "" "" "" "" 0 0 0.0 0.0 -999 ""
FIBERMAP 166 R-4C1 APOGEE 1 1 0 1 0 0 -234.99747056730112 -83.46653561724817 143.1 99.01805196051578 -228.87004198739785 332.0209 118.35922 276.83739861566914 -35.323216421156296 0.62340355 -3.5776913 0.36943403 276.83739734592416 -35.32321321762913 276.94352053998614 -35.30496861617634 83.45115376581381 164.35483113820814 16000.0 16600.0 2016.0 2 272 {-999.0 12.942988 11.505257 10.813799 -999.0} sdss_psfmag_gaia 12.360589 11.390826 10.421649 8.243 63050396520030574 1155462632 bright_1x1 mwm_galactic_core_dist_apogee_sparse mwm_galactic science 0 0 0.0 0.0 -999 ""
FIBERMAP 166 R-4C1 BOSS 0 0 0 1 0 0 -234.9502769879759 -84.20244955235201 143.1 99.74912537891912 -228.77365884261079 332.0209 118.35922 -999.0 -999.0 -999.0 -999.0 -999.0 276.8401240214377 -35.32295638476586 276.9462360566936 -35.30468127665968 83.45078804484055 164.33550226254835 -999.0 5400.0 -999.0 1 444 {-999.0 -999.0 -999.0 -999.0 -999.0} "" -999.0 -999.0 -999.0 -999.0 -999 -999 "" "" "" "" 0 0 0.0 0.0 -999 ""
FIBERMAP 166 R-4C1 METROLOGY 0 0 0 1 0 0 -235.62299270736955 -83.87361065809878 143.1 99.46610052885632 -229.4668678271135 332.0209 118.35922 -999.0 -999.0 -999.0 -999.0 -999.0 276.83908860895633 -35.325077010769014 276.9452118575823 -35.306810595439295 83.44899145924603 164.34791493786022 -999.0 6231.0 -999.0 -1 -999 {-999.0 -999.0 -999.0 -999.0 -999.0} "" -999.0 -999.0 -999.0 -999.0 -999 -999 "" "" "" "" 0 0 0.0 0.0 -999 ""
FIBERMAP 168 R+5C2 APOGEE 0 0 0 1 0 0 -211.4918480636382 85.08338587603856 143.1 -70.72188147664679 -216.70883821787075 268.67975 124.97351 -999.0 -999.0 -999.0 -999.0 -999.0 276.20792852493446 -35.28545184200547 276.31423108811316 -35.26883974763471 83.6145214087498 168.69180830105762 -999.0 16600.0 -999.0 2 -999 {-999.0 -999.0 -999.0 -999.0 -999.0} "" -999.0 -999.0 -999.0 -999.0 -999 -999 "" "" "" "" 0 0 0.0 0.0 -999 ""
FIBERMAP 168 R+5C2 BOSS 1 1 0 1 0 0 -212.1337139361431 84.6564310174353 143.1 -70.25290361954517 -217.3206387937786 268.67975 124.97351 276.2096745198892 -35.28736439416549 -1.8490145 -11.106845 0.35144302 276.20964993929755 -35.28736399956378 276.3159528422374 -35.27072341475224 83.61238443790162 168.68301108832742 5400.0 5400.0 2016.0 1 73 {-999.0 18.260908 17.751741 17.580908 -999.0} sdss_psfmag_gaia 17.88968 17.787004 16.984411 15.701 63050396519948411 980167654 "" ops_std_boss ops_std standard_boss 0 0 0.0 0.0 -999 ""
FIBERMAP 168 R+5C2 METROLOGY 0 0 0 1 0 0 -212.16617303577553 85.40708951943493 143.1 -70.9996749925929 -217.40330878421736 268.67975 124.97351 -999.0 -999.0 -999.0 -999.0 -999.0 276.20686431648636 -35.287623496557394 276.31317139289433 -35.270996663841224 83.61259416972594 168.7034835365895 -999.0 6231.0 -999.0 -1 -999 {-999.0 -999.0 -999.0 -999.0 -999.0} "" -999.0 -999.0 -999.0 -999.0 -999 -999 "" "" "" "" 0 0 0.0 0.0 -999 ""
FIBERMAP 172 R-5C1 APOGEE 1 1 0 1 0 0 -219.50814421735288 -97.06600646070818 143.1 111.54889740334268 -212.50505892638623 19.702644 96.08121 276.8839270810851 -35.27383006864164 -2.6517055 -2.6084654 0.15768696 276.88392672970787 -35.27383375350517 276.9898347766135 -35.255484452607405 83.48739435317967 163.909557354606 16000.0 16600.0 2016.0 2 273 {-999.0 14.435014 13.047204 12.324014 -999.0} sdss_psfmag_from_g3xp 13.877652 12.901841 11.925104 9.736 63050396520034277 1153147324 bright_1x1 mwm_galactic_core_dist_apogee_sparse mwm_galactic science 0 0 0.0 0.0 -999 ""
FIBERMAP 172 R-5C1 BOSS 0 0 0 1 0 0 -219.17327551652 -97.73916110661783 143.1 112.19808400952289 -212.1258611498147 19.702644 96.08121 -999.0 -999.0 -999.0 -999.0 -999.0 276.8863573834959 -35.272732301001405 276.99225098962063 -35.25435370625861 83.48788812718331 163.88998496835774 -999.0 5400.0 -999.0 1 445 {-999.0 -999.0 -999.0 -999.0 -999.0} "" -999.0 -999.0 -999.0 -999.0 -999 -999 "" "" "" "" 0 0 0.0 0.0 -999 ""
FIBERMAP 172 R-5C1 METROLOGY 0 0 0 1 0 0 -219.91993113349454 -97.6977310351842 143.1 112.20676527624212 -212.87358844324757 19.702644 96.08121 -999.0 -999.0 -999.0 -999.0 -999.0 276.88640478296804 -35.275012199662704 276.99230968208985 -35.25663940801029 83.48569139841501 163.89556833657753 -999.0 6231.0 -999.0 -1 -999 {-999.0 -999.0 -999.0 -999.0 -999.0} "" -999.0 -999.0 -999.0 -999.0 -999 -999 "" "" "" "" 0 0 0.0 0.0 -999 ""
FIBERMAP 173 R-1C17 APOGEE 0 0 0 1 0 0 94.8047256227544 -10.586086576957234 143.1 4.211173655180562 95.29754969139135 68.01531 71.58339 -999.0 -999.0 -999.0 -999.0 -999.0 276.4893707498887 -34.34092217403493 276.5919229612408 -34.323871685252854 84.47381627740675 164.29906935066938 -999.0 16600.0 -999.0 2 -999 {-999.0 -999.0 -999.0 -999.0 -999.0} "" -999.0 -999.0 -999.0 -999.0 -999 -999 "" "" "" "" 0 0 0.0 0.0 -999 ""
FIBERMAP 173 R-1C17 BOSS 1 1 0 1 0 0 95.36253321677488 -11.051907154238593 143.1 4.638565080407842 95.88528883445625 68.01531 71.58339 276.49095332821423 -34.33908730802982 -2.0794 -6.050686 0.04999535 276.4909588690156 -34.33910937099227 276.59349623023513 -34.32203547011614 84.475202878241 164.28067433616243 5400.0 5400.0 2016.0 1 315 {-999.0 16.432125 15.74617 15.500197 -999.0} sdss_psfmag_gaia 16.249119 15.789532 15.156668 13.924 63050395230994705 1071903722 dark_flexible_2x1 mwm_halo_mp_xp_boss mwm_halo science 0 0 0.0 0.0 -999 ""
FIBERMAP 173 R-1C17 METROLOGY 0 0 0 1 0 0 94.66753857120433 -11.321394627833255 143.1 4.953993822314187 95.20993231684122 68.01531 71.58339 -999.0 -999.0 -999.0 -999.0 -999.0 276.4921101980541 -34.34114593501046 276.5946567038113 -34.32407407808186 84.47297500556243 164.27721388783985 -999.0 6231.0 -999.0 -1 -999 {-999.0 -999.0 -999.0 -999.0 -999.0} "" -999.0 -999.0 -999.0 -999.0 -999 -999 "" "" "" "" 0 0 0.0 0.0 -999 ""
FIBERMAP 174 R-8C12 APOGEE 0 0 0 1 0 0 37.60488043814323 -159.0708956647013 143.1 156.18887836698806 48.17488533206838 148.49417 161.04254 -999.0 -999.0 -999.0 -999.0 -999.0 277.0479858271631 -34.48422214906784 277.150792052563 -34.46569085550953 84.19092146133937 160.33956460671965 -999.0 16600.0 -999.0 2 -999 {-999.0 -999.0 -999.0 -999.0 -999.0} "" -999.0 -999.0 -999.0 -999.0 -999 -999 "" "" "" "" 0 0 0.0 0.0 -999 ""
FIBERMAP 174 R-8C12 BOSS 1 1 0 1 0 0 37.11698286338709 -158.510530360674 143.1 155.6624748187139 47.65056335361256 148.49417 161.04254 277.0461589594051 -34.48580364076493 -4.1664567 -5.2405457 0.5539575 277.0461465183946 -34.48581554846387 277.1489502962612 -34.46726811121255 84.18998956793156 160.3591370383903 5400.0 5400.0 2016.0 1 395 {-999.0 19.053013 19.621708 20.033281 -999.0} sdss_psfmag_gaia 19.291374 19.36046 19.827354 -999.0 63050396520282143 1143422171 dark_2x1 mwm_wd_pwd_boss_2x1 mwm_wd science 0 0 0.0 0.0 -999 ""
FIBERMAP 174 R-8C12 METROLOGY 0 0 0 1 0 0 37.84843791167398 -158.36366304817165 143.1 155.46694405569963 48.37051113611262 148.49417 161.04254 -999.0 -999.0 -999.0 -999.0 -999.0 277.04544001284387 -34.4836218412353 277.14823854203485 -34.465082670528986 84.1922406045699 160.35685522945712 -999.0 6231.0 -999.0 -1 -999 {-999.0 -999.0 -999.0 -999.0 -999.0} "" -999.0 -999.0 -999.0 -999.0 -999 -999 "" "" "" "" 0 0 0.0 0.0 -999 ""
FIBERMAP 175 R-9C10 APOGEE 1 1 0 1 0 0 28.485924582909867 -182.03719471628372 143.1 179.71363425280785 40.615197615513885 18.499634 68.56646 277.1343787478027 -34.506963803528635 1.1501966 -8.806813 1.9645503 277.13434924551734 -34.50698719291257 277.23719617469226 -34.48822697064125 84.1441351700599 159.76640993578107 16000.0 16600.0 2016.0 2 165 {-999.0 10.070388 10.240933 10.376468 -999.0} sdss_psfmag_from_g3xp 10.182073 10.144094 10.056188 9.901 63050396520256036 975388731 "" ops_std_apogee ops_std standard_apogee 0 0 0.0 0.0 -999 ""
FIBERMAP 175 R-9C10 BOSS 0 0 0 1 0 0 28.444413870343755 -182.78813777734317 143.1 180.46564460970302 40.62408563149154 18.499634 68.56646 -999.0 -999.0 -999.0 -999.0 -999.0 277.13718672410187 -34.50696130512578 277.2400222562694 -34.48817333590263 84.14332990878539 159.7449814403995 -999.0 5400.0 -999.0 1 398 {-999.0 -999.0 -999.0 -999.0 -999.0} "" -999.0 -999.0 -999.0 -999.0 -999 -999 "" "" "" "" 0 0 0.0 0.0 -999 ""
FIBERMAP 175 R-9C10 METROLOGY 0 0 0 1 0 0 27.821600813659355 -182.36878968794824 143.1 180.08897420893814 39.97460243684671 18.499634 68.56646 -999.0 -999.0 -999.0 -999.0 -999.0 277.1358429173557 -34.508921613204656 277.2386893547009 -34.490142295748065 84.14190183076965 159.76207860595008 -999.0 6231.0 -999.0 -1 -999 {-999.0 -999.0 -999.0 -999.0 -999.0} "" -999.0 -999.0 -999.0 -999.0 -999 -999 "" "" "" "" 0 0 0.0 0.0 -999 ""
FIBERMAP 176 R-7C19 APOGEE 0 0 0 1 0 0 198.63969518563772 -138.1953352754794 143.1 124.57358346352966 207.4438618751898 292.25394 158.12039 -999.0 -999.0 -999.0 -999.0 -999.0 276.9300050240734 -34.002590895574905 277.03106142518243 -33.984509176930096 84.6752126954997 159.48881943343522 -999.0 16600.0 -999.0 2 -999 {-999.0 -999.0 -999.0 -999.0 -999.0} "" -999.0 -999.0 -999.0 -999.0 -999 -999 "" "" "" "" 0 0 0.0 0.0 -999 ""
FIBERMAP 176 R-7C19 BOSS 1 1 0 1 0 0 198.6196770462016 -138.94415112773598 143.1 125.32203172531895 207.47405092802055 292.25394 158.12039 276.9327706555676 -34.002481922125455 -6.5054536 -10.002096 0.014813681 276.93275681763834 -34.00250070487735 277.0338025455053 -33.98439336341655 84.67447993868736 159.46560297071017 5400.0 5400.0 2016.0 1 276 {-999.0 16.563198 15.67655 15.337279 -999.0} sdss_psfmag_gaia 16.232016 15.71283 14.926195 13.224 63050395232372568 1093496931 bright_1x1 mwm_astar_core_boss_single mwm_ob science 0 0 0.0 0.0 -999 ""
FIBERMAP 176 R-7C19 METROLOGY 0 0 0 1 0 0 197.9952443855892 -138.57504751272347 143.1 124.99559965059431 206.82631759104584 292.25394 158.12039 -999.0 -999.0 -999.0 -999.0 -999.0 276.9316009370795 -34.00440896867761 277.0326569268975 -33.986309279015316 84.67305109946042 159.48274324139118 -999.0 6231.0 -999.0 -1 -999 {-999.0 -999.0 -999.0 -999.0 -999.0} "" -999.0 -999.0 -999.0 -999.0 -999 -999 "" "" "" "" 0 0 0.0 0.0 -999 ""
FIBERMAP 180 R-4C11 APOGEE 0 0 0 1 0 0 -27.01063613087673 -92.7822160257451 143.1 94.37989905810697 -20.733731016144805 274.16446 95.68067 -999.0 -999.0 -999.0 -999.0 -999.0 276.8210204227537 -34.69353160728991 276.92473883246714 -34.67552047763516 84.05587022434982 162.7409925928764 -999.0 16600.0 -999.0 2 -999 {-999.0 -999.0 -999.0 -999.0 -999.0} "" -999.0 -999.0 -999.0 -999.0 -999 -999 "" "" "" "" 0 0 0.0 0.0 -999 ""
FIBERMAP 180 R-4C11 BOSS 1 1 0 1 0 0 -27.741857515778225 -92.91592665507646 143.1 94.56228750475383 -21.4543270055021 274.16446 95.68067 276.82185356680543 -34.695670700273496 -26.432686 -35.434395 10.020834 276.8217668018848 -34.69575204496732 276.92548469955216 -34.67771712283771 84.05359224690835 162.7420636844914 5400.0 5400.0 2016.0 1 422 {-999.0 20.198895 19.501429 19.250376 -999.0} sdss_psfmag_gaia 19.973364 19.544878 18.868736 -999.0 63050396520260551 1143422164 dark_2x1 mwm_wd_pwd_boss_2x1 mwm_wd science 0 0 0.0 0.0 -999 ""
FIBERMAP 180 R-4C11 METROLOGY 0 0 0 1 0 0 -27.484346268891223 -92.2033404588584 143.1 93.83407709655094 -21.245137890665106 274.16446 95.68067 -999.0 -999.0 -999.0 -999.0 -999.0 276.8190888195209 -34.69511416057641 276.92280811807257 -34.67709233091342 84.05487921397769 162.76032703685874 -999.0 6231.0 -999.0 -1 -999 {-999.0 -999.0 -999.0 -999.0 -999.0} "" -999.0 -999.0 -999.0 -999.0 -999 -999 "" "" "" "" 0 0 0.0 0.0 -999 ""
FIBERMAP 182 R+7C8 APOGEE 1 1 0 1 0 0 -69.01858363133938 144.63483409499995 143.1 -139.68142085730446 -78.54987254849678 164.78844 97.37329 275.9551936210803 -34.86618570491388 106.932076 63.740658 42.33901 275.95557186192866 -34.865997718529066 276.0603867754736 -34.850163520312336 84.06622660863495 169.8119819870434 16000.0 16600.0 2016.0 2 124 {-999.0 14.048944 12.623812 11.345258 -999.0} sdss_psfmag_from_g3xp 13.484756 12.0553465 10.881332 8.704 63050395230598032 984845367 bright_1x1 mwm_snc_100pc_apogee mwm_snc science 0 0 0.0 0.0 -999 ""
FIBERMAP 182 R+7C8 BOSS 0 0 0 1 0 0 -68.9269218118271 145.36130045703234 143.1 -140.41236987496666 -78.50708424660591 164.78844 97.37329 -999.0 -999.0 -999.0 -999.0 -999.0 275.95281240744737 -34.86590031295899 276.0576232014279 -34.85005136950828 84.0667637742848 169.8333243158528 -999.0 5400.0 -999.0 1 109 {-999.0 -999.0 -999.0 -999.0 -999.0} "" -999.0 -999.0 -999.0 -999.0 -999 -999 "" "" "" "" 0 0 0.0 0.0 -999 ""
FIBERMAP 182 R+7C8 METROLOGY 0 0 0 1 0 0 -68.32795188389024 144.9068499977176 143.1 -139.9990799983646 -77.87903834812002 164.78844 97.37329 -999.0 -999.0 -999.0 -999.0 -999.0 275.954330726088 -34.864011802716156 276.0591349833778 -34.84816572534222 84.06838218565223 169.81810098923836 -999.0 6231.0 -999.0 -1 -999 {-999.0 -999.0 -999.0 -999.0 -999.0} "" -999.0 -999.0 -999.0 -999.0 -999 -999 "" "" "" "" 0 0 0.0 0.0 -999 ""
FIBERMAP 183 R+12C1 APOGEE 1 1 0 1 0 0 -168.781855125114 241.753244383076 143.1 -229.89531676610343 -184.59126318818275 157.00803 103.707565 275.62066377118487 -35.182848275834296 -2.7410333 -4.2828293 0.08967321 275.62066342857986 -35.182868594438546 275.7268609856734 -35.16780236879279 83.79659231898452 172.84613813071203 16000.0 16600.0 2016.0 2 8 {-999.0 15.749242 14.326264 13.558021 -999.0} sdss_psfmag_from_g3xp 15.173591 14.149443 13.15305 10.885 63050395230499838 1151995578 bright_1x1 mwm_galactic_core_dist_apogee_sparse mwm_galactic science 0 0 0.0 0.0 -999 ""
FIBERMAP 183 R+12C1 BOSS 0 0 0 1 0 0 -168.68181698131917 242.49566927579656 143.1 -230.64274901355677 -184.54118670079922 157.00803 103.707565 -999.0 -999.0 -999.0 -999.0 -999.0 275.617965148393 -35.18267637276497 275.72415948652065 -35.16759406716648 83.79709256217745 172.8661378534721 -999.0 5400.0 -999.0 1 8 {-999.0 -999.0 -999.0 -999.0 -999.0} "" -999.0 -999.0 -999.0 -999.0 -999 -999 "" "" "" "" 0 0 0.0 0.0 -999 ""
FIBERMAP 183 R+12C1 METROLOGY 0 0 0 1 0 0 -168.08356052817064 242.02662976989996 143.1 -230.2148555838732 -183.9128753612251 157.00803 103.707565 -999.0 -999.0 -999.0 -999.0 -999.0 275.6194899283726 -35.18083945688531 275.72567749968084 -35.16576032477294 83.79874500636487 172.85249635590424 -999.0 6231.0 -999.0 -1 -999 {-999.0 -999.0 -999.0 -999.0 -999.0} "" -999.0 -999.0 -999.0 -999.0 -999 -999 "" "" "" "" 0 0 0.0 0.0 -999 ""
FIBERMAP 186 R+12C12 APOGEE 0 0 0 1 0 0 80.89971397456682 250.28773175401903 143.1 -255.13594702703514 63.94890498064757 163.36761 62.022312 -999.0 -999.0 -999.0 -999.0 -999.0 275.537786765156 -34.4307525358419 275.64114551185423 -34.41612813785973 84.55087437968226 172.52969188006628 -999.0 16600.0 -999.0 2 -999 {-999.0 -999.0 -999.0 -999.0 -999.0} "" -999.0 -999.0 -999.0 -999.0 -999 -999 "" "" "" "" 0 0 0.0 0.0 -999 ""
FIBERMAP 186 R+12C12 BOSS 1 1 0 1 0 0 81.41676600918096 250.82684964052245 143.1 -255.7084709885718 64.42866295135394 163.36761 62.022312 275.5357360839844 -34.429308343171115 -999.0 -999.0 -999.0 275.53572960469137 -34.429303981501405 275.63908042646096 -34.41466507413813 84.55255805453302 172.54534234540878 5400.0 5400.0 2015.5 1 106 {-999.0 -999.0 -999.0 -999.0 -999.0} "" -999.0 -999.0 -999.0 -999.0 27021603147016857 852437377 "" ops_sky_boss_fallback ops_sky sky_boss 0 0 0.0 0.0 -999 ""
FIBERMAP 186 R+12C12 METROLOGY 0 0 0 1 0 0 81.6219409928741 250.09308758939275 143.1 -254.99012736896879 64.68252288688002 163.36761 62.022312 -999.0 -999.0 -999.0 -999.0 -999.0 275.5382980462493 -34.42854050061097 275.64164570922287 -34.41390093772986 84.55302340807042 172.52215260588233 -999.0 6231.0 -999.0 -1 -999 {-999.0 -999.0 -999.0 -999.0 -999.0} "" -999.0 -999.0 -999.0 -999.0 -999 -999 "" "" "" "" 0 0 0.0 0.0 -999 ""
FIBERMAP 193 R+4C23 APOGEE 1 1 0 1 0 0 247.53993160073585 91.10896930845284 143.1 -107.48323974564703 240.87193536085704 88.8002 114.518555 276.0838437115173 -33.89991143738588 -5.4704986 -0.90008074 0.15130307 276.08382635698166 -33.899917544613295 276.1849228678502 -33.884045484570564 84.98747691394682 166.56431351348417 16000.0 16600.0 2016.0 2 86 {-999.0 14.202929 12.86223 12.248659 -999.0} sdss_psfmag_from_g3xp 13.676122 12.782304 11.855046 9.728 63050395231220658 1151996231 bright_1x1 mwm_galactic_core_dist_apogee_sparse mwm_galactic science 0 0 0.0 0.0 -999 ""
FIBERMAP 193 R+4C23 BOSS 0 0 0 1 0 0 248.24614379741723 91.30454089885517 143.1 -107.7256726959979 241.5634352961499 88.8002 114.518555 -999.0 -999.0 -999.0 -999.0 -999.0 276.08297419927203 -33.89785481968085 276.1840578695344 -33.88196734995064 84.98966759733537 166.56646190765233 -999.0 5400.0 -999.0 1 259 {-999.0 -999.0 -999.0 -999.0 -999.0} "" -999.0 -999.0 -999.0 -999.0 -999 -999 "" "" "" "" 0 0 0.0 0.0 -999 ""
FIBERMAP 193 R+4C23 METROLOGY 0 0 0 1 0 0 248.0846563522424 90.59317005203042 143.1 -107.00510728616952 241.44996947346195 88.8002 114.518555 -999.0 -999.0 -999.0 -999.0 -999.0 276.085567031857 -33.898153427180944 276.1866521180317 -33.88226434993731 84.98885215666047 166.54338752657128 -999.0 6231.0 -999.0 -1 -999 {-999.0 -999.0 -999.0 -999.0 -999.0} "" -999.0 -999.0 -999.0 -999.0 -999 -999 "" "" "" "" 0 0 0.0 0.0 -999 ""
FIBERMAP 197 R0C13 APOGEE 1 1 0 1 0 0 -33.36411008929968 -16.158669715427436 143.1 18.356788650239963 -32.20555019140624 282.16516 60.460854 276.5402586005294 -34.72815272000215 0.5179189 -2.1122842 0.067072906 276.5402558371397 -34.728156900900636 276.6442506589575 -34.71085788903743 84.09031177687778 164.9758580500038 16000.0 16600.0 2016.0 2 250 {-999.0 14.405202 13.418823 12.971842 -999.0} sdss_psfmag_from_g3xp 14.074107 13.400521 12.604474 10.881 63050395230873196 1151995844 bright_1x1 mwm_galactic_core_dist_apogee_sparse mwm_galactic science 0 0 0.0 0.0 -999 ""
FIBERMAP 197 R0C13 BOSS 0 0 0 1 0 0 -34.04594695345711 -15.883188747698552 143.1 18.127610986068078 -32.90428517965656 282.16516 60.460854 -999.0 -999.0 -999.0 -999.0 -999.0 276.53942384488766 -34.73031965300242 276.64341988714693 -34.71300077980056 84.08844016501665 164.98796916725075 -999.0 5400.0 -999.0 1 518 {-999.0 -999.0 -999.0 -999.0 -999.0} "" -999.0 -999.0 -999.0 -999.0 -999 -999 "" "" "" "" 0 0 0.0 0.0 -999 ""
FIBERMAP 197 R0C13 METROLOGY 0 0 0 1 0 0 -33.46085217498302 -15.421391935888462 143.1 17.6276736440791 -32.35146014942598 282.16516 60.460854 -999.0 -999.0 -999.0 -999.0 -999.0 276.53758087891725 -34.728633459311844 276.64157355338784 -34.71132589726776 84.09046833019906 164.99765725499657 -999.0 6231.0 -999.0 -1 -999 {-999.0 -999.0 -999.0 -999.0 -999.0} "" -999.0 -999.0 -999.0 -999.0 -999 -999 "" "" "" "" 0 0 0.0 0.0 -999 ""
FIBERMAP 213 R+3C1 APOGEE 0 0 0 1 0 0 -254.63541422696164 76.59940769417352 143.1 -59.36716901172705 -259.1856414580155 118.82851 71.31054 -999.0 -999.0 -999.0 -999.0 -999.0 276.2494514968025 -35.413400998791836 276.3562283922305 -35.396643028412555 83.48236808384007 168.6334184227541 -999.0 16600.0 -999.0 2 3 {-999.0 -999.0 -999.0 -999.0 -999.0} "" -999.0 -999.0 -999.0 -999.0 -999 -999 "" ops_sky_apogee_best_unassigned ops_sky sky_apogee 0 0 0.0 0.0 -999 ""
FIBERMAP 213 R+3C1 BOSS 1 1 0 1 0 0 -253.88456710712265 76.7102847992752 143.1 -59.52809071759855 -258.4439349461819 118.82851 71.31054 276.248599364111 -35.411175174170175 1.686134 -9.998123 0.085497536 276.24887048242636 -35.41119567751724 276.35563276929577 -35.39441593446034 83.48464748699757 168.63345099204187 5400.0 5400.0 2016.0 1 3 {-999.0 15.904181 15.139471 14.858147 -999.0} sdss_psfmag_gaia 15.667913 15.182279 14.492065 13.127 63050396519916815 1071775316 dark_flexible_2x1 mwm_halo_vmp_xp_boss mwm_halo science 0 0 0.7929382920265198 0.0 -999 ""
FIBERMAP 213 R+3C1 METROLOGY 0 0 0 1 0 0 -254.16389793181133 76.01815909078063 143.1 -58.81883246750523 -258.67626445623745 118.82851 71.31054 -999.0 -999.0 -999.0 -999.0 -999.0 276.25148300166694 -35.41194973059308 276.3582486751533 -35.39516980792249 83.48345950295729 168.61649064588397 -999.0 6231.0 -999.0 -1 -999 {-999.0 -999.0 -999.0 -999.0 -999.0} "" -999.0 -999.0 -999.0 -999.0 -999 -999 "" "" "" "" 0 0 0.0 0.0 -999 ""
FIBERMAP 216 R-9C18 APOGEE 1 1 0 1 0 0 207.34720906302294 -164.4359478860819 143.1 150.1710261922239 217.88930853691204 78.92194 59.92355 277.02301025390625 -33.97125128798125 -999.0 -999.0 -999.0 277.0230101748833 -33.97127755382925 277.1239015383576 -33.95296619798094 84.6753846213562 158.59218517845068 16000.0 16600.0 2015.5 2 192 {-999.0 -999.0 -999.0 -999.0 -999.0} "" -999.0 -999.0 -999.0 -999.0 27021603147023071 848144492 "" ops_sky_apogee_best ops_sky sky_apogee 0 0 0.0 0.0 -999 ""
FIBERMAP 216 R-9C18 BOSS 0 0 0 1 0 0 207.81423501557262 -165.0473494071374 143.1 150.74974765278688 218.3962253188746 78.92194 59.92355 -999.0 -999.0 -999.0 -999.0 -999.0 277.0251130619067 -33.96977422282704 277.1259884408173 -33.9514394733881 84.67612719401548 158.5686330991974 -999.0 5400.0 -999.0 1 265 {-999.0 -999.0 -999.0 -999.0 -999.0} "" -999.0 -999.0 -999.0 -999.0 -999 -999 "" "" "" "" 0 0 0.0 0.0 -999 ""
FIBERMAP 216 R-9C18 METROLOGY 0 0 0 1 0 0 207.0843496587035 -165.13309769038437 143.1 150.88419369071718 217.67374941770768 78.92194 59.92355 -999.0 -999.0 -999.0 -999.0 -999.0 277.0256500507473 -33.97190145407741 277.126535726631 -33.953569899538806 84.6739862798457 158.5729606567375 -999.0 6231.0 -999.0 -1 -999 {-999.0 -999.0 -999.0 -999.0 -999.0} "" -999.0 -999.0 -999.0 -999.0 -999 -999 "" "" "" "" 0 0 0.0 0.0 -999 ""
FIBERMAP 223 R-7C9 APOGEE 1 1 0 1 0 0 -43.20403654527258 -139.52254662465737 143.1 142.09834304672 -33.759151869623096 176.62769 138.97304 276.9969445543952 -34.732810936541924 1.1196843 -4.700299 0.20526783 276.99693437191166 -34.73282765582265 277.10071037484204 -34.71435211187322 83.9719760633048 161.5508787117836 16000.0 16600.0 2016.0 2 186 {-999.0 14.020329 12.6783085 12.039461 -999.0} sdss_psfmag_from_g3xp 13.490659 12.58306 11.644843 9.488 63050396520234340 1153147525 bright_1x1 mwm_galactic_core_dist_apogee_sparse mwm_galactic science 0 0 0.0 0.0 -999 ""
FIBERMAP 223 R-7C9 BOSS 0 0 0 1 0 0 -43.75172405130317 -139.00009874583938 143.1 141.61377560327446 -34.34058735318596 176.62769 138.97304 -999.0 -999.0 -999.0 -999.0 -999.0 276.9952402053114 -34.73463186343016 277.099014694061 -34.716138795676606 83.97076262129687 161.5691008403604 -999.0 5400.0 -999.0 1 380 {-999.0 -999.0 -999.0 -999.0 -999.0} "" -999.0 -999.0 -999.0 -999.0 -999 -999 "" "" "" "" 0 0 0.0 0.0 -999 ""
FIBERMAP 223 R-7C9 METROLOGY 0 0 0 1 0 0 -43.026193234419225 -138.79331559556013 143.1 141.35886256266122 -33.630563914272685 176.62769 138.97304 -999.0 -999.0 -999.0 -999.0 -999.0 276.9943142870666 -34.73247763798234 277.09808369519067 -34.71399365687944 83.97304017849558 161.5690929496428 -999.0 6231.0 -999.0 -1 -999 {-999.0 -999.0 -999.0 -999.0 -999.0} "" -999.0 -999.0 -999.0 -999.0 -999 -999 "" "" "" "" 0 0 0.0 0.0 -999 ""
FIBERMAP 224 R+2C5 APOGEE 1 1 0 1 0 0 -182.38291962318954 21.07226483275473 143.1 -8.806756313177715 -183.37836378647833 296.50995 76.35794 276.43798828125 -35.186019444145 -999.0 -999.0 -999.0 276.4379982560132 -35.18598891029064 276.54379967752675 -35.16881422607117 83.66940199421353 166.83741770303072 16000.0 16600.0 2015.5 2 23 {-999.0 -999.0 -999.0 -999.0 -999.0} "" -999.0 -999.0 -999.0 -999.0 27021603184479016 848784623 "" ops_sky_apogee_best ops_sky sky_apogee 0 0 0.0 0.0 -999 ""
FIBERMAP 224 R+2C5 BOSS 0 0 0 1 0 0 -183.1314724025293 20.907944785794058 143.1 -8.592667298159895 -184.1142011683403 296.50995 76.35794 -999.0 -999.0 -999.0 -999.0 -999.0 276.43878663999686 -35.18829724524005 276.5445894599195 -35.1710967440432 83.66703096515599 166.83678197232166 -999.0 5400.0 -999.0 1 34 {-999.0 -999.0 -999.0 -999.0 -999.0} "" -999.0 -999.0 -999.0 -999.0 -999 -999 "" "" "" "" 0 0 0.0 0.0 -999 ""
FIBERMAP 224 R+2C5 METROLOGY 0 0 0 1 0 0 -182.88873591414685 21.625504819176594 143.1 -9.324850466418141 -183.9200862870211 296.50995 76.35794 -999.0 -999.0 -999.0 -999.0 -999.0 276.4360694155995 -35.18772066423668 276.5418734245425 -35.170533880695295 83.66811740332142 166.85506321335626 -999.0 6231.0 -999.0 -1 -999 {-999.0 -999.0 -999.0 -999.0 -999.0} "" -999.0 -999.0 -999.0 -999.0 -999 -999 "" "" "" "" 0 0 0.0 0.0 -999 ""
FIBERMAP 226 R-2C25 APOGEE 1 1 0 1 0 0 251.46709235055184 -48.0869010620011 143.1 31.13195778954988 254.11455895615154 256.81705 58.588543 276.5892012733111 -33.86150810472167 -12.277351 -8.004845 0.19171993 276.58912148495017 -33.861552277213434 276.68982451205386 -33.84439035517674 84.90531678651496 161.87402397897836 16000.0 16600.0 2016.0 2 239 {-999.0 13.989118 13.019203 12.637565 -999.0} sdss_psfmag_gaia 13.676915 13.046644 12.281282 10.686 63050395231191476 1154351328 bright_1x1 mwm_galactic_core_dist_apogee_sparse mwm_galactic science 0 0 0.0 0.0 -999 ""
FIBERMAP 226 R-2C25 BOSS 0 0 0 1 0 0 250.890011347408 -47.55992774778307 143.1 30.644844241657697 253.50349389324995 256.81705 58.588543 -999.0 -999.0 -999.0 -999.0 -999.0 276.58735363305306 -33.863389289702994 276.6880568684305 -33.84621328832313 84.90407492092999 161.89636295352963 -999.0 5400.0 -999.0 1 349 {-999.0 -999.0 -999.0 -999.0 -999.0} "" -999.0 -999.0 -999.0 -999.0 -999 -999 "" "" "" "" 0 0 0.0 0.0 -999 ""
FIBERMAP 226 R-2C25 METROLOGY 0 0 0 1 0 0 251.63666780561778 -47.370377335342695 143.1 30.40570945924468 254.23574915442646 256.81705 58.588543 -999.0 -999.0 -999.0 -999.0 -999.0 276.5864897295396 -33.861138347252535 276.6871871387756 -33.84397037964953 84.90643072318892 161.89578592025708 -999.0 6231.0 -999.0 -1 -999 {-999.0 -999.0 -999.0 -999.0 -999.0} "" -999.0 -999.0 -999.0 -999.0 -999 -999 "" "" "" "" 0 0 0.0 0.0 -999 ""
FIBERMAP 229 R+9C7 APOGEE 1 1 0 1 0 0 -49.67223693374746 158.73435540031946 143.1 -155.04474046852118 -60.19216384266887 320.6752 84.137245 275.8994850939995 -34.80989909280081 -4.4455075 -5.9205813 0.12263116 275.8994527112322 -34.809905261719656 276.0040806146967 -34.79423280451328 84.12975414380715 170.15293137910444 16000.0 16600.0 2016.0 2 133 {-999.0 14.377428 13.357344 12.918596 -999.0} sdss_psfmag_from_g3xp 14.032887 13.349991 12.548455 10.734 63050395230607524 1151995543 bright_1x1 mwm_galactic_core_dist_apogee_sparse mwm_galactic science 0 0 0.0 0.0 -999 ""
FIBERMAP 229 R+9C7 BOSS 0 0 0 1 0 0 -50.182478615595194 158.19589088262398 143.1 -154.4733245954751 -60.66517076741435 320.6752 84.137245 -999.0 -999.0 -999.0 -999.0 -999.0 275.9014744052137 -34.81140109232629 276.00610213785706 -34.795701280048505 84.12800773019015 170.13959041197688 -999.0 5400.0 -999.0 1 123 {-999.0 -999.0 -999.0 -999.0 -999.0} "" -999.0 -999.0 -999.0 -999.0 -999 -999 "" "" "" "" 0 0 0.0 0.0 -999 ""
FIBERMAP 229 R+9C7 METROLOGY 0 0 0 1 0 0 -50.39500771255671 158.91099158894272 143.1 -155.17255681378685 -60.92511795424358 320.6752 84.137245 -999.0 -999.0 -999.0 -999.0 -999.0 275.89886739255894 -34.812169088632885 276.0035007386025 -34.796481911189744 84.12762930145848 170.1615111090468 -999.0 6231.0 -999.0 -1 -999 {-999.0 -999.0 -999.0 -999.0 -999.0} "" -999.0 -999.0 -999.0 -999.0 -999 -999 "" "" "" "" 0 0 0.0 0.0 -999 ""
FIBERMAP 230 R+10C2 APOGEE 0 0 0 1 0 0 -162.38264536177067 215.19021699166964 143.1 -203.821566719839 -176.42725596652957 175.67662 24.27665 -999.0 -999.0 -999.0 -999.0 -999.0 275.71674255269727 -35.159520596141036 275.82280312149214 -35.144213484367036 83.80895560700361 172.09604609999136 -999.0 16600.0 -999.0 2 -999 {-999.0 -999.0 -999.0 -999.0 -999.0} "" -999.0 -999.0 -999.0 -999.0 -999 -999 "" "" "" "" 0 0 0.0 0.0 -999 ""
FIBERMAP 230 R+10C2 BOSS 1 1 0 1 0 0 -161.68589180669886 215.45209050394996 143.1 -204.12951669854257 -175.74963451026676 175.67662 24.27665 275.71563720703125 -35.15749866147456 -999.0 -999.0 -999.0 275.71563425036834 -35.157484474227985 275.82168332394633 -35.1421578360522 83.81112353293429 172.1016434184623 5400.0 5400.0 2015.5 1 18 {-999.0 -999.0 -999.0 -999.0 -999.0} "" -999.0 -999.0 -999.0 -999.0 27021603147015279 852436979 "" ops_sky_boss_fallback ops_sky sky_boss 0 0 0.0 0.0 -999 ""
FIBERMAP 230 R+10C2 METROLOGY 0 0 0 1 0 0 -161.79231233403004 214.7308640411461 143.1 -203.40280697113008 -175.80749885452138 175.67662 24.27665 -999.0 -999.0 -999.0 -999.0 -999.0 275.7182582355654 -35.15771834661552 275.8243081054079 -35.14239138472915 83.81057672618375 172.08227038602018 -999.0 6231.0 -999.0 -1 -999 {-999.0 -999.0 -999.0 -999.0 -999.0} "" -999.0 -999.0 -999.0 -999.0 -999 -999 "" "" "" "" 0 0 0.0 0.0 -999 ""
FIBERMAP 231 R+2C20 APOGEE 0 0 0 1 0 0 170.83409403396251 27.48774621263808 143.1 -38.868825845176595 168.6029612694554 354.90247 76.91253 -999.0 -999.0 -999.0 -999.0 -999.0 276.33237097114306 -34.11852323450383 276.434164409682 -34.10194452175381 84.72341383542108 164.9687943509834 -999.0 16600.0 -999.0 2 -999 {-999.0 -999.0 -999.0 -999.0 -999.0} "" -999.0 -999.0 -999.0 -999.0 -999 -999 "" "" "" "" 0 0 0.0 0.0 -999 ""
FIBERMAP 231 R+2C20 BOSS 1 1 0 1 0 0 170.6258507090566 26.77527925256455 143.1 -38.144034750147625 168.44291967539223 354.90247 76.91253 276.3349914550781 -34.1189672644458 -999.0 -999.0 -999.0 276.33501165135766 -34.11897160812964 276.43679889811995 -34.102366906157215 84.72240972315537 164.9472427352269 5400.0 5400.0 2015.5 1 230 {-999.0 -999.0 -999.0 -999.0 -999.0} "" -999.0 -999.0 -999.0 -999.0 27021603147018463 852437774 "" ops_sky_boss_fallback ops_sky sky_boss 0 0 0.0 0.0 -999 ""
FIBERMAP 231 R+2C20 METROLOGY 0 0 0 1 0 0 170.10654792248823 27.31403705204277 143.1 -38.646776329720076 167.88871158082472 354.90247 76.91253 -999.0 -999.0 -999.0 -999.0 -999.0 276.33315219819866 -34.120614252251585 276.43494840567234 -34.104019236461966 84.72124065307065 164.96818463655651 -999.0 6231.0 -999.0 -1 -999 {-999.0 -999.0 -999.0 -999.0 -999.0} "" -999.0 -999.0 -999.0 -999.0 -999 -999 "" "" "" "" 0 0 0.0 0.0 -999 ""
FIBERMAP 232 R+13C3 APOGEE 1 1 0 1 0 0 -89.37751333699367 241.47844229647686 143.1 -234.94026286598535 -105.34968865251827 335.3581 97.39867 275.6044432218753 -34.94361817568061 -4.6723356 -4.6724887 0.13980517 275.6044073506546 -34.94363039107197 275.70969144045614 -34.92867865625399 84.03543193283387 172.67383482279965 16000.0 16600.0 2016.0 2 54 {-999.0 14.262574 12.877211 12.251619 -999.0} sdss_psfmag_from_g3xp 13.70785 12.793685 11.855874 9.649 63050395230658010 1151995680 bright_1x1 mwm_galactic_core_dist_apogee_sparse mwm_galactic science 0 0 0.0 0.0 -999 ""
FIBERMAP 232 R+13C3 BOSS 0 0 0 1 0 0 -89.6929317700289 240.816048081616 143.1 -234.25825084260532 -105.62001507737048 335.3581 97.39867 -999.0 -999.0 -999.0 -999.0 -999.0 275.6068918200742 -34.94450347060631 275.71217433467496 -34.92952285618677 84.03431838090013 172.6555357226301 -999.0 5400.0 -999.0 1 91 {-999.0 -999.0 -999.0 -999.0 -999.0} "" -999.0 -999.0 -999.0 -999.0 -999 -999 "" "" "" "" 0 0 0.0 0.0 -999 ""
FIBERMAP 232 R+13C3 METROLOGY 0 0 0 1 0 0 -90.10955480214827 241.40864246981818 143.1 -234.82158446237742 -106.07538409423334 335.3581 97.39867 -999.0 -999.0 -999.0 -999.0 -999.0 275.60475909781275 -34.94586653654724 275.71004893951215 -34.93089730193741 84.03319403989344 172.67394443711223 -999.0 6231.0 -999.0 -1 -999 {-999.0 -999.0 -999.0 -999.0 -999.0} "" -999.0 -999.0 -999.0 -999.0 -999 -999 "" "" "" "" 0 0 0.0 0.0 -999 ""
FIBERMAP 234 R+3C20 APOGEE 1 1 0 1 0 0 154.32492871086367 51.82180367399268 143.1 -62.041448212229305 150.5013799784763 220.3285 101.29753 276.24708863587176 -34.17298792919082 5.9975705 -0.019253869 0.3480595 276.2471045069829 -34.17296807936806 276.34914495572855 -34.15659252510368 84.68945554269318 165.861710053281 16000.0 16600.0 2016.0 2 69 {-999.0 12.857094 11.665019 11.179916 -999.0} sdss_psfmag_from_g3xp 12.418135 11.651735 10.801229 8.837 63050395231081556 1151996141 bright_1x1 mwm_galactic_core_dist_apogee_sparse mwm_galactic science 0 0 0.0 0.0 -999 ""
FIBERMAP 234 R+3C20 BOSS 0 0 0 1 0 0 153.75215544370946 52.30438725046448 143.1 -62.48456187144395 149.89758639299066 220.3285 101.29753 -999.0 -999.0 -999.0 -999.0 -999.0 276.2454428009621 -34.17474725534363 276.34748455464353 -34.158356176643785 84.68810601340466 165.88096590623024 -999.0 5400.0 -999.0 1 224 {-999.0 -999.0 -999.0 -999.0 -999.0} "" -999.0 -999.0 -999.0 -999.0 -999 -999 "" "" "" "" 0 0 0.0 0.0 -999 ""
FIBERMAP 234 R+3C20 METROLOGY 0 0 0 1 0 0 154.4477795632447 52.56470776632826 143.1 -62.7908867387907 150.5741850225261 220.3285 101.29753 -999.0 -999.0 -999.0 -999.0 -999.0 276.2443257818251 -34.17267331514018 276.34636204983633 -34.15629120857677 84.69034062727299 165.88491192183744 -999.0 6231.0 -999.0 -1 -999 {-999.0 -999.0 -999.0 -999.0 -999.0} "" -999.0 -999.0 -999.0 -999.0 -999 -999 "" "" "" "" 0 0 0.0 0.0 -999 ""
FIBERMAP 243 R-11C12 APOGEE 1 1 0 1 0 0 63.694622204750985 -202.40798826378477 143.1 197.67939532674723 77.10815449596176 181.61621 71.54224 277.19942942348416 -34.39629854568426 -0.60449255 -6.9270606 0.05707526 277.199418404755 -34.39631685398754 277.30181300331265 -34.3774230154198 84.22692278790613 158.86903983706242 16000.0 16600.0 2016.0 2 183 {-999.0 14.783924 13.26207 12.421486 -999.0} sdss_psfmag_from_g3xp 14.14797 13.0726185 12.0224 9.592 63050396520951468 1153148045 bright_1x1 mwm_galactic_core_dist_apogee_sparse mwm_galactic science 0 0 0.0 0.0 -999 ""
FIBERMAP 243 R-11C12 BOSS 0 0 0 1 0 0 63.88069852684378 -201.6717879591172 143.1 196.93240995759697 77.24448982106853 181.61621 71.54224 -999.0 -999.0 -999.0 -999.0 -999.0 277.1967509579963 -34.39591114366955 277.29913540998314 -34.377004245740984 84.22815359371137 158.8877577540082 -999.0 5400.0 -999.0 1 376 {-999.0 -999.0 -999.0 -999.0 -999.0} "" -999.0 -999.0 -999.0 -999.0 -999 -999 "" "" "" "" 0 0 0.0 0.0 -999 ""
FIBERMAP 243 R-11C12 METROLOGY 0 0 0 1 0 0 64.41399430860645 -202.18650425084047 143.1 197.41022752475547 77.81104849582069 181.61621 71.54224 -999.0 -999.0 -999.0 -999.0 -999.0 277.1985171365015 -34.39417557654136 277.3008969464794 -34.3752703502381 84.22920102002125 158.86781154225122 -999.0 6231.0 -999.0 -1 -999 {-999.0 -999.0 -999.0 -999.0 -999.0} "" -999.0 -999.0 -999.0 -999.0 -999 -999 "" "" "" "" 0 0 0.0 0.0 -999 ""
FIBERMAP 244 R-4C15 APOGEE 0 0 0 1 0 0 79.10787279956907 -71.61334862726984 143.1 66.15068820415702 83.72459339250688 29.099068 116.398056 -999.0 -999.0 -999.0 -999.0 -999.0 276.71703706000244 -34.37643564804786 276.8196075371444 -34.35878833938773 84.38373722016854 162.56161965473603 -999.0 16600.0 -999.0 2 199 {-999.0 -999.0 -999.0 -999.0 -999.0} "" -999.0 -999.0 -999.0 -999.0 -999 -999 "" ops_sky_apogee_best_unassigned ops_sky sky_apogee 0 0 0.0 0.0 -999 ""
FIBERMAP 244 R-4C15 BOSS 1 1 0 1 0 0 79.71220878754349 -72.05510091340203 143.1 66.55094942030877 84.35714248484874 29.099068 116.398056 276.71857630522055 -34.37443391479527 -0.48250332 -16.607603 5.0068936 276.7185603716673 -34.374493044399784 276.8211146181627 -34.35682241350529 84.3852061944012 162.54318250145735 5400.0 5400.0 2016.0 1 280 {-999.0 19.155624 19.437975 19.61647 -999.0} sdss_psfmag_gaia 19.375406 19.302721 19.401546 -999.0 63050395230958246 1143361088 dark_2x1 mwm_wd_pwd_boss_2x1 mwm_wd science 0 0 0.0 0.0 -999 ""
FIBERMAP 244 R-4C15 METROLOGY 0 0 0 1 0 0 79.0219950759669 -72.35558120926969 143.1 66.8969800044631 83.68863213323854 29.099068 116.398056 -999.0 -999.0 -999.0 -999.0 -999.0 276.71983812855854 -34.376508417579224 276.822401625093 -34.358839547054764 84.38295597947649 162.53943924213164 -999.0 6231.0 -999.0 -1 -999 {-999.0 -999.0 -999.0 -999.0 -999.0} "" -999.0 -999.0 -999.0 -999.0 -999 -999 "" "" "" "" 0 0 0.0 0.0 -999 ""
FIBERMAP 249 R+8C6 APOGEE 0 0 0 1 0 0 -68.88352752891127 158.9459151308873 143.1 -153.96889563444677 -79.37379225688758 74.3013 37.96278 -999.0 -999.0 -999.0 -999.0 -999.0 275.90288154898536 -34.868066277744056 276.0077303477158 -34.85236734091693 84.07204136194375 170.22692738518703 -999.0 16600.0 -999.0 2 -999 {-999.0 -999.0 -999.0 -999.0 -999.0} "" -999.0 -999.0 -999.0 -999.0 -999 -999 "" "" "" "" 0 0 0.0 0.0 -999 ""
FIBERMAP 249 R+8C6 BOSS 1 1 0 1 0 0 -68.60460471791544 158.2819806699407 143.1 -153.32516048429844 -79.05103035908836 74.3013 37.96278 275.9051513671875 -34.8671545721332 -999.0 -999.0 -999.0 275.9051975805246 -34.86715908316179 276.0100368478354 -34.85143255012673 84.07261798226173 170.20726336599634 5400.0 5400.0 2015.5 1 79 {-999.0 -999.0 -999.0 -999.0 -999.0} "" -999.0 -999.0 -999.0 -999.0 27021603147015784 852437106 "" ops_sky_boss_fallback ops_sky sky_boss 0 0 0.0 0.0 -999 ""
FIBERMAP 249 R+8C6 METROLOGY 0 0 0 1 0 0 -69.35412023844704 158.3645024387934 143.1 -153.35728557810762 -79.80436367257641 74.3013 37.96278 -999.0 -999.0 -999.0 -999.0 -999.0 275.90503406744205 -34.86944429860062 276.00988356083633 -34.85372369375487 84.0703875588533 170.21248050113388 -999.0 6231.0 -999.0 -1 -999 {-999.0 -999.0 -999.0 -999.0 -999.0} "" -999.0 -999.0 -999.0 -999.0 -999 -999 "" "" "" "" 0 0 0.0 0.0 -999 ""
FIBERMAP 253 R+5C3 APOGEE 1 1 0 1 0 0 -183.47739148579936 110.49457880561144 143.1 -97.95172055185313 -190.4605413767306 77.61671 99.85953 276.1074584704851 -35.20566957535021 -4.355319 -2.3932276 0.32867095 276.10744870328324 -35.20565967008244 276.2134937148214 -35.18933080970126 83.7091847865814 169.27408243915676 16000.0 16600.0 2016.0 2 19 {-999.0 12.702464 11.292518 10.387617 -999.0} sdss_psfmag_from_g3xp 12.13689 11.016366 9.968145 7.569 63050396519959786 1153147290 bright_1x1 mwm_galactic_core_dist_apogee_sparse mwm_galactic science 0 0 0.0 0.0 -999 ""
FIBERMAP 253 R+5C3 BOSS 0 0 0 1 0 0 -182.73572197099068 110.49549442091569 143.1 -98.00231687787125 -189.72062545261784 77.61671 99.85953 -999.0 -999.0 -999.0 -999.0 -999.0 276.10725227245183 -35.203492095512644 276.21328325705304 -35.187141238759374 83.71136474807508 169.27164048814674 -999.0 5400.0 -999.0 1 28 {-999.0 -999.0 -999.0 -999.0 -999.0} "" -999.0 -999.0 -999.0 -999.0 -999 -999 "" "" "" "" 0 0 0.0 0.0 -999 ""
FIBERMAP 253 R+5C3 METROLOGY 0 0 0 1 0 0 -183.11954831723062 109.84039380418534 143.1 -97.32299931618016 -190.05969228741822 77.61671 99.85953 -999.0 -999.0 -999.0 -999.0 -999.0 276.1097425817538 -35.20455502982952 276.21577804305764 -35.1882039910765 83.70991689773467 169.2553360227554 -999.0 6231.0 -999.0 -1 -999 {-999.0 -999.0 -999.0 -999.0 -999.0} "" -999.0 -999.0 -999.0 -999.0 -999 -999 "" "" "" "" 0 0 0.0 0.0 -999 ""
FIBERMAP 255 R-5C11 APOGEE 0 0 0 1 0 0 -11.720874216360217 -88.22756688703316 143.1 88.81141486843838 -5.783961379289353 49.53039 154.05508 -999.0 -999.0 -999.0 -999.0 -999.0 276.80048113390535 -34.64815301214374 276.9040377007584 -34.63020850715531 84.10424004875745 162.75918757746376 -999.0 16600.0 -999.0 2 170 {-999.0 -999.0 -999.0 -999.0 -999.0} "" -999.0 -999.0 -999.0 -999.0 -999 -999 "" ops_sky_apogee_best_unassigned ops_sky sky_apogee 0 0 0.0 0.0 -999 ""
FIBERMAP 255 R-5C11 BOSS 1 1 0 1 0 0 -11.009363538271007 -87.93936131531093 143.1 88.47620436471736 -5.093380397506886 49.53039 154.05508 276.79894851691853 -34.646054604314116 -6.2683043 -0.67376155 0.15363611 276.79931575013615 -34.646080563584036 276.9028565739071 -34.62811867455303 84.10652962621744 162.76176010537995 5400.0 5400.0 2016.0 1 409 {-999.0 14.624012 13.9016695 13.565025 -999.0} sdss_psfmag_from_g3xp 14.411246 13.899017 13.206893 11.818 63050396520268924 1071769366 dark_flexible_2x1 mwm_halo_vmp_xp_boss mwm_halo science 0 0 1.1521906852722168 0.0 -999 ""
FIBERMAP 255 R-5C11 METROLOGY 0 0 0 1 0 0 -11.109903903891757 -88.6725114575825 143.1 89.21441666650273 -5.144579255816964 49.53039 154.05508 -999.0 -999.0 -999.0 -999.0 -999.0 276.80204556946046 -34.64623014672044 276.9055879404616 -34.62826714297068 84.10568048492313 162.74144359607922 -999.0 6231.0 -999.0 -1 -999 {-999.0 -999.0 -999.0 -999.0 -999.0} "" -999.0 -999.0 -999.0 -999.0 -999 -999 "" "" "" "" 0 0 0.0 0.0 -999 ""
FIBERMAP 266 R-11C1 APOGEE 1 1 0 1 0 0 -151.44221632561423 -212.09871624724337 143.1 221.75955295331045 -136.88864927084157 28.933298 89.317345 277.2906547184295 -35.043712657720185 -1.8442457 8.518048 3.3116379 277.29064457324966 -35.04368828576666 277.395451070514 -35.02436326062126 83.5972951046481 160.44975554344956 16000.0 16600.0 2016.0 2 260 {-999.0 12.389823 11.866096 11.702565 -999.0} sdss_psfmag_from_g3xp 12.274687 11.905643 11.368579 10.426 63050396520095357 1076261511 bright_1x1 mwm_snc_ext_main_apogee mwm_snc science 0 0 0.0 0.0 -999 ""
FIBERMAP 266 R-11C1 BOSS 0 0 0 1 0 0 -151.189811625272 -212.81244700528987 143.1 222.4547471706933 -136.58900923397167 28.933298 89.317345 -999.0 -999.0 -999.0 -999.0 -999.0 277.2932125205155 -35.0427909428899 277.39800368564227 -35.02343711849998 83.59741268133995 160.42928004580557 -999.0 5400.0 -999.0 1 354 {-999.0 -999.0 -999.0 -999.0 -999.0} "" -999.0 -999.0 -999.0 -999.0 -999 -999 "" "" "" "" 0 0 0.0 0.0 -999 ""
FIBERMAP 266 R-11C1 METROLOGY 0 0 0 1 0 0 -151.93213766085498 -212.656751110019 143.1 222.3491333030279 -137.34007123947725 28.933298 89.317345 -999.0 -999.0 -999.0 -999.0 -999.0 277.2928753859238 -35.04507927646646 277.397678477465 -35.02573198501125 83.59536482047815 160.4388683017378 -999.0 6231.0 -999.0 -1 -999 {-999.0 -999.0 -999.0 -999.0 -999.0} "" -999.0 -999.0 -999.0 -999.0 -999 -999 "" "" "" "" 0 0 0.0 0.0 -999 ""
FIBERMAP 267 R-9C2 APOGEE 0 0 0 1 0 0 -165.77788786332226 -187.2692441201715 143.1 197.94704876053672 -152.85488273532815 277.20886 119.92006 -999.0 -999.0 -999.0 -999.0 -999.0 277.20313309775304 -35.092464401553286 277.30817359552873 -35.07334943353283 83.57648905851399 161.2026518571619 -999.0 16600.0 -999.0 2 -999 {-999.0 -999.0 -999.0 -999.0 -999.0} "" -999.0 -999.0 -999.0 -999.0 -999 -999 "" "" "" "" 0 0 0.0 0.0 -999 ""
FIBERMAP 267 R-9C2 BOSS 1 1 0 1 0 0 -166.32402278974604 -187.73140067004744 143.1 198.44473518549242 -153.36881270953222 277.20886 119.92006 277.2049980816018 -35.09402803721889 -2.9733584 -3.7003813 0.08740407 277.20499266255894 -35.09403662412094 277.3100280287956 -35.07489372361533 83.57451658099392 161.1946706529375 5400.0 5400.0 2016.0 1 457 {-999.0 17.82208 17.38789 17.210127 17.129448} sdss_psfmag_from_gaia 17.7676 17.4021 16.9008 16.451 63050396520094037 973857714 "" ops_std_boss_gdr2 ops_std standard_boss 0 0 0.0 0.0 -999 ""
FIBERMAP 267 R-9C2 METROLOGY 0 0 0 1 0 0 -166.4733062638089 -186.99376006426132 143.1 197.71877781229946 -153.56716847800053 277.20886 119.92006 -999.0 -999.0 -999.0 -999.0 -999.0 277.20236069018836 -35.09467284252191 277.30740279706015 -35.07554293717207 83.57464670874549 161.21469262636003 -999.0 6231.0 -999.0 -1 -999 {-999.0 -999.0 -999.0 -999.0 -999.0} "" -999.0 -999.0 -999.0 -999.0 -999 -999 "" "" "" "" 0 0 0.0 0.0 -999 ""
FIBERMAP 274 R+2C17 APOGEE 1 1 0 1 0 0 110.4027574153821 33.51883107530627 143.1 -40.83798814027924 107.90550084877526 49.315693 36.44936 276.3240051269531 -34.302212088481426 -999.0 -999.0 -999.0 276.323992694979 -34.30221124091968 276.4264818440422 -34.285598420910624 84.54823009298542 165.56250440720055 16000.0 16600.0 2015.5 2 61 {-999.0 -999.0 -999.0 -999.0 -999.0} "" -999.0 -999.0 -999.0 -999.0 27021603147017407 848144239 "" ops_sky_apogee_best ops_sky sky_apogee 0 0 0.0 0.0 -999 ""
FIBERMAP 274 R+2C17 BOSS 0 0 0 1 0 0 110.25000732431748 32.79605779692186 143.1 -40.10663161166025 107.80151626797662 49.315693 36.44936 -999.0 -999.0 -999.0 -999.0 -999.0 276.32665840966007 -34.302498210221046 276.4291407626638 -34.285858692168446 84.54739891352995 165.54092693212488 -999.0 5400.0 -999.0 1 207 {-999.0 -999.0 -999.0 -999.0 -999.0} "" -999.0 -999.0 -999.0 -999.0 -999 -999 "" "" "" "" 0 0 0.0 0.0 -999 ""
FIBERMAP 274 R+2C17 METROLOGY 0 0 0 1 0 0 109.69949980867803 33.27355214675701 143.1 -40.546159189677695 107.22027854662363 49.315693 36.44936 -999.0 -999.0 -999.0 -999.0 -999.0 276.3250259801036 -34.304238300656806 276.4275175739191 -34.28760805067356 84.54606586787301 165.55939954223942 -999.0 6231.0 -999.0 -1 -999 {-999.0 -999.0 -999.0 -999.0 -999.0} "" -999.0 -999.0 -999.0 -999.0 -999 -999 "" "" "" "" 0 0 0.0 0.0 -999 ""
FIBERMAP 280 R-3C15 APOGEE 0 0 0 1 0 0 53.50385012512182 -66.38924743621541 143.1 62.65366359278074 57.829040032892244 206.52544 155.00403 -999.0 -999.0 -999.0 -999.0 -999.0 276.7041518415894 -34.454987859731276 276.8070257788287 -34.4373498701248 84.31242695942343 162.91256603217045 -999.0 16600.0 -999.0 2 -999 {-999.0 -999.0 -999.0 -999.0 -999.0} "" -999.0 -999.0 -999.0 -999.0 -999 -999 "" "" "" "" 0 0 0.0 0.0 -999 ""
FIBERMAP 280 R-3C15 BOSS 1 1 0 1 0 0 52.73335840924506 -66.39249454077239 143.1 62.70851682380992 57.06052385218037 206.52544 155.00403 276.7040094321397 -34.45728689896202 -1.8162748 -6.6478744 0.061974734 276.70440512091545 -34.457307427458595 276.8072796327418 -34.439647776720456 84.31017817145226 162.9177804893929 5400.0 5400.0 2016.0 1 328 {-999.0 14.668776 13.788658 13.394173 -999.0} sdss_psfmag_from_g3xp 14.394174 13.783646 13.029221 11.44 63050395230952881 1071886275 dark_flexible_2x1 mwm_halo_mp_xp_boss mwm_halo science 0 0 1.201821208000183 0.0 -999 ""
FIBERMAP 280 R-3C15 METROLOGY 0 0 0 1 0 0 53.115065786753114 -65.75022869233125 143.1 62.042146690546495 57.398336325797295 206.52544 155.00403 -999.0 -999.0 -999.0 -999.0 -999.0 276.7019572597614 -34.45626838018065 276.8048313905284 -34.43862110137289 84.31178242776629 162.93391261443426 -999.0 6231.0 -999.0 -1 -999 {-999.0 -999.0 -999.0 -999.0 -999.0} "" -999.0 -999.0 -999.0 -999.0 -999 -999 "" "" "" "" 0 0 0.0 0.0 -999 ""
FIBERMAP 284 R-1C5 APOGEE 1 1 0 1 0 0 -168.52336906048575 -17.38676155257812 143.1 28.63609808923855 -166.97415125478867 81.11383 19.514349 276.57706799166107 -35.13666470398211 -3.4467344 -11.239933 0.119524464 276.57703302942207 -35.136727040081325 276.6825732022389 -35.11920926663797 83.6886071633961 165.7261540767422 16000.0 16600.0 2016.0 2 281 {-999.0 14.2674265 12.938804 12.326279 -999.0} sdss_psfmag_from_g3xp 13.744688 12.858999 11.936286 9.772 63050396520144509 1153147271 bright_1x1 mwm_galactic_core_dist_apogee_sparse mwm_galactic science 0 0 0.0 0.0 -999 ""
FIBERMAP 284 R-1C5 BOSS 0 0 0 1 0 0 -168.51180629760177 -18.136388997491146 143.1 29.383240557112188 -166.91239899048892 81.11383 19.514349 -999.0 -999.0 -999.0 -999.0 -999.0 276.57982479004266 -35.136630388319126 276.68535549320916 -35.11908257510735 83.6881290610678 165.70588218240837 -999.0 5400.0 -999.0 1 462 {-999.0 -999.0 -999.0 -999.0 -999.0} "" -999.0 -999.0 -999.0 -999.0 -999 -999 "" "" "" "" 0 0 0.0 0.0 -999 ""
FIBERMAP 284 R-1C5 METROLOGY 0 0 0 1 0 0 -169.16167294548188 -17.766283253476704 143.1 29.057512406462134 -167.5855754128077 81.11383 19.514349 -999.0 -999.0 -999.0 -999.0 -999.0 276.5786125442401 -35.13867764063283 276.6841539237481 -35.12113880538037 83.68640500201899 165.71943785757387 -999.0 6231.0 -999.0 -1 -999 {-999.0 -999.0 -999.0 -999.0 -999.0} "" -999.0 -999.0 -999.0 -999.0 -999 -999 "" "" "" "" 0 0 0.0 0.0 -999 ""
FIBERMAP 286 R-5C13 APOGEE 1 0 1 1 0 0 34.426470615282916 -89.3364003564729 143.1 86.82640980038782 40.332368083188044 10.026867 169.98499 276.8127985335867 -34.47156111765729 -3.8731618 -4.858972 0.07760189 276.7931242913732 -34.50815293615625 276.89615365282 -34.49026986630503 84.2389773538733 162.38149778503907 16000.0 16600.0 2016.0 2 162 {-999.0 15.028294 13.831961 13.325557 -999.0} sdss_psfmag_from_g3xp 14.585356 13.804497 12.946146 10.972 63050396520278515 1153147483 bright_1x1 mwm_galactic_core_dist_apogee_sparse mwm_galactic science 0 0 0.0 0.0 -999 ""
FIBERMAP 286 R-5C13 BOSS 0 0 1 1 0 0 35.16564079474236 -89.31813080996115 143.1 86.75866656429902 41.06862787318949 10.026867 169.98499 -999.0 -999.0 -999.0 -999.0 -999.0 276.7929416764975 -34.5059154280355 276.8959542306328 -34.48801302444546 84.24116741597223 162.37582629689135 -999.0 5400.0 -999.0 1 392 {-999.0 -999.0 -999.0 -999.0 -999.0} "" -999.0 -999.0 -999.0 -999.0 -999 -999 "" "" "" "" 0 0 0.0 0.0 -999 ""
FIBERMAP 286 R-5C13 METROLOGY 0 0 1 1 0 0 34.809959485160924 -89.97393475870275 143.1 87.43680047948473 40.757688971616034 10.026867 169.98499 -999.0 -999.0 -999.0 -999.0 -999.0 276.7954461994137 -34.506850485971434 276.89846338241637 -34.48894715693713 84.23961818882326 162.3593026707296 -999.0 6231.0 -999.0 -1 -999 {-999.0 -999.0 -999.0 -999.0 -999.0} "" -999.0 -999.0 -999.0 -999.0 -999 -999 "" "" "" "" 0 0 0.0 0.0 -999 ""
FIBERMAP 290 R+8C13 APOGEE 0 0 0 1 0 0 50.69088006318887 145.96580621994616 143.1 -149.02842824073653 40.79729306995764 252.05565 67.259384 -999.0 -999.0 -999.0 -999.0 -999.0 275.9247453603404 -34.5038016361663 276.02819464064896 -34.48815674188686 84.42658308475414 169.37775662826533 -999.0 16600.0 -999.0 2 -999 {-999.0 -999.0 -999.0 -999.0 -999.0} "" -999.0 -999.0 -999.0 -999.0 -999 -999 "" "" "" "" 0 0 0.0 0.0 -999 ""
FIBERMAP 290 R+8C13 BOSS 1 1 0 1 0 0 50.10433811192692 146.45955596447808 143.1 -149.48176025665623 40.17901421926067 252.05565 67.259384 275.92300415039057 -34.50565890270482 -999.0 -999.0 -999.0 275.92298791939305 -34.50566862228598 276.0264401865287 -34.49000716309307 84.42505090489425 169.39607952749287 5400.0 5400.0 2015.5 1 157 {-999.0 -999.0 -999.0 -999.0 -999.0} "" -999.0 -999.0 -999.0 -999.0 27021603147017960 852087150 "" ops_sky_boss_fallback ops_sky sky_boss 0 0 0.0 0.0 -999 ""
FIBERMAP 290 R+8C13 METROLOGY 0 0 0 1 0 0 50.83086896943115 146.7005859984684 143.1 -149.77090903091386 40.88774129404846 252.05565 67.259384 -999.0 -999.0 -999.0 -999.0 -999.0 275.9219283228522 -34.50350161984421 276.02537429089034 -34.48784937410632 84.42733867643686 169.40061435354076 -999.0 6231.0 -999.0 -1 -999 {-999.0 -999.0 -999.0 -999.0 -999.0} "" -999.0 -999.0 -999.0 -999.0 -999 -999 "" "" "" "" 0 0 0.0 0.0 -999 ""
FIBERMAP 294 R+11C8 APOGEE 1 1 0 1 0 0 8.262586611080739 206.77307302103372 143.1 -206.85477455264325 -5.607536680511839 38.11652 47.144394 275.71098986019473 -34.642830586100395 1.1806641 -6.2970014 0.18866347 275.7109480156031 -34.64284622852521 275.8150300401812 -34.62771069897066 84.3203578656765 171.39245581088818 16000.0 16600.0 2016.0 2 129 {-999.0 14.039248 12.640031 11.971917 -999.0} sdss_psfmag_from_g3xp 13.472718 12.527696 11.570697 9.311 63050395230778684 1151995887 bright_1x1 mwm_galactic_core_dist_apogee_sparse mwm_galactic science 0 0 0.0 0.0 -999 ""
FIBERMAP 294 R+11C8 BOSS 0 0 0 1 0 0 8.217577854672484 206.0183637627209 143.1 -206.09877226555008 -5.601886437723454 38.11652 47.144394 -999.0 -999.0 -999.0 -999.0 -999.0 275.7136588769371 -34.64287568329995 275.81773556928954 -34.62771209191942 84.3200019370254 171.37025053540947 -999.0 5400.0 -999.0 1 116 {-999.0 -999.0 -999.0 -999.0 -999.0} "" -999.0 -999.0 -999.0 -999.0 -999 -999 "" "" "" "" 0 0 0.0 0.0 -999 ""
FIBERMAP 294 R+11C8 METROLOGY 0 0 0 1 0 0 7.5931696252463325 206.44158015683308 143.1 -206.4791952876896 -6.253220294603922 38.11652 47.144394 -999.0 -999.0 -999.0 -999.0 -999.0 275.712202500845 -34.64483132229896 275.81628852540325 -34.62967685850689 84.3182519784334 171.38528809514102 -999.0 6231.0 -999.0 -1 -999 {-999.0 -999.0 -999.0 -999.0 -999.0} "" -999.0 -999.0 -999.0 -999.0 -999 -999 "" "" "" "" 0 0 0.0 0.0 -999 ""
FIBERMAP 300 R-4C2 APOGEE 0 0 0 1 0 0 -211.95614054318108 -78.52025189658383 143.1 92.53956637797596 -206.21262560598336 348.50195 123.8825 -999.0 -999.0 -999.0 -999.0 -999.0 276.81356894910687 -35.255061105056384 276.91944166857104 -35.23689853527757 83.52200067561992 164.34736760572355 -999.0 16600.0 -999.0 2 -999 {-999.0 -999.0 -999.0 -999.0 -999.0} "" -999.0 -999.0 -999.0 -999.0 -999 -999 "" "" "" "" 0 0 0.0 0.0 -999 ""
FIBERMAP 300 R-4C2 BOSS 1 1 0 1 0 0 -211.6572574812701 -79.22221570310779 143.1 93.21990700969582 -205.86740149853864 348.50195 123.8825 276.81611702352984 -35.254080908015865 1.9188253 1.0910798 1.1659715 276.8161202730461 -35.25407487295445 276.9219792256084 -35.23588272820229 83.52237403531119 164.3271779240431 5400.0 5400.0 2016.0 1 453 {-999.0 17.087801 17.534254 17.823767 -999.0} sdss_psfmag_gaia 17.025654 17.33398 17.3111 -999.0 63050396520036481 1143422042 dark_2x1 mwm_wd_pwd_boss_2x1 mwm_wd science 0 0 0.0 0.0 -999 ""
FIBERMAP 300 R-4C2 METROLOGY 0 0 0 1 0 0 -212.39941617850545 -79.12275079942422 143.1 93.17038462262401 -206.61452975779403 348.50195 123.8825 -999.0 -999.0 -999.0 -999.0 -999.0 276.81594669914256 -35.25635202773704 276.9218169678775 -35.23816623698242 83.52022640539974 164.33415443001698 -999.0 6231.0 -999.0 -1 -999 {-999.0 -999.0 -999.0 -999.0 -999.0} "" -999.0 -999.0 -999.0 -999.0 -999 -999 "" "" "" "" 0 0 0.0 0.0 -999 ""
FIBERMAP 303 R-1C21 APOGEE 0 0 0 1 0 0 167.23097275060215 -4.868460821291512 143.1 -6.345080336413537 167.17553189252965 104.70594 105.435905 -999.0 -999.0 -999.0 -999.0 -999.0 276.45146558090244 -34.12318037450605 276.55321703420805 -34.106293525278375 84.69135409575058 163.95708844907438 -999.0 16600.0 -999.0 2 -999 {-999.0 -999.0 -999.0 -999.0 -999.0} "" -999.0 -999.0 -999.0 -999.0 -999 -999 "" "" "" "" 0 0 0.0 0.0 -999 ""
FIBERMAP 303 R-1C21 BOSS 1 1 0 1 0 0 167.87670817672895 -4.478912402428584 143.1 -6.776996316295096 167.7936989675966 104.70594 105.435905 276.4499012333717 -34.12126632821781 -4.359421 -0.69241923 0.8997517 276.4498954016202 -34.12126211647696 276.5516334196958 -34.10436083889924 84.69358529416677 163.96455010868434 5400.0 5400.0 2016.0 1 324 {-999.0 18.685665 18.88744 19.021675 -999.0} sdss_psfmag_gaia 18.768229 18.779495 18.682762 -999.0 63050395231016809 1143361137 dark_2x1 mwm_wd_pwd_boss_2x1 mwm_wd science 0 0 0.0 0.0 -999 ""
FIBERMAP 303 R-1C21 METROLOGY 0 0 0 1 0 0 167.88526172324796 -5.2309579344802675 143.1 -6.027239697847725 167.8526108639204 104.70594 105.435905 -999.0 -999.0 -999.0 -999.0 -999.0 276.4526399767537 -34.121065348277355 276.55437786125026 -34.10416246307507 84.69311159289812 163.9404236550463 -999.0 6231.0 -999.0 -1 -999 {-999.0 -999.0 -999.0 -999.0 -999.0} "" -999.0 -999.0 -999.0 -999.0 -999 -999 "" "" "" "" 0 0 0.0 0.0 -999 ""
FIBERMAP 306 R+4C10 APOGEE 0 0 0 1 0 0 -25.74771442734828 76.89534036210392 143.1 -74.99510705204071 -30.840014993306152 41.163815 65.585846 -999.0 -999.0 -999.0 -999.0 -999.0 276.1953956844243 -34.72279800774039 276.29954432483294 -34.70638897715933 84.16599741709605 167.64575779324792 -999.0 16600.0 -999.0 2 -999 {-999.0 -999.0 -999.0 -999.0 -999.0} "" -999.0 -999.0 -999.0 -999.0 -999 -999 "" "" "" "" 0 0 0.0 0.0 -999 ""
FIBERMAP 306 R+4C10 BOSS 1 1 0 1 0 0 -25.535902226621875 76.18970636182254 143.1 -74.30527191643961 -30.58141722067361 41.163815 65.585846 276.1979239054062 -34.722030281745695 -0.5353772 -9.1421 0.8384026 276.197899922662 -34.722065016876556 276.30203844000744 -34.705628419501245 84.16627093329228 167.62441163577427 5400.0 5400.0 2016.0 1 76 {-999.0 18.914694 19.477688 19.882069 -999.0} sdss_psfmag_gaia 19.241243 19.219677 19.763401 -999.0 63050395230898596 1143361492 dark_2x1 mwm_wd_pwd_boss_2x1 mwm_wd science 0 0 0.0 0.0 -999 ""
FIBERMAP 306 R+4C10 METROLOGY 0 0 0 1 0 0 -26.25460163755182 76.345282571569 143.1 -74.41234906697697 -31.30889849255508 41.163815 65.585846 -999.0 -999.0 -999.0 -999.0 -999.0 276.1974796757469 -34.724268725075596 276.3016285289941 -34.70783858249964 84.16419573582472 167.63259404638967 -999.0 6231.0 -999.0 -1 -999 {-999.0 -999.0 -999.0 -999.0 -999.0} "" -999.0 -999.0 -999.0 -999.0 -999 -999 "" "" "" "" 0 0 0.0 0.0 -999 ""
FIBERMAP 313 R-10C2 APOGEE 0 0 0 1 0 0 -137.96956992070363 -193.44437658426787 143.1 202.24527382884722 -124.69635613251177 44.960453 67.359665 -999.0 -999.0 -999.0 -999.0 -999.0 277.2188494584854 -35.00733189080522 277.3235553103443 -34.98820241847336 83.65195781497823 160.83050816200904 -999.0 16600.0 -999.0 2 -999 {-999.0 -999.0 -999.0 -999.0 -999.0} "" -999.0 -999.0 -999.0 -999.0 -999 -999 "" "" "" "" 0 0 0.0 0.0 -999 ""
FIBERMAP 313 R-10C2 BOSS 1 1 0 1 0 0 -137.7201872831391 -194.21274271585114 143.1 202.9951812003946 -124.39607136023366 44.960453 67.359665 277.2216914709875 -35.00643158492507 -6.2416096 -2.3909364 0.28529787 277.2216468172726 -35.00644560150076 277.32633755930055 -34.987286867182036 83.6520158565695 160.80829779548924 5400.0 5400.0 2016.0 1 515 {-999.0 18.234385 17.82923 17.700853 -999.0} sdss_psfmag_gaia 18.173113 17.854204 17.3789 15.971 63050396520097798 977445931 "" ops_std_boss ops_std standard_boss 0 0 0.0 0.0 -999 ""
FIBERMAP 313 R-10C2 METROLOGY 0 0 0 1 0 0 -138.43462528608111 -194.03022786567786 143.1 202.86094141260932 -125.12110550723534 44.960453 67.359665 -999.0 -999.0 -999.0 -999.0 -999.0 277.22119486083363 -35.008653672822696 277.32589719396776 -34.98950175416598 83.65006828143227 160.81837908741775 -999.0 6231.0 -999.0 -1 -999 {-999.0 -999.0 -999.0 -999.0 -999.0} "" -999.0 -999.0 -999.0 -999.0 -999 -999 "" "" "" "" 0 0 0.0 0.0 -999 ""
FIBERMAP 316 R-2C11 APOGEE 1 1 0 1 0 0 -62.23577788211233 -46.018000387338226 143.1 50.08203890466232 -59.01113145630142 241.76524 68.68275 276.65728993624754 -34.80968920558531 2.4028094 -8.2982235 0.38394544 276.65731725076597 -34.80970261281516 276.76156292477697 -34.79207747947701 83.98521205621962 164.30598219340354 16000.0 16600.0 2016.0 2 299 {-999.0 12.454365 11.039368 10.300631 -999.0} sdss_psfmag_from_g3xp 11.880457 10.886768 9.903 7.694 63050396520200019 1153147359 bright_1x1 mwm_galactic_core_dist_apogee_sparse mwm_galactic science 0 0 0.0 0.0 -999 ""
FIBERMAP 316 R-2C11 BOSS 0 0 0 1 0 0 -62.729396363967794 -45.455808386812706 143.1 49.55419605874366 -59.54128365490978 241.76524 68.68275 -999.0 -999.0 -999.0 -999.0 -999.0 276.65540635457165 -34.81136739993104 276.7596514479292 -34.79372503376829 83.9840861376264 164.32485317723237 -999.0 5400.0 -999.0 1 495 {-999.0 -999.0 -999.0 -999.0 -999.0} "" -999.0 -999.0 -999.0 -999.0 -999 -999 "" "" "" "" 0 0 0.0 0.0 -999 ""
FIBERMAP 316 R-2C11 METROLOGY 0 0 0 1 0 0 -61.995012583610205 -45.30734986314298 143.1 49.35688152592189 -58.81852041449643 241.76524 68.68275 -999.0 -999.0 -999.0 -999.0 -999.0 276.65468437310534 -34.80917190084882 276.75892370678264 -34.79153819994547 83.98635245303913 164.32431103691601 -999.0 6231.0 -999.0 -1 -999 {-999.0 -999.0 -999.0 -999.0 -999.0} "" -999.0 -999.0 -999.0 -999.0 -999 -999 "" "" "" "" 0 0 0.0 0.0 -999 ""
FIBERMAP 318 R-5C18 APOGEE 1 1 0 1 0 0 141.43282869348096 -116.69092390424935 143.1 106.95039978564019 148.9269904500311 309.03885 53.686203 276.8664000314847 -34.179112684972424 -2.7843266 -4.5115585 0.0031667748 276.8663910615937 -34.17911121573562 276.96814176335147 -34.16113953886688 84.52913147336841 160.68100785846764 16000.0 16600.0 2016.0 2 216 {-999.0 18.861683 17.99014 13.100831 -999.0} sdss_psfmag_gaia 16.726696 13.639291 12.139239 8.082 63050395230988492 1154351256 bright_1x1 mwm_galactic_core_dist_apogee_sparse mwm_galactic science 0 0 0.0 0.0 -999 ""
FIBERMAP 318 R-5C18 BOSS 0 0 0 1 0 0 140.69125932358114 -116.74875143270984 143.1 107.05777146131268 148.19098684547333 309.03885 53.686203 -999.0 -999.0 -999.0 -999.0 -999.0 276.8668432593815 -34.181306168963694 276.96859329147844 -34.16331341018497 84.52696415635353 160.68530670053465 -999.0 5400.0 -999.0 1 308 {-999.0 -999.0 -999.0 -999.0 -999.0} "" -999.0 -999.0 -999.0 -999.0 -999 -999 "" "" "" "" 0 0 0.0 0.0 -999 ""
FIBERMAP 318 R-5C18 METROLOGY 0 0 0 1 0 0 140.98761879736273 -116.07128517418637 143.1 106.36199850142734 148.44128815474093 309.03885 53.686203 -999.0 -999.0 -999.0 -999.0 -999.0 276.86430885253355 -34.18052195599193 276.96605971136273 -34.16254141213017 84.52841998863938 160.70307558358994 -999.0 6231.0 -999.0 -1 -999 {-999.0 -999.0 -999.0 -999.0 -999.0} "" -999.0 -999.0 -999.0 -999.0 -999 -999 "" "" "" "" 0 0 0.0 0.0 -999 ""
FIBERMAP 342 R+6C13 APOGEE 0 0 0 1 0 0 25.96326197019907 120.86046552300057 143.1 -122.32392157792977 17.807846821687104 211.63528 62.56096 -999.0 -999.0 -999.0 -999.0 -999.0 276.022160811769 -34.5741548341932 276.1258295165378 -34.558237426660156 84.34171864696812 168.71704730196737 -999.0 16600.0 -999.0 2 -999 {-999.0 -999.0 -999.0 -999.0 -999.0} "" -999.0 -999.0 -999.0 -999.0 -999 -999 "" "" "" "" 0 0 0.0 0.0 -999 ""
FIBERMAP 342 R+6C13 BOSS 1 1 0 1 0 0 25.89242229452316 121.61205408157906 143.1 -123.06904985558847 17.686821525128394 211.63528 62.56096 276.01896999224084 -34.574496262295305 3.6822357 -4.3011665 0.06461976 276.0193456673431 -34.57451685340214 276.12301178568555 -34.55858580741318 84.341859455179 168.74080447804766 5400.0 5400.0 2016.0 1 155 {-999.0 15.0941105 14.3077135 13.947175 -999.0} sdss_psfmag_from_g3xp 14.863776 14.301591 13.58404 12.053 63050395230913756 1071772973 dark_flexible_2x1 mwm_halo_vmp_xp_boss mwm_halo science 0 0 1.0449076890945435 0.0 -999 ""
FIBERMAP 342 R+6C13 METROLOGY 0 0 0 1 0 0 26.574246878284253 121.2919694730268 143.1 -122.79536949938151 18.388532160215913 211.63528 62.56096 -999.0 -999.0 -999.0 -999.0 -999.0 276.02035606226275 -34.572385390038576 276.12401509427957 -34.55645828177057 84.34376930260008 168.7281276206624 -999.0 6231.0 -999.0 -1 -999 {-999.0 -999.0 -999.0 -999.0 -999.0} "" -999.0 -999.0 -999.0 -999.0 -999 -999 "" "" "" "" 0 0 0.0 0.0 -999 ""
FIBERMAP 351 R0C11 APOGEE 1 1 0 1 0 0 -59.14032312140999 -13.49917433140086 143.1 17.43005287629772 -58.10110375581436 320.76782 96.23731 276.5366219403684 -34.80676631740544 -3.1251593 -8.6370325 0.07633052 276.53658359636574 -34.80677543582354 276.64088009558986 -34.78946201348478 84.01546951930297 165.20928546868296 16000.0 16600.0 2016.0 2 251 {-999.0 15.033036 13.71273 13.079887 -999.0} sdss_psfmag_from_g3xp 14.518023 13.621313 12.689253 10.495 63050396520193987 1153147334 bright_1x1 mwm_galactic_core_dist_apogee_sparse mwm_galactic science 0 0 0.0 0.0 -999 ""
FIBERMAP 351 R0C11 BOSS 0 0 0 1 0 0 -59.55099681768888 -14.131773946933102 143.1 18.088719221550363 -58.46846397576483 320.76782 96.23731 -999.0 -999.0 -999.0 -999.0 -999.0 276.53903694379034 -34.80795316888264 276.64332923158315 -34.790611431491484 84.01381638831404 165.19372158929045 -999.0 5400.0 -999.0 1 519 {-999.0 -999.0 -999.0 -999.0 -999.0} "" -999.0 -999.0 -999.0 -999.0 -999 -999 "" "" "" "" 0 0 0.0 0.0 -999 ""
FIBERMAP 351 R0C11 METROLOGY 0 0 0 1 0 0 -59.8816537240487 -13.470014813605756 143.1 17.45061998819766 -58.84269620767299 320.76782 96.23731 -999.0 -999.0 -999.0 -999.0 -999.0 276.5366726233591 -34.80908375050298 276.64097255486047 -34.79175388721278 84.01324328340596 165.21455823737506 -999.0 6231.0 -999.0 -1 -999 {-999.0 -999.0 -999.0 -999.0 -999.0} "" -999.0 -999.0 -999.0 -999.0 -999 -999 "" "" "" "" 0 0 0.0 0.0 -999 ""
FIBERMAP 357 R-9C9 APOGEE 1 1 0 1 0 0 -13.77675383000967 -189.79620440993565 143.1 190.2860236572555 -1.0312918169734502 277.1448 99.896286 277.1737581635823 -34.63309558927677 -3.219668 -5.6535196 0.07343548 277.17373129776286 -34.63311355437807 277.2770351834207 -34.61421379013776 84.01487883494342 159.9172707312652 16000.0 16600.0 2016.0 2 166 {-999.0 14.787471 13.375543 12.471426 -999.0} sdss_psfmag_from_g3xp 14.22333 13.102055 12.05004 9.634 63050396520243018 1153147541 bright_1x1 mwm_galactic_core_dist_apogee_sparse mwm_galactic science 0 0 0.0 0.0 -999 ""
FIBERMAP 357 R-9C9 BOSS 0 0 0 1 0 0 -14.473565976630228 -190.0245794970568 143.1 190.56055556854724 -1.711215716483987 277.1448 99.896286 -999.0 -999.0 -999.0 -999.0 -999.0 277.17482953947126 -34.635192398820834 277.2781307565988 -34.61626823750724 84.01263704257495 159.9164089891077 -999.0 5400.0 -999.0 1 399 {-999.0 -999.0 -999.0 -999.0 -999.0} "" -999.0 -999.0 -999.0 -999.0 -999 -999 "" "" "" "" 0 0 0.0 0.0 -999 ""
FIBERMAP 357 R-9C9 METROLOGY 0 0 0 1 0 0 -14.329555142561567 -189.2980126390455 143.1 189.8259995395429 -1.6162045759621761 277.1448 99.896286 -999.0 -999.0 -999.0 -999.0 -999.0 277.1721624454806 -34.63490712911201 277.275466827483 -34.61599584492452 84.01369026742643 159.93502824773492 -999.0 6231.0 -999.0 -1 -999 {-999.0 -999.0 -999.0 -999.0 -999.0} "" -999.0 -999.0 -999.0 -999.0 -999 -999 "" "" "" "" 0 0 0.0 0.0 -999 ""
FIBERMAP 374 R+10C5 APOGEE 0 0 0 1 0 0 -79.1579799450537 186.57293834303607 143.1 -180.84461986757836 -91.4754747771532 322.55585 119.3296 -999.0 -999.0 -999.0 -999.0 -999.0 275.80356736392685 -34.90382268621947 275.9086018935873 -34.88836908925084 84.05067572127882 171.0614097123451 -999.0 16600.0 -999.0 2 -999 {-999.0 -999.0 -999.0 -999.0 -999.0} "" -999.0 -999.0 -999.0 -999.0 -999 -999 "" "" "" "" 0 0 0.0 0.0 -999 ""
FIBERMAP 374 R+10C5 BOSS 1 1 0 1 0 0 -79.2769867982417 185.8245409699247 143.1 -180.08995809517455 -91.54407661007706 322.55585 119.3296 275.8062744140625 -34.904102027835066 -999.0 -999.0 -999.0 275.80628791840127 -34.90410322483969 275.91131766863873 -34.888620482451906 84.05005838096544 171.0406182302263 5400.0 5400.0 2015.5 1 152 {-999.0 -999.0 -999.0 -999.0 -999.0} "" -999.0 -999.0 -999.0 -999.0 27021603147015736 852086976 "" ops_sky_boss_fallback ops_sky sky_boss 0 0 0.0 0.0 -999 ""
FIBERMAP 374 R+10C5 METROLOGY 0 0 0 1 0 0 -79.84906037600841 186.28674600430645 143.1 -180.51278658034173 -92.14580698919823 322.55585 119.3296 -999.0 -999.0 -999.0 -999.0 -999.0 275.8046820253548 -34.905916234320735 275.90972079922585 -34.89044332661398 84.04847808128685 171.05599426189505 -999.0 6231.0 -999.0 -1 -999 {-999.0 -999.0 -999.0 -999.0 -999.0} "" -999.0 -999.0 -999.0 -999.0 -999 -999 "" "" "" "" 0 0 0.0 0.0 -999 ""
FIBERMAP 391 R+1C10 APOGEE 0 0 0 1 0 0 -65.68832996950329 11.789322517033774 143.1 -7.362107115769243 -66.3281905730678 342.0024 103.09102 -999.0 -999.0 -999.0 -999.0 -999.0 276.4447879128113 -34.831527642984405 276.5492257697126 -34.81444309863894 84.01132934257612 165.96856946600377 -999.0 16600.0 -999.0 2 -999 {-999.0 -999.0 -999.0 -999.0 -999.0} "" -999.0 -999.0 -999.0 -999.0 -999 -999 "" "" "" "" 0 0 0.0 0.0 -999 ""
FIBERMAP 391 R+1C10 BOSS 1 1 0 1 0 0 -65.75539294190158 11.028320991245726 143.1 -6.598349555034081 -66.34412272043555 342.0024 103.09102 276.4476013183594 -34.83164382116172 -999.0 -999.0 -999.0 276.4476150814321 -34.83164634676525 276.55204486472894 -34.81453274940356 84.01064458356919 165.947362445319 5400.0 5400.0 2015.5 1 30 {-999.0 -999.0 -999.0 -999.0 -999.0} "" -999.0 -999.0 -999.0 -999.0 27021603184480145 852281721 "" ops_sky_boss_fallback ops_sky sky_boss 0 0 0.0 0.0 -999 ""
FIBERMAP 391 R+1C10 METROLOGY 0 0 0 1 0 0 -66.35878978993281 11.457687407333824 143.1 -6.9863160726933256 -66.97490511362444 342.0024 103.09102 -999.0 -999.0 -999.0 -999.0 -999.0 276.4461690058989 -34.833556754654666 276.55060883655824 -34.81645245618824 84.00909487541674 165.96303105078243 -999.0 6231.0 -999.0 -1 -999 {-999.0 -999.0 -999.0 -999.0 -999.0} "" -999.0 -999.0 -999.0 -999.0 -999 -999 "" "" "" "" 0 0 0.0 0.0 -999 ""
FIBERMAP 398 R-5C4 APOGEE 0 0 0 1 0 0 -179.90473992185258 -84.99024505079494 143.1 96.84774463654905 -173.80094563413348 161.98056 87.52691 -999.0 -999.0 -999.0 -999.0 -999.0 276.82973572538543 -35.15726189154786 276.93522328748804 -35.139087450881036 83.61178445764713 163.98238313697888 -999.0 16600.0 -999.0 2 -999 {-999.0 -999.0 -999.0 -999.0 -999.0} "" -999.0 -999.0 -999.0 -999.0 -999 -999 "" "" "" "" 0 0 0.0 0.0 -999 ""
FIBERMAP 398 R-5C4 BOSS 1 1 0 1 0 0 -179.6495882490642 -84.29592926854798 143.1 96.13792101764976 -173.5928868149833 161.98056 87.52691 276.827162708737 -35.15668786980579 -1.9455277 -4.886085 0.45012325 276.8271506215081 -35.156710673754404 276.9326287667137 -35.13852011154705 83.61295229953498 163.99910160361827 5400.0 5400.0 2016.0 1 492 {-999.0 17.948643 17.524185 17.35171 17.275503} sdss_psfmag_from_gaia 17.8476 17.5382 16.9933 -999.0 63050396520137732 973857933 "" ops_std_boss_gdr2 ops_std standard_boss 0 0 0.0 0.0 -999 ""
FIBERMAP 398 R-5C4 METROLOGY 0 0 0 1 0 0 -179.1665655865968 -84.8694275538594 143.1 96.67775414147998 -173.07254887644598 161.98056 87.52691 -999.0 -999.0 -999.0 -999.0 -999.0 276.82916664546286 -35.15515317530532 276.93464018806367 -35.1369644047104 83.61395367519702 163.98084716526753 -999.0 6231.0 -999.0 -1 -999 {-999.0 -999.0 -999.0 -999.0 -999.0} "" -999.0 -999.0 -999.0 -999.0 -999 -999 "" "" "" "" 0 0 0.0 0.0 -999 ""
FIBERMAP 400 R-2C24 APOGEE 0 0 0 1 0 0 241.74819217693772 -55.0893158459877 143.1 38.76944289363239 244.8869105176055 281.67615 86.65062 -999.0 -999.0 -999.0 -999.0 -999.0 276.6169261239465 -33.88933726936461 276.7177188486853 -33.872095357916905 84.87153494161821 161.73075934603227 -999.0 16600.0 -999.0 2 -999 {-999.0 -999.0 -999.0 -999.0 -999.0} "" -999.0 -999.0 -999.0 -999.0 -999 -999 "" "" "" "" 0 0 0.0 0.0 -999 ""
FIBERMAP 400 R-2C24 BOSS 1 1 0 1 0 0 240.90081845687436 -55.155333504744306 143.1 38.89207361163579 244.04589261371174 281.67615 86.65062 276.6173475905497 -33.891854131680816 7.742275 -6.5873146 0.5623242 276.61738287546785 -33.89186358476439 276.71817714475515 -33.874601553568596 84.86904363694524 161.73599578500102 5400.0 5400.0 2016.0 1 335 {-999.0 17.067556 16.578484 16.415924 -999.0} sdss_psfmag_gaia 16.950956 16.612064 16.067057 15.174 63050395231188630 980929170 "" ops_std_boss_tic ops_std standard_boss 0 0 0.0 0.0 -999 ""
FIBERMAP 400 R-2C24 METROLOGY 0 0 0 1 0 0 241.28360929314422 -54.503089813742285 143.1 38.21567582359241 244.38411768038245 281.67615 86.65062 -999.0 -999.0 -999.0 -999.0 -999.0 276.61492379429944 -33.890794119976505 276.71571748694066 -33.873543896471496 84.87071584856932 161.75365285167118 -999.0 6231.0 -999.0 -1 -999 {-999.0 -999.0 -999.0 -999.0 -999.0} "" -999.0 -999.0 -999.0 -999.0 -999 -999 "" "" "" "" 0 0 0.0 0.0 -999 ""
FIBERMAP 401 R+11C3 APOGEE 0 0 0 1 0 0 -118.42002596760526 205.69697107447328 143.1 -197.2949399986133 -131.92901384847627 261.0214 150.12358 -999.0 -999.0 -999.0 -999.0 -999.0 275.74189464641114 -35.02553476696334 275.84742671232095 -35.0102033849274 83.93841105697727 171.72050411166433 -999.0 16600.0 -999.0 2 5 {-999.0 -999.0 -999.0 -999.0 -999.0} "" -999.0 -999.0 -999.0 -999.0 -999 -999 "" ops_sky_apogee_best_unassigned ops_sky sky_apogee 0 0 0.0 0.0 -999 ""
FIBERMAP 401 R+11C3 BOSS 1 1 0 1 0 0 -118.89193202259291 205.12607215561735 143.1 -196.69373174829522 -132.36159990738494 261.0214 150.12358 275.74410762386384 -35.026913424839265 -3.7268095 -4.3242016 0.56923914 275.7440685623116 -35.02690515207353 275.84960055329634 -35.011545236371106 83.9368112007518 171.70580141904472 5400.0 5400.0 2016.0 1 5 {-999.0 17.899872 18.253908 18.476519 -999.0} sdss_psfmag_gaia 17.996813 18.09199 18.129646 -999.0 63050395230573394 1143361425 dark_2x1 mwm_wd_pwd_boss_2x1 mwm_wd science 0 0 0.0 0.0 -999 ""
FIBERMAP 401 R+11C3 METROLOGY 0 0 0 1 0 0 -119.14535464484439 205.83205011061966 143.1 -197.38112266374597 -132.6617362004648 261.0214 150.12358 -999.0 -999.0 -999.0 -999.0 -999.0 275.74149024215615 -35.02779883800715 275.8470281514137 -35.01245168042575 83.9362396447481 171.7268298756755 -999.0 6231.0 -999.0 -1 -999 {-999.0 -999.0 -999.0 -999.0 -999.0} "" -999.0 -999.0 -999.0 -999.0 -999 -999 "" "" "" "" 0 0 0.0 0.0 -999 ""
FIBERMAP 403 R-11C5 APOGEE 1 1 0 1 0 0 -80.74838307210517 -226.44425828460118 143.1 231.33673951322038 -65.39514090173667 261.08347 116.2967 277.3251342773437 -34.82738356040008 -999.0 -999.0 -999.0 277.325126325957 -34.82737369007996 277.42908795667756 -34.80802584948193 83.78862268314278 159.49682134740524 16000.0 16600.0 2015.5 2 188 {-999.0 -999.0 -999.0 -999.0 -999.0} "" -999.0 -999.0 -999.0 -999.0 27021603184479826 848784690 "" ops_sky_apogee_best ops_sky sky_apogee 0 0 0.0 0.0 -999 ""
FIBERMAP 403 R-11C5 BOSS 0 0 0 1 0 0 -81.46728817007453 -226.6671668999064 143.1 231.60729738338924 -66.09747353030924 261.08347 116.2967 -999.0 -999.0 -999.0 -999.0 -999.0 277.326168833929 -34.82952163921313 277.43012747843284 -34.81014880255811 83.78633458212195 159.49682203405996 -999.0 5400.0 -999.0 1 385 {-999.0 -999.0 -999.0 -999.0 -999.0} "" -999.0 -999.0 -999.0 -999.0 -999 -999 "" "" "" "" 0 0 0.0 0.0 -999 ""
FIBERMAP 403 R-11C5 METROLOGY 0 0 0 1 0 0 -81.30311041399632 -225.9512502518184 143.1 230.88201632640568 -65.981628048327 261.08347 116.2967 -999.0 -999.0 -999.0 -999.0 -999.0 277.3235546822969 -34.82919164962317 277.4275164876565 -34.80983176966894 83.78742816177804 159.51410886199426 -999.0 6231.0 -999.0 -1 -999 {-999.0 -999.0 -999.0 -999.0 -999.0} "" -999.0 -999.0 -999.0 -999.0 -999 -999 "" "" "" "" 0 0 0.0 0.0 -999 ""
FIBERMAP 405 R+10C6 APOGEE 0 0 0 1 0 0 -55.66619506302339 209.70424123604903 143.1 -205.49680712489297 -69.58680553372405 99.9881 62.477837 -999.0 -999.0 -999.0 -999.0 -999.0 275.71362438577967 -34.8366665260284 275.81844544536114 -34.82146535081215 84.12855697061043 171.66665370607672 -999.0 16600.0 -999.0 2 -999 {-999.0 -999.0 -999.0 -999.0 -999.0} "" -999.0 -999.0 -999.0 -999.0 -999 -999 "" "" "" "" 0 0 0.0 0.0 -999 ""
FIBERMAP 405 R+10C6 BOSS 1 1 0 1 0 0 -54.94931041164413 209.4756096078117 143.1 -205.31671967853552 -68.85624105983482 99.9881 62.477837 275.7142639160156 -34.83448411746299 -999.0 -999.0 -999.0 275.71426060547395 -34.83449767711217 275.8190689024026 -34.81927373532268 84.13064322835191 171.65839979475 5400.0 5400.0 2015.5 1 124 {-999.0 -999.0 -999.0 -999.0 -999.0} "" -999.0 -999.0 -999.0 -999.0 27021603147016453 852437271 "" ops_sky_boss_fallback ops_sky sky_boss 0 0 0.0 0.0 -999 ""
FIBERMAP 405 R+10C6 METROLOGY 0 0 0 1 0 0 -55.511667090930835 208.97238105634455 143.1 -204.7769683059941 -69.38360445146864 99.9881 62.477837 -999.0 -999.0 -999.0 -999.0 -999.0 275.7161857933107 -34.83611834600224 275.82100053073043 -34.820895113829806 84.12879611233761 171.6455333289739 -999.0 6231.0 -999.0 -1 -999 {-999.0 -999.0 -999.0 -999.0 -999.0} "" -999.0 -999.0 -999.0 -999.0 -999 -999 "" "" "" "" 0 0 0.0 0.0 -999 ""
FIBERMAP 406 R-1C24 APOGEE 1 1 0 1 0 0 250.69109022555463 -27.517049163776317 143.1 10.66102246393273 251.9623985549607 2.3927248 83.08408 276.5145148136746 -33.8678156032952 -3.3021307 -5.8724446 0.12874368 276.5145167006874 -33.867831013539934 276.6152805789417 -33.85085923666042 84.91910170923536 162.55851726833626 16000.0 16600.0 2016.0 2 204 {-999.0 14.867007 13.537946 12.933499 -999.0} sdss_psfmag_gaia 14.356492 13.474342 12.552703 10.396 63050395231190951 1154351326 bright_1x1 mwm_galactic_core_dist_apogee_sparse mwm_galactic science 0 0 0.0 0.0 -999 ""
FIBERMAP 406 R-1C24 BOSS 0 0 0 1 0 0 250.64614310410283 -28.25583763744592 143.1 11.401136163796913 251.96704379393543 2.3927248 83.08408 -999.0 -999.0 -999.0 -999.0 -999.0 276.51722196588815 -33.86782678383905 276.61797721699395 -33.850829949787595 84.91842220655604 162.53442101718264 -999.0 5400.0 -999.0 1 287 {-999.0 -999.0 -999.0 -999.0 -999.0} "" -999.0 -999.0 -999.0 -999.0 -999 -999 "" "" "" "" 0 0 0.0 0.0 -999 ""
FIBERMAP 406 R-1C24 METROLOGY 0 0 0 1 0 0 250.0276507737697 -27.85595187767645 143.1 11.04359424986778 251.32317520550995 2.3927248 83.08408 -999.0 -999.0 -999.0 -999.0 -999.0 276.51591392600386 -33.869707192206604 276.61667891028765 -33.85271827811484 84.91697114186397 162.55270245704597 -999.0 6231.0 -999.0 -1 -999 {-999.0 -999.0 -999.0 -999.0 -999.0} "" -999.0 -999.0 -999.0 -999.0 -999 -999 "" "" "" "" 0 0 0.0 0.0 -999 ""
FIBERMAP 407 R-6C15 APOGEE 1 1 0 1 0 0 100.78882962906268 -103.96383586761051 143.1 96.97500251814341 107.523168689248 74.9772 88.86133 276.83016590630916 -34.3043796551076 -1.4444357 -6.386815 0.09411731 276.8301635041783 -34.30439677632487 276.93240416097706 -34.286480265546025 84.42156324742587 161.41644166531322 16000.0 16600.0 2016.0 2 200 {-999.0 14.569131 13.497362 13.032513 -999.0} sdss_psfmag_from_g3xp 14.197895 13.48021 12.658342 10.798 63050395230974973 1151996091 bright_1x1 mwm_galactic_core_dist_apogee_sparse mwm_galactic science 0 0 0.0 0.0 -999 ""
FIBERMAP 407 R-6C15 BOSS 0 0 0 1 0 0 101.49659711025858 -104.17334758865118 143.1 97.13662442195428 108.24335599517704 74.9772 88.86133 -999.0 -999.0 -999.0 -999.0 -999.0 276.83081373959567 -34.30218612255029 276.9330371789863 -34.28424889876153 84.42348729179673 161.40362951356798 -999.0 5400.0 -999.0 1 282 {-999.0 -999.0 -999.0 -999.0 -999.0} "" -999.0 -999.0 -999.0 -999.0 -999 -999 "" "" "" "" 0 0 0.0 0.0 -999 ""
FIBERMAP 407 R-6C15 METROLOGY 0 0 0 1 0 0 100.96590778338427 -104.69093238219494 143.1 97.6885779542865 107.74854939394994 74.9772 88.86133 -999.0 -999.0 -999.0 -999.0 -999.0 276.8328526106089 -34.30366903536409 276.935083004508 -34.2857316986039 84.42152086553173 161.3924095826467 -999.0 6231.0 -999.0 -1 -999 {-999.0 -999.0 -999.0 -999.0 -999.0} "" -999.0 -999.0 -999.0 -999.0 -999 -999 "" "" "" "" 0 0 0.0 0.0 -999 ""
FIBERMAP 408 R+13C11 APOGEE 1 1 0 1 0 0 61.007345918833124 257.3655527329641 143.1 -260.8650729289689 43.6277974600972 200.14427 74.97914 275.51590401168954 -34.491988277474164 -2.7100728 -7.1471367 0.23499969 275.5158812855487 -34.492008298088464 275.61948297059246 -34.477421896280426 84.49256289280575 172.80200102068778 16000.0 16600.0 2016.0 2 96 {-999.0 15.285431 13.746413 11.934817 -999.0} sdss_psfmag_from_g3xp 14.672489 12.6641245 11.362166 8.362 63050395230816025 1151995867 bright_1x1 mwm_galactic_core_dist_apogee_sparse mwm_galactic science 0 0 0.0 0.0 -999 ""
FIBERMAP 408 R+13C11 BOSS 0 0 0 1 0 0 60.97045425003423 258.12120762190034 143.1 -261.61653236077444 43.54037031730888 200.14427 74.97914 -999.0 -999.0 -999.0 -999.0 -999.0 275.51314453010053 -34.49226776557551 275.61674517931317 -34.47766785338772 84.49261860514359 172.82564868473608 -999.0 5400.0 -999.0 1 170 {-999.0 -999.0 -999.0 -999.0 -999.0} "" -999.0 -999.0 -999.0 -999.0 -999 -999 "" "" "" "" 0 0 0.0 0.0 -999 ""
FIBERMAP 408 R+13C11 METROLOGY 0 0 0 1 0 0 61.636985655283794 257.764135683128 143.1 -261.3049246115639 44.229300367506696 200.14427 74.97914 -999.0 -999.0 -999.0 -999.0 -999.0 275.5142538081714 -34.49018037265845 275.6178469391091 -34.47558404324084 84.49456358620607 172.81338769698726 -999.0 6231.0 -999.0 -1 -999 {-999.0 -999.0 -999.0 -999.0 -999.0} "" -999.0 -999.0 -999.0 -999.0 -999 -999 "" "" "" "" 0 0 0.0 0.0 -999 ""
FIBERMAP 418 R-5C2 APOGEE 0 0 0 1 0 0 -204.20741618525176 -81.6626772277636 143.1 95.15575178601853 -198.27107727005492 93.28572 79.54096 -999.0 -999.0 -999.0 -999.0 -999.0 276.82331616525056 -35.231105694299536 276.9290914136018 -35.21292532583458 83.54265793193453 164.21867797364362 -999.0 16600.0 -999.0 2 -999 {-999.0 -999.0 -999.0 -999.0 -999.0} "" -999.0 -999.0 -999.0 -999.0 -999 -999 "" "" "" "" 0 0 0.0 0.0 -999 ""
FIBERMAP 418 R-5C2 BOSS 1 1 0 1 0 0 -203.45822503912206 -81.74409792967536 143.1 95.18680005429736 -197.51814134888707 93.28572 79.54096 276.82317875141354 -35.228882195670316 -0.35190395 -4.8562427 0.16334648 276.82346838469687 -35.228898561844645 276.92922639867345 -35.21069525860638 83.54475927441452 164.21196537398612 5400.0 5400.0 2016.0 1 454 {-999.0 15.469234 14.849225 14.56163 -999.0} sdss_psfmag_from_g3xp 15.305995 14.846146 14.210885 12.898 63050396520036910 1071874542 dark_flexible_2x1 mwm_halo_mp_xp_boss mwm_halo science 0 0 0.8770033121109009 0.0 -999 ""
FIBERMAP 418 R-5C2 METROLOGY 0 0 0 1 0 0 -203.91035767522115 -82.3491569859608 143.1 95.82076592181451 -197.92871079357832 93.28572 79.54096 -999.0 -999.0 -999.0 -999.0 -999.0 276.8258291622651 -35.23015472366894 276.9315932199411 -35.21195153949508 83.54299412277314 164.19876846192355 -999.0 6231.0 -999.0 -1 -999 {-999.0 -999.0 -999.0 -999.0 -999.0} "" -999.0 -999.0 -999.0 -999.0 -999 -999 "" "" "" "" 0 0 0.0 0.0 -999 ""
FIBERMAP 420 R+1C6 APOGEE 0 0 0 1 0 0 -173.14760909155834 29.728634269208065 143.1 -18.06202766726399 -174.74399635385114 102.06778 129.35947 -999.0 -999.0 -999.0 -999.0 -999.0 276.4037810238924 -35.159801348360624 276.5094990664021 -35.142722757367025 83.70150100426443 167.0274553851387 -999.0 16600.0 -999.0 2 -999 {-999.0 -999.0 -999.0 -999.0 -999.0} "" -999.0 -999.0 -999.0 -999.0 -999 -999 "" "" "" "" 0 0 0.0 0.0 -999 ""
FIBERMAP 420 R+1C6 BOSS 1 1 0 1 0 0 -172.70137182128178 30.32862963159114 143.1 -18.690546477116413 -174.33896961796796 102.06778 129.35947 276.4010504442655 -35.15866049966379 -2.7892334 0.010574282 0.10836067 276.4014537425134 -35.15865588403447 276.50716162268213 -35.141560660838856 83.70308776363305 167.04182920375698 5400.0 5400.0 2016.0 1 20 {-999.0 14.564705 13.785387 13.433431 -999.0} sdss_psfmag_from_g3xp 14.337075 13.7860155 13.07469 11.562 63050396519967848 1071874524 dark_flexible_2x1 mwm_halo_mp_xp_boss mwm_halo science 0 0 1.1903438568115234 0.0 -999 ""
FIBERMAP 420 R+1C6 METROLOGY 0 0 0 1 0 0 -172.4050064858132 29.6389705266104 143.1 -18.022313814572115 -173.99708175704114 102.06778 129.35947 -999.0 -999.0 -999.0 -999.0 -999.0 276.4039315245791 -35.15764712072741 276.5096362123518 -35.14055233489166 83.70358100050751 167.02171174540587 -999.0 6231.0 -999.0 -1 -999 {-999.0 -999.0 -999.0 -999.0 -999.0} "" -999.0 -999.0 -999.0 -999.0 -999 -999 "" "" "" "" 0 0 0.0 0.0 -999 ""
FIBERMAP 426 R+3C15 APOGEE 0 0 0 1 0 0 67.92473919587331 55.238327209798925 143.1 -59.66241878423459 64.06946306268551 338.6456 124.341034 -999.0 -999.0 -999.0 -999.0 -999.0 276.253907305005 -34.43490610109838 276.35693292989083 -34.41843360720728 84.43449206955519 166.49463399963716 -999.0 16600.0 -999.0 2 -999 {-999.0 -999.0 -999.0 -999.0 -999.0} "" -999.0 -999.0 -999.0 -999.0 -999 -999 "" "" "" "" 0 0 0.0 0.0 -999 ""
FIBERMAP 426 R+3C15 BOSS 1 1 0 1 0 0 68.1046044563741 54.51283257678216 143.1 -58.9506282767477 64.29751720776831 338.6456 124.341034 276.25652523135483 -34.43419599724593 -6.8519897 -2.5951202 0.13054277 276.25649603403775 -34.434207197764394 276.3595114405946 -34.417708000707144 84.4346680147784 166.47153118166915 5400.0 5400.0 2016.0 1 205 {-999.0 17.738579 17.345343 17.221786 -999.0} sdss_psfmag_gaia 17.66316 17.368893 16.881758 -999.0 63050395230936051 978633464 "" ops_std_boss ops_std standard_boss 0 0 0.0 0.0 -999 ""
FIBERMAP 426 R+3C15 METROLOGY 0 0 0 1 0 0 67.38527545157723 54.72017946505217 143.1 -59.10931580636652 63.565939775342244 338.6456 124.341034 -999.0 -999.0 -999.0 -999.0 -999.0 276.255888267196 -34.4364136587682 276.3589141119378 -34.4199210898392 84.4326461448474 166.4821083651546 -999.0 6231.0 -999.0 -1 -999 {-999.0 -999.0 -999.0 -999.0 -999.0} "" -999.0 -999.0 -999.0 -999.0 -999 -999 "" "" "" "" 0 0 0.0 0.0 -999 ""
FIBERMAP 427 R+3C22 APOGEE 1 1 0 1 0 0 204.94662025501913 54.77260136001939 143.1 -68.37654822608117 200.80990139782995 155.92719 155.34088 276.2251630763877 -34.020950156559074 -3.9334402 -8.824823 0.08990085 276.2251781966047 -34.020961059474786 276.3266586152913 -34.00468806718276 84.84097836774374 165.62593060815644 16000.0 16600.0 2016.0 2 115 {-999.0 15.069778 13.761811 13.192563 -999.0} sdss_psfmag_from_g3xp 14.5535555 13.707063 12.796887 10.711 63050395231172673 1151996151 bright_1x1 mwm_galactic_core_dist_apogee_sparse mwm_galactic science 0 0 0.0 0.0 -999 ""
FIBERMAP 427 R+3C22 BOSS 0 0 0 1 0 0 204.49112358734507 55.35828484286084 143.1 -68.93038265015826 200.3162103890343 155.92719 155.34088 -999.0 -999.0 -999.0 -999.0 -999.0 276.22312929398163 -34.022415212155494 276.324610065755 -34.0061283650654 84.84003264079861 165.6483477019132 -999.0 5400.0 -999.0 1 200 {-999.0 -999.0 -999.0 -999.0 -999.0} "" -999.0 -999.0 -999.0 -999.0 -999 -999 "" "" "" "" 0 0 0.0 0.0 -999 ""
FIBERMAP 427 R+3C22 METROLOGY 0 0 0 1 0 0 205.21978172362623 55.4684018060631 143.1 -69.08905955761857 201.0358294657884 155.92719 155.34088 -999.0 -999.0 -999.0 -999.0 -999.0 276.22255486828067 -34.02020888436981 276.3240293848959 -34.00392948932251 84.84228088507437 165.64712048063018 -999.0 6231.0 -999.0 -1 -999 {-999.0 -999.0 -999.0 -999.0 -999.0} "" -999.0 -999.0 -999.0 -999.0 -999 -999 "" "" "" "" 0 0 0.0 0.0 -999 ""
FIBERMAP 429 R-3C5 APOGEE 1 1 0 1 0 0 -185.24834339380345 -51.79452241693041 143.1 64.0857203341734 -181.35606470415092 196.73064 74.96221 276.70831912028973 -35.18020301573252 -2.0696795 -7.728542 0.086472385 276.70831944494466 -35.18022257564861 276.8139588944174 -35.162353613000015 83.61794364413943 164.89648686739335 16000.0 16600.0 2016.0 2 289 {-999.0 15.410219 14.009487 12.8472595 -999.0} sdss_psfmag_from_g3xp 14.850842 13.529029 12.398626 9.89 63050396520135497 1153147227 bright_1x1 mwm_galactic_core_dist_apogee_sparse mwm_galactic science 0 0 0.0 0.0 -999 ""
FIBERMAP 429 R-3C5 BOSS 0 0 0 1 0 0 -185.27292523213083 -51.062436187601214 143.1 63.356951177427575 -181.4296312912525 196.73064 74.96221 -999.0 -999.0 -999.0 -999.0 -999.0 276.70564946391494 -35.180524274021536 276.8112832993294 -35.162639052940946 83.61827877234623 164.91610183841314 -999.0 5400.0 -999.0 1 474 {-999.0 -999.0 -999.0 -999.0 -999.0} "" -999.0 -999.0 -999.0 -999.0 -999 -999 "" "" "" "" 0 0 0.0 0.0 -999 ""
FIBERMAP 429 R-3C5 METROLOGY 0 0 0 1 0 0 -184.61390265491943 -51.38665244225227 143.1 63.636281208591 -180.75039386590447 196.73064 74.96221 -999.0 -999.0 -999.0 -999.0 -999.0 276.7066986664977 -35.17849126307525 276.81232643923283 -35.16061049384472 83.61998960594585 164.90364903660372 -999.0 6231.0 -999.0 -1 -999 {-999.0 -999.0 -999.0 -999.0 -999.0} "" -999.0 -999.0 -999.0 -999.0 -999 -999 "" "" "" "" 0 0 0.0 0.0 -999 ""
FIBERMAP 434 R+1C15 APOGEE 0 0 0 1 0 0 21.16269196675058 13.714291060066998 143.1 -15.100641290679336 20.195715370399284 209.32993 111.719864 -999.0 -999.0 -999.0 -999.0 -999.0 276.41732533809795 -34.568690033676624 276.5207761493872 -34.551755983413756 84.27097608828171 165.51576238639817 -999.0 16600.0 -999.0 2 -999 {-999.0 -999.0 -999.0 -999.0 -999.0} "" -999.0 -999.0 -999.0 -999.0 -999 -999 "" "" "" "" 0 0 0.0 0.0 -999 ""
FIBERMAP 434 R+1C15 BOSS 1 1 0 1 0 0 20.555050679321468 14.20022992139275 143.1 -15.544766847514339 19.556908559342684 209.32993 111.719864 276.41563713583184 -34.57063894143757 3.8148055 -2.2528796 0.44362396 276.41567308862705 -34.570633317282734 276.5191251807356 -34.55368218168409 84.26947984526201 165.5340141528081 5400.0 5400.0 2016.0 1 197 {-999.0 15.631052 15.244501 15.123644 -999.0} sdss_psfmag_gaia 15.571505 15.26723 14.797294 13.936 63050395230889150 979950866 "" ops_std_boss ops_std standard_boss 0 0 0.0 0.0 -999 ""
FIBERMAP 434 R+1C15 METROLOGY 0 0 0 1 0 0 21.26117492287525 14.455775600802028 143.1 -15.847031153152288 20.244303210658856 209.32993 111.719864 -999.0 -999.0 -999.0 -999.0 -999.0 276.41456393549606 -34.56853422946021 276.51801058630986 -34.551592473748904 84.27173818037598 165.53732886397034 -999.0 6231.0 -999.0 -1 -999 {-999.0 -999.0 -999.0 -999.0 -999.0} "" -999.0 -999.0 -999.0 -999.0 -999 -999 "" "" "" "" 0 0 0.0 0.0 -999 ""
FIBERMAP 435 R-5C3 APOGEE 1 1 0 1 0 0 -197.11971825297172 -110.88623957603532 143.1 123.83784598927168 -189.24192944173097 260.6127 100.14778 276.92954977282267 -35.20358704658501 -2.822686 -2.5349627 0.08314469 276.9295421449385 -35.20358709302914 277.035155389054 -35.185141804872934 83.54332144878995 163.40936638886188 16000.0 16600.0 2016.0 2 243 {-999.0 14.774984 13.227286 11.184244 -999.0} sdss_psfmag_from_g3xp 14.115106 11.914536 10.526717 7.284 63050396520048704 1153147371 bright_1x1 mwm_galactic_core_dist_apogee_sparse mwm_galactic science 0 0 0.0 0.0 -999 ""
FIBERMAP 435 R-5C3 BOSS 0 0 0 1 0 0 -197.8620839443471 -110.90166162270171 143.1 123.90296228288388 -189.98156820021367 260.6127 100.14778 -999.0 -999.0 -999.0 -999.0 -999.0 276.9298143269169 -35.205872141860034 277.0354271503355 -35.18740233960444 83.54110112107705 163.41362574110232 -999.0 5400.0 -999.0 1 500 {-999.0 -999.0 -999.0 -999.0 -999.0} "" -999.0 -999.0 -999.0 -999.0 -999 -999 "" "" "" "" 0 0 0.0 0.0 -999 ""
FIBERMAP 435 R-5C3 METROLOGY 0 0 0 1 0 0 -197.503824827618 -110.24549299221624 143.1 123.22429183644547 -189.66808180245772 260.6127 100.14778 -999.0 -999.0 -999.0 -999.0 -999.0 276.92732676529647 -35.20495922214165 277.0329399681416 -35.18650265028936 83.54257846143683 163.42839289188814 -999.0 6231.0 -999.0 -1 -999 {-999.0 -999.0 -999.0 -999.0 -999.0} "" -999.0 -999.0 -999.0 -999.0 -999 -999 "" "" "" "" 0 0 0.0 0.0 -999 ""
FIBERMAP 438 R+12C2 APOGEE 1 1 0 1 0 0 -152.71041455958107 230.94065380913548 143.1 -220.18398735535018 -167.8321810557291 223.3367 73.32428 275.65680149116366 -35.132850727197635 -5.405245 -6.87478 0.11101316 275.6567683395799 -35.1328676219527 275.76275533437763 -35.117723370548646 83.84220478454753 172.51267232248074 16000.0 16600.0 2016.0 2 6 {-999.0 13.968985 13.032794 12.607298 -999.0} sdss_psfmag_from_g3xp 13.662906 13.018527 12.239745 10.577 63050395230504838 1151995699 bright_1x1 mwm_galactic_core_dist_apogee_sparse mwm_galactic science 0 0 0.0 0.0 -999 ""
FIBERMAP 438 R+12C2 BOSS 0 0 0 1 0 0 -153.06890902867266 231.57606551475547 143.1 -220.7939345007694 -168.2324223779519 223.3367 73.32428 -999.0 -999.0 -999.0 -999.0 -999.0 275.6545363231545 -35.13405806099687 275.7605250645022 -35.1188962916254 83.84129710539392 172.53103393795678 -999.0 5400.0 -999.0 1 6 {-999.0 -999.0 -999.0 -999.0 -999.0} "" -999.0 -999.0 -999.0 -999.0 -999 -999 "" "" "" "" 0 0 0.0 0.0 -999 ""
FIBERMAP 438 R+12C2 METROLOGY 0 0 0 1 0 0 -152.31053072575503 231.57263106089505 143.1 -220.84130996785453 -167.4755443884001 223.3367 73.32428 -999.0 -999.0 -999.0 -999.0 -999.0 275.65432622006443 -35.13180133987784 275.76030747366985 -35.11664729784515 83.84354900895052 172.5297631065764 -999.0 6231.0 -999.0 -1 -999 {-999.0 -999.0 -999.0 -999.0 -999.0} "" -999.0 -999.0 -999.0 -999.0 -999 -999 "" "" "" "" 0 0 0.0 0.0 -999 ""
FIBERMAP 439 R-6C3 APOGEE 1 1 0 1 0 0 -188.0693942299378 -121.5025115368415 143.1 133.82363378699407 -179.50109483026668 182.62587 141.7209 276.9665304998398 -35.17404863075623 -8.055133 -11.781185 0.18690558 276.9665141119263 -35.17407344557529 277.0719942133529 -35.15554203320319 83.56218890678298 163.07294934789985 16000.0 16600.0 2016.0 2 244 {-999.0 13.990436 13.073708 12.688294 -999.0} sdss_psfmag_from_g3xp 13.701919 13.082099 12.327446 10.701 63050396520049002 1153147377 bright_1x1 mwm_galactic_core_dist_apogee_sparse mwm_galactic science 0 0 0.0 0.0 -999 ""
FIBERMAP 439 R-6C3 BOSS 0 0 0 1 0 0 -188.65471390878844 -121.03019812917408 143.1 133.39160731966206 -180.1167182246132 182.62587 141.7209 -999.0 -999.0 -999.0 -999.0 -999.0 276.9649533713128 -35.175992492036244 277.07043247002 -35.15744150686101 83.56078124984022 163.0890428567285 -999.0 5400.0 -999.0 1 501 {-999.0 -999.0 -999.0 -999.0 -999.0} "" -999.0 -999.0 -999.0 -999.0 -999 -999 "" "" "" "" 0 0 0.0 0.0 -999 ""
FIBERMAP 439 R-6C3 METROLOGY 0 0 0 1 0 0 -187.94316042475498 -120.7622601361629 143.1 133.07661528296143 -179.42473685430016 182.62587 141.7209 -999.0 -999.0 -999.0 -999.0 -999.0 276.96381473045864 -35.17393103195484 277.0692891162146 -35.15539012663955 83.56302164960323 163.09127413060665 -999.0 6231.0 -999.0 -1 -999 {-999.0 -999.0 -999.0 -999.0 -999.0} "" -999.0 -999.0 -999.0 -999.0 -999 -999 "" "" "" "" 0 0 0.0 0.0 -999 ""
FIBERMAP 441 R-2C4 APOGEE 0 0 0 1 0 0 -209.64413563616228 -46.63143801843859 143.1 60.568636610859976 -206.0420570520929 207.87737 133.02345 -999.0 -999.0 -999.0 -999.0 -999.0 276.69507473604773 -35.2546959112637 276.80100810556485 -35.23683840712588 83.54928426472013 165.1716955876637 -999.0 16600.0 -999.0 2 -999 {-999.0 -999.0 -999.0 -999.0 -999.0} "" -999.0 -999.0 -999.0 -999.0 -999 -999 "" "" "" "" 0 0 0.0 0.0 -999 ""
FIBERMAP 441 R-2C4 BOSS 1 1 0 1 0 0 -210.36213797681583 -46.39531642031615 143.1 60.381151155895346 -206.77423840155348 207.87737 133.02345 276.6944012810391 -35.25695410873567 -2.7594986 -15.706114 -0.65952796 276.69439716250093 -35.25697121102491 276.8003315305757 -35.239091430370394 83.5472687795411 165.18191761580422 5400.0 5400.0 2016.0 1 472 {-999.0 16.392414 15.86953 15.693025 -999.0} sdss_psfmag_gaia 16.101196 15.905855 15.181355 14.209 63050396520132558 1093496854 bright_1x1 mwm_astar_core_boss_single mwm_ob science 0 0 0.0 0.0 -999 ""
FIBERMAP 441 R-2C4 METROLOGY 0 0 0 1 0 0 -209.79350369787392 -45.898507326669844 143.1 59.8473840714872 -206.2401817084883 207.87737 133.02345 -999.0 -999.0 -999.0 -999.0 -999.0 276.6924314417488 -35.25538723393972 276.7983630354141 -35.237519609928526 83.54922067389725 165.19185039467558 -999.0 6231.0 -999.0 -1 -999 {-999.0 -999.0 -999.0 -999.0 -999.0} "" -999.0 -999.0 -999.0 -999.0 -999 -999 "" "" "" "" 0 0 0.0 0.0 -999 ""
FIBERMAP 442 R+13C12 APOGEE 1 1 0 1 0 0 94.96243241069797 263.15023013381665 143.1 -268.91112764121095 77.117906425292 114.780785 122.36221 275.4884201843984 -34.390504501665326 -1.291351 -5.8682246 0.050681233 275.4884163172435 -34.39052397679933 275.59164598894563 -34.3760392026109 84.59608875603472 172.9007109002619 16000.0 16600.0 2016.0 2 59 {-999.0 16.547045 14.939549 12.962752 -999.0} sdss_psfmag_from_g3xp 15.877543 13.667741 12.309723 9.113 63050395230839523 1151995966 bright_1x1 mwm_galactic_core_dist_apogee_sparse mwm_galactic science 0 0 0.0 0.0 -999 ""
FIBERMAP 442 R+13C12 BOSS 0 0 0 1 0 0 95.35686583824227 263.7937345801626 143.1 -269.5795860362255 77.46833294118396 114.780785 122.36221 -999.0 -999.0 -999.0 -999.0 -999.0 275.4860352174143 -34.38947066484218 275.58925881640505 -34.374972247107415 84.59740419923497 172.9199730873883 -999.0 5400.0 -999.0 1 97 {-999.0 -999.0 -999.0 -999.0 -999.0} "" -999.0 -999.0 -999.0 -999.0 -999 -999 "" "" "" "" 0 0 0.0 0.0 -999 ""
FIBERMAP 442 R+13C12 METROLOGY 0 0 0 1 0 0 95.71055491312568 263.12163591631463 143.1 -268.9327137379071 77.86623741175295 114.780785 122.36221 -999.0 -999.0 -999.0 -999.0 -999.0 275.48834062842593 -34.38826673933874 275.59155947562715 -34.37376843671718 84.59834931486552 172.8983042114696 -999.0 6231.0 -999.0 -1 -999 {-999.0 -999.0 -999.0 -999.0 -999.0} "" -999.0 -999.0 -999.0 -999.0 -999 -999 "" "" "" "" 0 0 0.0 0.0 -999 ""
FIBERMAP 445 R-4C10 APOGEE 0 0 0 1 0 0 -47.8661723272423 -58.41529748199055 143.1 61.48846119828157 -43.84384530069506 144.4243 62.37537 -999.0 -999.0 -999.0 -999.0 -999.0 276.69955253698475 -34.76368923992148 276.8036009491092 -34.74596937122451 84.01923051347093 163.8610690752646 -999.0 16600.0 -999.0 2 -999 {-999.0 -999.0 -999.0 -999.0 -999.0} "" -999.0 -999.0 -999.0 -999.0 -999 -999 "" "" "" "" 0 0 0.0 0.0 -999 ""
FIBERMAP 445 R-4C10 BOSS 1 1 0 1 0 0 -47.18414570390462 -58.07326734878484 143.1 61.10152401532598 -43.186286688648046 144.4243 62.37537 276.69819479622475 -34.76174412880866 -2.3514743 -5.246428 0.21167251 276.6981785965527 -34.76173985874474 276.8022122051864 -34.74400266247005 84.0214467469813 163.8659488460573 5400.0 5400.0 2016.0 1 360 {-999.0 17.636505 17.350746 17.27049 -999.0} sdss_psfmag_gaia 17.397232 17.359243 16.732391 15.773 63050396520204143 978850055 "" ops_std_boss ops_std standard_boss 0 0 0.0 0.0 -999 ""
FIBERMAP 445 R-4C10 METROLOGY 0 0 0 1 0 0 -47.23511101202736 -58.8168691857189 143.1 61.846843240889356 -43.187323468186975 144.4243 62.37537 -999.0 -999.0 -999.0 -999.0 -999.0 276.7009370285006 -34.761742016213034 276.80497150419 -34.74400380036602 84.02077471148785 163.84515959875299 -999.0 6231.0 -999.0 -1 -999 {-999.0 -999.0 -999.0 -999.0 -999.0} "" -999.0 -999.0 -999.0 -999.0 -999 -999 "" "" "" "" 0 0 0.0 0.0 -999 ""
FIBERMAP 449 R-10C16 APOGEE 0 0 0 1 0 0 172.3031488353616 -199.6850715748154 143.1 187.6872465704576 185.28646859710827 3.1575022 91.02038 -999.0 -999.0 -999.0 -999.0 -999.0 277.16029481753264 -34.06954334460824 277.26148222212555 -34.05084928265779 84.54068775189226 157.88247802952182 -999.0 16600.0 -999.0 2 -999 {-999.0 -999.0 -999.0 -999.0 -999.0} "" -999.0 -999.0 -999.0 -999.0 -999 -999 "" "" "" "" 0 0 0.0 0.0 -999 ""
FIBERMAP 449 R-10C16 BOSS 1 1 0 1 0 0 172.2834684607562 -200.57838041921246 143.1 188.5798355108839 185.3266739099509 3.1575022 91.02038 277.1635510449566 -34.069431556777815 1.4443725 1.1133827 1.1240505 277.16355021097576 -34.06944157903872 277.2647256889328 -34.05072037327875 84.53973751494757 157.85602381356864 5400.0 5400.0 2016.0 1 333 {-999.0 18.926125 19.545368 20.033798 -999.0} sdss_psfmag_gaia 19.227 19.252388 19.903952 -999.0 63050395232364041 1143361254 dark_2x1 mwm_wd_pwd_boss_2x1 mwm_wd science 0 0 0.0 0.0 -999 ""
FIBERMAP 449 R-10C16 METROLOGY 0 0 0 1 0 0 171.69382386836463 -200.11891636433145 143.1 188.1609187945617 184.70759621986457 3.1575022 91.02038 -999.0 -999.0 -999.0 -999.0 -999.0 277.1620844135007 -34.07126564052517 277.26327027863897 -34.05255297312732 84.53853559695055 157.87530789128795 -999.0 6231.0 -999.0 -1 -999 {-999.0 -999.0 -999.0 -999.0 -999.0} "" -999.0 -999.0 -999.0 -999.0 -999 -999 "" "" "" "" 0 0 0.0 0.0 -999 ""
FIBERMAP 453 R+7C19 APOGEE 0 0 0 1 0 0 200.48212207236963 133.4065763484836 143.1 -146.5320384565136 191.08807378297 321.3613 141.33463 -999.0 -999.0 -999.0 -999.0 -999.0 275.93964401840833 -34.049203646501 276.0413699800994 -34.03365806295451 84.8692057028166 168.2640465552966 -999.0 16600.0 -999.0 2 -999 {-999.0 -999.0 -999.0 -999.0 -999.0} "" -999.0 -999.0 -999.0 -999.0 -999 -999 "" "" "" "" 0 0 0.0 0.0 -999 ""
FIBERMAP 453 R+7C19 BOSS 1 1 0 1 0 0 200.63859398032295 132.68008773307182 143.1 -145.8176891656561 191.29285453643095 321.3613 141.33463 275.9422302246093 -34.048594230134185 -999.0 -999.0 -999.0 275.94224124329014 -34.04859461219857 276.0439586620204 -34.03302371064373 84.86936430378731 168.23909396874927 5400.0 5400.0 2015.5 1 249 {-999.0 -999.0 -999.0 -999.0 -999.0} "" -999.0 -999.0 -999.0 -999.0 27021603147018374 852437754 "" ops_sky_boss_fallback ops_sky sky_boss 0 0 0.0 0.0 -999 ""
FIBERMAP 453 R+7C19 METROLOGY 0 0 0 1 0 0 199.9224273573818 132.910350550272 143.1 -145.9994521782547 190.562897182926 321.3613 141.33463 -999.0 -999.0 -999.0 -999.0 -999.0 275.94151693694056 -34.05075402597781 276.0432442322294 -34.03518966146229 84.86737627854774 168.25076438358468 -999.0 6231.0 -999.0 -1 -999 {-999.0 -999.0 -999.0 -999.0 -999.0} "" -999.0 -999.0 -999.0 -999.0 -999 -999 "" "" "" "" 0 0 0.0 0.0 -999 ""
FIBERMAP 454 R+10C8 APOGEE 0 0 0 1 0 0 -12.957016070674923 179.399422871817 143.1 -178.12212819446376 -24.945022669479314 333.04648 82.40045 -999.0 -999.0 -999.0 -999.0 -999.0 275.81566245653806 -34.70235887646363 275.91992056501783 -34.686935151944375 84.24762796036941 170.63692951032672 -999.0 16600.0 -999.0 2 -999 {-999.0 -999.0 -999.0 -999.0 -999.0} "" -999.0 -999.0 -999.0 -999.0 -999 -999 "" "" "" "" 0 0 0.0 0.0 -999 ""
FIBERMAP 454 R+10C8 BOSS 1 1 0 1 0 0 -13.347838920011611 178.79591525526413 143.1 -177.49381723375134 -25.294526144498256 333.04648 82.40045 275.8179019103882 -34.703472647911546 -3.329885 -0.43292657 3.8833756 275.8178878974863 -34.70346714891894 275.9221445944512 -34.68801606474559 84.24624669566684 170.6208289464689 5400.0 5400.0 2016.0 1 125 {-999.0 20.200281 19.786846 19.655119 -999.0} sdss_psfmag_gaia 20.087498 19.812782 19.284399 -999.0 63050395230766614 1143361398 dark_2x1 mwm_wd_pwd_boss_2x1 mwm_wd science 0 0 0.0 0.0 -999 ""
FIBERMAP 454 R+10C8 METROLOGY 0 0 0 1 0 0 -13.703580144514058 179.4456862531116 143.1 -178.1182753417906 -25.692982401383222 333.04648 82.40045 -999.0 -999.0 -999.0 -999.0 -999.0 275.81555135534205 -34.704652920464774 275.919815012781 -34.68921353239281 84.24539893832434 170.64171356292826 -999.0 6231.0 -999.0 -1 -999 {-999.0 -999.0 -999.0 -999.0 -999.0} "" -999.0 -999.0 -999.0 -999.0 -999 -999 "" "" "" "" 0 0 0.0 0.0 -999 ""
FIBERMAP 458 R-13C8 APOGEE 1 1 0 1 0 0 11.92116309146475 -244.53949247945982 143.1 243.1829582303353 28.2751223208101 14.615101 168.62115 277.3667202629421 -34.54362019394347 1.2095739 -2.5489447 0.22247073 277.36671243653467 -34.543649268956855 277.4695746668384 -34.52428084590033 84.0378718316479 158.1797318363496 16000.0 16600.0 2016.0 2 265 {-999.0 14.53057 13.327065 12.828723 -999.0} sdss_psfmag_from_g3xp 14.082363 13.306456 12.447542 10.499 63050396520914687 1153148182 bright_1x1 mwm_galactic_core_dist_apogee_sparse mwm_galactic science 0 0 0.0 0.0 -999 ""
FIBERMAP 458 R-13C8 BOSS 0 0 0 1 0 0 12.672290495558627 -244.54820937371437 143.1 243.14133887245288 29.025119814794472 14.615101 168.62115 -999.0 -999.0 -999.0 -999.0 -999.0 277.3665807190771 -34.541397952173725 277.46942377866014 -34.52200997894142 84.0400074941822 158.17220369682923 -999.0 5400.0 -999.0 1 359 {-999.0 -999.0 -999.0 -999.0 -999.0} "" -999.0 -999.0 -999.0 -999.0 -999 -999 "" "" "" "" 0 0 0.0 0.0 -999 ""
FIBERMAP 458 R-13C8 METROLOGY 0 0 0 1 0 0 12.284051126202169 -245.19954288715724 143.1 243.81719354485153 28.6813976760884 14.615101 168.62115 -999.0 -999.0 -999.0 -999.0 -999.0 277.3691020363364 -34.54241728723555 277.4719506351752 -34.52302835536346 84.03824996424963 158.15765596856082 -999.0 6231.0 -999.0 -1 -999 {-999.0 -999.0 -999.0 -999.0 -999.0} "" -999.0 -999.0 -999.0 -999.0 -999 -999 "" "" "" "" 0 0 0.0 0.0 -999 ""
FIBERMAP 461 R+11C5 APOGEE 1 1 0 1 0 0 -67.86883378829867 196.7683593488234 143.1 -191.7730130657005 -80.89505558329516 351.43036 58.534637 275.7637023925781 -34.87141689253468 -999.0 -999.0 -999.0 275.7636852568836 -34.87140305448396 275.8686150045356 -34.856062180864406 84.08790369332982 171.32362890253395 16000.0 16600.0 2015.5 2 147 {-999.0 -999.0 -999.0 -999.0 -999.0} "" -999.0 -999.0 -999.0 -999.0 27021603147015749 848144156 "" ops_sky_apogee_best ops_sky sky_apogee 0 0 0.0 0.0 -999 ""
FIBERMAP 461 R+11C5 BOSS 0 0 0 1 0 0 -68.32032173832957 196.21018549235572 143.1 -191.18586860687236 -81.30812254869086 351.43036 58.534637 -999.0 -999.0 -999.0 -999.0 -999.0 275.76577770946085 -34.87271628671581 275.87070710923274 -34.85734769153868 84.08635871510079 171.30918891397988 -999.0 5400.0 -999.0 1 150 {-999.0 -999.0 -999.0 -999.0 -999.0} "" -999.0 -999.0 -999.0 -999.0 -999 -999 "" "" "" "" 0 0 0.0 0.0 -999 ""
FIBERMAP 461 R+11C5 METROLOGY 0 0 0 1 0 0 -68.62077128541861 196.89960739291635 143.1 -191.85359101392197 -81.65406941255753 351.43036 58.534637 -999.0 -999.0 -999.0 -999.0 -999.0 275.7632770794054 -34.873744593219115 275.868212880972 -34.85838834850876 84.08566078546568 171.33041873400882 -999.0 6231.0 -999.0 -1 -999 {-999.0 -999.0 -999.0 -999.0 -999.0} "" -999.0 -999.0 -999.0 -999.0 -999 -999 "" "" "" "" 0 0 0.0 0.0 -999 ""
FIBERMAP 462 R+11C9 APOGEE 1 1 0 1 0 0 30.87932685509413 210.69007044452295 143.1 -212.27788001437585 16.69520831237076 41.183487 57.758633 275.69205910950393 -34.575078228326284 -8.281062 -8.306613 0.32520324 275.69198667605104 -34.57511080962676 275.7958199429196 -34.56004472942464 84.38967511815899 171.44213117814527 16000.0 16600.0 2016.0 2 128 {-999.0 12.941588 11.447724 10.355391 -999.0} sdss_psfmag_from_g3xp 12.319074 11.028336 9.915691 7.374 63050395230782331 1151995904 bright_1x1 mwm_galactic_core_dist_apogee_sparse mwm_galactic science 0 0 0.0 0.0 -999 ""
FIBERMAP 462 R+11C9 BOSS 0 0 0 1 0 0 31.002420347972457 209.94063804839877 143.1 -211.53840334709272 16.868223762867714 41.183487 57.758633 -999.0 -999.0 -999.0 -999.0 -999.0 275.69464496080064 -34.57462641772179 275.7984710499803 -34.559532823903496 84.38983512766848 171.41925113815316 -999.0 5400.0 -999.0 1 115 {-999.0 -999.0 -999.0 -999.0 -999.0} "" -999.0 -999.0 -999.0 -999.0 -999 -999 "" "" "" "" 0 0 0.0 0.0 -999 ""
FIBERMAP 462 R+11C9 METROLOGY 0 0 0 1 0 0 30.28978300341453 210.2368347272734 143.1 -211.78618619966227 16.137370871531697 41.183487 57.758633 -999.0 -999.0 -999.0 -999.0 -999.0 275.69366873614683 -34.576823939775295 275.79750480814823 -34.561738088017066 84.38778366646528 171.43085757930842 -999.0 6231.0 -999.0 -1 -999 {-999.0 -999.0 -999.0 -999.0 -999.0} "" -999.0 -999.0 -999.0 -999.0 -999 -999 "" "" "" "" 0 0 0.0 0.0 -999 ""
FIBERMAP 465 R+5C7 APOGEE 1 1 0 1 0 0 -113.84405761327557 102.29580641477894 143.1 -94.43623814377669 -120.43687116281347 165.88828 110.1945 276.1217223823016 -34.9940985954835 -1.6268947 0.04916416 0.24433681 276.1217368928564 -34.99410006555696 276.2269603826478 -34.97779857883097 83.91405259153436 168.77475184427212 16000.0 16600.0 2016.0 2 33 {-999.0 14.303453 12.839693 11.410851 -999.0} sdss_psfmag_from_g3xp 13.703486 12.128142 10.913067 8.209 63050395230550460 1155733516 bright_1x1 mwm_galactic_core_dist_apogee_extra mwm_galactic science 0 0 0.0 0.0 -999 ""
FIBERMAP 465 R+5C7 BOSS 0 0 0 1 0 0 -113.91539666690804 103.0342193372594 143.1 -95.16818739575436 -120.5575120911947 165.88828 110.1945 -999.0 -999.0 -999.0 -999.0 -999.0 276.1189827656325 -34.994521552816956 276.22420346440686 -34.978204668412424 83.91412421762296 168.796389692282 -999.0 5400.0 -999.0 1 55 {-999.0 -999.0 -999.0 -999.0 -999.0} "" -999.0 -999.0 -999.0 -999.0 -999 -999 "" "" "" "" 0 0 0.0 0.0 -999 ""
FIBERMAP 465 R+5C7 METROLOGY 0 0 0 1 0 0 -113.23148458075698 102.71602514492977 143.1 -94.8965329796036 -119.85384535153877 165.88828 110.1945 -999.0 -999.0 -999.0 -999.0 -999.0 276.11998606912243 -34.992404797425465 276.2251997766747 -34.97609231403791 83.91602124098003 168.7847216170312 -999.0 6231.0 -999.0 -1 -999 {-999.0 -999.0 -999.0 -999.0 -999.0} "" -999.0 -999.0 -999.0 -999.0 -999 -999 "" "" "" "" 0 0 0.0 0.0 -999 ""
FIBERMAP 468 R-2C9 APOGEE 1 1 0 1 0 0 -93.28480669253719 -51.16365602575099 143.1 57.295859525907694 -89.64462010013997 253.3679 120.10089 276.6838073730469 -34.902680664561075 -999.0 -999.0 -999.0 276.6838116900023 -34.90265666640548 276.7883987780025 -34.88493510860996 83.88994368226427 164.35922587416368 16000.0 16600.0 2015.5 2 300 {-999.0 -999.0 -999.0 -999.0 -999.0} "" -999.0 -999.0 -999.0 -999.0 27021603184480157 848784724 "" ops_sky_apogee_best ops_sky sky_apogee 0 0 0.0 0.0 -999 ""
FIBERMAP 468 R-2C9 BOSS 0 0 0 1 0 0 -94.00838973410228 -51.31078381525049 143.1 57.491122843279285 -90.35669638857426 253.3679 120.10089 -999.0 -999.0 -999.0 -999.0 -999.0 276.68457589239335 -34.90488754180467 276.78916306958195 -34.88714134183969 83.88765034602712 164.35954161826126 -999.0 5400.0 -999.0 1 496 {-999.0 -999.0 -999.0 -999.0 -999.0} "" -999.0 -999.0 -999.0 -999.0 -999 -999 "" "" "" "" 0 0 0.0 0.0 -999 ""
FIBERMAP 468 R-2C9 METROLOGY 0 0 0 1 0 0 -93.77936479392764 -50.61301288600802 143.1 56.779602132951574 -90.17493614173617 253.3679 120.10089 -999.0 -999.0 -999.0 -999.0 -999.0 276.6819486129746 -34.904337993451485 276.786537335782 -34.886604958006494 83.88878282319804 164.37747171673846 -999.0 6231.0 -999.0 -1 -999 {-999.0 -999.0 -999.0 -999.0 -999.0} "" -999.0 -999.0 -999.0 -999.0 -999 -999 "" "" "" "" 0 0 0.0 0.0 -999 ""
FIBERMAP 470 R+2C23 APOGEE 1 1 0 1 0 0 209.6148891383942 35.6099562421034 143.1 -49.57034321775546 206.75118196485082 206.0502 103.198204 276.29401849316855 -34.003265955559954 -4.5536823 -4.9964995 0.07932251 276.2940207521235 -34.00326860742848 276.39540084722546 -33.98682361724055 84.84292996287523 164.96193509469234 16000.0 16600.0 2016.0 2 74 {-999.0 15.290847 13.878169 12.908414 -999.0} sdss_psfmag_from_g3xp 14.630346 13.573581 12.446469 10.013 63050395231175270 1151996167 bright_1x1 mwm_galactic_core_dist_apogee_sparse mwm_galactic science 0 0 0.0 0.0 -999 ""
FIBERMAP 470 R+2C23 BOSS 0 0 0 1 0 0 209.1022371074103 36.14988174698057 143.1 -50.07469535779369 206.20353122894232 206.0502 103.198204 -999.0 -999.0 -999.0 -999.0 -999.0 276.29215886730356 -34.004884859339796 276.39353955906154 -33.9884255522318 84.84181110798309 164.98332129000445 -999.0 5400.0 -999.0 1 233 {-999.0 -999.0 -999.0 -999.0 -999.0} "" -999.0 -999.0 -999.0 -999.0 -999 -999 "" "" "" "" 0 0 0.0 0.0 -999 ""
FIBERMAP 470 R+2C23 METROLOGY 0 0 0 1 0 0 209.84520422158633 36.321110590654015 143.1 -50.29530323448055 206.93333288535865 206.0502 103.198204 -999.0 -999.0 -999.0 -999.0 -999.0 276.2913587318103 -34.0026470486379 276.39273324605165 -33.98619576465633 84.8441387220005 164.98369740488897 -999.0 6231.0 -999.0 -1 -999 {-999.0 -999.0 -999.0 -999.0 -999.0} "" -999.0 -999.0 -999.0 -999.0 -999 -999 "" "" "" "" 0 0 0.0 0.0 -999 ""
FIBERMAP 472 R-1C15 APOGEE 0 0 0 1 0 0 22.57042420852637 -21.81508948899734 143.1 20.253371562004695 23.98027020618644 178.71832 131.55464 -999.0 -999.0 -999.0 -999.0 -999.0 276.54776170936185 -34.55752244002196 276.65110399347816 -34.54025589118371 84.25250303305208 164.45188439704685 -999.0 16600.0 -999.0 2 -999 {-999.0 -999.0 -999.0 -999.0 -999.0} "" -999.0 -999.0 -999.0 -999.0 -999 -999 "" "" "" "" 0 0 0.0 0.0 -999 ""
FIBERMAP 472 R-1C15 BOSS 1 1 0 1 0 0 22.106645291240962 -21.22769447407321 143.1 19.698384320597768 23.47820119351046 178.71832 131.55464 276.5457232955402 -34.559028661136345 -4.1777725 -7.3021817 0.30591923 276.54573354240006 -34.5590487102749 276.6490752003764 -34.54176622043534 84.25153031873789 164.47217007478073 5400.0 5400.0 2016.0 1 326 {-999.0 19.203358 19.734764 20.102747 -999.0} sdss_psfmag_gaia 19.478397 19.493828 19.92887 -999.0 63050395230882979 1143361489 dark_2x1 mwm_wd_pwd_boss_2x1 mwm_wd science 0 0 0.0 0.0 -999 ""
FIBERMAP 472 R-1C15 METROLOGY 0 0 0 1 0 0 22.834684654717194 -21.115329077588466 143.1 19.537505560290956 24.1970522917329 178.71832 131.55464 -999.0 -999.0 -999.0 -999.0 -999.0 276.5451462266672 -34.55685598954116 276.6484819775101 -34.53958154924341 84.25376377721227 164.4706480298464 -999.0 6231.0 -999.0 -1 -999 {-999.0 -999.0 -999.0 -999.0 -999.0} "" -999.0 -999.0 -999.0 -999.0 -999 -999 "" "" "" "" 0 0 0.0 0.0 -999 ""
FIBERMAP 474 R-3C8 APOGEE 0 0 0 1 0 0 -116.03632130251782 -72.09999254065913 143.1 79.70849955765492 -110.9417440758647 279.765 45.03561 -999.0 -999.0 -999.0 -999.0 -999.0 276.7666201528369 -34.96719817086172 276.8714112497686 -34.94924389130748 83.80858982013177 163.92640175255386 -999.0 16600.0 -999.0 2 -999 {-999.0 -999.0 -999.0 -999.0 -999.0} "" -999.0 -999.0 -999.0 -999.0 -999 -999 "" "" "" "" 0 0 0.0 0.0 -999 ""
FIBERMAP 474 R-3C8 BOSS 1 1 0 1 0 0 -116.71730850927877 -71.59615017403418 143.1 79.25142462652559 -111.65492877023266 279.765 45.03561 276.7649784489283 -34.96941373786135 -2.8296726 -16.056116 4.8662796 276.7649800584535 -34.96943535903508 276.86977219849337 -34.951462384004024 83.80686684837275 163.944373592305 5400.0 5400.0 2016.0 1 477 {-999.0 20.641403 19.922585 19.662031 -999.0} sdss_psfmag_gaia 20.287054 19.966045 19.15983 -999.0 63050396520163597 1143422151 dark_2x1 mwm_wd_pwd_boss_2x1 mwm_wd science 0 0 0.0 0.0 -999 ""
FIBERMAP 474 R-3C8 METROLOGY 0 0 0 1 0 0 -115.99069934845097 -71.35338899519257 143.1 78.96054341197622 -110.9462395363482 279.765 45.03561 -999.0 -999.0 -999.0 -999.0 -999.0 276.76391526881235 -34.967294571326896 276.868702142653 -34.9493312940507 83.80916184678728 163.94631342312627 -999.0 6231.0 -999.0 -1 -999 {-999.0 -999.0 -999.0 -999.0 -999.0} "" -999.0 -999.0 -999.0 -999.0 -999 -999 "" "" "" "" 0 0 0.0 0.0 -999 ""
FIBERMAP 477 R-7C14 APOGEE 1 1 0 1 0 0 75.12292193218231 -149.2631299796479 143.1 143.89024031514475 84.95032197800995 261.31516 111.37163 277.0024108886718 -34.372797313603044 -999.0 -999.0 -999.0 277.0024151082146 -34.37280216283892 277.1048243636658 -34.354421873968384 84.30839720990008 160.29667632818214 16000.0 16600.0 2015.5 2 197 {-999.0 -999.0 -999.0 -999.0 -999.0} "" -999.0 -999.0 -999.0 -999.0 27021603184480603 848784749 "" ops_sky_apogee_best ops_sky sky_apogee 0 0 0.0 0.0 -999 ""
FIBERMAP 477 R-7C14 BOSS 0 0 0 1 0 0 74.39504020881125 -149.43858052575476 143.1 144.11404972471934 84.2358540948055 261.31516 111.37163 -999.0 -999.0 -999.0 -999.0 -999.0 277.0033217444699 -34.37495351571599 277.10572939150245 -34.35655026901634 84.30614234353516 160.29730371014816 -999.0 5400.0 -999.0 1 272 {-999.0 -999.0 -999.0 -999.0 -999.0} "" -999.0 -999.0 -999.0 -999.0 -999 -999 "" "" "" "" 0 0 0.0 0.0 -999 ""
FIBERMAP 477 R-7C14 METROLOGY 0 0 0 1 0 0 74.59791478054399 -148.71887038467463 143.1 143.38239161623252 84.3900539808249 261.31516 111.37163 -999.0 -999.0 -999.0 -999.0 -999.0 277.00065665005457 -34.37447158806703 277.10306649790095 -34.35608100183484 84.30736541458059 160.31631531924984 -999.0 6231.0 -999.0 -1 -999 {-999.0 -999.0 -999.0 -999.0 -999.0} "" -999.0 -999.0 -999.0 -999.0 -999 -999 "" "" "" "" 0 0 0.0 0.0 -999 ""
FIBERMAP 479 R-1C14 APOGEE 0 0 0 1 0 0 -10.923086162562868 -22.929568448070725 143.1 23.608963787611223 -9.362162070035337 270.26587 12.0989895 -999.0 -999.0 -999.0 -999.0 -999.0 276.5598600984549 -34.658816230115065 276.6635809726823 -34.64148779027996 84.15250401184844 164.63804700852683 -999.0 16600.0 -999.0 2 230 {-999.0 -999.0 -999.0 -999.0 -999.0} "" -999.0 -999.0 -999.0 -999.0 -999 -999 "" ops_sky_apogee_best_unassigned ops_sky sky_apogee 0 0 0.0 0.0 -999 ""
FIBERMAP 479 R-1C14 BOSS 1 1 0 1 0 0 -10.951108305844539 -22.184180761834885 143.1 22.867153982100753 -9.440052147570348 270.26587 12.0989895 276.5572017172859 -34.659098773146496 -29.457163 -29.40322 3.8349035 276.5571458932615 -34.659074987463434 276.66086163079615 -34.64173238039223 84.15289884528403 164.65979559731142 5400.0 5400.0 2016.0 1 339 {-999.0 18.126198 16.445917 15.496954 -999.0} sdss_psfmag_gaia 17.30162 16.149166 15.019763 12.962 63050395230875442 1078097568 bright_flexible_2x1 mwm_snc_ext_main_boss mwm_snc science 0 0 0.0 0.0 -999 ""
FIBERMAP 479 R-1C14 METROLOGY 0 0 0 1 0 0 -10.291098436743212 -22.538530318910244 143.1 23.176482424507533 -8.757811119761064 270.26587 12.0989895 -999.0 -999.0 -999.0 -999.0 -999.0 276.558294288642 -34.656999240028796 276.66200366998646 -34.63966028491366 84.1546229293477 164.64522086109255 -999.0 6231.0 -999.0 -1 -999 {-999.0 -999.0 -999.0 -999.0 -999.0} "" -999.0 -999.0 -999.0 -999.0 -999 -999 "" "" "" "" 0 0 0.0 0.0 -999 ""
FIBERMAP 480 R+9C15 APOGEE 0 0 0 1 0 0 107.86891882832127 162.23000660745697 143.1 -169.0857491692463 96.75536680490927 268.43604 57.412277 -999.0 -999.0 -999.0 -999.0 -999.0 275.85334463673036 -34.33378611614636 275.95618461329605 -34.31837688055717 84.60463678991175 169.6449809793612 -999.0 16600.0 -999.0 2 -999 {-999.0 -999.0 -999.0 -999.0 -999.0} "" -999.0 -999.0 -999.0 -999.0 -999 -999 "" "" "" "" 0 0 0.0 0.0 -999 ""
FIBERMAP 480 R+9C15 BOSS 1 1 0 1 0 0 107.23805593986727 162.6300486501247 143.1 -169.4426183331667 96.099145415025 268.43604 57.412277 275.8519597447932 -34.33574900290445 -3.9842522 -6.159234 0.2587554 275.8519567970284 -34.335755736892104 275.9548002313247 -34.32032959122987 84.6029371558548 169.66086594074832 5400.0 5400.0 2016.0 1 237 {-999.0 17.918163 17.485327 17.345728 -999.0} sdss_psfmag_gaia 17.860235 17.513418 17.036348 16.655 63050395231098121 979951051 "" ops_std_boss ops_std standard_boss 0 0 0.0 0.0 -999 ""
FIBERMAP 480 R+9C15 METROLOGY 0 0 0 1 0 0 107.91936077800705 162.97629999916563 143.1 -169.83371874968233 96.75570111885065 268.43604 57.412277 -999.0 -999.0 -999.0 -999.0 -999.0 275.8505240976016 -34.33374044906962 275.95336193202024 -34.318324251993104 84.60513163096013 169.66921735822976 -999.0 6231.0 -999.0 -1 -999 {-999.0 -999.0 -999.0 -999.0 -999.0} "" -999.0 -999.0 -999.0 -999.0 -999 -999 "" "" "" "" 0 0 0.0 0.0 -999 ""
FIBERMAP 482 R+7C10 APOGEE 1 1 0 1 0 0 0.9726691942018224 138.3307661339243 143.1 -138.08029596049403 -8.296022097331376 6.3384776 122.269325 275.96346156384 -34.652940667224165 -7.2434273 -10.141928 0.1993108 275.9634200409966 -34.65298685082091 276.0674176122909 -34.63719700362373 84.27410282375551 169.35270485984555 16000.0 16600.0 2016.0 2 137 {-999.0 14.397467 13.168425 12.666724 -999.0} sdss_psfmag_from_g3xp 13.933997 13.149048 12.286068 10.347 63050395230618186 1151995580 bright_1x1 mwm_galactic_core_dist_apogee_sparse mwm_galactic science 0 0 0.0 0.0 -999 ""
FIBERMAP 482 R+7C10 BOSS 0 0 0 1 0 0 1.4805990103310815 137.77044656110033 143.1 -137.5552799546074 -7.751716648184253 6.3384776 122.269325 -999.0 -999.0 -999.0 -999.0 -999.0 275.96529407410463 -34.65137293082147 276.0692794368025 -34.63555766080461 84.27540911796773 169.33441879503536 -999.0 5400.0 -999.0 1 132 {-999.0 -999.0 -999.0 -999.0 -999.0} "" -999.0 -999.0 -999.0 -999.0 -999 -999 "" "" "" "" 0 0 0.0 0.0 -999 ""
FIBERMAP 482 R+7C10 METROLOGY 0 0 0 1 0 0 0.7266294108427207 137.62353160469408 143.1 -137.3581934564259 -8.494124419229147 6.3384776 122.269325 -999.0 -999.0 -999.0 -999.0 -999.0 275.9659777742264 -34.65362544707774 276.0699728349804 -34.63781369883382 84.27308493315114 169.33326054068817 -999.0 6231.0 -999.0 -1 -999 {-999.0 -999.0 -999.0 -999.0 -999.0} "" -999.0 -999.0 -999.0 -999.0 -999 -999 "" "" "" "" 0 0 0.0 0.0 -999 ""
FIBERMAP 486 R-1C9 APOGEE 1 1 0 1 0 0 -95.46021314649363 -32.521728322284375 143.1 38.842192480599095 -93.06384445518042 299.57776 109.69934 276.6155311528583 -34.91299599573677 1.1893101 -5.2506437 0.105605654 276.61550043307307 -34.91297770377987 276.72016227170855 -34.89542885359169 83.89569854099884 164.89175330428418 16000.0 16600.0 2016.0 2 279 {-999.0 14.31789 13.31425 12.898681 -999.0} sdss_psfmag_from_g3xp 13.980596 13.316202 12.531704 10.72 63050396520182905 1153147442 bright_1x1 mwm_galactic_core_dist_apogee_sparse mwm_galactic science 0 0 0.0 0.0 -999 ""
FIBERMAP 486 R-1C9 BOSS 0 0 0 1 0 0 -96.0101074776687 -33.0291774811853 143.1 39.38532000535361 -93.57849120469209 299.57776 109.69934 -999.0 -999.0 -999.0 -999.0 -999.0 276.61754088603715 -34.91461455662268 276.72220015649737 -34.897037917689744 83.89368824642835 164.88086296586795 -999.0 5400.0 -999.0 1 458 {-999.0 -999.0 -999.0 -999.0 -999.0} "" -999.0 -999.0 -999.0 -999.0 -999 -999 "" "" "" "" 0 0 0.0 0.0 -999 ""
FIBERMAP 486 R-1C9 METROLOGY 0 0 0 1 0 0 -96.17040607228816 -32.28317309043751 143.1 38.65175580927065 -93.78839723213969 299.57776 109.69934 -999.0 -999.0 -999.0 -999.0 -999.0 276.6148259608151 -34.91525113686514 276.7194912784473 -34.89768753756214 83.89368164678184 164.9026237740718 -999.0 6231.0 -999.0 -1 -999 {-999.0 -999.0 -999.0 -999.0 -999.0} "" -999.0 -999.0 -999.0 -999.0 -999 -999 "" "" "" "" 0 0 0.0 0.0 -999 ""
FIBERMAP 491 R+1C18 APOGEE 1 1 0 1 0 0 115.85376002048618 23.81264552666039 143.1 -31.5190996465661 113.99426188211734 34.819168 97.31609 276.35833740234375 -34.28386964926534 -999.0 -999.0 -999.0 276.3583300740673 -34.28387093428557 276.46073288494597 -34.26717522509517 84.55843153705986 165.22334209642136 16000.0 16600.0 2015.5 2 79 {-999.0 -999.0 -999.0 -999.0 -999.0} "" -999.0 -999.0 -999.0 -999.0 27021603147017409 848144247 "" ops_sky_apogee_best ops_sky sky_apogee 0 0 0.0 0.0 -999 ""
FIBERMAP 491 R+1C18 BOSS 0 0 0 1 0 0 116.36086288251289 23.262413165823943 143.1 -31.004092441008567 114.5370665439969 34.819168 97.31609 -999.0 -999.0 -999.0 -999.0 -999.0 276.36021819168985 -34.282192203982504 276.46260704863676 -34.265472474876624 84.5596527200467 165.20276450736043 -999.0 5400.0 -999.0 1 240 {-999.0 -999.0 -999.0 -999.0 -999.0} "" -999.0 -999.0 -999.0 -999.0 -999 -999 "" "" "" "" 0 0 0.0 0.0 -999 ""
FIBERMAP 491 R+1C18 METROLOGY 0 0 0 1 0 0 115.62298454587855 23.10425886884723 143.1 -30.796870164979772 113.81146621918285 34.819168 97.31609 -999.0 -999.0 -999.0 -999.0 -999.0 276.3609613337058 -34.28437640087091 276.46335994595836 -34.267659662439094 84.55737876380533 165.202680450665 -999.0 6231.0 -999.0 -1 -999 {-999.0 -999.0 -999.0 -999.0 -999.0} "" -999.0 -999.0 -999.0 -999.0 -999 -999 "" "" "" "" 0 0 0.0 0.0 -999 ""
FIBERMAP 492 R-4C12 APOGEE 0 0 0 1 0 0 -0.7320859179673753 -87.5924806707383 143.1 87.44166310286292 5.1372109533825805 236.6995 142.2073 -999.0 -999.0 -999.0 -999.0 -999.0 276.7954279773432 -34.61499640080553 276.89886123815734 -34.59707496504526 84.13702553614591 162.69660690115856 -999.0 16600.0 -999.0 2 -999 {-999.0 -999.0 -999.0 -999.0 -999.0} "" -999.0 -999.0 -999.0 -999.0 -999 -999 "" "" "" "" 0 0 0.0 0.0 -999 ""
FIBERMAP 492 R-4C12 BOSS 1 1 0 1 0 0 -1.439428553603206 -87.85995548548689 143.1 87.75591094270983 4.449399796353643 236.6995 142.2073 276.79697358601726 -34.616788794140895 -91.834885 -104.10749 10.704228 276.7966568241563 -34.61710294322369 276.90008898742906 -34.599156803612736 84.13473101281936 162.69366110524552 5400.0 5400.0 2016.0 1 408 {-999.0 20.576172 19.853838 19.591711 -999.0} sdss_psfmag_gaia 20.442875 19.897282 19.31193 -999.0 63050396520270129 1143422166 dark_2x1 mwm_wd_pwd_boss_2x1 mwm_wd science 0 0 0.0 0.0 -999 ""
FIBERMAP 492 R-4C12 METROLOGY 0 0 0 1 0 0 -1.3060367446405798 -87.11281551111416 143.1 87.00154008369701 4.532437993484592 236.6995 142.2073 -999.0 -999.0 -999.0 -999.0 -999.0 276.7938832476194 -34.61684447915447 276.8973182704261 -34.5989114783541 84.13568414734462 162.7140803434129 -999.0 6231.0 -999.0 -1 -999 {-999.0 -999.0 -999.0 -999.0 -999.0} "" -999.0 -999.0 -999.0 -999.0 -999 -999 "" "" "" "" 0 0 0.0 0.0 -999 ""
FIBERMAP 494 R+10C13 APOGEE 0 0 0 1 0 0 81.94052888265239 187.91869737145845 143.1 -192.97894097596773 69.16530870002393 187.38702 143.34624 -999.0 -999.0 -999.0 -999.0 -999.0 275.76480405853874 -34.4167458693588 275.8680008842824 -34.40153989135478 84.5361154235313 170.56147909731044 -999.0 16600.0 -999.0 2 -999 {-999.0 -999.0 -999.0 -999.0 -999.0} "" -999.0 -999.0 -999.0 -999.0 -999 -999 "" "" "" "" 0 0 0.0 0.0 -999 ""
FIBERMAP 494 R+10C13 BOSS 1 1 0 1 0 0 81.27102504275103 188.26526284711176 143.1 -193.2798671176699 68.47411680205052 187.38702 143.34624 275.76362118119505 -34.41881707613534 -0.8023908 -8.086828 0.87356734 275.7636182118593 -34.418833104562616 275.8668192028978 -34.403609343415475 84.53424675985717 170.57533538245082 5400.0 5400.0 2016.0 1 103 {-999.0 19.302286 19.463675 19.577309 -999.0} sdss_psfmag_gaia 19.472345 19.368464 19.333504 -999.0 63050395230829491 1143361423 dark_2x1 mwm_wd_pwd_boss_2x1 mwm_wd science 0 0 0.0 0.0 -999 ""
FIBERMAP 494 R+10C13 METROLOGY 0 0 0 1 0 0 81.9127339510206 188.66617690868452 143.1 -193.72285307993067 69.08750518724392 187.38702 143.34624 -999.0 -999.0 -999.0 -999.0 -999.0 275.7619902745624 -34.41694835796768 275.8651861374708 -34.40173509993664 84.53632631348921 170.585855854091 -999.0 6231.0 -999.0 -1 -999 {-999.0 -999.0 -999.0 -999.0 -999.0} "" -999.0 -999.0 -999.0 -999.0 -999 -999 "" "" "" "" 0 0 0.0 0.0 -999 ""
FIBERMAP 496 R-9C5 APOGEE 1 0 1 1 0 0 -99.33009195645377 -167.06559928271736 143.1 173.33831142879063 -87.91209718524641 14.485266 167.40822 277.15027980993136 -34.85476780730542 -2.8223112 -6.0030427 0.07156483 277.11227575559957 -34.89659614142502 277.216615083144 -34.877774271348194 83.78593471549318 161.23217852640835 16000.0 16600.0 2016.0 2 268 {-999.0 15.345813 13.9227495 12.911999 -999.0} sdss_psfmag_from_g3xp 14.77143 13.563878 12.478655 9.98 63050396520111828 1153147417 bright_1x1 mwm_galactic_core_dist_apogee_sparse mwm_galactic science 0 0 0.0 0.0 -999 ""
FIBERMAP 496 R-9C5 BOSS 0 0 1 1 0 0 -98.5765188285681 -167.08648646097194 143.1 173.30867075253724 -87.1588442874412 14.485266 167.40822 -999.0 -999.0 -999.0 -999.0 -999.0 277.11223536136305 -34.894363583954956 277.2165564234318 -34.875520569237764 83.78806819656103 161.22545329327824 -999.0 5400.0 -999.0 1 364 {-999.0 -999.0 -999.0 -999.0 -999.0} "" -999.0 -999.0 -999.0 -999.0 -999 -999 "" "" "" "" 0 0 0.0 0.0 -999 ""
FIBERMAP 496 R-9C5 METROLOGY 0 0 1 1 0 0 -98.97283763368831 -167.7328653841889 143.1 173.9801233630466 -87.51095932422692 14.485266 167.40822 -999.0 -999.0 -999.0 -999.0 -999.0 277.1147355884575 -34.89542515786197 277.21906213549414 -34.87658160418958 83.7863661128087 161.21097672220586 -999.0 6231.0 -999.0 -1 -999 {-999.0 -999.0 -999.0 -999.0 -999.0} "" -999.0 -999.0 -999.0 -999.0 -999 -999 "" "" "" "" 0 0 0.0 0.0 -999 ""
FIBERMAP 499 R+7C3 APOGEE 1 1 0 1 0 0 -159.43000052448173 137.33255355647378 143.1 -126.33934103418707 -168.26583551843007 324.335 154.2126 276.0028170110055 -35.137851695701706 -3.0116189 -4.443273 0.16244563 276.00281130305837 -35.13784970054032 276.10864711362126 -35.121811213466565 83.79198590154967 169.92698542405037 16000.0 16600.0 2016.0 2 17 {-999.0 14.504367 13.134466 12.475011 -999.0} sdss_psfmag_from_g3xp 13.958888 13.026479 12.076489 9.934 63050395230530744 1151995840 bright_1x1 mwm_galactic_core_dist_apogee_sparse mwm_galactic science 0 0 0.0 0.0 -999 ""
FIBERMAP 499 R+7C3 BOSS 0 0 0 1 0 0 -159.09306557011422 136.68926278414713 143.1 -125.72008857541249 -167.8865767176798 324.335 154.2126 -999.0 -999.0 -999.0 -999.0 -999.0 276.00507647961985 -35.13678672582894 276.11090172271236 -35.12071980693751 83.79271286279449 169.90834330029824 -999.0 5400.0 -999.0 1 27 {-999.0 -999.0 -999.0 -999.0 -999.0} "" -999.0 -999.0 -999.0 -999.0 -999 -999 "" "" "" "" 0 0 0.0 0.0 -999 ""
FIBERMAP 499 R+7C3 METROLOGY 0 0 0 1 0 0 -159.8590818104921 136.71858404703363 143.1 -125.69802920329735 -168.65280931739252 324.335 154.2126 -999.0 -999.0 -999.0 -999.0 -999.0 276.00511904884723 -35.1391189318649 276.11095477307026 -35.12305768254536 83.79040823606191 169.91199830232847 -999.0 6231.0 -999.0 -1 -999 {-999.0 -999.0 -999.0 -999.0 -999.0} "" -999.0 -999.0 -999.0 -999.0 -999 -999 "" "" "" "" 0 0 0.0 0.0 -999 ""
FIBERMAP 500 R-7C10 APOGEE 1 1 0 1 0 0 -12.490845967219446 -151.91030861856183 143.1 152.40043139503442 -2.286210326713503 286.5328 93.64896 277.0346126249531 -34.637259336385824 3.8651729 -11.100553 1.8179061 277.0346153051142 -34.63728085851857 277.138008409898 -34.61873745023211 84.05135733488368 160.9613966529427 16000.0 16600.0 2016.0 2 190 {-999.0 9.97285 9.879691 9.877705 -999.0} sdss_psfmag_from_g3xp 10.011518 9.848222 9.551241 9.097 63050396520238009 975388732 "" ops_std_apogee ops_std standard_apogee 0 0 0.0 0.0 -999 ""
FIBERMAP 500 R-7C10 BOSS 0 0 0 1 0 0 -13.19163712254286 -152.1798892290008 143.1 152.71634135663982 -2.967343889245241 286.5328 93.64896 -999.0 -999.0 -999.0 -999.0 -999.0 277.0358723333044 -34.63936662374769 277.1392632763842 -34.620798380482334 84.04906621268016 160.9589442630784 -999.0 5400.0 -999.0 1 388 {-999.0 -999.0 -999.0 -999.0 -999.0} "" -999.0 -999.0 -999.0 -999.0 -999 -999 "" "" "" "" 0 0 0.0 0.0 -999 ""
FIBERMAP 500 R-7C10 METROLOGY 0 0 0 1 0 0 -13.06886531459884 -151.4371990115194 143.1 151.96712151194964 -2.894603382274717 286.5328 93.64896 -999.0 -999.0 -999.0 -999.0 -999.0 277.0331356880487 -34.63914594943055 277.1365299084317 -34.62059075259286 84.05004041044124 160.97860379697542 -999.0 6231.0 -999.0 -1 -999 {-999.0 -999.0 -999.0 -999.0 -999.0} "" -999.0 -999.0 -999.0 -999.0 -999 -999 "" "" "" "" 0 0 0.0 0.0 -999 ""
FIBERMAP 502 R+1C22 APOGEE 1 1 0 1 0 0 208.00396102823578 8.502709844064803 143.1 -22.417034487019027 206.9597839456226 24.23768 48.47527 276.3932722946578 -34.002893627852494 -3.822366 -10.887438 0.21306632 276.39323551625256 -34.00292985421086 276.4945650679109 -33.98622941619635 84.82035878822578 164.08420203231083 16000.0 16600.0 2016.0 2 81 {-999.0 14.556945 13.031789 11.683114 -999.0} sdss_psfmag_from_g3xp 13.906127 12.393405 11.206778 8.514 63050395231166736 1151996389 bright_1x1 mwm_galactic_core_dist_apogee_sparse mwm_galactic science 0 0 0.0 0.0 -999 ""
FIBERMAP 502 R+1C22 BOSS 0 0 0 1 0 0 207.78097777185704 7.783126036504948 143.1 -21.684155387505182 206.7855127938233 24.23768 48.47527 -999.0 -999.0 -999.0 -999.0 -999.0 276.3959113822827 -34.00343033370289 276.49723468365494 -33.98670424045939 84.81926366614566 164.0622565144731 -999.0 5400.0 -999.0 1 245 {-999.0 -999.0 -999.0 -999.0 -999.0} "" -999.0 -999.0 -999.0 -999.0 -999 -999 "" "" "" "" 0 0 0.0 0.0 -999 ""
FIBERMAP 502 R+1C22 METROLOGY 0 0 0 1 0 0 207.27064559068697 8.337629385016516 143.1 -22.203207510747948 206.23920007707216 24.23768 48.47527 -999.0 -999.0 -999.0 -999.0 -999.0 276.3939999052698 -34.00503635470639 276.4953321044992 -33.988319967505134 84.81817363838653 164.08415551270784 -999.0 6231.0 -999.0 -1 -999 {-999.0 -999.0 -999.0 -999.0 -999.0} "" -999.0 -999.0 -999.0 -999.0 -999 -999 "" "" "" "" 0 0 0.0 0.0 -999 ""
FIBERMAP 504 R+7C15 APOGEE 0 0 0 1 0 0 84.99909313591824 126.03534999718325 143.1 -131.44167831316585 76.36232279956786 251.64763 71.51697 -999.0 -999.0 -999.0 -999.0 -999.0 275.99048547806984 -34.396360401627746 276.0934953484109 -34.380578553364344 84.52103043433304 168.60387950023355 -999.0 16600.0 -999.0 2 -999 {-999.0 -999.0 -999.0 -999.0 -999.0} "" -999.0 -999.0 -999.0 -999.0 -999 -999 "" "" "" "" 0 0 0.0 0.0 -999 ""
FIBERMAP 504 R+7C15 BOSS 1 1 0 1 0 0 84.40372028485683 126.4816229574107 143.1 -131.8470503093729 75.73841356313498 251.64763 71.51697 275.9889221191406 -34.398222554208076 -999.0 -999.0 -999.0 275.98891366817804 -34.39823008298526 276.0919261729914 -34.38243159814718 84.5194893311757 168.62120054888737 5400.0 5400.0 2015.5 1 195 {-999.0 -999.0 -999.0 -999.0 -999.0} "" -999.0 -999.0 -999.0 -999.0 27021603147017997 852437657 "" ops_sky_boss_fallback ops_sky sky_boss 0 0 0.0 0.0 -999 ""
FIBERMAP 504 R+7C15 METROLOGY 0 0 0 1 0 0 85.09088692004312 126.77769231578844 143.1 -132.18847590349816 76.40417926976438 251.64763 71.51697 -999.0 -999.0 -999.0 -999.0 -999.0 275.9876636860298 -34.39619034289321 276.09067056290917 -34.380401407118164 84.52169126165224 168.6273695068772 -999.0 6231.0 -999.0 -1 -999 {-999.0 -999.0 -999.0 -999.0 -999.0} "" -999.0 -999.0 -999.0 -999.0 -999 -999 "" "" "" "" 0 0 0.0 0.0 -999 ""
FIBERMAP 508 R-3C10 APOGEE 0 0 0 1 0 0 -65.73395466362662 -70.18927771057255 143.1 74.43250012796922 -60.88214611382347 247.46828 99.73788 -999.0 -999.0 -999.0 -999.0 -999.0 276.74731259675457 -34.815410984683304 276.8515335318268 -34.79755249658592 83.95826199459962 163.64884930482964 -999.0 16600.0 -999.0 2 -999 {-999.0 -999.0 -999.0 -999.0 -999.0} "" -999.0 -999.0 -999.0 -999.0 -999 -999 "" "" "" "" 0 0 0.0 0.0 -999 ""
FIBERMAP 508 R-3C10 BOSS 1 1 0 1 0 0 -66.47984272717295 -70.02994478897881 143.1 74.32349614489893 -61.63700565621576 247.46828 99.73788 276.74697881688644 -34.8177597093805 -0.1991659 -1.1535695 0.1517609 276.7469665299076 -34.81775813318631 276.85118831388695 -34.79987815871529 83.95612821661112 163.65803983497457 5400.0 5400.0 2016.0 1 494 {-999.0 17.578407 17.20619 17.091116 -999.0} sdss_psfmag_gaia 17.534544 17.227106 16.775778 15.85 63050396520201211 977445996 "" ops_std_boss ops_std standard_boss 0 0 0.0 0.0 -999 ""
FIBERMAP 508 R-3C10 METROLOGY 0 0 0 1 0 0 -65.96120753235739 -69.47663870627252 143.1 73.73671030774408 -61.15661857345204 247.46828 99.73788 -999.0 -999.0 -999.0 -999.0 -999.0 276.74480569915033 -34.81630008435672 276.8490253944458 -34.798432256612486 83.95803973421884 163.67002245136175 -999.0 6231.0 -999.0 -1 -999 {-999.0 -999.0 -999.0 -999.0 -999.0} "" -999.0 -999.0 -999.0 -999.0 -999 -999 "" "" "" "" 0 0 0.0 0.0 -999 ""
FIBERMAP 510 R-3C24 APOGEE 1 1 0 1 0 0 247.5511705259327 -69.49009107146418 143.1 52.748631416498846 251.64132437303354 243.56812 99.33148 276.6678507463778 -33.86917869228564 -1.1576334 -2.133761 0.14144327 276.6678671447999 -33.86916517741767 276.76855888789134 -33.851798281343015 84.876532614011 161.2094662231324 16000.0 16600.0 2016.0 2 238 {-999.0 15.013715 13.5178385 12.6687765 -999.0} sdss_psfmag_from_g3xp 14.390101 13.2837105 12.2479925 9.949 63050395231188857 1151996251 bright_1x1 mwm_galactic_core_dist_apogee_sparse mwm_galactic science 0 0 0.0 0.0 -999 ""
FIBERMAP 510 R-3C24 BOSS 0 0 0 1 0 0 246.82112444095324 -69.29534252240256 143.1 52.60323139414622 250.8998982482878 243.56812 99.33148 -999.0 -999.0 -999.0 -999.0 -999.0 276.667348860255 -33.87139828800413 276.76804134480574 -33.85401395070661 84.87459392986177 161.22240417719854 -999.0 5400.0 -999.0 1 348 {-999.0 -999.0 -999.0 -999.0 -999.0} "" -999.0 -999.0 -999.0 -999.0 -999 -999 "" "" "" "" 0 0 0.0 0.0 -999 ""
FIBERMAP 510 R-3C24 METROLOGY 0 0 0 1 0 0 247.34493882237945 -68.78498666232372 143.1 52.05895083852007 251.38832984078044 243.56812 99.33148 -999.0 -999.0 -999.0 -999.0 -999.0 276.6653746187501 -33.86987682496949 276.76606465519797 -33.852503162322265 84.87657159559986 161.23396408132373 -999.0 6231.0 -999.0 -1 -999 {-999.0 -999.0 -999.0 -999.0 -999.0} "" -999.0 -999.0 -999.0 -999.0 -999 -999 "" "" "" "" 0 0 0.0 0.0 -999 ""
FIBERMAP 511 R-1C13 APOGEE 0 0 0 1 0 0 -21.308888242465883 -0.42130038464696185 143.1 1.8477743878043187 -21.232046107080734 183.12749 35.120094 -999.0 -999.0 -999.0 -999.0 -999.0 276.47937190618734 -34.6946933174787 276.58327031102533 -34.67756123865114 84.13600248879804 165.35783993880239 -999.0 16600.0 -999.0 2 180 {-999.0 -999.0 -999.0 -999.0 -999.0} "" -999.0 -999.0 -999.0 -999.0 -999 -999 "" ops_sky_apogee_best_unassigned ops_sky sky_apogee 0 0 0.0 0.0 -999 ""
FIBERMAP 511 R-1C13 BOSS 1 1 0 1 0 0 -20.721862421593414 0.03399585693701823 143.1 1.3541934275348826 -20.67685898166383 183.12749 35.120094 276.47758559455224 -34.692962821203935 -11.836341 -23.742636 8.006754 276.4775629963381 -34.69303719756428 276.5814488233964 -34.675889069725685 84.13801567181146 165.36756604812632 5400.0 5400.0 2016.0 1 431 {-999.0 18.774311 18.752316 18.781178 -999.0} sdss_psfmag_gaia 18.723185 18.707655 18.357328 -999.0 63050395230876018 1143361481 dark_2x1 mwm_wd_pwd_boss_2x1 mwm_wd science 0 0 0.0 0.0 -999 ""
FIBERMAP 511 R-1C13 METROLOGY 0 0 0 1 0 0 -20.61837229160622 -0.7039292469547576 143.1 2.0835022445008486 -20.52417301342046 183.12749 35.120094 -999.0 -999.0 -999.0 -999.0 -999.0 276.4802576351766 -34.692575808004214 276.58414236618046 -34.675426893005145 84.13786536656143 165.34545940857797 -999.0 6231.0 -999.0 -1 -999 {-999.0 -999.0 -999.0 -999.0 -999.0} "" -999.0 -999.0 -999.0 -999.0 -999 -999 "" "" "" "" 0 0 0.0 0.0 -999 ""
FIBERMAP 512 R+9C8 APOGEE 1 1 0 1 0 0 -45.196543461744135 171.7357747541188 143.1 -168.31631149177252 -56.59761880694989 184.90575 125.87281 275.85071032686864 -34.79857792559557 -0.9270783 -9.90642 0.1020664 275.85070374542534 -34.79860239745389 275.9553123318208 -34.783059106465934 84.14790709440061 170.51926418660113 16000.0 16600.0 2016.0 2 134 {-999.0 14.728826 13.419076 12.83798 -999.0} sdss_psfmag_from_g3xp 14.219418 13.360495 12.451626 10.344 63050395230610030 1151995556 bright_1x1 mwm_galactic_core_dist_apogee_sparse mwm_galactic science 0 0 0.0 0.0 -999 ""
FIBERMAP 512 R+9C8 BOSS 0 0 0 1 0 0 -45.701135974264396 172.28479112734377 143.1 -168.83027364697764 -57.1378373908282 184.90575 125.87281 -999.0 -999.0 -999.0 -999.0 -999.0 275.84872814699867 -34.800264543664774 275.95333937015323 -34.78470419734733 84.14657136578276 170.53773570040607 -999.0 5400.0 -999.0 1 129 {-999.0 -999.0 -999.0 -999.0 -999.0} "" -999.0 -999.0 -999.0 -999.0 -999 -999 "" "" "" "" 0 0 0.0 0.0 -999 ""
FIBERMAP 512 R+9C8 METROLOGY 0 0 0 1 0 0 -44.963419211509354 172.44502378551132 143.1 -169.03955871855658 -56.41253749605067 184.90575 125.87281 -999.0 -999.0 -999.0 -999.0 -999.0 275.8479521890616 -34.79806056973084 275.95255669478945 -34.78250903379637 84.14884515295769 170.5401748319394 -999.0 6231.0 -999.0 -1 -999 {-999.0 -999.0 -999.0 -999.0 -999.0} "" -999.0 -999.0 -999.0 -999.0 -999 -999 "" "" "" "" 0 0 0.0 0.0 -999 ""
FIBERMAP 513 R+2C25 APOGEE 1 1 0 1 0 0 279.26414626093924 38.11930484777854 143.1 -56.73961591842373 276.0734257630401 332.7808 139.53383 276.2695292437588 -33.79483721973993 -2.3354244 -5.31574 0.40345967 276.26952851170665 -33.79485016301353 276.37014173683906 -33.77853141997405 85.04887827830956 164.5355089192913 16000.0 16600.0 2016.0 2 108 {-999.0 12.3358135 11.260015 10.820383 -999.0} sdss_psfmag_gaia 11.97334 11.270388 10.461589 8.673 63050395231237639 1154351338 bright_1x1 mwm_galactic_core_dist_apogee_sparse mwm_galactic science 0 0 0.0 0.0 -999 ""
FIBERMAP 513 R+2C25 BOSS 0 0 0 1 0 0 279.53860843285247 37.440653756716216 143.1 -56.080898908519856 276.39272303401765 332.7808 139.53383 -999.0 -999.0 -999.0 -999.0 -999.0 276.2719434569758 -33.79394056406661 276.37254582227035 -33.77759804591686 85.04921309700606 164.51024969242613 -999.0 5400.0 -999.0 1 184 {-999.0 -999.0 -999.0 -999.0 -999.0} "" -999.0 -999.0 -999.0 -999.0 -999 -999 "" "" "" "" 0 0 0.0 0.0 -999 ""
FIBERMAP 513 R+2C25 METROLOGY 0 0 0 1 0 0 278.80586264674815 37.530660700366546 143.1 -56.12161546572756 275.6556197764191 332.7808 139.53383 -999.0 -999.0 -999.0 -999.0 -999.0 276.27176176487404 -33.79608710191416 276.37237400283027 -33.77974944841655 85.04718843323127 164.51883883069516 -999.0 6231.0 -999.0 -1 -999 {-999.0 -999.0 -999.0 -999.0 -999.0} "" -999.0 -999.0 -999.0 -999.0 -999 -999 "" "" "" "" 0 0 0.0 0.0 -999 ""
FIBERMAP 516 R+10C9 APOGEE 0 0 0 1 0 0 17.657261218035504 200.21824418080433 143.1 -200.9442302284308 4.204795726833005 59.376404 70.69867 -999.0 -999.0 -999.0 -999.0 -999.0 275.73298576074967 -34.613306019283435 275.8369446018871 -34.59812257902497 84.34665349312768 171.1638958762999 -999.0 16600.0 -999.0 2 -999 {-999.0 -999.0 -999.0 -999.0 -999.0} "" -999.0 -999.0 -999.0 -999.0 -999 -999 "" "" "" "" 0 0 0.0 0.0 -999 ""
FIBERMAP 516 R+10C9 BOSS 1 1 0 1 0 0 18.124423219139974 199.65939840725466 143.1 -200.41795371334382 4.708327653684273 59.376404 70.69867 275.73486328125 -34.61181755140068 -999.0 -999.0 -999.0 275.7348710535243 -34.61181584234513 275.8388190921004 -34.596607049367805 84.3478966154038 171.14592765118493 5400.0 5400.0 2015.5 1 126 {-999.0 -999.0 -999.0 -999.0 -999.0} "" -999.0 -999.0 -999.0 -999.0 27021603147016595 851758231 "" ops_sky_boss_fallback ops_sky sky_boss 0 0 0.0 0.0 -999 ""
FIBERMAP 516 R+10C9 METROLOGY 0 0 0 1 0 0 17.401623015528994 199.51528804688465 143.1 -200.22575338086372 3.996830286113708 59.376404 70.69867 -999.0 -999.0 -999.0 -999.0 -999.0 275.73551213772413 -34.61397108446894 275.83946926538897 -34.59876591273665 84.34567929293567 171.14415165032162 -999.0 6231.0 -999.0 -1 -999 {-999.0 -999.0 -999.0 -999.0 -999.0} "" -999.0 -999.0 -999.0 -999.0 -999 -999 "" "" "" "" 0 0 0.0 0.0 -999 ""
FIBERMAP 517 R+13C10 APOGEE 1 1 0 1 0 0 37.53588600465096 242.02778180730618 143.1 -243.98999678447524 21.237335345993863 270.11926 39.26197 275.5762962190047 -34.56031977177139 -5.901452 -6.32423 0.100121714 275.5762973862645 -34.560316011167664 275.6801299268561 -34.54555297373484 84.41823561489439 172.3861047856414 16000.0 16600.0 2016.0 2 97 {-999.0 14.691438 13.249762 12.492897 -999.0} sdss_psfmag_from_g3xp 14.106892 13.084474 12.08793 9.736 63050395230802527 1151995790 bright_1x1 mwm_galactic_core_dist_apogee_sparse mwm_galactic science 0 0 0.0 0.0 -999 ""
FIBERMAP 517 R+13C10 BOSS 0 0 0 1 0 0 37.09107462244585 242.63472172147354 143.1 -244.5657549230461 20.75288132091471 270.11926 39.26197 -999.0 -999.0 -999.0 -999.0 -999.0 275.5741504337811 -34.56178093105074 275.6779860035001 -34.54700223441316 84.41704881040349 172.40617100963334 -999.0 5400.0 -999.0 1 171 {-999.0 -999.0 -999.0 -999.0 -999.0} "" -999.0 -999.0 -999.0 -999.0 -999 -999 "" "" "" "" 0 0 0.0 0.0 -999 ""
FIBERMAP 517 R+13C10 METROLOGY 0 0 0 1 0 0 37.835216541858145 242.70987295228224 143.1 -244.690583103248 21.490291128747494 270.11926 39.26197 -999.0 -999.0 -999.0 -999.0 -999.0 275.5736774386269 -34.559534983089584 275.6775057033823 -34.54476407594737 84.4193203349792 172.40696979782464 -999.0 6231.0 -999.0 -1 -999 {-999.0 -999.0 -999.0 -999.0 -999.0} "" -999.0 -999.0 -999.0 -999.0 -999 -999 "" "" "" "" 0 0 0.0 0.0 -999 ""
FIBERMAP 519 R-5C15 APOGEE 0 0 0 1 0 0 91.93892214212653 -88.27299008950568 143.1 81.91279401795644 97.64235885406201 55.5748 93.02374 -999.0 -999.0 -999.0 -999.0 -999.0 276.7749265650575 -34.33429527363053 276.8773083355652 -34.316511796814595 84.40837890925079 161.9601082128168 -999.0 16600.0 -999.0 2 -999 {-999.0 -999.0 -999.0 -999.0 -999.0} "" -999.0 -999.0 -999.0 -999.0 -999 -999 "" "" "" "" 0 0 0.0 0.0 -999 ""
FIBERMAP 519 R-5C15 BOSS 1 1 0 1 0 0 92.55851494009231 -88.63341946971629 143.1 82.23089586143466 98.28468230363077 55.5748 93.02374 276.77618663284824 -34.332289040827945 -7.5088444 -7.7258744 0.22392276 276.77615048143207 -34.332320370474605 276.8785158359741 -34.314514515280244 84.40993853490899 161.94371283463667 5400.0 5400.0 2016.0 1 281 {-999.0 18.045399 17.679615 17.567137 -999.0} sdss_psfmag_gaia 17.990753 17.699696 17.238932 16.525 63050395230959690 978633535 "" ops_std_boss ops_std standard_boss 0 0 0.0 0.0 -999 ""
FIBERMAP 519 R-5C15 METROLOGY 0 0 0 1 0 0 91.92222600219836 -89.0207998619128 143.1 82.66001596205568 97.67579493158357 55.5748 93.02374 -999.0 -999.0 -999.0 -999.0 -999.0 276.7777364419473 -34.334151716772006 276.8801102461034 -34.316346839663545 84.40777548418559 161.93711799763236 -999.0 6231.0 -999.0 -1 -999 {-999.0 -999.0 -999.0 -999.0 -999.0} "" -999.0 -999.0 -999.0 -999.0 -999 -999 "" "" "" "" 0 0 0.0 0.0 -999 ""
FIBERMAP 520 R+1C14 APOGEE 0 0 0 1 0 0 0.923699718288173 13.339966261234666 143.1 -13.371405270736835 0.02797730192007772 201.64319 127.142624 -999.0 -999.0 -999.0 -999.0 -999.0 276.4234331326777 -34.62996480530281 276.52711364598576 -34.61299643256823 84.21053840770858 165.62713622347837 -999.0 16600.0 -999.0 2 121 {-999.0 -999.0 -999.0 -999.0 -999.0} "" -999.0 -999.0 -999.0 -999.0 -999 -999 "" ops_sky_apogee_best_unassigned ops_sky sky_apogee 0 0 0.0 0.0 -999 ""
FIBERMAP 520 R+1C14 BOSS 1 1 0 1 0 0 0.3094598231785053 13.768358827678973 143.1 -13.75767380903606 -0.6135581619044774 201.64319 127.142624 276.4219853800098 -34.63192473783068 -7.347971 -7.8279753 2.3899257 276.421994677244 -34.63193051592593 276.52567642871827 -34.61494426917343 84.20897127767692 165.6435354139507 5400.0 5400.0 2016.0 1 101 {-999.0 20.195303 19.774485 19.639765 -999.0} sdss_psfmag_gaia 19.928715 19.801256 19.1177 -999.0 63050395230885194 1143876772 dark_2x1 mwm_wd_gaia_boss_2x1 mwm_wd science 0 0 0.0 0.0 -999 ""
FIBERMAP 520 R+1C14 METROLOGY 0 0 0 1 0 0 0.987125936663352 14.089399891513368 143.1 -14.123377712141952 0.04105590091539626 201.64319 127.142624 -999.0 -999.0 -999.0 -999.0 -999.0 276.42064991434466 -34.6299317610658 276.52432672419275 -34.61295553587754 84.21118237773067 165.648964633234 -999.0 6231.0 -999.0 -1 -999 {-999.0 -999.0 -999.0 -999.0 -999.0} "" -999.0 -999.0 -999.0 -999.0 -999 -999 "" "" "" "" 0 0 0.0 0.0 -999 ""
FIBERMAP 521 R+12C7 APOGEE 0 0 0 1 0 0 -9.301990154405816 226.9625807875602 143.1 -225.82160410120449 -24.48448708393856 345.81354 107.48699 -999.0 -999.0 -999.0 -999.0 -999.0 275.6407433235631 -34.69936561293793 275.74507477721227 -34.684394121954256 84.27314891747118 172.05198919846492 -999.0 16600.0 -999.0 2 -999 {-999.0 -999.0 -999.0 -999.0 -999.0} "" -999.0 -999.0 -999.0 -999.0 -999 -999 "" "" "" "" 0 0 0.0 0.0 -999 ""
FIBERMAP 521 R+12C7 BOSS 1 1 0 1 0 0 -9.239090690371258 226.25389838921382 143.1 -225.11875218825753 -24.37425807070974 345.81354 107.48699 275.6429347804111 -34.69906845984199 0.14931004 -4.4615064 0.10008037 275.6432773088208 -34.699082359746164 275.74760260405014 -34.684083141845974 84.27315044353938 172.03092646607942 5400.0 5400.0 2016.0 1 162 {-999.0 14.968414 14.192859 13.827837 -999.0} sdss_psfmag_from_g3xp 14.714476 14.183828 13.456816 11.994 63050395230760831 1071772965 dark_flexible_2x1 mwm_halo_vmp_xp_boss mwm_halo science 0 0 1.0779368877410889 0.0 -999 ""
FIBERMAP 521 R+12C7 METROLOGY 0 0 0 1 0 0 -9.925782443754098 226.54980797287186 143.1 -225.36798663841952 -25.07920533864412 345.81354 107.48699 -999.0 -999.0 -999.0 -999.0 -999.0 275.64229285932805 -34.70120538895328 275.7466278274728 -34.68621409121743 84.27116084796442 172.04201596975594 -999.0 6231.0 -999.0 -1 -999 {-999.0 -999.0 -999.0 -999.0 -999.0} "" -999.0 -999.0 -999.0 -999.0 -999 -999 "" "" "" "" 0 0 0.0 0.0 -999 ""
FIBERMAP 522 R-4C13 APOGEE 0 0 0 1 0 0 6.594290829176144 -86.88041924452081 143.1 86.2404486072498 12.399171802562268 248.10059 72.35282 -999.0 -999.0 -999.0 -999.0 -999.0 276.7909974696277 -34.59294868742968 276.89434934431813 -34.575045345417536 84.15909929318461 162.66284254799854 -999.0 16600.0 -999.0 2 -999 {-999.0 -999.0 -999.0 -999.0 -999.0} "" -999.0 -999.0 -999.0 -999.0 -999 -999 "" "" "" "" 0 0 0.0 0.0 -999 ""
FIBERMAP 522 R-4C13 BOSS 1 1 0 1 0 0 6.009237016968516 -86.4287601847067 143.1 85.8290115512527 11.785197257300098 248.10059 72.35282 276.78955078125 -34.59482305660967 -999.0 -999.0 -999.0 276.789550765089 -34.59482657614272 276.892902086151 -34.576905567403394 84.15771156724192 162.6797312384608 5400.0 5400.0 2015.5 1 406 {-999.0 -999.0 -999.0 -999.0 -999.0} "" -999.0 -999.0 -999.0 -999.0 27021603184480496 853925221 "" ops_sky_boss_fallback ops_sky sky_boss 0 0 0.0 0.0 -999 ""
FIBERMAP 522 R-4C13 METROLOGY 0 0 0 1 0 0 6.706619250856511 -86.14090552424315 143.1 85.49509759133964 12.461705538298824 248.10059 72.35282 -999.0 -999.0 -999.0 -999.0 -999.0 276.788326954121 -34.5927650965851 276.89167347785985 -34.57485376794883 84.1599779525169 162.68278718596568 -999.0 6231.0 -999.0 -1 -999 {-999.0 -999.0 -999.0 -999.0 -999.0} "" -999.0 -999.0 -999.0 -999.0 -999 -999 "" "" "" "" 0 0 0.0 0.0 -999 ""
FIBERMAP 525 R+2C1 APOGEE 1 1 0 1 0 0 -274.85114639029985 22.705756555277986 143.1 -4.242278997476605 -275.74503125311963 279.3515 84.46303 276.4538518452175 -35.46393102401194 -4.258585 -4.8150277 0.0795969 276.45383829114326 -35.46394981805112 276.5607064827666 -35.44664988394805 83.3963571042672 167.30979213644932 16000.0 16600.0 2016.0 2 4 {-999.0 14.720609 13.591896 13.121229 -999.0} sdss_psfmag_gaia 14.323048 13.591007 12.7522135 10.853 63050396519904978 1155462575 bright_1x1 mwm_galactic_core_dist_apogee_sparse mwm_galactic science 0 0 0.0 0.0 -999 ""
FIBERMAP 525 R+2C1 BOSS 0 0 0 1 0 0 -275.58322942590314 22.629477100608916 143.1 -4.117132965611099 -276.4703341144885 279.3515 84.46303 -999.0 -999.0 -999.0 -999.0 -999.0 276.4543018349437 -35.46613367462694 276.56117107283035 -35.44880774641519 83.39417084612226 167.31101828929903 -999.0 5400.0 -999.0 1 4 {-999.0 -999.0 -999.0 -999.0 -999.0} "" -999.0 -999.0 -999.0 -999.0 -999 -999 "" "" "" "" 0 0 0.0 0.0 -999 ""
FIBERMAP 525 R+2C1 METROLOGY 0 0 0 1 0 0 -275.27366512516477 23.31474148957822 143.1 -4.821570825213093 -276.2073804870151 279.3515 84.46303 -999.0 -999.0 -999.0 -999.0 -999.0 276.45168636817925 -35.46538602476028 276.55855610010303 -35.448073902706945 83.39538600811937 167.32751292184753 -999.0 6231.0 -999.0 -1 -999 {-999.0 -999.0 -999.0 -999.0 -999.0} "" -999.0 -999.0 -999.0 -999.0 -999 -999 "" "" "" "" 0 0 0.0 0.0 -999 ""
FIBERMAP 526 R+6C6 APOGEE 0 0 0 1 0 0 -133.33984396347708 122.25133848878815 143.1 -113.04025840118014 -141.22495122648508 238.68813 21.819595 -999.0 -999.0 -999.0 -999.0 -999.0 276.0525233194509 -35.05652651555606 276.1580212597255 -35.04038452310404 83.86416214449552 169.41300575597015 -999.0 16600.0 -999.0 2 -999 {-999.0 -999.0 -999.0 -999.0 -999.0} "" -999.0 -999.0 -999.0 -999.0 -999 -999 "" "" "" "" 0 0 0.0 0.0 -999 ""
FIBERMAP 526 R+6C6 BOSS 1 1 0 1 0 0 -133.201313581848 122.99966194127545 143.1 -113.79615425959804 -141.13686545986852 238.68813 21.819595 276.0492427761074 -35.05583554470058 124.40837 -168.49995 27.765726 276.0496874881293 -35.05630968797027 276.15518049430136 -35.040152466412195 83.86484567116305 169.43391935215078 5400.0 5400.0 2016.0 1 56 {-999.0 22.570246 21.334246 17.089104 -999.0} sdss_psfmag_gaia 20.508333 17.689276 16.15916 13.011 63050395230541115 1132490496 dark_2x1 mwm_snc_100pc_boss mwm_snc science 0 0 0.0 0.0 -999 ""
FIBERMAP 526 R+6C6 METROLOGY 0 0 0 1 0 0 -132.64083728186966 122.51758626035492 143.1 -113.35272359045321 -140.5453748065616 238.68813 21.819595 -999.0 -999.0 -999.0 -999.0 -999.0 276.05131922988784 -35.05454497273492 276.1568061937959 -35.038390490817264 83.866312599035 169.41847343409052 -999.0 6231.0 -999.0 -1 -999 {-999.0 -999.0 -999.0 -999.0 -999.0} "" -999.0 -999.0 -999.0 -999.0 -999 -999 "" "" "" "" 0 0 0.0 0.0 -999 ""
FIBERMAP 527 R0C23 APOGEE 1 1 0 1 0 0 219.8655169106239 12.940423347987766 143.1 -27.639201914882438 218.49700289352288 117.49248 7.986459 276.37438838030266 -33.96805411673581 0.3815231 -5.6634736 0.09024438 276.37435370853217 -33.96811456782607 276.4755623080782 -33.951473311655626 84.85818457185552 164.140416162761 16000.0 16600.0 2016.0 2 84 {-999.0 15.896464 14.428604 12.814273 -999.0} sdss_psfmag_from_g3xp 15.306483 13.53829 12.275668 9.403 63050395231176100 1151996178 bright_1x1 mwm_galactic_core_dist_apogee_sparse mwm_galactic science 0 0 0.0 0.0 -999 ""
FIBERMAP 527 R0C23 BOSS 0 0 0 1 0 0 220.34848761426866 12.369680200588368 143.1 -27.10211416200287 219.01710443119816 117.49248 7.986459 -999.0 -999.0 -999.0 -999.0 -999.0 276.37632438558353 -33.96652930413527 276.4775193621615 -33.94986497882553 84.85925659821322 164.11789505887495 -999.0 5400.0 -999.0 1 257 {-999.0 -999.0 -999.0 -999.0 -999.0} "" -999.0 -999.0 -999.0 -999.0 -999 -999 "" "" "" "" 0 0 0.0 0.0 -999 ""
FIBERMAP 527 R0C23 METROLOGY 0 0 0 1 0 0 219.59317778866912 12.251766896670114 143.1 -26.933873364913627 218.27141673548067 117.49248 7.986459 -999.0 -999.0 -999.0 -999.0 -999.0 276.3769190363094 -33.96873748262906 276.4781238810888 -33.952076185971784 84.85699473765762 164.11965518700836 -999.0 6231.0 -999.0 -1 -999 {-999.0 -999.0 -999.0 -999.0 -999.0} "" -999.0 -999.0 -999.0 -999.0 -999 -999 "" "" "" "" 0 0 0.0 0.0 -999 ""
FIBERMAP 529 R-10C15 APOGEE 1 1 0 1 0 0 147.49654868553063 -189.89553237016358 143.1 179.5817832628726 159.8806897041587 22.670212 113.3711 277.1314624526532 -34.14613344504768 -0.75718945 -1.0169625 0.16864225 277.13145944415953 -34.14614387494536 277.23294889727754 -34.12750066576148 84.47948609889288 158.42442874643766 16000.0 16600.0 2016.0 2 228 {-999.0 14.2583 12.99364 12.461139 -999.0} sdss_psfmag_from_g3xp 13.7743 12.961281 12.0712805 10.011 63050396520969053 1153148145 bright_1x1 mwm_galactic_core_dist_apogee_sparse mwm_galactic science 0 0 0.0 0.0 -999 ""
FIBERMAP 529 R-10C15 BOSS 0 0 0 1 0 0 148.03406100675073 -190.403573032538 143.1 180.0526579757114 160.45100811191628 22.670212 113.3711 -999.0 -999.0 -999.0 -999.0 -999.0 277.1331944877956 -34.144424272994705 277.23466685142773 -34.125758032783956 84.48053904143237 158.40376622551756 -999.0 5400.0 -999.0 1 330 {-999.0 -999.0 -999.0 -999.0 -999.0} "" -999.0 -999.0 -999.0 -999.0 -999 -999 "" "" "" "" 0 0 0.0 0.0 -999 ""
FIBERMAP 529 R-10C15 METROLOGY 0 0 0 1 0 0 147.31474715418307 -190.6146418003736 143.1 180.31143039477035 159.74747453620793 22.670212 113.3711 -999.0 -999.0 -999.0 -999.0 -999.0 277.13418885028034 -34.146514889157814 277.2356712890762 -34.127850863902765 84.47828759450854 158.40426186527134 -999.0 6231.0 -999.0 -1 -999 {-999.0 -999.0 -999.0 -999.0 -999.0} "" -999.0 -999.0 -999.0 -999.0 -999 -999 "" "" "" "" 0 0 0.0 0.0 -999 ""
FIBERMAP 530 R+6C5 APOGEE 1 1 0 1 0 0 -139.11175810899357 105.10105100219188 143.1 -95.54245469717596 -145.83483587254162 240.69925 123.60245 276.1171638126047 -35.07090654131611 -1.8940296 -4.5791464 0.0610928 276.11715988946304 -35.07093264426195 276.222680927821 -35.05461964063227 83.83960512878423 168.95541273508678 16000.0 16600.0 2016.0 2 30 {-999.0 15.535408 14.185232 13.550913 -999.0} sdss_psfmag_from_g3xp 15.001422 14.0940895 13.157505 10.978 63050395230548275 1151995709 bright_1x1 mwm_galactic_core_dist_apogee_sparse mwm_galactic science 0 0 0.0 0.0 -999 ""
FIBERMAP 530 R+6C5 BOSS 0 0 0 1 0 0 -139.84967986843805 105.05698459714458 143.1 -95.44905709173219 -146.56812201655046 240.69925 123.60245 -999.0 -999.0 -999.0 -999.0 -999.0 276.1174547241076 -35.07322842821969 276.2229786572892 -35.056891300552266 83.83733166707736 168.95752111047287 -999.0 5400.0 -999.0 1 50 {-999.0 -999.0 -999.0 -999.0 -999.0} "" -999.0 -999.0 -999.0 -999.0 -999 -999 "" "" "" "" 0 0 0.0 0.0 -999 ""
FIBERMAP 530 R+6C5 METROLOGY 0 0 0 1 0 0 -139.5458918502674 105.71430880083183 143.1 -96.12523157634367 -146.30905984079723 240.69925 123.60245 -999.0 -999.0 -999.0 -999.0 -999.0 276.1149405190599 -35.0724397165179 276.220464325594 -35.056115735297226 83.83851166340155 168.97481312043055 -999.0 6231.0 -999.0 -1 -999 {-999.0 -999.0 -999.0 -999.0 -999.0} "" -999.0 -999.0 -999.0 -999.0 -999 -999 "" "" "" "" 0 0 0.0 0.0 -999 ""
FIBERMAP 531 R-4C14 APOGEE 0 0 0 1 0 0 26.323463054216727 -77.89806357662822 143.1 75.95697424212231 31.4816201532228 219.96843 70.23293 -999.0 -999.0 -999.0 -999.0 -999.0 276.753109466693 -34.535003229035496 276.85626117871743 -34.51721496732715 84.22387236571741 162.77680148883965 -999.0 16600.0 -999.0 2 -999 {-999.0 -999.0 -999.0 -999.0 -999.0} "" -999.0 -999.0 -999.0 -999.0 -999 -999 "" "" "" "" 0 0 0.0 0.0 -999 ""
FIBERMAP 531 R-4C14 BOSS 1 1 0 1 0 0 26.041728315535646 -77.23913543354547 143.1 75.31842235181547 31.15638810582672 219.96843 70.23293 276.7508162192262 -34.53597555302108 -1.9284534 -3.879653 4.2314653 276.7508196350186 -34.53599157926179 276.85396800730257 -34.51818831038921 84.22354169688037 162.79766253017786 5400.0 5400.0 2016.0 1 270 {-999.0 20.086023 19.607586 19.449389 -999.0} sdss_psfmag_gaia 19.837559 19.640217 18.964985 -999.0 63050396520273867 1143422168 dark_2x1 mwm_wd_pwd_boss_2x1 mwm_wd science 0 0 0.0 0.0 -999 ""
FIBERMAP 531 R-4C14 METROLOGY 0 0 0 1 0 0 26.790776704490487 -77.31401206429055 143.1 75.34295104341905 31.908743222697748 219.96843 70.23293 -999.0 -999.0 -999.0 -999.0 -999.0 276.7509161893804 -34.533698397844496 276.85405816413686 -34.51590142051371 84.22568963677047 162.7898267706782 -999.0 6231.0 -999.0 -1 -999 {-999.0 -999.0 -999.0 -999.0 -999.0} "" -999.0 -999.0 -999.0 -999.0 -999 -999 "" "" "" "" 0 0 0.0 0.0 -999 ""
FIBERMAP 534 R-5C9 APOGEE 1 1 0 1 0 0 -63.3595445098118 -112.38064198086475 143.1 116.36854054397384 -55.686847469869406 273.18246 84.431595 276.90217043665075 -34.79952796278795 -1.7476842 -0.5255679 0.23256229 276.9021681695932 -34.79951900095783 277.0062478509799 -34.78126692443493 83.93430314760792 162.45559798153312 16000.0 16600.0 2016.0 2 266 {-999.0 14.330638 12.905136 11.273496 -999.0} sdss_psfmag_from_g3xp 13.767241 12.018624 10.741054 7.907 63050396520230711 1153147514 bright_1x1 mwm_galactic_core_dist_apogee_sparse mwm_galactic science 0 0 0.0 0.0 -999 ""
FIBERMAP 534 R-5C9 BOSS 0 0 0 1 0 0 -64.10040436546797 -112.34460734357108 143.1 116.38221668892827 -56.42843079788555 273.18246 84.431595 -999.0 -999.0 -999.0 -999.0 -999.0 276.90229859969605 -34.801817830777495 277.00637807016255 -34.78354312740462 83.9321130070533 162.4615508451696 -999.0 5400.0 -999.0 1 361 {-999.0 -999.0 -999.0 -999.0 -999.0} "" -999.0 -999.0 -999.0 -999.0 -999 -999 "" "" "" "" 0 0 0.0 0.0 -999 ""
FIBERMAP 534 R-5C9 METROLOGY 0 0 0 1 0 0 -63.70191772925713 -111.7058583859677 143.1 115.71823141665163 -56.07364176180006 273.18246 84.431595 -999.0 -999.0 -999.0 -999.0 -999.0 276.8998605233517 -34.800745146515936 277.0039397109517 -34.782483162412376 83.933759278018 162.47628151323036 -999.0 6231.0 -999.0 -1 -999 {-999.0 -999.0 -999.0 -999.0 -999.0} "" -999.0 -999.0 -999.0 -999.0 -999 -999 "" "" "" "" 0 0 0.0 0.0 -999 ""
FIBERMAP 536 R+4C9 APOGEE 1 1 0 1 0 0 -63.84215283698945 91.45484693351894 143.1 -86.96953128117894 -69.82284305514167 84.817245 108.70457 276.1503528917651 -34.84081766496271 -1.9464169 -14.680241 1.9764894 276.1503612574759 -34.840862445053446 276.25498325577973 -34.82453366780074 84.0589431483041 168.2497112524115 16000.0 16600.0 2016.0 2 40 {-999.0 10.549047 10.54779 10.585697 -999.0} sdss_psfmag_gaia 10.618354 10.497984 10.277153 9.975 63050395230567491 975474646 "" ops_std_apogee ops_std standard_apogee 0 0 0.0 0.0 -999 ""
FIBERMAP 536 R+4C9 BOSS 0 0 0 1 0 0 -63.11267550301066 91.63288015527449 143.1 -87.1960243599762 -69.10695620973665 84.817245 108.70457 -999.0 -999.0 -999.0 -999.0 -999.0 276.1494879223321 -34.83874455253099 276.2540963629601 -34.82239689001058 84.06118697821361 168.25210029792868 -999.0 5400.0 -999.0 1 66 {-999.0 -999.0 -999.0 -999.0 -999.0} "" -999.0 -999.0 -999.0 -999.0 -999 -999 "" "" "" "" 0 0 0.0 0.0 -999 ""
FIBERMAP 536 R+4C9 METROLOGY 0 0 0 1 0 0 -63.32971568598431 90.91381112550562 143.1 -86.46405697703138 -69.27533233217316 84.817245 108.70457 -999.0 -999.0 -999.0 -999.0 -999.0 276.1521770566773 -34.839271722935194 276.2567878325932 -34.82292313974576 84.06019366271728 168.23236050128708 -999.0 6231.0 -999.0 -1 -999 {-999.0 -999.0 -999.0 -999.0 -999.0} "" -999.0 -999.0 -999.0 -999.0 -999 -999 "" "" "" "" 0 0 0.0 0.0 -999 ""
FIBERMAP 537 R-10C13 APOGEE 0 0 0 1 0 0 87.75794952251458 -208.55241692080472 143.1 202.1978552805703 101.52817857995356 273.31982 105.76 -999.0 -999.0 -999.0 -999.0 -999.0 277.2153607021569 -34.32239750756422 277.31746834488206 -34.30348515423304 84.29017268340506 158.4650450554801 -999.0 16600.0 -999.0 2 -999 {-999.0 -999.0 -999.0 -999.0 -999.0} "" -999.0 -999.0 -999.0 -999.0 -999 -999 "" "" "" "" 0 0 0.0 0.0 -999 ""
FIBERMAP 537 R-10C13 BOSS 1 1 0 1 0 0 86.99139198199332 -208.77379355008455 143.1 202.47007679191807 100.77819961230252 273.31982 105.76 277.2164369955317 -34.324657277913836 0.32880145 -9.605692 1.8970184 277.21642469962904 -34.32466652342406 277.31853023181316 -34.305730979729596 84.28776249383841 158.46569274634183 5400.0 5400.0 2016.0 1 378 {-999.0 17.66009 16.230642 15.546279 -999.0} sdss_psfmag_gaia 17.059153 16.120604 15.130808 13.104 63050396520953384 1076028038 bright_1x1 mwm_erosita_stars_boss mwm_erosita science 0 0 0.0 0.0 -999 ""
FIBERMAP 537 R-10C13 METROLOGY 0 0 0 1 0 0 87.18766015880034 -208.06840425730252 143.1 201.75314940385482 100.9267674990462 273.31982 105.76 -999.0 -999.0 -999.0 -999.0 -999.0 277.21384085749787 -34.32419915829146 277.3159488603584 -34.30527599908474 84.28901000574169 158.4836603959304 -999.0 6231.0 -999.0 -1 -999 {-999.0 -999.0 -999.0 -999.0 -999.0} "" -999.0 -999.0 -999.0 -999.0 -999 -999 "" "" "" "" 0 0 0.0 0.0 -999 ""
FIBERMAP 538 R+13C9 APOGEE 1 1 0 1 0 0 38.89903417558152 232.51527724324748 143.1 -234.5905110322981 23.23459487761168 339.79727 49.999115 275.61070409236686 -34.55455315386723 -2.285904 -7.3608046 0.121489935 275.61070245683754 -34.55458799663386 275.71449673271206 -34.539737895992715 84.41993155071842 172.08945702732 16000.0 16600.0 2016.0 2 98 {-999.0 15.636644 14.194668 13.455778 -999.0} sdss_psfmag_from_g3xp 15.033424 14.044869 13.048767 10.869 63050395230821301 1151995902 bright_1x1 mwm_galactic_core_dist_apogee_sparse mwm_galactic science 0 0 0.0 0.0 -999 ""
FIBERMAP 538 R+13C9 BOSS 0 0 0 1 0 0 38.24579152954552 232.13592236445302 143.1 -234.16826244199314 22.608254869044888 339.79727 49.999115 -999.0 -999.0 -999.0 -999.0 -999.0 275.61218145718846 -34.556515273857485 275.7159786321108 -34.541640036629786 84.41787138985427 172.079899884141 -999.0 5400.0 -999.0 1 172 {-999.0 -999.0 -999.0 -999.0 -999.0} "" -999.0 -999.0 -999.0 -999.0 -999 -999 "" "" "" "" 0 0 0.0 0.0 -999 ""
FIBERMAP 538 R+13C9 METROLOGY 0 0 0 1 0 0 38.25668365587858 232.87771712166693 143.1 -234.90909429723519 22.569430953414283 339.79727 49.999115 -999.0 -999.0 -999.0 -999.0 -999.0 275.60942698442483 -34.55659821712195 275.7132268581571 -34.54173593966805 84.41810761348268 172.10309676855567 -999.0 6231.0 -999.0 -1 -999 {-999.0 -999.0 -999.0 -999.0 -999.0} "" -999.0 -999.0 -999.0 -999.0 -999 -999 "" "" "" "" 0 0 0.0 0.0 -999 ""
FIBERMAP 539 R-12C10 APOGEE 0 0 0 1 0 0 37.30720246129787 -236.9162705091622 143.1 233.8765754345935 53.09257599090928 158.94786 155.17885 -999.0 -999.0 -999.0 -999.0 -999.0 277.3321483904608 -34.4686699941891 277.43474566470206 -34.449413143786295 84.1179923951313 158.1490536647043 -999.0 16600.0 -999.0 2 -999 {-999.0 -999.0 -999.0 -999.0 -999.0} "" -999.0 -999.0 -999.0 -999.0 -999 -999 "" "" "" "" 0 0 0.0 0.0 -999 ""
FIBERMAP 539 R-12C10 BOSS 1 1 0 1 0 0 36.8036060838205 -236.44859577353557 143.1 233.44370259217055 52.558800165543175 158.94786 155.17885 277.33062744140625 -34.47030273876358 -999.0 -999.0 -999.0 277.33062637447074 -34.47030430520238 277.4332200624507 -34.45103056069611 84.11700255190887 158.16655931223448 5400.0 5400.0 2015.5 1 368 {-999.0 -999.0 -999.0 -999.0 -999.0} "" -999.0 -999.0 -999.0 -999.0 27021603184485769 852282057 "" ops_sky_boss_fallback ops_sky sky_boss 0 0 0.0 0.0 -999 ""
FIBERMAP 539 R-12C10 METROLOGY 0 0 0 1 0 0 37.48871807635938 -236.19063265300738 143.1 233.14043392545707 53.225068570134724 158.94786 155.17885 -999.0 -999.0 -999.0 -999.0 -999.0 277.32954765543184 -34.468276710995546 277.4321372591944 -34.44901211404194 84.11920954112624 158.1667979345635 -999.0 6231.0 -999.0 -1 -999 {-999.0 -999.0 -999.0 -999.0 -999.0} "" -999.0 -999.0 -999.0 -999.0 -999 -999 "" "" "" "" 0 0 0.0 0.0 -999 ""
FIBERMAP 540 R-12C4 APOGEE 0 0 0 1 0 0 -101.56241518306439 -236.92381728751752 143.1 243.18667343161277 -85.45967949173563 194.60464 121.808716 -999.0 -999.0 -999.0 -999.0 -999.0 277.3687939970929 -34.88777939356816 277.4729624120008 -34.868301004407314 83.71925311756986 159.39708925587783 -999.0 16600.0 -999.0 2 -999 {-999.0 -999.0 -999.0 -999.0 -999.0} "" -999.0 -999.0 -999.0 -999.0 -999 -999 "" "" "" "" 0 0 0.0 0.0 -999 ""
FIBERMAP 540 R-12C4 BOSS 1 1 0 1 0 0 -102.11515124287261 -236.4293308724375 143.1 242.73034184412137 -86.0442789332792 194.60464 121.808716 277.3671419135696 -34.889546615601056 1.6750177 -11.23586 0.23890477 277.3671511278437 -34.889582816135544 277.4713165244931 -34.8700862105631 83.7181043890373 159.4146486390382 5400.0 5400.0 2016.0 1 426 {-999.0 18.039158 17.721764 17.628769 -999.0} sdss_psfmag_gaia 18.021366 17.735098 17.321993 16.878 63050396520114521 978850023 "" ops_std_boss ops_std standard_boss 0 0 0.0 0.0 -999 ""
FIBERMAP 540 R-12C4 METROLOGY 0 0 0 1 0 0 -101.3898788873355 -236.19599214130983 143.1 242.44895112786415 -85.33629226559258 194.60464 121.808716 -999.0 -999.0 -999.0 -999.0 -999.0 277.36616290180405 -34.88745871140263 277.4703237871165 -34.8679714989648 83.72037022741425 159.41430715792086 -999.0 6231.0 -999.0 -1 -999 {-999.0 -999.0 -999.0 -999.0 -999.0} "" -999.0 -999.0 -999.0 -999.0 -999 -999 "" "" "" "" 0 0 0.0 0.0 -999 ""
FIBERMAP 541 R-13C2 APOGEE 1 1 0 1 0 0 -126.4496944238297 -230.18633171064408 143.1 238.13170444290566 -110.74150307152871 183.11682 6.7685685 277.3507091117809 -34.96362316023356 -54.209423 -237.99278 71.7592 277.35051976251896 -34.96430441000869 277.4550124152273 -34.94485047954741 83.6536680887181 159.7802222516466 16000.0 16600.0 2016.0 2 155 {-999.0 12.63236 11.303678 10.061233 -999.0} sdss_psfmag_from_g3xp 12.122054 10.7607975 9.604668 7.565 63050396520100200 984847451 bright_1x1 mwm_snc_100pc_apogee mwm_snc science 0 0 0.0 0.0 -999 ""
FIBERMAP 541 R-13C2 BOSS 0 0 0 1 0 0 -125.72036682684897 -230.03999176461346 143.1 237.93684235633538 -110.02364255904952 183.11682 6.7685685 -999.0 -999.0 -999.0 -999.0 -999.0 277.3498357780337 -34.96216572360222 277.45428772592834 -34.942691250551704 83.65589420741489 159.77801440587126 -999.0 5400.0 -999.0 1 436 {-999.0 -999.0 -999.0 -999.0 -999.0} "" -999.0 -999.0 -999.0 -999.0 -999 -999 "" "" "" "" 0 0 0.0 0.0 -999 ""
FIBERMAP 541 R-13C2 METROLOGY 0 0 0 1 0 0 -125.95992621938035 -230.7457057153624 143.1 238.65699364435844 -110.21538113651344 183.11682 6.7685685 -999.0 -999.0 -999.0 -999.0 -999.0 277.35252801759657 -34.96273954383135 277.4569837380641 -34.94326425962338 83.65454635909812 159.76133976882534 -999.0 6231.0 -999.0 -1 -999 {-999.0 -999.0 -999.0 -999.0 -999.0} "" -999.0 -999.0 -999.0 -999.0 -999 -999 "" "" "" "" 0 0 0.0 0.0 -999 ""
FIBERMAP 542 R+1C25 APOGEE 0 0 0 1 0 0 253.46735533518665 27.86349300909018 143.1 -44.779134655190894 251.0225091130768 82.80257 146.66763 -999.0 -999.0 -999.0 -999.0 -999.0 276.31247462153704 -33.87011561527911 276.41334751929105 -33.853663439083476 84.96667262306916 164.38321827474817 -999.0 16600.0 -999.0 2 -999 {-999.0 -999.0 -999.0 -999.0 -999.0} "" -999.0 -999.0 -999.0 -999.0 -999 -999 "" "" "" "" 0 0 0.0 0.0 -999 ""
FIBERMAP 542 R+1C25 BOSS 1 1 0 1 0 0 253.9761991266677 28.43396340632649 143.1 -45.382389738883624 251.49197733394237 82.80257 146.66763 276.3102722167969 -33.86870460165652 -999.0 -999.0 -999.0 276.31029112696234 -33.868706319191176 276.41115340187935 -33.85224208526723 84.96855200809176 164.39854863815026 5400.0 5400.0 2015.5 1 192 {-999.0 -999.0 -999.0 -999.0 -999.0} "" -999.0 -999.0 -999.0 -999.0 27021603147018730 852437842 "" ops_sky_boss_fallback ops_sky sky_boss 0 0 0.0 0.0 -999 ""
FIBERMAP 542 R+1C25 METROLOGY 0 0 0 1 0 0 254.20279979555175 27.72703912488603 143.1 -44.692257912900146 251.76541626519773 82.80257 146.66763 -999.0 -999.0 -999.0 -999.0 -999.0 276.312800177956 -33.86784199247204 276.41365980275543 -33.85137669185902 84.9687919715392 164.37299074988786 -999.0 6231.0 -999.0 -1 -999 {-999.0 -999.0 -999.0 -999.0 -999.0} "" -999.0 -999.0 -999.0 -999.0 -999 -999 "" "" "" "" 0 0 0.0 0.0 -999 ""
FIBERMAP 545 R-11C6 APOGEE 1 1 0 1 0 0 -58.06676778961866 -231.44031715178528 143.1 234.80200772668908 -42.43060297389127 300.01712 75.161415 277.3374938964844 -34.75783045515226 -999.0 -999.0 -999.0 277.337485534412 -34.75781026983639 277.4411757452368 -34.73845182700419 83.84936807690526 159.16856307912965 16000.0 16600.0 2015.5 2 171 {-999.0 -999.0 -999.0 -999.0 -999.0} "" -999.0 -999.0 -999.0 -999.0 27021603184479835 848784703 "" ops_sky_apogee_best ops_sky sky_apogee 0 0 0.0 0.0 -999 ""
FIBERMAP 545 R-11C6 BOSS 0 0 0 1 0 0 -58.81464615819216 -231.65638858201245 143.1 235.06768486737204 -43.162300773113856 300.01712 75.161415 -999.0 -999.0 -999.0 -999.0 -999.0 277.33851431423835 -34.76004584266739 277.4422018275793 -34.74066267621701 83.84700256300101 159.16908743175475 -999.0 5400.0 -999.0 1 413 {-999.0 -999.0 -999.0 -999.0 -999.0} "" -999.0 -999.0 -999.0 -999.0 -999 -999 "" "" "" "" 0 0 0.0 0.0 -999 ""
FIBERMAP 545 R-11C6 METROLOGY 0 0 0 1 0 0 -58.617006326795824 -230.93041584642728 143.1 234.3301291173168 -43.01374320075622 300.01712 75.161415 -999.0 -999.0 -999.0 -999.0 -999.0 277.33585726471995 -34.75961197671195 277.4395475788034 -34.740241833964 83.8482172127303 159.1864409168269 -999.0 6231.0 -999.0 -1 -999 {-999.0 -999.0 -999.0 -999.0 -999.0} "" -999.0 -999.0 -999.0 -999.0 -999 -999 "" "" "" "" 0 0 0.0 0.0 -999 ""
FIBERMAP 549 R+8C4 APOGEE 0 0 0 1 0 0 -135.63115462459754 144.03204160530674 143.1 -134.61777499870783 -144.970074952289 249.93617 131.35484 -999.0 -999.0 -999.0 -999.0 -999.0 275.9726936118559 -35.06721019646612 276.07827236785215 -35.05127080943222 83.86591787922815 170.0321483655636 -999.0 16600.0 -999.0 2 -999 {-999.0 -999.0 -999.0 -999.0 -999.0} "" -999.0 -999.0 -999.0 -999.0 -999 -999 "" "" "" "" 0 0 0.0 0.0 -999 ""
FIBERMAP 549 R+8C4 BOSS 1 1 0 1 0 0 -136.27197037888928 143.75570236901666 143.1 -134.29913945172152 -145.5909172133248 249.93617 131.35484 275.9738159179687 -35.069147679828035 -999.0 -999.0 -999.0 275.9738157051656 -35.06916051993664 276.0793961980587 -35.053194988712434 83.86385674030815 170.0270185177038 5400.0 5400.0 2015.5 1 58 {-999.0 -999.0 -999.0 -999.0 -999.0} "" -999.0 -999.0 -999.0 -999.0 27021603147015495 852437031 "" ops_sky_boss_fallback ops_sky sky_boss 0 0 0.0 0.0 -999 ""
FIBERMAP 549 R+8C4 METROLOGY 0 0 0 1 0 0 -136.21830696151557 144.49545324742184 143.1 -135.0407972457966 -145.58693051357665 249.93617 131.35484 -999.0 -999.0 -999.0 -999.0 -999.0 275.971051119633 -35.06913859275048 276.07663438486895 -35.05318661885935 83.86428280178077 170.0477915594279 -999.0 6231.0 -999.0 -1 -999 {-999.0 -999.0 -999.0 -999.0 -999.0} "" -999.0 -999.0 -999.0 -999.0 -999 -999 "" "" "" "" 0 0 0.0 0.0 -999 ""
FIBERMAP 551 R-1C12 APOGEE 0 0 0 1 0 0 -32.41537043084566 -33.09665119906866 143.1 35.1925690376199 -30.12433735285597 280.10928 112.480354 -999.0 -999.0 -999.0 -999.0 -999.0 276.6024803633105 -34.721941733692105 276.7064196683731 -34.70448440663228 84.08211086886797 164.48235976355065 -999.0 16600.0 -999.0 2 -999 {-999.0 -999.0 -999.0 -999.0 -999.0} "" -999.0 -999.0 -999.0 -999.0 -999 -999 "" "" "" "" 0 0 0.0 0.0 -999 ""
FIBERMAP 551 R-1C12 BOSS 1 1 0 1 0 0 -33.03642225469552 -33.502403069473 143.1 35.6389979979784 -30.71679171246388 280.10928 112.480354 276.60415649414057 -34.723785002119754 -999.0 -999.0 -999.0 276.604160462721 -34.72378400541281 276.7080982201543 -34.70630047560764 84.0799771285031 164.47454491908235 5400.0 5400.0 2015.5 1 507 {-999.0 -999.0 -999.0 -999.0 -999.0} "" -999.0 -999.0 -999.0 -999.0 27021603184480216 853925129 "" ops_sky_boss_fallback ops_sky sky_boss 0 0 0.0 0.0 -999 ""
FIBERMAP 551 R-1C12 METROLOGY 0 0 0 1 0 0 -33.08258807567858 -32.75854052011914 143.1 34.899925254295574 -30.812681904011207 280.10928 112.480354 -999.0 -999.0 -999.0 -999.0 -999.0 276.60143005326324 -34.724067973080544 276.70537248277765 -34.70659742661963 84.08033003181912 164.4961922826256 -999.0 6231.0 -999.0 -1 -999 {-999.0 -999.0 -999.0 -999.0 -999.0} "" -999.0 -999.0 -999.0 -999.0 -999 -999 "" "" "" "" 0 0 0.0 0.0 -999 ""
FIBERMAP 553 R+3C6 APOGEE 0 0 0 1 0 0 -140.72138098777518 41.42161849488268 143.1 -31.90049347285677 -143.1750418067408 319.53177 79.72823 -999.0 -999.0 -999.0 -999.0 -999.0 276.3529021261352 -35.06415641241558 276.45827811417576 -35.047237935977805 83.80422446334101 167.19226331305322 -999.0 16600.0 -999.0 2 -999 {-999.0 -999.0 -999.0 -999.0 -999.0} "" -999.0 -999.0 -999.0 -999.0 -999 -999 "" "" "" "" 0 0 0.0 0.0 -999 ""
FIBERMAP 553 R+3C6 BOSS 1 1 0 1 0 0 -141.2963620117236 40.95755469726702 143.1 -31.398971815647112 -143.71762429847672 319.53177 79.72823 276.3547533749086 -35.06589608041556 -1.7845329 -8.015683 2.540112 276.3547421784012 -35.065892713210836 276.4601171621314 -35.04894634227887 83.80220803684267 167.18246160789596 5400.0 5400.0 2016.0 1 40 {-999.0 20.01969 19.640984 19.523293 -999.0} sdss_psfmag_gaia 20.008568 19.66273 19.242805 -999.0 63050396519979166 1144078217 dark_2x1 mwm_wd_gaia_boss_2x1 mwm_wd science 0 0 0.0 0.0 -999 ""
FIBERMAP 553 R+3C6 METROLOGY 0 0 0 1 0 0 -141.42052437504645 41.6875070821348 143.1 -32.11894131764252 -143.8904012577386 319.53177 79.72823 -999.0 -999.0 -999.0 -999.0 -999.0 276.3520649589539 -35.066414728079 276.45744522881694 -35.04948150663991 83.80220603653649 167.20332020400227 -999.0 6231.0 -999.0 -1 -999 {-999.0 -999.0 -999.0 -999.0 -999.0} "" -999.0 -999.0 -999.0 -999.0 -999 -999 "" "" "" "" 0 0 0.0 0.0 -999 ""
FIBERMAP 555 R-12C1 APOGEE 1 1 0 1 0 0 -176.191511343151 -234.55786810354994 143.1 245.82536063210046 -160.07698531952357 230.96254 62.50811 277.37910955842193 -35.11291151956069 -0.5306278 -2.2610326 0.24371605 277.3791019725766 -35.11292646004022 277.48412606256693 -35.09335311057792 83.50676069133881 160.06862599712215 16000.0 16600.0 2016.0 2 249 {-999.0 13.311817 11.905444 10.601564 -999.0} sdss_psfmag_from_g3xp 12.749912 11.317889 10.142083 7.521 63050396520072301 1153147248 bright_1x1 mwm_galactic_core_dist_apogee_sparse mwm_galactic science 0 0 0.0 0.0 -999 ""
FIBERMAP 555 R-12C1 BOSS 0 0 0 1 0 0 -176.4790010274237 -233.88589267009 143.1 245.1741767322858 -160.40883319065784 230.96254 62.50811 -999.0 -999.0 -999.0 -999.0 -999.0 277.3766845489407 -35.11394787107402 277.48170300808397 -35.09435768493214 83.50654708697715 160.08818838537456 -999.0 5400.0 -999.0 1 517 {-999.0 -999.0 -999.0 -999.0 -999.0} "" -999.0 -999.0 -999.0 -999.0 -999 -999 "" "" "" "" 0 0 0.0 0.0 -999 ""
FIBERMAP 555 R-12C1 METROLOGY 0 0 0 1 0 0 -175.74375396085182 -233.95912571917728 143.1 245.1979901124171 -159.6703580058087 230.96254 62.50811 -999.0 -999.0 -999.0 -999.0 -999.0 277.37682927458593 -35.11174937774411 277.4818422995845 -35.09216593777903 83.50854693044971 160.08019274524713 -999.0 6231.0 -999.0 -1 -999 {-999.0 -999.0 -999.0 -999.0 -999.0} "" -999.0 -999.0 -999.0 -999.0 -999 -999 "" "" "" "" 0 0 0.0 0.0 -999 ""
FIBERMAP 557 R+4C13 APOGEE 0 0 0 1 0 0 42.07637761998051 80.88705223697538 143.1 -83.5210969667525 36.56192794439117 59.592606 55.244137 -999.0 -999.0 -999.0 -999.0 -999.0 276.1654699504532 -34.518007965342164 276.26885454210606 -34.501738168446344 84.3709872603326 167.42199285422646 -999.0 16600.0 -999.0 2 -999 {-999.0 -999.0 -999.0 -999.0 -999.0} "" -999.0 -999.0 -999.0 -999.0 -999 -999 "" "" "" "" 0 0 0.0 0.0 -999 ""
FIBERMAP 557 R+4C13 BOSS 1 1 0 1 0 0 42.4053006856141 80.22134642259265 143.1 -82.87894391127028 36.934694671082106 59.592606 55.244137 276.16757324245157 -34.51677801249926 71.4665 -31.074305 13.027477 276.16779113643383 -34.51688680266135 276.2711643849617 -34.500590801647974 84.37166327357306 167.40040535463018 5400.0 5400.0 2016.0 1 112 {-999.0 19.185658 17.216194 15.512258 -999.0} sdss_psfmag_gaia 17.944008 16.244644 14.944097 12.578 63050395230916924 1132480769 dark_2x1 mwm_snc_100pc_boss mwm_snc science 0 0 0.0 0.0 -999 ""
FIBERMAP 557 R+4C13 METROLOGY 0 0 0 1 0 0 41.65788750678381 80.26708107478095 143.1 -82.874506656219 36.18592318996954 59.592606 55.244137 -999.0 -999.0 -999.0 -999.0 -999.0 276.1677784942561 -34.51915088919475 276.27116202206355 -34.50286005513744 84.36945607300815 167.40577823965893 -999.0 6231.0 -999.0 -1 -999 {-999.0 -999.0 -999.0 -999.0 -999.0} "" -999.0 -999.0 -999.0 -999.0 -999 -999 "" "" "" "" 0 0 0.0 0.0 -999 ""
FIBERMAP 558 R+4C15 APOGEE 1 1 0 1 0 0 52.00520382069651 84.9770937306599 143.1 -88.2669163769027 46.19411686824258 181.51636 87.1699 276.1482238769531 -34.48868607347029 -999.0 -999.0 -999.0 276.14823968670413 -34.48868913766342 276.25152161603694 -34.47247263788433 84.40275693962522 167.49519826470132 16000.0 16600.0 2015.5 2 67 {-999.0 -999.0 -999.0 -999.0 -999.0} "" -999.0 -999.0 -999.0 -999.0 27021603147017282 848144242 "" ops_sky_apogee_best ops_sky sky_apogee 0 0 0.0 0.0 -999 ""
FIBERMAP 558 R+4C15 BOSS 0 0 0 1 0 0 51.99696227601289 85.7053862523872 143.1 -88.99299508220794 46.13710742347281 181.51636 87.1699 -999.0 -999.0 -999.0 -999.0 -999.0 276.1455123544351 -34.48884362138626 276.2487903766288 -34.472613646956795 84.40313637486086 167.51800009079932 -999.0 5400.0 -999.0 1 220 {-999.0 -999.0 -999.0 -999.0 -999.0} "" -999.0 -999.0 -999.0 -999.0 -999 -999 "" "" "" "" 0 0 0.0 0.0 -999 ""
FIBERMAP 558 R+4C15 METROLOGY 0 0 0 1 0 0 52.64693227044352 85.35074789325908 143.1 -88.68270594771246 46.809350830645876 181.51636 87.1699 -999.0 -999.0 -999.0 -999.0 -999.0 276.1466593255229 -34.486798333032795 276.2499306770226 -34.47057182549415 84.40490810755082 167.50381350227914 -999.0 6231.0 -999.0 -1 -999 {-999.0 -999.0 -999.0 -999.0 -999.0} "" -999.0 -999.0 -999.0 -999.0 -999 -999 "" "" "" "" 0 0 0.0 0.0 -999 ""
FIBERMAP 560 R+6C18 APOGEE 0 0 0 1 0 0 168.29632253277114 104.67525913655291 143.1 -115.71022153829702 160.9003594475435 338.47095 90.94767 -999.0 -999.0 -999.0 -999.0 -999.0 276.0509795532492 -34.14077137901761 276.1529954201112 -34.12491102188899 84.75972156165184 167.49042636624134 -999.0 16600.0 -999.0 2 -999 {-999.0 -999.0 -999.0 -999.0 -999.0} "" -999.0 -999.0 -999.0 -999.0 -999 -999 "" "" "" "" 0 0 0.0 0.0 -999 ""
FIBERMAP 560 R+6C18 BOSS 1 1 0 1 0 0 168.03355999943716 103.98553381480393 143.1 -115.00446807120528 160.68439962863596 338.47095 90.94767 276.053543461997 -34.141407377820656 0.6715445 -4.021663 1.0004632 276.0535182369761 -34.141407817616404 276.15552980919415 -34.12552157301251 84.75864678886029 167.4695987967627 5400.0 5400.0 2016.0 1 211 {-999.0 18.094402 18.491133 18.742933 -999.0} sdss_psfmag_gaia 18.132986 18.312117 18.333776 -999.0 63050395231127301 1143361493 dark_2x1 mwm_wd_pwd_boss_2x1 mwm_wd science 0 0 0.0 0.0 -999 ""
FIBERMAP 560 R+6C18 METROLOGY 0 0 0 1 0 0 167.55869130963364 104.55116886518263 143.1 -115.53700211811027 160.17272379868234 338.47095 90.94767 -999.0 -999.0 -999.0 -999.0 -999.0 276.05153279877067 -34.14291766941639 276.1535525704895 -34.127041508273166 84.75754206481203 167.4908478783952 -999.0 6231.0 -999.0 -1 -999 {-999.0 -999.0 -999.0 -999.0 -999.0} "" -999.0 -999.0 -999.0 -999.0 -999 -999 "" "" "" "" 0 0 0.0 0.0 -999 ""
FIBERMAP 562 R+5C17 APOGEE 0 0 0 1 0 0 134.43928405259882 86.0568539349365 143.1 -94.866289559288 128.36777781028553 333.19415 97.77322 -999.0 -999.0 -999.0 -999.0 -999.0 276.1262354360815 -34.239474363053404 276.2285860370604 -34.22339012051465 84.64939446027762 167.07964168139245 -999.0 16600.0 -999.0 2 -999 {-999.0 -999.0 -999.0 -999.0 -999.0} "" -999.0 -999.0 -999.0 -999.0 -999 -999 "" "" "" "" 0 0 0.0 0.0 -999 ""
FIBERMAP 562 R+5C17 BOSS 1 1 0 1 0 0 134.16083354925524 85.30470877946361 143.1 -94.0972077784226 128.1403471829203 333.19415 97.77322 276.1289978027343 -34.24014612969101 -999.0 -999.0 -999.0 276.1290063308602 -34.24014095623755 276.2313523243264 -34.22402985092696 84.64823155220171 167.0574360232417 5400.0 5400.0 2015.5 1 214 {-999.0 -999.0 -999.0 -999.0 -999.0} "" -999.0 -999.0 -999.0 -999.0 27021603147018139 852437691 "" ops_sky_boss_fallback ops_sky sky_boss 0 0 0.0 0.0 -999 ""
FIBERMAP 562 R+5C17 METROLOGY 0 0 0 1 0 0 133.707511693417 85.90191061906401 143.1 -94.66267996383854 127.64805443449151 333.19415 97.77322 -999.0 -999.0 -999.0 -999.0 -999.0 276.12690426612704 -34.24160180601684 276.2292584385867 -34.22550120321156 84.64721177985837 167.07920251125253 -999.0 6231.0 -999.0 -1 -999 {-999.0 -999.0 -999.0 -999.0 -999.0} "" -999.0 -999.0 -999.0 -999.0 -999 -999 "" "" "" "" 0 0 0.0 0.0 -999 ""
FIBERMAP 563 R-1C20 APOGEE 1 1 0 1 0 0 157.44223284228102 -31.6708681488537 143.1 21.051898389366023 159.20456076466155 335.92252 91.070045 276.55178284899483 -34.14750346907715 -2.8763776 -9.882516 2.811971 276.5517627638688 -34.14752541174051 276.65355521087076 -34.130372942794594 84.64355440796056 163.18150491743452 16000.0 16600.0 2016.0 2 226 {-999.0 13.698115 12.935747 12.655496 -999.0} sdss_psfmag_gaia 13.464936 12.978611 12.291572 10.986 63050395231014209 1034990401 bright_1x1 mwm_yso_pms_apogee_zari18pms_single mwm_yso science 0 0 0.0 0.0 -999 ""
FIBERMAP 563 R-1C20 BOSS 0 0 0 1 0 0 157.1074619989855 -32.33975755393111 143.1 21.741687158135623 158.91536118406083 335.92252 91.070045 -999.0 -999.0 -999.0 -999.0 -999.0 276.5543066713271 -34.1483597437289 276.6560935328255 -34.13118132362215 84.64214215745847 163.16272669595708 -999.0 5400.0 -999.0 1 325 {-999.0 -999.0 -999.0 -999.0 -999.0} "" -999.0 -999.0 -999.0 -999.0 -999 -999 "" "" "" "" 0 0 0.0 0.0 -999 ""
FIBERMAP 563 R-1C20 METROLOGY 0 0 0 1 0 0 156.69105701920412 -31.719965104403755 143.1 21.151202927582915 158.4583877840567 335.92252 91.070045 -999.0 -999.0 -999.0 -999.0 -999.0 276.55214038546353 -34.14971232850179 276.65393553503384 -34.13254449794085 84.64139054872052 163.18540303454705 -999.0 6231.0 -999.0 -1 -999 {-999.0 -999.0 -999.0 -999.0 -999.0} "" -999.0 -999.0 -999.0 -999.0 -999 -999 "" "" "" "" 0 0 0.0 0.0 -999 ""
FIBERMAP 564 R+1C4 APOGEE 0 0 0 1 0 0 -219.44963897313042 10.682124670410955 143.1 4.042694349395743 -219.6644960852161 206.7574 137.49052 -999.0 -999.0 -999.0 -999.0 -999.0 276.48524196527933 -35.29554068488233 276.5914418484516 -35.27821103845691 83.55380781355227 166.73881579990126 -999.0 16600.0 -999.0 2 -999 {-999.0 -999.0 -999.0 -999.0 -999.0} "" -999.0 -999.0 -999.0 -999.0 -999 -999 "" "" "" "" 0 0 0.0 0.0 -999 ""
FIBERMAP 564 R+1C4 BOSS 1 1 0 1 0 0 -220.176223621948 10.851520698125487 143.1 3.9223571279913987 -220.40077036239154 206.7574 137.49052 276.4847880470309 -35.297803001277806 -1.9521182 -12.125344 0.18622628 276.4847949531947 -35.297823810827154 276.59099659662445 -35.28047112496274 83.55170627139715 166.74689803153697 5400.0 5400.0 2016.0 1 63 {-999.0 20.418827 19.96622 19.818579 -999.0} sdss_psfmag_gaia 20.454601 19.996372 19.60958 -999.0 63050396519934004 1129081393 dark_flexible_2x1 mwm_erosita_compact_boss_shallow mwm_erosita science 0 0 0.0 0.0 -999 ""
FIBERMAP 564 R+1C4 METROLOGY 0 0 0 1 0 0 -219.6657252330548 11.398228674776234 143.1 3.3426994087235253 -219.9280595274018 206.7574 137.49052 -999.0 -999.0 -999.0 -999.0 -999.0 276.4826476905618 -35.296422568108426 276.5888470991099 -35.27908250083774 83.55348314320385 166.7590109141214 -999.0 6231.0 -999.0 -1 -999 {-999.0 -999.0 -999.0 -999.0 -999.0} "" -999.0 -999.0 -999.0 -999.0 -999 -999 "" "" "" "" 0 0 0.0 0.0 -999 ""
FIBERMAP 568 R-13C13 APOGEE 1 1 0 1 0 0 130.95681606920607 -264.29266316341796 143.1 254.91712338829913 148.3623947240431 312.327 108.80951 277.4056518251163 -34.18068154789248 -4.0999446 -3.1515186 0.0627882 277.4056575135764 -34.18070959085406 277.50713201214717 -34.16135142118947 84.35649218020072 156.43307259928952 16000.0 16600.0 2016.0 2 179 {-999.0 15.247683 13.883135 13.271487 -999.0} sdss_psfmag_from_g3xp 14.704963 13.804621 12.878187 10.694 63050396520971227 1153148172 bright_1x1 mwm_galactic_core_dist_apogee_sparse mwm_galactic science 0 0 0.0 0.0 -999 ""
FIBERMAP 568 R-13C13 BOSS 0 0 0 1 0 0 130.58667309922203 -264.9371125408124 143.1 255.58489739431832 148.0362665413972 312.327 108.80951 -999.0 -999.0 -999.0 -999.0 -999.0 277.40805531850714 -34.18173086858602 277.50952153963794 -34.16234701891717 84.35475418383022 156.4191317640414 -999.0 5400.0 -999.0 1 430 {-999.0 -999.0 -999.0 -999.0 -999.0} "" -999.0 -999.0 -999.0 -999.0 -999 -999 "" "" "" "" 0 0 0.0 0.0 -999 ""
FIBERMAP 568 R-13C13 METROLOGY 0 0 0 1 0 0 130.20820268829638 -264.2895710380558 143.1 254.96418627227644 147.61528230785916 312.327 108.80951 -999.0 -999.0 -999.0 -999.0 -999.0 277.4058848953103 -34.18296492795535 277.5073599740157 -34.16359171833047 84.35438194685842 156.4409573207015 -999.0 6231.0 -999.0 -1 -999 {-999.0 -999.0 -999.0 -999.0 -999.0} "" -999.0 -999.0 -999.0 -999.0 -999 -999 "" "" "" "" 0 0 0.0 0.0 -999 ""
FIBERMAP 569 R+13C1 APOGEE 1 1 0 1 0 0 -139.5802137431598 243.38601499443976 143.1 -233.48051525824422 -155.56562642228022 284.47012 135.57213 275.60827820552373 -35.095255067001006 -5.827648 -6.7251377 0.1452415 275.6082510913804 -35.095261607767185 275.7141166552383 -35.08025398484763 83.88474892561433 172.83368344413265 16000.0 16600.0 2016.0 2 7 {-999.0 14.165624 12.908024 12.360238 -999.0} sdss_psfmag_from_g3xp 13.679514 12.865284 11.972578 9.904 63050395230515000 1151995734 bright_1x1 mwm_galactic_core_dist_apogee_sparse mwm_galactic science 0 0 0.0 0.0 -999 ""
FIBERMAP 569 R+13C1 BOSS 0 0 0 1 0 0 -139.9743950409015 242.73982484378752 143.1 -232.80939417647028 -155.9156214742608 284.47012 135.57213 -999.0 -999.0 -999.0 -999.0 -999.0 275.610729657602 -35.096360700180234 275.7165945028436 -35.08132356979639 83.88341826857886 172.81616117712184 -999.0 5400.0 -999.0 1 7 {-999.0 -999.0 -999.0 -999.0 -999.0} "" -999.0 -999.0 -999.0 -999.0 -999 -999 "" "" "" "" 0 0 0.0 0.0 -999 ""
FIBERMAP 569 R+13C1 METROLOGY 0 0 0 1 0 0 -140.33092389861255 243.37305841026645 143.1 -233.4172998245317 -156.31375576128565 284.47012 135.57213 -999.0 -999.0 -999.0 -999.0 -999.0 275.6084295734223 -35.09755528654309 275.7143012084807 -35.08253018228193 83.88247290910341 172.8351262533103 -999.0 6231.0 -999.0 -1 -999 {-999.0 -999.0 -999.0 -999.0 -999.0} "" -999.0 -999.0 -999.0 -999.0 -999 -999 "" "" "" "" 0 0 0.0 0.0 -999 ""
FIBERMAP 570 R+1C20 APOGEE 1 1 0 1 0 0 156.14877217652344 17.653964418201873 143.1 -28.073744415735874 154.6098899648839 327.91345 136.98584 276.3716544638932 -34.160942980819605 -3.4197266 -5.699058 0.09158324 276.3716641448197 -34.1609470784645 276.4735974346901 -34.14425429511325 84.67374053951114 164.7555167153601 16000.0 16600.0 2016.0 2 80 {-999.0 15.432166 13.981433 13.1514225 -999.0} sdss_psfmag_from_g3xp 14.838424 13.761631 12.740902 10.468 63050395231156279 1151996323 bright_1x1 mwm_galactic_core_dist_apogee_sparse mwm_galactic science 0 0 0.0 0.0 -999 ""
FIBERMAP 570 R+1C20 BOSS 0 0 0 1 0 0 156.3670181052528 16.935787436677796 143.1 -27.371825899219196 154.87574701234576 327.91345 136.98584 -999.0 -999.0 -999.0 -999.0 -999.0 276.37423429389975 -34.16010503057484 276.4761564126294 -34.14338667859195 84.6739850833217 164.73100157351323 -999.0 5400.0 -999.0 1 242 {-999.0 -999.0 -999.0 -999.0 -999.0} "" -999.0 -999.0 -999.0 -999.0 -999 -999 "" "" "" "" 0 0 0.0 0.0 -999 ""
FIBERMAP 570 R+1C20 METROLOGY 0 0 0 1 0 0 155.6474539517752 17.094467317247357 143.1 -27.48194171179279 154.14719506294446 327.91345 136.98584 -999.0 -999.0 -999.0 -999.0 -999.0 276.3738126405699 -34.162283747625104 276.4757450673949 -34.14557125749148 84.67198142804061 164.74106933867358 -999.0 6231.0 -999.0 -1 -999 {-999.0 -999.0 -999.0 -999.0 -999.0} "" -999.0 -999.0 -999.0 -999.0 -999 -999 "" "" "" "" 0 0 0.0 0.0 -999 ""
FIBERMAP 571 R+11C2 APOGEE 0 0 0 1 0 0 -126.23453543867325 223.33913105567598 143.1 -214.37336944128202 -140.90750234033976 99.812 23.689709 -999.0 -999.0 -999.0 -999.0 -999.0 275.67884139071833 -35.0519251099838 275.7845057420948 -35.03674843588293 83.91983875427867 172.23967651692251 -999.0 16600.0 -999.0 2 -999 {-999.0 -999.0 -999.0 -999.0 -999.0} "" -999.0 -999.0 -999.0 -999.0 -999 -999 "" "" "" "" 0 0 0.0 0.0 -999 ""
FIBERMAP 571 R+11C2 BOSS 1 1 0 1 0 0 -125.83438252177864 222.62998932906046 143.1 -213.69265111074446 -140.46075861075892 99.812 23.689709 275.6813049316406 -35.050634607492256 -999.0 -999.0 -999.0 275.6813480996923 -35.05063523506825 275.7870022322496 -35.03542988200032 83.92084830463799 172.2187808082481 5400.0 5400.0 2015.5 1 17 {-999.0 -999.0 -999.0 -999.0 -999.0} "" -999.0 -999.0 -999.0 -999.0 27021603147015361 852086967 "" ops_sky_boss_fallback ops_sky sky_boss 0 0 0.0 0.0 -999 ""
FIBERMAP 571 R+11C2 METROLOGY 0 0 0 1 0 0 -126.56488833518473 222.66803852810426 143.1 -213.6816785253284 -141.19214647221457 99.812 23.689709 -999.0 -999.0 -999.0 -999.0 -999.0 275.6813203326866 -35.05286177033902 275.7869841925385 -35.037662212672736 83.91864156143814 172.22196568669384 -999.0 6231.0 -999.0 -1 -999 {-999.0 -999.0 -999.0 -999.0 -999.0} "" -999.0 -999.0 -999.0 -999.0 -999 -999 "" "" "" "" 0 0 0.0 0.0 -999 ""
FIBERMAP 573 R-6C13 APOGEE 0 0 0 1 0 0 24.097502123215946 -119.22115329873793 143.1 117.33488991899385 32.02888051568929 246.78488 43.929146 -999.0 -999.0 -999.0 -999.0 -999.0 276.9054092689208 -34.53333736266007 277.0084758146304 -34.51515779540966 84.18509411425832 161.5954133097721 -999.0 16600.0 -999.0 2 -999 {-999.0 -999.0 -999.0 -999.0 -999.0} "" -999.0 -999.0 -999.0 -999.0 -999 -999 "" "" "" "" 0 0 0.0 0.0 -999 ""
FIBERMAP 573 R-6C13 BOSS 1 1 0 1 0 0 23.827850331319333 -118.54464490792944 143.1 116.677988483664 31.714526183709285 246.78488 43.929146 276.9030659695011 -34.53429495340108 -1.8537842 -3.1824598 4.7074103 276.90307669448345 -34.53429686728506 277.0061392149588 -34.516102425990056 84.18484880260051 161.61644101224508 5400.0 5400.0 2016.0 1 393 {-999.0 20.170143 19.585276 19.38285 -999.0} sdss_psfmag_gaia 19.791723 19.625513 18.806183 -999.0 63050396520275713 1143422169 dark_2x1 mwm_wd_pwd_boss_2x1 mwm_wd science 0 0 0.0 0.0 -999 ""
FIBERMAP 573 R-6C13 METROLOGY 0 0 0 1 0 0 24.569172772182448 -118.64061474213759 143.1 116.72407979486952 32.46058596769413 246.78488 43.929146 -999.0 -999.0 -999.0 -999.0 -999.0 276.90325386508636 -34.532023357787175 277.00631019648074 -34.51383499013831 84.18693822848151 161.60763697823506 -999.0 6231.0 -999.0 -1 -999 {-999.0 -999.0 -999.0 -999.0 -999.0} "" -999.0 -999.0 -999.0 -999.0 -999 -999 "" "" "" "" 0 0 0.0 0.0 -999 ""
FIBERMAP 574 R-2C2 APOGEE 0 0 1 1 0 0 -244.97010002442565 -31.01117705856816 143.1 47.35042435038576 -242.33378546570034 9.364589 170.41371 -999.0 -999.0 -999.0 -999.0 -999.0 276.64570205227784 -35.36394101166678 276.75208319577484 -35.346177399869255 83.45469981432387 165.77125316813778 -999.0 16600.0 -999.0 2 -999 {-999.0 -999.0 -999.0 -999.0 -999.0} "" -999.0 -999.0 -999.0 -999.0 -999 -999 "" "" "" "" 0 0 0.0 0.0 -999 ""
FIBERMAP 574 R-2C2 BOSS 1 0 1 1 0 0 -244.15311644661372 -31.096029619423966 143.1 47.38035538218197 -241.51298190113638 9.364589 170.41371 276.72850292468684 -35.33410192466432 0.39571506 0.57463765 0.3920427 276.64583435833373 -35.36151891516422 276.75219811306397 -35.34373197078628 83.45703406698368 165.7648043194558 5400.0 5400.0 2016.0 1 513 {-999.0 15.8862705 15.507528 15.389823 -999.0} sdss_psfmag_gaia 15.827664 15.529279 15.061864 14.35 63050396520031729 978849944 "" ops_std_boss ops_std standard_boss 0 0 0.0 0.0 -999 ""
FIBERMAP 574 R-2C2 METROLOGY 0 0 1 1 0 0 -244.63152849321807 -31.678160967708294 143.1 47.99320625505506 -241.95130667144738 9.364589 170.41371 -999.0 -999.0 -999.0 -999.0 -999.0 276.6481114843874 -35.362870946198065 276.7544815280629 -35.34508444937764 83.45523824034535 165.7521695669019 -999.0 6231.0 -999.0 -1 -999 {-999.0 -999.0 -999.0 -999.0 -999.0} "" -999.0 -999.0 -999.0 -999.0 -999 -999 "" "" "" "" 0 0 0.0 0.0 -999 ""
FIBERMAP 576 R+4C19 APOGEE 1 1 0 1 0 0 148.86681425869645 94.2918969946083 143.1 -104.04901117859802 142.21074163331156 154.7915 72.085594 276.0930092697112 -34.19742569356191 2.3338401 -7.3435135 0.12533209 276.0930212907493 -34.19744693951294 276.1952298711253 -34.181461040526166 84.69662850713158 167.26245686729104 16000.0 16600.0 2016.0 2 65 {-999.0 14.720964 13.482772 12.942265 -999.0} sdss_psfmag_from_g3xp 14.250892 13.439623 12.558194 10.532 63050395231087693 1151996173 bright_1x1 mwm_galactic_core_dist_apogee_sparse mwm_galactic science 0 0 0.0 0.0 -999 ""
FIBERMAP 576 R+4C19 BOSS 0 0 0 1 0 0 149.40591417795923 94.81133111559353 143.1 -104.60337322576616 142.7138157542572 154.7915 72.085594 -999.0 -999.0 -999.0 -999.0 -999.0 276.09096857785545 -34.19588495064864 276.19316668275405 -34.179885461751994 84.6985583329776 167.27644676258686 -999.0 5400.0 -999.0 1 217 {-999.0 -999.0 -999.0 -999.0 -999.0} "" -999.0 -999.0 -999.0 -999.0 -999 -999 "" "" "" "" 0 0 0.0 0.0 -999 ""
FIBERMAP 576 R+4C19 METROLOGY 0 0 0 1 0 0 149.59329357926754 94.08965690736281 143.1 -103.89589778172996 142.94911097344703 154.7915 72.085594 -999.0 -999.0 -999.0 -999.0 -999.0 276.0935486859783 -34.195160328061725 276.195744375445 -34.17915989525996 84.69876698730242 167.25217188919106 -999.0 6231.0 -999.0 -1 -999 {-999.0 -999.0 -999.0 -999.0 -999.0} "" -999.0 -999.0 -999.0 -999.0 -999 -999 "" "" "" "" 0 0 0.0 0.0 -999 ""
FIBERMAP 578 R+9C13 APOGEE 0 0 0 1 0 0 69.74589098033921 178.44159258131833 143.1 -182.7065681340538 57.633345392847275 121.16105 147.01894 -999.0 -999.0 -999.0 -999.0 -999.0 275.8019075599407 -34.451937737324016 275.90521984534314 -34.43662538235426 84.49617045925574 170.3098919830427 -999.0 16600.0 -999.0 2 92 {-999.0 -999.0 -999.0 -999.0 -999.0} "" -999.0 -999.0 -999.0 -999.0 -999 -999 "" ops_sky_apogee_best_unassigned ops_sky sky_apogee 0 0 0.0 0.0 -999 ""
FIBERMAP 578 R+9C13 BOSS 1 1 0 1 0 0 69.72291695408661 179.21487637305626 143.1 -183.4765485571526 57.55862321574454 121.16105 147.01894 275.7985833931934 -34.45210637731948 -3.1388063 -12.971888 0.1355593 275.7990226693323 -34.45214655222291 275.9023326835793 -34.43682124139297 84.49640216677905 170.33468567347012 5400.0 5400.0 2016.0 1 159 {-999.0 14.126712 13.375074 13.026576 -999.0} sdss_psfmag_from_g3xp 13.90726 13.372062 12.668833 11.19 63050395230791479 1071772969 dark_flexible_2x1 mwm_halo_vmp_xp_boss mwm_halo science 0 0 1.3136745691299438 0.0 -999 ""
FIBERMAP 578 R+9C13 METROLOGY 0 0 0 1 0 0 70.40001022549494 178.81062500924594 143.1 -183.11857654750114 58.26125147855661 121.16105 147.01894 -999.0 -999.0 -999.0 -999.0 -999.0 275.8003302832652 -34.45001306078976 275.9036328341622 -34.4346907916203 84.49830750225541 170.31972398781645 -999.0 6231.0 -999.0 -1 -999 {-999.0 -999.0 -999.0 -999.0 -999.0} "" -999.0 -999.0 -999.0 -999.0 -999 -999 "" "" "" "" 0 0 0.0 0.0 -999 ""
FIBERMAP 579 R+10C17 APOGEE 1 1 0 1 0 0 191.66151850754926 197.86862466398443 143.1 -210.25613201419839 177.9694260555345 16.106537 118.8449 275.70714776032816 -34.087626151836496 -0.12718938 -5.7485843 0.436977 275.70714341526923 -34.08764661600268 275.8091256844083 -34.072689059384345 84.86841534085093 170.45943258740172 16000.0 16600.0 2016.0 2 103 {-999.0 13.641879 12.666406 12.306245 -999.0} sdss_psfmag_from_g3xp 13.3210745 12.698258 11.941539 10.36 63050395231832401 1068230726 bright_flexible_3x1 manual_mwm_validation_cool_apogee mwm_validation science 0 0 0.0 0.0 -999 ""
FIBERMAP 579 R+10C17 BOSS 0 0 0 1 0 0 192.21726306767042 197.35356787733218 143.1 -209.77947852300733 178.55840509662306 16.106537 118.8449 -999.0 -999.0 -999.0 -999.0 -999.0 275.708923377902 -34.08590937814214 275.8108941890166 -34.070928799129746 84.86989179665387 170.4398576999052 -999.0 5400.0 -999.0 1 177 {-999.0 -999.0 -999.0 -999.0 -999.0} "" -999.0 -999.0 -999.0 -999.0 -999 -999 "" "" "" "" 0 0 0.0 0.0 -999 ""
FIBERMAP 579 R+10C17 METROLOGY 0 0 0 1 0 0 191.49159456993655 197.1382708417858 143.1 -209.5160618001894 177.84881461734125 16.106537 118.8449 -999.0 -999.0 -999.0 -999.0 -999.0 275.7097904542116 -34.08801064062223 275.81176990434585 -34.07303255476885 84.86769343259772 170.43599792913835 -999.0 6231.0 -999.0 -1 -999 {-999.0 -999.0 -999.0 -999.0 -999.0} "" -999.0 -999.0 -999.0 -999.0 -999 -999 "" "" "" "" 0 0 0.0 0.0 -999 ""
FIBERMAP 583 R+3C18 APOGEE 1 1 0 1 0 0 136.9183829782416 62.756414918641894 143.1 -71.78508413981508 132.40206507260777 27.967531 107.880615 276.21097281770557 -34.22756629485347 1.1537251 -7.561136 0.08149278 276.2109522999857 -34.22760229968479 276.3132163414185 -34.21130333589116 84.64409259661419 166.32055166876148 16000.0 16600.0 2016.0 2 70 {-999.0 14.828145 13.454757 12.798791 -999.0} sdss_psfmag_from_g3xp 14.280506 13.351422 12.401114 10.226 63050395231079264 1151996121 bright_1x1 mwm_galactic_core_dist_apogee_sparse mwm_galactic science 0 0 0.0 0.0 -999 ""
FIBERMAP 583 R+3C18 BOSS 0 0 0 1 0 0 137.458369192014 62.235654506694345 143.1 -71.30168442044405 132.97570379615757 27.967531 107.880615 -999.0 -999.0 -999.0 -999.0 -999.0 276.2127076850941 -34.22583378010125 276.3149581078792 -34.2095113681958 84.64546708155348 166.30080442480158 -999.0 5400.0 -999.0 1 226 {-999.0 -999.0 -999.0 -999.0 -999.0} "" -999.0 -999.0 -999.0 -999.0 -999 -999 "" "" "" "" 0 0 0.0 0.0 -999 ""
FIBERMAP 583 R+3C18 METROLOGY 0 0 0 1 0 0 136.74357489875194 62.02904229528792 143.1 -71.04766114463806 132.27638093269243 27.967531 107.880615 -999.0 -999.0 -999.0 -999.0 -999.0 276.2136101719053 -34.227933510613695 276.31586978089706 -34.21161364617926 84.6432429819508 166.29862533231886 -999.0 6231.0 -999.0 -1 -999 {-999.0 -999.0 -999.0 -999.0 -999.0} "" -999.0 -999.0 -999.0 -999.0 -999 -999 "" "" "" "" 0 0 0.0 0.0 -999 ""
FIBERMAP 584 R+9C4 APOGEE 0 0 0 1 0 0 -132.53333276181723 178.74070203178164 143.1 -169.45475745394208 -144.20437771019405 128.98764 141.38579 -999.0 -999.0 -999.0 -999.0 -999.0 275.8441297844722 -35.06370188118901 275.94975857651013 -35.04809515801707 83.88756441446445 170.9978365104948 -999.0 16600.0 -999.0 2 -999 {-999.0 -999.0 -999.0 -999.0 -999.0} "" -999.0 -999.0 -999.0 -999.0 -999 -999 "" "" "" "" 0 0 0.0 0.0 -999 ""
FIBERMAP 584 R+9C4 BOSS 1 1 0 1 0 0 -132.56873895723356 179.4989698909705 143.1 -170.20892340260244 -144.2904978060771 128.98764 141.38579 275.8413363335004 -35.06396598200316 -3.6448786 -6.933195 0.7987835 275.8413125945284 -35.06398324248192 275.9469391780975 -35.048361056388345 83.88768756864411 171.01962631895373 5400.0 5400.0 2016.0 1 15 {-999.0 19.783474 20.074156 20.257515 -999.0} sdss_psfmag_gaia 19.954638 19.935923 19.992775 -999.0 63050395230570624 1143361424 dark_2x1 mwm_wd_pwd_boss_2x1 mwm_wd science 0 0 0.0 0.0 -999 ""
FIBERMAP 584 R+9C4 METROLOGY 0 0 0 1 0 0 -131.89150375766553 179.12482928442813 143.1 -169.8810029544316 -143.5897449919501 128.98764 141.38579 -999.0 -999.0 -999.0 -999.0 -999.0 275.84250429125103 -35.06189429379922 275.9481235709593 -35.04627609018794 83.88958152531116 171.00737849019612 -999.0 6231.0 -999.0 -1 -999 {-999.0 -999.0 -999.0 -999.0 -999.0} "" -999.0 -999.0 -999.0 -999.0 -999 -999 "" "" "" "" 0 0 0.0 0.0 -999 ""
FIBERMAP 585 R+12C4 APOGEE 0 0 0 1 0 0 -74.72137603317837 232.57152311358598 143.1 -227.03544867172346 -90.13033721682052 13.193898 103.020096 -999.0 -999.0 -999.0 -999.0 -999.0 275.6338984061472 -34.89796861031005 275.7389930091456 -34.8829545985991 84.07738242800353 172.38278476737477 -999.0 16600.0 -999.0 2 -999 {-999.0 -999.0 -999.0 -999.0 -999.0} "" -999.0 -999.0 -999.0 -999.0 -999 -999 "" "" "" "" 0 0 0.0 0.0 -999 ""
FIBERMAP 585 R+12C4 BOSS 1 1 0 1 0 0 -74.3825628943192 231.9533843448427 143.1 -226.44141664302538 -89.75088939407401 13.193898 103.020096 275.63607677211564 -34.89684558643483 2.2582934 -8.348382 3.503083 275.63606610622577 -34.89687673514777 275.7411516321473 -34.88183543865868 84.078239808376 172.36426041055336 5400.0 5400.0 2016.0 1 98 {-999.0 17.61795 16.0618 15.258517 -999.0} sdss_psfmag_gaia 16.909143 15.873194 14.812003 12.766 63050395230739013 1075855387 bright_1x1 mwm_erosita_stars_boss mwm_erosita science 0 0 0.0 0.0 -999 ""
FIBERMAP 585 R+12C4 METROLOGY 0 0 0 1 0 0 -75.13959773186508 231.95137085200523 143.1 -226.3886956555094 -90.50606203772212 13.193898 103.020096 -999.0 -999.0 -999.0 -999.0 -999.0 275.6361862179187 -34.899171100021555 275.74128157333325 -34.88413503245968 84.07594829800261 172.36639402639162 -999.0 6231.0 -999.0 -1 -999 {-999.0 -999.0 -999.0 -999.0 -999.0} "" -999.0 -999.0 -999.0 -999.0 -999 -999 "" "" "" "" 0 0 0.0 0.0 -999 ""
FIBERMAP 586 R-5C20 APOGEE 1 1 0 1 0 0 203.52747153176466 -99.98796544869562 143.1 86.12596946755058 209.76105868781514 349.60013 116.12158 276.78976176628083 -33.995416971219484 -2.7393162 7.561765 1.1306946 276.78975718775365 -33.99538975381425 276.8908585518093 -33.97767095180451 84.72340364717512 160.6364882635842 16000.0 16600.0 2016.0 2 224 {-999.0 9.942479 10.160947 10.337116 -999.0} sdss_psfmag_from_g3xp 10.0576515 10.051041 10.010724 9.969 63050395231029213 975028221 "" ops_std_apogee ops_std standard_apogee 0 0 0.0 0.0 -999 ""
FIBERMAP 586 R-5C20 BOSS 0 0 0 1 0 0 203.73599304105798 -100.70173735326706 143.1 86.82414437545214 210.01691841753674 349.60013 116.12158 -999.0 -999.0 -999.0 -999.0 -999.0 276.7923289414882 -33.99460658919028 276.8934177019297 -33.97686285480573 84.72341820870247 160.61179590612792 -999.0 5400.0 -999.0 1 322 {-999.0 -999.0 -999.0 -999.0 -999.0} "" -999.0 -999.0 -999.0 -999.0 -999 -999 "" "" "" "" 0 0 0.0 0.0 -999 ""
FIBERMAP 586 R-5C20 METROLOGY 0 0 0 1 0 0 202.98706455127402 -100.5146207702751 143.1 86.68762379595304 209.25716422019357 349.60013 116.12158 -999.0 -999.0 -999.0 -999.0 -999.0 276.79185118147063 -33.99685563434155 276.8929509689914 -33.97911769867155 84.72144140591257 160.62431680303132 -999.0 6231.0 -999.0 -1 -999 {-999.0 -999.0 -999.0 -999.0 -999.0} "" -999.0 -999.0 -999.0 -999.0 -999 -999 "" "" "" "" 0 0 0.0 0.0 -999 ""
FIBERMAP 590 R+11C14 APOGEE 1 1 0 1 0 0 103.29884902267645 206.75203213573073 143.1 -213.20005062794624 89.2132924700747 258.0342 41.74037 275.69190469060436 -34.35552286170095 -2.186788 -7.2756824 -0.002652531 275.69186128973905 -34.355549571848044 275.7948614846348 -34.34055032304577 84.60643079140894 171.08145726741142 16000.0 16600.0 2016.0 2 55 {-999.0 15.1722765 13.648436 12.258174 -999.0} sdss_psfmag_from_g3xp 14.526129 12.968584 11.773038 9.002 63050395230834125 1151995943 bright_1x1 mwm_galactic_core_dist_apogee_sparse mwm_galactic science 0 0 0.0 0.0 -999 ""
FIBERMAP 590 R+11C14 BOSS 0 0 0 1 0 0 102.87629443974532 207.37579425909288 143.1 -213.79408352648244 88.74991757870617 258.0342 41.74037 -999.0 -999.0 -999.0 -999.0 -999.0 275.6896370716747 -34.35694195958127 275.7926395858698 -34.34192804871148 84.60537258142534 171.10311237715482 -999.0 5400.0 -999.0 1 92 {-999.0 -999.0 -999.0 -999.0 -999.0} "" -999.0 -999.0 -999.0 -999.0 -999 -999 "" "" "" "" 0 0 0.0 0.0 -999 ""
FIBERMAP 590 R+11C14 METROLOGY 0 0 0 1 0 0 103.6292501578927 207.422716649002 143.1 -213.89133769196334 89.49801206256402 258.0342 41.74037 -999.0 -999.0 -999.0 -999.0 -999.0 275.6892758141061 -34.3546561971706 275.792270990814 -34.33964957882156 84.60767012934231 171.1023359447557 -999.0 6231.0 -999.0 -1 -999 {-999.0 -999.0 -999.0 -999.0 -999.0} "" -999.0 -999.0 -999.0 -999.0 -999 -999 "" "" "" "" 0 0 0.0 0.0 -999 ""
FIBERMAP 591 R+11C1 APOGEE 1 1 0 1 0 0 -179.60088409613158 220.31093947474074 143.1 -207.77719361346558 -193.94923398629575 152.04926 115.14371 275.70176980495563 -35.21206379090165 3.4220192 -12.496209 10.847366 275.7017788223194 -35.21210459699372 275.8080497799384 -35.196820151908284 83.75866216438057 172.2768977846798 16000.0 16600.0 2016.0 2 9 {-999.0 15.435237 14.0275135 13.083143 -999.0} sdss_psfmag_from_g3xp 14.866401 13.737131 12.678535 10.694 63050395230500819 984763369 bright_1x1 mwm_snc_100pc_apogee mwm_snc science 0 0 0.0 0.0 -999 ""
FIBERMAP 591 R+11C1 BOSS 0 0 0 1 0 0 -179.53988580330216 221.0531295560127 143.1 -208.52177639199513 -193.93809254376507 152.04926 115.14371 -999.0 -999.0 -999.0 -999.0 -999.0 275.69906721279136 -35.21204103057242 275.80533513400667 -35.19674039145446 83.75905970598482 172.29698636243535 -999.0 5400.0 -999.0 1 9 {-999.0 -999.0 -999.0 -999.0 -999.0} "" -999.0 -999.0 -999.0 -999.0 -999 -999 "" "" "" "" 0 0 0.0 0.0 -999 ""
FIBERMAP 591 R+11C1 METROLOGY 0 0 0 1 0 0 -178.93391114313948 220.6446528823953 143.1 -208.1548246349414 -193.30613757782777 152.04926 115.14371 -999.0 -999.0 -999.0 -999.0 -999.0 275.70037767437583 -35.21018928518666 275.8066389619428 -35.19489240869642 83.76073560246503 172.284844954712 -999.0 6231.0 -999.0 -1 -999 {-999.0 -999.0 -999.0 -999.0 -999.0} "" -999.0 -999.0 -999.0 -999.0 -999 -999 "" "" "" "" 0 0 0.0 0.0 -999 ""
FIBERMAP 593 R-1C22 APOGEE 1 1 0 1 0 0 197.82815006500934 -3.605335269841415 143.1 -9.654961046455362 197.61828212325096 98.21287 80.27962 276.4397674301799 -34.0312261031187 -6.777913 -3.512352 0.16043162 276.43974823946087 -34.03122595379659 276.5411605894609 -34.01439715666459 84.78213684539155 163.76726119687874 16000.0 16600.0 2016.0 2 205 {-999.0 14.589069 13.086876 11.944316 -999.0} sdss_psfmag_from_g3xp 13.951193 12.627108 11.496055 8.935 63050395231163729 1151996368 bright_1x1 mwm_galactic_core_dist_apogee_sparse mwm_galactic science 0 0 0.0 0.0 -999 ""
FIBERMAP 593 R-1C22 BOSS 0 0 0 1 0 0 198.57625557022348 -3.6407124951504723 143.1 -9.66977847342078 198.36705052996626 98.21287 80.27962 -999.0 -999.0 -999.0 -999.0 -999.0 276.43970794183804 -34.02893017173569 276.54110474087486 -34.01208346862913 84.78436124328736 163.7602416949739 -999.0 5400.0 -999.0 1 289 {-999.0 -999.0 -999.0 -999.0 -999.0} "" -999.0 -999.0 -999.0 -999.0 -999 -999 "" "" "" "" 0 0 0.0 0.0 -999 ""
FIBERMAP 593 R-1C22 METROLOGY 0 0 0 1 0 0 198.16403321815187 -4.267632247061476 143.1 -9.016675291108825 197.99776470626927 98.21287 80.27962 -999.0 -999.0 -999.0 -999.0 -999.0 276.44208791122475 -34.03001729920071 276.5434895620077 -34.01316943609489 84.78274014226743 163.7429936538235 -999.0 6231.0 -999.0 -1 -999 {-999.0 -999.0 -999.0 -999.0 -999.0} "" -999.0 -999.0 -999.0 -999.0 -999 -999 "" "" "" "" 0 0 0.0 0.0 -999 ""
FIBERMAP 595 R-3C1 APOGEE 1 1 0 1 0 0 -267.7697926386333 -65.59314656314974 143.1 83.38078968380793 -262.7648867555389 212.49236 121.668785 276.77913178510664 -35.425147910745416 -3.2626228 -6.412856 0.20850347 276.7791393151988 -35.42515206897991 276.8856874709181 -35.40702638605484 83.36664064070327 165.00083977721224 16000.0 16600.0 2016.0 2 271 {-999.0 14.570839 13.121837 12.362551 -999.0} sdss_psfmag_from_g3xp 13.967812 12.95344 11.955879 9.612 63050396519797414 1153146962 bright_1x1 mwm_galactic_core_dist_apogee_sparse mwm_galactic science 0 0 0.0 0.0 -999 ""
FIBERMAP 595 R-3C1 BOSS 0 0 0 1 0 0 -268.45111942970027 -65.27275303616376 143.1 83.10676776799036 -263.46612142750047 212.49236 121.668785 -999.0 -999.0 -999.0 -999.0 -999.0 276.77811943589137 -35.42726719052922 276.8846678274306 -35.40911952076031 83.36486043207884 165.01277937620722 -999.0 5400.0 -999.0 1 443 {-999.0 -999.0 -999.0 -999.0 -999.0} "" -999.0 -999.0 -999.0 -999.0 -999 -999 "" "" "" "" 0 0 0.0 0.0 -999 ""
FIBERMAP 595 R-3C1 METROLOGY 0 0 0 1 0 0 -267.8180132113758 -64.85294880592657 143.1 82.64551101363155 -262.8625815142344 212.49236 121.668785 -999.0 -999.0 -999.0 -999.0 -999.0 276.77643297825887 -35.42550614020922 276.88297784895985 -35.40737014313722 83.36692324529486 165.0200336763779 -999.0 6231.0 -999.0 -1 -999 {-999.0 -999.0 -999.0 -999.0 -999.0} "" -999.0 -999.0 -999.0 -999.0 -999 -999 "" "" "" "" 0 0 0.0 0.0 -999 ""
FIBERMAP 596 R-5C10 APOGEE 1 1 0 1 0 0 -52.559400767827384 -87.36789517415774 143.1 90.6893871937278 -46.58689481385638 217.45026 34.291023 276.8074035644531 -34.77202020380473 -999.0 -999.0 -999.0 276.8073919696161 -34.77200949567392 276.91141622458485 -34.75400959580092 83.98473983653672 163.07641125003173 16000.0 16600.0 2015.5 2 269 {-999.0 -999.0 -999.0 -999.0 -999.0} "" -999.0 -999.0 -999.0 -999.0 27021603184480182 848784715 "" ops_sky_apogee_best ops_sky sky_apogee 0 0 0.0 0.0 -999 ""
FIBERMAP 596 R-5C10 BOSS 0 0 0 1 0 0 -52.347158247277484 -86.65058030756829 143.1 89.95949135630686 -46.42318789958251 217.45026 34.291023 -999.0 -999.0 -999.0 -999.0 -999.0 276.80476680839655 -34.77156150359137 276.9087822090547 -34.75354700863196 83.98584984629403 163.094682273671 -999.0 5400.0 -999.0 1 370 {-999.0 -999.0 -999.0 -999.0 -999.0} "" -999.0 -999.0 -999.0 -999.0 -999 -999 "" "" "" "" 0 0 0.0 0.0 -999 ""
FIBERMAP 596 R-5C10 METROLOGY 0 0 0 1 0 0 -51.834527525980405 -87.18288279519153 143.1 90.45623929989836 -45.876069073798874 217.45026 34.291023 -999.0 -999.0 -999.0 -999.0 -999.0 276.8066098584462 -34.76989806790484 276.91062036947767 -34.75188542949545 83.98696207111092 163.07606366564625 -999.0 6231.0 -999.0 -1 -999 {-999.0 -999.0 -999.0 -999.0 -999.0} "" -999.0 -999.0 -999.0 -999.0 -999 -999 "" "" "" "" 0 0 0.0 0.0 -999 ""
FIBERMAP 601 R+5C20 APOGEE 1 1 0 1 0 0 191.38838230961966 119.07697758437507 143.1 -131.62596580537308 182.97499118011322 166.86217 15.661792 275.9936361077253 -34.073934612390225 -1.3930466 -2.5097153 0.10890011 275.99366568385506 -34.073892112576786 276.09545812579233 -34.058199768107194 84.83546335073179 167.83638718341683 16000.0 16600.0 2016.0 2 117 {-999.0 15.170908 13.73397 13.0493355 -999.0} sdss_psfmag_from_g3xp 14.577674 13.618388 12.650897 10.444 63050395231131894 1151996216 bright_1x1 mwm_galactic_core_dist_apogee_sparse mwm_galactic science 0 0 0.0 0.0 -999 ""
FIBERMAP 601 R+5C20 BOSS 0 0 0 1 0 0 192.13309764810572 119.11615788577346 143.1 -131.71494354254295 183.71538271163433 166.86217 15.661792 -999.0 -999.0 -999.0 -999.0 -999.0 275.9933476775929 -34.07164442772859 276.09512662978034 -34.05593469370722 84.8377327702418 167.83376421953884 -999.0 5400.0 -999.0 1 202 {-999.0 -999.0 -999.0 -999.0 -999.0} "" -999.0 -999.0 -999.0 -999.0 -999 -999 "" "" "" "" 0 0 0.0 0.0 -999 ""
FIBERMAP 601 R+5C20 METROLOGY 0 0 0 1 0 0 191.80252325594225 118.44818724195385 143.1 -131.02635254968476 183.43030846140525 166.86217 15.661792 -999.0 -999.0 -999.0 -999.0 -999.0 275.99582251433975 -34.07247985074937 276.09760486740527 -34.05676883441945 84.83646246045427 167.81358421718355 -999.0 6231.0 -999.0 -1 -999 {-999.0 -999.0 -999.0 -999.0 -999.0} "" -999.0 -999.0 -999.0 -999.0 -999 -999 "" "" "" "" 0 0 0.0 0.0 -999 ""
FIBERMAP 602 R+3C5 APOGEE 1 1 0 1 0 0 -158.21232643916164 63.06576687751137 143.1 -52.32357700575624 -162.07597205596875 8.084667 134.00676 276.276981706802 -35.12097881631895 -8.4872875 1.9590964 0.73547196 276.27694207779024 -35.12098491739814 276.3825752108128 -35.10424490343322 83.76304762864577 167.870442717375 16000.0 16600.0 2016.0 2 24 {-999.0 11.808195 10.4688835 9.858569 -999.0} sdss_psfmag_from_g3xp 11.28231 10.395186 9.473955 7.442 63050396519974540 1153147360 bright_1x1 mwm_galactic_core_dist_apogee_sparse mwm_galactic science 0 0 0.0 0.0 -999 ""
FIBERMAP 602 R+3C5 BOSS 0 0 0 1 0 0 -157.63937315111352 62.59485131315432 143.1 -51.89211679513822 -161.47278047465622 8.084667 134.00676 -999.0 -999.0 -999.0 -999.0 -999.0 276.2785319177598 -35.11925373879321 276.3841511400966 -35.10248732068613 83.76447049602689 167.85524123460814 -999.0 5400.0 -999.0 1 41 {-999.0 -999.0 -999.0 -999.0 -999.0} "" -999.0 -999.0 -999.0 -999.0 -999 -999 "" "" "" "" 0 0 0.0 0.0 -999 ""
FIBERMAP 602 R+3C5 METROLOGY 0 0 0 1 0 0 -158.32457730169216 62.31546643354461 143.1 -51.567469073570386 -162.13770583076658 8.084667 134.00676 -999.0 -999.0 -999.0 -999.0 -999.0 276.2797155315225 -35.12128324291089 276.3853437882136 -35.104519623855886 83.76227080671995 167.8506974152461 -999.0 6231.0 -999.0 -1 -999 {-999.0 -999.0 -999.0 -999.0 -999.0} "" -999.0 -999.0 -999.0 -999.0 -999 -999 "" "" "" "" 0 0 0.0 0.0 -999 ""
FIBERMAP 603 R-11C2 APOGEE 0 0 0 1 0 0 -135.79266069319786 -216.59870196735048 143.1 225.20094201956994 -120.97335689586461 318.87335 138.50565 -999.0 -999.0 -999.0 -999.0 -999.0 277.30318360962946 -34.995543695124944 277.4077990567805 -34.976201093738084 83.63860550800383 160.20913967954655 -999.0 16600.0 -999.0 2 -999 {-999.0 -999.0 -999.0 -999.0 -999.0} "" -999.0 -999.0 -999.0 -999.0 -999 -999 "" "" "" "" 0 0 0.0 0.0 -999 ""
FIBERMAP 603 R-11C2 BOSS 1 1 0 1 0 0 -135.69950534490178 -217.3379430136058 143.1 225.93225608049437 -120.83089397653629 318.87335 138.50565 277.305908203125 -34.99512054411362 -999.0 -999.0 -999.0 277.3058894949489 -34.99512232108565 277.41049131804573 -34.975750602942426 83.63822798966706 160.1891070140837 5400.0 5400.0 2015.5 1 516 {-999.0 -999.0 -999.0 -999.0 -999.0} "" -999.0 -999.0 -999.0 -999.0 27021603184479716 852057325 "" ops_sky_boss_fallback ops_sky sky_boss 0 0 0.0 0.0 -999 ""
FIBERMAP 603 R-11C2 METROLOGY 0 0 0 1 0 0 -136.3841128879507 -217.05661300469083 143.1 225.69742832245038 -121.53278513619179 318.87335 138.50565 -999.0 -999.0 -999.0 -999.0 -999.0 277.3050790443624 -34.99726354870173 277.4096924888736 -34.977899573330916 83.63646111446721 160.2016255652384 -999.0 6231.0 -999.0 -1 -999 {-999.0 -999.0 -999.0 -999.0 -999.0} "" -999.0 -999.0 -999.0 -999.0 -999 -999 "" "" "" "" 0 0 0.0 0.0 -999 ""
FIBERMAP 606 R-1C4 APOGEE 0 0 0 1 0 0 -222.60676353752504 -8.195089647355173 143.1 23.088325613976448 -221.54987426675402 143.01088 104.12598 -999.0 -999.0 -999.0 -999.0 -999.0 276.55589435613666 -35.301350852581194 276.6620801871709 -35.28383749219237 83.533936249052 166.25480060998422 -999.0 16600.0 -999.0 2 -999 {-999.0 -999.0 -999.0 -999.0 -999.0} "" -999.0 -999.0 -999.0 -999.0 -999 -999 "" "" "" "" 0 0 0.0 0.0 -999 ""
FIBERMAP 606 R-1C4 BOSS 1 1 0 1 0 0 -222.3309566996574 -7.479840786174362 143.1 22.35623303501059 -221.32260967173292 143.01088 104.12598 276.5531605779318 -35.30072895899712 -0.011529011 -2.4753058 0.032615434 276.5531928384776 -35.30072804142946 276.6593700936031 -35.283198322919574 83.53511714697927 166.272356700088 5400.0 5400.0 2016.0 1 510 {-999.0 16.73768 15.882947 15.559273 -999.0} sdss_psfmag_gaia 16.482916 15.92164 15.211258 13.747 63050396519927154 1071900466 dark_flexible_2x1 mwm_halo_mp_xp_boss mwm_halo science 0 0 0.0 0.0 -999 ""
FIBERMAP 606 R-1C4 METROLOGY 0 0 0 1 0 0 -221.8662518101185 -8.08954061434437 143.1 22.9334121682897 -220.81812264948968 143.01088 104.12598 -999.0 -999.0 -999.0 -999.0 -999.0 276.5553422367348 -35.29923983524081 276.66151476805874 -35.2817116990767 83.536109507831 166.25395906378856 -999.0 6231.0 -999.0 -1 -999 {-999.0 -999.0 -999.0 -999.0 -999.0} "" -999.0 -999.0 -999.0 -999.0 -999 -999 "" "" "" "" 0 0 0.0 0.0 -999 ""
FIBERMAP 609 R+3C17 APOGEE 0 0 0 1 0 0 116.55681144193038 73.47994366796087 143.1 -81.12016855505905 111.36860674823595 117.73709 20.756521 -999.0 -999.0 -999.0 -999.0 -999.0 276.17617347119426 -34.29116238554579 276.278694375741 -34.274933777158154 84.58943861905355 166.782254898925 -999.0 16600.0 -999.0 2 -999 {-999.0 -999.0 -999.0 -999.0 -999.0} "" -999.0 -999.0 -999.0 -999.0 -999 -999 "" "" "" "" 0 0 0.0 0.0 -999 ""
FIBERMAP 609 R+3C17 BOSS 1 1 0 1 0 0 117.16755554339062 72.88791016029435 143.1 -80.5703982770141 112.01761633930654 117.73709 20.756521 276.1781583250923 -34.28913372552707 2.1011136 -14.154654 0.89127654 276.1781679031266 -34.28917109357272 276.2806743513481 -34.272918247343036 84.59099792954234 166.76023967708588 5400.0 5400.0 2016.0 1 227 {-999.0 19.261482 19.828287 20.237455 -999.0} sdss_psfmag_gaia 19.506489 19.56812 20.037855 -999.0 63050395231073898 1143361160 dark_2x1 mwm_wd_pwd_boss_2x1 mwm_wd science 0 0 0.0 0.0 -999 ""
FIBERMAP 609 R+3C17 METROLOGY 0 0 0 1 0 0 116.42996568050344 72.74278129127299 143.1 -80.3761910332449 111.29143128543357 117.73709 20.756521 -999.0 -999.0 -999.0 -999.0 -999.0 276.1788494205213 -34.29135639854892 276.2813654637421 -34.275106711020975 84.58873629905673 166.75998871942448 -999.0 6231.0 -999.0 -1 -999 {-999.0 -999.0 -999.0 -999.0 -999.0} "" -999.0 -999.0 -999.0 -999.0 -999 -999 "" "" "" "" 0 0 0.0 0.0 -999 ""
FIBERMAP 616 R+10C3 APOGEE 1 1 0 1 0 0 -141.7878759666299 208.66791380827135 143.1 -198.6937434089152 -155.442562672692 140.08109 91.83971 275.7361509330042 -35.09645191597376 -0.9891527 -8.191411 0.12131287 275.7361312137434 -35.096469191742585 275.8419391670785 -35.08113117042184 83.8689977874932 171.86415620318502 16000.0 16600.0 2016.0 2 13 {-999.0 14.513791 13.113796 12.38976 -999.0} sdss_psfmag_from_g3xp 13.951198 12.965719 11.9832115 9.732 63050395230506060 1151995707 bright_1x1 mwm_galactic_core_dist_apogee_sparse mwm_galactic science 0 0 0.0 0.0 -999 ""
FIBERMAP 616 R+10C3 BOSS 0 0 0 1 0 0 -141.34541967994184 209.25336653483552 143.1 -199.30749948492667 -155.04033411438857 140.08109 91.83971 -999.0 -999.0 -999.0 -999.0 -999.0 275.73387194581693 -35.0952612095128 275.8396721012973 -35.07990661655653 83.87048858619485 171.8795972072744 -999.0 5400.0 -999.0 1 16 {-999.0 -999.0 -999.0 -999.0 -999.0} "" -999.0 -999.0 -999.0 -999.0 -999 -999 "" "" "" "" 0 0 0.0 0.0 -999 ""
FIBERMAP 616 R+10C3 METROLOGY 0 0 0 1 0 0 -141.0411237374691 208.5654004212645 143.1 -198.64148720473707 -154.6906471513475 140.08109 91.83971 -999.0 -999.0 -999.0 -999.0 -999.0 275.73628708260486 -35.094255369198116 275.84208337888435 -35.078901304237284 83.87118414243517 171.85990493498062 -999.0 6231.0 -999.0 -1 -999 {-999.0 -999.0 -999.0 -999.0 -999.0} "" -999.0 -999.0 -999.0 -999.0 -999 -999 "" "" "" "" 0 0 0.0 0.0 -999 ""
FIBERMAP 617 R-4C3 APOGEE 1 1 0 1 0 0 -205.63820617558574 -56.620925335372945 143.1 70.2669827204168 -201.37609420398604 165.76953 35.419937 276.73105391410223 -35.2405965733005 2.954698 -1.3772799 1.6017135 276.73106933536434 -35.24060625013388 276.8369295661049 -35.22266038262129 83.55479427578855 164.88568710726685 16000.0 16600.0 2016.0 2 242 {-999.0 10.491347 10.279034 10.228462 -999.0} sdss_psfmag_gaia 10.496611 10.275016 9.912821 9.387 63050396520132996 975493111 "" ops_std_apogee ops_std standard_apogee 0 0 0.0 0.0 -999 ""
FIBERMAP 617 R-4C3 BOSS 0 0 0 1 0 0 -204.92457119023115 -56.36498368423151 143.1 69.96382021855338 -200.68123247328063 165.76953 35.419937 -999.0 -999.0 -999.0 -999.0 -999.0 276.7299789850884 -35.23858146621858 276.8358237056493 -35.22061576329001 83.55700978494768 164.8883322200318 -999.0 5400.0 -999.0 1 499 {-999.0 -999.0 -999.0 -999.0 -999.0} "" -999.0 -999.0 -999.0 -999.0 -999 -999 "" "" "" "" 0 0 0.0 0.0 -999 ""
FIBERMAP 617 R-4C3 METROLOGY 0 0 0 1 0 0 -205.05323210506867 -57.10077536747273 143.1 70.70655176752149 -200.760310767608 165.76953 35.419937 -999.0 -999.0 -999.0 -999.0 -999.0 276.7327421139411 -35.238840434313005 276.83858872499763 -35.22087413136835 83.55613094675194 164.86964741966835 -999.0 6231.0 -999.0 -1 -999 {-999.0 -999.0 -999.0 -999.0 -999.0} "" -999.0 -999.0 -999.0 -999.0 -999 -999 "" "" "" "" 0 0 0.0 0.0 -999 ""
FIBERMAP 618 R+8C5 APOGEE 1 1 0 1 0 0 -106.56402614036517 170.69628694988648 143.1 -163.16832358093887 -117.75544727857967 94.14209 90.57546 275.86797945595896 -34.983932076037426 -3.1791596 -7.0581117 0.08649671 275.8679627922529 -34.983967535975935 275.97327328870574 -34.96832351723968 83.96290473708414 170.690424088741 16000.0 16600.0 2016.0 2 42 {-999.0 15.069477 13.822929 13.283412 -999.0} sdss_psfmag_from_g3xp 14.594191 13.781806 12.898852 10.832 63050395230576346 1151995808 bright_1x1 mwm_galactic_core_dist_apogee_sparse mwm_galactic science 0 0 0.0 0.0 -999 ""
FIBERMAP 618 R+8C5 BOSS 0 0 0 1 0 0 -105.82055430456765 170.75249213795678 143.1 -163.27420405987098 -117.01743687195734 94.14209 90.57546 -999.0 -999.0 -999.0 -999.0 -999.0 275.86754123154225 -34.98178514920996 275.97283877689904 -34.96612054678955 83.96513610280051 170.69014288295003 -999.0 5400.0 -999.0 1 70 {-999.0 -999.0 -999.0 -999.0 -999.0} "" -999.0 -999.0 -999.0 -999.0 -999 -999 "" "" "" "" 0 0 0.0 0.0 -999 ""
FIBERMAP 618 R+8C5 METROLOGY 0 0 0 1 0 0 -106.13775425803725 170.0896147283688 143.1 -162.59159060414933 -117.28950838423111 94.14209 90.57546 -999.0 -999.0 -999.0 -999.0 -999.0 275.8700212445617 -34.982641971008306 275.97532220687526 -34.96697703831114 83.96394083709336 170.67248585355537 -999.0 6231.0 -999.0 -1 -999 {-999.0 -999.0 -999.0 -999.0 -999.0} "" -999.0 -999.0 -999.0 -999.0 -999 -999 "" "" "" "" 0 0 0.0 0.0 -999 ""
FIBERMAP 621 R-1C10 APOGEE 0 0 0 1 0 0 -94.11230462350547 -18.09718404749347 143.1 24.36026705161206 -92.68527974061739 195.2798 96.26176 -999.0 -999.0 -999.0 -999.0 -999.0 276.56189902985216 -34.911757946977616 276.6665837748902 -34.894347467451894 83.90879459280472 165.28678760951877 -999.0 16600.0 -999.0 2 -999 {-999.0 -999.0 -999.0 -999.0 -999.0} "" -999.0 -999.0 -999.0 -999.0 -999 -999 "" "" "" "" 0 0 0.0 0.0 -999 ""
FIBERMAP 621 R-1C10 BOSS 1 1 0 1 0 0 -94.3757709824967 -17.38436842736429 143.1 23.666726880129797 -92.99589489385959 195.2798 96.26176 276.55933867226554 -34.91276807447426 -3.2425125 -5.9350467 0.27557257 276.5593524749837 -34.91277049912426 276.6640348565845 -34.895344233422676 83.9084007294956 165.30829597264653 5400.0 5400.0 2016.0 1 509 {-999.0 18.194304 17.8039 17.681488 -999.0} sdss_psfmag_gaia 17.942072 17.827105 17.163715 -999.0 63050396520183353 980167917 "" ops_std_boss ops_std standard_boss 0 0 0.0 0.0 -999 ""
FIBERMAP 621 R-1C10 METROLOGY 0 0 0 1 0 0 -93.64684115963352 -17.511656951112414 143.1 23.74489557557581 -92.26010148211341 195.2798 96.26176 -999.0 -999.0 -999.0 -999.0 -999.0 276.5596493886241 -34.910541663892076 276.66432522669595 -34.89312156119121 83.91047614220669 165.30046889168403 -999.0 6231.0 -999.0 -1 -999 {-999.0 -999.0 -999.0 -999.0 -999.0} "" -999.0 -999.0 -999.0 -999.0 -999 -999 "" "" "" "" 0 0 0.0 0.0 -999 ""
FIBERMAP 622 R-9C14 APOGEE 1 1 0 1 0 0 103.46236500845032 -157.4857167558591 143.1 150.19566915371547 113.77591628901374 113.320885 82.603386 277.025113176808 -34.28543059284627 -6.692404 -24.15468 5.8449373 277.02508880093995 -34.28550380587261 277.1271573197512 -34.26709172506776 84.38316707402511 159.80189027514763 16000.0 16600.0 2016.0 2 198 {-999.0 14.72985 13.324159 12.659682 -999.0} sdss_psfmag_gaia 14.152119 13.226207 12.253863 10.383 63050396520299326 1035011153 bright_1x1 mwm_yso_pms_apogee_zari18pms_single mwm_yso science 0 0 0.0 0.0 -999 ""
FIBERMAP 622 R-9C14 BOSS 0 0 0 1 0 0 104.17207217771417 -157.29337132261642 143.1 149.95622087897155 114.47111933559543 113.320885 82.603386 -999.0 -999.0 -999.0 -999.0 -999.0 277.0242683874599 -34.28338333881935 277.12632003218266 -34.26495438488724 84.38540946782135 159.800492688187 -999.0 5400.0 -999.0 1 274 {-999.0 -999.0 -999.0 -999.0 -999.0} "" -999.0 -999.0 -999.0 -999.0 -999 -999 "" "" "" "" 0 0 0.0 0.0 -999 ""
FIBERMAP 622 R-9C14 METROLOGY 0 0 0 1 0 0 103.9933924357857 -158.00962765631465 143.1 150.68281230245663 114.34082771150317 113.320885 82.603386 -999.0 -999.0 -999.0 -999.0 -999.0 277.0269505625576 -34.28375624801308 277.12900484694796 -34.26532584586029 84.38425265129118 159.78077288468492 -999.0 6231.0 -999.0 -1 -999 {-999.0 -999.0 -999.0 -999.0 -999.0} "" -999.0 -999.0 -999.0 -999.0 -999 -999 "" "" "" "" 0 0 0.0 0.0 -999 ""
FIBERMAP 625 R+1C2 APOGEE 0 0 0 1 0 0 -268.7661203726566 31.15606422895949 143.1 -13.080928167058543 -270.23995675833584 154.05257 93.58176 -999.0 -999.0 -999.0 -999.0 -999.0 276.42109119865233 -35.4473478360004 276.5279118650543 -35.43013730137111 83.41866418377644 167.5023995540816 -999.0 16600.0 -999.0 2 -999 {-999.0 -999.0 -999.0 -999.0 -999.0} "" -999.0 -999.0 -999.0 -999.0 -999 -999 "" "" "" "" 0 0 0.0 0.0 -999 ""
FIBERMAP 625 R+1C2 BOSS 1 1 0 1 0 0 -268.4873005893013 31.84789748535247 143.1 -13.789860398805377 -270.0081175328595 154.05257 93.58176 276.4184502925264 -35.44665101556458 0.834123 -3.0594542 0.31605178 276.41846965022245 -35.44666139461959 276.5252819620962 -35.42943375706181 83.41984586485405 167.51916273827254 5400.0 5400.0 2016.0 1 11 {-999.0 16.257174 15.952192 15.864196 -999.0} sdss_psfmag_gaia 16.142937 15.96367 15.457088 14.71 63050396519907497 980167574 "" ops_std_boss ops_std standard_boss 0 0 0.0 0.0 -999 ""
FIBERMAP 625 R+1C2 METROLOGY 0 0 0 1 0 0 -268.0270437422251 31.27123345725479 143.1 -13.245343723810482 -269.5102813992059 154.05257 93.58176 -999.0 -999.0 -999.0 -999.0 -999.0 276.4204915672195 -35.44522071459303 276.52729923903667 -35.427995129966966 83.42086371652535 167.5022951762077 -999.0 6231.0 -999.0 -1 -999 {-999.0 -999.0 -999.0 -999.0 -999.0} "" -999.0 -999.0 -999.0 -999.0 -999 -999 "" "" "" "" 0 0 0.0 0.0 -999 ""
FIBERMAP 628 R-7C16 APOGEE 1 1 0 1 0 0 111.20176921147421 -147.6866434412139 143.1 139.90050866615357 120.84124337437036 250.9742 87.878044 276.9873046875 -34.26412072907215 -999.0 -999.0 -999.0 276.98731098166735 -34.26412661159288 277.08931871690936 -34.2458181549988 84.41435149173321 160.02120041024165 16000.0 16600.0 2015.5 2 207 {-999.0 -999.0 -999.0 -999.0 -999.0} "" -999.0 -999.0 -999.0 -999.0 27021603147017602 848144251 "" ops_sky_apogee_best ops_sky sky_apogee 0 0 0.0 0.0 -999 ""
FIBERMAP 628 R-7C16 BOSS 0 0 0 1 0 0 110.49080506514021 -147.41569176689129 143.1 139.67780113315962 120.1137509705488 250.9742 87.878044 -999.0 -999.0 -999.0 -999.0 -999.0 276.9865716569991 -34.266307619083676 277.0885788134025 -34.24798083677387 84.41255593013447 160.035085992196 -999.0 5400.0 -999.0 1 292 {-999.0 -999.0 -999.0 -999.0 -999.0} "" -999.0 -999.0 -999.0 -999.0 -999 -999 "" "" "" "" 0 0 0.0 0.0 -999 ""
FIBERMAP 628 R-7C16 METROLOGY 0 0 0 1 0 0 111.07418643150845 -146.9477382166151 143.1 139.17183587812383 120.66445407185081 250.9742 87.878044 -999.0 -999.0 -999.0 -999.0 -999.0 276.9847315010321 -34.2646193990391 277.0867358656261 -34.2463034098064 84.41467031925488 160.0434561579604 -999.0 6231.0 -999.0 -1 -999 {-999.0 -999.0 -999.0 -999.0 -999.0} "" -999.0 -999.0 -999.0 -999.0 -999 -999 "" "" "" "" 0 0 0.0 0.0 -999 ""
FIBERMAP 629 R0C19 APOGEE 1 1 0 1 0 0 125.81023137961557 -0.975480860144339 143.1 -7.454493925118973 125.58851746044803 1.8742913 111.89266 276.4468764749606 -34.24902369887546 0.7213403 5.529311 2.7744215 276.44686773167456 -34.24900418088006 276.54909474483895 -34.23209101760289 84.57188207258125 164.37969178618496 16000.0 16600.0 2016.0 2 90 {-999.0 10.253471 10.122122 10.112907 -999.0} sdss_psfmag_from_g3xp 10.281909 10.098539 9.785131 9.314 63050395231007545 975028235 "" ops_std_apogee ops_std standard_apogee 0 0 0.0 0.0 -999 ""
FIBERMAP 629 R0C19 BOSS 0 0 0 1 0 0 126.11290495790628 -1.6547058688651761 143.1 -6.797094126751169 125.93600021375556 1.8742913 111.89266 -999.0 -999.0 -999.0 -999.0 -999.0 276.4492886146114 -34.24791449040771 276.5515032767322 -34.23097589236585 84.57238340661026 164.3561536037709 -999.0 5400.0 -999.0 1 253 {-999.0 -999.0 -999.0 -999.0 -999.0} "" -999.0 -999.0 -999.0 -999.0 -999 -999 "" "" "" "" 0 0 0.0 0.0 -999 ""
FIBERMAP 629 R0C19 METROLOGY 0 0 0 1 0 0 125.37253845522255 -1.5896958565646244 143.1 -6.812360292770838 125.19296811677225 1.8742913 111.89266 -999.0 -999.0 -999.0 -999.0 -999.0 276.44922034226494 -34.25014652053515 276.5514454386728 -34.23321295029009 84.57025286493706 164.3633808403809 -999.0 6231.0 -999.0 -1 -999 {-999.0 -999.0 -999.0 -999.0 -999.0} "" -999.0 -999.0 -999.0 -999.0 -999 -999 "" "" "" "" 0 0 0.0 0.0 -999 ""
FIBERMAP 632 R-6C1 APOGEE 1 1 0 1 0 0 -213.6941373342939 -109.53378080209079 143.1 123.59875676269621 -205.8691291530025 27.771809 121.995346 276.92859451052044 -35.25368101177349 -6.090973 -7.8329697 0.11834559 276.92856834067237 -35.25370052625664 277.0343751507131 -35.23524250671046 83.49579146043361 163.5498477227423 16000.0 16600.0 2016.0 2 274 {-999.0 14.261137 13.38491 12.989414 -999.0} sdss_psfmag_from_g3xp 13.988227 13.380024 12.627137 10.984 63050396520028910 1153147299 bright_1x1 mwm_galactic_core_dist_apogee_sparse mwm_galactic science 0 0 0.0 0.0 -999 ""
FIBERMAP 632 R-6C1 BOSS 0 0 0 1 0 0 -213.04533068067448 -109.89308153697529 143.1 123.9137755645058 -205.19773411002777 27.771809 121.995346 -999.0 -999.0 -999.0 -999.0 -999.0 276.92976448014997 -35.251721141154356 277.03555394671093 -35.23323735376822 83.4974101302396 163.53637764265193 -999.0 5400.0 -999.0 1 446 {-999.0 -999.0 -999.0 -999.0 -999.0} "" -999.0 -999.0 -999.0 -999.0 -999 -999 "" "" "" "" 0 0 0.0 0.0 -999 ""
FIBERMAP 632 R-6C1 METROLOGY 0 0 0 1 0 0 -213.66418888591332 -110.28585572969291 143.1 124.34710951248303 -205.78886920208492 27.771809 121.995346 -999.0 -999.0 -999.0 -999.0 -999.0 276.9313871081524 -35.253523187255546 277.037185230193 -35.23504127421732 83.49528692087924 163.53000202218487 -999.0 6231.0 -999.0 -1 -999 {-999.0 -999.0 -999.0 -999.0 -999.0} "" -999.0 -999.0 -999.0 -999.0 -999 -999 "" "" "" "" 0 0 0.0 0.0 -999 ""
FIBERMAP 633 R+7C5 APOGEE 1 1 0 1 0 0 -141.75235471060617 130.70029931621542 143.1 -120.9064058854028 -150.1842444728865 240.27122 65.830345 276.02325439453125 -35.08339136260649 -999.0 -999.0 -999.0 276.0232585645619 -35.08338964927942 276.1288744418258 -35.06731496230799 83.84236678162759 169.6803612774925 16000.0 16600.0 2015.5 2 34 {-999.0 -999.0 -999.0 -999.0 -999.0} "" -999.0 -999.0 -999.0 -999.0 27021603147015496 848144201 "" ops_sky_apogee_best ops_sky sky_apogee 0 0 0.0 0.0 -999 ""
FIBERMAP 633 R+7C5 BOSS 0 0 0 1 0 0 -142.16872127978735 131.3181987124459 143.1 -121.49500395504967 -150.6410527384793 240.27122 65.830345 -999.0 -999.0 -999.0 -999.0 -999.0 276.0210336436227 -35.084820611198154 276.12665073464814 -35.068728511225615 83.84132735157769 169.69953434050677 -999.0 5400.0 -999.0 1 57 {-999.0 -999.0 -999.0 -999.0 -999.0} "" -999.0 -999.0 -999.0 -999.0 -999 -999 "" "" "" "" 0 0 0.0 0.0 -999 ""
FIBERMAP 633 R+7C5 METROLOGY 0 0 0 1 0 0 -141.44504178208058 131.3786506922151 143.1 -121.60379569090463 -149.92307399326148 240.27122 65.830345 -999.0 -999.0 -999.0 -999.0 -999.0 276.02062369670045 -35.082661162668224 276.126234212805 -35.0665772182852 83.8435041494242 169.69882227340065 -999.0 6231.0 -999.0 -1 -999 {-999.0 -999.0 -999.0 -999.0 -999.0} "" -999.0 -999.0 -999.0 -999.0 -999 -999 "" "" "" "" 0 0 0.0 0.0 -999 ""
FIBERMAP 634 R+2C21 APOGEE 1 1 0 1 0 0 164.656256048829 47.961235647923566 143.1 -58.881761543818655 161.06774540013615 177.76317 83.825195 276.258910596969 -34.1410422021152 0.70850027 -6.983408 0.24340652 276.2589254704094 -34.14105892809593 276.3608400605367 -34.124662589684135 84.71777455097842 165.67058498594207 16000.0 16600.0 2016.0 2 73 {-999.0 14.450647 12.97679 11.713649 -999.0} sdss_psfmag_from_g3xp 13.851719 12.420913 11.254967 8.592 63050395231158693 1151996333 bright_1x1 mwm_galactic_core_dist_apogee_sparse mwm_galactic science 0 0 0.0 0.0 -999 ""
FIBERMAP 634 R+2C21 BOSS 0 0 0 1 0 0 164.80793518412892 48.69356801176412 143.1 -59.622583606121836 161.17002112676767 177.76317 83.825195 -999.0 -999.0 -999.0 -999.0 -999.0 276.25619465767045 -34.14069931333248 276.35810299737443 -34.12429098204905 84.71872518174362 165.69328953767246 -999.0 5400.0 -999.0 1 231 {-999.0 -999.0 -999.0 -999.0 -999.0} "" -999.0 -999.0 -999.0 -999.0 -999 -999 "" "" "" "" 0 0 0.0 0.0 -999 ""
FIBERMAP 634 R+2C21 METROLOGY 0 0 0 1 0 0 165.3596317972667 48.2009368919754 143.1 -59.16803345049101 161.75345921120314 177.76317 83.825195 -999.0 -999.0 -999.0 -999.0 -999.0 276.25786249982724 -34.13891571064222 276.3597650754392 -34.122509051212845 84.72008583810248 165.6738008044251 -999.0 6231.0 -999.0 -1 -999 {-999.0 -999.0 -999.0 -999.0 -999.0} "" -999.0 -999.0 -999.0 -999.0 -999 -999 "" "" "" "" 0 0 0.0 0.0 -999 ""
FIBERMAP 636 R-3C16 APOGEE 1 1 0 1 0 0 78.78222595379475 -67.35201091313762 143.1 61.92088787888907 83.11423198471981 232.68195 150.30063 276.7014974797288 -34.37825794832856 -2.8494084 -2.9419744 0.13148959 276.70148780140795 -34.378268598716296 276.8040731632025 -34.360660748303225 84.3860172231187 162.6920049987284 16000.0 16600.0 2016.0 2 220 {-999.0 15.2036 13.659822 11.9862385 -999.0} sdss_psfmag_from_g3xp 14.597903 12.741562 11.462949 8.584 63050395230966143 1151996037 bright_1x1 mwm_galactic_core_dist_apogee_sparse mwm_galactic science 0 0 0.0 0.0 -999 ""
FIBERMAP 636 R-3C16 BOSS 0 0 0 1 0 0 78.09458904050028 -67.6527202243132 143.1 62.26697434179493 82.44830789318047 232.68195 150.30063 -999.0 -999.0 -999.0 -999.0 -999.0 276.70280918636973 -34.38026446582264 276.8053933536836 -34.36263259459978 84.38380238322233 162.68778688171855 -999.0 5400.0 -999.0 1 317 {-999.0 -999.0 -999.0 -999.0 -999.0} "" -999.0 -999.0 -999.0 -999.0 -999 -999 "" "" "" "" 0 0 0.0 0.0 -999 ""
FIBERMAP 636 R-3C16 METROLOGY 0 0 0 1 0 0 78.175592267126 -66.90940557901257 143.1 61.51992947888252 82.47933329250885 232.68195 150.30063 -999.0 -999.0 -999.0 -999.0 -999.0 276.700067290802 -34.380153315049725 276.80265473247437 -34.36253420582771 84.38460799541821 162.70939548595172 -999.0 6231.0 -999.0 -1 -999 {-999.0 -999.0 -999.0 -999.0 -999.0} "" -999.0 -999.0 -999.0 -999.0 -999 -999 "" "" "" "" 0 0 0.0 0.0 -999 ""
FIBERMAP 642 R-2C18 APOGEE 0 0 0 1 0 0 103.13384954952409 -55.58060736776963 143.1 48.545081572723575 106.62175258500359 284.71265 67.168564 -999.0 -999.0 -999.0 -999.0 -999.0 276.6523783056981 -34.30692326927061 276.7547195789749 -34.289463456532694 84.46640397803964 162.86065169852986 -999.0 16600.0 -999.0 2 -999 {-999.0 -999.0 -999.0 -999.0 -999.0} "" -999.0 -999.0 -999.0 -999.0 -999 -999 "" "" "" "" 0 0 0.0 0.0 -999 ""
FIBERMAP 642 R-2C18 BOSS 1 1 0 1 0 0 102.38380426157545 -55.4718706870277 143.1 48.48683686912399 105.86613463391329 284.71265 67.168564 276.6522052929452 -34.30909675597161 -1.6176257 -27.662088 6.851796 276.6522009494435 -34.309177418428405 276.754542967318 -34.29169762859381 84.46432672136308 162.86931296130783 5400.0 5400.0 2016.0 1 299 {-999.0 20.101522 18.197227 15.630567 -999.0} sdss_psfmag_gaia 18.562178 16.352306 14.994398 12.196 63050395230969415 1075855392 bright_1x1 mwm_erosita_stars_boss mwm_erosita science 0 0 0.0 0.0 -999 ""
FIBERMAP 642 R-2C18 METROLOGY 0 0 0 1 0 0 102.8532308374809 -54.88724501283008 143.1 47.872099278403596 106.29532734615812 284.71265 67.168564 -999.0 -999.0 -999.0 -999.0 -999.0 276.6499473269488 -34.30785635619051 276.7522877422174 -34.29038836781683 84.46615144996382 162.88343863965167 -999.0 6231.0 -999.0 -1 -999 {-999.0 -999.0 -999.0 -999.0 -999.0} "" -999.0 -999.0 -999.0 -999.0 -999 -999 "" "" "" "" 0 0 0.0 0.0 -999 ""
FIBERMAP 643 R+9C3 APOGEE 1 0 0 1 1 0 -148.70772963248635 162.16169432417922 143.1 -151.8300907465117 -159.23127866882479 254.51135 118.44052 275.9367370605469 -35.12756259722764 -999.0 -999.0 -999.0 275.908815107698 -35.1097246465024 276.0145892000925 -35.09393710787501 83.83332346382664 170.5823276894846 16000.0 16600.0 2015.5 2 35 {-999.0 -999.0 -999.0 -999.0 -999.0} "" -999.0 -999.0 -999.0 -999.0 27021603147015467 848144124 "" ops_sky_apogee_best ops_sky sky_apogee 0 0 0.0 0.0 -999 ""
FIBERMAP 643 R+9C3 BOSS 0 0 0 1 1 0 -149.42236142231772 161.96210944856645 143.1 -151.58308965808322 -159.93091014531765 254.51135 118.44052 -999.0 -999.0 -999.0 -999.0 -999.0 275.9096798118928 -35.111900030292105 276.01545690079854 -35.096086777987544 83.83108275293834 170.5793213780279 -999.0 5400.0 -999.0 1 59 {-999.0 -999.0 -999.0 -999.0 -999.0} "" -999.0 -999.0 -999.0 -999.0 -999 -999 "" "" "" "" 0 0 0.0 0.0 -999 ""
FIBERMAP 643 R+9C3 METROLOGY 0 0 0 1 1 0 -149.2131797371946 162.70449832072552 143.1 -152.33779725151697 -159.77193673476762 254.51135 118.44052 -999.0 -999.0 -999.0 -999.0 -999.0 275.9068666122562 -35.11141114977618 276.012644622111 -35.095611771006396 83.83195256254429 170.59963327159022 -999.0 6231.0 -999.0 -1 -999 {-999.0 -999.0 -999.0 -999.0 -999.0} "" -999.0 -999.0 -999.0 -999.0 -999 -999 "" "" "" "" 0 0 0.0 0.0 -999 ""
FIBERMAP 646 R-9C11 APOGEE 1 1 0 1 0 0 34.25495281307885 -164.09241814591968 143.1 161.42334755935119 45.16898186504993 64.2717 136.23677 277.0672040401143 -34.49327454088677 6.611177 -7.531648 2.0686002 277.06722610023695 -34.49330688041759 277.1700565908675 -34.47472336203694 84.17680339196765 160.2251170228674 16000.0 16600.0 2016.0 2 164 {-999.0 10.3874235 10.285026 10.279676 -999.0} sdss_psfmag_gaia 10.424833 10.258976 9.96525 9.507 63050396520281980 975493113 "" ops_std_apogee ops_std standard_apogee 0 0 0.0 0.0 -999 ""
FIBERMAP 646 R-9C11 BOSS 0 0 0 1 0 0 34.942753592717246 -163.806891542966 143.1 161.09239818547715 45.836086505074114 64.2717 136.23677 -999.0 -999.0 -999.0 -999.0 -999.0 277.06608848213364 -34.49128886474433 277.16890242046645 -34.472688476187365 84.17904418778478 160.22667299071003 -999.0 5400.0 -999.0 1 397 {-999.0 -999.0 -999.0 -999.0 -999.0} "" -999.0 -999.0 -999.0 -999.0 -999 -999 "" "" "" "" 0 0 0.0 0.0 -999 ""
FIBERMAP 646 R-9C11 METROLOGY 0 0 0 1 0 0 34.84192810805723 -164.55907082836984 143.1 161.84961531139217 45.78587789847299 64.2717 136.23677 -999.0 -999.0 -999.0 -999.0 -999.0 277.06888784578456 -34.49142540910886 277.1717035204862 -34.47282356543773 84.17808901607549 160.20590226300223 -999.0 6231.0 -999.0 -1 -999 {-999.0 -999.0 -999.0 -999.0 -999.0} "" -999.0 -999.0 -999.0 -999.0 -999 -999 "" "" "" "" 0 0 0.0 0.0 -999 ""
FIBERMAP 651 R-2C19 APOGEE 1 1 0 1 0 0 121.80513852696657 -41.51953685030744 143.1 33.26534563991978 124.30851957245814 191.45816 115.438705 276.59630322889717 -34.25325474623581 2.575003 0.051354147 0.4213708 276.5963419836423 -34.25323190807329 276.69850945175494 -34.2359326186873 84.5316781829107 163.14879650501814 16000.0 16600.0 2016.0 2 240 {-999.0 13.077593 11.6144495 10.573298 -999.0} sdss_psfmag_from_g3xp 12.47373 11.2355385 10.139254 7.663 63050395231000920 1151995963 bright_1x1 mwm_galactic_core_dist_apogee_sparse mwm_galactic science 0 0 0.0 0.0 -999 ""
FIBERMAP 651 R-2C19 BOSS 0 0 0 1 0 0 121.35382621054262 -40.943032042988854 143.1 32.72038864809374 123.81961822670975 191.45816 115.438705 -999.0 -999.0 -999.0 -999.0 -999.0 276.59436639042957 -34.254666787923775 276.696532656676 -34.23735260104362 84.530827340548 163.16968553516705 -999.0 5400.0 -999.0 1 303 {-999.0 -999.0 -999.0 -999.0 -999.0} "" -999.0 -999.0 -999.0 -999.0 -999 -999 "" "" "" "" 0 0 0.0 0.0 -999 ""
FIBERMAP 651 R-2C19 METROLOGY 0 0 0 1 0 0 122.089243839855 -40.82858948971345 143.1 32.556943216708206 124.54569161175765 191.45816 115.438705 -999.0 -999.0 -999.0 -999.0 -999.0 276.5937721748864 -34.25244752831311 276.6959325431628 -34.235141089831366 84.5330845232637 163.16753353580128 -999.0 6231.0 -999.0 -1 -999 {-999.0 -999.0 -999.0 -999.0 -999.0} "" -999.0 -999.0 -999.0 -999.0 -999 -999 "" "" "" "" 0 0 0.0 0.0 -999 ""
FIBERMAP 652 R-4C22 APOGEE 0 0 0 1 0 0 220.3538369135638 -66.0877530782269 143.1 51.175945689082546 224.2781313939583 100.51586 124.102905 -999.0 -999.0 -999.0 -999.0 -999.0 276.66215540284753 -33.95142187950296 276.76315720688353 -33.93404473867861 84.80058256217369 161.5638187844119 -999.0 16600.0 -999.0 2 -999 {-999.0 -999.0 -999.0 -999.0 -999.0} "" -999.0 -999.0 -999.0 -999.0 -999 -999 "" "" "" "" 0 0 0.0 0.0 -999 ""
FIBERMAP 652 R-4C22 BOSS 1 1 0 1 0 0 220.88059329787131 -65.52611513499201 143.1 50.58030298155807 224.76606300332116 100.51586 124.102905 276.6599853345704 -33.94990589980585 1.7916955 -4.9192915 3.8327522 276.65999907684244 -33.949931901400916 276.7609885705622 -33.932542367418144 84.8025986161506 161.57701747309005 5400.0 5400.0 2016.0 1 278 {-999.0 20.401403 19.878439 19.7019 -999.0} sdss_psfmag_gaia 20.195284 19.91477 19.275358 -999.0 63050395231039538 1143361159 dark_2x1 mwm_wd_pwd_boss_2x1 mwm_wd science 0 0 0.0 0.0 -999 ""
FIBERMAP 652 R-4C22 METROLOGY 0 0 0 1 0 0 221.0793533509068 -66.2697533967464 143.1 51.308929999403276 225.0141842305346 100.51586 124.102905 -999.0 -999.0 -999.0 -999.0 -999.0 276.6626655812592 -33.94914977724409 276.76365301445924 -33.931758833213316 84.80260049137507 161.5511260822642 -999.0 6231.0 -999.0 -1 -999 {-999.0 -999.0 -999.0 -999.0 -999.0} "" -999.0 -999.0 -999.0 -999.0 -999 -999 "" "" "" "" 0 0 0.0 0.0 -999 ""
FIBERMAP 653 R+5C11 APOGEE 1 1 0 1 0 0 -14.320007299095238 75.73305361541269 143.1 -74.60098909352341 -19.36052326683973 328.28333 32.965168 276.1971084819487 -34.687904973730745 -4.7193427 -5.5986986 0.10471876 276.19709002341443 -34.68795316534167 276.3011050109677 -34.671550337825465 84.19962238000741 167.55493382388556 16000.0 16600.0 2016.0 2 142 {-999.0 14.360705 13.364749 12.956167 -999.0} sdss_psfmag_from_g3xp 14.029059 13.369865 12.588714 10.845 63050395230898852 1151995969 bright_1x1 mwm_galactic_core_dist_apogee_sparse mwm_galactic science 0 0 0.0 0.0 -999 ""
FIBERMAP 653 R+5C11 BOSS 0 0 0 1 0 0 -15.063343516073687 75.74626823706704 143.1 -74.56437911503394 -20.103048643544952 328.28333 32.965168 -999.0 -999.0 -999.0 -999.0 -999.0 276.1971612512077 -34.690241258217654 276.3011788499009 -34.67381633796912 84.19740273949702 167.55948501283044 -999.0 5400.0 -999.0 1 143 {-999.0 -999.0 -999.0 -999.0 -999.0} "" -999.0 -999.0 -999.0 -999.0 -999 -999 "" "" "" "" 0 0 0.0 0.0 -999 ""
FIBERMAP 653 R+5C11 METROLOGY 0 0 0 1 0 0 -14.682736844124051 76.38419884922595 143.1 -75.22635016982542 -19.766043956137032 328.28333 32.965168 -999.0 -999.0 -999.0 -999.0 -999.0 276.1947151844065 -34.689201389173235 276.29873177024785 -34.672789103076646 84.19886338437368 167.57653851300418 -999.0 6231.0 -999.0 -1 -999 {-999.0 -999.0 -999.0 -999.0 -999.0} "" -999.0 -999.0 -999.0 -999.0 -999 -999 "" "" "" "" 0 0 0.0 0.0 -999 ""
FIBERMAP 656 R+4C4 APOGEE 0 0 0 1 0 0 -187.5955899057266 87.1526852270577 143.1 -74.38721680363312 -193.00572156110798 128.25429 120.603905 -999.0 -999.0 -999.0 -999.0 -999.0 276.1947004807528 -35.21392789472623 276.30073346055906 -35.197371611597376 83.68670993326074 168.65337786513965 -999.0 16600.0 -999.0 2 -999 {-999.0 -999.0 -999.0 -999.0 -999.0} "" -999.0 -999.0 -999.0 -999.0 -999 -999 "" "" "" "" 0 0 0.0 0.0 -999 ""
FIBERMAP 656 R+4C4 BOSS 1 1 0 1 0 0 -187.34771157799005 87.84200719582745 143.1 -75.09157077806798 -192.80458496701667 128.25429 120.603905 276.19210323399864 -35.213371875974474 -5.7070584 -0.78452027 0.047549188 276.192076126332 -35.213376258305615 276.2981021998536 -35.19680371299818 83.6877174748517 168.6714087371999 5400.0 5400.0 2016.0 1 37 {-999.0 18.319656 17.860916 17.710773 -999.0} sdss_psfmag_gaia 18.184402 17.891678 17.332832 17.105 63050396519958370 977445855 "" ops_std_boss ops_std standard_boss 0 0 0.0 0.0 -999 ""
FIBERMAP 656 R+4C4 METROLOGY 0 0 0 1 0 0 -186.85739170416574 87.27335681446911 143.1 -74.55706332084848 -192.2772912174146 128.25429 120.603905 -999.0 -999.0 -999.0 -999.0 -999.0 276.1940499210216 -35.21181952246416 276.30007071387126 -35.19524893960814 83.68889905074154 168.65412871597718 -999.0 6231.0 -999.0 -1 -999 {-999.0 -999.0 -999.0 -999.0 -999.0} "" -999.0 -999.0 -999.0 -999.0 -999 -999 "" "" "" "" 0 0 0.0 0.0 -999 ""
FIBERMAP 657 R-1C7 APOGEE 0 0 0 1 0 0 -147.6032191551205 -2.308390287673646 143.1 12.190736350114038 -147.11180125627772 125.51111 84.19129 -999.0 -999.0 -999.0 -999.0 -999.0 276.516271812082 -35.07656124907307 276.62161194898056 -35.059218209444445 83.75953194677687 166.023540313058 -999.0 16600.0 -999.0 2 280 {-999.0 -999.0 -999.0 -999.0 -999.0} "" -999.0 -999.0 -999.0 -999.0 -999 -999 "" ops_sky_apogee_best_unassigned ops_sky sky_apogee 0 0 0.0 0.0 -999 ""
FIBERMAP 657 R-1C7 BOSS 1 1 0 1 0 0 -146.94648560360181 -1.9251396551133837 143.1 11.764367046888577 -146.48223927529773 125.51111 84.19129 276.5147105688225 -35.074732496668055 -3.5818286 -4.19838 2.5959356 276.5147117426133 -35.07474144957013 276.6200383026777 -35.05738032922215 83.76163991081727 166.03062922727662 5400.0 5400.0 2016.0 1 460 {-999.0 20.240181 19.831354 19.701492 -999.0} sdss_psfmag_gaia 19.993536 19.856758 19.195381 -999.0 63050396520174107 1144078249 dark_2x1 mwm_wd_gaia_boss_2x1 mwm_wd science 0 0 0.0 0.0 -999 ""
FIBERMAP 657 R-1C7 METROLOGY 0 0 0 1 0 0 -146.95144516766837 -2.685444423164526 143.1 12.523269269747164 -146.4362563889618 125.51111 84.19129 -999.0 -999.0 -999.0 -999.0 -999.0 276.5175251846683 -35.07461811962122 276.62285190994 -35.05725621113991 83.76116542961542 166.0098582055145 -999.0 6231.0 -999.0 -1 -999 {-999.0 -999.0 -999.0 -999.0 -999.0} "" -999.0 -999.0 -999.0 -999.0 -999 -999 "" "" "" "" 0 0 0.0 0.0 -999 ""
FIBERMAP 658 R-3C12 APOGEE 1 1 0 1 0 0 -18.460561710055327 -68.32453697499066 143.1 69.40527414001923 -13.841530972669519 229.76323 123.00135 276.7288894764377 -34.67258600667085 0.6035803 -4.236818 0.18620448 276.7288895831886 -34.67260927639855 276.8325761293936 -34.654841562645665 84.09901652074552 163.37740138119656 16000.0 16600.0 2016.0 2 177 {-999.0 14.724247 13.313276 12.330345 -999.0} sdss_psfmag_from_g3xp 14.158187 12.977909 11.902003 9.477 63050396520214124 1153147440 bright_1x1 mwm_galactic_core_dist_apogee_sparse mwm_galactic science 0 0 0.0 0.0 -999 ""
FIBERMAP 658 R-3C12 BOSS 0 0 0 1 0 0 -19.192966957224666 -68.18728579782602 143.1 69.31739833377102 -14.58145925501101 229.76323 123.00135 -999.0 -999.0 -999.0 -999.0 -999.0 276.7286226093103 -34.67488593456298 276.8323097560826 -34.6570970911805 84.09693438917388 163.38610049648034 -999.0 5400.0 -999.0 1 421 {-999.0 -999.0 -999.0 -999.0 -999.0} "" -999.0 -999.0 -999.0 -999.0 -999 -999 "" "" "" "" 0 0 0.0 0.0 -999 ""
FIBERMAP 658 R-3C12 METROLOGY 0 0 0 1 0 0 -18.707163470130943 -67.61497960490406 143.1 68.71385506211317 -14.135101743724377 229.76323 123.00135 -999.0 -999.0 -999.0 -999.0 -999.0 276.7264012722609 -34.67352468599639 276.8300867179755 -34.65574796272487 84.09877535445469 163.39905620527267 -999.0 6231.0 -999.0 -1 -999 {-999.0 -999.0 -999.0 -999.0 -999.0} "" -999.0 -999.0 -999.0 -999.0 -999 -999 "" "" "" "" 0 0 0.0 0.0 -999 ""
FIBERMAP 659 R+7C14 APOGEE 1 1 0 1 0 0 72.79957715055801 153.11014795686503 143.1 -157.63748154817938 62.37696144518405 143.97998 74.64522 275.89392932324904 -34.43814389191032 -2.2742693 -7.655287 0.12759534 275.8939293833136 -34.43817834997905 275.9971448046417 -34.42263281391542 84.49583323114815 169.50603754244213 16000.0 16600.0 2016.0 2 94 {-999.0 14.081859 12.582779 11.789906 -999.0} sdss_psfmag_from_g3xp 13.45977 12.398039 11.386615 9.046 63050395231055914 1151996006 bright_1x1 mwm_galactic_core_dist_apogee_sparse mwm_galactic science 0 0 0.0 0.0 -999 ""
FIBERMAP 659 R+7C14 BOSS 0 0 0 1 0 0 73.38044861653596 153.56779279039324 143.1 -158.13299347502988 62.925850931022964 143.97998 74.64522 -999.0 -999.0 -999.0 -999.0 -999.0 275.8920655768149 -34.43649921904395 275.99527071243006 -34.42093872710208 84.49779379300527 169.51844592008672 -999.0 5400.0 -999.0 1 167 {-999.0 -999.0 -999.0 -999.0 -999.0} "" -999.0 -999.0 -999.0 -999.0 -999 -999 "" "" "" "" 0 0 0.0 0.0 -999 ""
FIBERMAP 659 R+7C14 METROLOGY 0 0 0 1 0 0 73.50417180906508 152.83875136209792 143.1 -157.41390343201184 63.09812869857495 143.97998 74.64522 -999.0 -999.0 -999.0 -999.0 -999.0 275.8946829604489 -34.43597991062434 275.99788621432504 -34.42041857206521 84.49788762027869 169.49532005266613 -999.0 6231.0 -999.0 -1 -999 {-999.0 -999.0 -999.0 -999.0 -999.0} "" -999.0 -999.0 -999.0 -999.0 -999 -999 "" "" "" "" 0 0 0.0 0.0 -999 ""
FIBERMAP 662 R+12C15 APOGEE 0 0 0 1 0 0 158.97198689510864 224.42590573611506 143.1 -234.5630183589382 143.57546813135542 233.73454 156.49802 -999.0 -999.0 -999.0 -999.0 -999.0 275.6169386829492 -34.19081555381014 275.7193524196807 -34.1760595170367 84.77880887381939 171.46187525709655 -999.0 16600.0 -999.0 2 109 {-999.0 -999.0 -999.0 -999.0 -999.0} "" -999.0 -999.0 -999.0 -999.0 -999 -999 "" ops_sky_apogee_best_unassigned ops_sky sky_apogee 0 0 0.0 0.0 -999 ""
FIBERMAP 662 R+12C15 BOSS 1 1 0 1 0 0 158.3458941492065 224.03355971547867 143.1 -234.12962698021607 142.97708632327206 233.73454 156.49802 275.6184900636608 -34.19264401994368 -0.82483387 -6.0918436 0.6530638 275.6184948715464 -34.192656044448285 275.72091108314385 -34.17787607251829 84.77681236279332 171.45101771193336 5400.0 5400.0 2016.0 1 187 {-999.0 18.085304 18.398046 18.5946 -999.0} sdss_psfmag_gaia 18.041876 18.25178 18.11226 -999.0 63050395231823715 1143361123 dark_2x1 mwm_wd_pwd_boss_2x1 mwm_wd science 0 0 0.0 0.0 -999 ""
FIBERMAP 662 R+12C15 METROLOGY 0 0 0 1 0 0 158.3113336500224 224.78675812808174 143.1 -234.87879170048657 142.89214958502015 233.73454 156.49802 -999.0 -999.0 -999.0 -999.0 -999.0 275.61571388977535 -34.19286163917637 275.71813326340146 -34.178094267985955 84.77695744589627 171.47632521532813 -999.0 6231.0 -999.0 -1 -999 {-999.0 -999.0 -999.0 -999.0 -999.0} "" -999.0 -999.0 -999.0 -999.0 -999 -999 "" "" "" "" 0 0 0.0 0.0 -999 ""
FIBERMAP 666 R-7C1 APOGEE 1 1 0 1 0 0 -203.12054400078648 -155.45371639024404 143.1 168.70561593352397 -192.24358653335244 10.76322 21.292173 277.09537885114736 -35.211894877469334 -1.921924 -1.1947817 0.025434054 277.0953293981151 -35.21188283679144 277.20088645117426 -35.19300867492438 83.49312033543767 162.29279785875295 16000.0 16600.0 2016.0 2 275 {-999.0 15.547564 14.018217 12.058743 -999.0} sdss_psfmag_from_g3xp 14.885826 12.766214 11.41745 8.306 63050396520040584 1156308401 bright_1x1 mwm_galactic_core_dist_apogee_extra mwm_galactic science 0 0 0.0 0.0 -999 ""
FIBERMAP 666 R-7C1 BOSS 0 0 0 1 0 0 -203.75458876146817 -155.83890661268146 143.1 169.1324005291955 -192.85038156331763 10.76322 21.292173 -999.0 -999.0 -999.0 -999.0 -999.0 277.0969210190218 -35.21373285249355 277.2024745931061 -35.19483089940621 83.49097488494999 162.28720429977818 -999.0 5400.0 -999.0 1 447 {-999.0 -999.0 -999.0 -999.0 -999.0} "" -999.0 -999.0 -999.0 -999.0 -999 -999 "" "" "" "" 0 0 0.0 0.0 -999 ""
FIBERMAP 666 R-7C1 METROLOGY 0 0 0 1 0 0 -203.77914313614633 -155.10563598699113 143.1 168.402447838778 -192.9240000895251 10.76322 21.292173 -999.0 -999.0 -999.0 -999.0 -999.0 277.09426151967307 -35.21399828941107 277.1998203067708 -35.19510964911547 83.49141713665908 162.30609810826576 -999.0 6231.0 -999.0 -1 -999 {-999.0 -999.0 -999.0 -999.0 -999.0} "" -999.0 -999.0 -999.0 -999.0 -999 -999 "" "" "" "" 0 0 0.0 0.0 -999 ""
FIBERMAP 670 R+9C6 APOGEE 1 1 0 1 0 0 -65.40929651769602 164.26781416711373 143.1 -159.51138282618052 -76.26399058563614 347.2977 88.867294 275.8825705307638 -34.85846066625041 -2.7913008 -5.682451 0.10868883 275.88254742778724 -34.85847138993975 275.9873694798033 -34.84282780925721 84.08442636620278 170.36965291548137 16000.0 16600.0 2016.0 2 149 {-999.0 15.491045 14.080753 12.830746 -999.0} sdss_psfmag_from_g3xp 14.9290695 13.5232315 12.35977 9.797 63050395230590403 1151995874 bright_1x1 mwm_galactic_core_dist_apogee_sparse mwm_galactic science 0 0 0.0 0.0 -999 ""
FIBERMAP 670 R+9C6 BOSS 0 0 0 1 0 0 -65.59121841046206 163.5253861588322 143.1 -158.75846225909848 -76.39576378042578 347.2977 88.867294 -999.0 -999.0 -999.0 -999.0 -999.0 275.88525209385296 -34.85894317210732 275.99006978655893 -34.84327060455098 84.0835952259569 170.3492627355715 -999.0 5400.0 -999.0 1 153 {-999.0 -999.0 -999.0 -999.0 -999.0} "" -999.0 -999.0 -999.0 -999.0 -999 -999 "" "" "" "" 0 0 0.0 0.0 -999 ""
FIBERMAP 670 R+9C6 METROLOGY 0 0 0 1 0 0 -66.12043571969949 164.0623638229284 143.1 -159.25876361305802 -76.95974452852138 347.2977 88.867294 -999.0 -999.0 -999.0 -999.0 -999.0 275.88336746273285 -34.86063952381985 275.98819395288695 -34.84497749533136 84.08219048541024 170.36691165578685 -999.0 6231.0 -999.0 -1 -999 {-999.0 -999.0 -999.0 -999.0 -999.0} "" -999.0 -999.0 -999.0 -999.0 -999 -999 "" "" "" "" 0 0 0.0 0.0 -999 ""
FIBERMAP 679 R+6C12 APOGEE 0 0 0 1 0 0 39.44140587784679 106.67311601682684 143.1 -109.0718141637923 32.2056170146439 17.839186 59.993694 -999.0 -999.0 -999.0 -999.0 -999.0 276.0713229614844 -34.53074522417628 276.1748025143123 -34.514714234632486 84.37569058835913 168.22204193738762 -999.0 16600.0 -999.0 2 -999 {-999.0 -999.0 -999.0 -999.0 -999.0} "" -999.0 -999.0 -999.0 -999.0 -999 -999 "" "" "" "" 0 0 0.0 0.0 -999 ""
FIBERMAP 679 R+6C12 BOSS 1 1 0 1 0 0 39.27111287811777 105.9258325287335 143.1 -108.31482818938602 32.08577143727904 17.839186 59.993694 276.0740661621094 -34.53112462957485 -999.0 -999.0 -999.0 276.07404023970787 -34.531127398251876 276.17751433815715 -34.51506866775345 84.37486009337546 168.2005703797535 5400.0 5400.0 2015.5 1 122 {-999.0 -999.0 -999.0 -999.0 -999.0} "" -999.0 -999.0 -999.0 -999.0 27021603147017256 852437474 "" ops_sky_boss_fallback ops_sky sky_boss 0 0 0.0 0.0 -999 ""
FIBERMAP 679 R+6C12 METROLOGY 0 0 0 1 0 0 38.73189459065511 106.43627862504988 143.1 -108.7879885688219 31.513589821057405 17.839186 59.993694 -999.0 -999.0 -999.0 -999.0 -999.0 276.0722687300962 -34.532845461595436 276.1757518078783 -34.51679661581631 84.37348819981685 168.21885459224595 -999.0 6231.0 -999.0 -1 -999 {-999.0 -999.0 -999.0 -999.0 -999.0} "" -999.0 -999.0 -999.0 -999.0 -999 -999 "" "" "" "" 0 0 0.0 0.0 -999 ""
FIBERMAP 680 R-6C10 APOGEE 0 0 0 1 0 0 -28.38908516655075 -125.26153030405685 143.1 126.87744504758912 -19.933317463091466 215.1515 136.64027 -999.0 -999.0 -999.0 -999.0 -999.0 276.9408052319366 -34.69098565424419 277.0444515254263 -34.672667169569124 84.02671964623121 161.83471823787286 -999.0 16600.0 -999.0 2 -999 {-999.0 -999.0 -999.0 -999.0 -999.0} "" -999.0 -999.0 -999.0 -999.0 -999 -999 "" "" "" "" 0 0 0.0 0.0 -999 ""
FIBERMAP 680 R-6C10 BOSS 1 1 0 1 0 0 -29.119719039461003 -125.14868024991911 143.1 126.8137960282672 -20.66984383564635 215.1515 136.64027 276.9406739833838 -34.693241461777724 -5.696349 -7.7787805 0.89346737 276.9406596530873 -34.69325223166724 277.0443055948123 -34.67491225296989 84.02464123094924 161.84295512252316 5400.0 5400.0 2016.0 1 411 {-999.0 19.843658 19.930872 20.008753 -999.0} sdss_psfmag_gaia 20.034403 19.857502 19.801073 -999.0 63050396520233358 1143422156 dark_2x1 mwm_wd_pwd_boss_2x1 mwm_wd science 0 0 0.0 0.0 -999 ""
FIBERMAP 680 R-6C10 METROLOGY 0 0 0 1 0 0 -28.664451830717088 -124.56606541129662 143.1 126.20201318970875 -20.25464348193176 215.1515 136.64027 -999.0 -999.0 -999.0 -999.0 -999.0 276.9384176815335 -34.691991648534675 277.0420625733183 -34.673663824410944 84.02643021523019 161.85570410790663 -999.0 6231.0 -999.0 -1 -999 {-999.0 -999.0 -999.0 -999.0 -999.0} "" -999.0 -999.0 -999.0 -999.0 -999 -999 "" "" "" "" 0 0 0.0 0.0 -999 ""
FIBERMAP 682 R-8C1 APOGEE 0 0 0 1 0 0 -191.4979687421103 -174.73039080538317 143.1 187.15973646248924 -179.35622855204218 12.156126 21.494745 -999.0 -999.0 -999.0 -999.0 -999.0 277.1634162587292 -35.172642683759854 277.2687859418405 -35.15360541820154 83.51196452287047 161.71479227583336 -999.0 16600.0 -999.0 2 257 {-999.0 -999.0 -999.0 -999.0 -999.0} "" -999.0 -999.0 -999.0 -999.0 -999 -999 "" ops_sky_apogee_best_unassigned ops_sky sky_apogee 0 0 0.0 0.0 -999 ""
FIBERMAP 682 R-8C1 BOSS 1 1 0 1 0 0 -192.12730726941268 -175.14498616454998 143.1 187.6155438414912 -179.9563583017158 12.156126 21.494745 277.16513513255956 -35.17445383181708 -4.5482917 -5.7873044 0.85446346 277.16511141036807 -35.17446817601095 277.27047718486494 -35.155403015346785 83.50980710002118 161.70860521166304 5400.0 5400.0 2016.0 1 527 {-999.0 19.886347 19.98583 20.069464 -999.0} sdss_psfmag_gaia 19.822521 19.908981 19.604538 -999.0 63050396520044873 1143422045 dark_2x1 mwm_wd_pwd_boss_2x1 mwm_wd science 0 0 0.0 0.0 -999 ""
FIBERMAP 682 R-8C1 METROLOGY 0 0 0 1 0 0 -192.17098740932332 -174.39754421246246 143.1 186.8727333518661 -180.0500082599998 12.156126 21.494745 -999.0 -999.0 -999.0 -999.0 -999.0 277.16241305633196 -35.17479436145211 277.2677843778448 -35.15574254976006 83.51022592875997 161.72796225382646 -999.0 6231.0 -999.0 -1 -999 {-999.0 -999.0 -999.0 -999.0 -999.0} "" -999.0 -999.0 -999.0 -999.0 -999 -999 "" "" "" "" 0 0 0.0 0.0 -999 ""
FIBERMAP 684 R-12C13 APOGEE 0 0 0 1 0 0 122.33901758754175 -226.36778897396607 143.1 217.65606904053755 137.22375592400837 25.842537 124.913376 -999.0 -999.0 -999.0 -999.0 -999.0 277.2707169119727 -34.21446506449654 277.3723895609072 -34.19544325937042 84.37143812281018 157.6102389976941 -999.0 16600.0 -999.0 2 -999 {-999.0 -999.0 -999.0 -999.0 -999.0} "" -999.0 -999.0 -999.0 -999.0 -999 -999 "" "" "" "" 0 0 0.0 0.0 -999 ""
FIBERMAP 684 R-12C13 BOSS 1 1 0 1 0 0 122.96053546075771 -226.72989861903704 143.1 217.9757183585105 137.86811261363886 25.842537 124.913376 277.2719182032627 -34.21249199806804 -1.8713689 -7.119024 0.15107602 277.27187961030774 -34.21253342986895 277.37353409799755 -34.193489884734184 84.37284460026554 157.59337912950207 5400.0 5400.0 2016.0 1 429 {-999.0 16.046091 15.322286 15.059499 -999.0} sdss_psfmag_gaia 15.834849 15.365721 14.702346 13.41 63050396520959051 1071900555 dark_flexible_2x1 mwm_halo_mp_xp_boss mwm_halo science 0 0 0.0 0.0 -999 ""
FIBERMAP 684 R-12C13 METROLOGY 0 0 0 1 0 0 122.33927159425863 -227.1157850650499 143.1 218.40234142537142 137.27411595436823 25.842537 124.913376 -999.0 -999.0 -999.0 -999.0 -999.0 277.2734945187981 -34.214294412980976 277.3751576779582 -34.195251659975945 84.37069100227372 157.58808772054317 -999.0 6231.0 -999.0 -1 -999 {-999.0 -999.0 -999.0 -999.0 -999.0} "" -999.0 -999.0 -999.0 -999.0 -999 -999 "" "" "" "" 0 0 0.0 0.0 -999 ""
FIBERMAP 686 R+8C2 APOGEE 0 0 0 1 0 0 -160.16825742728 144.45732588787448 143.1 -133.3984026882257 -169.47968068705512 44.239517 22.090288 -999.0 -999.0 -999.0 -999.0 -999.0 275.97669120856636 -35.14128957190334 276.0825532760358 -35.12531739881433 83.79249218810031 170.12694712207158 -999.0 16600.0 -999.0 2 -999 {-999.0 -999.0 -999.0 -999.0 -999.0} "" -999.0 -999.0 -999.0 -999.0 -999 -999 "" "" "" "" 0 0 0.0 0.0 -999 ""
FIBERMAP 686 R+8C2 BOSS 1 1 0 1 0 0 -160.4646013053663 143.76884076382004 143.1 -132.69163704910247 -169.72922830678914 44.239517 22.090288 275.97928992775775 -35.14209939120112 0.5831356 -5.8577447 0.05860623 275.97926824232167 -35.142125353842836 276.08512701093616 -35.1261233467334 83.79131366407816 170.1091793127687 5400.0 5400.0 2016.0 1 71 {-999.0 15.807224 15.845052 15.900321 -999.0} sdss_psfmag_gaia 15.896281 15.785162 15.602169 15.263 63050395230526892 1093501871 bright_1x1 mwm_astar_core_boss_single mwm_ob science 0 0 0.0 0.0 -999 ""
FIBERMAP 686 R+8C2 METROLOGY 0 0 0 1 0 0 -160.91049216796907 144.364666260688 143.1 -133.25623381796134 -170.2140148190082 44.239517 22.090288 -999.0 -999.0 -999.0 -999.0 -999.0 275.9771456275122 -35.1435891340145 276.08301258511926 -35.12759865205105 83.79018072868892 170.12739947605783 -999.0 6231.0 -999.0 -1 -999 {-999.0 -999.0 -999.0 -999.0 -999.0} "" -999.0 -999.0 -999.0 -999.0 -999 -999 "" "" "" "" 0 0 0.0 0.0 -999 ""
FIBERMAP 696 R+9C5 APOGEE 1 1 0 1 0 0 -101.77908342574123 187.25149619735723 143.1 -180.006291793976 -114.09041913161114 90.49967 120.636665 275.80601622423393 -34.972257237558125 -1.0842335 -5.896683 0.14525437 275.8060191668055 -34.97228110027876 275.9113151916332 -34.95680041982306 83.98281443620375 171.14862305813938 16000.0 16600.0 2016.0 2 45 {-999.0 14.484051 12.999056 12.272251 -999.0} sdss_psfmag_from_g3xp 13.856291 12.8538685 11.871866 9.598 63050395230574908 1151995798 bright_1x1 mwm_galactic_core_dist_apogee_sparse mwm_galactic science 0 0 0.0 0.0 -999 ""
FIBERMAP 696 R+9C5 BOSS 0 0 0 1 0 0 -101.15851145545683 187.67793584537225 143.1 -180.47332918464014 -113.49982935914497 90.49967 120.636665 -999.0 -999.0 -999.0 -999.0 -999.0 275.8042698462141 -34.97052516955751 275.9095554631058 -34.95502724154057 83.98480022661133 171.15942146095145 -999.0 5400.0 -999.0 1 80 {-999.0 -999.0 -999.0 -999.0 -999.0} "" -999.0 -999.0 -999.0 -999.0 -999 -999 "" "" "" "" 0 0 0.0 0.0 -999 ""
FIBERMAP 696 R+9C5 METROLOGY 0 0 0 1 0 0 -101.11006009136493 186.92128054649044 143.1 -179.7216459839206 -113.40080188138948 90.49967 120.636665 -999.0 -999.0 -999.0 -999.0 -999.0 275.80700607050636 -34.9702638386829 275.9122906168053 -34.95476524923607 83.98469062728033 171.13790923416113 -999.0 6231.0 -999.0 -1 -999 {-999.0 -999.0 -999.0 -999.0 -999.0} "" -999.0 -999.0 -999.0 -999.0 -999 -999 "" "" "" "" 0 0 0.0 0.0 -999 ""
FIBERMAP 697 R-7C20 APOGEE 0 0 0 1 0 0 211.03226814568728 -156.8194147440139 143.1 142.32501761910228 221.05574477463205 325.91367 40.589993 -999.0 -999.0 -999.0 -999.0 -999.0 276.9943974806981 -33.96171487784605 277.09526791279166 -33.9434799871854 84.69324654427601 158.78979019785092 -999.0 16600.0 -999.0 2 194 {-999.0 -999.0 -999.0 -999.0 -999.0} "" -999.0 -999.0 -999.0 -999.0 -999 -999 "" ops_sky_apogee_best_unassigned ops_sky sky_apogee 0 0 0.0 0.0 -999 ""
FIBERMAP 697 R-7C20 BOSS 1 1 0 1 0 0 210.325323018634 -156.91357092972348 143.1 142.46631566007625 220.3567199877034 325.91367 40.589993 276.99493583844327 -33.96384568687854 1.3593934 -4.4210505 4.3830833 276.9949374590166 -33.963833557645415 277.0958063657572 -33.94557821234171 84.69113653095266 158.79397585713804 5400.0 5400.0 2016.0 1 267 {-999.0 20.147413 19.737663 19.607428 -999.0} sdss_psfmag_gaia 19.930305 19.763174 19.13116 -999.0 63050395232376104 1143361193 dark_2x1 mwm_wd_pwd_boss_2x1 mwm_wd science 0 0 0.0 0.0 -999 ""
FIBERMAP 697 R-7C20 METROLOGY 0 0 0 1 0 0 210.57426448680238 -156.23416728628058 143.1 141.7717861630562 220.55958170314517 325.91367 40.589993 -999.0 -999.0 -999.0 -999.0 -999.0 276.9924351616642 -33.963173611947774 277.0933054985312 -33.944930123242905 84.69252645251593 158.81203847188462 -999.0 6231.0 -999.0 -1 -999 {-999.0 -999.0 -999.0 -999.0 -999.0} "" -999.0 -999.0 -999.0 -999.0 -999 -999 "" "" "" "" 0 0 0.0 0.0 -999 ""
FIBERMAP 700 R+2C2 APOGEE 0 0 0 1 0 0 -253.91034611402773 49.729286572953264 143.1 -32.606927731410146 -256.6622577576037 124.76557 116.485886 -999.0 -999.0 -999.0 -999.0 -999.0 276.3487794276631 -35.40633437157544 276.45547820165086 -35.389322593866524 83.4718805650659 167.92426673269566 -999.0 16600.0 -999.0 2 -999 {-999.0 -999.0 -999.0 -999.0 -999.0} "" -999.0 -999.0 -999.0 -999.0 -999 -999 "" "" "" "" 0 0 0.0 0.0 -999 ""
FIBERMAP 700 R+2C2 BOSS 1 1 0 1 0 0 -253.53728166904443 50.38224019300957 143.1 -33.283382279241145 -256.3337844462424 124.76557 116.485886 276.34627006873563 -35.4053401427031 -0.9950791 -10.541657 0.06653803 276.34627833487014 -35.40536931167703 276.45296790389546 -35.388340358800974 83.47329673761342 167.93987292027387 5400.0 5400.0 2016.0 1 10 {-999.0 17.886633 17.458738 17.321148 -999.0} sdss_psfmag_gaia 17.813972 17.486294 16.995377 15.58 63050396519915512 977445834 "" ops_std_boss ops_std standard_boss 0 0 0.0 0.0 -999 ""
FIBERMAP 700 R+2C2 METROLOGY 0 0 0 1 0 0 -253.16293520847157 49.75886959260663 143.1 -32.686510654875725 -255.9185339087753 124.76557 116.485886 -999.0 -999.0 -999.0 -999.0 -999.0 276.3484891912115 -35.40417257238022 276.45517489461065 -35.38714506665562 83.47405803994603 167.9220873867911 -999.0 6231.0 -999.0 -1 -999 {-999.0 -999.0 -999.0 -999.0 -999.0} "" -999.0 -999.0 -999.0 -999.0 -999 -999 "" "" "" "" 0 0 0.0 0.0 -999 ""
FIBERMAP 701 R+2C8 APOGEE 0 0 0 1 0 0 -104.56712454713734 54.25904826549616 143.1 -47.13052593006239 -107.96322898130335 93.62512 84.63195 -999.0 -999.0 -999.0 -999.0 -999.0 276.2970151791456 -34.957274604694 276.4020092342331 -34.94053256432275 83.91877355627898 167.3768111323666 -999.0 16600.0 -999.0 2 -999 {-999.0 -999.0 -999.0 -999.0 -999.0} "" -999.0 -999.0 -999.0 -999.0 -999 -999 "" "" "" "" 0 0 0.0 0.0 -999 ""
FIBERMAP 701 R+2C8 BOSS 1 1 0 1 0 0 -103.79904110208479 54.22959561306821 143.1 -47.15259268989301 -107.19492509212961 93.62512 84.63195 276.2968911263715 -34.95505025647567 4.96273 0.819775 3.5661368 276.296921637792 -34.95502387295082 276.40190061410203 -34.93826054606551 83.92100371258431 167.37262709633848 5400.0 5400.0 2016.0 1 45 {-999.0 18.410036 18.802181 19.05072 -999.0} sdss_psfmag_gaia 18.6032 18.62505 18.796503 -999.0 63050395230553061 1143361402 dark_2x1 mwm_wd_pwd_boss_2x1 mwm_wd science 0 0 0.0 0.0 -999 ""
FIBERMAP 701 R+2C8 METROLOGY 0 0 0 1 0 0 -104.21104309418308 53.60124569963154 143.1 -46.49807737065949 -107.56389525528878 93.62512 84.63195 -999.0 -999.0 -999.0 -999.0 -999.0 276.29933161679384 -34.956157728679194 276.40431555577334 -34.93939413939846 83.91943946527077 167.3569490242385 -999.0 6231.0 -999.0 -1 -999 {-999.0 -999.0 -999.0 -999.0 -999.0} "" -999.0 -999.0 -999.0 -999.0 -999 -999 "" "" "" "" 0 0 0.0 0.0 -999 ""
FIBERMAP 702 R-4C16 APOGEE 0 0 0 1 0 0 102.05762269414666 -69.75202025020853 143.1 62.75625382145071 106.4972929343462 44.507084 104.72413 -999.0 -999.0 -999.0 -999.0 -999.0 276.70457063905076 -34.307377949244035 276.80688698565746 -34.28978367738427 84.45249542685605 162.4381120080065 -999.0 16600.0 -999.0 2 -999 {-999.0 -999.0 -999.0 -999.0 -999.0} "" -999.0 -999.0 -999.0 -999.0 -999 -999 "" "" "" "" 0 0 0.0 0.0 -999 ""
FIBERMAP 702 R-4C16 BOSS 1 1 0 1 0 0 102.68419594941433 -70.12644051590851 143.1 63.08784702224477 107.14751813248155 44.507084 104.72413 276.70585857111683 -34.305405413244316 -9.253965 5.573052 0.5375561 276.7058350942127 -34.305374527018856 276.80813518619607 -34.28775787736027 84.45408553045678 162.42130530944848 5400.0 5400.0 2016.0 1 318 {-999.0 18.098732 18.589949 18.91803 -999.0} sdss_psfmag_gaia 18.233871 18.36905 18.60227 -999.0 63050395230968302 1143361090 dark_2x1 mwm_wd_pwd_boss_2x1 mwm_wd science 0 0 0.0 0.0 -999 ""
FIBERMAP 702 R-4C16 METROLOGY 0 0 0 1 0 0 102.04506630114786 -70.49991098674091 143.1 63.503279232453025 106.53486473680935 44.507084 104.72413 -999.0 -999.0 -999.0 -999.0 -999.0 276.70736653742387 -34.30721686891989 276.80967506921536 -34.289601306121284 84.45193209173276 162.414931448503 -999.0 6231.0 -999.0 -1 -999 {-999.0 -999.0 -999.0 -999.0 -999.0} "" -999.0 -999.0 -999.0 -999.0 -999 -999 "" "" "" "" 0 0 0.0 0.0 -999 ""
FIBERMAP 703 R0C3 APOGEE 1 1 0 1 0 0 -265.3696680918857 -0.5326569465770551 143.1 18.307968528725155 -264.72849678875247 221.28366 69.12274 276.5376891656002 -35.43108565468966 -1.6598995 -7.080609 0.16791472 276.5376780185093 -35.4311018647408 276.6443754223618 -35.41359598251388 83.4119564775082 166.6643140951583 16000.0 16600.0 2016.0 2 252 {-999.0 14.2342005 12.784828 12.131822 -999.0} sdss_psfmag_from_g3xp 13.634064 12.685427 11.735407 9.556 63050396519920033 1153147250 bright_1x1 mwm_galactic_core_dist_apogee_sparse mwm_galactic science 0 0 0.0 0.0 -999 ""
FIBERMAP 703 R0C3 BOSS 0 0 0 1 0 0 -265.5448200620317 0.196983341710154 143.1 17.59172609215142 -264.95212610599515 221.28366 69.12274 -999.0 -999.0 -999.0 -999.0 -999.0 276.53502416757595 -35.431792133678016 276.6417181124767 -35.41426887453463 83.41184009180492 166.6840543177682 -999.0 5400.0 -999.0 1 521 {-999.0 -999.0 -999.0 -999.0 -999.0} "" -999.0 -999.0 -999.0 -999.0 -999 -999 "" "" "" "" 0 0 0.0 0.0 -999 ""
FIBERMAP 703 R0C3 METROLOGY 0 0 0 1 0 0 -264.82527151067546 -0.024416957001714618 143.1 17.764420259828526 -264.2193882210732 221.28366 69.12274 -999.0 -999.0 -999.0 -999.0 -999.0 276.5356753548815 -35.42963848621772 276.6423627407155 -35.41212101230658 83.41379140649254 166.67498796943272 -999.0 6231.0 -999.0 -1 -999 {-999.0 -999.0 -999.0 -999.0 -999.0} "" -999.0 -999.0 -999.0 -999.0 -999 -999 "" "" "" "" 0 0 0.0 0.0 -999 ""
FIBERMAP 708 R+12C13 APOGEE 0 0 0 1 0 0 127.67380939965861 243.88025074991776 143.1 -251.87637903663787 111.04549966474414 79.32006 64.32308 -999.0 -999.0 -999.0 -999.0 -999.0 275.55220795703787 -34.28855296160636 275.65502143183585 -34.273934394491626 84.69004023179738 172.19521239625018 -999.0 16600.0 -999.0 2 -999 {-999.0 -999.0 -999.0 -999.0 -999.0} "" -999.0 -999.0 -999.0 -999.0 -999 -999 "" "" "" "" 0 0 0.0 0.0 -999 ""
FIBERMAP 708 R+12C13 BOSS 1 1 0 1 0 0 128.27624252083385 243.47426338444737 143.1 -251.51167366805487 111.67375441912252 79.32006 64.32308 275.5535888671875 -34.28669130236945 -999.0 -999.0 -999.0 275.5535862619902 -34.28669122058713 275.65638857354804 -34.27204994047676 84.69174258022649 172.18020006768862 5400.0 5400.0 2015.5 1 105 {-999.0 -999.0 -999.0 -999.0 -999.0} "" -999.0 -999.0 -999.0 -999.0 27021603147019619 852087161 "" ops_sky_boss_fallback ops_sky sky_boss 0 0 0.0 0.0 -999 ""
FIBERMAP 708 R+12C13 METROLOGY 0 0 0 1 0 0 127.6014637874401 243.13576144227875 143.1 -251.12874214602988 111.02319081391161 79.32006 64.32308 -999.0 -999.0 -999.0 -999.0 -999.0 275.5548796604682 -34.288637345661215 275.65768969364353 -34.27399772104024 84.68966022529219 172.1717339437846 -999.0 6231.0 -999.0 -1 -999 {-999.0 -999.0 -999.0 -999.0 -999.0} "" -999.0 -999.0 -999.0 -999.0 -999 -999 "" "" "" "" 0 0 0.0 0.0 -999 ""
FIBERMAP 711 R-8C15 APOGEE 1 1 0 1 0 0 121.64756247766341 -173.75177832162566 143.1 165.20643055910458 133.0092483552863 355.2841 44.468613 277.0796026385468 -34.22726230044027 2.3817778 -11.626262 0.19361275 277.0796161995307 -34.22731475882733 277.181437443409 -34.20878016355049 84.42068076818694 159.15300356584925 16000.0 16600.0 2016.0 2 201 {-999.0 13.650006 12.569964 12.082777 -999.0} sdss_psfmag_from_g3xp 13.267812 12.53811 11.707082 9.904 63050396520963845 1153148129 bright_1x1 mwm_galactic_core_dist_apogee_sparse mwm_galactic science 0 0 0.0 0.0 -999 ""
FIBERMAP 711 R-8C15 BOSS 0 0 0 1 0 0 121.11364100941732 -174.26585716865029 143.1 165.75510265838003 132.51098213181305 355.2841 44.468613 -999.0 -999.0 -999.0 -999.0 -999.0 277.08168534448504 -34.22880947205555 277.1835015833217 -34.210249687964875 84.41867679072212 159.1424283981504 -999.0 5400.0 -999.0 1 284 {-999.0 -999.0 -999.0 -999.0 -999.0} "" -999.0 -999.0 -999.0 -999.0 -999 -999 "" "" "" "" 0 0 0.0 0.0 -999 ""
FIBERMAP 711 R-8C15 METROLOGY 0 0 0 1 0 0 120.93382296489494 -173.52456617794815 143.1 165.02754867261442 132.28191693192468 355.2841 44.468613 -999.0 -999.0 -999.0 -999.0 -999.0 277.0790598635268 -34.22947710846579 277.1808826936066 -34.210929371146456 84.41886204029741 159.16568986631572 -999.0 6231.0 -999.0 -1 -999 {-999.0 -999.0 -999.0 -999.0 -999.0} "" -999.0 -999.0 -999.0 -999.0 -999 -999 "" "" "" "" 0 0 0.0 0.0 -999 ""
FIBERMAP 712 R-7C5 APOGEE 1 1 0 1 0 0 -125.56981525457847 -121.70019927773104 143.1 129.83416195115927 -117.13087749566492 108.22625 107.36457 276.95189524775395 -34.98559013350232 0.11841107 0.38627395 0.29071394 276.95190623854916 -34.98561836311529 277.056670807318 -34.96718180708989 83.7449186005016 162.6441006193166 16000.0 16600.0 2016.0 2 298 {-999.0 13.783667 12.563857 12.048338 -999.0} sdss_psfmag_from_g3xp 13.325594 12.534119 11.667561 9.709 63050396520158089 1153147328 bright_1x1 mwm_galactic_core_dist_apogee_sparse mwm_galactic science 0 0 0.0 0.0 -999 ""
FIBERMAP 712 R-7C5 BOSS 0 0 0 1 0 0 -124.96516279997017 -121.2855499266946 143.1 129.37995436887212 -116.55538110965796 108.22625 107.36457 -999.0 -999.0 -999.0 -999.0 -999.0 276.95029599448986 -34.98394590636783 277.0550458833478 -34.965491722091436 83.7469446090892 162.65075093204342 -999.0 5400.0 -999.0 1 489 {-999.0 -999.0 -999.0 -999.0 -999.0} "" -999.0 -999.0 -999.0 -999.0 -999 -999 "" "" "" "" 0 0 0.0 0.0 -999 ""
FIBERMAP 712 R-7C5 METROLOGY 0 0 0 1 0 0 -124.90030402804078 -122.01745853892491 143.1 130.10584825111562 -116.44164138637602 108.22625 107.36457 -999.0 -999.0 -999.0 -999.0 -999.0 276.952994566397 -34.98360222681829 277.0577442955731 -34.96514752073392 83.74656684319757 162.6304994045614 -999.0 6231.0 -999.0 -1 -999 {-999.0 -999.0 -999.0 -999.0 -999.0} "" -999.0 -999.0 -999.0 -999.0 -999 -999 "" "" "" "" 0 0 0.0 0.0 -999 ""
FIBERMAP 713 R+3C9 APOGEE 1 1 0 1 0 0 -70.04670331050279 44.440795312577904 143.1 -39.64712177276834 -72.86386940368831 323.30536 92.677315 276.32527612694656 -34.850955485282995 -3.3020713 -3.4730194 0.13046572 276.3252627552021 -34.85094989032851 276.4298354527509 -34.83416734062844 84.01669616822174 166.92585175525463 16000.0 16600.0 2016.0 2 22 {-999.0 14.527706 13.441794 12.996091 -999.0} sdss_psfmag_from_g3xp 14.146232 13.440424 12.625128 10.78 63050395230853478 1151996034 bright_1x1 mwm_galactic_core_dist_apogee_sparse mwm_galactic science 0 0 0.0 0.0 -999 ""
FIBERMAP 713 R+3C9 BOSS 0 0 0 1 0 0 -70.41556307706846 43.806059737739915 143.1 -38.98912536443314 -73.18936801692242 323.30536 92.677315 -999.0 -999.0 -999.0 -999.0 -999.0 276.32766995058427 -34.852012192216 276.43223888371153 -34.83520129887675 84.01521699543595 166.90987899099375 -999.0 5400.0 -999.0 1 32 {-999.0 -999.0 -999.0 -999.0 -999.0} "" -999.0 -999.0 -999.0 -999.0 -999 -999 "" "" "" "" 0 0 0.0 0.0 -999 ""
FIBERMAP 713 R+3C9 METROLOGY 0 0 0 1 0 0 -70.78511254074493 44.466140051274174 143.1 -39.62294428216428 -73.60229160518811 323.30536 92.677315 -999.0 -999.0 -999.0 -999.0 -999.0 276.32531219854746 -34.85325628683029 276.42988895995654 -34.83645727027475 84.01446313061889 166.9307354623007 -999.0 6231.0 -999.0 -1 -999 {-999.0 -999.0 -999.0 -999.0 -999.0} "" -999.0 -999.0 -999.0 -999.0 -999 -999 "" "" "" "" 0 0 0.0 0.0 -999 ""
FIBERMAP 718 R+2C7 APOGEE 1 1 0 1 0 0 -137.9517042866769 20.732350848054654 143.1 -11.443966716532735 -139.02575636854132 297.72333 71.855774 276.42878840799295 -35.051887081948635 -3.6699185 -3.5807023 0.054668557 276.4287668284423 -35.05186545619469 276.5340569232974 -35.03475528226911 83.8013155391318 166.60662987378387 16000.0 16600.0 2016.0 2 29 {-999.0 14.2339325 13.234511 12.799329 -999.0} sdss_psfmag_from_g3xp 13.896847 13.22444 12.431891 10.685 63050396520176582 1153147423 bright_1x1 mwm_galactic_core_dist_apogee_sparse mwm_galactic science 0 0 0.0 0.0 -999 ""
FIBERMAP 718 R+2C7 BOSS 0 0 0 1 0 0 -138.6849645725625 20.600977793734263 143.1 -11.263773929822884 -139.7485431957326 297.72333 71.855774 -999.0 -999.0 -999.0 -999.0 -999.0 276.429425848458 -35.05414316049072 276.5347173155151 -35.03700801939658 83.79899905624922 166.6069389823402 -999.0 5400.0 -999.0 1 48 {-999.0 -999.0 -999.0 -999.0 -999.0} "" -999.0 -999.0 -999.0 -999.0 -999 -999 "" "" "" "" 0 0 0.0 0.0 -999 ""
FIBERMAP 718 R+2C7 METROLOGY 0 0 0 1 0 0 -138.4436097142341 21.293370599236127 143.1 -11.970754741527523 -139.5541208951105 297.72333 71.855774 -999.0 -999.0 -999.0 -999.0 -999.0 276.42680411839564 -35.05355546159356 276.53209666999214 -35.036433651804074 83.80008607540765 166.62487423031524 -999.0 6231.0 -999.0 -1 -999 {-999.0 -999.0 -999.0 -999.0 -999.0} "" -999.0 -999.0 -999.0 -999.0 -999 -999 "" "" "" "" 0 0 0.0 0.0 -999 ""
FIBERMAP 720 R-7C15 APOGEE 0 0 0 1 0 0 82.73894268532239 -137.92507268267843 143.1 132.0678725050987 91.78945400357176 224.7852 73.04123 -999.0 -999.0 -999.0 -999.0 -999.0 276.95899699339134 -34.352097277690845 277.0613507694619 -34.3338349220488 84.34037958638768 160.56216691448265 -999.0 16600.0 -999.0 2 -999 {-999.0 -999.0 -999.0 -999.0 -999.0} "" -999.0 -999.0 -999.0 -999.0 -999 -999 "" "" "" "" 0 0 0.0 0.0 -999 ""
FIBERMAP 720 R-7C15 BOSS 1 1 0 1 0 0 82.40046470060524 -137.20707780287407 143.1 131.37418975422122 91.40365143030226 224.7852 73.04123 276.9564762152114 -34.35326381597223 2.988019 -1.982861 0.3838932 276.9565325330723 -34.35324899749369 277.05888287151686 -34.33497273484985 84.34003246421163 160.5855700967498 5400.0 5400.0 2016.0 1 283 {-999.0 15.861255 15.456359 15.328088 -999.0} sdss_psfmag_gaia 15.723208 15.481303 14.929275 14.091 63050396520294560 978850234 "" ops_std_boss ops_std standard_boss 0 0 0.0 0.0 -999 ""
FIBERMAP 720 R-7C15 METROLOGY 0 0 0 1 0 0 83.14017659509072 -137.29379654147863 143.1 131.41115896484087 92.14748463224126 224.7852 73.04123 -999.0 -999.0 -999.0 -999.0 -999.0 276.9566758699441 -34.350978484342306 277.0590201405821 -34.33270818660464 84.3421120949171 160.57640824186342 -999.0 6231.0 -999.0 -1 -999 {-999.0 -999.0 -999.0 -999.0 -999.0} "" -999.0 -999.0 -999.0 -999.0 -999 -999 "" "" "" "" 0 0 0.0 0.0 -999 ""
FIBERMAP 722 R-4C20 APOGEE 0 0 0 1 0 0 172.14491724112395 -94.57834760665483 143.1 82.83094254362086 178.08773114660298 285.20218 72.3497 -999.0 -999.0 -999.0 -999.0 -999.0 276.7779362305384 -34.090894575034994 276.87940127497825 -34.07317721157362 84.6370770116017 161.08890975993356 -999.0 16600.0 -999.0 2 -999 {-999.0 -999.0 -999.0 -999.0 -999.0} "" -999.0 -999.0 -999.0 -999.0 -999 -999 "" "" "" "" 0 0 0.0 0.0 -999 ""
FIBERMAP 722 R-4C20 BOSS 1 1 0 1 0 0 171.38806741776625 -94.55491572118609 143.1 82.8582638174585 177.33103856540407 285.20218 72.3497 276.77809447855066 -34.093167484369665 -6.816407 -2.4775932 0.44589102 276.77807803291245 -34.093146590319385 276.8795431306701 -34.075409252447244 84.63493945133685 161.09589698111685 5400.0 5400.0 2016.0 1 312 {-999.0 18.91642 19.325722 19.586637 -999.0} sdss_psfmag_gaia 19.114029 19.141478 19.335604 -999.0 63050395231024795 1143361140 dark_2x1 mwm_wd_pwd_boss_2x1 mwm_wd science 0 0 0.0 0.0 -999 ""
FIBERMAP 722 R-4C20 METROLOGY 0 0 0 1 0 0 171.78988247227863 -93.91997952593779 143.1 82.1978596446392 177.68940383390594 285.20218 72.3497 -999.0 -999.0 -999.0 -999.0 -999.0 276.775672290591 -34.09203086050754 276.8771367988022 -34.07430541695813 84.63665824652583 161.1118955627012 -999.0 6231.0 -999.0 -1 -999 {-999.0 -999.0 -999.0 -999.0 -999.0} "" -999.0 -999.0 -999.0 -999.0 -999 -999 "" "" "" "" 0 0 0.0 0.0 -999 ""
FIBERMAP 725 R-11C8 APOGEE 1 1 0 1 0 0 -1.7499429543293523 -211.2777708675449 143.1 210.91292651162416 12.40708028291761 340.46597 145.55746 277.2491374421534 -34.592108521276764 -1.457331 -6.3547525 0.04845302 277.24910096974867 -34.59214143038023 277.35220951458257 -34.57306042679879 84.03014905546561 159.21884168444276 16000.0 16600.0 2016.0 2 173 {-999.0 16.417908 14.759677 12.579877 -999.0} sdss_psfmag_from_g3xp 15.696724 13.252161 11.8415985 8.437 63050396520246465 1153147550 bright_1x1 mwm_galactic_core_dist_apogee_sparse mwm_galactic science 0 0 0.0 0.0 -999 ""
FIBERMAP 725 R-11C8 BOSS 0 0 0 1 0 0 -1.3250212660959235 -211.87614099024557 143.1 211.48146677887993 12.871115924656841 340.46597 145.55746 -999.0 -999.0 -999.0 -999.0 -999.0 277.2512433064204 -34.590746048338715 277.35433515354055 -34.57163919522514 84.03080559722466 159.19810194714267 -999.0 5400.0 -999.0 1 415 {-999.0 -999.0 -999.0 -999.0 -999.0} "" -999.0 -999.0 -999.0 -999.0 -999 -999 "" "" "" "" 0 0 0.0 0.0 -999 ""
FIBERMAP 725 R-11C8 METROLOGY 0 0 0 1 0 0 -2.0536804825522914 -211.96137612977395 143.1 211.61531870749016 12.149828991875028 340.46597 145.55746 -999.0 -999.0 -999.0 -999.0 -999.0 277.2517814377241 -34.59292161432024 277.35488415062866 -34.57381859712456 84.02861664278194 159.2019789686243 -999.0 6231.0 -999.0 -1 -999 {-999.0 -999.0 -999.0 -999.0 -999.0} "" -999.0 -999.0 -999.0 -999.0 -999 -999 "" "" "" "" 0 0 0.0 0.0 -999 ""
FIBERMAP 727 R+5C12 APOGEE 1 1 0 1 0 0 6.588894379894621 83.2060015164108 143.1 -83.45752714966645 1.000074654403895 263.1199 105.97596 276.16483410809826 -34.62598152095591 6.965493 2.801748 3.8495975 276.16486987051917 -34.625970322495746 276.26866495022216 -34.609669332745625 84.26595861650378 167.67314297449897 16000.0 16600.0 2016.0 2 132 {-999.0 9.223298 9.281658 9.346229 -999.0} sdss_psfmag_gaia 9.305789 9.216265 9.036762 8.803 63050395230902463 975474648 "" ops_std_apogee ops_std standard_apogee 0 0 0.0 0.0 -999 ""
FIBERMAP 727 R+5C12 BOSS 0 0 0 1 0 0 5.8519691176759885 83.0805679274986 143.1 -83.2830147677243 0.2732333415517222 263.1199 105.97596 -999.0 -999.0 -999.0 -999.0 -999.0 276.1654429924432 -34.62820091286457 276.2692403353566 -34.611876787133696 84.26370128350094 167.6735383067461 -999.0 5400.0 -999.0 1 121 {-999.0 -999.0 -999.0 -999.0 -999.0} "" -999.0 -999.0 -999.0 -999.0 -999 -999 "" "" "" "" 0 0 0.0 0.0 -999 ""
FIBERMAP 727 R+5C12 METROLOGY 0 0 0 1 0 0 6.121816254916691 83.78142539521369 143.1 -84.00034956268105 0.49551588170834654 263.1199 105.97596 -999.0 -999.0 -999.0 -999.0 -999.0 276.1627921295162 -34.627506392322886 276.26658983978575 -34.61119525731367 84.26485949893922 167.69325188877144 -999.0 6231.0 -999.0 -1 -999 {-999.0 -999.0 -999.0 -999.0 -999.0} "" -999.0 -999.0 -999.0 -999.0 -999 -999 "" "" "" "" 0 0 0.0 0.0 -999 ""
FIBERMAP 728 R+7C12 APOGEE 1 1 0 1 0 0 39.711687909110175 153.7633831714521 143.1 -156.0727417926813 29.320809537820256 112.725204 67.98732 275.89850931189716 -34.53838865127167 -3.2870123 -4.780588 0.05002604 275.89849215459094 -34.53843163157473 276.00208576470936 -34.52284394669218 84.3967007295801 169.66329600477926 16000.0 16600.0 2016.0 2 143 {-999.0 15.272629 13.858495 13.015551 -999.0} sdss_psfmag_from_g3xp 14.706841 13.628638 12.59955 10.254 63050395230777323 1151995876 bright_1x1 mwm_galactic_core_dist_apogee_sparse mwm_galactic science 0 0 0.0 0.0 -999 ""
FIBERMAP 728 R+7C12 BOSS 0 0 0 1 0 0 40.46039561901438 153.7628101083585 143.1 -156.12232431011316 30.067847321361775 112.725204 67.98732 -999.0 -999.0 -999.0 -999.0 -999.0 275.89826241498736 -34.536172711139464 276.0018426929739 -34.52056565587287 84.39897545749398 169.66086476015045 -999.0 5400.0 -999.0 1 144 {-999.0 -999.0 -999.0 -999.0 -999.0} "" -999.0 -999.0 -999.0 -999.0 -999 -999 "" "" "" "" 0 0 0.0 0.0 -999 ""
FIBERMAP 728 R+7C12 METROLOGY 0 0 0 1 0 0 40.122679823626875 153.10780400177728 143.1 -155.44618988671124 29.774779496670313 112.725204 67.98732 -999.0 -999.0 -999.0 -999.0 -999.0 275.9007108296179 -34.53706883749514 276.0042946872262 -34.52146104511957 84.39771131685231 169.64229657656972 -999.0 6231.0 -999.0 -1 -999 {-999.0 -999.0 -999.0 -999.0 -999.0} "" -999.0 -999.0 -999.0 -999.0 -999 -999 "" "" "" "" 0 0 0.0 0.0 -999 ""
FIBERMAP 729 R-8C19 APOGEE 1 1 0 1 0 0 189.41738138424626 -147.74289515314493 143.1 134.71714122142882 198.8821603942724 159.29634 107.12112 276.96711104496643 -34.028356422108196 -1.5592601 -27.608465 6.9424047 276.9671196307618 -34.02842842857074 277.06825354053944 -34.010243430468144 84.63986807930821 159.28396997035074 16000.0 16600.0 2016.0 2 193 {-999.0 19.17917 17.217089 14.981413 -999.0} sdss_psfmag_gaia 17.739544 15.714282 14.369508 11.667 63050395232369970 1034964292 bright_1x1 mwm_yso_pms_apogee_sagitta_edr3_single mwm_yso science 0 0 0.0 0.0 -999 ""
FIBERMAP 729 R-8C19 BOSS 0 0 0 1 0 0 189.5017585310916 -146.94961182899905 143.1 133.92001568096808 198.91320472435928 159.29634 107.12112 -999.0 -999.0 -999.0 -999.0 -999.0 276.9642413553887 -34.02832713953336 277.0653673247193 -34.01013090445553 84.64086481914278 159.30728612156346 -999.0 5400.0 -999.0 1 266 {-999.0 -999.0 -999.0 -999.0 -999.0} "" -999.0 -999.0 -999.0 -999.0 -999 -999 "" "" "" "" 0 0 0.0 0.0 -999 ""
FIBERMAP 729 R-8C19 METROLOGY 0 0 0 1 0 0 190.09284343137892 -147.40974586257872 143.1 134.33950436426986 199.5337643164042 159.29634 107.12112 -999.0 -999.0 -999.0 -999.0 -999.0 276.9657834535905 -34.02642097536159 277.06690405506106 -34.00822664923056 84.64215661332214 159.28702482854095 -999.0 6231.0 -999.0 -1 -999 {-999.0 -999.0 -999.0 -999.0 -999.0} "" -999.0 -999.0 -999.0 -999.0 -999 -999 "" "" "" "" 0 0 0.0 0.0 -999 ""
FIBERMAP 731 R0C27 APOGEE 0 0 0 1 0 0 288.7737381798325 10.430539119125985 143.1 -29.751053733253233 287.4161289507842 83.47806 136.02937 -999.0 -999.0 -999.0 -999.0 -999.0 276.3679025060525 -33.761146187970155 276.4683415900572 -33.744584268210616 85.05773871250759 163.51529376403832 -999.0 16600.0 -999.0 2 -999 {-999.0 -999.0 -999.0 -999.0 -999.0} "" -999.0 -999.0 -999.0 -999.0 -999 -999 "" "" "" "" 0 0 0.0 0.0 -999 ""
FIBERMAP 731 R0C27 BOSS 1 1 0 1 0 0 289.3288176742226 10.907247106356767 143.1 -30.26385757059656 287.93800831568126 83.47806 136.02937 276.3660578044903 -33.75959690035923 -4.0914235 -10.121152 1.32409 276.3660589804619 -33.75963149371641 276.46648668697446 -33.74305708571202 85.0596564804538 163.5270961229074 5400.0 5400.0 2016.0 1 182 {-999.0 19.801918 19.898998 19.981503 -999.0} sdss_psfmag_gaia 20.189459 19.822836 19.968462 -999.0 63050395231237158 1143361128 dark_2x1 mwm_wd_pwd_boss_2x1 mwm_wd science 0 0 0.0 0.0 -999 ""
FIBERMAP 731 R0C27 METROLOGY 0 0 0 1 0 0 289.4759332284118 10.172817698699163 143.1 -29.54095884443609 288.1339859997267 83.47806 136.02937 -999.0 -999.0 -999.0 -999.0 -999.0 276.36868129117255 -33.75898716092579 276.4691071772404 -33.74241121104968 85.0596226116386 163.5007081984733 -999.0 6231.0 -999.0 -1 -999 {-999.0 -999.0 -999.0 -999.0 -999.0} "" -999.0 -999.0 -999.0 -999.0 -999 -999 "" "" "" "" 0 0 0.0 0.0 -999 ""
FIBERMAP 732 R-10C12 APOGEE 0 0 0 1 0 0 55.57338185095877 -208.85528330256662 143.1 204.6560035970861 69.43733427845277 272.801 67.97321 -999.0 -999.0 -999.0 -999.0 -999.0 277.2250780845196 -34.419486620157045 277.3275465339825 -34.400519804496675 84.19745448021155 158.76221841382016 -999.0 16600.0 -999.0 2 -999 {-999.0 -999.0 -999.0 -999.0 -999.0} "" -999.0 -999.0 -999.0 -999.0 -999 -999 "" "" "" "" 0 0 0.0 0.0 -999 ""
FIBERMAP 732 R-10C12 BOSS 1 1 0 1 0 0 54.84413560686481 -208.62118737842206 143.1 204.4712923983654 68.69407037600716 272.801 67.97321 277.22448373399914 -34.42175998098329 -3.1464167 -6.116332 1.2534754 277.22448295304093 -34.42174330412544 277.32695009428437 -34.40275719941242 84.19557732299334 158.7752050202399 5400.0 5400.0 2016.0 1 402 {-999.0 19.381319 19.71571 19.925688 -999.0} sdss_psfmag_gaia 19.553398 19.56134 19.656162 -999.0 63050396520925885 1143422047 dark_2x1 mwm_wd_pwd_boss_2x1 mwm_wd science 0 0 0.0 0.0 -999 ""
FIBERMAP 732 R-10C12 METROLOGY 0 0 0 1 0 0 55.424090757976444 -208.12233692911747 143.1 203.9347302558487 69.23928536468722 272.801 67.97321 -999.0 -999.0 -999.0 -999.0 -999.0 277.2225449230998 -34.4200805441815 277.32500969370403 -34.401105634495195 84.1977167156319 158.78356121369214 -999.0 6231.0 -999.0 -1 -999 {-999.0 -999.0 -999.0 -999.0 -999.0} "" -999.0 -999.0 -999.0 -999.0 -999 -999 "" "" "" "" 0 0 0.0 0.0 -999 ""
FIBERMAP 736 R+11C12 APOGEE 1 1 0 1 0 0 86.3625471248437 216.66669288954114 143.1 -221.95756386374816 71.65147267779145 331.76263 156.99908 275.6590889453567 -34.40843160529418 1.2539347 -0.7089693 0.9340835 275.65907146377407 -34.40844101260126 275.7622876911828 -34.39351035394985 84.5584849426676 171.45276338676877 16000.0 16600.0 2016.0 2 145 {-999.0 10.339234 10.576182 10.757824 -999.0} sdss_psfmag_from_g3xp 10.459021 10.458434 10.432086 10.429 63050395230832036 975028542 "" ops_std_apogee ops_std standard_apogee 0 0 0.0 0.0 -999 ""
FIBERMAP 736 R+11C12 BOSS 0 0 0 1 0 0 86.83748341791986 216.0743652458461 143.1 -221.39840265619034 72.16500403453749 331.76263 156.99908 -999.0 -999.0 -999.0 -999.0 -999.0 275.6611010026274 -34.40691225863622 275.76430655609886 -34.39195665680352 84.55975650626063 171.43282961763876 -999.0 5400.0 -999.0 1 148 {-999.0 -999.0 -999.0 -999.0 -999.0} "" -999.0 -999.0 -999.0 -999.0 -999 -999 "" "" "" "" 0 0 0.0 0.0 -999 ""
FIBERMAP 736 R+11C12 METROLOGY 0 0 0 1 0 0 86.09546352294178 215.96076605590886 143.1 -221.23535639268465 71.4322869530654 331.76263 156.99908 -999.0 -999.0 -999.0 -999.0 -999.0 275.66161605334423 -34.409115998077816 275.7648308168872 -34.39416410951119 84.55750843844824 171.43199990419197 -999.0 6231.0 -999.0 -1 -999 {-999.0 -999.0 -999.0 -999.0 -999.0} "" -999.0 -999.0 -999.0 -999.0 -999 -999 "" "" "" "" 0 0 0.0 0.0 -999 ""
FIBERMAP 738 R-6C11 APOGEE 0 0 0 1 0 0 -18.611816497275857 -123.15558935569851 143.1 124.1213515955068 -10.319429758524196 249.17068 57.205097 -999.0 -999.0 -999.0 -999.0 -999.0 276.93061019909715 -34.66182674266416 277.03415100801953 -34.64354333595724 84.05700526895053 161.81869317698994 -999.0 16600.0 -999.0 2 -999 {-999.0 -999.0 -999.0 -999.0 -999.0} "" -999.0 -999.0 -999.0 -999.0 -999 -999 "" "" "" "" 0 0 0.0 0.0 -999 ""
FIBERMAP 738 R-6C11 BOSS 1 1 0 1 0 0 -19.06208150129564 -122.55680655322055 143.1 123.55409728273135 -10.808778535110475 249.17068 57.205097 276.9286164507962 -34.663321189997795 -2.0388489 -7.3758125 0.47484195 276.92860850264634 -34.66334088967066 277.03214711729197 -34.645041103559116 84.05613868367854 161.83850919259604 5400.0 5400.0 2016.0 1 389 {-999.0 18.75203 19.212015 19.512655 -999.0} sdss_psfmag_gaia 18.787727 19.005669 19.09748 -999.0 63050396520263440 1143422165 dark_2x1 mwm_wd_pwd_boss_2x1 mwm_wd science 0 0 0.0 0.0 -999 ""
FIBERMAP 738 R-6C11 METROLOGY 0 0 0 1 0 0 -18.32243567398918 -122.46583798316632 143.1 123.41378903672035 -10.076914129281286 249.17068 57.205097 -999.0 -999.0 -999.0 -999.0 -999.0 276.92810140680587 -34.661115285795546 277.03163438103775 -34.642823456336956 84.05837082626309 161.83525612047893 -999.0 6231.0 -999.0 -1 -999 {-999.0 -999.0 -999.0 -999.0 -999.0} "" -999.0 -999.0 -999.0 -999.0 -999 -999 "" "" "" "" 0 0 0.0 0.0 -999 ""
FIBERMAP 740 R-10C6 APOGEE 0 0 0 1 0 0 -50.57026414128222 -206.40235485998085 143.1 209.31899996571593 -36.62844167750617 21.348877 45.937294 -999.0 -999.0 -999.0 -999.0 -999.0 277.2440282269981 -34.740706027966226 277.34770338921 -34.72159290799962 83.89367248624902 159.7772510535054 -999.0 16600.0 -999.0 2 -999 {-999.0 -999.0 -999.0 -999.0 -999.0} "" -999.0 -999.0 -999.0 -999.0 -999 -999 "" "" "" "" 0 0 0.0 0.0 -999 ""
FIBERMAP 740 R-10C6 BOSS 1 1 0 1 0 0 -50.88661986646173 -207.1248370956199 143.1 210.06102569511037 -36.895678092330286 21.348877 45.937294 277.2468529800788 -34.74152685101699 -1.7029954 -6.384788 0.09934445 277.24682093254467 -34.74153270388449 277.35048747108897 -34.722390817597685 83.89208861926478 159.7600101004351 5400.0 5400.0 2016.0 1 384 {-999.0 17.024378 16.28188 16.010672 -999.0} sdss_psfmag_gaia 16.824392 16.32512 15.672092 14.378 63050396520125806 1071900485 dark_flexible_2x1 mwm_halo_mp_xp_boss mwm_halo science 0 0 0.0 0.0 -999 ""
FIBERMAP 740 R-10C6 METROLOGY 0 0 0 1 0 0 -51.312223821860286 -206.49719182109092 143.1 209.46332277624708 -37.36235552216633 21.348877 45.937294 -999.0 -999.0 -999.0 -999.0 -999.0 277.2446706030783 -34.742955537074586 277.3483466179731 -34.7238247871582 83.89140258456572 159.7803446890125 -999.0 6231.0 -999.0 -1 -999 {-999.0 -999.0 -999.0 -999.0 -999.0} "" -999.0 -999.0 -999.0 -999.0 -999 -999 "" "" "" "" 0 0 0.0 0.0 -999 ""
FIBERMAP 745 R+1C8 APOGEE 0 0 0 1 0 0 -128.69468616696378 9.583666054669818 143.1 -0.9408268644350806 -129.0430341133682 224.67822 131.9888 -999.0 -999.0 -999.0 -999.0 -999.0 276.46780889953243 -35.02175096796341 276.57296340344885 -35.00454938106194 83.82257408715789 166.2502497631111 -999.0 16600.0 -999.0 2 -999 {-999.0 -999.0 -999.0 -999.0 -999.0} "" -999.0 -999.0 -999.0 -999.0 -999 -999 "" "" "" "" 0 0 0.0 0.0 -999 ""
FIBERMAP 745 R+1C8 BOSS 1 1 0 1 0 0 -129.41796017937529 9.606313782654247 143.1 -0.9149723916019848 -129.7661749640451 224.67822 131.9888 276.467910355575 -35.02403375500103 -6.0171947 -8.41068 0.8528703 276.4679025451217 -35.02402771219691 276.5730585476613 -35.006802730910046 83.82037469531994 166.25486126551223 5400.0 5400.0 2016.0 1 47 {-999.0 20.235628 20.166746 20.175508 -999.0} sdss_psfmag_gaia 20.63795 20.133196 20.2171 -999.0 63050396520176871 1102846626 dark_2x1 mwm_cb_cvcandidates_boss mwm_cb science 0 0 0.0 0.0 -999 ""
FIBERMAP 745 R+1C8 METROLOGY 0 0 0 1 0 0 -129.0407231749324 10.24680752216542 143.1 -1.5792749989275214 -129.43270395385704 224.67822 131.9888 -999.0 -999.0 -999.0 -999.0 -999.0 276.4654422958582 -35.02301858914506 276.5705977295157 -35.00580661871245 83.8218492846071 166.27062992747932 -999.0 6231.0 -999.0 -1 -999 {-999.0 -999.0 -999.0 -999.0 -999.0} "" -999.0 -999.0 -999.0 -999.0 -999 -999 "" "" "" "" 0 0 0.0 0.0 -999 ""
FIBERMAP 746 R-9C7 APOGEE 1 1 0 1 0 0 -53.50409280806686 -161.53136606380107 143.1 164.7469232893818 -42.56138453635888 80.94377 114.55976 277.0803828237109 -34.759288528670496 -6.2507644 -4.4151893 0.16943961 277.0803584143769 -34.75930151290813 277.18419121095883 -34.74060342321353 83.92388033677662 161.02420539400384 16000.0 16600.0 2016.0 2 187 {-999.0 14.232514 12.88192 12.261407 -999.0} sdss_psfmag_from_g3xp 13.693064 12.80285 11.865085 9.662 63050396520226383 1153147505 bright_1x1 mwm_galactic_core_dist_apogee_sparse mwm_galactic science 0 0 0.0 0.0 -999 ""
FIBERMAP 746 R-9C7 BOSS 0 0 0 1 0 0 -52.82175841042797 -161.2965745163499 143.1 164.46695939046887 -41.89633517665928 80.94377 114.55976 -999.0 -999.0 -999.0 -999.0 -999.0 277.0794090711067 -34.757325710892005 277.18322523937536 -34.73860925062749 83.9260259906024 161.0247222908838 -999.0 5400.0 -999.0 1 383 {-999.0 -999.0 -999.0 -999.0 -999.0} "" -999.0 -999.0 -999.0 -999.0 -999 -999 "" "" "" "" 0 0 0.0 0.0 -999 ""
FIBERMAP 746 R-9C7 METROLOGY 0 0 0 1 0 0 -52.961631165267384 -162.04235739673527 143.1 165.22041039617955 -41.98593044091853 80.94377 114.55976 -999.0 -999.0 -999.0 -999.0 -999.0 277.08220380167967 -34.75758785369592 277.1860222062552 -34.73887019604491 83.92498547665134 161.0051991551635 -999.0 6231.0 -999.0 -1 -999 {-999.0 -999.0 -999.0 -999.0 -999.0} "" -999.0 -999.0 -999.0 -999.0 -999 -999 "" "" "" "" 0 0 0.0 0.0 -999 ""
FIBERMAP 749 R-2C15 APOGEE 0 0 0 1 0 0 31.715681474437794 -41.86703960323638 143.1 39.64694890700409 34.447896655975654 197.0779 113.704185 -999.0 -999.0 -999.0 -999.0 -999.0 276.6193340796502 -34.52586026215223 276.722519794027 -34.50841906719426 84.26588467370475 163.79659136368954 -999.0 16600.0 -999.0 2 227 {-999.0 -999.0 -999.0 -999.0 -999.0} "" -999.0 -999.0 -999.0 -999.0 -999 -999 "" ops_sky_apogee_best_unassigned ops_sky sky_apogee 0 0 0.0 0.0 -999 ""
FIBERMAP 749 R-2C15 BOSS 1 1 0 1 0 0 31.22027773173736 -41.298902457869076 143.1 39.113294071861155 33.91556501782451 197.0779 113.704185 276.61708973321623 -34.52745408352694 -3.3367486 -5.198491 0.10571513 276.61740183271127 -34.527473019414906 276.72058691564007 -34.51001573295123 84.26483092028163 163.81654653518498 5400.0 5400.0 2016.0 1 327 {-999.0 15.426664 14.767062 14.454007 -999.0} sdss_psfmag_from_g3xp 15.244944 14.764521 14.09525 12.719 63050395230883690 1071772972 dark_flexible_2x1 mwm_halo_vmp_xp_boss mwm_halo science 0 0 0.906609296798706 0.0 -999 ""
FIBERMAP 749 R-2C15 METROLOGY 0 0 0 1 0 0 31.946048504213834 -41.15567711971981 143.1 38.92177775042459 34.63008546204084 197.0779 113.704185 -999.0 -999.0 -999.0 -999.0 -999.0 276.6167017334472 -34.52529306144433 276.7198811048105 -34.50784407560995 84.26707743885763 163.81567825120968 -999.0 6231.0 -999.0 -1 -999 {-999.0 -999.0 -999.0 -999.0 -999.0} "" -999.0 -999.0 -999.0 -999.0 -999 -999 "" "" "" "" 0 0 0.0 0.0 -999 ""
FIBERMAP 750 R+11C10 APOGEE 1 1 0 1 0 0 33.43400305128231 229.23357867045087 143.1 -230.9502099157793 18.00186695542697 110.73574 95.4338 275.62378358520766 -34.57046733038213 -2.4464054 -26.934185 7.040846 275.6237657002149 -34.57054947372402 275.727614430947 -34.55566082426214 84.40259412840595 172.00373700907616 16000.0 16600.0 2016.0 2 127 {-999.0 18.953138 16.993689 14.736911 -999.0} sdss_psfmag_gaia 17.483334 15.469282 14.100053 11.376 63050395230820486 1034990399 bright_1x1 mwm_yso_pms_apogee_zari18pms_single mwm_yso science 0 0 0.0 0.0 -999 ""
FIBERMAP 750 R+11C10 BOSS 0 0 0 1 0 0 34.13314703718476 229.5749496548454 143.1 -231.33763610813938 18.676548028542648 110.73574 95.4338 -999.0 -999.0 -999.0 -999.0 -999.0 275.622342031989 -34.56851168628339 275.72617992871085 -34.55360654762964 84.40480030590659 172.01260946543644 -999.0 5400.0 -999.0 1 114 {-999.0 -999.0 -999.0 -999.0 -999.0} "" -999.0 -999.0 -999.0 -999.0 -999 -999 "" "" "" "" 0 0 0.0 0.0 -999 ""
FIBERMAP 750 R+11C10 METROLOGY 0 0 0 1 0 0 34.07072490771136 228.80857431038467 143.1 -230.56882786988868 18.66560611538491 110.73574 95.4338 -999.0 -999.0 -999.0 -999.0 -999.0 275.6251035562815 -34.56856093588791 275.7289413737748 -34.553654544401965 84.40441680137438 171.98961259205552 -999.0 6231.0 -999.0 -1 -999 {-999.0 -999.0 -999.0 -999.0 -999.0} "" -999.0 -999.0 -999.0 -999.0 -999 -999 "" "" "" "" 0 0 0.0 0.0 -999 ""
FIBERMAP 752 R-8C5 APOGEE 1 1 0 1 0 0 -110.20090225969145 -168.19784125605008 143.1 175.19618151407204 -98.6822573470862 277.22992 117.372795 277.11921987746297 -34.92921019169042 -6.064613 1.602127 0.27364364 277.11917086209996 -34.92917139341249 277.22363097005336 -34.9103218958679 83.75338506595395 161.28509741872622 16000.0 16600.0 2016.0 2 285 {-999.0 13.292132 12.218727 11.763971 -999.0} sdss_psfmag_from_g3xp 12.916875 12.207049 11.390562 9.534 63050396520107425 1153147396 bright_1x1 mwm_galactic_core_dist_apogee_sparse mwm_galactic science 0 0 0.0 0.0 -999 ""
FIBERMAP 752 R-8C5 BOSS 0 0 0 1 0 0 -110.79714314554161 -168.63714353084592 143.1 175.67442229755008 -99.24770991206076 277.22992 117.372795 -999.0 -999.0 -999.0 -999.0 -999.0 277.12100223157074 -34.93092376130372 277.22545826055034 -34.91204695848743 83.75125135564541 161.27758450356086 -999.0 5400.0 -999.0 1 468 {-999.0 -999.0 -999.0 -999.0 -999.0} "" -999.0 -999.0 -999.0 -999.0 -999 -999 "" "" "" "" 0 0 0.0 0.0 -999 ""
FIBERMAP 752 R-8C5 METROLOGY 0 0 0 1 0 0 -110.88349356845235 -167.90099748950882 143.1 174.9457403328242 -99.38317610516305 277.22992 117.372795 -999.0 -999.0 -999.0 -999.0 -999.0 277.1183471309802 -34.931353524195806 277.22280899962436 -34.91248966786811 83.75157861011604 161.29773140814174 -999.0 6231.0 -999.0 -1 -999 {-999.0 -999.0 -999.0 -999.0 -999.0} "" -999.0 -999.0 -999.0 -999.0 -999 -999 "" "" "" "" 0 0 0.0 0.0 -999 ""
FIBERMAP 754 R+8C15 APOGEE 1 1 0 1 0 0 128.74598257234283 165.61462998357305 143.1 -173.86115821337256 117.35806724983458 80.86271 58.806774 275.83673851178605 -34.27133978178832 0.9215829 -8.367083 1.9201812 275.83675642599826 -34.27134379093087 275.93936851994056 -34.255996255368395 84.6685210625065 169.66406378866967 16000.0 16600.0 2016.0 2 78 {-999.0 10.18934 10.376538 10.530474 -999.0} sdss_psfmag_from_g3xp 10.311335 10.281449 10.208804 10.095 63050395231102185 975028237 "" ops_std_apogee ops_std standard_apogee 0 0 0.0 0.0 -999 ""
FIBERMAP 754 R+8C15 BOSS 0 0 0 1 0 0 129.29521838686438 165.12828086729024 143.1 -173.41271088424435 117.9386293329033 80.86271 58.806774 -999.0 -999.0 -999.0 -999.0 -999.0 275.83837426723437 -34.269588471257784 275.94097434888124 -34.25421765082892 84.67001510603451 169.6464003137482 -999.0 5400.0 -999.0 1 238 {-999.0 -999.0 -999.0 -999.0 -999.0} "" -999.0 -999.0 -999.0 -999.0 -999 -999 "" "" "" "" 0 0 0.0 0.0 -999 ""
FIBERMAP 754 R+8C15 METROLOGY 0 0 0 1 0 0 128.59266082400666 164.88104921792643 143.1 -173.11898056270903 117.25423628576598 80.86271 58.806774 -999.0 -999.0 -999.0 -999.0 -999.0 275.83938555656675 -34.271641449944156 275.9419942011019 -34.256272960627186 84.66783699081739 169.64170052823272 -999.0 6231.0 -999.0 -1 -999 {-999.0 -999.0 -999.0 -999.0 -999.0} "" -999.0 -999.0 -999.0 -999.0 -999 -999 "" "" "" "" 0 0 0.0 0.0 -999 ""
FIBERMAP 755 R-9C15 APOGEE 0 0 0 1 0 0 133.01734792766484 -177.24420516121307 143.1 167.92925201163678 144.58704149188824 316.71063 142.38371 -999.0 -999.0 -999.0 -999.0 -999.0 277.08931836136657 -34.1923245166809 277.19100311007753 -34.17377560466012 84.45009604879529 158.9409862371231 -999.0 16600.0 -999.0 2 -999 {-999.0 -999.0 -999.0 -999.0 -999.0} "" -999.0 -999.0 -999.0 -999.0 -999 -999 "" "" "" "" 0 0 0.0 0.0 -999 ""
FIBERMAP 755 R-9C15 BOSS 1 1 0 1 0 0 133.148746078018 -177.99574132838524 143.1 168.67027133919632 144.76848357822178 316.71063 142.38371 277.09208049333387 -34.19174548909358 -4.2355013 -8.939663 0.058422998 277.09206667707025 -34.191767945945216 277.1937383238377 -34.173192862806594 84.44977512776774 158.9170537760564 5400.0 5400.0 2016.0 1 329 {-999.0 18.158857 17.915977 17.853022 -999.0} sdss_psfmag_gaia 18.100546 17.917385 17.482862 -999.0 63050396520965204 980168291 "" ops_std_boss ops_std standard_boss 0 0 0.0 0.0 -999 ""
FIBERMAP 755 R-9C15 METROLOGY 0 0 0 1 0 0 132.4411537836366 -177.7211732158914 143.1 168.4437297466991 144.04411307565957 316.71063 142.38371 -999.0 -999.0 -999.0 -999.0 -999.0 277.09128463325203 -34.19392834488526 277.19296751591423 -34.175360072689436 84.44801296403917 158.93166708339868 -999.0 6231.0 -999.0 -1 -999 {-999.0 -999.0 -999.0 -999.0 -999.0} "" -999.0 -999.0 -999.0 -999.0 -999 -999 "" "" "" "" 0 0 0.0 0.0 -999 ""
FIBERMAP 764 R-10C8 APOGEE 0 0 0 1 0 0 -1.793262405685418 -200.13924663313298 143.1 199.8027187467566 11.617714578307924 49.649197 33.147194 -999.0 -999.0 -999.0 -999.0 -999.0 277.20842633923286 -34.59466937401718 277.3115660660993 -34.57569212468265 84.04022945064743 159.52696557690473 -999.0 16600.0 -999.0 2 -999 {-999.0 -999.0 -999.0 -999.0 -999.0} "" -999.0 -999.0 -999.0 -999.0 -999 -999 "" "" "" "" 0 0 0.0 0.0 -999 ""
FIBERMAP 764 R-10C8 BOSS 1 1 0 1 0 0 -1.8889597141723975 -200.8975406552327 143.1 200.5656931322933 11.573032059683465 49.649197 33.147194 277.2114858921636 -34.59479579064568 -50.503 -5.384833 7.5790195 277.21129883744953 -34.594813222082756 277.3144274728685 -34.57580775980172 84.03924647063558 159.50631548179888 5400.0 5400.0 2016.0 1 405 {-999.0 16.688951 17.029167 17.242846 -999.0} sdss_psfmag_gaia 16.845415 16.87258 16.957024 -999.0 63050396520246522 1143422159 dark_2x1 mwm_wd_pwd_boss_2x1 mwm_wd science 0 0 0.0 0.0 -999 ""
FIBERMAP 764 R-10C8 METROLOGY 0 0 0 1 0 0 -2.479292253518924 -200.43734269932244 143.1 200.14609027351668 10.953218829913745 49.649197 33.147194 -999.0 -999.0 -999.0 -999.0 -999.0 277.20980340396414 -34.596688864182916 277.312942810815 -34.57769256077338 84.03795105755087 159.52398761194212 -999.0 6231.0 -999.0 -1 -999 {-999.0 -999.0 -999.0 -999.0 -999.0} "" -999.0 -999.0 -999.0 -999.0 -999 -999 "" "" "" "" 0 0 0.0 0.0 -999 ""
FIBERMAP 767 R+3C3 APOGEE 1 1 0 1 0 0 -203.4938293596437 51.79515364814699 143.1 -38.04537206144921 -206.4991634402172 310.5541 131.60846 276.3290079971042 -35.255242150511876 70.46004 -35.076904 10.119824 276.3292489947792 -35.255337444381325 276.43537355453475 -35.23842185413645 83.6225910082994 167.76346644815632 16000.0 16600.0 2016.0 2 36 {-999.0 11.831281 11.078712 10.831465 -999.0} sdss_psfmag_from_g3xp 11.618412 11.133227 10.490165 9.256 63050396519962525 984749356 bright_1x1 mwm_snc_100pc_apogee mwm_snc science 0 0 0.0 0.0 -999 ""
FIBERMAP 767 R+3C3 BOSS 0 0 0 1 0 0 -203.57604525654668 51.0521535748087 143.1 -37.29855981864638 -206.53141981537192 310.5541 131.60846 -999.0 -999.0 -999.0 -999.0 -999.0 276.33201408591555 -35.25551967109037 276.4381312681403 -35.23857355530312 83.62193174223103 167.74402981035482 -999.0 5400.0 -999.0 1 60 {-999.0 -999.0 -999.0 -999.0 -999.0} "" -999.0 -999.0 -999.0 -999.0 -999 -999 "" "" "" "" 0 0 0.0 0.0 -999 ""
FIBERMAP 767 R+3C3 METROLOGY 0 0 0 1 0 0 -204.18412750282096 51.51060870495499 143.1 -37.715234814641136 -207.16882550480065 310.5541 131.60846 -999.0 -999.0 -999.0 -999.0 -999.0 276.3304511423257 -35.25745753629358 276.43657850031104 -35.24052146960736 83.62032281940685 167.75912877456304 -999.0 6231.0 -999.0 -1 -999 {-999.0 -999.0 -999.0 -999.0 -999.0} "" -999.0 -999.0 -999.0 -999.0 -999 -999 "" "" "" "" 0 0 0.0 0.0 -999 ""
FIBERMAP 768 R+6C11 APOGEE 0 0 0 1 0 0 -17.922262868839965 106.96462401988245 143.1 -105.51999178496553 -25.046693428562282 260.02765 52.506027 -999.0 -999.0 -999.0 -999.0 -999.0 276.0829056871201 -34.70458869674506 276.18704090183735 -34.68847513557503 84.20380875342236 168.49749379773564 -999.0 16600.0 -999.0 2 -999 {-999.0 -999.0 -999.0 -999.0 -999.0} "" -999.0 -999.0 -999.0 -999.0 -999 -999 "" "" "" "" 0 0 0.0 0.0 -999 ""
FIBERMAP 768 R+6C11 BOSS 1 1 0 1 0 0 -18.443580936338915 107.52976051301184 143.1 -106.0489168711285 -25.604679256150636 260.02765 52.506027 276.08103385362836 -34.706166008348674 -41.827633 -47.21131 6.5370793 276.08087732825754 -34.70630517768039 276.1850144861128 -34.690175043169305 84.20250051961743 168.5171825382942 5400.0 5400.0 2016.0 1 142 {-999.0 18.892323 18.952997 19.018623 -999.0} sdss_psfmag_gaia 18.802929 18.886974 18.536745 -999.0 63050395230606683 1143361429 dark_2x1 mwm_wd_pwd_boss_2x1 mwm_wd science 0 0 0.0 0.0 -999 ""
FIBERMAP 768 R+6C11 METROLOGY 0 0 0 1 0 0 -17.706088104105238 107.6807013117218 143.1 -106.24891628372907 -24.87898033984883 260.02765 52.506027 -999.0 -999.0 -999.0 -999.0 -999.0 276.08014345014794 -34.70409417459494 276.18427413348877 -34.68797263947076 84.20478188008221 168.5184567948908 -999.0 6231.0 -999.0 -1 -999 {-999.0 -999.0 -999.0 -999.0 -999.0} "" -999.0 -999.0 -999.0 -999.0 -999 -999 "" "" "" "" 0 0 0.0 0.0 -999 ""
FIBERMAP 769 R-5C12 APOGEE 1 1 0 1 0 0 15.213606209785974 -83.16564155691024 143.1 81.95675800221296 20.749975888624846 84.38135 107.2922 276.77523568188553 -34.567594578490315 -3.428078 -3.979468 0.12336079 276.7752107693671 -34.56759271320326 276.87847462082016 -34.54973768863148 84.18724148886845 162.7062243853049 16000.0 16600.0 2016.0 2 161 {-999.0 19.183775 18.237774 13.474044 -999.0} sdss_psfmag_gaia 17.062845 14.0249195 12.519949 8.346 63050396520272993 1155462635 bright_1x1 mwm_galactic_core_dist_apogee_sparse mwm_galactic science 0 0 0.0 0.0 -999 ""
FIBERMAP 769 R-5C12 BOSS 0 0 0 1 0 0 15.951201071536685 -83.04548930276742 143.1 81.78747004971062 21.477839058125674 84.38135 107.2922 -999.0 -999.0 -999.0 -999.0 -999.0 276.77465340398214 -34.56539091114718 276.87790082970344 -34.54751728046977 84.18949755854925 162.7037316065267 -999.0 5400.0 -999.0 1 390 {-999.0 -999.0 -999.0 -999.0 -999.0} "" -999.0 -999.0 -999.0 -999.0 -999 -999 "" "" "" "" 0 0 0.0 0.0 -999 ""
FIBERMAP 769 R-5C12 METROLOGY 0 0 0 1 0 0 15.69491697625947 -83.73182640610595 143.1 82.48940905300458 21.268115926269886 84.38135 107.2922 -999.0 -999.0 -999.0 -999.0 -999.0 276.77724666007464 -34.56602066013368 276.8804974973907 -34.548146032792154 84.18822552293739 162.68565040930372 -999.0 6231.0 -999.0 -1 -999 {-999.0 -999.0 -999.0 -999.0 -999.0} "" -999.0 -999.0 -999.0 -999.0 -999 -999 "" "" "" "" 0 0 0.0 0.0 -999 ""
FIBERMAP 770 R-13C4 APOGEE 1 1 0 1 0 0 -70.31359378313972 -246.161968078765 143.1 250.31045627187478 -53.66331475334123 10.240509 140.8431 277.3944219394449 -34.791448328307254 0.25254023 -1.7448598 0.08274605 277.39440999415365 -34.79146346775416 277.49819762508 -34.77194856663723 83.80054897518629 158.8845125548382 16000.0 16600.0 2016.0 2 261 {-999.0 14.3007345 13.128859 12.611283 -999.0} sdss_psfmag_from_g3xp 13.872253 13.091418 12.230209 10.273 63050396520117794 1153147434 bright_1x1 mwm_galactic_core_dist_apogee_sparse mwm_galactic science 0 0 0.0 0.0 -999 ""
FIBERMAP 770 R-13C4 BOSS 0 0 0 1 0 0 -69.65966580922202 -246.4992389472005 143.1 250.60315240651883 -52.98828580731663 10.240509 140.8431 -999.0 -999.0 -999.0 -999.0 -999.0 277.3954930096824 -34.78943881702233 277.4992614715644 -34.76990024244267 83.802105309198 158.869760827111 -999.0 5400.0 -999.0 1 355 {-999.0 -999.0 -999.0 -999.0 -999.0} "" -999.0 -999.0 -999.0 -999.0 -999 -999 "" "" "" "" 0 0 0.0 0.0 -999 ""
FIBERMAP 770 R-13C4 METROLOGY 0 0 0 1 0 0 -70.28696884607862 -246.9194972243045 143.1 251.06447342946583 -53.58600536454751 10.240509 140.8431 -999.0 -999.0 -999.0 -999.0 -999.0 277.3972411865489 -34.7912392565572 277.5010186361144 -34.77170173442545 83.79988778996105 158.8638209062895 -999.0 6231.0 -999.0 -1 -999 {-999.0 -999.0 -999.0 -999.0 -999.0} "" -999.0 -999.0 -999.0 -999.0 -999 -999 "" "" "" "" 0 0 0.0 0.0 -999 ""
FIBERMAP 771 R-13C5 APOGEE 1 1 0 1 0 0 -47.83706739177181 -241.93870324737938 143.1 244.5911748235341 -31.520979865405234 53.79816 116.26278 277.37312739284584 -34.7246098144802 -1.4697577 -5.020671 0.03946996 277.37311470611485 -34.724597753353585 277.4766595346143 -34.70515788189859 83.86901437776103 158.7977884443815 16000.0 16600.0 2016.0 2 262 {-999.0 16.156353 14.686056 13.159905 -999.0} sdss_psfmag_from_g3xp 15.5711775 13.881583 12.645486 9.843 63050396520127730 1153147466 bright_1x1 mwm_galactic_core_dist_apogee_sparse mwm_galactic science 0 0 0.0 0.0 -999 ""
FIBERMAP 771 R-13C5 BOSS 0 0 0 1 0 0 -47.088326080091214 -242.0713048914234 143.1 244.67331738861 -30.765064254230325 53.79816 116.26278 -999.0 -999.0 -999.0 -999.0 -999.0 277.37343756791336 -34.72233242689999 277.47696283441894 -34.70287115922047 83.87102908270776 158.7873930810542 -999.0 5400.0 -999.0 1 356 {-999.0 -999.0 -999.0 -999.0 -999.0} "" -999.0 -999.0 -999.0 -999.0 -999 -999 "" "" "" "" 0 0 0.0 0.0 -999 ""
FIBERMAP 771 R-13C5 METROLOGY 0 0 0 1 0 0 -47.58030969580261 -242.65193953149384 143.1 245.28558409767223 -31.217029888784637 53.79816 116.26278 -999.0 -999.0 -999.0 -999.0 -999.0 277.3757321434189 -34.72368681410419 277.47926437150966 -34.704225260723085 83.86905092163504 158.77592155566214 -999.0 6231.0 -999.0 -1 -999 {-999.0 -999.0 -999.0 -999.0 -999.0} "" -999.0 -999.0 -999.0 -999.0 -999 -999 "" "" "" "" 0 0 0.0 0.0 -999 ""
FIBERMAP 773 R+3C12 APOGEE 1 1 0 1 0 0 -19.514331044312435 63.529278803936805 143.1 -62.0771031875656 -23.72549133150261 116.53023 143.9036 276.24321343128435 -34.70140985787878 -2.1081207 -3.4212902 0.02999956 276.2432283426993 -34.70142737351721 276.34727158946873 -34.68490156133503 84.17782073167771 167.22083703901697 16000.0 16600.0 2016.0 2 131 {-999.0 15.255846 13.991029 12.549962 -999.0} sdss_psfmag_from_g3xp 14.73444 13.288823 12.051634 9.412 63050395230866589 1151995812 bright_1x1 mwm_galactic_core_dist_apogee_sparse mwm_galactic science 0 0 0.0 0.0 -999 ""
FIBERMAP 773 R+3C12 BOSS 0 0 0 1 0 0 -19.385333467910286 64.27289679735962 143.1 -62.827665741759965 -23.646601410969424 116.53023 143.9036 -999.0 -999.0 -999.0 -999.0 -999.0 276.2404182557344 -34.70121060624363 276.3444558396302 -34.68467084665522 84.17858918168449 167.2424892796265 -999.0 5400.0 -999.0 1 119 {-999.0 -999.0 -999.0 -999.0 -999.0} "" -999.0 -999.0 -999.0 -999.0 -999 -999 "" "" "" "" 0 0 0.0 0.0 -999 ""
FIBERMAP 773 R+3C12 METROLOGY 0 0 0 1 0 0 -18.81548159529386 63.795939007946565 143.1 -62.389969335577796 -23.046099413349694 116.53023 143.9036 -999.0 -999.0 -999.0 -999.0 -999.0 276.2420376823985 -34.69939028688649 276.34606928406185 -34.68285293475574 84.18004441484514 167.22556104020848 -999.0 6231.0 -999.0 -1 -999 {-999.0 -999.0 -999.0 -999.0 -999.0} "" -999.0 -999.0 -999.0 -999.0 -999 -999 "" "" "" "" 0 0 0.0 0.0 -999 ""
FIBERMAP 774 R-6C6 APOGEE 0 0 0 1 0 0 -93.87237093096866 -106.05508064887916 143.1 112.10139887822606 -86.55378861385492 89.555046 42.191917 -999.0 -999.0 -999.0 -999.0 -999.0 276.8864286820493 -34.893143536669854 276.99087393085324 -34.8749035033437 83.84952467063223 162.84759852886774 -999.0 16600.0 -999.0 2 -999 {-999.0 -999.0 -999.0 -999.0 -999.0} "" -999.0 -999.0 -999.0 -999.0 -999 -999 "" "" "" "" 0 0 0.0 0.0 -999 ""
FIBERMAP 774 R-6C6 BOSS 1 1 0 1 0 0 -93.37085001717773 -106.65504186359209 143.1 112.6663953944796 -86.01322193807128 89.555046 42.191917 276.8885850151286 -34.89156777389416 0.47783586 -0.60495645 0.20375602 276.8885880123887 -34.891563036362925 276.9930172271952 -34.87329599532132 83.8504975229591 162.82729869526264 5400.0 5400.0 2016.0 1 483 {-999.0 17.936447 17.56518 17.45049 -999.0} sdss_psfmag_gaia 17.909985 17.585974 17.152245 15.961 63050396520169165 976548223 "" ops_std_boss ops_std standard_boss 0 0 0.0 0.0 -999 ""
FIBERMAP 774 R-6C6 METROLOGY 0 0 0 1 0 0 -94.09943569097665 -106.76777961166681 143.1 112.82768225290744 -86.73259315709956 89.555046 42.191917 -999.0 -999.0 -999.0 -999.0 -999.0 276.8891959668571 -34.89374607673946 276.99363571458264 -34.8754830182944 83.84826193696593 162.82922714512623 -999.0 6231.0 -999.0 -1 -999 {-999.0 -999.0 -999.0 -999.0 -999.0} "" -999.0 -999.0 -999.0 -999.0 -999 -999 "" "" "" "" 0 0 0.0 0.0 -999 ""
FIBERMAP 775 R-7C2 APOGEE 0 0 0 1 0 0 -205.6567648167033 -143.4059443586137 143.1 156.85522893470525 -195.58107408696813 234.15211 85.71612 -999.0 -999.0 -999.0 -999.0 -999.0 277.0515652468781 -35.222172681936456 277.15718526420903 -35.203407918557104 83.49479626200004 162.62072369460265 -999.0 16600.0 -999.0 2 -999 {-999.0 -999.0 -999.0 -999.0 -999.0} "" -999.0 -999.0 -999.0 -999.0 -999 -999 "" "" "" "" 0 0 0.0 0.0 -999 ""
FIBERMAP 775 R-7C2 BOSS 1 1 0 1 0 0 -206.23586193857656 -142.954951083589 143.1 156.44405711888052 -196.1890609337325 234.15211 85.71612 277.04991293237487 -35.2240265586337 42.922493 -11.552359 13.402979 277.05006655837434 -35.224048158434925 277.1556850340861 -35.20526349936099 83.49342965856233 162.63620837820392 5400.0 5400.0 2016.0 1 455 {-999.0 20.234327 18.256699 16.195095 -999.0} sdss_psfmag_gaia 18.86213 16.930763 15.605123 13.228 63050396520040789 1132481777 dark_2x1 mwm_snc_100pc_boss mwm_snc science 0 0 0.0 0.0 -999 ""
FIBERMAP 775 R-7C2 METROLOGY 0 0 0 1 0 0 -205.5366720969561 -142.66765176386565 143.1 156.11057614495277 -195.51071196834388 234.15211 85.71612 -999.0 -999.0 -999.0 -999.0 -999.0 277.04886877634846 -35.22203912779291 277.15448286835044 -35.20326473376962 83.49563746453791 162.63879003559208 -999.0 6231.0 -999.0 -1 -999 {-999.0 -999.0 -999.0 -999.0 -999.0} "" -999.0 -999.0 -999.0 -999.0 -999 -999 "" "" "" "" 0 0 0.0 0.0 -999 ""
FIBERMAP 777 R+4C22 APOGEE 0 0 0 1 0 0 226.6113544654685 66.45906621665515 143.1 -81.48762087158524 221.64235310086437 268.46658 130.56238 -999.0 -999.0 -999.0 -999.0 -999.0 276.1779035819141 -33.95804928291415 276.2791715758311 -33.94191716465997 84.91182089100333 165.8693090887967 -999.0 16600.0 -999.0 2 -999 {-999.0 -999.0 -999.0 -999.0 -999.0} "" -999.0 -999.0 -999.0 -999.0 -999 -999 "" "" "" "" 0 0 0.0 0.0 -999 ""
FIBERMAP 777 R+4C22 BOSS 1 1 0 1 0 0 225.9307863465457 65.9754535174493 143.1 -80.95952187132461 220.9957339682317 268.46658 130.56238 276.1798095703125 -33.960007268237774 -999.0 -999.0 -999.0 276.1798034332348 -33.959990418127354 276.2810718302561 -33.943834356012864 84.90956247212854 165.85770111936364 5400.0 5400.0 2015.5 1 246 {-999.0 -999.0 -999.0 -999.0 -999.0} "" -999.0 -999.0 -999.0 -999.0 27021603147018701 852437833 "" ops_sky_boss_fallback ops_sky sky_boss 0 0 0.0 0.0 -999 ""
FIBERMAP 777 R+4C22 METROLOGY 0 0 0 1 0 0 225.91077354228597 66.72114366106575 143.1 -81.70216997200393 220.92581469398516 268.46658 130.56238 -999.0 -999.0 -999.0 -999.0 -999.0 276.1770751578126 -33.96015063670533 276.27834718303836 -33.944006787225256 84.90997749944081 165.88281907414407 -999.0 6231.0 -999.0 -1 -999 {-999.0 -999.0 -999.0 -999.0 -999.0} "" -999.0 -999.0 -999.0 -999.0 -999 -999 "" "" "" "" 0 0 0.0 0.0 -999 ""
FIBERMAP 778 R-4C7 APOGEE 1 1 0 1 0 0 -93.4919673911006 -83.71407444879654 143.1 89.78588540867977 -87.67082761079162 28.205986 60.677002 276.80400330716185 -34.896621985033114 -2.2341936 -8.762755 1.2947581 276.803973423267 -34.896638765950634 276.9084751084223 -34.878609805299085 83.86688263793157 163.45922453580974 16000.0 16600.0 2016.0 2 297 {-999.0 11.812483 11.697701 11.717183 -999.0} sdss_psfmag_from_g3xp 11.845189 11.679305 11.392181 10.947 63050396520170313 975388709 "" ops_std_apogee ops_std standard_apogee 0 0 0.0 0.0 -999 ""
FIBERMAP 778 R-4C7 BOSS 0 0 0 1 0 0 -93.62600822231816 -84.44151844654452 143.1 90.52064870763245 -87.75583273921053 28.205986 60.677002 -999.0 -999.0 -999.0 -999.0 -999.0 276.80675303544075 -34.89696008735875 276.9112459637406 -34.87890191771744 83.86591408187861 163.43978482021 -999.0 5400.0 -999.0 1 488 {-999.0 -999.0 -999.0 -999.0 -999.0} "" -999.0 -999.0 -999.0 -999.0 -999 -999 "" "" "" "" 0 0 0.0 0.0 -999 ""
FIBERMAP 778 R-4C7 METROLOGY 0 0 0 1 0 0 -94.1961392510636 -83.97503968022912 143.1 90.0934261147774 -88.3559112894406 28.205986 60.677002 -999.0 -999.0 -999.0 -999.0 -999.0 276.80518097955223 -34.89878412546418 276.9096841230124 -34.88073566467573 83.86455603212912 163.45641877767693 -999.0 6231.0 -999.0 -1 -999 {-999.0 -999.0 -999.0 -999.0 -999.0} "" -999.0 -999.0 -999.0 -999.0 -999 -999 "" "" "" "" 0 0 0.0 0.0 -999 ""
FIBERMAP 782 R-9C4 APOGEE 0 0 0 1 0 0 -139.85521413442865 -168.77140175174682 143.1 177.75491006836836 -128.230485896791 193.12927 79.78796 -999.0 -999.0 -999.0 -999.0 -999.0 277.1287051381093 -35.01850718204833 277.23350195306887 -34.99960601587741 83.66668148103251 161.4931580960324 -999.0 16600.0 -999.0 2 -999 {-999.0 -999.0 -999.0 -999.0 -999.0} "" -999.0 -999.0 -999.0 -999.0 -999 -999 "" "" "" "" 0 0 0.0 0.0 -999 ""
FIBERMAP 782 R-9C4 BOSS 1 1 0 1 0 0 -139.9069709069835 -168.04704299251156 143.1 177.03567113878924 -128.33064776737595 193.12927 79.78796 277.12612140635935 -35.01885975623445 -5.229181 -5.4103346 0.9484531 277.12610928695904 -35.018871649812844 277.23089904504116 -34.999954649188325 83.66707559716154 161.51241535242116 5400.0 5400.0 2016.0 1 466 {-999.0 19.36685 19.671728 19.863527 -999.0} sdss_psfmag_gaia 19.632595 19.52835 19.691402 -999.0 63050396520103465 1143422303 dark_2x1 mwm_wd_pwd_boss_2x1 mwm_wd science 0 0 0.0 0.0 -999 ""
FIBERMAP 782 R-9C4 METROLOGY 0 0 0 1 0 0 -139.23112035386978 -168.35908491985194 143.1 177.30172735173895 -127.63543629350414 193.12927 79.78796 -999.0 -999.0 -999.0 -999.0 -999.0 277.12711833315933 -35.01677813036302 277.2319023203049 -34.99786552503343 83.66876298891367 161.49898961056937 -999.0 6231.0 -999.0 -1 -999 {-999.0 -999.0 -999.0 -999.0 -999.0} "" -999.0 -999.0 -999.0 -999.0 -999 -999 "" "" "" "" 0 0 0.0 0.0 -999 ""
FIBERMAP 783 R+5C15 APOGEE 0 0 0 1 0 0 93.81649577760516 103.62885978335953 143.1 -109.67697092974795 86.66056811773502 49.91659 86.66775 -999.0 -999.0 -999.0 -999.0 -999.0 276.0706757175718 -34.36556353175576 276.17352971133005 -34.34958428257402 84.53701680459275 167.85706808406516 -999.0 16600.0 -999.0 2 -999 {-999.0 -999.0 -999.0 -999.0 -999.0} "" -999.0 -999.0 -999.0 -999.0 -999 -999 "" "" "" "" 0 0 0.0 0.0 -999 ""
FIBERMAP 783 R+5C15 BOSS 1 1 0 1 0 0 94.41010845327281 103.01670562827795 143.1 -109.10597831694162 87.29383320917103 49.91659 86.66775 276.0727573142716 -34.363619372230175 -3.5099633 -4.3234744 0.1563826 276.072734419466 -34.36363316510544 276.17557455766973 -34.34762920610767 84.53854616916766 167.83519870182033 5400.0 5400.0 2016.0 1 221 {-999.0 16.093811 15.396558 15.145599 -999.0} sdss_psfmag_gaia 15.890009 15.440006 14.785607 13.493 63050395231053699 1093501872 bright_1x1 mwm_astar_core_boss_single mwm_ob science 0 0 0.0 0.0 -999 ""
FIBERMAP 783 R+5C15 METROLOGY 0 0 0 1 0 0 93.65975868186186 102.897469532116 143.1 -108.93675000885892 86.55318286129032 49.91659 86.66775 -999.0 -999.0 -999.0 -999.0 -999.0 276.0733172022655 -34.36586621467668 276.1761670668625 -34.34986573497287 84.53625687537831 167.83543331530578 -999.0 6231.0 -999.0 -1 -999 {-999.0 -999.0 -999.0 -999.0 -999.0} "" -999.0 -999.0 -999.0 -999.0 -999 -999 "" "" "" "" 0 0 0.0 0.0 -999 ""
FIBERMAP 785 R+5C13 APOGEE 1 1 0 1 0 0 48.28628148181706 99.9519861340366 143.1 -102.95851842470513 41.48054502563277 24.42549 102.829185 276.09408124442524 -34.50269019290271 -2.0087504 -6.242888 0.13627844 276.0940662751812 -34.50272071191391 276.1974282361929 -34.486639591137006 84.39900399794013 167.97318969521012 16000.0 16600.0 2016.0 2 150 {-999.0 14.076784 12.63917 11.966604 -999.0} sdss_psfmag_from_g3xp 13.484651 12.526901 11.567376 9.321 63050395230919727 1151996050 bright_1x1 mwm_galactic_core_dist_apogee_sparse mwm_galactic science 0 0 0.0 0.0 -999 ""
FIBERMAP 785 R+5C13 BOSS 0 0 0 1 0 0 48.7526544459174 99.37158718087393 143.1 -102.41068505171253 41.984733515629244 24.42549 102.829185 -999.0 -999.0 -999.0 -999.0 -999.0 276.09603411838054 -34.50119891303809 276.1993836850879 -34.485092674900905 84.4001559800568 167.95357593963996 -999.0 5400.0 -999.0 1 154 {-999.0 -999.0 -999.0 -999.0 -999.0} "" -999.0 -999.0 -999.0 -999.0 -999 -999 "" "" "" "" 0 0 0.0 0.0 -999 ""
FIBERMAP 785 R+5C13 METROLOGY 0 0 0 1 0 0 48.0171612189638 99.25124995220656 143.1 -102.24135333060433 41.25897957669265 24.42549 102.829185 -999.0 -999.0 -999.0 -999.0 -999.0 276.09662353237377 -34.503394897313484 276.1999827376386 -34.487292279425596 84.39790164090293 167.95363245400588 -999.0 6231.0 -999.0 -1 -999 {-999.0 -999.0 -999.0 -999.0 -999.0} "" -999.0 -999.0 -999.0 -999.0 -999 -999 "" "" "" "" 0 0 0.0 0.0 -999 ""
FIBERMAP 788 R+7C6 APOGEE 0 0 0 1 0 0 -91.77026420352992 133.60482025906188 143.1 -127.15248928662905 -100.51076474635911 309.23254 147.12721 -999.0 -999.0 -999.0 -999.0 -999.0 276.0012627766146 -34.93289396836725 276.1063114223231 -34.91692165671201 83.99350939682547 169.5788214069682 -999.0 16600.0 -999.0 2 -999 {-999.0 -999.0 -999.0 -999.0 -999.0} "" -999.0 -999.0 -999.0 -999.0 -999 -999 "" "" "" "" 0 0 0.0 0.0 -999 ""
FIBERMAP 788 R+7C6 BOSS 1 1 0 1 0 0 -91.67471088442556 132.8347833268625 143.1 -126.39061024100755 -100.36384637937103 309.23254 147.12721 276.0040283203125 -34.93253446263945 -999.0 -999.0 -999.0 276.0040213066339 -34.93253296372664 276.1090618804718 -34.9165315079624 83.99345668576358 169.55695415424532 5400.0 5400.0 2015.5 1 69 {-999.0 -999.0 -999.0 -999.0 -999.0} "" -999.0 -999.0 -999.0 -999.0 27021603147015606 852437059 "" ops_sky_boss_fallback ops_sky sky_boss 0 0 0.0 0.0 -999 ""
FIBERMAP 788 R+7C6 METROLOGY 0 0 0 1 0 0 -92.36123202976911 133.1462842788529 143.1 -126.65541191357738 -101.0696678598086 309.23254 147.12721 -999.0 -999.0 -999.0 -999.0 -999.0 276.00300724003137 -34.93466927913575 276.10805801934157 -34.91867605877067 83.99151157117232 169.56862981138903 -999.0 6231.0 -999.0 -1 -999 {-999.0 -999.0 -999.0 -999.0 -999.0} "" -999.0 -999.0 -999.0 -999.0 -999 -999 "" "" "" "" 0 0 0.0 0.0 -999 ""
FIBERMAP 794 R-11C15 APOGEE 0 0 0 1 0 0 159.80353895012595 -213.7408483260164 143.1 202.54827368810916 173.75694426117485 6.8973975 109.48566 -999.0 -999.0 -999.0 -999.0 -999.0 277.21466596482196 -34.10429448075286 277.31595499754246 -34.08545014783077 84.49092818838514 157.59452077541215 -999.0 16600.0 -999.0 2 -999 {-999.0 -999.0 -999.0 -999.0 -999.0} "" -999.0 -999.0 -999.0 -999.0 -999 -999 "" "" "" "" 0 0 0.0 0.0 -999 ""
FIBERMAP 794 R-11C15 BOSS 1 1 0 1 0 0 160.14229056107132 -214.35327953945074 143.1 203.13661530595616 174.1359483598926 6.8973975 109.48566 277.2168034592283 -34.103156473702825 2.252025 -3.4516654 0.18657151 277.2168004030566 -34.10317313897179 277.31807405569884 -34.08430473047775 84.49127001493278 157.5729826911873 5400.0 5400.0 2016.0 1 332 {-999.0 16.583792 16.223864 16.085121 16.036373} sdss_psfmag_from_gaia 16.5251 16.2349 15.7538 14.872 63050396520969954 973863156 "" ops_std_boss_gdr2 ops_std standard_boss 0 0 0.0 0.0 -999 ""
FIBERMAP 794 R-11C15 METROLOGY 0 0 0 1 0 0 159.3954918764803 -214.36774209890405 143.1 203.2010712580097 173.39182244895946 6.8973975 109.48566 -999.0 -999.0 -999.0 -999.0 -999.0 277.21710117071683 -34.105377127998 277.31838576973564 -34.08651263652145 84.48914513400946 157.5797834032355 -999.0 6231.0 -999.0 -1 -999 {-999.0 -999.0 -999.0 -999.0 -999.0} "" -999.0 -999.0 -999.0 -999.0 -999 -999 "" "" "" "" 0 0 0.0 0.0 -999 ""
FIBERMAP 797 R0C6 APOGEE 0 0 0 1 0 0 -178.73405630602116 -10.437274193208685 143.1 22.38645861325108 -177.62707171854504 248.1676 137.86992 -999.0 -999.0 -999.0 -999.0 -999.0 276.5537523077646 -35.168881353090214 276.65942827458616 -35.151413756327266 83.66247162280301 165.9684363621576 -999.0 16600.0 -999.0 2 -999 {-999.0 -999.0 -999.0 -999.0 -999.0} "" -999.0 -999.0 -999.0 -999.0 -999 -999 "" "" "" "" 0 0 0.0 0.0 -999 ""
FIBERMAP 797 R0C6 BOSS 1 1 0 1 0 0 -179.52819675728603 -10.77394760580701 143.1 22.775561555226197 -178.3968471850254 248.1676 137.86992 276.55520052284925 -35.171301712959036 -2.0397785 -4.987211 0.466764 276.5552043122259 -35.17129352269372 276.6608812583121 -35.15379844056391 83.6598604224777 165.96364647543976 5400.0 5400.0 2016.0 1 451 {-999.0 18.161816 17.717962 17.534899 17.449692} sdss_psfmag_from_gaia 18.0643 17.7323 17.1851 17.318 63050396520144089 973857979 "" ops_std_boss_gdr2 ops_std standard_boss 0 0 0.0 0.0 -999 ""
FIBERMAP 797 R0C6 METROLOGY 0 0 0 1 0 0 -179.3722753409006 -10.047178460966396 143.1 22.040005837389863 -178.28996618912203 248.1676 137.86992 -999.0 -999.0 -999.0 -999.0 -999.0 276.55247863735013 -35.170983137628994 276.6581579456978 -35.15350169087558 83.66072425044445 165.98242479547122 -999.0 6231.0 -999.0 -1 -999 {-999.0 -999.0 -999.0 -999.0 -999.0} "" -999.0 -999.0 -999.0 -999.0 -999 -999 "" "" "" "" 0 0 0.0 0.0 -999 ""
FIBERMAP 798 R+9C9 APOGEE 1 1 0 1 0 0 8.814683770131264 167.96181590228275 143.1 -168.16905623525466 -2.456818988079284 43.769485 38.94592 275.85296630859375 -34.63448229115515 -999.0 -999.0 -999.0 275.8529845298639 -34.63447292257119 275.9569656718835 -34.6189735018525 84.30913149991204 170.2155492320785 16000.0 16600.0 2015.5 2 135 {-999.0 -999.0 -999.0 -999.0 -999.0} "" -999.0 -999.0 -999.0 -999.0 27021603147016566 848144205 "" ops_sky_apogee_best ops_sky sky_apogee 0 0 0.0 0.0 -999 ""
FIBERMAP 798 R+9C9 BOSS 0 0 0 1 0 0 8.7422910904384 167.20352705797347 143.1 -167.40764814121596 -2.478250398562884 43.769485 38.94592 -999.0 -999.0 -999.0 -999.0 -999.0 275.8557062271892 -34.63458073766646 275.9596817511082 -34.61905324300941 84.30864898166486 170.19352596332575 -999.0 5400.0 -999.0 1 130 {-999.0 -999.0 -999.0 -999.0 -999.0} "" -999.0 -999.0 -999.0 -999.0 -999 -999 "" "" "" "" 0 0 0.0 0.0 -999 ""
FIBERMAP 798 R+9C9 METROLOGY 0 0 0 1 0 0 8.122077518505815 167.63060371746204 143.1 -167.79220361164997 -3.1256577594704886 43.769485 38.94592 -999.0 -999.0 -999.0 -999.0 -999.0 275.8542454585326 -34.636527485434385 275.95823044568715 -34.6210091204033 84.306941348314 170.2089352275361 -999.0 6231.0 -999.0 -1 -999 {-999.0 -999.0 -999.0 -999.0 -999.0} "" -999.0 -999.0 -999.0 -999.0 -999 -999 "" "" "" "" 0 0 0.0 0.0 -999 ""
FIBERMAP 801 R+7C20 APOGEE 0 0 0 1 0 0 232.17430262495512 131.9125724002794 143.1 -147.1644324101019 222.80802280527857 36.55981 59.670025 -999.0 -999.0 -999.0 -999.0 -999.0 275.9387203012926 -33.953705959787435 276.0400885828168 -33.938191679296835 84.96263785079607 168.04250715950005 -999.0 16600.0 -999.0 2 89 {-999.0 -999.0 -999.0 -999.0 -999.0} "" -999.0 -999.0 -999.0 -999.0 -999 -999 "" "" "" "" 0 0 0.0 0.0 -999 ""
FIBERMAP 801 R+7C20 BOSS 1 1 0 1 0 0 232.25815507475022 131.1944198976228 143.1 -146.4535355947904 222.93979137750551 36.55981 59.670025 275.94132973608055 -33.953330361099226 0.9467611 1.0914952 3.1320982 275.9413179208693 -33.95333954139745 276.04267858720266 -33.93780022759339 84.96255009440729 168.01765263840036 5400.0 5400.0 2016.0 1 263 {-999.0 19.946629 19.809761 19.79008 -999.0} sdss_psfmag_gaia 20.166512 19.791044 19.667542 -999.0 63050395231151338 1143361086 dark_2x1 mwm_wd_pwd_boss_2x1 mwm_wd science 0 0 0.0 0.0 -999 ""
FIBERMAP 801 R+7C20 METROLOGY 0 0 0 1 0 0 231.57869530216811 131.4752114652996 143.1 -146.68817097790327 222.24307231171724 36.55981 59.670025 -999.0 -999.0 -999.0 -999.0 -999.0 275.940399061902 -33.95538353263427 276.0417692448334 -33.93985119105675 84.96071378743753 168.0311426131258 -999.0 6231.0 -999.0 -1 -999 {-999.0 -999.0 -999.0 -999.0 -999.0} "" -999.0 -999.0 -999.0 -999.0 -999 -999 "" "" "" "" 0 0 0.0 0.0 -999 ""
FIBERMAP 803 R-5C19 APOGEE 0 0 0 1 0 0 163.26463738228568 -115.76150548998778 143.1 104.56063744938513 170.6467261615063 299.603 63.372704 -999.0 -999.0 -999.0 -999.0 -999.0 276.8574370156802 -34.11347161193404 276.9589459730432 -34.09554288517951 84.59322734611304 160.5133278635568 -999.0 16600.0 -999.0 2 -999 {-999.0 -999.0 -999.0 -999.0 -999.0} "" -999.0 -999.0 -999.0 -999.0 -999 -999 "" "" "" "" 0 0 0.0 0.0 -999 ""
FIBERMAP 803 R-5C19 BOSS 1 1 0 1 0 0 162.52947450664792 -115.8142131557623 143.1 104.66247178740538 169.91677146533988 299.603 63.372704 276.85786082815207 -34.11566266175591 -0.2732353 -0.19602564 0.14214988 276.85786025542944 -34.11564826708892 276.9593685214576 -34.0976987855181 84.59108636401388 160.5179106322464 5400.0 5400.0 2016.0 1 313 {-999.0 16.97719 16.64964 16.552557 -999.0} sdss_psfmag_gaia 16.941479 16.664455 16.231062 15.421 63050395230992146 979950964 "" ops_std_boss ops_std standard_boss 0 0 0.0 0.0 -999 ""
FIBERMAP 803 R-5C19 METROLOGY 0 0 0 1 0 0 162.84791452079335 -115.14034506505254 143.1 103.96880965890497 170.189343967451 299.603 63.372704 -999.0 -999.0 -999.0 -999.0 -999.0 276.8553368915054 -34.11479264056735 276.9568457001152 -34.09685529741859 84.59261131892119 160.53550671122036 -999.0 6231.0 -999.0 -1 -999 {-999.0 -999.0 -999.0 -999.0 -999.0} "" -999.0 -999.0 -999.0 -999.0 -999 -999 "" "" "" "" 0 0 0.0 0.0 -999 ""
FIBERMAP 810 R+10C16 APOGEE 0 0 0 1 0 0 172.1329759924135 187.09378421170845 143.1 -198.19770248936774 159.2072242309761 0.89573264 88.019455 -999.0 -999.0 -999.0 -999.0 -999.0 275.74999069646924 -34.14443519041184 275.8521661219197 -34.12934990052853 84.80632630564574 170.18146661527558 -999.0 16600.0 -999.0 2 -999 {-999.0 -999.0 -999.0 -999.0 -999.0} "" -999.0 -999.0 -999.0 -999.0 -999 -999 "" "" "" "" 0 0 0.0 0.0 -999 ""
FIBERMAP 810 R+10C16 BOSS 1 1 0 1 0 0 172.13284478008822 186.34689576944103 143.1 -197.45250942107407 159.25712572229844 0.89573264 88.019455 275.7527160644531 -34.144315891691605 -999.0 -999.0 -999.0 275.75269657890266 -34.144309835644094 275.85486598117086 -34.12919842865443 84.80607217932686 170.15688177928808 5400.0 5400.0 2015.5 1 185 {-999.0 -999.0 -999.0 -999.0 -999.0} "" -999.0 -999.0 -999.0 -999.0 27021603147018291 852087121 "" ops_sky_boss_fallback ops_sky sky_boss 0 0 0.0 0.0 -999 ""
FIBERMAP 810 R+10C16 METROLOGY 0 0 0 1 0 0 171.48707020736893 186.71655227557096 143.1 -197.77806347791994 158.58806213176896 0.89573264 88.019455 -999.0 -999.0 -999.0 -999.0 -999.0 275.75143428227267 -34.146287645225925 275.8536129451088 -34.13118432424843 84.80430606595192 170.17210743894535 -999.0 6231.0 -999.0 -1 -999 {-999.0 -999.0 -999.0 -999.0 -999.0} "" -999.0 -999.0 -999.0 -999.0 -999 -999 "" "" "" "" 0 0 0.0 0.0 -999 ""
FIBERMAP 811 R-13C1 APOGEE 1 1 0 1 0 0 -158.51704542711275 -236.29083300271586 143.1 246.37039808545097 -142.32675946961405 183.6503 49.070137 277.3810090186986 -35.05938070573711 -5.6366563 -5.7250037 0.028579002 277.38100039889815 -35.059405140694736 277.4858182985852 -35.039843196139714 83.5560545195203 159.88341901269055 16000.0 16600.0 2016.0 2 154 {-999.0 15.532188 14.054129 12.500092 -999.0} sdss_psfmag_from_g3xp 14.978547 13.245388 11.978772 9.14 63050396520073252 1153147258 bright_1x1 mwm_galactic_core_dist_apogee_sparse mwm_galactic science 0 0 0.0 0.0 -999 ""
FIBERMAP 811 R-13C1 BOSS 0 0 0 1 0 0 -158.06674088328455 -235.70017450952457 143.1 245.75092238334653 -141.91704928420384 183.6503 49.070137 -999.0 -999.0 -999.0 -999.0 -999.0 277.37870990646184 -35.05819810232328 277.4835135645243 -35.03861988391456 83.55788534125803 159.8950566809083 -999.0 5400.0 -999.0 1 435 {-999.0 -999.0 -999.0 -999.0 -999.0} "" -999.0 -999.0 -999.0 -999.0 -999 -999 "" "" "" "" 0 0 0.0 0.0 -999 ""
FIBERMAP 811 R-13C1 METROLOGY 0 0 0 1 0 0 -157.7769679312449 -236.3781276206918 143.1 246.40791737063935 -141.58252292359464 183.6503 49.070137 -999.0 -999.0 -999.0 -999.0 -999.0 277.3811740909857 -35.05719122751395 277.48597562770306 -35.037613371540814 83.55808105936603 159.87505043856916 -999.0 6231.0 -999.0 -1 -999 {-999.0 -999.0 -999.0 -999.0 -999.0} "" -999.0 -999.0 -999.0 -999.0 -999 -999 "" "" "" "" 0 0 0.0 0.0 -999 ""
FIBERMAP 812 R-8C7 APOGEE 0 0 0 1 0 0 -47.447613882619954 -147.69927866732897 143.1 150.5406862255993 -37.44530551480401 82.8355 38.537758 -999.0 -999.0 -999.0 -999.0 -999.0 277.02804062459415 -34.74393470269207 277.13184253124314 -34.72537579715622 83.9529435448287 161.35741048646372 -999.0 16600.0 -999.0 2 -999 {-999.0 -999.0 -999.0 -999.0 -999.0} "" -999.0 -999.0 -999.0 -999.0 -999 -999 "" "" "" "" 0 0 0.0 0.0 -999 ""
FIBERMAP 812 R-8C7 BOSS 1 1 0 1 0 0 -47.05780901865736 -148.455514725814 143.1 151.2690846267819 -37.00573148206966 82.8355 38.537758 277.0307720598859 -34.74254124731419 20.006771 -26.450531 12.733717 277.0308065309752 -34.742631820214044 277.1345926104216 -34.72404483876002 83.95342580580643 161.33293449421484 5400.0 5400.0 2016.0 1 373 {-999.0 19.071962 17.099384 15.364942 -999.0} sdss_psfmag_gaia 17.854025 16.098183 14.830669 12.44 63050396520233660 1132479517 dark_2x1 mwm_snc_100pc_boss mwm_snc science 0 0 0.0 0.0 -999 ""
FIBERMAP 812 R-8C7 METROLOGY 0 0 0 1 0 0 -47.79345715185107 -148.36252119455688 143.1 151.22558271822743 -37.745930529413904 82.8355 38.537758 -999.0 -999.0 -999.0 -999.0 -999.0 277.03066995274565 -34.74487553075618 277.13446731012823 -34.72629426584815 83.95134583884186 161.3411230845956 -999.0 6231.0 -999.0 -1 -999 {-999.0 -999.0 -999.0 -999.0 -999.0} "" -999.0 -999.0 -999.0 -999.0 -999 -999 "" "" "" "" 0 0 0.0 0.0 -999 ""
FIBERMAP 813 R+1C24 APOGEE 1 1 0 1 0 0 225.3256681212419 31.983720473785677 143.1 -47.00481169856889 222.66902742179926 150.73021 92.71395 276.30374482104423 -33.95534544929502 -3.7704065 -1.9859878 0.18639998 276.30373904183375 -33.95534850108941 276.40493489472556 -33.93889299877868 84.88682447429507 164.72940756341833 16000.0 16600.0 2016.0 2 112 {-999.0 14.805663 13.659681 13.189637 -999.0} sdss_psfmag_from_g3xp 14.390949 13.647512 12.811536 10.949 63050395231178120 1151996193 bright_1x1 mwm_galactic_core_dist_apogee_sparse mwm_galactic science 0 0 0.0 0.0 -999 ""
FIBERMAP 813 R+1C24 BOSS 0 0 0 1 0 0 225.63940110774897 32.63096237410528 143.1 -47.67159307587124 222.93868726580683 150.73021 92.71395 -999.0 -999.0 -999.0 -999.0 -999.0 276.3013085009935 -33.95451095249364 276.4024960104922 -33.93804353197329 84.88820197182545 164.7485776721685 -999.0 5400.0 -999.0 1 191 {-999.0 -999.0 -999.0 -999.0 -999.0} "" -999.0 -999.0 -999.0 -999.0 -999 -999 "" "" "" "" 0 0 0.0 0.0 -999 ""
FIBERMAP 813 R+1C24 METROLOGY 0 0 0 1 0 0 226.07141842427095 32.04782659802988 143.1 -47.11872771571199 223.40878183067673 150.73021 92.71395 -999.0 -999.0 -999.0 -999.0 -999.0 276.3033260764492 -33.953061192092555 276.40450897388575 -33.93659424141899 84.88913096335709 164.7260545735539 -999.0 6231.0 -999.0 -1 -999 {-999.0 -999.0 -999.0 -999.0 -999.0} "" -999.0 -999.0 -999.0 -999.0 -999 -999 "" "" "" "" 0 0 0.0 0.0 -999 ""
FIBERMAP 815 R-12C7 APOGEE 0 0 0 1 0 0 -32.38334021920792 -221.01885084837795 143.1 222.68384393027958 -17.503887845969448 147.69737 98.04635 -999.0 -999.0 -999.0 -999.0 -999.0 277.29271428670086 -34.6825660493524 277.3961425480579 -34.663345502964404 83.93289539025562 159.22405982527494 -999.0 16600.0 -999.0 2 -999 {-999.0 -999.0 -999.0 -999.0 -999.0} "" -999.0 -999.0 -999.0 -999.0 -999 -999 "" "" "" "" 0 0 0.0 0.0 -999 ""
FIBERMAP 815 R-12C7 BOSS 1 1 0 1 0 0 -32.11457676546446 -220.37691753482878 143.1 222.0253714367339 -17.278739317968164 147.69737 98.04635 277.2904285430791 -34.68190030026209 -20.974604 -4.652424 2.340781 277.290360675349 -34.681919212337164 277.3937772957278 -34.662683799799225 83.93424170330326 159.23874958300888 5400.0 5400.0 2016.0 1 366 {-999.0 18.071707 18.509466 18.792042 -999.0} sdss_psfmag_gaia 18.293089 18.313025 18.56323 -999.0 63050396520240280 1143422158 dark_2x1 mwm_wd_pwd_boss_2x1 mwm_wd science 0 0 0.0 0.0 -999 ""
FIBERMAP 815 R-12C7 METROLOGY 0 0 0 1 0 0 -31.63997432462648 -220.93575233112747 143.1 222.55113858102067 -16.767784663459302 147.69737 98.04635 -999.0 -999.0 -999.0 -999.0 -999.0 277.2923159424225 -34.6803595721218 277.3957285509334 -34.66112559664766 83.93507977880355 159.219121012813 -999.0 6231.0 -999.0 -1 -999 {-999.0 -999.0 -999.0 -999.0 -999.0} "" -999.0 -999.0 -999.0 -999.0 -999 -999 "" "" "" "" 0 0 0.0 0.0 -999 ""
FIBERMAP 817 R+10C12 APOGEE 0 0 0 1 0 0 61.088084406208694 182.5580296727595 143.1 -186.23364550873677 48.71954218646823 240.83406 117.717354 -999.0 -999.0 -999.0 -999.0 -999.0 275.7886342954743 -34.47885051681464 275.89205510221313 -34.463564248078825 84.47157888715309 170.47065454941455 -999.0 16600.0 -999.0 2 -999 {-999.0 -999.0 -999.0 -999.0 -999.0} "" -999.0 -999.0 -999.0 -999.0 -999 -999 "" "" "" "" 0 0 0.0 0.0 -999 ""
FIBERMAP 817 R+10C12 BOSS 1 1 0 1 0 0 60.287129965857005 182.61857134061287 143.1 -186.2403948737664 47.91635971886856 240.83406 117.717354 275.7882630369474 -34.48127824258162 -13.616262 -5.3453736 0.32533693 275.7885130354196 -34.481289101468896 275.89193873442355 -34.46598196181551 84.46921555957081 170.47603926412296 5400.0 5400.0 2016.0 1 147 {-999.0 15.254436 14.7002535 14.447481 -999.0} sdss_psfmag_from_g3xp 15.114023 14.701804 14.102161 12.895 63050395230790327 1071772967 dark_flexible_2x1 mwm_halo_vmp_xp_boss mwm_halo science 0 0 0.9083908796310425 0.0 -999 ""
FIBERMAP 817 R+10C12 METROLOGY 0 0 0 1 0 0 60.717021461599515 183.20749907768482 143.1 -186.85677634386295 48.3058193718466 240.83406 117.717354 -999.0 -999.0 -999.0 -999.0 -999.0 275.7862400975617 -34.48008002055654 275.88966356808237 -34.46478490779318 84.47072297632299 170.4930247370075 -999.0 6231.0 -999.0 -1 -999 {-999.0 -999.0 -999.0 -999.0 -999.0} "" -999.0 -999.0 -999.0 -999.0 -999 -999 "" "" "" "" 0 0 0.0 0.0 -999 ""
FIBERMAP 822 R+8C14 APOGEE 0 0 0 1 0 0 98.0086830188009 161.28477919052514 143.1 -167.48216308164322 86.98094763351344 11.750982 139.186 -999.0 -999.0 -999.0 -999.0 -999.0 275.85881571885585 -34.36341510921742 275.9617651042437 -34.347982786504716 84.57469489589471 169.6567351596379 -999.0 16600.0 -999.0 2 -999 {-999.0 -999.0 -999.0 -999.0 -999.0} "" -999.0 -999.0 -999.0 -999.0 -999 -999 "" "" "" "" 0 0 0.0 0.0 -999 ""
FIBERMAP 822 R+8C14 BOSS 1 1 0 1 0 0 98.61900189774178 160.95650720755515 143.1 -167.19552402306172 87.61186417131916 11.750982 139.186 275.8598327636718 -34.36149968384096 -999.0 -999.0 -999.0 275.8598307467716 -34.361502865832605 275.96276770927864 -34.3460485148282 84.57643631515838 169.64424512843786 5400.0 5400.0 2015.5 1 168 {-999.0 -999.0 -999.0 -999.0 -999.0} "" -999.0 -999.0 -999.0 -999.0 27021603147018027 852437663 "" ops_sky_boss_fallback ops_sky sky_boss 0 0 0.0 0.0 -999 ""
FIBERMAP 822 R+8C14 METROLOGY 0 0 0 1 0 0 98.0215033868017 160.53689293248826 143.1 -166.7368420719914 87.04383799521574 11.750982 139.186 -999.0 -999.0 -999.0 -999.0 -999.0 275.8614581961853 -34.36321573174325 275.96440217522866 -34.347762324671876 84.57449682428691 169.63368497624523 -999.0 6231.0 -999.0 -1 -999 {-999.0 -999.0 -999.0 -999.0 -999.0} "" -999.0 -999.0 -999.0 -999.0 -999 -999 "" "" "" "" 0 0 0.0 0.0 -999 ""
FIBERMAP 823 R-1C16 APOGEE 1 1 0 1 0 0 77.98320010811436 -15.443224276015034 143.1 10.184065676367341 78.83977449470132 98.0829 1.6789865 276.5112874989606 -34.39100526346716 -3.3025155 -5.9209585 0.12283974 276.5111707302198 -34.390897114465545 276.6139006720957 -34.373775333947734 84.42080464623751 164.26740192063514 16000.0 16600.0 2016.0 2 219 {-999.0 14.225979 12.753722 11.254067 -999.0} sdss_psfmag_from_g3xp 13.596948 11.972712 10.740672 7.906 63050395230993447 1151996156 bright_1x1 mwm_galactic_core_dist_apogee_sparse mwm_galactic science 0 0 0.0 0.0 -999 ""
FIBERMAP 823 R-1C16 BOSS 0 0 0 1 0 0 78.11895725123708 -16.15972811765842 143.1 10.889840611822232 79.02321888998081 98.0829 1.6789865 -999.0 -999.0 -999.0 -999.0 -999.0 276.5137845335424 -34.3903198143615 276.61650366854246 -34.37317141438733 84.42076542340425 164.2444506053736 -999.0 5400.0 -999.0 1 316 {-999.0 -999.0 -999.0 -999.0 -999.0} "" -999.0 -999.0 -999.0 -999.0 -999 -999 "" "" "" "" 0 0 0.0 0.0 -999 ""
FIBERMAP 823 R-1C16 METROLOGY 0 0 0 1 0 0 77.41901019482609 -15.923824312624713 143.1 10.701362969467043 78.3090662177822 98.0829 1.6789865 -999.0 -999.0 -999.0 -999.0 -999.0 276.513083166031 -34.392472592485376 276.61581286275987 -34.375331025557124 84.41886101750484 164.2564535889675 -999.0 6231.0 -999.0 -1 -999 {-999.0 -999.0 -999.0 -999.0 -999.0} "" -999.0 -999.0 -999.0 -999.0 -999 -999 "" "" "" "" 0 0 0.0 0.0 -999 ""
FIBERMAP 826 R+6C9 APOGEE 0 0 0 1 0 0 -24.360582129439475 111.56659939092938 143.1 -109.6801781387424 -31.778598625763326 49.32555 38.169582 -999.0 -999.0 -999.0 -999.0 -999.0 276.0673987630178 -34.724925154351006 276.1716192201086 -34.70884540199906 84.18656556362424 168.6624604064803 -999.0 16600.0 -999.0 2 -999 {-999.0 -999.0 -999.0 -999.0 -999.0} "" -999.0 -999.0 -999.0 -999.0 -999 -999 "" "" "" "" 0 0 0.0 0.0 -999 ""
FIBERMAP 826 R+6C9 BOSS 1 1 0 1 0 0 -24.389070641190134 110.83485956188393 143.1 -108.94819952657026 -31.758004503546367 49.32555 38.169582 276.07009452354913 -34.72489617043978 -7.490971 -6.544421 2.9729445 276.0700333687814 -34.72491724124879 276.17424692429904 -34.70880934669452 84.18614867045189 168.64153287345763 5400.0 5400.0 2016.0 1 135 {-999.0 20.47827 19.958223 19.782894 -999.0} sdss_psfmag_gaia 19.752195 19.994335 18.83537 -999.0 63050395230606013 1143876769 dark_2x1 mwm_wd_gaia_boss_2x1 mwm_wd science 0 0 0.0 0.0 -999 ""
FIBERMAP 826 R+6C9 METROLOGY 0 0 0 1 0 0 -25.020163595555076 111.21382395761111 143.1 -109.28402372447887 -32.413043489469395 49.32555 38.169582 -999.0 -999.0 -999.0 -999.0 -999.0 276.0687637817931 -34.72689480445611 276.1729870910714 -34.71079562887612 84.18442326031683 168.65563366486114 -999.0 6231.0 -999.0 -1 -999 {-999.0 -999.0 -999.0 -999.0 -999.0} "" -999.0 -999.0 -999.0 -999.0 -999 -999 "" "" "" "" 0 0 0.0 0.0 -999 ""
FIBERMAP 829 R-13C9 APOGEE 1 1 0 1 0 0 30.39586331705026 -230.50089521479407 143.1 227.93881331899672 45.767254543349964 174.9593 19.869205 277.31063096325624 -34.49093407042866 -0.7852045 -0.40269983 0.14608638 277.3106562593216 -34.490909717333395 277.4133489987246 -34.47170132128869 84.10442147922842 158.39249524448837 16000.0 16600.0 2016.0 2 157 {-999.0 14.489664 13.055674 12.367953 -999.0} sdss_psfmag_from_g3xp 13.905398 12.931141 11.963072 9.699 63050396520917081 1153148193 bright_1x1 mwm_galactic_core_dist_apogee_sparse mwm_galactic science 0 0 0.0 0.0 -999 ""
FIBERMAP 829 R-13C9 BOSS 0 0 0 1 0 0 31.135221459134986 -230.3126884818813 143.1 227.70150804830863 46.49231815097305 174.9593 19.869205 -999.0 -999.0 -999.0 -999.0 -999.0 277.3098239238446 -34.48873122363213 277.41249838474664 -34.46950524921153 84.1067170022411 158.39042794135023 -999.0 5400.0 -999.0 1 438 {-999.0 -999.0 -999.0 -999.0 -999.0} "" -999.0 -999.0 -999.0 -999.0 -999 -999 "" "" "" "" 0 0 0.0 0.0 -999 ""
FIBERMAP 829 R-13C9 METROLOGY 0 0 0 1 0 0 30.92316382702957 -231.0460212695026 143.1 228.4473728736554 46.329868708377 174.9593 19.869205 -999.0 -999.0 -999.0 -999.0 -999.0 277.31259217624637 -34.489200791027514 277.41526990215857 -34.46997333618139 84.10539319123133 158.37172778811194 -999.0 6231.0 -999.0 -1 -999 {-999.0 -999.0 -999.0 -999.0 -999.0} "" -999.0 -999.0 -999.0 -999.0 -999 -999 "" "" "" "" 0 0 0.0 0.0 -999 ""
FIBERMAP 833 R0C10 APOGEE 0 0 0 1 0 0 -100.49772173015508 -15.919122516915916 143.1 22.614920134017808 -99.2020308645979 280.90628 64.21772 -999.0 -999.0 -999.0 -999.0 -999.0 276.55537638896953 -34.93150852290128 276.6601400795872 -34.914108840331885 83.89119329270214 165.38487052121556 -999.0 16600.0 -999.0 2 -999 {-999.0 -999.0 -999.0 -999.0 -999.0} "" -999.0 -999.0 -999.0 -999.0 -999 -999 "" "" "" "" 0 0 0.0 0.0 -999 ""
FIBERMAP 833 R0C10 BOSS 1 1 0 1 0 0 -101.20274166210928 -15.741657779442251 143.1 22.485088040431418 -99.91733013379962 280.90628 64.21772 276.5548894027652 -34.93377840687825 0.050362848 -4.370423 0.14088963 276.5549113702211 -34.93375403114462 276.65967636630376 -34.91633274893121 83.88915365178555 165.39393223028603 5400.0 5400.0 2016.0 1 448 {-999.0 17.450747 17.121729 17.024057 -999.0} sdss_psfmag_gaia 17.418695 17.136757 16.706686 -999.0 63050396520182275 977445984 "" ops_std_boss ops_std standard_boss 0 0 0.0 0.0 -999 ""
FIBERMAP 833 R0C10 METROLOGY 0 0 0 1 0 0 -100.68892005121945 -15.195975630855923 143.1 21.906231193323276 -99.4412349414042 280.90628 64.21772 -999.0 -999.0 -999.0 -999.0 -999.0 276.55277278275827 -34.93231002005245 276.6575354888123 -34.914900953830944 83.89100465700346 165.40620248331805 -999.0 6231.0 -999.0 -1 -999 {-999.0 -999.0 -999.0 -999.0 -999.0} "" -999.0 -999.0 -999.0 -999.0 -999 -999 "" "" "" "" 0 0 0.0 0.0 -999 ""
FIBERMAP 834 R+2C24 APOGEE 0 0 0 1 0 0 262.03910652843814 36.386967049200024 143.1 -53.85736346630864 259.00373360878825 9.415668 96.745476 -999.0 -999.0 -999.0 -999.0 -999.0 276.2795950907014 -33.846062191735165 276.38039441023943 -33.82970200039246 84.99736898346801 164.60638012716421 -999.0 16600.0 -999.0 2 -999 {-999.0 -999.0 -999.0 -999.0 -999.0} "" -999.0 -999.0 -999.0 -999.0 -999 -999 "" "" "" "" 0 0 0.0 0.0 -999 ""
FIBERMAP 834 R+2C24 BOSS 1 0 0 1 0 0 262.26556863483495 35.6251093546412 143.1 -53.112414285915996 259.2807141615173 9.415668 96.745476 276.28143310546875 -33.960007268237774 -999.0 -999.0 -999.0 276.28232001556836 -33.845256000793626 276.3831086563506 -33.82887101180911 84.99753619998464 164.57888980377376 5400.0 5400.0 2015.5 1 193 {-999.0 -999.0 -999.0 -999.0 -999.0} "" -999.0 -999.0 -999.0 -999.0 27021603147018550 852437797 "" ops_sky_boss_fallback ops_sky sky_boss 0 0 0.0 0.0 -999 ""
FIBERMAP 834 R+2C24 METROLOGY 0 0 0 1 0 0 261.53366807194385 35.83557772803687 143.1 -53.27337403755476 258.53638475394087 9.415668 96.745476 -999.0 -999.0 -999.0 -999.0 -999.0 276.28170251963087 -33.847433931131455 276.38250138901947 -33.83105497441003 84.99558063495131 164.59144964190523 -999.0 6231.0 -999.0 -1 -999 {-999.0 -999.0 -999.0 -999.0 -999.0} "" -999.0 -999.0 -999.0 -999.0 -999 -999 "" "" "" "" 0 0 0.0 0.0 -999 ""
FIBERMAP 836 R+9C2 APOGEE 0 0 0 1 0 0 -159.24446001097886 177.2883804745193 143.1 -166.21643031964987 -170.75727079307353 338.5241 149.93538 -999.0 -999.0 -999.0 -999.0 -999.0 275.85546373516314 -35.14398647918878 275.96139624183706 -35.1283261645965 83.80686930420286 171.03515294544277 -999.0 16600.0 -999.0 2 -999 {-999.0 -999.0 -999.0 -999.0 -999.0} "" -999.0 -999.0 -999.0 -999.0 -999 -999 "" "" "" "" 0 0 0.0 0.0 -999 ""
FIBERMAP 836 R+9C2 BOSS 1 1 0 1 0 0 -158.7959032150862 176.7331105977737 143.1 -165.6924752207663 -170.27254116164562 338.5241 149.93538 275.85738288343117 -35.14256235241495 -0.26893196 -7.8441434 0.10647667 275.8573867146964 -35.142588153802926 275.96330813170016 -35.12690036100828 83.80801437121349 171.01865570098275 5400.0 5400.0 2016.0 1 19 {-999.0 15.373568 15.198656 15.16333 -999.0} sdss_psfmag_gaia 15.379469 15.187584 14.837508 14.231 63050395230536623 1093501699 bright_1x1 mwm_astar_core_boss_single mwm_ob science 0 0 0.0 0.0 -999 ""
FIBERMAP 836 R+9C2 METROLOGY 0 0 0 1 0 0 -159.5315543763436 176.5976742836017 143.1 -165.5080682858295 -170.99744122019843 338.5241 149.93538 -999.0 -999.0 -999.0 -999.0 -999.0 275.85801637122637 -35.144803540974486 275.96394736443006 -35.12911994731025 83.80573865579753 171.01731205526045 -999.0 6231.0 -999.0 -1 -999 {-999.0 -999.0 -999.0 -999.0 -999.0} "" -999.0 -999.0 -999.0 -999.0 -999 -999 "" "" "" "" 0 0 0.0 0.0 -999 ""
FIBERMAP 843 R+7C18 APOGEE 1 1 0 1 0 0 172.4516111868082 156.11705558544915 143.1 -167.3129976437041 161.60019491536352 135.77238 46.1037 275.8626228540309 -34.137768438581574 -5.234875 -3.0775943 0.42446125 275.8626054647332 -34.137796007567445 275.9647016932506 -34.12242225370445 84.7954804645571 169.1575462021463 16000.0 16600.0 2016.0 2 119 {-999.0 12.666626 11.296767 10.605909 -999.0} sdss_psfmag_from_g3xp 12.119945 11.170754 10.211132 8.022 63050395231120183 1151996166 bright_1x1 mwm_galactic_core_dist_apogee_sparse mwm_galactic science 0 0 0.0 0.0 -999 ""
FIBERMAP 843 R+7C18 BOSS 0 0 0 1 0 0 173.22648533786978 156.14026879777785 143.1 -167.38806499578828 162.37174604654206 135.77238 46.1037 -999.0 -999.0 -999.0 -999.0 -999.0 275.8623422626843 -34.135461596997516 275.96442514619764 -34.12007009217346 84.79783120795659 169.15486599589363 -999.0 5400.0 -999.0 1 204 {-999.0 -999.0 -999.0 -999.0 -999.0} "" -999.0 -999.0 -999.0 -999.0 -999 -999 "" "" "" "" 0 0 0.0 0.0 -999 ""
FIBERMAP 843 R+7C18 METROLOGY 0 0 0 1 0 0 172.8476949213286 155.48253537927408 143.1 -166.70645798533465 162.03788001660473 135.77238 46.1037 -999.0 -999.0 -999.0 -999.0 -999.0 275.86477811056074 -34.13644904684603 275.96686485452483 -34.12105638150095 84.7964628449557 169.1352020966167 -999.0 6231.0 -999.0 -1 -999 {-999.0 -999.0 -999.0 -999.0 -999.0} "" -999.0 -999.0 -999.0 -999.0 -999 -999 "" "" "" "" 0 0 0.0 0.0 -999 ""
FIBERMAP 844 R-3C20 APOGEE 1 1 0 1 0 0 180.20965692367756 -51.10660954232634 143.1 38.91815419130398 183.22199408758073 37.459866 110.07185 276.617292323468 -34.07508380624109 3.178018 -4.650614 0.11127561 276.61730626350646 -34.07509953264892 276.71879377260143 -34.057800311619935 84.69560627267352 162.38491861797272 16000.0 16600.0 2016.0 2 214 {-999.0 14.846114 13.370895 12.576206 -999.0} sdss_psfmag_from_g3xp 14.2356205 13.176356 12.162429 9.809 63050395231030660 1151996136 bright_1x1 mwm_galactic_core_dist_apogee_sparse mwm_galactic science 0 0 0.0 0.0 -999 ""
FIBERMAP 844 R-3C20 BOSS 0 0 0 1 0 0 180.87154159873973 -51.47772089965091 143.1 39.244080599720974 183.90722847954896 37.459866 110.07185 -999.0 -999.0 -999.0 -999.0 -999.0 276.6185237085395 -34.07299347467002 276.7199950233853 -34.05567289791602 84.69730407588482 162.36736086675995 -999.0 5400.0 -999.0 1 306 {-999.0 -999.0 -999.0 -999.0 -999.0} "" -999.0 -999.0 -999.0 -999.0 -999 -999 "" "" "" "" 0 0 0.0 0.0 -999 ""
FIBERMAP 844 R-3C20 METROLOGY 0 0 0 1 0 0 180.2301471728503 -51.85044031580053 143.1 39.658915181358225 183.29226516226979 37.459866 110.07185 -999.0 -999.0 -999.0 -999.0 -999.0 276.6200441000342 -34.07482336140613 276.7215236789359 -34.05750365651963 84.69516444963706 162.36071295947755 -999.0 6231.0 -999.0 -1 -999 {-999.0 -999.0 -999.0 -999.0 -999.0} "" -999.0 -999.0 -999.0 -999.0 -999 -999 "" "" "" "" 0 0 0.0 0.0 -999 ""
FIBERMAP 845 R+9C16 APOGEE 1 1 0 1 0 0 164.36850415979796 171.26486670031554 143.1 -181.8847767805626 152.5208126341995 31.159084 68.153595 275.80908964374976 -34.16488353882236 6.7748494 -18.809315 2.8687263 275.8090702623175 -34.16493043055913 275.91129446454045 -34.14968653598169 84.77730433285898 169.69296591533165 16000.0 16600.0 2016.0 2 76 {-999.0 12.465249 12.03449 11.895736 -999.0} sdss_psfmag_gaia 12.390664 12.062357 11.569001 10.729 63050395231119077 1076275480 bright_1x1 mwm_snc_ext_main_apogee mwm_snc science 0 0 0.0 0.0 -999 ""
FIBERMAP 845 R+9C16 BOSS 0 0 0 1 0 0 164.42561564672354 170.51884923160594 143.1 -181.1442872603139 152.62776787041565 31.159084 68.153595 -999.0 -999.0 -999.0 -999.0 -999.0 275.81175056615245 -34.16462130296015 275.91396782380593 -34.14935133967746 84.77721468813932 169.66840355477552 -999.0 5400.0 -999.0 1 235 {-999.0 -999.0 -999.0 -999.0 -999.0} "" -999.0 -999.0 -999.0 -999.0 -999 -999 "" "" "" "" 0 0 0.0 0.0 -999 ""
FIBERMAP 845 R+9C16 METROLOGY 0 0 0 1 0 0 163.75161193651766 170.85653233930148 143.1 -181.4360498644616 151.93268137959825 31.159084 68.153595 -999.0 -999.0 -999.0 -999.0 -999.0 275.81061704495164 -34.16668313101125 275.91284388906286 -34.15142091639831 84.77535871412984 169.68273980703924 -999.0 6231.0 -999.0 -1 -999 {-999.0 -999.0 -999.0 -999.0 -999.0} "" -999.0 -999.0 -999.0 -999.0 -999 -999 "" "" "" "" 0 0 0.0 0.0 -999 ""
FIBERMAP 850 R+3C23 APOGEE 0 0 0 1 0 0 227.68140136076013 51.56669368518994 143.1 -66.70090810605275 223.70756557362813 193.43524 141.0391 -999.0 -999.0 -999.0 -999.0 -999.0 276.2318960208563 -33.95200457261638 276.333114832923 -33.93573516673586 84.90606923545582 165.36433650084004 -999.0 16600.0 -999.0 2 -999 {-999.0 -999.0 -999.0 -999.0 -999.0} "" -999.0 -999.0 -999.0 -999.0 -999 -999 "" "" "" "" 0 0 0.0 0.0 -999 ""
FIBERMAP 850 R+3C23 BOSS 1 1 0 1 0 0 226.93255374526657 52.00369689459405 143.1 -67.08675056717337 222.93115271381467 193.43524 141.0391 276.2304568223288 -33.95430713179585 -3.1197987 -5.981481 0.34223196 276.23046247553253 -33.95432299563062 276.33168453982637 -33.93803814457045 84.90416514666964 165.3841188961671 5400.0 5400.0 2016.0 1 194 {-999.0 16.804768 16.021252 15.731265 -999.0} sdss_psfmag_gaia 16.573565 16.063517 15.377755 14.018 63050395231208258 1034688368 bright_1x1 mwm_yso_disk_boss_single mwm_yso science 0 0 0.0 0.0 -999 ""
FIBERMAP 850 R+3C23 METROLOGY 0 0 0 1 0 0 227.61031578270774 52.31130436023365 143.1 -67.43905794904752 223.58676236874402 193.43524 141.0391 -999.0 -999.0 -999.0 -999.0 -999.0 276.22918006028556 -33.95230458750105 276.3303969430831 -33.936028882162624 84.90638613856605 165.3896984908279 -999.0 6231.0 -999.0 -1 -999 {-999.0 -999.0 -999.0 -999.0 -999.0} "" -999.0 -999.0 -999.0 -999.0 -999 -999 "" "" "" "" 0 0 0.0 0.0 -999 ""
FIBERMAP 853 R+1C21 APOGEE 0 0 0 1 0 0 189.96091282087252 18.27397840512857 143.1 -30.957344219174725 188.30334861517278 69.80077 24.003965 -999.0 -999.0 -999.0 -999.0 -999.0 276.36169253065634 -34.05911403680491 276.4632483770381 -34.042477807533714 84.77385401813247 164.535528153573 -999.0 16600.0 -999.0 2 -999 {-999.0 -999.0 -999.0 -999.0 -999.0} "" -999.0 -999.0 -999.0 -999.0 -999 -999 "" "" "" "" 0 0 0.0 0.0 -999 ""
FIBERMAP 853 R+1C21 BOSS 1 1 0 1 0 0 189.99995582873697 17.515043347740075 143.1 -30.20275621666984 188.3931419195775 69.80077 24.003965 276.3644311172277 -34.05871551755451 6.3161254 -33.680065 2.305225 276.36445002709104 -34.0588116019068 276.4659966935867 -34.042149539272856 84.77352766074586 164.51052430931878 5400.0 5400.0 2016.0 1 243 {-999.0 19.577726 19.75589 19.87797 -999.0} sdss_psfmag_gaia 19.79468 19.655464 19.677824 -999.0 63050395231164552 1143361087 dark_2x1 mwm_wd_pwd_boss_2x1 mwm_wd science 0 0 0.0 0.0 -999 ""
FIBERMAP 853 R+1C21 METROLOGY 0 0 0 1 0 0 189.34074481602718 17.85578005199666 143.1 -30.498556380111964 187.7126098203137 69.80077 24.003965 -999.0 -999.0 -999.0 -999.0 -999.0 276.36334898081685 -34.06083157658639 276.4649056660927 -34.04417706620451 84.77183691920575 164.52631439825726 -999.0 6231.0 -999.0 -1 -999 {-999.0 -999.0 -999.0 -999.0 -999.0} "" -999.0 -999.0 -999.0 -999.0 -999 -999 "" "" "" "" 0 0 0.0 0.0 -999 ""
FIBERMAP 855 R+8C7 APOGEE 0 0 0 1 0 0 -58.706926472254196 150.24834629848507 143.1 -145.97287989701812 -68.63778009782753 302.05408 141.91557 -999.0 -999.0 -999.0 -999.0 -999.0 275.93263977474214 -34.83577327173007 276.0373503072999 -34.820007378953456 84.09939062593125 169.93736088503522 -999.0 16600.0 -999.0 2 -999 {-999.0 -999.0 -999.0 -999.0 -999.0} "" -999.0 -999.0 -999.0 -999.0 -999 -999 "" "" "" "" 0 0 0.0 0.0 -999 ""
FIBERMAP 855 R+8C7 BOSS 1 1 0 1 0 0 -58.772055910956404 149.49911652915068 143.1 -145.22099675644967 -68.6525716871325 302.05408 141.91557 275.93536376953125 -34.83590430235809 -999.0 -999.0 -999.0 275.9353428171751 -34.83588944344327 276.0400474267967 -34.82009476609805 84.09889223937272 169.91635901279878 5400.0 5400.0 2015.5 1 108 {-999.0 -999.0 -999.0 -999.0 -999.0} "" -999.0 -999.0 -999.0 -999.0 27021603147015789 852437108 "" ops_sky_boss_fallback ops_sky sky_boss 0 0 0.0 0.0 -999 ""
FIBERMAP 855 R+8C7 METROLOGY 0 0 0 1 0 0 -59.38386631944804 149.93014720974148 143.1 -145.61006013548518 -69.29185992909024 302.05408 141.91557 -999.0 -999.0 -999.0 -999.0 -999.0 275.93386909882906 -34.83781783159517 276.03858324451403 -34.82203253661205 84.09721243412524 169.93135599070112 -999.0 6231.0 -999.0 -1 -999 {-999.0 -999.0 -999.0 -999.0 -999.0} "" -999.0 -999.0 -999.0 -999.0 -999 -999 "" "" "" "" 0 0 0.0 0.0 -999 ""
FIBERMAP 861 R+12C6 APOGEE 0 0 0 1 0 0 -61.421106303933556 222.56027876671354 143.1 -217.9380024658425 -76.18978339457573 258.80988 60.33195 -999.0 -999.0 -999.0 -999.0 -999.0 275.66773964057086 -34.85617247808585 275.7726576552051 -34.84108379733237 84.11483052340222 172.0583221223824 -999.0 16600.0 -999.0 2 -999 {-999.0 -999.0 -999.0 -999.0 -999.0} "" -999.0 -999.0 -999.0 -999.0 -999 -999 "" "" "" "" 0 0 0.0 0.0 -999 ""
FIBERMAP 861 R+12C6 BOSS 1 1 0 1 0 0 -61.99300265760361 223.06883400154814 143.1 -218.40708726679017 -76.79444185134854 258.80988 60.33195 275.6659718287833 -34.858005845935864 -1.0583221 -3.2108011 0.37511408 275.66596165221944 -34.858016526982084 275.77088363439555 -34.842910002678096 84.11323829292539 172.07498467327264 5400.0 5400.0 2016.0 1 163 {-999.0 18.991592 19.419905 19.695122 -999.0} sdss_psfmag_gaia 19.207035 19.22757 19.460806 -999.0 63050395230740658 1143361397 dark_2x1 mwm_wd_pwd_boss_2x1 mwm_wd science 0 0 0.0 0.0 -999 ""
FIBERMAP 861 R+12C6 METROLOGY 0 0 0 1 0 0 -61.28800974513584 223.2963382227579 143.1 -218.6812983106158 -76.10629751453477 258.80988 60.33195 -999.0 -999.0 -999.0 -999.0 -999.0 275.66493463964866 -34.85592923335375 275.7698502472218 -34.84083219634047 84.11541812665911 172.0801901873731 -999.0 6231.0 -999.0 -1 -999 {-999.0 -999.0 -999.0 -999.0 -999.0} "" -999.0 -999.0 -999.0 -999.0 -999 -999 "" "" "" "" 0 0 0.0 0.0 -999 ""
FIBERMAP 862 R+6C19 APOGEE 1 1 0 1 0 0 162.7066524434472 116.35961783751614 143.1 -126.99348058982997 154.54073388261585 205.3929 89.36086 276.00952148437494 -34.15981046391576 -999.0 -999.0 -999.0 276.0095096728811 -34.159806795280126 276.11161741548165 -34.14404757693768 84.74878673343414 167.90253969358537 16000.0 16600.0 2015.5 2 118 {-999.0 -999.0 -999.0 -999.0 -999.0} "" -999.0 -999.0 -999.0 -999.0 27021603147018311 848144294 "" ops_sky_apogee_best ops_sky sky_apogee 0 0 0.0 0.0 -999 ""
FIBERMAP 862 R+6C19 BOSS 0 0 0 1 0 0 162.36285917743368 117.05134295964965 143.1 -127.66059746339496 154.15138790878834 205.3929 89.36086 -999.0 -999.0 -999.0 -999.0 -999.0 276.00702018684046 -34.160948845994156 276.1091281780102 -34.145176473297916 84.74814155131062 167.92721886583158 -999.0 5400.0 -999.0 1 203 {-999.0 -999.0 -999.0 -999.0 -999.0} "" -999.0 -999.0 -999.0 -999.0 -999 -999 "" "" "" "" 0 0 0.0 0.0 -999 ""
FIBERMAP 862 R+6C19 METROLOGY 0 0 0 1 0 0 163.12116649731033 116.99083279207251 143.1 -127.6510226905237 154.91201845304238 205.3929 89.36086 -999.0 -999.0 -999.0 -999.0 -999.0 276.007060371299 -34.15862338446985 276.1091610826786 -34.142857067561664 84.750397561893 167.92132624062845 -999.0 6231.0 -999.0 -1 -999 {-999.0 -999.0 -999.0 -999.0 -999.0} "" -999.0 -999.0 -999.0 -999.0 -999 -999 "" "" "" "" 0 0 0.0 0.0 -999 ""
FIBERMAP 863 R+9C12 APOGEE 1 1 0 1 0 0 66.45691066883636 162.46383669306508 143.1 -166.5449469255776 55.42218401221944 331.29996 94.748924 275.8610196159424 -34.459017601774924 -2.2629526 -6.5118194 0.09876974 275.8610208613048 -34.45904340872074 275.9643314017569 -34.44357642433213 84.48041981814133 169.82413298763788 16000.0 16600.0 2016.0 2 144 {-999.0 16.227436 14.584911 13.684247 -999.0} sdss_psfmag_gaia 15.448816 14.325248 13.225825 10.745 63050395231055688 1154351293 bright_1x1 mwm_galactic_core_dist_apogee_sparse mwm_galactic science 0 0 0.0 0.0 -999 ""
FIBERMAP 863 R+9C12 BOSS 0 0 0 1 0 0 66.15848130044841 161.75427186764236 143.1 -165.81700997992758 55.171967743170164 331.29996 94.748924 -999.0 -999.0 -999.0 -999.0 -999.0 275.86361099442 -34.45981924920262 275.96691849894955 -34.444324988569626 84.47928444407694 169.80380669483688 -999.0 5400.0 -999.0 1 146 {-999.0 -999.0 -999.0 -999.0 -999.0} "" -999.0 -999.0 -999.0 -999.0 -999 -999 "" "" "" "" 0 0 0.0 0.0 -999 ""
FIBERMAP 863 R+9C12 METROLOGY 0 0 0 1 0 0 65.71210959457599 162.3700951669322 143.1 -166.4015267119107 54.68536187627472 331.29996 94.748924 -999.0 -999.0 -999.0 -999.0 -999.0 275.86142355324245 -34.461267061066984 275.9647389556012 -34.445783769604766 84.47818858838066 169.82499948258953 -999.0 6231.0 -999.0 -1 -999 {-999.0 -999.0 -999.0 -999.0 -999.0} "" -999.0 -999.0 -999.0 -999.0 -999 -999 "" "" "" "" 0 0 0.0 0.0 -999 ""
FIBERMAP 864 R-6C5 APOGEE 1 1 0 1 0 0 -127.26179998477598 -111.23420002127094 143.1 119.50538511396218 -119.52009578519502 346.49316 156.27527 276.9137633582507 -34.99294448740038 -0.7062312 -0.6991083 0.21409589 276.91374673319547 -34.99295050250886 277.0185594668153 -34.97460986975741 83.74773086614694 162.93766286700824 16000.0 16600.0 2016.0 2 294 {-999.0 14.281781 13.048464 12.547009 -999.0} sdss_psfmag_from_g3xp 13.812963 13.029765 12.1644745 10.178 63050396520158012 1153147325 bright_1x1 mwm_galactic_core_dist_apogee_sparse mwm_galactic science 0 0 0.0 0.0 -999 ""
FIBERMAP 864 R-6C5 BOSS 0 0 0 1 0 0 -126.70822721223965 -111.75179200611964 143.1 119.98471350207313 -118.9331137490397 346.49316 156.27527 -999.0 -999.0 -999.0 -999.0 -999.0 276.9155838593645 -34.99123712198969 277.0203800784294 -34.9728699761447 83.7489157888251 162.91964726350488 -999.0 5400.0 -999.0 1 485 {-999.0 -999.0 -999.0 -999.0 -999.0} "" -999.0 -999.0 -999.0 -999.0 -999 -999 "" "" "" "" 0 0 0.0 0.0 -999 ""
FIBERMAP 864 R-6C5 METROLOGY 0 0 0 1 0 0 -127.43181761589061 -111.95626931884352 143.1 120.23719598233492 -119.64135566508651 346.49316 156.27527 -999.0 -999.0 -999.0 -999.0 -999.0 276.91653120628814 -34.99338730345394 277.021337706106 -34.97502338348958 83.74662494064114 162.9190032024119 -999.0 6231.0 -999.0 -1 -999 {-999.0 -999.0 -999.0 -999.0 -999.0} "" -999.0 -999.0 -999.0 -999.0 -999 -999 "" "" "" "" 0 0 0.0 0.0 -999 ""
FIBERMAP 867 R-6C9 APOGEE 0 0 0 1 0 0 -35.218152698663545 -113.69233098466437 143.1 115.79210711281452 -27.521798284997963 346.49518 142.81319 -999.0 -999.0 -999.0 -999.0 -999.0 276.89998449733224 -34.7140681222164 277.00373990551964 -34.69584761988716 84.01581120956345 162.2113618942746 -999.0 16600.0 -999.0 2 -999 {-999.0 -999.0 -999.0 -999.0 -999.0} "" -999.0 -999.0 -999.0 -999.0 -999 -999 "" "" "" "" 0 0 0.0 0.0 -999 ""
FIBERMAP 867 R-6C9 BOSS 1 1 0 1 0 0 -34.73535892281561 -114.26428456973824 143.1 116.33041439353364 -27.00179218688443 346.49518 142.81319 276.902048899799 -34.71247894986965 6.985081 -13.554294 1.7263983 276.90204947577854 -34.71252287682405 277.00578903435496 -34.694276276732495 84.016749441444 162.191177685747 5400.0 5400.0 2016.0 1 371 {-999.0 18.216368 18.387726 18.506365 -999.0} sdss_psfmag_gaia 17.874231 18.289429 17.748428 -999.0 63050396520259043 1143422162 dark_2x1 mwm_wd_pwd_boss_2x1 mwm_wd science 0 0 0.0 0.0 -999 ""
FIBERMAP 867 R-6C9 METROLOGY 0 0 0 1 0 0 -35.472248952925526 -114.39584595278241 143.1 116.5110382277954 -27.728187860645235 346.49518 142.81319 -999.0 -999.0 -999.0 -999.0 -999.0 276.90272928125216 -34.71472350468324 277.00647937450617 -34.696480505251095 84.01448045781073 162.1929067343348 -999.0 6231.0 -999.0 -1 -999 {-999.0 -999.0 -999.0 -999.0 -999.0} "" -999.0 -999.0 -999.0 -999.0 -999 -999 "" "" "" "" 0 0 0.0 0.0 -999 ""
FIBERMAP 873 R+3C16 APOGEE 1 1 0 1 0 0 95.36262810715553 69.64199115569116 143.1 -75.87122158897041 90.47987779517744 88.34273 50.65266 276.19494340296484 -34.35451912544598 -3.4839182 -4.8140354 0.2655271 276.1949161783839 -34.354551155540136 276.2976671846084 -34.33825503167986 84.5242068504331 166.78352987366256 16000.0 16600.0 2016.0 2 71 {-999.0 13.491595 12.399925 11.965983 -999.0} sdss_psfmag_from_g3xp 13.10763 12.403422 11.593745 9.79 63050395231070192 1151996072 bright_1x1 mwm_galactic_core_dist_apogee_sparse mwm_galactic science 0 0 0.0 0.0 -999 ""
FIBERMAP 873 R+3C16 BOSS 0 0 0 1 0 0 95.87207383069835 69.087218959538 143.1 -75.35184184967632 91.02532408642641 88.34273 50.65266 -999.0 -999.0 -999.0 -999.0 -999.0 276.1967963175674 -34.35287770568368 276.2995340314494 -34.33655730295829 84.52548046164482 166.76354384738278 -999.0 5400.0 -999.0 1 228 {-999.0 -999.0 -999.0 -999.0 -999.0} "" -999.0 -999.0 -999.0 -999.0 -999 -999 "" "" "" "" 0 0 0.0 0.0 -999 ""
FIBERMAP 873 R+3C16 METROLOGY 0 0 0 1 0 0 95.15112866932031 68.92486826975124 143.1 -75.14156707162677 90.31689940777916 88.34273 50.65266 -999.0 -999.0 -999.0 -999.0 -999.0 276.1975406364402 -34.35501421406707 276.300287763652 -34.33869689096225 84.52325381086943 166.7626535464813 -999.0 6231.0 -999.0 -1 -999 {-999.0 -999.0 -999.0 -999.0 -999.0} "" -999.0 -999.0 -999.0 -999.0 -999 -999 "" "" "" "" 0 0 0.0 0.0 -999 ""
FIBERMAP 874 R+8C3 APOGEE 1 0 1 1 0 0 -154.04008692729556 162.89847188676535 143.1 -152.20798439795612 -164.60082430676852 10.411697 169.83223 275.96845287510683 -35.11715467892623 -0.82728493 -2.0612214 0.21708722 275.9073036073115 -35.125922908094786 276.0131408633721 -35.11013435378212 83.81758174108779 170.61946238531223 16000.0 16600.0 2016.0 2 16 {-999.0 14.101878 12.821839 12.304648 -999.0} sdss_psfmag_from_g3xp 13.610794 12.797971 11.921393 9.949 63050395230539308 1151995862 bright_1x1 mwm_galactic_core_dist_apogee_sparse mwm_galactic science 0 0 0.0 0.0 -999 ""
FIBERMAP 874 R+8C3 BOSS 0 0 1 1 0 0 -153.29768927554508 162.82343388495735 143.1 -152.18284918531683 -163.85509394232906 10.411697 169.83223 -999.0 -999.0 -999.0 -999.0 -999.0 275.90738277256094 -35.12372539489383 276.013206572135 -35.10791443484434 83.8197583226709 170.61537790680367 -999.0 5400.0 -999.0 1 25 {-999.0 -999.0 -999.0 -999.0 -999.0} "" -999.0 -999.0 -999.0 -999.0 -999 -999 "" "" "" "" 0 0 0.0 0.0 -999 ""
FIBERMAP 874 R+8C3 METROLOGY 0 0 1 1 0 0 -153.73301493450617 162.21478389336465 143.1 -151.54642643808612 -164.24865420928603 10.411697 169.83223 -999.0 -999.0 -999.0 -999.0 -999.0 275.9096937209106 -35.12495504933022 276.01552251141163 -35.10914423297545 83.81821687433741 170.6000440045112 -999.0 6231.0 -999.0 -1 -999 {-999.0 -999.0 -999.0 -999.0 -999.0} "" -999.0 -999.0 -999.0 -999.0 -999 -999 "" "" "" "" 0 0 0.0 0.0 -999 ""
FIBERMAP 876 R+5C22 APOGEE 1 1 0 1 0 0 244.2863757708317 105.46883381249792 143.1 -121.592391066407 236.66386756601906 37.87868 123.28541 276.03233849662973 -33.91237461064312 -4.143096 -5.6438284 0.13297355 276.03232558358667 -33.91239026884695 276.13349381705666 -33.89664717882052 84.98549971510181 167.07316455622455 16000.0 16600.0 2016.0 2 87 {-999.0 14.342548 12.861512 12.126119 -999.0} sdss_psfmag_from_g3xp 13.729175 12.716379 11.722982 9.407 63050395231221006 1155733904 bright_1x1 mwm_galactic_core_dist_apogee_extra mwm_galactic science 0 0 0.0 0.0 -999 ""
FIBERMAP 876 R+5C22 BOSS 0 0 0 1 0 0 244.991924959634 105.25439973473753 143.1 -121.42570943864074 237.38217137878326 37.87868 123.28541 -999.0 -999.0 -999.0 -999.0 -999.0 276.0329665139794 -33.91025406599933 276.1341210984648 -33.89449169082068 84.98747166189132 167.06155887278467 -999.0 5400.0 -999.0 1 260 {-999.0 -999.0 -999.0 -999.0 -999.0} "" -999.0 -999.0 -999.0 -999.0 -999 -999 "" "" "" "" 0 0 0.0 0.0 -999 ""
FIBERMAP 876 R+5C22 METROLOGY 0 0 0 1 0 0 244.43073015022475 104.73328975993122 143.1 -120.86819527361467 236.8571650429937 37.87868 123.28541 -999.0 -999.0 -999.0 -999.0 -999.0 276.0349453815512 -33.91178767004441 276.13610625073227 -33.896024905653995 84.98559285773523 167.04737668634095 -999.0 6231.0 -999.0 -1 -999 {-999.0 -999.0 -999.0 -999.0 -999.0} "" -999.0 -999.0 -999.0 -999.0 -999 -999 "" "" "" "" 0 0 0.0 0.0 -999 ""
FIBERMAP 878 R-3C23 APOGEE 0 0 0 1 0 0 239.99874957836943 -73.20459744343299 143.1 56.96058242737655 244.35496222895597 306.1183 97.83881 -999.0 -999.0 -999.0 -999.0 -999.0 276.68322517984217 -33.89108787377288 276.78399096361045 -33.87367480833948 84.85160409546661 161.15783748981065 -999.0 16600.0 -999.0 2 -999 {-999.0 -999.0 -999.0 -999.0 -999.0} "" -999.0 -999.0 -999.0 -999.0 -999 -999 "" "" "" "" 0 0 0.0 0.0 -999 ""
FIBERMAP 878 R-3C23 BOSS 1 1 0 1 0 0 239.4722553557241 -73.7053948565914 143.1 57.49550586207423 243.86321661058452 306.1183 97.83881 276.6851806640625 -33.89257431845115 -999.0 -999.0 -999.0 276.6851881412868 -33.89257154327955 276.7859505448687 -33.875134800180085 84.84967762319104 161.14632693099335 5400.0 5400.0 2015.5 1 279 {-999.0 -999.0 -999.0 -999.0 -999.0} "" -999.0 -999.0 -999.0 -999.0 27021603147017926 852437638 "" ops_sky_boss_fallback ops_sky sky_boss 0 0 0.0 0.0 -999 ""
FIBERMAP 878 R-3C23 METROLOGY 0 0 0 1 0 0 239.28063802966778 -72.99527945467571 143.1 56.79984674000921 243.62446743511416 306.1183 97.83881 -999.0 -999.0 -999.0 -999.0 -999.0 276.6826634249444 -33.89323506427781 276.78343183555046 -33.87580976594546 84.84975422778477 161.17079050930678 -999.0 6231.0 -999.0 -1 -999 {-999.0 -999.0 -999.0 -999.0 -999.0} "" -999.0 -999.0 -999.0 -999.0 -999 -999 "" "" "" "" 0 0 0.0 0.0 -999 ""
FIBERMAP 879 R0C22 APOGEE 0 0 0 1 0 0 193.2364504052244 -2.8617555795924394 143.1 -10.089256321525976 192.98724851398666 358.34427 108.8531 -999.0 -999.0 -999.0 -999.0 -999.0 276.43809777703194 -34.0451931988977 276.53956330316 -34.02836441752301 84.76917841899373 163.8263171951566 -999.0 16600.0 -999.0 2 -999 {-999.0 -999.0 -999.0 -999.0 -999.0} "" -999.0 -999.0 -999.0 -999.0 -999 -999 "" "" "" "" 0 0 0.0 0.0 -999 ""
FIBERMAP 879 R0C22 BOSS 1 1 0 1 0 0 193.4467501845884 -3.597086230501039 143.1 -9.369690979916891 193.2463266290467 358.34427 108.8531 276.44073486328125 -34.04437370641189 -999.0 -999.0 -999.0 276.4407368403279 -34.044379335296945 276.5421910221469 -34.02752524088879 84.76933990004746 163.80077878203753 5400.0 5400.0 2015.5 1 255 {-999.0 -999.0 -999.0 -999.0 -999.0} "" -999.0 -999.0 -999.0 -999.0 27021603147018476 852437778 "" ops_sky_boss_fallback ops_sky sky_boss 0 0 0.0 0.0 -999 ""
FIBERMAP 879 R0C22 METROLOGY 0 0 0 1 0 0 192.72032899891954 -3.403158304696402 143.1 -9.514515075400455 192.50857210447228 358.34427 108.8531 -999.0 -999.0 -999.0 -999.0 -999.0 276.440193796988 -34.04657218052733 276.54165844845954 -34.029724131271735 84.76736825129841 163.8125013321019 -999.0 6231.0 -999.0 -1 -999 {-999.0 -999.0 -999.0 -999.0 -999.0} "" -999.0 -999.0 -999.0 -999.0 -999 -999 "" "" "" "" 0 0 0.0 0.0 -999 ""
FIBERMAP 881 R+5C5 APOGEE 1 0 1 1 0 0 -144.37673962400416 104.69406437105513 143.1 -94.78370721806722 -151.06054122817457 10.442617 167.61195 276.09309415164995 -35.13672992902558 -0.74730575 -4.06509 0.16545025 276.11987124225254 -35.086753973391396 276.2254517906922 -35.070429178647686 83.82366597640123 168.9648526017408 16000.0 16600.0 2016.0 2 27 {-999.0 14.611215 13.57369 13.132094 -999.0} sdss_psfmag_from_g3xp 14.25425 13.565632 12.76049 10.969 63050395230529269 1151995839 bright_1x1 mwm_galactic_core_dist_apogee_sparse mwm_galactic science 0 0 0.0 0.0 -999 ""
FIBERMAP 881 R+5C5 BOSS 0 0 1 1 0 0 -143.63393362432976 104.67062017248062 143.1 -94.81007544221701 -150.3178596022599 10.442617 167.61195 -999.0 -999.0 -999.0 -999.0 -999.0 276.11975150115995 -35.08458353183896 276.225317959143 -35.068236994376996 83.82583421725033 168.96168092781136 -999.0 5400.0 -999.0 1 43 {-999.0 -999.0 -999.0 -999.0 -999.0} "" -999.0 -999.0 -999.0 -999.0 -999 -999 "" "" "" "" 0 0 0.0 0.0 -999 ""
FIBERMAP 881 R+5C5 METROLOGY 0 0 1 1 0 0 -144.0348529736133 104.02919133943087 143.1 -94.14325344705722 -150.67489628180803 10.442617 167.61195 -999.0 -999.0 -999.0 -999.0 -999.0 276.1221965831854 -35.085692774907685 276.22776771988663 -35.06934603059395 83.82433820112682 168.94554605147252 -999.0 6231.0 -999.0 -1 -999 {-999.0 -999.0 -999.0 -999.0 -999.0} "" -999.0 -999.0 -999.0 -999.0 -999 -999 "" "" "" "" 0 0 0.0 0.0 -999 ""
FIBERMAP 882 R-1C8 APOGEE 0 0 0 1 0 0 -119.52494800802377 -9.15601299994087 143.1 17.141833688287566 -118.63888876311334 51.656013 134.45395 -999.0 -999.0 -999.0 -999.0 -999.0 276.53491612969447 -34.990384991156674 276.6399159058233 -34.97302011260082 83.83883081661963 165.68129314181988 -999.0 16600.0 -999.0 2 -999 {-999.0 -999.0 -999.0 -999.0 -999.0} "" -999.0 -999.0 -999.0 -999.0 -999 -999 "" "" "" "" 0 0 0.0 0.0 -999 ""
FIBERMAP 882 R-1C8 BOSS 1 1 0 1 0 0 -118.77327913030209 -9.067916021201844 143.1 17.00358508398069 -117.89483637812491 51.656013 134.45395 276.5344409255038 -34.98820248316738 -2.1847641 -3.6482494 1.0312346 276.5344295436358 -34.98821318888414 276.63941378779657 -34.97082790048142 83.84105388847303 165.67959925689476 5400.0 5400.0 2016.0 1 459 {-999.0 18.98638 19.399391 19.663046 -999.0} sdss_psfmag_gaia 19.176893 19.213585 19.404676 -999.0 63050396520177672 1143422153 dark_2x1 mwm_wd_pwd_boss_2x1 mwm_wd science 0 0 0.0 0.0 -999 ""
FIBERMAP 882 R-1C8 METROLOGY 0 0 0 1 0 0 -119.07942425535123 -9.756851416323073 143.1 17.71145653064316 -118.15413271880836 51.656013 134.45395 -999.0 -999.0 -999.0 -999.0 -999.0 276.53704954139766 -34.98900943809296 276.6420375978706 -34.971623485331556 83.8397186908132 165.66223106576336 -999.0 6231.0 -999.0 -1 -999 {-999.0 -999.0 -999.0 -999.0 -999.0} "" -999.0 -999.0 -999.0 -999.0 -999 -999 "" "" "" "" 0 0 0.0 0.0 -999 ""
FIBERMAP 883 R+4C1 APOGEE 1 1 0 1 0 0 -262.01918759717097 79.17584361193363 143.1 -61.44310367469774 -266.7251571305878 193.0 98.02177 276.24165394135207 -35.43597290318086 1.786505 -0.27840522 0.26793873 276.2416526228347 -35.43597184663083 276.3485210418363 -35.41922711967071 83.46161320729713 168.72926516499425 16000.0 16600.0 2016.0 2 2 {-999.0 13.948903 12.748741 12.247173 -999.0} sdss_psfmag_from_g3xp 13.502919 12.72477 11.86625 9.937 63050396519913006 1153147240 bright_1x1 mwm_galactic_core_dist_apogee_sparse mwm_galactic science 0 0 0.0 0.0 -999 ""
FIBERMAP 883 R+4C1 BOSS 0 0 0 1 0 0 -262.30586570576776 79.86239203566782 143.1 -62.108881679483126 -267.05717149018153 193.0 98.02177 -999.0 -999.0 -999.0 -999.0 -999.0 276.2391881256158 -35.436965096504856 276.3460553370642 -35.42020238142586 83.46108067070395 168.74831375218105 -999.0 5400.0 -999.0 1 2 {-999.0 -999.0 -999.0 -999.0 -999.0} "" -999.0 -999.0 -999.0 -999.0 -999 -999 "" "" "" "" 0 0 0.0 0.0 -999 ""
FIBERMAP 883 R+4C1 METROLOGY 0 0 0 1 0 0 -261.5532281898024 79.7500715103044 143.1 -62.047234956083436 -266.2987271518984 193.0 98.02177 -999.0 -999.0 -999.0 -999.0 -999.0 276.23940944027896 -35.43473791524304 276.346269686647 -35.41798212452066 83.46321510799034 168.74272975044263 -999.0 6231.0 -999.0 -1 -999 {-999.0 -999.0 -999.0 -999.0 -999.0} "" -999.0 -999.0 -999.0 -999.0 -999 -999 "" "" "" "" 0 0 0.0 0.0 -999 ""
FIBERMAP 884 R+2C18 APOGEE 0 0 0 1 0 0 113.3866344351467 57.45401225013479 143.1 -64.91844010888892 109.27920477283587 126.09606 69.4419 -999.0 -999.0 -999.0 -999.0 -999.0 276.23558902422684 -34.29772965796202 276.33810527332093 -34.281345954645666 84.57112965209154 166.29523598899218 -999.0 16600.0 -999.0 2 -999 {-999.0 -999.0 -999.0 -999.0 -999.0} "" -999.0 -999.0 -999.0 -999.0 -999 -999 "" "" "" "" 0 0 0.0 0.0 -999 ""
FIBERMAP 884 R+2C18 BOSS 1 1 0 1 0 0 114.23742341678661 57.62195660861504 143.1 -65.14299374288706 110.11680230165517 126.09606 69.4419 276.2347412109375 -34.29515683022842 -999.0 -999.0 -999.0 276.2347512456505 -34.29515319440976 276.337252006884 -34.27875270947215 84.57381683850906 166.29557763256125 5400.0 5400.0 2015.5 1 208 {-999.0 -999.0 -999.0 -999.0 -999.0} "" -999.0 -999.0 -999.0 -999.0 27021603147018096 852437681 "" ops_sky_boss_fallback ops_sky sky_boss 0 0 0.0 0.0 -999 ""
FIBERMAP 884 R+2C18 METROLOGY 0 0 0 1 0 0 113.92748625887907 56.937313574346405 143.1 -64.43915084337368 109.85343504457826 126.09606 69.4419 -999.0 -999.0 -999.0 -999.0 -999.0 276.2373196137875 -34.295943945310704 276.3398238282564 -34.279542189703925 84.5725194154042 166.27592071989437 -999.0 6231.0 -999.0 -1 -999 {-999.0 -999.0 -999.0 -999.0 -999.0} "" -999.0 -999.0 -999.0 -999.0 -999 -999 "" "" "" "" 0 0 0.0 0.0 -999 ""
FIBERMAP 888 R-5C14 APOGEE 1 1 0 1 0 0 47.84177663994658 -101.85241914779694 143.1 98.41520931940117 54.55548502258749 176.97314 146.39346 276.83570488904326 -34.46500674123166 -0.40839657 -3.4233787 0.1667879 276.8357184326668 -34.46499993915104 276.93856247794963 -34.44702038744887 84.26850611578965 161.91079874866733 16000.0 16600.0 2016.0 2 196 {-999.0 13.206063 12.11779 11.6375065 -999.0} sdss_psfmag_from_g3xp 12.824819 12.09411 11.262307 9.385 63050396520279223 1153147484 bright_1x1 mwm_galactic_core_dist_apogee_sparse mwm_galactic science 0 0 0.0 0.0 -999 ""
FIBERMAP 888 R-5C14 BOSS 0 0 0 1 0 0 47.23804487406723 -101.40954926389473 143.1 98.01379257998333 53.923463908294714 176.97314 146.39346 -999.0 -999.0 -999.0 -999.0 -999.0 276.8343169237348 -34.46690885760919 276.93716032447196 -34.44891199912844 84.26710043055385 161.92796365827564 -999.0 5400.0 -999.0 1 271 {-999.0 -999.0 -999.0 -999.0 -999.0} "" -999.0 -999.0 -999.0 -999.0 -999 -999 "" "" "" "" 0 0 0.0 0.0 -999 ""
FIBERMAP 888 R-5C14 METROLOGY 0 0 0 1 0 0 47.915118862923535 -101.10436596594793 143.1 97.66394992546913 54.57854947417911 176.97314 146.39346 -999.0 -999.0 -999.0 -999.0 -999.0 276.83303700362217 -34.46490950357368 276.93587594217297 -34.44692231217902 84.2693277883154 161.93142553386892 -999.0 6231.0 -999.0 -1 -999 {-999.0 -999.0 -999.0 -999.0 -999.0} "" -999.0 -999.0 -999.0 -999.0 -999 -999 "" "" "" "" 0 0 0.0 0.0 -999 ""
FIBERMAP 889 R-7C3 APOGEE 1 1 0 1 0 0 -171.41642220586346 -124.6686130904398 143.1 135.8669655452161 -162.67402949211723 94.033134 129.37022 276.97401179505727 -35.12316486881884 23.662502 -19.073103 6.8741107 276.97412181764184 -35.123253518560496 277.07940253072263 -35.10471798954101 83.60856177016841 162.87903458831866 16000.0 16600.0 2016.0 2 245 {-999.0 13.419726 12.415838 12.071426 -999.0} sdss_psfmag_from_g3xp 13.071728 12.466299 11.713251 10.183 63050396520050557 1076261510 bright_1x1 mwm_snc_ext_main_apogee mwm_snc science 0 0 0.0 0.0 -999 ""
FIBERMAP 889 R-7C3 BOSS 0 0 0 1 0 0 -170.80673768034214 -124.21312343764464 143.1 135.37167375854656 -162.09624831825016 94.033134 129.37022 -999.0 -999.0 -999.0 -999.0 -999.0 276.97234083576694 -35.121575933598095 277.07760681355603 -35.10302269799348 83.61063316571455 162.88677159748417 -999.0 5400.0 -999.0 1 502 {-999.0 -999.0 -999.0 -999.0 -999.0} "" -999.0 -999.0 -999.0 -999.0 -999 -999 "" "" "" "" 0 0 0.0 0.0 -999 ""
FIBERMAP 889 R-7C3 METROLOGY 0 0 0 1 0 0 -170.73011593128703 -124.9639303083582 143.1 136.11563480360238 -161.96950650471862 94.033134 129.37022 -999.0 -999.0 -999.0 -999.0 -999.0 276.9751126494869 -35.12120033848187 277.0803783260495 -35.10264654983675 83.61027660374323 162.86636864324325 -999.0 6231.0 -999.0 -1 -999 {-999.0 -999.0 -999.0 -999.0 -999.0} "" -999.0 -999.0 -999.0 -999.0 -999 -999 "" "" "" "" 0 0 0.0 0.0 -999 ""
FIBERMAP 890 R+11C6 APOGEE 1 1 0 1 0 0 -39.142845034048946 223.6123871425501 143.1 -220.4800816945529 -54.032832494919674 79.133484 58.697544 275.65921404364406 -34.7889712208082 2.7487156 -7.026885 0.5306756 275.6591927643493 -34.78901952597825 275.76385785814523 -34.773973254512526 84.18227302312394 172.0313896169722 16000.0 16600.0 2016.0 2 146 {-999.0 12.298588 11.021903 10.508636 -999.0} sdss_psfmag_from_g3xp 11.802486 11.001993 10.129177 8.138 63050395230748173 1151995672 bright_1x1 mwm_galactic_core_dist_apogee_sparse mwm_galactic science 0 0 0.0 0.0 -999 ""
FIBERMAP 890 R+11C6 BOSS 0 0 0 1 0 0 -38.598654832801344 223.1240609821356 143.1 -220.02932383781368 -53.45717207481637 79.133484 58.697544 -999.0 -999.0 -999.0 -999.0 -999.0 275.66082356319055 -34.78732452533936 275.7654774531858 -34.772252952966454 84.18377791568966 172.0158998419294 -999.0 5400.0 -999.0 1 149 {-999.0 -999.0 -999.0 -999.0 -999.0} "" -999.0 -999.0 -999.0 -999.0 -999 -999 "" "" "" "" 0 0 0.0 0.0 -999 ""
FIBERMAP 890 R+11C6 METROLOGY 0 0 0 1 0 0 -39.32531454445434 222.8885781548409 143.1 -219.74570098162314 -54.16639930485182 79.133484 58.697544 -999.0 -999.0 -999.0 -999.0 -999.0 275.6617941857178 -34.789484310718144 275.7664569787386 -34.77441569604951 84.18151995049524 172.0112051443807 -999.0 6231.0 -999.0 -1 -999 {-999.0 -999.0 -999.0 -999.0 -999.0} "" -999.0 -999.0 -999.0 -999.0 -999 -999 "" "" "" "" 0 0 0.0 0.0 -999 ""
FIBERMAP 892 R-3C17 APOGEE 0 0 0 1 0 0 118.31336114780964 -49.94046696424431 143.1 41.900968291323096 121.38880880384971 69.92897 63.164917 -999.0 -999.0 -999.0 -999.0 -999.0 276.6280283480896 -34.26213609469121 276.7302132578682 -34.24475254278522 84.51519816674633 162.91612095711216 -999.0 16600.0 -999.0 2 -999 {-999.0 -999.0 -999.0 -999.0 -999.0} "" -999.0 -999.0 -999.0 -999.0 -999 -999 "" "" "" "" 0 0 0.0 0.0 -999 ""
FIBERMAP 892 R-3C17 BOSS 1 1 0 1 0 0 118.84059297640337 -50.49276337252212 143.1 42.41668643988231 121.95183477032168 69.92897 63.164917 276.62995706010054 -34.26037284796136 -1.6712004 -7.939197 -2.0718734 276.62995665041876 -34.26039328304443 276.7321262669707 -34.242985729588476 84.51638563768215 162.89464594613037 5400.0 5400.0 2016.0 1 298 {-999.0 16.333424 15.86126 15.705632 -999.0} sdss_psfmag_gaia 15.585119 15.8933115 14.719231 13.764 63050395231001195 1093496840 bright_1x1 mwm_astar_core_boss_single mwm_ob science 0 0 0.0 0.0 -999 ""
FIBERMAP 892 R-3C17 METROLOGY 0 0 0 1 0 0 118.1100355176456 -50.660298128417196 143.1 42.632777362172504 121.23416699564116 69.92897 63.164917 -999.0 -999.0 -999.0 -999.0 -999.0 276.6307508116911 -34.26255052318947 276.73293034235235 -34.24514581049859 84.51412596382129 162.89506871274304 -999.0 6231.0 -999.0 -1 -999 {-999.0 -999.0 -999.0 -999.0 -999.0} "" -999.0 -999.0 -999.0 -999.0 -999 -999 "" "" "" "" 0 0 0.0 0.0 -999 ""
FIBERMAP 893 R+11C7 APOGEE 1 1 0 1 0 0 -39.17922489614589 194.63873255330265 143.1 -191.57009883024796 -52.12824833271358 301.6617 59.1882 275.76534755865833 -34.78428079434088 1.6539385 -4.2780924 0.34973648 275.765351425859 -34.784296092159934 275.8699469719228 -34.76897732538459 84.17366052100954 171.17507977240524 16000.0 16600.0 2016.0 2 130 {-999.0 13.9206295 12.566856 11.976491 -999.0} sdss_psfmag_from_g3xp 13.383401 12.503985 11.586934 9.547 63050395230746509 1151995667 bright_1x1 mwm_galactic_core_dist_apogee_sparse mwm_galactic science 0 0 0.0 0.0 -999 ""
FIBERMAP 893 R+11C7 BOSS 0 0 0 1 0 0 -39.94966969226811 194.59776343884892 143.1 -191.47761280208852 -52.89419078674366 301.6617 59.1882 -999.0 -999.0 -999.0 -999.0 -999.0 275.7656043697099 -34.786655402428615 275.8702044610875 -34.771313668479856 84.17132100071784 171.17678229335573 -999.0 5400.0 -999.0 1 117 {-999.0 -999.0 -999.0 -999.0 -999.0} "" -999.0 -999.0 -999.0 -999.0 -999 -999 "" "" "" "" 0 0 0.0 0.0 -999 ""
FIBERMAP 893 R+11C7 METROLOGY 0 0 0 1 0 0 -39.57853321465854 195.27113825850117 143.1 -192.1743128045172 -52.56900901472245 301.6617 59.1882 -999.0 -999.0 -999.0 -999.0 -999.0 275.7630219599384 -34.78564724631284 275.8676206941924 -34.77031860435221 84.17264893792081 171.19580553116438 -999.0 6231.0 -999.0 -1 -999 {-999.0 -999.0 -999.0 -999.0 -999.0} "" -999.0 -999.0 -999.0 -999.0 -999 -999 "" "" "" "" 0 0 0.0 0.0 -999 ""
FIBERMAP 900 R-5C6 APOGEE 0 0 0 1 0 0 -127.59990601861155 -76.17244356407743 143.1 84.54627748949234 -122.206139859017 165.69696 37.412697 -999.0 -999.0 -999.0 -999.0 -999.0 276.78446764367726 -35.00130215825898 276.8893800871331 -34.98329159085398 83.7717100915496 163.88946311446787 -999.0 16600.0 -999.0 2 -999 {-999.0 -999.0 -999.0 -999.0 -999.0} "" -999.0 -999.0 -999.0 -999.0 -999 -999 "" "" "" "" 0 0 0.0 0.0 -999 ""
FIBERMAP 900 R-5C6 BOSS 1 1 0 1 0 0 -126.79775882844393 -75.91399287679572 143.1 84.23468243954905 -121.42313595518222 165.69696 37.412697 276.7834034907564 -34.99900963799834 -5.9238844 -1.603914 0.1784873 276.78337255235505 -34.999008738915016 276.8882683218394 -34.98097933931101 83.77418838400031 163.89117101824792 5400.0 5400.0 2016.0 1 484 {-999.0 16.220322 15.579752 15.353555 -999.0} sdss_psfmag_gaia 16.047882 15.622226 15.003421 13.775 63050396520162855 1071775320 dark_flexible_2x1 mwm_halo_vmp_xp_boss mwm_halo science 0 0 0.0 0.0 -999 ""
FIBERMAP 900 R-5C6 METROLOGY 0 0 0 1 0 0 -127.00142113060889 -76.62112391313289 143.1 84.95384291315688 -121.57896442067727 165.69696 37.412697 -999.0 -999.0 -999.0 -999.0 -999.0 276.7860423971079 -34.99948537429903 276.8909409889168 -34.98145529152208 83.77308496423748 163.8731872020657 -999.0 6231.0 -999.0 -1 -999 {-999.0 -999.0 -999.0 -999.0 -999.0} "" -999.0 -999.0 -999.0 -999.0 -999 -999 "" "" "" "" 0 0 0.0 0.0 -999 ""
FIBERMAP 909 R+1C23 APOGEE 0 0 0 1 0 0 196.80284307332153 27.43339708498238 143.1 -40.5541897675577 194.51609855088827 188.80855 76.41964 -999.0 -999.0 -999.0 -999.0 -999.0 276.32671351029137 -34.04026261704751 276.4282160509948 -34.0237221992293 84.7999684590433 164.7847239222867 -999.0 16600.0 -999.0 2 -999 {-999.0 -999.0 -999.0 -999.0 -999.0} "" -999.0 -999.0 -999.0 -999.0 -999 -999 "" "" "" "" 0 0 0.0 0.0 -999 ""
FIBERMAP 909 R+1C23 BOSS 1 1 0 1 0 0 196.8752541779532 28.168424469346803 143.1 -41.29239071120431 194.5391065780067 188.80855 76.41964 276.3240051269531 -34.04015339272921 -999.0 -999.0 -999.0 276.3240077463123 -34.04014925036335 276.42550469484434 -34.023597081972866 84.80071049386902 164.80816988358868 5400.0 5400.0 2015.5 1 190 {-999.0 -999.0 -999.0 -999.0 -999.0} "" -999.0 -999.0 -999.0 -999.0 27021603147018524 852437789 "" ops_sky_boss_fallback ops_sky sky_boss 0 0 0.0 0.0 -999 ""
FIBERMAP 909 R+1C23 METROLOGY 0 0 0 1 0 0 197.47743478749686 27.75654447544389 143.1 -40.92178924411075 195.16750413104663 188.80855 76.41964 -999.0 -999.0 -999.0 -999.0 -999.0 276.32536698237135 -34.03822511112338 276.4268578829567 -34.0216753448369 84.80224695422362 164.79040723780426 -999.0 6231.0 -999.0 -1 -999 {-999.0 -999.0 -999.0 -999.0 -999.0} "" -999.0 -999.0 -999.0 -999.0 -999 -999 "" "" "" "" 0 0 0.0 0.0 -999 ""
FIBERMAP 911 R+5C9 APOGEE 1 1 0 1 0 0 -59.569035481206264 118.30223059894831 143.1 -114.04190437150203 -67.35792243605451 169.33286 28.449242 276.0504410096221 -34.8327312829332 -2.5504916 -5.5203285 1.0482008 276.0504418111987 -34.832758947621436 276.15508256914984 -34.816690207076135 84.08383530816367 169.01007520796614 16000.0 16600.0 2016.0 2 43 {-999.0 11.896918 11.729202 11.733512 -999.0} sdss_psfmag_from_g3xp 11.912416 11.725298 11.405957 10.923 63050395230600824 975028526 "" ops_std_apogee ops_std standard_apogee 0 0 0.0 0.0 -999 ""
FIBERMAP 911 R+5C9 BOSS 0 0 0 1 0 0 -58.86428785233157 118.49989233408442 143.1 -114.28632458937933 -66.6680237410583 169.33286 28.449242 -999.0 -999.0 -999.0 -999.0 -999.0 276.0494934076171 -34.83071449858648 276.15412132392214 -34.8146270698838 84.08601570026562 169.01350902844476 -999.0 5400.0 -999.0 1 77 {-999.0 -999.0 -999.0 -999.0 -999.0} "" -999.0 -999.0 -999.0 -999.0 -999 -999 "" "" "" "" 0 0 0.0 0.0 -999 ""
FIBERMAP 911 R+5C9 METROLOGY 0 0 0 1 0 0 -59.020167680968015 117.79123996649155 143.1 -113.56884709789666 -66.77607684692737 169.33286 28.449242 -999.0 -999.0 -999.0 -999.0 -999.0 276.05212279832034 -34.83106105818483 276.156752284234 -34.814972909165036 84.0852382148617 168.99366562135546 -999.0 6231.0 -999.0 -1 -999 {-999.0 -999.0 -999.0 -999.0 -999.0} "" -999.0 -999.0 -999.0 -999.0 -999 -999 "" "" "" "" 0 0 0.0 0.0 -999 ""
FIBERMAP 913 R-2C5 APOGEE 1 1 0 1 0 0 -166.14483676693365 -20.858915232589023 143.1 31.940996795014893 -164.36845412800437 132.06932 15.337673 276.5891555598245 -35.128526304056756 45.29743 -112.448296 16.09044 276.58931080770947 -35.128865687981694 276.69481439174683 -35.11131869074534 83.69356762112146 165.6192830079941 16000.0 16600.0 2016.0 2 287 {-999.0 14.827784 13.435813 12.442201 -999.0} sdss_psfmag_from_g3xp 14.259087 13.114354 12.028318 10.022 63050396520145497 984813568 bright_1x1 mwm_snc_100pc_apogee mwm_snc science 0 0 0.0 0.0 -999 ""
FIBERMAP 913 R-2C5 BOSS 0 0 0 1 0 0 -165.50887709964627 -21.2616300600431 143.1 32.30019122333323 -163.7069685445874 132.06932 15.337673 -999.0 -999.0 -999.0 -999.0 -999.0 276.5906715733445 -35.126954279371766 276.6961594035936 -35.10938151556442 83.69514293786854 165.60494001084774 -999.0 5400.0 -999.0 1 471 {-999.0 -999.0 -999.0 -999.0 -999.0} "" -999.0 -999.0 -999.0 -999.0 -999 -999 "" "" "" "" 0 0 0.0 0.0 -999 ""
FIBERMAP 913 R-2C5 METROLOGY 0 0 0 1 0 0 -166.17597890173226 -21.607882780542905 143.1 32.690341578217385 -164.34935352733197 132.06932 15.337673 -999.0 -999.0 -999.0 -999.0 -999.0 276.59211462234947 -35.12891120656136 276.6976114113289 -35.11134060132731 83.69293859814682 165.59925585975424 -999.0 6231.0 -999.0 -1 -999 {-999.0 -999.0 -999.0 -999.0 -999.0} "" -999.0 -999.0 -999.0 -999.0 -999 -999 "" "" "" "" 0 0 0.0 0.0 -999 ""
FIBERMAP 915 R+5C16 APOGEE 1 1 0 1 0 0 96.54503673867092 111.45338614928463 143.1 -117.66642311918629 88.85873570030894 121.453514 102.01595 276.0414323157776 -34.358741564117224 -3.0438209 -1.7417496 0.14463189 276.0414272174419 -34.35875420472105 276.14426983740725 -34.342852418277914 84.54891433835937 168.0892134438979 16000.0 16600.0 2016.0 2 68 {-999.0 13.704771 12.222727 11.332323 -999.0} sdss_psfmag_from_g3xp 13.085702 11.961158 10.91271 8.57 63050395231054097 1151996001 bright_1x1 mwm_galactic_core_dist_apogee_sparse mwm_galactic science 0 0 0.0 0.0 -999 ""
FIBERMAP 915 R+5C16 BOSS 0 0 0 1 0 0 97.08215341276063 111.9794567537008 143.1 -118.2272736542194 89.35938653787899 121.453514 102.01595 -999.0 -999.0 -999.0 -999.0 -999.0 276.03932758274533 -34.35720632535742 276.14215997109034 -34.34129045545294 84.55081914498847 168.10351953963524 -999.0 5400.0 -999.0 1 222 {-999.0 -999.0 -999.0 -999.0 -999.0} "" -999.0 -999.0 -999.0 -999.0 -999 -999 "" "" "" "" 0 0 0.0 0.0 -999 ""
FIBERMAP 915 R+5C16 METROLOGY 0 0 0 1 0 0 97.25424405953083 111.2373620898324 143.1 -117.49840018773732 89.58079580778423 121.453514 102.01595 -999.0 -999.0 -999.0 -999.0 -999.0 276.0419911495426 -34.35653282319316 276.1448212092399 -34.34061595071205 84.55099712467026 168.07938692988327 -999.0 6231.0 -999.0 -1 -999 {-999.0 -999.0 -999.0 -999.0 -999.0} "" -999.0 -999.0 -999.0 -999.0 -999 -999 "" "" "" "" 0 0 0.0 0.0 -999 ""
FIBERMAP 922 R-1C18 APOGEE 1 1 0 1 0 0 107.58449687609198 -3.384580577658191 143.1 -3.8299893824004196 107.56574858829327 98.29906 83.85838 276.4599609375 -34.303623211251605 -999.0 -999.0 -999.0 276.459955148095 -34.30365047440788 276.56238155632457 -34.286687036245574 84.51641754887139 164.43228630618168 16000.0 16600.0 2015.5 2 212 {-999.0 -999.0 -999.0 -999.0 -999.0} "" -999.0 -999.0 -999.0 -999.0 27021603147017692 848144277 "" ops_sky_apogee_best ops_sky sky_apogee 0 0 0.0 0.0 -999 ""
FIBERMAP 922 R-1C18 BOSS 0 0 0 1 0 0 108.33603617388398 -3.4782725404545687 143.1 -3.786855149864282 108.32184932799935 98.29906 83.85838 -999.0 -999.0 -999.0 -999.0 -999.0 276.4601275598686 -34.30132008130576 276.56253801328967 -34.28433717402672 84.51863384082624 164.4240009949105 -999.0 5400.0 -999.0 1 301 {-999.0 -999.0 -999.0 -999.0 -999.0} "" -999.0 -999.0 -999.0 -999.0 -999 -999 "" "" "" "" 0 0 0.0 0.0 -999 ""
FIBERMAP 922 R-1C18 METROLOGY 0 0 0 1 0 0 107.8744893436566 -4.066992504731935 143.1 -3.1685604576704494 107.90079264977483 98.29906 83.85838 -999.0 -999.0 -999.0 -999.0 -999.0 276.46239239585395 -34.3025863258656 276.5648084839645 -34.285602790874016 84.51688707107718 164.40894201899172 -999.0 6231.0 -999.0 -1 -999 {-999.0 -999.0 -999.0 -999.0 -999.0} "" -999.0 -999.0 -999.0 -999.0 -999 -999 "" "" "" "" 0 0 0.0 0.0 -999 ""
FIBERMAP 923 R+4C16 APOGEE 0 0 0 1 0 0 78.99130367204904 80.36772646377382 143.1 -85.4758053532262 73.42741427554627 146.7103 133.71985 -999.0 -999.0 -999.0 -999.0 -999.0 276.1591952574963 -34.40611014627631 276.2621589434825 -34.389890447335446 84.48104655912269 167.20915139488145 -999.0 16600.0 -999.0 2 -999 {-999.0 -999.0 -999.0 -999.0 -999.0} "" -999.0 -999.0 -999.0 -999.0 -999 -999 "" "" "" "" 0 0 0.0 0.0 -999 ""
FIBERMAP 923 R+4C16 BOSS 1 1 0 1 0 0 78.8344959974978 81.10334725131254 143.1 -86.19924348721575 73.22168677759487 146.7103 133.71985 276.1564636230469 -34.40669935096159 -999.0 -999.0 -999.0 276.15648151544326 -34.40670299983605 276.2594429079204 -34.39046996865831 84.48100853278162 167.23321887140492 5400.0 5400.0 2015.5 1 219 {-999.0 -999.0 -999.0 -999.0 -999.0} "" -999.0 -999.0 -999.0 -999.0 27021603147017386 852437501 "" ops_sky_boss_fallback ops_sky sky_boss 0 0 0.0 0.0 -999 ""
FIBERMAP 923 R+4C16 METROLOGY 0 0 0 1 0 0 79.55250901228112 80.86224318026689 143.1 -86.00678764279427 73.9542125416677 146.7103 133.71985 -999.0 -999.0 -999.0 -999.0 -999.0 276.1571959295597 -34.40447089095504 276.26015018617636 -34.38824241062373 84.4830373585103 167.22189081799567 -999.0 6231.0 -999.0 -1 -999 {-999.0 -999.0 -999.0 -999.0 -999.0} "" -999.0 -999.0 -999.0 -999.0 -999 -999 "" "" "" "" 0 0 0.0 0.0 -999 ""
FIBERMAP 924 R-11C4 APOGEE 1 0 1 1 0 0 -100.21629936798404 -205.77280527110975 143.1 212.01656486859162 -86.20337246151601 10.846215 170.03668 277.25039874187735 -34.92585316441756 -2.754479 -8.570234 0.088625625 277.2544884888886 -34.89073397814697 277.3587295980451 -34.87154837088372 83.75072501985012 160.20661299894954 16000.0 16600.0 2016.0 2 178 {-999.0 14.822701 13.721318 13.241452 -999.0} sdss_psfmag_from_g3xp 14.436051 13.699659 12.865245 10.95 63050396520102103 1153147367 bright_1x1 mwm_galactic_core_dist_apogee_sparse mwm_galactic science 0 0 0.0 0.0 -999 ""
FIBERMAP 924 R-11C4 BOSS 0 0 1 1 0 0 -99.47357530394608 -205.7401129615538 143.1 211.9341937107849 -85.46453304476461 10.846215 170.03668 -999.0 -999.0 -999.0 -999.0 -999.0 277.25423181451043 -34.88853614755439 277.3584543428901 -34.869329974371205 83.75287535862665 160.20119021774155 -999.0 5400.0 -999.0 1 424 {-999.0 -999.0 -999.0 -999.0 -999.0} "" -999.0 -999.0 -999.0 -999.0 -999 -999 "" "" "" "" 0 0 0.0 0.0 -999 ""
FIBERMAP 924 R-11C4 METROLOGY 0 0 1 1 0 0 -99.81801881024228 -206.40713150761277 143.1 212.6227638395394 -85.76350854310955 10.846215 170.03668 -999.0 -999.0 -999.0 -999.0 -999.0 277.25680089312016 -34.889433681125944 277.36102839098703 -34.87022683552456 83.75127630834794 160.1860710000094 -999.0 6231.0 -999.0 -1 -999 {-999.0 -999.0 -999.0 -999.0 -999.0} "" -999.0 -999.0 -999.0 -999.0 -999 -999 "" "" "" "" 0 0 0.0 0.0 -999 ""
FIBERMAP 926 R+12C11 APOGEE 0 0 0 1 0 0 71.82378207876332 248.04419946251505 143.1 -252.28955717056073 55.04397076013749 94.12546 95.2299 -999.0 -999.0 -999.0 -999.0 -999.0 275.54768812970434 -34.457767934375525 275.651144660995 -34.44310979832729 84.52301151201988 172.48308049276383 -999.0 16600.0 -999.0 2 -999 {-999.0 -999.0 -999.0 -999.0 -999.0} "" -999.0 -999.0 -999.0 -999.0 -999 -999 "" "" "" "" 0 0 0.0 0.0 -999 ""
FIBERMAP 926 R+12C11 BOSS 1 1 0 1 0 0 72.59120521249083 248.16086237282167 143.1 -252.45736187075264 55.801827886340114 94.12546 95.2299 275.5471168825091 -34.45546157097918 -2.7961686 -8.058464 0.041078385 275.54710964136126 -34.45548933427393 275.65055434401165 -34.440813024918576 84.5253536098034 172.48479455104737 5400.0 5400.0 2016.0 1 107 {-999.0 15.282108 15.379625 15.462334 -999.0} sdss_psfmag_gaia 15.336033 15.303338 15.115583 14.87 63050395230835221 1068530428 bright_1x1 mwm_ob_core_boss_single mwm_ob science 0 0 0.0 0.0 -999 ""
FIBERMAP 926 R+12C11 METROLOGY 0 0 0 1 0 0 72.29689302078317 247.46483407406214 143.1 -251.74320636624267 55.55481261790221 94.12546 95.2299 -999.0 -999.0 -999.0 -999.0 -999.0 275.54964048452507 -34.456242489949254 275.65308781201634 -34.44156518681321 84.52431858054281 172.46420361269307 -999.0 6231.0 -999.0 -1 -999 {-999.0 -999.0 -999.0 -999.0 -999.0} "" -999.0 -999.0 -999.0 -999.0 -999 -999 "" "" "" "" 0 0 0.0 0.0 -999 ""
FIBERMAP 928 R-10C10 APOGEE 0 0 0 1 0 0 42.151773900787724 -199.15660277557285 143.1 195.87853621809808 55.39665704953826 38.588047 51.2447 -999.0 -999.0 -999.0 -999.0 -999.0 277.1932771070144 -34.46207348547268 277.29592315852096 -34.443175454002194 84.16793632279001 159.1603855527081 -999.0 16600.0 -999.0 2 -999 {-999.0 -999.0 -999.0 -999.0 -999.0} "" -999.0 -999.0 -999.0 -999.0 -999 -999 "" "" "" "" 0 0 0.0 0.0 -999 ""
FIBERMAP 928 R-10C10 BOSS 1 1 0 1 0 0 42.18743913411507 -199.89706817267657 143.1 196.61492297189415 55.48184304474232 38.588047 51.2447 277.19604492187494 -34.461819488454736 -999.0 -999.0 -999.0 277.19604121792713 -34.461815096697315 277.29867480119003 -34.44288975388889 84.16734442832781 159.13864487169434 5400.0 5400.0 2015.5 1 403 {-999.0 -999.0 -999.0 -999.0 -999.0} "" -999.0 -999.0 -999.0 -999.0 27021603184480432 853925197 "" ops_sky_boss_fallback ops_sky sky_boss 0 0 0.0 0.0 -999 ""
FIBERMAP 928 R-10C10 METROLOGY 0 0 0 1 0 0 41.51096761798134 -199.5424337291159 143.1 196.3064130223365 54.7831588462661 38.588047 51.2447 -999.0 -999.0 -999.0 -999.0 -999.0 277.194957759356 -34.463920202590685 277.2976027134381 -34.44500274783965 84.16572149360576 159.15454774177252 -999.0 6231.0 -999.0 -1 -999 {-999.0 -999.0 -999.0 -999.0 -999.0} "" -999.0 -999.0 -999.0 -999.0 -999 -999 "" "" "" "" 0 0 0.0 0.0 -999 ""
FIBERMAP 929 R-3C18 APOGEE 1 1 0 1 0 0 136.02103266806034 -45.90635328871669 143.1 36.689861452387966 138.78584065916593 77.64304 78.77899 276.6089554803455 -34.209418820855184 2.6277049 -2.0752378 0.16490857 276.6089765722636 -34.20942083241364 276.7109727445154 -34.19210231052008 84.57018574483703 162.9030701539093 16000.0 16600.0 2016.0 2 217 {-999.0 14.29256 13.063174 12.543727 -999.0} sdss_psfmag_from_g3xp 13.824093 13.0339155 12.15708 10.139 63050395231004349 1151995975 bright_1x1 mwm_galactic_core_dist_apogee_sparse mwm_galactic science 0 0 0.0 0.0 -999 ""
FIBERMAP 929 R-3C18 BOSS 0 0 0 1 0 0 136.71095484609532 -46.19341122803583 143.1 36.930048055868376 139.49341802887332 77.64304 78.77899 -999.0 -999.0 -999.0 -999.0 -999.0 276.6098886394816 -34.20723674010966 276.7118684703614 -34.18989716530965 84.5720512061484 162.88837989180053 -999.0 5400.0 -999.0 1 309 {-999.0 -999.0 -999.0 -999.0 -999.0} "" -999.0 -999.0 -999.0 -999.0 -999 -999 "" "" "" "" 0 0 0.0 0.0 -999 ""
FIBERMAP 929 R-3C18 METROLOGY 0 0 0 1 0 0 136.10486732468235 -46.64913833735812 143.1 37.425335801917335 138.91924155857436 77.64304 78.77899 -999.0 -999.0 -999.0 -999.0 -999.0 276.611706024388 -34.20895733972472 276.71369357180333 -34.191618049114005 84.56994601338161 162.87887494335766 -999.0 6231.0 -999.0 -1 -999 {-999.0 -999.0 -999.0 -999.0 -999.0} "" -999.0 -999.0 -999.0 -999.0 -999 -999 "" "" "" "" 0 0 0.0 0.0 -999 ""
FIBERMAP 931 R+4C2 APOGEE 0 0 0 1 0 0 -233.86705361694257 74.36993088262076 143.1 -58.53400568973279 -238.3153199704454 171.96922 139.94044 -999.0 -999.0 -999.0 -999.0 -999.0 276.2528199034216 -35.35073216143523 276.35935225245066 -35.33398454492967 83.54305213107754 168.49346578370762 -999.0 16600.0 -999.0 2 -999 {-999.0 -999.0 -999.0 -999.0 -999.0} "" -999.0 -999.0 -999.0 -999.0 -999 -999 "" "" "" "" 0 0 0.0 0.0 -999 ""
FIBERMAP 931 R+4C2 BOSS 1 1 0 1 0 0 -234.37227093800882 74.92731871706154 143.1 -59.056278350580406 -238.85672272291893 171.96922 139.94044 276.2505492361797 -35.35240803661154 -5.3818617 4.3470488 0.11904936 276.25087512026045 -35.35239348100728 276.35740853625975 -35.33562665482207 83.54178676709155 168.51035881016168 5400.0 5400.0 2016.0 1 74 {-999.0 15.038084 14.255159 13.897333 -999.0} sdss_psfmag_from_g3xp 14.803891 14.25298 13.535726 12.043 63050396519945608 1071874537 dark_flexible_2x1 mwm_halo_mp_xp_boss mwm_halo science 0 0 1.058653473854065 0.0 -999 ""
FIBERMAP 931 R+4C2 METROLOGY 0 0 0 1 0 0 -233.655230051191 75.08730734849374 143.1 -59.263934921032124 -238.15203518144702 171.96922 139.94044 -999.0 -999.0 -999.0 -999.0 -999.0 276.2500997214569 -35.35030526850657 276.35662724952215 -35.333547801703986 83.54395376707117 168.51194885765233 -999.0 6231.0 -999.0 -1 -999 {-999.0 -999.0 -999.0 -999.0 -999.0} "" -999.0 -999.0 -999.0 -999.0 -999 -999 "" "" "" "" 0 0 0.0 0.0 -999 ""
FIBERMAP 933 R+1C7 APOGEE 1 1 0 1 0 0 -156.34272832404903 2.28716583007078 143.1 8.191106223524388 -156.1392157614557 290.55838 52.719666 276.5013292723084 -35.103833875051386 3.391825 -8.470707 2.626967 276.5013468192551 -35.103838194835724 276.6067994780848 -35.0865253058928 83.73624814310263 166.19545245899732 16000.0 16600.0 2016.0 2 14 {-999.0 9.975826 9.869481 9.862482 -999.0} sdss_psfmag_gaia 10.008543 9.844291 9.544427 9.069 63050396520173372 975493110 "" ops_std_apogee ops_std standard_apogee 0 0 0.0 0.0 -999 ""
FIBERMAP 933 R+1C7 BOSS 0 0 0 1 0 0 -157.07458438553607 2.493988478422537 143.1 8.03378089748552 -156.8832565501117 290.55838 52.719666 -999.0 -999.0 -999.0 -999.0 -999.0 276.5007664567978 -35.10617566160796 276.60622106891924 -35.08884078666608 83.73412980812176 166.20505541371168 -999.0 5400.0 -999.0 1 21 {-999.0 -999.0 -999.0 -999.0 -999.0} "" -999.0 -999.0 -999.0 -999.0 -999 -999 "" "" "" "" 0 0 0.0 0.0 -999 ""
FIBERMAP 933 R+1C7 METROLOGY 0 0 0 1 0 0 -156.53912783779583 3.0036428252314877 143.1 7.489420371534308 -156.38316236223073 290.55838 52.719666 -999.0 -999.0 -999.0 -999.0 -999.0 276.49875256553497 -35.10467067665175 276.60420450901074 -35.08734790215436 83.73599377072782 166.21619278075894 -999.0 6231.0 -999.0 -1 -999 {-999.0 -999.0 -999.0 -999.0 -999.0} "" -999.0 -999.0 -999.0 -999.0 -999 -999 "" "" "" "" 0 0 0.0 0.0 -999 ""
FIBERMAP 937 R+8C19 APOGEE 1 1 0 1 0 0 191.3932678599206 138.09942755699862 143.1 -150.60533982565516 181.70559374648997 288.51248 56.35083 275.92439646593664 -34.07740954119031 1.5072855 -8.409858 0.1516709 275.92439802374605 -34.07742456619675 276.02623736112423 -34.06190974725469 84.84426989825762 168.46778185356817 16000.0 16600.0 2016.0 2 101 {-999.0 18.359629 17.750368 12.436908 -999.0} sdss_psfmag_gaia 15.947701 12.932314 11.215676 7.695 63050395231141533 1154351330 bright_1x1 mwm_galactic_core_dist_apogee_sparse mwm_galactic science 0 0 0.0 0.0 -999 ""
FIBERMAP 937 R+8C19 BOSS 0 0 0 1 0 0 190.65972535044702 138.28219416638711 143.1 -150.7385510295967 180.96148181861557 288.51248 56.35083 -999.0 -999.0 -999.0 -999.0 -999.0 275.9238612895388 -34.07966082472026 276.02570436139126 -34.06412778883928 84.8421949093449 168.47778948412093 -999.0 5400.0 -999.0 1 175 {-999.0 -999.0 -999.0 -999.0 -999.0} "" -999.0 -999.0 -999.0 -999.0 -999 -999 "" "" "" "" 0 0 0.0 0.0 -999 ""
FIBERMAP 937 R+8C19 METROLOGY 0 0 0 1 0 0 191.18647049534738 138.82158348879847 143.1 -151.31199512772238 181.45089260010013 288.51248 56.35083 -999.0 -999.0 -999.0 -999.0 -999.0 275.9217611919695 -34.07814078248023 276.0236009723699 -34.06261898905541 84.84403700241683 168.49320321695916 -999.0 6231.0 -999.0 -1 -999 {-999.0 -999.0 -999.0 -999.0 -999.0} "" -999.0 -999.0 -999.0 -999.0 -999 -999 "" "" "" "" 0 0 0.0 0.0 -999 ""
FIBERMAP 939 R+2C6 APOGEE 0 0 0 1 0 0 -158.53047225500728 52.80949578953799 143.1 -42.069395605705544 -161.70634705525435 103.95538 109.672226 -999.0 -999.0 -999.0 -999.0 -999.0 276.3149513861545 -35.12004768027977 276.4205616282761 -35.103210011816635 83.75699596176516 167.58983738109998 -999.0 16600.0 -999.0 2 -999 {-999.0 -999.0 -999.0 -999.0 -999.0} "" -999.0 -999.0 -999.0 -999.0 -999 -999 "" "" "" "" 0 0 0.0 0.0 -999 ""
FIBERMAP 939 R+2C6 BOSS 1 1 0 1 0 0 -157.91050233827156 53.24256599166879 143.1 -42.54300809141933 -161.1168021287909 103.95538 109.672226 276.313188057121 -35.11833098636211 -0.93011874 -1.3062724 2.5765898 276.31319031744005 -35.11834314845455 276.4187883130254 -35.10148770745608 83.75900538663267 167.5991867531656 5400.0 5400.0 2016.0 1 49 {-999.0 20.10176 19.801897 19.715961 -999.0} sdss_psfmag_gaia 20.010965 19.812593 19.330702 -999.0 63050396519977779 1144078225 dark_2x1 mwm_wd_gaia_boss_2x1 mwm_wd science 0 0 0.0 0.0 -999 ""
FIBERMAP 939 R+2C6 METROLOGY 0 0 0 1 0 0 -157.8549054284218 52.488391944009294 143.1 -41.79427914479114 -161.01081162268645 103.95538 109.672226 -999.0 -999.0 -999.0 -999.0 -999.0 276.315959096964 -35.11804847685641 276.42155640897045 -35.1011924613671 83.75877247085792 167.578288208023 -999.0 6231.0 -999.0 -1 -999 {-999.0 -999.0 -999.0 -999.0 -999.0} "" -999.0 -999.0 -999.0 -999.0 -999 -999 "" "" "" "" 0 0 0.0 0.0 -999 ""
FIBERMAP 947 R+11C15 APOGEE 0 0 0 1 0 0 131.870590292151 207.9413606571488 143.1 -216.30062321008907 117.64017156115811 214.31918 104.23982 -999.0 -999.0 -999.0 -999.0 -999.0 275.6819649549647 -34.26953552810918 275.7846447057058 -34.25458786226363 84.69260959575949 171.0189261253595 -999.0 16600.0 -999.0 2 -999 {-999.0 -999.0 -999.0 -999.0 -999.0} "" -999.0 -999.0 -999.0 -999.0 -999 -999 "" "" "" "" 0 0 0.0 0.0 -999 ""
FIBERMAP 947 R+11C15 BOSS 1 1 0 1 0 0 131.3155775962132 208.40203816618643 143.1 -216.7230705259693 117.05556546186357 214.31918 104.23982 275.68038145886203 -34.271280103604255 -1.314133 -8.832209 0.4055498 275.68037784987996 -34.27130100798847 275.78306105346564 -34.256337246118605 84.69110017939114 171.0360013564427 5400.0 5400.0 2016.0 1 186 {-999.0 18.862984 19.41771 19.812027 -999.0} sdss_psfmag_gaia 19.125568 19.164303 19.6282 -999.0 63050395231111502 1143361491 dark_2x1 mwm_wd_pwd_boss_2x1 mwm_wd science 0 0 0.0 0.0 -999 ""
FIBERMAP 947 R+11C15 METROLOGY 0 0 0 1 0 0 132.0163766044004 208.67501218747967 143.1 -217.0423666817828 117.73647954225612 214.31918 104.23982 -999.0 -999.0 -999.0 -999.0 -999.0 275.67920418643865 -34.269210057639185 275.78188118451226 -34.25425553336375 84.69331413752386 171.0426909225919 -999.0 6231.0 -999.0 -1 -999 {-999.0 -999.0 -999.0 -999.0 -999.0} "" -999.0 -999.0 -999.0 -999.0 -999 -999 "" "" "" "" 0 0 0.0 0.0 -999 ""
FIBERMAP 949 R+1C19 APOGEE 0 0 0 1 0 0 128.40509570433306 27.77431860926015 143.1 -36.31251964980639 126.25157566635434 28.69644 143.87881 -999.0 -999.0 -999.0 -999.0 -999.0 276.34094839668063 -34.24668205648104 276.4432197113606 -34.23004239587688 84.59809168376721 165.26499291751483 -999.0 16600.0 -999.0 2 -999 {-999.0 -999.0 -999.0 -999.0 -999.0} "" -999.0 -999.0 -999.0 -999.0 -999 -999 "" "" "" "" 0 0 0.0 0.0 -999 ""
FIBERMAP 949 R+1C19 BOSS 1 1 0 1 0 0 129.14718410472466 27.702552783036268 143.1 -36.2906284306154 126.99677828924618 28.69644 143.87881 276.3410230372628 -34.244369276730495 2.9981408 0.22813936 0.5534884 276.3410277629798 -34.24438296837418 276.44328377669854 -34.22772427642491 84.60031005090983 165.25782370545082 5400.0 5400.0 2016.0 1 241 {-999.0 16.614058 16.166826 16.021376 -999.0} sdss_psfmag_gaia 16.527136 16.196432 15.687857 14.871 63050395230947682 981935508 "" ops_std_boss_tic ops_std standard_boss 0 0 0.0 0.0 -999 ""
FIBERMAP 949 R+1C19 METROLOGY 0 0 0 1 0 0 128.69137626644726 27.0832747202403 143.1 -35.6422298062084 126.58349452781431 28.69644 143.87881 -999.0 -999.0 -999.0 -999.0 -999.0 276.34339387923836 -34.245623244759905 276.44565524800976 -34.2289636115693 84.59858848624573 165.2413065321456 -999.0 6231.0 -999.0 -1 -999 {-999.0 -999.0 -999.0 -999.0 -999.0} "" -999.0 -999.0 -999.0 -999.0 -999 -999 "" "" "" "" 0 0 0.0 0.0 -999 ""
FIBERMAP 952 R+4C8 APOGEE 0 0 0 1 0 0 -74.20092033691454 70.5744058382521 143.1 -65.4428218434187 -78.75924056723092 2.9401824 87.51196 -999.0 -999.0 -999.0 -999.0 -999.0 276.22975670241533 -34.86840128438534 276.33444426970425 -34.85185952788959 84.01781916212114 167.69585337282015 -999.0 16600.0 -999.0 2 -999 {-999.0 -999.0 -999.0 -999.0 -999.0} "" -999.0 -999.0 -999.0 -999.0 -999 -999 "" "" "" "" 0 0 0.0 0.0 -999 ""
FIBERMAP 952 R+4C8 BOSS 1 1 0 1 0 0 -74.19067826004698 69.83198969337289 143.1 -64.70278575183491 -78.69928904459346 2.9401824 87.51196 276.23259319356663 -34.86823650410278 -37.411568 -25.026907 2.6117082 276.2324564301267 -34.868298607069924 276.33713601826344 -34.85172803827469 84.01744517365924 167.67492682390494 5400.0 5400.0 2016.0 1 33 {-999.0 18.107504 16.686634 16.009525 -999.0} sdss_psfmag_gaia 17.515642 16.581043 15.598208 13.714 63050395230564751 1075855386 bright_1x1 mwm_erosita_stars_boss mwm_erosita science 0 0 0.0 0.0 -999 ""
FIBERMAP 952 R+4C8 METROLOGY 0 0 0 1 0 0 -74.84783347535017 70.19890402984706 143.1 -65.02484153172324 -79.37952361879566 2.9401824 87.51196 -999.0 -999.0 -999.0 -999.0 -999.0 276.2312435777827 -34.870357630824365 276.33593342253016 -34.85379575948267 84.01565595667385 167.68865574703275 -999.0 6231.0 -999.0 -1 -999 {-999.0 -999.0 -999.0 -999.0 -999.0} "" -999.0 -999.0 -999.0 -999.0 -999 -999 "" "" "" "" 0 0 0.0 0.0 -999 ""
FIBERMAP 953 R+4C11 APOGEE 0 0 0 1 0 0 -11.419629666203043 72.41546262961282 143.1 -71.48525768339626 -16.244525299924806 327.38232 124.077194 -999.0 -999.0 -999.0 -999.0 -999.0 276.20865260666096 -34.678548575136524 276.3126259938839 -34.662118802507194 84.2066198611601 167.4421438859726 -999.0 16600.0 -999.0 2 -999 {-999.0 -999.0 -999.0 -999.0 -999.0} "" -999.0 -999.0 -999.0 -999.0 -999 -999 "" "" "" "" 0 0 0.0 0.0 -999 ""
FIBERMAP 953 R+4C11 BOSS 1 1 0 1 0 0 -11.408220403288393 71.64507770903292 143.1 -70.71739481923777 -16.181535687986777 327.38232 124.077194 276.2113952636719 -34.67841286011708 -999.0 -999.0 -999.0 276.21144145782137 -34.678401726814876 276.3154067656085 -34.66194364211217 84.20626108171254 167.4196987735909 5400.0 5400.0 2015.5 1 118 {-999.0 -999.0 -999.0 -999.0 -999.0} "" -999.0 -999.0 -999.0 -999.0 27021603147017176 852437454 "" ops_sky_boss_fallback ops_sky sky_boss 0 0 0.0 0.0 -999 ""
FIBERMAP 953 R+4C11 METROLOGY 0 0 0 1 0 0 -12.047798028655468 72.00938046402324 143.1 -71.03802246030614 -16.84405783469753 327.38232 124.077194 -999.0 -999.0 -999.0 -999.0 -999.0 276.21023503265593 -34.680403503491554 276.3142103072239 -34.66395391439161 84.20453315453999 167.4337895849323 -999.0 6231.0 -999.0 -1 -999 {-999.0 -999.0 -999.0 -999.0 -999.0} "" -999.0 -999.0 -999.0 -999.0 -999 -999 "" "" "" "" 0 0 0.0 0.0 -999 ""
FIBERMAP 955 R-1C19 APOGEE 0 0 0 1 0 0 121.99034017304528 -8.351626903043003 143.1 0.16070814195740224 122.27145374323722 80.51598 132.74037 -999.0 -999.0 -999.0 -999.0 -999.0 276.4747864040521 -34.2591259249951 276.57703750442977 -34.24213779943806 84.55563554044261 164.17648048313 -999.0 16600.0 -999.0 2 -999 {-999.0 -999.0 -999.0 -999.0 -999.0} "" -999.0 -999.0 -999.0 -999.0 -999 -999 "" "" "" "" 0 0 0.0 0.0 -999 ""
FIBERMAP 955 R-1C19 BOSS 1 1 0 1 0 0 122.59258029397003 -7.941536502178147 143.1 -0.2887892953467796 122.84484869372974 80.51598 132.74037 276.4731401678124 -34.25732417262827 0.3088804 -9.231309 0.1742645 276.47314964581705 -34.25734158708899 276.5753877222394 -34.240338652100625 84.55775154824249 164.1847776501975 5400.0 5400.0 2016.0 1 302 {-999.0 16.327305 15.571615 15.2944145 -999.0} sdss_psfmag_gaia 16.100977 15.614626 14.934695 13.59 63050395231007440 1071903710 dark_flexible_2x1 mwm_halo_mp_xp_boss mwm_halo science 0 0 0.0 0.0 -999 ""
FIBERMAP 955 R-1C19 METROLOGY 0 0 0 1 0 0 122.66142069661682 -8.682004183858517 143.1 0.44537740662035635 122.96313431603055 80.51598 132.74037 -999.0 -999.0 -999.0 -999.0 -999.0 276.47584516103603 -34.256971942379714 276.57808249942786 -34.2399677243023 84.55746399450321 164.16115988878994 -999.0 6231.0 -999.0 -1 -999 {-999.0 -999.0 -999.0 -999.0 -999.0} "" -999.0 -999.0 -999.0 -999.0 -999 -999 "" "" "" "" 0 0 0.0 0.0 -999 ""
FIBERMAP 960 R+13C6 APOGEE 1 1 0 1 0 0 -12.724189872918299 251.0308730669734 143.1 -249.6057345495863 -29.5111600721297 56.740067 42.319427 275.5535723360944 -34.71364134942007 -2.6676104 -5.536179 0.0723245 275.5535481223974 -34.71367972126946 275.6579761201041 -34.698928946938004 84.26880845717395 172.7827414118214 16000.0 16600.0 2016.0 2 51 {-999.0 14.710377 13.550231 13.050558 -999.0} sdss_psfmag_from_g3xp 14.289866 13.523827 12.670993 10.756 63050395230757208 1151995727 bright_1x1 mwm_galactic_core_dist_apogee_sparse mwm_galactic science 0 0 0.0 0.0 -999 ""
FIBERMAP 960 R+13C6 BOSS 0 0 0 1 0 0 -12.576499421211718 250.2970985072124 143.1 -248.883527688279 -29.31465266911324 56.740067 42.319427 -999.0 -999.0 -999.0 -999.0 -999.0 275.55617831242375 -34.71313673872763 275.66059946719315 -34.69835801021562 84.26908560787908 172.76057204342962 -999.0 5400.0 -999.0 1 88 {-999.0 -999.0 -999.0 -999.0 -999.0} "" -999.0 -999.0 -999.0 -999.0 -999 -999 "" "" "" "" 0 0 0.0 0.0 -999 ""
FIBERMAP 960 R+13C6 METROLOGY 0 0 0 1 0 0 -13.293095781685174 250.54153175858065 143.1 -249.07940001542266 -30.045988025658055 56.740067 42.319427 -999.0 -999.0 -999.0 -999.0 -999.0 275.5553779937574 -34.715340466818276 275.659808944474 -34.700569175081846 84.2669814285652 172.7699864037947 -999.0 6231.0 -999.0 -1 -999 {-999.0 -999.0 -999.0 -999.0 -999.0} "" -999.0 -999.0 -999.0 -999.0 -999 -999 "" "" "" "" 0 0 0.0 0.0 -999 ""
FIBERMAP 961 R-2C8 APOGEE 0 0 0 1 0 0 -127.19925627355161 -53.42438172326539 143.1 61.82328090317075 -123.33024660297436 285.08218 39.568188 -999.0 -999.0 -999.0 -999.0 -999.0 276.7003569468142 -35.00474858302207 276.8053263720851 -34.98695342953824 83.7882221121176 164.50745005227623 -999.0 16600.0 -999.0 2 -999 {-999.0 -999.0 -999.0 -999.0 -999.0} "" -999.0 -999.0 -999.0 -999.0 -999 -999 "" "" "" "" 0 0 0.0 0.0 -999 ""
FIBERMAP 961 R-2C8 BOSS 1 1 0 1 0 0 -127.86253523156329 -52.90273420764568 143.1 61.34725521237038 -124.02695618076274 285.08218 39.568188 276.69861239304214 -35.006931526646895 1.2971613 -8.820634 0.31535473 276.69863323545695 -35.00693954607703 276.8036038384438 -34.98912578091615 83.78654195121501 164.52566998904786 5400.0 5400.0 2016.0 1 497 {-999.0 18.15517 17.723848 17.584866 -999.0} sdss_psfmag_gaia 18.073267 17.751776 17.251001 15.737 63050396520151083 976548221 "" ops_std_boss ops_std standard_boss 0 0 0.0 0.0 -999 ""
FIBERMAP 961 R-2C8 METROLOGY 0 0 0 1 0 0 -127.14367207313857 -52.67845370163023 143.1 61.07533139115002 -123.3247572959654 285.08218 39.568188 -999.0 -999.0 -999.0 -999.0 -999.0 276.6976368743608 -35.004819901831254 276.80260217134435 -34.987015693779135 83.78879836531081 164.52738664569395 -999.0 6231.0 -999.0 -1 -999 {-999.0 -999.0 -999.0 -999.0 -999.0} "" -999.0 -999.0 -999.0 -999.0 -999 -999 "" "" "" "" 0 0 0.0 0.0 -999 ""
FIBERMAP 966 R-8C2 APOGEE 0 0 0 1 0 0 -191.3105057281396 -157.5960132457414 143.1 170.05189640975664 -180.3169873125195 184.22879 123.37553 -999.0 -999.0 -999.0 -999.0 -999.0 277.10032435358306 -35.17591203959758 277.20574036130915 -35.15703597465207 83.52582436802034 162.15568422067292 -999.0 16600.0 -999.0 2 -999 {-999.0 -999.0 -999.0 -999.0 -999.0} "" -999.0 -999.0 -999.0 -999.0 -999 -999 "" "" "" "" 0 0 0.0 0.0 -999 ""
FIBERMAP 966 R-8C2 BOSS 1 1 0 1 0 0 -191.79752121037038 -157.04096872715277 143.1 169.5307424171421 -180.8400727834623 184.22879 123.37553 277.0984217991811 -35.17752363397683 0.67934465 -7.3453083 0.3572881 277.0984266927216 -35.17753706410536 277.20384021315954 -35.158642384577554 83.52481554739387 162.17336751853026 5400.0 5400.0 2016.0 1 456 {-999.0 18.292149 17.57487 17.315002 -999.0} sdss_psfmag_gaia 18.124884 17.618336 16.999289 -999.0 63050396520044452 980167702 "" ops_std_boss ops_std standard_boss 0 0 0.0 0.0 -999 ""
FIBERMAP 966 R-8C2 METROLOGY 0 0 0 1 0 0 -191.042918399395 -156.89751826487796 143.1 169.3370700907738 -180.09680116692235 184.22879 123.37553 -999.0 -999.0 -999.0 -999.0 -999.0 277.097747219588 -35.175325167592035 277.20315536255066 -35.156439431393046 83.52708038969426 162.1716616293442 -999.0 6231.0 -999.0 -1 -999 {-999.0 -999.0 -999.0 -999.0 -999.0} "" -999.0 -999.0 -999.0 -999.0 -999 -999 "" "" "" "" 0 0 0.0 0.0 -999 ""
FIBERMAP 968 R0C21 APOGEE 1 1 0 1 0 0 150.03200668737767 8.886892880779076 143.1 -18.916927980559695 149.09436772844433 112.45573 132.24573 276.40513509701424 -34.17773047643224 1.1796019 -4.396049 0.3332638 276.40514209626537 -34.17772944539828 276.50712176102513 -34.160945350561754 84.64995015435564 164.51946358685214 16000.0 16600.0 2016.0 2 83 {-999.0 13.46192 12.07306 11.403797 -999.0} sdss_psfmag_from_g3xp 12.901404 11.961229 11.007516 8.877 63050395231011472 1151996016 bright_1x1 mwm_galactic_core_dist_apogee_sparse mwm_galactic science 0 0 0.0 0.0 -999 ""
FIBERMAP 968 R0C21 BOSS 0 0 0 1 0 0 150.3867112212087 9.55827721477139 143.1 -19.610541299430025 149.40328838742477 112.45573 132.24573 -999.0 -999.0 -999.0 -999.0 -999.0 276.4026004368176 -34.176741373276236 276.5045708208478 -34.159944858564245 84.6515051301391 164.53816163288025 -999.0 5400.0 -999.0 1 254 {-999.0 -999.0 -999.0 -999.0 -999.0} "" -999.0 -999.0 -999.0 -999.0 -999 -999 "" "" "" "" 0 0 0.0 0.0 -999 ""
FIBERMAP 968 R0C21 METROLOGY 0 0 0 1 0 0 150.78004764573376 8.943327451615858 143.1 -19.02334339429028 149.8369214664862 112.45573 132.24573 -999.0 -999.0 -999.0 -999.0 -999.0 276.40475571714614 -34.17541298192344 276.50672195824427 -34.15861678250561 84.65227747144769 164.51582150443116 -999.0 6231.0 -999.0 -1 -999 {-999.0 -999.0 -999.0 -999.0 -999.0} "" -999.0 -999.0 -999.0 -999.0 -999 -999 "" "" "" "" 0 0 0.0 0.0 -999 ""
FIBERMAP 970 R-3C14 APOGEE 1 1 0 1 0 0 17.735093626117692 -71.0135906565528 143.1 69.66352538178222 22.45167106333049 272.2137 50.44089 276.7298806875579 -34.56241841602415 1.927842 -1.4652836 0.14572217 276.7299155051207 -34.5624055613559 276.8331830438701 -34.54466866537883 84.20371991949075 163.0409247517053 16000.0 16600.0 2016.0 2 231 {-999.0 14.448997 12.96687 11.835596 -999.0} sdss_psfmag_from_g3xp 13.83992 12.516647 11.385091 8.766 63050396520272547 1153147453 bright_1x1 mwm_galactic_core_dist_apogee_sparse mwm_galactic science 0 0 0.0 0.0 -999 ""
FIBERMAP 970 R-3C14 BOSS 0 0 0 1 0 0 17.124439399482903 -70.60237307939785 143.1 69.29415244887188 21.81486360115048 272.2137 50.44089 -999.0 -999.0 -999.0 -999.0 -999.0 276.72861228041705 -34.56434582256765 276.83187966827256 -34.5465909833841 84.20222432254367 163.05692268080116 -999.0 5400.0 -999.0 1 340 {-999.0 -999.0 -999.0 -999.0 -999.0} "" -999.0 -999.0 -999.0 -999.0 -999 -999 "" "" "" "" 0 0 0.0 0.0 -999 ""
FIBERMAP 970 R-3C14 METROLOGY 0 0 0 1 0 0 17.7856985419589 -70.27294077057175 143.1 68.92117551363344 22.452546017552457 272.2137 50.44089 -999.0 -999.0 -999.0 -999.0 -999.0 276.72724362583364 -34.56240047700568 276.83050666319866 -34.5446556240464 84.20441459930178 163.06164272884433 -999.0 6231.0 -999.0 -1 -999 {-999.0 -999.0 -999.0 -999.0 -999.0} "" -999.0 -999.0 -999.0 -999.0 -999 -999 "" "" "" "" 0 0 0.0 0.0 -999 ""
FIBERMAP 974 R+9C1 APOGEE 1 1 0 1 0 0 -207.50323289586854 168.66143663609228 143.1 -154.37642201973338 -218.32803251513687 234.59122 75.83138 275.8982431642004 -35.287738344734464 -3.9067895 -0.76797587 0.16557543 275.8982320125834 -35.28774422641328 276.00469868721757 -35.271929969600095 83.65936545478664 170.9361765812957 16000.0 16600.0 2016.0 2 47 {-999.0 14.388363 13.437085 13.031054 -999.0} sdss_psfmag_from_g3xp 14.082482 13.43652 12.663741 10.966 63050395230452913 1151995566 bright_1x1 mwm_galactic_core_dist_apogee_sparse mwm_galactic science 0 0 0.0 0.0 -999 ""
FIBERMAP 974 R+9C1 BOSS 0 0 0 1 0 0 -208.0432954155318 169.2097683247287 143.1 -154.88732499528265 -218.9035943092957 234.59122 75.83138 -999.0 -999.0 -999.0 -999.0 -999.0 275.8963415489807 -35.28947587145411 276.00281094471325 -35.27364246934059 83.65793729255019 170.95254415592152 -999.0 5400.0 -999.0 1 83 {-999.0 -999.0 -999.0 -999.0 -999.0} "" -999.0 -999.0 -999.0 -999.0 -999 -999 "" "" "" "" 0 0 0.0 0.0 -999 ""
FIBERMAP 974 R+9C1 METROLOGY 0 0 0 1 0 0 -207.30717327791268 169.37779433409105 143.1 -155.10427881567992 -218.18040746057687 234.59122 75.83138 -999.0 -999.0 -999.0 -999.0 -999.0 275.89551485854594 -35.28732726556457 276.0019777462147 -35.271503312313804 83.66016045498465 170.95535334438975 -999.0 6231.0 -999.0 -1 -999 {-999.0 -999.0 -999.0 -999.0 -999.0} "" -999.0 -999.0 -999.0 -999.0 -999 -999 "" "" "" "" 0 0 0.0 0.0 -999 ""
FIBERMAP 976 R-8C8 APOGEE 0 0 0 1 0 0 -32.09924139953293 -166.1153368109538 143.1 167.88657122487902 -20.898302181859766 345.6399 87.67817 -999.0 -999.0 -999.0 -999.0 -999.0 277.09171707298356 -34.693587795772636 277.19529394688993 -34.67488047214424 83.98230166497729 160.72555280540513 -999.0 16600.0 -999.0 2 -999 {-999.0 -999.0 -999.0 -999.0 -999.0} "" -999.0 -999.0 -999.0 -999.0 -999 -999 "" "" "" "" 0 0 0.0 0.0 -999 ""
FIBERMAP 976 R-8C8 BOSS 1 1 0 1 0 0 -32.27723724385601 -166.81487051990874 143.1 168.5964323665829 -21.029031680417916 345.6399 87.67817 277.09442138671875 -34.69400672804257 -999.0 -999.0 -999.0 277.09441504549375 -34.69400579219208 277.1979824230964 -34.675270234397935 83.98116030815781 160.70711329327523 5400.0 5400.0 2015.5 1 382 {-999.0 -999.0 -999.0 -999.0 -999.0} "" -999.0 -999.0 -999.0 -999.0 27021603184480325 853925161 "" ops_sky_boss_fallback ops_sky sky_boss 0 0 0.0 0.0 -999 ""
FIBERMAP 976 R-8C8 METROLOGY 0 0 0 1 0 0 -32.82344440915311 -166.30249507994873 143.1 168.1218152151197 -21.608315470523536 345.6399 87.67817 -999.0 -999.0 -999.0 -999.0 -999.0 277.09269869516834 -34.695764025143355 277.19627640304986 -34.677038340356106 83.97999749791359 160.72556117818357 -999.0 6231.0 -999.0 -1 -999 {-999.0 -999.0 -999.0 -999.0 -999.0} "" -999.0 -999.0 -999.0 -999.0 -999 -999 "" "" "" "" 0 0 0.0 0.0 -999 ""
FIBERMAP 977 R+4C7 APOGEE 1 1 0 1 0 0 -106.28926641106005 92.62421863360291 143.1 -85.29279661985653 -112.2514393415681 90.83709 93.49037 276.15570544682726 -34.96949625361695 -2.0608716 -3.9470334 0.12403627 276.1557147723801 -34.96952226628647 276.2608269223714 -34.953140653058426 83.93231543357541 168.46942398323532 16000.0 16600.0 2016.0 2 31 {-999.0 16.039757 14.380278 12.234807 -999.0} sdss_psfmag_from_g3xp 15.317253 12.900435 11.497896 8.068 63050395230550901 1151995712 bright_1x1 mwm_galactic_core_dist_apogee_sparse mwm_galactic science 0 0 0.0 0.0 -999 ""
FIBERMAP 977 R+4C7 BOSS 0 0 0 1 0 0 -105.54710835786904 92.71352018222305 143.1 -85.4316099365037 -111.516956771883 90.83709 93.49037 -999.0 -999.0 -999.0 -999.0 -999.0 276.15517220151037 -34.96736814046624 276.26027042959265 -34.950966314519825 83.93453702429115 168.469252760655 -999.0 5400.0 -999.0 1 52 {-999.0 -999.0 -999.0 -999.0 -999.0} "" -999.0 -999.0 -999.0 -999.0 -999 -999 "" "" "" "" 0 0 0.0 0.0 -999 ""
FIBERMAP 977 R+4C7 METROLOGY 0 0 0 1 0 0 -105.82477208508728 92.02600456012662 143.1 -84.72706292921809 -111.74793180774616 90.83709 93.49037 -999.0 -999.0 -999.0 -999.0 -999.0 276.15776110791927 -34.968089753721024 276.2628624798467 -34.951687343520405 83.933379156579 168.451067742437 -999.0 6231.0 -999.0 -1 -999 {-999.0 -999.0 -999.0 -999.0 -999.0} "" -999.0 -999.0 -999.0 -999.0 -999 -999 "" "" "" "" 0 0 0.0 0.0 -999 ""
FIBERMAP 978 R-1C23 APOGEE 0 0 0 1 0 0 210.28514972042944 -29.3577451900266 143.1 15.20422315965035 211.77195580226694 229.72638 140.44102 -999.0 -999.0 -999.0 -999.0 -999.0 276.5307611099016 -33.98878546136061 276.6319689073821 -33.97173519483873 84.79997474143579 162.8345484311104 -999.0 16600.0 -999.0 2 -999 {-999.0 -999.0 -999.0 -999.0 -999.0} "" -999.0 -999.0 -999.0 -999.0 -999 -999 "" "" "" "" 0 0 0.0 0.0 -999 ""
FIBERMAP 978 R-1C23 BOSS 1 1 0 1 0 0 209.55531837968135 -29.47690089752689 143.1 15.371996778219696 211.0517716834104 229.72638 140.44102 276.5313720703125 -33.990931901112575 -999.0 -999.0 -999.0 276.53138008855495 -33.99092680292833 276.6325882627251 -33.97385573669029 84.79779965261542 162.83644327859344 5400.0 5400.0 2015.5 1 288 {-999.0 -999.0 -999.0 -999.0 -999.0} "" -999.0 -999.0 -999.0 -999.0 27021603147018566 852437800 "" ops_sky_boss_fallback ops_sky sky_boss 0 0 0.0 0.0 -999 ""
FIBERMAP 978 R-1C23 METROLOGY 0 0 0 1 0 0 209.80539749890326 -28.783867134393866 143.1 14.663792052411942 211.2548554025837 229.72638 140.44102 -999.0 -999.0 -999.0 -999.0 -999.0 276.5287946972378 -33.99027203263786 276.6300038031127 -33.973213081368 84.79907700376168 162.85670725969243 -999.0 6231.0 -999.0 -1 -999 {-999.0 -999.0 -999.0 -999.0 -999.0} "" -999.0 -999.0 -999.0 -999.0 -999 -999 "" "" "" "" 0 0 0.0 0.0 -999 ""
FIBERMAP 980 R+4C20 APOGEE 0 0 0 1 0 0 191.36783656876264 95.12124220267921 143.1 -107.72351353413244 184.55923402948815 119.36829 36.373295 -999.0 -999.0 -999.0 -999.0 -999.0 276.0809725151983 -34.069462239902286 276.18270572939923 -34.05354617581239 84.82340092211402 167.0438666509843 -999.0 16600.0 -999.0 2 -999 {-999.0 -999.0 -999.0 -999.0 -999.0} "" -999.0 -999.0 -999.0 -999.0 -999 -999 "" "" "" "" 0 0 0.0 0.0 -999 ""
FIBERMAP 980 R+4C20 BOSS 1 1 0 1 0 0 192.06432309632808 94.82552067294701 143.1 -107.47512283906823 185.27394112570667 119.36829 36.373295 276.0819026827903 -34.06725996309098 -3.7454543 -3.1782386 0.35170016 276.0818809195889 -34.0672871598674 276.1835999698051 -34.051350543691484 84.82535870603384 167.03012426794703 5400.0 5400.0 2016.0 1 213 {-999.0 18.871727 19.227991 19.452066 -999.0} sdss_psfmag_gaia 18.997604 19.065205 19.133896 -999.0 63050395231133678 1143361085 dark_2x1 mwm_wd_pwd_boss_2x1 mwm_wd science 0 0 0.0 0.0 -999 ""
FIBERMAP 980 R+4C20 METROLOGY 0 0 0 1 0 0 191.44865564188765 94.37762503355567 143.1 -106.98700695549064 184.689681967919 119.36829 36.373295 -999.0 -999.0 -999.0 -999.0 -999.0 276.0836227849964 -34.06902321639437 276.1853490698261 -34.053086927393736 84.82332835064715 167.01907892700515 -999.0 6231.0 -999.0 -1 -999 {-999.0 -999.0 -999.0 -999.0 -999.0} "" -999.0 -999.0 -999.0 -999.0 -999 -999 "" "" "" "" 0 0 0.0 0.0 -999 ""
FIBERMAP 981 R-9C12 APOGEE 1 1 0 1 0 0 76.35780459863352 -175.95464485673017 143.1 170.43813152539897 87.9703925589707 51.554 50.132908 277.09960241380134 -34.36357673196576 1.6133124 0.9502102 0.16419132 277.0995896792159 -34.36357573545834 277.20191333656 -34.34494842040861 84.2880477558046 159.5104823348878 16000.0 16600.0 2016.0 2 168 {-999.0 14.380394 13.068762 12.482341 -999.0} sdss_psfmag_from_g3xp 13.868762 13.001335 12.088978 9.967 63050396520289381 1153147528 bright_1x1 mwm_galactic_core_dist_apogee_sparse mwm_galactic science 0 0 0.0 0.0 -999 ""
FIBERMAP 981 R-9C12 BOSS 0 0 0 1 0 0 76.50479990655104 -176.70023273494124 143.1 171.17217131703805 88.16699775236283 51.554 50.132908 -999.0 -999.0 -999.0 -999.0 -999.0 277.10234436382507 -34.36297057852774 277.204654652208 -34.34431644559032 84.28779506420278 159.48700849754493 -999.0 5400.0 -999.0 1 401 {-999.0 -999.0 -999.0 -999.0 -999.0} "" -999.0 -999.0 -999.0 -999.0 -999 -999 "" "" "" "" 0 0 0.0 0.0 -999 ""
FIBERMAP 981 R-9C12 METROLOGY 0 0 0 1 0 0 75.8129452981323 -176.4567654803123 143.1 170.97560538730494 87.460412404991 51.554 50.132908 -999.0 -999.0 -999.0 -999.0 -999.0 277.1016634333369 -34.36509333607243 277.20398481583914 -34.34644594836045 84.28602276472574 159.50010469119056 -999.0 6231.0 -999.0 -1 -999 {-999.0 -999.0 -999.0 -999.0 -999.0} "" -999.0 -999.0 -999.0 -999.0 -999 -999 "" "" "" "" 0 0 0.0 0.0 -999 ""
FIBERMAP 982 R+12C10 APOGEE 0 0 0 1 0 0 54.738426414711384 221.30467801757655 143.1 -224.46653669590685 39.788819863662724 325.46768 100.00823 -999.0 -999.0 -999.0 -999.0 -999.0 275.64842769730416 -34.50479952994371 275.75201462613654 -34.48986715223945 84.46461419205401 171.696785628548 -999.0 16600.0 -999.0 2 -999 {-999.0 -999.0 -999.0 -999.0 -999.0} "" -999.0 -999.0 -999.0 -999.0 -999 -999 "" "" "" "" 0 0 0.0 0.0 -999 ""
FIBERMAP 982 R+12C10 BOSS 1 1 0 1 0 0 54.415644431056876 220.58329312779134 143.1 -223.72517532773233 39.515098344285484 325.46768 100.00823 275.6510925292969 -34.50565890270482 -999.0 -999.0 -999.0 275.6510811991378 -34.50566444322141 275.7546662651131 -34.4907044136898 84.4634515557227 171.67573026658874 5400.0 5400.0 2015.5 1 160 {-999.0 -999.0 -999.0 -999.0 -999.0} "" -999.0 -999.0 -999.0 -999.0 27021603147016789 852437356 "" ops_sky_boss_fallback ops_sky sky_boss 0 0 0.0 0.0 -999 ""
FIBERMAP 982 R+12C10 METROLOGY 0 0 0 1 0 0 53.99673267066831 221.2077831939612 143.1 -224.320178532763 39.055309200410555 325.46768 100.00823 -999.0 -999.0 -999.0 -999.0 -999.0 275.648843226285 -34.507025775347486 275.75243564237906 -34.49207692645754 84.46237734204568 171.69674075480663 -999.0 6231.0 -999.0 -1 -999 {-999.0 -999.0 -999.0 -999.0 -999.0} "" -999.0 -999.0 -999.0 -999.0 -999 -999 "" "" "" "" 0 0 0.0 0.0 -999 ""
FIBERMAP 987 R-13C12 APOGEE 1 1 0 1 0 0 79.58186296952407 -259.086590798605 143.1 253.16442407827546 96.75591977649901 282.90723 4.469759 277.4011523829513 -34.33646047234742 -5.8857527 -1.7901489 0.090672724 277.4011276883901 -34.3364458308037 277.5031896697377 -34.317051979864615 84.21634259938834 157.11523022684605 16000.0 16600.0 2016.0 2 160 {-999.0 15.408767 13.997322 13.328089 -999.0} sdss_psfmag_gaia 14.844168 13.896509 12.938663 10.73 63050396520929358 1155462758 bright_1x1 mwm_galactic_core_dist_apogee_sparse mwm_galactic science 0 0 0.0 0.0 -999 ""
FIBERMAP 987 R-13C12 BOSS 0 0 0 1 0 0 79.33980102162656 -258.36687129082696 143.1 252.462561937494 96.46619772008403 282.90723 4.469759 -999.0 -999.0 -999.0 -999.0 -999.0 277.39858927239254 -34.33734983582974 277.5006451911156 -34.3179424297963 84.2163959470885 157.1378733268375 -999.0 5400.0 -999.0 1 350 {-999.0 -999.0 -999.0 -999.0 -999.0} "" -999.0 -999.0 -999.0 -999.0 -999 -999 "" "" "" "" 0 0 0.0 0.0 -999 ""
FIBERMAP 987 R-13C12 METROLOGY 0 0 0 1 0 0 80.06553371327644 -258.5150531464242 143.1 252.5617904615492 97.20020089353505 282.90723 4.469759 -999.0 -999.0 -999.0 -999.0 -999.0 277.3989809526031 -34.33510726791624 277.50103128696514 -34.31570515448125 84.21830385746894 157.12585223925163 -999.0 6231.0 -999.0 -1 -999 {-999.0 -999.0 -999.0 -999.0 -999.0} "" -999.0 -999.0 -999.0 -999.0 -999 -999 "" "" "" "" 0 0 0.0 0.0 -999 ""
FIBERMAP 992 R-2C20 APOGEE 0 0 0 1 0 0 151.84772259162173 -56.762518626482176 143.1 46.46106150711052 155.30364957035337 294.335 70.99573 -999.0 -999.0 -999.0 -999.0 -999.0 276.6448507500973 -34.15951538687229 276.74664111726963 -34.14211966755389 84.60833687035323 162.4391374427576 -999.0 16600.0 -999.0 2 -999 {-999.0 -999.0 -999.0 -999.0 -999.0} "" -999.0 -999.0 -999.0 -999.0 -999 -999 "" "" "" "" 0 0 0.0 0.0 -999 ""
FIBERMAP 992 R-2C20 BOSS 1 1 0 1 0 0 151.106048580828 -56.82813281219674 143.1 46.57620908300579 154.56806317460072 294.335 70.99573 276.6452953907108 -34.16171106152996 -2.5718532 -4.034385 0.43315718 276.64530180918103 -34.161697156747394 276.7470923450587 -34.14428042100396 84.60616979175745 162.44269984711522 5400.0 5400.0 2016.0 1 304 {-999.0 18.321253 17.911875 17.781788 -999.0} sdss_psfmag_gaia 18.070839 17.937342 17.272093 -999.0 63050395231021438 979951042 "" ops_std_boss ops_std standard_boss 0 0 0.0 0.0 -999 ""
FIBERMAP 992 R-2C20 METROLOGY 0 0 0 1 0 0 151.41920633007877 -56.14943459440393 143.1 45.87808169548555 154.8350419047511 294.335 70.99573 -999.0 -999.0 -999.0 -999.0 -999.0 276.642748448183 -34.160860885786576 276.7445393561311 -34.143456416851734 84.60762398925132 162.46121634993196 -999.0 6231.0 -999.0 -1 -999 {-999.0 -999.0 -999.0 -999.0 -999.0} "" -999.0 -999.0 -999.0 -999.0 -999 -999 "" "" "" "" 0 0 0.0 0.0 -999 ""
FIBERMAP 998 R+3C8 APOGEE 0 0 0 1 0 0 -116.47418228919896 71.88092824554498 143.1 -63.9145708901944 -121.02356932880991 198.76433 42.28905 -999.0 -999.0 -999.0 -999.0 -999.0 276.2346666050451 -34.99654215572695 276.33984276196315 -34.97994885885264 83.89202152585447 167.92873859201904 -999.0 16600.0 -999.0 2 -999 {-999.0 -999.0 -999.0 -999.0 -999.0} "" -999.0 -999.0 -999.0 -999.0 -999 -999 "" "" "" "" 0 0 0.0 0.0 -999 ""
FIBERMAP 998 R+3C8 BOSS 1 1 0 1 0 0 -116.10441340613562 72.53829905937418 143.1 -64.5952117907552 -120.69867995797465 198.76433 42.28905 276.23209293675995 -34.99562276194166 2.4133012 -0.13193904 2.1993663 276.23212079480874 -34.99562445868561 276.337288470868 -34.979015633302375 83.89339804116847 167.94595822936716 5400.0 5400.0 2016.0 1 53 {-999.0 20.072075 19.868155 19.820995 -999.0} sdss_psfmag_gaia 19.873707 19.862595 19.299269 -999.0 63050395230551857 1143876722 dark_2x1 mwm_wd_gaia_boss_2x1 mwm_wd science 0 0 0.0 0.0 -999 ""
FIBERMAP 998 R+3C8 METROLOGY 0 0 0 1 0 0 -115.72651871454275 71.90323062049467 143.1 -63.98690670683265 -120.27910567311221 198.76433 42.28905 -999.0 -999.0 -999.0 -999.0 -999.0 276.2343696966191 -34.994372133868055 276.3395331953126 -34.977764235292845 83.89420764708616 167.92647886327958 -999.0 6231.0 -999.0 -1 -999 {-999.0 -999.0 -999.0 -999.0 -999.0} "" -999.0 -999.0 -999.0 -999.0 -999 -999 "" "" "" "" 0 0 0.0 0.0 -999 ""
FIBERMAP 1001 R+8C12 APOGEE 0 0 0 1 0 0 24.573047036895343 149.13554890954788 143.1 -150.4413627294332 14.526718642245166 255.88321 41.253292 -999.0 -999.0 -999.0 -999.0 -999.0 275.9186782439965 -34.58344093695267 276.02243306904575 -34.567787551104345 84.34938158751284 169.5831773203747 -999.0 16600.0 -999.0 2 -999 {-999.0 -999.0 -999.0 -999.0 -999.0} "" -999.0 -999.0 -999.0 -999.0 -999 -999 "" "" "" "" 0 0 0.0 0.0 -999 ""
FIBERMAP 1001 R+8C12 BOSS 1 1 0 1 0 0 24.211982260753256 149.7930734204302 143.1 -151.0732000464927 14.122431589700886 255.88321 41.253292 275.91626437288573 -34.584646239887334 2.0585482 -4.6118484 0.44099647 275.9162685357644 -34.58466530248403 276.0200242580256 -34.5689969301004 84.34857513076248 169.60530280734451 5400.0 5400.0 2016.0 1 145 {-999.0 16.665302 16.220013 16.075352 -999.0} sdss_psfmag_gaia 16.521444 16.249418 15.68424 14.833 63050395230774586 979950762 "" ops_std_boss ops_std standard_boss 0 0 0.0 0.0 -999 ""
FIBERMAP 1001 R+8C12 METROLOGY 0 0 0 1 0 0 24.955753351071213 149.77822619550562 143.1 -151.10821027799997 14.86550021198291 255.88321 41.253292 -999.0 -999.0 -999.0 -999.0 -999.0 275.91614184048234 -34.58240253399032 276.01989041929016 -34.56674108329967 84.35081028698153 169.60201058295823 -999.0 6231.0 -999.0 -1 -999 {-999.0 -999.0 -999.0 -999.0 -999.0} "" -999.0 -999.0 -999.0 -999.0 -999 -999 "" "" "" "" 0 0 0.0 0.0 -999 ""
FIBERMAP 1002 R+12C5 APOGEE 0 0 0 1 0 0 -74.90387029660118 249.85242498349248 143.1 -244.26469609302455 -91.47002446835819 154.47487 70.442726 -999.0 -999.0 -999.0 -999.0 -999.0 275.57070722074536 -34.90127646042085 275.675845009246 -34.88642454991221 84.08102510508142 172.88484115810866 -999.0 16600.0 -999.0 2 -999 {-999.0 -999.0 -999.0 -999.0 -999.0} "" -999.0 -999.0 -999.0 -999.0 -999 -999 "" "" "" "" 0 0 0.0 0.0 -999 ""
FIBERMAP 1002 R+12C5 BOSS 1 1 0 1 0 0 -74.39439056839848 250.37258859340872 143.1 -244.8178017735956 -90.99655182139857 154.47487 70.442726 275.5686950683593 -34.89983801181107 -999.0 -999.0 -999.0 275.5686959735914 -34.89984479388292 275.67382566738763 -34.88497647421808 84.08267903996561 172.89891338795005 5400.0 5400.0 2015.5 1 164 {-999.0 -999.0 -999.0 -999.0 -999.0} "" -999.0 -999.0 -999.0 -999.0 27021603147016091 852437182 "" ops_sky_boss_fallback ops_sky sky_boss 0 0 0.0 0.0 -999 ""
FIBERMAP 1002 R+12C5 METROLOGY 0 0 0 1 0 0 -74.18125269088456 249.65923592400807 143.1 -244.12035438459594 -90.73611434018756 154.47487 70.442726 -999.0 -999.0 -999.0 -999.0 -999.0 275.57120250794617 -34.89909874737624 275.676329137601 -34.88423043015294 84.0831475306073 172.87821181980274 -999.0 6231.0 -999.0 -1 -999 {-999.0 -999.0 -999.0 -999.0 -999.0} "" -999.0 -999.0 -999.0 -999.0 -999 -999 "" "" "" "" 0 0 0.0 0.0 -999 ""
FIBERMAP 1003 R-2C13 APOGEE 0 0 0 1 0 0 -5.77637844774668 -51.33566381995927 143.1 51.60547885625008 -2.3243360364702284 249.5063 112.09643 -999.0 -999.0 -999.0 -999.0 -999.0 276.6632480589057 -34.637588397437014 276.7668352853267 -34.62000025473701 84.1485007114044 163.77904976587243 -999.0 16600.0 -999.0 2 -999 {-999.0 -999.0 -999.0 -999.0 -999.0} "" -999.0 -999.0 -999.0 -999.0 -999 -999 "" "" "" "" 0 0 0.0 0.0 -999 ""
FIBERMAP 1003 R-2C13 BOSS 1 1 0 1 0 0 -6.530325671194194 -51.369342162837526 143.1 51.689585612180025 -3.074306952734434 249.5063 112.09643 276.6635739776483 -34.639875107263705 6.7395024 -6.6952815 0.8728971 276.6636023092017 -34.6398893340247 276.7671901673948 -34.62227858352071 84.1462383704788 163.78294645928727 5400.0 5400.0 2016.0 1 420 {-999.0 19.515871 19.860535 20.077063 -999.0} sdss_psfmag_gaia 19.740974 19.702242 19.859377 -999.0 63050396520216912 1143422155 dark_2x1 mwm_wd_pwd_boss_2x1 mwm_wd science 0 0 0.0 0.0 -999 ""
FIBERMAP 1003 R-2C13 METROLOGY 0 0 0 1 0 0 -6.188017003736449 -50.71112245542146 143.1 51.00993725402738 -2.7768720074664635 249.5063 112.09643 -999.0 -999.0 -999.0 -999.0 -999.0 276.66109827092487 -34.63897758741187 276.76468620513924 -34.621379511638665 84.14770819790132 163.7996279766464 -999.0 6231.0 -999.0 -1 -999 {-999.0 -999.0 -999.0 -999.0 -999.0} "" -999.0 -999.0 -999.0 -999.0 -999 -999 "" "" "" "" 0 0 0.0 0.0 -999 ""
FIBERMAP 1005 R+8C16 APOGEE 0 0 0 1 0 0 142.0545922361202 165.37804373153892 143.1 -174.51662609264343 130.65215925809764 50.48245 120.33025 -999.0 -999.0 -999.0 -999.0 -999.0 275.8349444733229 -34.23113550811393 275.9374057143373 -34.21580482501779 84.70828636238522 169.59861727235136 -999.0 16600.0 -999.0 2 -999 {-999.0 -999.0 -999.0 -999.0 -999.0} "" -999.0 -999.0 -999.0 -999.0 -999 -999 "" "" "" "" 0 0 0.0 0.0 -999 ""
FIBERMAP 1005 R+8C16 BOSS 1 1 0 1 0 0 142.7959561394549 165.28515081498944 143.1 -174.47360745602126 131.3980542940435 50.48245 120.33025 275.8351135253906 -34.22886632781257 -999.0 -999.0 -999.0 275.83509609167885 -34.228874125249604 275.93754414344255 -34.213524245753796 84.71050310448425 169.59267517118752 5400.0 5400.0 2015.5 1 210 {-999.0 -999.0 -999.0 -999.0 -999.0} "" -999.0 -999.0 -999.0 -999.0 27021603147018232 852437716 "" ops_sky_boss_fallback ops_sky sky_boss 0 0 0.0 0.0 -999 ""
FIBERMAP 1005 R+8C16 METROLOGY 0 0 0 1 0 0 142.3275005047619 164.68161046574593 143.1 -173.8400633887748 130.97109735986263 50.48245 120.33025 -999.0 -999.0 -999.0 -999.0 -999.0 275.8373563209017 -34.230151462223645 275.9398093915147 -34.214800886165335 84.70889187566443 169.57538059345524 -999.0 6231.0 -999.0 -1 -999 {-999.0 -999.0 -999.0 -999.0 -999.0} "" -999.0 -999.0 -999.0 -999.0 -999 -999 "" "" "" "" 0 0 0.0 0.0 -999 ""
FIBERMAP 1007 R+12C9 APOGEE 0 0 0 1 0 0 5.195707317213312 226.87576751129285 143.1 -226.70615758300156 -10.014053351034773 236.31519 73.67161 -999.0 -999.0 -999.0 -999.0 -999.0 275.63808899441625 -34.655519707614644 275.7422544706858 -34.64056835150848 84.31683792890664 172.01008735387444 -999.0 16600.0 -999.0 2 -999 {-999.0 -999.0 -999.0 -999.0 -999.0} "" -999.0 -999.0 -999.0 -999.0 -999 -999 "" "" "" "" 0 0 0.0 0.0 -999 ""
FIBERMAP 1007 R+12C9 BOSS 1 1 0 1 0 0 4.697427819697175 227.46952895635647 143.1 -227.2651856108272 -10.550970697580233 236.31519 73.67161 275.63598632812494 -34.65715322551554 -999.0 -999.0 -999.0 275.6359789717888 -34.65714822297135 275.7401478481971 -34.64218070391205 84.31549897819653 172.02979800539387 5400.0 5400.0 2015.5 1 161 {-999.0 -999.0 -999.0 -999.0 -999.0} "" -999.0 -999.0 -999.0 -999.0 27021603147016520 852437289 "" ops_sky_boss_fallback ops_sky sky_boss 0 0 0.0 0.0 -999 ""
FIBERMAP 1007 R+12C9 METROLOGY 0 0 0 1 0 0 5.444232529703953 227.58126976894522 143.1 -227.42669826138712 -9.813355229929611 236.31519 73.67161 -999.0 -999.0 -999.0 -999.0 -999.0 275.6353735013177 -34.65490415130913 275.73953519879126 -34.63994486456001 84.31778468556993 172.03150512361978 -999.0 6231.0 -999.0 -1 -999 {-999.0 -999.0 -999.0 -999.0 -999.0} "" -999.0 -999.0 -999.0 -999.0 -999 -999 "" "" "" "" 0 0 0.0 0.0 -999 ""
FIBERMAP 1008 R0C26 APOGEE 0 0 0 1 0 0 288.89040393375706 -3.9352020106244643 143.1 -15.425905869547622 288.4948577244848 42.344913 51.660038 -999.0 -999.0 -999.0 -999.0 -999.0 276.41999504061835 -33.758053537302345 276.520396790425 -33.741358403770356 85.04770955029421 163.02559055863668 -999.0 16600.0 -999.0 2 106 {-999.0 -999.0 -999.0 -999.0 -999.0} "" -999.0 -999.0 -999.0 -999.0 -999 -999 "" ops_sky_apogee_best_unassigned ops_sky sky_apogee 0 0 0.0 0.0 -999 ""
FIBERMAP 1008 R0C26 BOSS 1 1 0 1 0 0 288.9823677293875 -4.670295113556566 143.1 -14.698650468172703 288.6358539483485 42.344913 51.660038 276.42259268974453 -33.75768351974644 8.8243 -1.46026 0.921553 276.42264960484385 -33.75768987597097 276.5230418110833 -33.740970332492694 85.04740308006856 162.99996381848985 5400.0 5400.0 2016.0 1 180 {-999.0 16.672531 16.014963 15.7814045 -999.0} sdss_psfmag_gaia 16.45897 16.057869 15.396534 14.284 63050395231240930 1034688434 bright_1x1 mwm_yso_disk_boss_single mwm_yso science 0 0 0.0 0.0 -999 ""
FIBERMAP 1008 R0C26 METROLOGY 0 0 0 1 0 0 288.2875926623043 -4.355848251556784 143.1 -14.965838417159825 287.9216000390209 42.344913 51.660038 -999.0 -999.0 -999.0 -999.0 -999.0 276.4216622584233 -33.75975942532132 276.5220646111079 -33.743046803146704 85.04567683053666 163.01630975476388 -999.0 6231.0 -999.0 -1 -999 {-999.0 -999.0 -999.0 -999.0 -999.0} "" -999.0 -999.0 -999.0 -999.0 -999 -999 "" "" "" "" 0 0 0.0 0.0 -999 ""
FIBERMAP 1015 R+8C1 APOGEE 1 1 0 1 0 0 -194.28683517471046 147.98179519163753 143.1 -134.62930222967174 -203.75650701371865 292.20877 138.53467 275.97150082450105 -35.244603338719635 1.2456942 -0.8608317 0.10819216 275.9714877083953 -35.24460849856862 276.07775114680226 -35.22861839111741 83.69162000886688 170.3343950946934 16000.0 16600.0 2016.0 2 48 {-999.0 14.629808 13.482111 12.980149 -999.0} sdss_psfmag_from_g3xp 14.217599 13.453645 12.601428 10.687 63050395230522428 1151995809 bright_1x1 mwm_galactic_core_dist_apogee_sparse mwm_galactic science 0 0 0.0 0.0 -999 ""
FIBERMAP 1015 R+8C1 BOSS 0 0 0 1 0 0 -194.5122648072272 147.25039389609844 143.1 -133.88446872863 -203.93242733242445 292.20877 138.53467 -999.0 -999.0 -999.0 -999.0 -999.0 275.974227880556 -35.245206978089406 276.08048703863176 -35.22918629719651 83.69065928331098 170.31531950977308 -999.0 5400.0 -999.0 1 84 {-999.0 -999.0 -999.0 -999.0 -999.0} "" -999.0 -999.0 -999.0 -999.0 -999 -999 "" "" "" "" 0 0 0.0 0.0 -999 ""
FIBERMAP 1015 R+8C1 METROLOGY 0 0 0 1 0 0 -195.00995225802703 147.8068805202152 143.1 -134.40634664478034 -204.46625702533228 292.20877 138.53467 -999.0 -999.0 -999.0 -999.0 -999.0 275.9722588556579 -35.24682447538478 276.0785267332624 -35.23081498723233 83.68934530909918 170.33231732999948 -999.0 6231.0 -999.0 -1 -999 {-999.0 -999.0 -999.0 -999.0 -999.0} "" -999.0 -999.0 -999.0 -999.0 -999 -999 "" "" "" "" 0 0 0.0 0.0 -999 ""
FIBERMAP 1020 R-3C9 APOGEE 0 0 0 1 0 0 -86.08463707691784 -53.40666804894525 143.1 59.05143027166027 -82.31062458536121 103.418816 152.70393 -999.0 -999.0 -999.0 -999.0 -999.0 276.6903490428065 -34.8804159786117 276.79484771736884 -34.86268434945618 83.90972384936632 164.25117811565426 -999.0 16600.0 -999.0 2 291 {-999.0 -999.0 -999.0 -999.0 -999.0} "" -999.0 -999.0 -999.0 -999.0 -999 -999 "" ops_sky_apogee_best_unassigned ops_sky sky_apogee 0 0 0.0 0.0 -999 ""
FIBERMAP 1020 R-3C9 BOSS 1 1 0 1 0 0 -85.8221158498483 -52.71785951953426 143.1 58.346607669648655 -82.09484410824307 103.418816 152.70393 276.68779553799584 -34.879816229083566 0.531953 -7.477015 0.048701987 276.6877907994732 -34.87982831339699 276.79228049427775 -34.86208154453903 83.91090992248101 164.2685438097392 5400.0 5400.0 2016.0 1 478 {-999.0 16.558058 15.867022 15.61881 -999.0} sdss_psfmag_gaia 16.35912 15.910429 15.261293 14.008 63050396520196052 1071775323 dark_flexible_2x1 mwm_halo_vmp_xp_boss mwm_halo science 0 0 0.0 0.0 -999 ""
FIBERMAP 1020 R-3C9 METROLOGY 0 0 0 1 0 0 -85.34769533890248 -53.306640970827665 143.1 58.902265327199956 -81.58206490835846 103.418816 152.70393 -999.0 -999.0 -999.0 -999.0 -999.0 276.68985401161876 -34.8782749738324 276.7943389797515 -34.86052957767947 83.91190724782813 164.24906873987953 -999.0 6231.0 -999.0 -1 -999 {-999.0 -999.0 -999.0 -999.0 -999.0} "" -999.0 -999.0 -999.0 -999.0 -999 -999 "" "" "" "" 0 0 0.0 0.0 -999 ""
FIBERMAP 1021 R+4C5 APOGEE 1 1 0 1 0 0 -157.38903406898982 85.59916713031603 143.1 -74.8607136883981 -162.76402080699287 27.155697 165.20197 276.1934619757882 -35.12254766956508 -9.670985 -15.289635 0.5236485 276.19343182888 -35.122605803177585 276.29911340663773 -35.10608051353713 83.77620803091334 168.48803604598493 16000.0 16600.0 2016.0 2 25 {-999.0 12.336344 11.21302 10.776248 -999.0} sdss_psfmag_from_g3xp 11.93658 11.219719 10.404525 8.544 63050396519975878 1153147376 bright_1x1 mwm_galactic_core_dist_apogee_sparse mwm_galactic science 0 0 0.0 0.0 -999 ""
FIBERMAP 1021 R+4C5 BOSS 0 0 0 1 0 0 -156.6588772228233 85.77179980136688 143.1 -75.0818640578602 -162.04709422888936 27.155697 165.20197 -999.0 -999.0 -999.0 -999.0 -999.0 276.1925979155301 -35.12051382871622 276.29826576302185 -35.10396848110478 83.77841937486885 168.49013011532523 -999.0 5400.0 -999.0 1 42 {-999.0 -999.0 -999.0 -999.0 -999.0} "" -999.0 -999.0 -999.0 -999.0 -999 -999 "" "" "" "" 0 0 0.0 0.0 -999 ""
FIBERMAP 1021 R+4C5 METROLOGY 0 0 0 1 0 0 -156.86420791468115 85.06376665112239 143.1 -74.36169176694992 -162.2045268467241 27.155697 165.20197 -999.0 -999.0 -999.0 -999.0 -999.0 276.1952495326949 -35.12102006960908 276.3009197126247 -35.104474206058924 83.77746184455582 168.47155487138613 -999.0 6231.0 -999.0 -1 -999 {-999.0 -999.0 -999.0 -999.0 -999.0} "" -999.0 -999.0 -999.0 -999.0 -999 -999 "" "" "" "" 0 0 0.0 0.0 -999 ""
FIBERMAP 1022 R-11C3 APOGEE 1 1 0 1 0 0 -104.26023182025659 -209.30385265251354 143.1 215.81044960259845 -90.00154088512905 57.444553 62.864304 277.2684480030618 -34.90212566727077 0.6920358 -5.495128 0.114144914 277.2684533586528 -34.90214419454456 277.37273053691274 -34.88291923336342 83.73597097879106 160.14606323296385 16000.0 16600.0 2016.0 2 152 {-999.0 14.881672 13.461336 12.327228 -999.0} sdss_psfmag_from_g3xp 14.314749 13.003786 11.878655 9.349 63050396520102967 1153147372 bright_1x1 mwm_galactic_core_dist_apogee_sparse mwm_galactic science 0 0 0.0 0.0 -999 ""
FIBERMAP 1022 R-11C3 BOSS 0 0 0 1 0 0 -103.87536220250874 -209.9374436165288 143.1 216.41681334791676 -89.57510656146307 57.444553 62.864304 -999.0 -999.0 -999.0 -999.0 -999.0 277.27072270926334 -34.90087574987674 277.37498343015443 -34.88162340406891 83.73650938762734 160.12597271238369 -999.0 5400.0 -999.0 1 433 {-999.0 -999.0 -999.0 -999.0 -999.0} "" -999.0 -999.0 -999.0 -999.0 -999 -999 "" "" "" "" 0 0 0.0 0.0 -999 ""
FIBERMAP 1022 R-11C3 METROLOGY 0 0 0 1 0 0 -104.61890549961174 -209.9603572848965 143.1 216.48948305491723 -90.31541839158636 57.444553 62.864304 -999.0 -999.0 -999.0 -999.0 -999.0 277.2710363702848 -34.903121742335564 277.37530844236596 -34.883874118890276 83.73431502017449 160.13116934120526 -999.0 6231.0 -999.0 -1 -999 {-999.0 -999.0 -999.0 -999.0 -999.0} "" -999.0 -999.0 -999.0 -999.0 -999 -999 "" "" "" "" 0 0 0.0 0.0 -999 ""
FIBERMAP 1024 R+6C15 APOGEE 0 0 0 1 0 0 79.02109463937303 98.54901113567024 143.1 -103.61760170518494 72.23921323507213 298.36768 45.052856 -999.0 -999.0 -999.0 -999.0 -999.0 276.0925009525474 -34.409397545949666 276.1955100371657 -34.393348750916786 84.49030367849065 167.77447119028756 -999.0 16600.0 -999.0 2 113 {-999.0 -999.0 -999.0 -999.0 -999.0} "" -999.0 -999.0 -999.0 -999.0 -999 -999 "" ops_sky_apogee_best_unassigned ops_sky sky_apogee 0 0 0.0 0.0 -999 ""
FIBERMAP 1024 R+6C15 BOSS 1 1 0 1 0 0 78.31288771138466 98.77728721851317 143.1 -103.79791571888087 71.51733050194831 298.36768 45.052856 276.0917851965795 -34.41158696621076 -8.737315 0.9065805 2.700179 276.0917605774307 -34.41156734934484 276.19477261727604 -34.39549963699349 84.48834409865687 167.78567030702354 5400.0 5400.0 2016.0 1 196 {-999.0 20.338327 19.82249 19.648903 -999.0} sdss_psfmag_gaia 19.898273 19.85828 18.985918 -999.0 63050395231050908 1143876775 dark_2x1 mwm_wd_gaia_boss_2x1 mwm_wd science 0 0 0.0 0.0 -999 ""
FIBERMAP 1024 R+6C15 METROLOGY 0 0 0 1 0 0 78.85586119776727 99.30954905690746 143.1 -104.36533569634838 72.02341005134873 298.36768 45.052856 -999.0 -999.0 -999.0 -999.0 -999.0 276.08967581628104 -34.41000877726868 276.19268458389035 -34.39395263076044 84.49023786186835 167.79954579949296 -999.0 6231.0 -999.0 -1 -999 {-999.0 -999.0 -999.0 -999.0 -999.0} "" -999.0 -999.0 -999.0 -999.0 -999 -999 "" "" "" "" 0 0 0.0 0.0 -999 ""
FIBERMAP 1027 R+8C18 APOGEE 0 0 0 1 0 0 189.7782309107542 173.1000436046249 143.1 -185.41790776684934 177.74962797126244 118.511055 44.69325 -999.0 -999.0 -999.0 -999.0 -999.0 275.7974275122532 -34.08876305688844 275.89937072080386 -34.07357225844905 84.85391048858396 169.64065653509132 -999.0 16600.0 -999.0 2 -999 {-999.0 -999.0 -999.0 -999.0 -999.0} "" -999.0 -999.0 -999.0 -999.0 -999 -999 "" "" "" "" 0 0 0.0 0.0 -999 ""
FIBERMAP 1027 R+8C18 BOSS 1 1 0 1 0 0 190.4884343870094 172.89372566182644 143.1 -185.25963553600656 178.47203176994097 118.511055 44.69325 275.79803466796875 -34.086588404376926 -999.0 -999.0 -999.0 275.7980354151466 -34.08660079455945 275.89996577410705 -34.0713901276563 84.85595928134825 169.630638615208 5400.0 5400.0 2015.5 1 250 {-999.0 -999.0 -999.0 -999.0 -999.0} "" -999.0 -999.0 -999.0 -999.0 27021603147018308 852087099 "" ops_sky_boss_fallback ops_sky sky_boss 0 0 0.0 0.0 -999 ""
FIBERMAP 1027 R+8C18 METROLOGY 0 0 0 1 0 0 189.94441041619788 172.37074079456136 143.1 -184.7014009929216 177.9642826892147 118.511055 44.69325 -999.0 -999.0 -999.0 -999.0 -999.0 275.7999995435115 -34.088102668849025 275.9019358538719 -34.07289184865727 84.85417465043908 169.61595736123604 -999.0 6231.0 -999.0 -1 -999 {-999.0 -999.0 -999.0 -999.0 -999.0} "" -999.0 -999.0 -999.0 -999.0 -999 -999 "" "" "" "" 0 0 0.0 0.0 -999 ""
FIBERMAP 1029 R+7C2 APOGEE 0 0 0 1 0 0 -198.01831822586865 126.25113632884145 143.1 -112.69826207528038 -206.02378724045823 225.23828 124.42961 -999.0 -999.0 -999.0 -999.0 -999.0 276.05258880492755 -35.2521481118404 276.1588408685735 -35.23594658135757 83.67215908189681 169.7552386603016 -999.0 16600.0 -999.0 2 -999 {-999.0 -999.0 -999.0 -999.0 -999.0} "" -999.0 -999.0 -999.0 -999.0 -999 -999 "" "" "" "" 0 0 0.0 0.0 -999 ""
FIBERMAP 1029 R+7C2 BOSS 1 1 0 1 0 0 -198.78344073579615 126.42327064584877 143.1 -112.81874977201493 -206.79869487945405 225.23828 124.42961 276.05209794332785 -35.254504930971024 4.3592157 -10.523202 0.0445399 276.05211641227226 -35.25452963478882 276.15837237344556 -35.23830524276721 83.66991638528908 169.7627192227044 5400.0 5400.0 2016.0 1 72 {-999.0 15.330216 15.172448 15.144152 -999.0} sdss_psfmag_gaia 15.253463 15.1579895 14.730816 14.12 63050396519955754 1093501882 bright_1x1 mwm_astar_core_boss_single mwm_ob science 0 0 0.0 0.0 -999 ""
FIBERMAP 1029 R+7C2 METROLOGY 0 0 0 1 0 0 -198.2753238923717 126.95359366148269 143.1 -113.38190038111169 -206.32726256371137 225.23828 124.42961 -999.0 -999.0 -999.0 -999.0 -999.0 276.0500149835855 -35.25311958126866 276.1562681247807 -35.23690765846498 83.67161530049934 169.77561404966576 -999.0 6231.0 -999.0 -1 -999 {-999.0 -999.0 -999.0 -999.0 -999.0} "" -999.0 -999.0 -999.0 -999.0 -999 -999 "" "" "" "" 0 0 0.0 0.0 -999 ""
FIBERMAP 1030 R-7C6 APOGEE 0 0 0 1 0 0 -109.91664599686484 -119.11862557569387 143.1 126.20990740912774 -101.68635773833604 160.08662 66.99852 -999.0 -999.0 -999.0 -999.0 -999.0 276.9385263973902 -34.93888704942342 277.0431191757981 -34.92049910844529 83.79270781645015 162.60408610285486 -999.0 16600.0 -999.0 2 -999 {-999.0 -999.0 -999.0 -999.0 -999.0} "" -999.0 -999.0 -999.0 -999.0 -999 -999 "" "" "" "" 0 0 0.0 0.0 -999 ""
FIBERMAP 1030 R-7C6 BOSS 1 1 0 1 0 0 -109.34768032239742 -118.54157005976356 143.1 125.59605479998058 -101.15734593616953 160.08662 66.99852 276.9363630344773 -34.937362026658576 -5.165877 -6.3093657 0.11010582 276.9363311055258 -34.93735342261162 277.04091011087667 -34.9189494912242 83.79475397275976 162.61539793548815 5400.0 5400.0 2016.0 1 504 {-999.0 16.373848 15.577184 15.281086 -999.0} sdss_psfmag_gaia 16.14344 15.618972 14.933661 13.526 63050396520161236 1071900457 dark_flexible_2x1 mwm_halo_mp_xp_boss mwm_halo science 0 0 0.0 0.0 -999 ""
FIBERMAP 1030 R-7C6 METROLOGY 0 0 0 1 0 0 -109.18535620728832 -119.27583072973542 143.1 126.31776638561423 -100.94620569570239 160.08662 66.99852 -999.0 -999.0 -999.0 -999.0 -999.0 276.939012119743 -34.93671288137326 277.0435898257383 -34.91830851449161 83.79466092148249 162.59424019920226 -999.0 6231.0 -999.0 -1 -999 {-999.0 -999.0 -999.0 -999.0 -999.0} "" -999.0 -999.0 -999.0 -999.0 -999 -999 "" "" "" "" 0 0 0.0 0.0 -999 ""
FIBERMAP 1031 R+1C16 APOGEE 1 1 0 1 0 0 75.52245320289917 15.413870124822262 143.1 -20.4377825873004 74.31759375412237 39.210033 54.797314 276.39845153194346 -34.4043094662705 -0.85192275 -1.7381701 0.115790986 276.3984341003094 -34.40431509591011 276.50127163031914 -34.387479564544506 84.43355619641028 165.22599654555685 16000.0 16600.0 2016.0 2 114 {-999.0 14.685139 13.636012 13.18804 -999.0} sdss_psfmag_from_g3xp 14.322409 13.626561 12.814119 10.954 63050395230932301 1151996106 bright_1x1 mwm_galactic_core_dist_apogee_sparse mwm_galactic science 0 0 0.0 0.0 -999 ""
FIBERMAP 1031 R+1C16 BOSS 0 0 0 1 0 0 75.60645092516577 14.66361571357676 143.1 -19.694866841300744 74.45165770318603 39.210033 54.797314 -999.0 -999.0 -999.0 -999.0 -999.0 276.4011626737046 -34.40389219113626 276.50399037758154 -34.387029637871585 84.43338260626334 165.20247432063897 -999.0 5400.0 -999.0 1 198 {-999.0 -999.0 -999.0 -999.0 -999.0} "" -999.0 -999.0 -999.0 -999.0 -999 -999 "" "" "" "" 0 0 0.0 0.0 -999 ""
FIBERMAP 1031 R+1C16 METROLOGY 0 0 0 1 0 0 74.9221635960218 14.969235140488504 143.1 -19.953950046979962 73.74845893243698 39.210033 54.797314 -999.0 -999.0 -999.0 -999.0 -999.0 276.4001946036431 -34.406011130885595 276.50303275237627 -34.38915612502035 84.43154919456076 165.21624547046062 -999.0 6231.0 -999.0 -1 -999 {-999.0 -999.0 -999.0 -999.0 -999.0} "" -999.0 -999.0 -999.0 -999.0 -999 -999 "" "" "" "" 0 0 0.0 0.0 -999 ""
FIBERMAP 1033 R-9C16 APOGEE 1 1 0 1 0 0 138.20112200208578 -176.38976561364055 143.1 166.72951246913968 149.70175081578404 115.461525 171.70338 277.08482355970693 -34.17687440677935 -2.8022363 -1.7554126 0.15658653 277.0848317071681 -34.17687440889462 277.1864607988864 -34.158341720718504 84.46580040426124 158.91625793917962 16000.0 16600.0 2016.0 2 208 {-999.0 14.084428 13.173367 12.776536 -999.0} sdss_psfmag_from_g3xp 13.797047 13.171188 12.410118 10.711 63050396520965417 1153148143 bright_1x1 mwm_galactic_core_dist_apogee_sparse mwm_galactic science 0 0 0.0 0.0 -999 ""
FIBERMAP 1033 R-9C16 BOSS 0 0 0 1 0 0 137.9724513260799 -175.67377651774834 143.1 166.03047517694603 149.42563936864516 115.461525 171.70338 -999.0 -999.0 -999.0 -999.0 -999.0 277.0823335061335 -34.177699819892524 277.18395746213434 -34.15915407975475 84.46583606043188 158.93932713077845 -999.0 5400.0 -999.0 1 294 {-999.0 -999.0 -999.0 -999.0 -999.0} "" -999.0 -999.0 -999.0 -999.0 -999 -999 "" "" "" "" 0 0 0.0 0.0 -999 ""
FIBERMAP 1033 R-9C16 METROLOGY 0 0 0 1 0 0 138.69618054008575 -175.83173100602525 143.1 166.13958824415357 150.15829828279695 115.461525 171.70338 -999.0 -999.0 -999.0 -999.0 -999.0 277.08274424323963 -34.175458136546524 277.1843622731386 -34.15691747488295 84.46777776441203 158.9273021088518 -999.0 6231.0 -999.0 -1 -999 {-999.0 -999.0 -999.0 -999.0 -999.0} "" -999.0 -999.0 -999.0 -999.0 -999 -999 "" "" "" "" 0 0 0.0 0.0 -999 ""
FIBERMAP 1038 R+9C11 APOGEE 1 1 0 1 0 0 15.399633981267822 183.40495322537674 143.1 -184.01806844060113 3.0786048444060072 206.71915 52.646984 275.7949861803228 -34.61721521872446 0.81163967 -5.537483 0.2984698 275.79500111508196 -34.617233648719555 275.8989448419144 -34.60188902350659 84.33437649394047 170.66013307192264 16000.0 16600.0 2016.0 2 140 {-999.0 14.252387 12.924816 12.368394 -999.0} sdss_psfmag_from_g3xp 13.730201 12.880702 11.982076 9.918 63050395230771605 1151995827 bright_1x1 mwm_galactic_core_dist_apogee_sparse mwm_galactic science 0 0 0.0 0.0 -999 ""
FIBERMAP 1038 R+9C11 BOSS 0 0 0 1 0 0 15.52561025880538 184.1447661182495 143.1 -184.7646321861571 3.1547352549917353 206.71915 52.646984 -999.0 -999.0 -999.0 -999.0 -999.0 275.79219532894285 -34.617000132771516 275.89613508419905 -34.60164185922764 84.3350182486385 170.68278007915197 -999.0 5400.0 -999.0 1 139 {-999.0 -999.0 -999.0 -999.0 -999.0} "" -999.0 -999.0 -999.0 -999.0 -999 -999 "" "" "" "" 0 0 0.0 0.0 -999 ""
FIBERMAP 1038 R+9C11 METROLOGY 0 0 0 1 0 0 16.104756785570043 183.65056893876442 143.1 -184.3103583530648 3.7656655278926037 206.71915 52.646984 -999.0 -999.0 -999.0 -999.0 -999.0 275.79385331314893 -34.61515486432547 275.89778649255334 -34.59979881695532 84.3365997599813 170.66599838884093 -999.0 6231.0 -999.0 -1 -999 {-999.0 -999.0 -999.0 -999.0 -999.0} "" -999.0 -999.0 -999.0 -999.0 -999 -999 "" "" "" "" 0 0 0.0 0.0 -999 ""
FIBERMAP 1045 R+11C11 APOGEE 1 1 0 1 0 0 76.00867740960962 222.61343763567606 143.1 -227.19715719167607 60.92286795062292 99.38248 19.80203 275.63943121582446 -34.44069056987274 -1.6989801 -11.904104 0.02495536 275.6394426406669 -34.44075274948407 275.74279077705194 -34.42586295750772 84.52902757300734 171.67278801422268 16000.0 16600.0 2016.0 2 126 {-999.0 15.757972 13.808505 12.239161 -999.0} sdss_psfmag_gaia 14.627686 12.966207 11.735175 8.944 63050395230826381 1156908092 bright_1x1 mwm_galactic_core_dist_apogee_extra mwm_galactic science 0 0 0.0 0.0 -999 ""
FIBERMAP 1045 R+11C11 BOSS 0 0 0 1 0 0 76.38264327681064 221.9787355979533 143.1 -226.588954489645 61.33849783102742 99.38248 19.80203 -999.0 -999.0 -999.0 -999.0 -999.0 275.6416476450353 -34.439524423570084 275.7449862338866 -34.42460902049984 84.52998820923287 171.65199571996888 -999.0 5400.0 -999.0 1 113 {-999.0 -999.0 -999.0 -999.0 -999.0} "" -999.0 -999.0 -999.0 -999.0 -999 -999 "" "" "" "" 0 0 0.0 0.0 -999 ""
FIBERMAP 1045 R+11C11 METROLOGY 0 0 0 1 0 0 75.64942313078417 221.96589363364592 143.1 -226.52702503130703 60.60781091663797 99.38248 19.80203 -999.0 -999.0 -999.0 -999.0 -999.0 275.64179265886094 -34.44172119141451 275.74514059554656 -34.42681049365444 84.52779336774654 171.65422969071025 -999.0 6231.0 -999.0 -1 -999 {-999.0 -999.0 -999.0 -999.0 -999.0} "" -999.0 -999.0 -999.0 -999.0 -999 -999 "" "" "" "" 0 0 0.0 0.0 -999 ""
FIBERMAP 1047 R+10C15 APOGEE 0 0 0 1 0 0 122.85098229594271 175.34296690307184 143.1 -183.17240511384588 110.82483773636748 311.68896 23.150099 -999.0 -999.0 -999.0 -999.0 -999.0 275.80246167705735 -34.29090177300475 275.905164201582 -34.27563677194303 84.65450596058722 170.00197079219961 -999.0 16600.0 -999.0 2 77 {-999.0 -999.0 -999.0 -999.0 -999.0} "" -999.0 -999.0 -999.0 -999.0 -999 -999 "" ops_sky_apogee_best_unassigned ops_sky sky_apogee 0 0 0.0 0.0 -999 ""
FIBERMAP 1047 R+10C15 BOSS 1 1 0 1 0 0 122.17385224033708 175.62916349344206 143.1 -183.4125892496828 110.13008100136551 311.68896 23.150099 275.80156429349955 -34.29295332131973 -10.105774 -6.3558717 5.6794767 275.80150887769116 -34.292992616888164 275.90421530237893 -34.277709706642014 84.65261224792174 170.01432785339856 5400.0 5400.0 2016.0 1 236 {-999.0 20.84019 18.879549 17.243835 -999.0} sdss_psfmag_gaia 19.713623 17.973848 16.767315 14.505 63050395231101897 1077953330 bright_flexible_2x1 mwm_snc_ext_main_boss mwm_snc science 0 0 0.0 0.0 -999 ""
FIBERMAP 1047 R+10C15 METROLOGY 0 0 0 1 0 0 122.78712312149034 176.08560171157012 143.1 -183.90906767938762 110.71137680564037 311.68896 23.150099 -999.0 -999.0 -999.0 -999.0 -999.0 275.79968773638046 -34.291201093988214 275.90238954113204 -34.2759290211087 84.65463941500028 170.02673997348026 -999.0 6231.0 -999.0 -1 -999 {-999.0 -999.0 -999.0 -999.0 -999.0} "" -999.0 -999.0 -999.0 -999.0 -999 -999 "" "" "" "" 0 0 0.0 0.0 -999 ""
FIBERMAP 1048 R-5C8 APOGEE 0 0 0 1 0 0 -89.20183810099489 -77.3929639915714 143.1 83.19181146037738 -83.81392424524941 200.10771 10.837594 -999.0 -999.0 -999.0 -999.0 -999.0 276.7796098579458 -34.88496245785884 276.88407960252835 -34.86699973422918 83.88399759638304 163.60517107427944 -999.0 16600.0 -999.0 2 -999 {-999.0 -999.0 -999.0 -999.0 -999.0} "" -999.0 -999.0 -999.0 -999.0 -999 -999 "" "" "" "" 0 0 0.0 0.0 -999 ""
FIBERMAP 1048 R-5C8 BOSS 1 1 0 1 0 0 -88.54996591862839 -77.0095559956752 143.1 82.76561080523318 -83.18922308273389 200.10771 10.837594 276.7776624014315 -34.883146356516775 4.8517933 -1.8494937 0.055107247 276.77809745933234 -34.883134452085756 276.8825525854194 -34.865154266332425 83.88613445246308 163.6111774203771 5400.0 5400.0 2016.0 1 481 {-999.0 14.727989 13.795982 13.376083 -999.0} sdss_psfmag_from_g3xp 14.422849 13.785698 13.00985 11.308 63050396520167435 1071874555 dark_flexible_2x1 mwm_halo_mp_xp_boss mwm_halo science 0 0 1.2071971893310547 0.0 -999 ""
FIBERMAP 1048 R-5C8 METROLOGY 0 0 0 1 0 0 -88.54610254528478 -77.7528377163328 143.1 83.50693779286097 -83.13557772642667 200.10771 10.837594 -999.0 -999.0 -999.0 -999.0 -999.0 276.78084640455285 -34.8829722100734 276.885301858777 -34.8649912094432 83.88561118209302 163.59051911881411 -999.0 6231.0 -999.0 -1 -999 {-999.0 -999.0 -999.0 -999.0 -999.0} "" -999.0 -999.0 -999.0 -999.0 -999 -999 "" "" "" "" 0 0 0.0 0.0 -999 ""
FIBERMAP 1050 R+12C14 APOGEE 1 1 0 1 0 0 146.1653582723875 231.9401894617036 143.1 -241.20226914481285 130.29469495000865 344.6795 126.95527 275.5920708837839 -34.23071582762239 1.2712041 -4.812656 0.15730347 275.59207162119037 -34.23072517183349 275.69464773727714 -34.216021226880144 84.74247948552718 171.75050194762144 16000.0 16600.0 2016.0 2 56 {-999.0 14.221211 12.804132 12.088925 -999.0} sdss_psfmag_from_g3xp 13.647839 12.66373 11.68632 9.483 63050395231436818 1151996409 bright_1x1 mwm_galactic_core_dist_apogee_sparse mwm_galactic science 0 0 0.0 0.0 -999 ""
FIBERMAP 1050 R+12C14 BOSS 0 0 0 1 0 0 146.44051764427863 231.24752524547787 143.1 -240.52961768715656 130.61562653842472 344.6795 126.95527 -999.0 -999.0 -999.0 -999.0 -999.0 275.59454847687306 -34.22979805806567 275.69711628486914 -34.21506849854476 84.74311097104673 171.7269021396491 -999.0 5400.0 -999.0 1 93 {-999.0 -999.0 -999.0 -999.0 -999.0} "" -999.0 -999.0 -999.0 -999.0 -999 -999 "" "" "" "" 0 0 0.0 0.0 -999 ""
FIBERMAP 1050 R+12C14 METROLOGY 0 0 0 1 0 0 145.6871891922013 231.362662812805 143.1 -240.59402874063824 129.85630413311918 344.6795 126.95527 -999.0 -999.0 -999.0 -999.0 -999.0 275.5942141011723 -34.232056337915864 275.6967916212011 -34.21733247852514 84.74091417114752 171.73355548035548 -999.0 6231.0 -999.0 -1 -999 {-999.0 -999.0 -999.0 -999.0 -999.0} "" -999.0 -999.0 -999.0 -999.0 -999 -999 "" "" "" "" 0 0 0.0 0.0 -999 ""
FIBERMAP 1052 R-8C18 APOGEE 0 0 0 1 0 0 191.91136856550392 -171.71992177902325 143.1 158.47239315988776 202.97662504893222 4.547523 45.470154 -999.0 -999.0 -999.0 -999.0 -999.0 277.0535543248152 -34.016190278766445 277.15459772402585 -33.99778676939845 84.62421534880623 158.525570479729 -999.0 16600.0 -999.0 2 -999 {-999.0 -999.0 -999.0 -999.0 -999.0} "" -999.0 -999.0 -999.0 -999.0 -999 -999 "" "" "" "" 0 0 0.0 0.0 -999 ""
FIBERMAP 1052 R-8C18 BOSS 1 1 0 1 0 0 191.41892103594762 -172.3123689423159 143.1 159.09647651628606 202.5249878538335 4.547523 45.470154 277.0558661902843 -34.017543676108524 -2.87638 -7.136606 0.14349431 277.0558522763437 -34.01756369954091 277.1568902097317 -33.99913524465407 84.62223740634755 158.51242040602733 5400.0 5400.0 2016.0 1 275 {-999.0 18.303074 17.817265 17.656046 -999.0} sdss_psfmag_gaia 18.2339 17.85056 17.353476 15.8 63050395232373475 976518949 "" ops_std_boss ops_std standard_boss 0 0 0.0 0.0 -999 ""
FIBERMAP 1052 R-8C18 METROLOGY 0 0 0 1 0 0 191.1724652494794 -171.60364578681495 143.1 158.40587997110237 202.2316186055097 4.547523 45.470154 -999.0 -999.0 -999.0 -999.0 -999.0 277.0533779923184 -34.01840206908243 277.1544230180425 -33.99998499507212 84.62224345982607 158.5360529541486 -999.0 6231.0 -999.0 -1 -999 {-999.0 -999.0 -999.0 -999.0 -999.0} "" -999.0 -999.0 -999.0 -999.0 -999 -999 "" "" "" "" 0 0 0.0 0.0 -999 ""
FIBERMAP 1055 R+1C11 APOGEE 1 1 0 1 0 0 -42.035293518808096 9.030836812928953 143.1 -6.194379984726169 -42.544338028976966 355.8745 81.64136 276.44940228455897 -34.7593143948818 -3.2586625 -4.3429766 0.11227819 276.4494000429142 -34.75933692510037 276.55356000370955 -34.742262414116375 84.08010071035937 165.75447549248565 16000.0 16600.0 2016.0 2 21 {-999.0 14.75544 13.679396 13.211542 -999.0} sdss_psfmag_from_g3xp 14.383175 13.661828 12.839666 10.971 63050395230857679 1151996049 bright_1x1 mwm_galactic_core_dist_apogee_sparse mwm_galactic science 0 0 0.0 0.0 -999 ""
FIBERMAP 1055 R+1C11 BOSS 0 0 0 1 0 0 -42.18722377162468 8.281986311177397 143.1 -5.437060651880289 -42.64575778664189 355.8745 81.64136 -999.0 -999.0 -999.0 -999.0 -999.0 276.4522011109476 -34.759701292730604 276.5563539391334 -34.74259799380331 84.07917520282211 165.73384787086937 -999.0 5400.0 -999.0 1 31 {-999.0 -999.0 -999.0 -999.0 -999.0} "" -999.0 -999.0 -999.0 -999.0 -999 -999 "" "" "" "" 0 0 0.0 0.0 -999 ""
FIBERMAP 1055 R+1C11 METROLOGY 0 0 0 1 0 0 -42.73848506168278 8.796158579280808 143.1 -5.913131967056882 -43.23020453513347 355.8745 81.64136 -999.0 -999.0 -999.0 -999.0 -999.0 276.4504310384276 -34.761468922594695 276.55459352410844 -34.74437572352711 84.07783874428831 165.75189566555034 -999.0 6231.0 -999.0 -1 -999 {-999.0 -999.0 -999.0 -999.0 -999.0} "" -999.0 -999.0 -999.0 -999.0 -999 -999 "" "" "" "" 0 0 0.0 0.0 -999 ""
FIBERMAP 1059 R+3C13 APOGEE 1 1 0 1 0 0 12.82610475168816 68.45789628673616 143.1 -69.16088936247507 8.210996620778381 56.996334 139.88657 276.2177533703812 -34.60430049556663 -4.9482985 -8.263071 0.09808365 276.2177381214422 -34.60433081382861 276.32142455313465 -34.58790013900041 84.27710261150574 167.19942012280927 16000.0 16600.0 2016.0 2 125 {-999.0 14.493817 13.134727 12.507459 -999.0} sdss_psfmag_gaia 13.965001 13.058461 12.124632 9.977 63050395230906747 1154351245 bright_1x1 mwm_galactic_core_dist_apogee_sparse mwm_galactic science 0 0 0.0 0.0 -999 ""
FIBERMAP 1059 R+3C13 BOSS 0 0 0 1 0 0 13.537663515032477 68.67707577127577 143.1 -69.42723449587444 8.90624948296126 56.996334 139.88657 -999.0 -999.0 -999.0 -999.0 -999.0 276.216725660773 -34.60223042194018 276.3203984727355 -34.585782111586376 84.27935994172638 167.20265608388334 -999.0 5400.0 -999.0 1 111 {-999.0 -999.0 -999.0 -999.0 -999.0} "" -999.0 -999.0 -999.0 -999.0 -999 -999 "" "" "" "" 0 0 0.0 0.0 -999 ""
FIBERMAP 1059 R+3C13 METROLOGY 0 0 0 1 0 0 13.366789576188532 67.9482194553335 143.1 -68.68859473280475 8.78458989650869 56.996334 139.88657 -999.0 -999.0 -999.0 -999.0 -999.0 276.2194378680652 -34.60260569480017 276.3231124851068 -34.58615619817522 84.27847024425753 167.1817557787993 -999.0 6231.0 -999.0 -1 -999 {-999.0 -999.0 -999.0 -999.0 -999.0} "" -999.0 -999.0 -999.0 -999.0 -999 -999 "" "" "" "" 0 0 0.0 0.0 -999 ""
FIBERMAP 1061 R+9C10 APOGEE 1 1 0 1 0 0 -10.59523638331099 173.8593791167724 143.1 -172.7529354658503 -22.217516543789944 253.83331 25.282919 275.83648681640625 -34.69400672804257 -999.0 -999.0 -999.0 275.83548027697424 -34.694253453158495 275.9396978013315 -34.67878106386806 84.25281717511852 170.46287978893858 16000.0 16600.0 2015.5 2 136 {-999.0 -999.0 -999.0 -999.0 -999.0} "" -999.0 -999.0 -999.0 -999.0 27021603147016541 848144213 "" ops_sky_apogee_best ops_sky sky_apogee 0 0 0.0 0.0 -999 ""
FIBERMAP 1061 R+9C10 BOSS 0 0 0 1 0 0 -10.721766369244722 174.5921281684178 143.1 -173.47553665171242 -22.392843066015352 253.83331 25.282919 -999.0 -999.0 -999.0 -999.0 -999.0 275.8327470145954 -34.694792125243474 275.9369633134571 -34.679305373681174 84.25269677473578 170.48590637047099 -999.0 5400.0 -999.0 1 131 {-999.0 -999.0 -999.0 -999.0 -999.0} "" -999.0 -999.0 -999.0 -999.0 -999 -999 "" "" "" "" 0 0 0.0 0.0 -999 ""
FIBERMAP 1061 R+9C10 METROLOGY 0 0 0 1 0 0 -10.028362004078634 174.35020167790393 143.1 -173.28061178533287 -21.68481471033088 253.83331 25.282919 -999.0 -999.0 -999.0 -999.0 -999.0 275.83345877205414 -34.69264775692714 275.93766785030664 -34.677165847078776 84.25470107320851 170.47645210419896 -999.0 6231.0 -999.0 -1 -999 {-999.0 -999.0 -999.0 -999.0 -999.0} "" -999.0 -999.0 -999.0 -999.0 -999 -999 "" "" "" "" 0 0 0.0 0.0 -999 ""
FIBERMAP 1062 R-12C6 APOGEE 0 0 0 1 0 0 -52.966205351018466 -240.7804388014498 143.1 243.7791427750625 -36.71600432392288 210.60092 130.7743 -999.0 -999.0 -999.0 -999.0 -999.0 277.3702374687244 -34.740334599104486 277.47384364852644 -34.720897334124956 83.85537119927959 158.87431673397762 -999.0 16600.0 -999.0 2 -999 {-999.0 -999.0 -999.0 -999.0 -999.0} "" -999.0 -999.0 -999.0 -999.0 -999 -999 "" "" "" "" 0 0 0.0 0.0 -999 ""
FIBERMAP 1062 R-12C6 BOSS 1 1 0 1 0 0 -53.65588475749935 -240.5367592291034 143.1 243.58221930008872 -37.420433655174996 210.60092 130.7743 277.36959717036854 -34.74247338890506 -1.6191502 -5.1561666 0.25220636 277.369565814344 -34.74249470455115 277.47316979677646 -34.723037176046766 83.85360716146701 158.88675776059765 5400.0 5400.0 2016.0 1 365 {-999.0 18.388922 17.989252 17.863094 -999.0} sdss_psfmag_gaia 18.11342 18.013577 17.3251 -999.0 63050396520127202 978850029 "" ops_std_boss ops_std standard_boss 0 0 0.0 0.0 -999 ""
FIBERMAP 1062 R-12C6 METROLOGY 0 0 0 1 0 0 -53.11206703982051 -240.04680225346715 143.1 243.05695110585341 -36.910677891590645 210.60092 130.7743 -999.0 -999.0 -999.0 -999.0 -999.0 277.36768447637945 -34.74096307795344 277.4712867051902 -34.72151689711137 83.85560447161595 158.89467058040384 -999.0 6231.0 -999.0 -1 -999 {-999.0 -999.0 -999.0 -999.0 -999.0} "" -999.0 -999.0 -999.0 -999.0 -999 -999 "" "" "" "" 0 0 0.0 0.0 -999 ""
FIBERMAP 1065 R-10C5 APOGEE 0 0 0 1 0 0 -99.29639559957882 -200.04570077130694 143.1 206.2409054947731 -85.66921368231989 199.07004 129.86594 -999.0 -999.0 -999.0 -999.0 -999.0 277.2332710556204 -34.88923378139312 277.3375177942754 -34.87010315419918 83.75833288604606 160.35110154349474 -999.0 16600.0 -999.0 2 -999 {-999.0 -999.0 -999.0 -999.0 -999.0} "" -999.0 -999.0 -999.0 -999.0 -999 -999 "" "" "" "" 0 0 0.0 0.0 -999 ""
FIBERMAP 1065 R-10C5 BOSS 1 1 0 1 0 0 -99.91849694281706 -199.6674716331386 143.1 205.90521254866223 -86.31523231985662 199.07004 129.86594 277.23181589184753 -34.89122103863544 -2.3810294 -6.393552 0.13608341 277.23210023855273 -34.891232882141885 277.3363449911585 -34.872082750292996 83.7568294421774 160.36588588567128 5400.0 5400.0 2016.0 1 423 {-999.0 15.737054 14.9985695 14.7291765 -999.0} sdss_psfmag_gaia 15.528021 15.041865 14.379972 13.04 63050396520109028 1071775319 dark_flexible_2x1 mwm_halo_vmp_xp_boss mwm_halo science 0 0 0.8301478624343872 0.0 -999 ""
FIBERMAP 1065 R-10C5 METROLOGY 0 0 0 1 0 0 -99.2838398654377 -199.29781002371323 143.1 205.49388011687012 -85.7067861428784 199.07004 129.86594 -999.0 -999.0 -999.0 -999.0 -999.0 277.23062051876 -34.88940693909967 277.33486200059417 -34.87026737778709 83.75896013071484 160.37035489009003 -999.0 6231.0 -999.0 -1 -999 {-999.0 -999.0 -999.0 -999.0 -999.0} "" -999.0 -999.0 -999.0 -999.0 -999 -999 "" "" "" "" 0 0 0.0 0.0 -999 ""
FIBERMAP 1066 R-11C10 APOGEE 1 1 0 1 0 0 32.79573868159333 -226.35354987374845 143.1 223.64016856954066 47.88383266163892 264.93903 118.63448 277.29492403025966 -34.484527745789265 -3.4801836 -6.257121 0.1521645 277.2949108135053 -34.48455245465961 277.39758791021313 -34.465386441997595 84.11530196042627 158.48511351563303 16000.0 16600.0 2016.0 2 175 {-999.0 13.761784 12.354337 11.727628 -999.0} sdss_psfmag_from_g3xp 13.180659 12.270306 11.328065 9.116 63050396520923050 1153147979 bright_1x1 mwm_galactic_core_dist_apogee_sparse mwm_galactic science 0 0 0.0 0.0 -999 ""
FIBERMAP 1066 R-11C10 BOSS 0 0 0 1 0 0 32.13567591710858 -226.6919081754532 143.1 224.0219709886457 47.24794182598563 264.93903 118.63448 -999.0 -999.0 -999.0 -999.0 -999.0 277.2963740696722 -34.48648563578761 277.39904725722306 -34.46729490508454 84.11307576791661 158.4815448742673 -999.0 5400.0 -999.0 1 417 {-999.0 -999.0 -999.0 -999.0 -999.0} "" -999.0 -999.0 -999.0 -999.0 -999 -999 "" "" "" "" 0 0 0.0 0.0 -999 ""
FIBERMAP 1066 R-11C10 METROLOGY 0 0 0 1 0 0 32.17849199698203 -225.93514103059772 143.1 223.264062393007 47.23996605639152 264.93903 118.63448 -999.0 -999.0 -999.0 -999.0 -999.0 277.29364718773087 -34.48650473065933 277.3963248630713 -34.46732677276207 84.11391925649106 158.50182794771467 -999.0 6231.0 -999.0 -1 -999 {-999.0 -999.0 -999.0 -999.0 -999.0} "" -999.0 -999.0 -999.0 -999.0 -999 -999 "" "" "" "" 0 0 0.0 0.0 -999 ""
FIBERMAP 1067 R+3C14 APOGEE 1 0 1 1 0 0 34.33318781181709 66.0155645418889 143.1 -68.16484215745078 29.832613708118412 10.67266 169.95851 276.2150233436196 -34.52337949578758 -0.35483477 -7.969662 0.08942572 276.2218708012601 -34.538697228026884 276.3253058461354 -34.5222758090595 84.34010071975881 167.01130653173624 16000.0 16600.0 2016.0 2 122 {-999.0 14.573824 13.288377 12.718714 -999.0} sdss_psfmag_from_g3xp 14.076203 13.231382 12.33395 10.253 63050395230917354 1151996022 bright_1x1 mwm_galactic_core_dist_apogee_sparse mwm_galactic science 0 0 0.0 0.0 -999 ""
FIBERMAP 1067 R+3C14 BOSS 0 0 1 1 0 0 35.0630714643674 65.92785703973269 143.1 -68.12622806714342 30.566707328149793 10.67266 169.95851 -999.0 -999.0 -999.0 -999.0 -999.0 276.2219853946713 -34.5364711586264 276.3254057786496 -34.52002948647771 84.34226251241492 167.00505984032512 -999.0 5400.0 -999.0 1 102 {-999.0 -999.0 -999.0 -999.0 -999.0} "" -999.0 -999.0 -999.0 -999.0 -999 -999 "" "" "" "" 0 0 0.0 0.0 -999 ""
FIBERMAP 1067 R+3C14 METROLOGY 0 0 1 1 0 0 34.62881752377164 65.32200699405249 143.1 -67.49267066927483 30.174028772053404 10.67266 169.95851 -999.0 -999.0 -999.0 -999.0 -999.0 276.2243023700091 -34.537665302467076 276.3277278685687 -34.52122314168658 84.34064650013246 166.98910837782196 -999.0 6231.0 -999.0 -1 -999 {-999.0 -999.0 -999.0 -999.0 -999.0} "" -999.0 -999.0 -999.0 -999.0 -999 -999 "" "" "" "" 0 0 0.0 0.0 -999 ""
FIBERMAP 1072 R-5C17 APOGEE 0 0 0 1 0 0 128.30850127827603 -90.70993454914921 143.1 81.90786050088704 134.09219961185636 348.85648 164.32462 -999.0 -999.0 -999.0 -999.0 -999.0 276.77477867623094 -34.223890463481084 276.87674474063795 -34.20614087123253 84.51268513136579 161.58626869811383 -999.0 16600.0 -999.0 2 -999 {-999.0 -999.0 -999.0 -999.0 -999.0} "" -999.0 -999.0 -999.0 -999.0 -999 -999 "" "" "" "" 0 0 0.0 0.0 -999 ""
FIBERMAP 1072 R-5C17 BOSS 1 1 0 1 0 0 128.96640136626408 -91.02024530222492 143.1 82.17339195150868 134.76938561036232 348.85648 164.32462 276.77581787109375 -34.221817218799615 -999.0 -999.0 -999.0 276.77579873908985 -34.221805349183825 276.8777481141759 -34.20403435341162 84.51439330219658 161.570726561466 5400.0 5400.0 2015.5 1 296 {-999.0 -999.0 -999.0 -999.0 -999.0} "" -999.0 -999.0 -999.0 -999.0 27021603147017643 852437566 "" ops_sky_boss_fallback ops_sky sky_boss 0 0 0.0 0.0 -999 ""
FIBERMAP 1072 R-5C17 METROLOGY 0 0 0 1 0 0 128.35466495093402 -91.45650479508915 143.1 82.64963490695884 134.188269042584 348.85648 164.32462 -999.0 -999.0 -999.0 -999.0 -999.0 276.7775564655795 -34.223545012245026 276.8795138363279 -34.20577446274249 84.51226508754387 161.56241741055484 -999.0 6231.0 -999.0 -1 -999 {-999.0 -999.0 -999.0 -999.0 -999.0} "" -999.0 -999.0 -999.0 -999.0 -999 -999 "" "" "" "" 0 0 0.0 0.0 -999 ""
FIBERMAP 1073 R+13C13 APOGEE 1 1 0 1 0 0 122.74946909220702 266.5844325716438 143.1 -274.198886422104 104.61149223961726 101.570305 106.85025 275.4708121958073 -34.30733176503142 -1.4467928 -3.855533 0.063653044 275.47081994215006 -34.30735314752007 275.5737430545021 -34.29293897712676 84.68040761715977 172.94150369812598 16000.0 16600.0 2016.0 2 58 {-999.0 15.662061 14.212584 13.518306 -999.0} sdss_psfmag_from_g3xp 15.051477 14.089291 13.114025 10.894 63050395231429980 1151996577 bright_1x1 mwm_galactic_core_dist_apogee_sparse mwm_galactic science 0 0 0.0 0.0 -999 ""
FIBERMAP 1073 R+13C13 BOSS 0 0 0 1 0 0 123.36223349021938 266.96853203967584 143.1 -274.6231572277148 105.19712852920584 101.570305 106.85025 -999.0 -999.0 -999.0 -999.0 -999.0 275.4693670732179 -34.30560905493212 275.57228113738097 -34.29117936985174 84.68230927922556 172.95195584206996 -999.0 5400.0 -999.0 1 96 {-999.0 -999.0 -999.0 -999.0 -999.0} "" -999.0 -999.0 -999.0 -999.0 -999 -999 "" "" "" "" 0 0 0.0 0.0 -999 ""
FIBERMAP 1073 R+13C13 METROLOGY 0 0 0 1 0 0 123.3974693548034 266.20793883335693 143.1 -273.8666598275467 105.28323445275717 101.570305 106.85025 -999.0 -999.0 -999.0 -999.0 -999.0 275.47204337688026 -34.30534203667501 275.5749560483031 -34.290911133372276 84.68228772987248 172.92793628318637 -999.0 6231.0 -999.0 -1 -999 {-999.0 -999.0 -999.0 -999.0 -999.0} "" -999.0 -999.0 -999.0 -999.0 -999 -999 "" "" "" "" 0 0 0.0 0.0 -999 ""
FIBERMAP 1075 R-7C7 APOGEE 1 1 0 1 0 0 -68.42591165493648 -147.95612647770503 143.1 152.2022377438153 -58.358531768905515 328.58136 96.24792 277.0342824804404 -34.807321654433785 0.49899706 -2.5483398 0.35172093 277.03427995575623 -34.80732811413202 277.1383200032011 -34.788733903240846 83.89153087597823 161.51290953179503 16000.0 16600.0 2016.0 2 267 {-999.0 12.445497 11.023512 10.062589 -999.0} sdss_psfmag_from_g3xp 11.855452 10.698973 9.645655 7.211 63050396520222457 1153147471 bright_1x1 mwm_galactic_core_dist_apogee_sparse mwm_galactic science 0 0 0.0 0.0 -999 ""
FIBERMAP 1075 R-7C7 BOSS 0 0 0 1 0 0 -68.73912168004556 -148.62308124489948 143.1 152.88865197742754 -58.62634932341052 328.58136 96.24792 -999.0 -999.0 -999.0 -999.0 -999.0 277.03689343627224 -34.80817756989281 277.140925895945 -34.789554773803246 83.8900353549351 161.4965876483124 -999.0 5400.0 -999.0 1 362 {-999.0 -999.0 -999.0 -999.0 -999.0} "" -999.0 -999.0 -999.0 -999.0 -999 -999 "" "" "" "" 0 0 0.0 0.0 -999 ""
FIBERMAP 1075 R-7C7 METROLOGY 0 0 0 1 0 0 -69.17050353595407 -148.03318001362746 143.1 152.32899403060372 -59.096263080462535 328.58136 96.24792 -999.0 -999.0 -999.0 -999.0 -999.0 277.0348541035307 -34.80960922108984 277.13889577851694 -34.790997352905016 83.88924068451723 161.51590764749255 -999.0 6231.0 -999.0 -1 -999 {-999.0 -999.0 -999.0 -999.0 -999.0} "" -999.0 -999.0 -999.0 -999.0 -999 -999 "" "" "" "" 0 0 0.0 0.0 -999 ""
FIBERMAP 1076 R-13C6 APOGEE 1 1 0 1 0 0 -44.844796882415494 -251.9096309987435 143.1 254.33890648501873 -27.867606383086876 163.31366 132.36124 277.40861624533557 -34.71333763188713 2.7153797 -5.2956266 0.05105861 277.4086692334028 -34.713342814054776 277.5121521851871 -34.693815040495906 83.86817325184626 158.5047793599585 16000.0 16600.0 2016.0 2 263 {-999.0 14.588419 13.235048 12.649602 -999.0} sdss_psfmag_from_g3xp 14.053456 13.175784 12.258859 10.127 63050396520127531 1153147465 bright_1x1 mwm_galactic_core_dist_apogee_sparse mwm_galactic science 0 0 0.0 0.0 -999 ""
FIBERMAP 1076 R-13C6 BOSS 0 0 0 1 0 0 -45.1762839189672 -251.22175003438159 143.1 253.67480063098688 -28.244416694758606 163.31366 132.36124 -999.0 -999.0 -999.0 -999.0 -999.0 277.40627592948056 -34.71451923751254 277.50975372610105 -34.69497603005904 83.8678721509946 158.52601616773288 -999.0 5400.0 -999.0 1 357 {-999.0 -999.0 -999.0 -999.0 -999.0} "" -999.0 -999.0 -999.0 -999.0 -999 -999 "" "" "" "" 0 0 0.0 0.0 -999 ""
FIBERMAP 1076 R-13C6 METROLOGY 0 0 0 1 0 0 -44.41971621235506 -251.28259397871025 143.1 253.68482495188024 -27.485499435554786 163.31366 132.36124 -999.0 -999.0 -999.0 -999.0 -999.0 277.40635007201496 -34.71222160187692 277.5098221942901 -34.692684923231475 83.86996046400937 158.51717675009476 -999.0 6231.0 -999.0 -1 -999 {-999.0 -999.0 -999.0 -999.0 -999.0} "" -999.0 -999.0 -999.0 -999.0 -999 -999 "" "" "" "" 0 0 0.0 0.0 -999 ""
FIBERMAP 1077 R-13C11 APOGEE 1 1 0 1 0 0 69.82077225689528 -238.42582658193146 143.1 233.2046750724606 85.63308190774444 145.87671 91.37753 277.32885225619225 -34.370238130340546 -0.7692045 -2.9041212 0.0993012 277.32883280267964 -34.37024502061251 277.4310605643818 -34.351026593525226 84.20948010968894 157.7918620964079 16000.0 16600.0 2016.0 2 159 {-999.0 15.601866 13.640528 12.000088 -999.0} sdss_psfmag_gaia 14.429435 12.730287 11.47936 8.581 63050396520926764 1155462756 bright_1x1 mwm_galactic_core_dist_apogee_sparse mwm_galactic science 0 0 0.0 0.0 -999 ""
FIBERMAP 1077 R-13C11 BOSS 0 0 0 1 0 0 70.22512664106367 -237.77695411991738 143.1 232.53019632696052 85.99304715227709 145.87671 91.37753 -999.0 -999.0 -999.0 -999.0 -999.0 277.3263983831825 -34.3691756200984 277.428612872965 -34.349943845579695 84.21128114974141 157.805924464547 -999.0 5400.0 -999.0 1 351 {-999.0 -999.0 -999.0 -999.0 -999.0} "" -999.0 -999.0 -999.0 -999.0 -999 -999 "" "" "" "" 0 0 0.0 0.0 -999 ""
FIBERMAP 1077 R-13C11 METROLOGY 0 0 0 1 0 0 70.5675962660314 -238.46217418973612 143.1 233.19091165847126 86.38063674612755 145.87671 91.37753 -999.0 -999.0 -999.0 -999.0 -999.0 277.3288397262293 -34.36797719785059 277.4310513823149 -34.34874516622102 84.21157368373225 157.78287464540807 -999.0 6231.0 -999.0 -1 -999 {-999.0 -999.0 -999.0 -999.0 -999.0} "" -999.0 -999.0 -999.0 -999.0 -999 -999 "" "" "" "" 0 0 0.0 0.0 -999 ""
FIBERMAP 1079 R+9C17 APOGEE 0 0 0 1 0 0 183.75960930564477 183.7996223294885 143.1 -195.6898992862558 171.02799785424875 66.602936 74.80886 -999.0 -999.0 -999.0 -999.0 -999.0 275.75971906085437 -34.10883707514527 275.86175585876595 -34.093737467975785 84.83990548953636 170.02328029449956 -999.0 16600.0 -999.0 2 -999 {-999.0 -999.0 -999.0 -999.0 -999.0} "" -999.0 -999.0 -999.0 -999.0 -999 -999 "" "" "" "" 0 0 0.0 0.0 -999 ""
FIBERMAP 1079 R+9C17 BOSS 1 1 0 1 0 0 184.33368384964166 183.38200861430454 143.1 -195.31169441727624 171.62873756021182 66.602936 74.80886 275.76129327042213 -34.10655413508438 -50.10656 -170.23059 13.491235 275.7611240383212 -34.107047977468895 275.86314914877073 -34.09192625389992 84.84147482807278 170.00697851511097 5400.0 5400.0 2016.0 1 251 {-999.0 19.088297 17.112299 15.336838 -999.0} sdss_psfmag_gaia 17.809027 16.07104 14.754634 12.281 63050395231123027 1132482091 dark_2x1 mwm_snc_100pc_boss mwm_snc science 0 0 0.0 0.0 -999 ""
FIBERMAP 1079 R+9C17 METROLOGY 0 0 0 1 0 0 183.65789040741646 183.05857477194627 143.1 -194.94372864131594 170.97615218274638 66.602936 74.80886 -999.0 -999.0 -999.0 -999.0 -999.0 275.76238453044186 -34.10898461864021 275.8644175312485 -34.09386444586772 84.83937693241617 169.99944712508386 -999.0 6231.0 -999.0 -1 -999 {-999.0 -999.0 -999.0 -999.0 -999.0} "" -999.0 -999.0 -999.0 -999.0 -999 -999 "" "" "" "" 0 0 0.0 0.0 -999 ""
FIBERMAP 1082 R-2C22 APOGEE 0 0 0 1 0 0 202.757342941549 -26.084009746633605 143.1 12.442228467767759 204.04202480733164 82.66097 119.76013 -999.0 -999.0 -999.0 -999.0 -999.0 276.520604248248 -34.01206040677234 276.6219042844406 -33.99502923193457 84.78041188763092 163.00140548159493 -999.0 16600.0 -999.0 2 -999 {-999.0 -999.0 -999.0 -999.0 -999.0} "" -999.0 -999.0 -999.0 -999.0 -999 -999 "" "" "" "" 0 0 0.0 0.0 -999 ""
FIBERMAP 1082 R-2C22 BOSS 1 1 0 1 0 0 203.4096954855987 -25.783365030885733 143.1 12.098570074732539 204.6727493645206 82.66097 119.76013 276.51935963125425 -34.010095067214664 -2.737908 -4.07267 0.22026347 276.51936472331494 -34.010121697803385 276.620650840287 -33.993075671912386 84.78259068752725 163.00565251887878 5400.0 5400.0 2016.0 1 311 {-999.0 18.299133 17.849716 17.703375 -999.0} sdss_psfmag_gaia 17.851236 17.879545 17.00962 -999.0 63050395231181245 979951316 "" ops_std_boss ops_std standard_boss 0 0 0.0 0.0 -999 ""
FIBERMAP 1082 R-2C22 METROLOGY 0 0 0 1 0 0 203.35885363600218 -26.52862542478111 143.1 12.845535802740404 204.67194686487585 82.66097 119.76013 -999.0 -999.0 -999.0 -999.0 -999.0 276.5220953959354 -34.01009611978825 276.6233821015005 -33.99304835125681 84.78191811314981 162.98187347691118 -999.0 6231.0 -999.0 -1 -999 {-999.0 -999.0 -999.0 -999.0 -999.0} "" -999.0 -999.0 -999.0 -999.0 -999 -999 "" "" "" "" 0 0 0.0 0.0 -999 ""
FIBERMAP 1084 R-6C17 APOGEE 1 1 0 1 0 0 145.0716684075905 -127.04434980090974 143.1 117.03644461192938 153.2510805748092 328.5914 100.26709 276.90324648500297 -34.16609300410454 -2.195349 2.9476762 0.63173836 276.9032412162273 -34.16607221545193 277.0049239628505 -34.14800971622167 84.53068474700916 160.3336428869773 16000.0 16600.0 2016.0 2 209 {-999.0 12.272507 10.991133 10.472393 -999.0} sdss_psfmag_from_g3xp 11.775403 10.967159 10.089022 8.15 63050395230989314 1151996137 bright_1x1 mwm_galactic_core_dist_apogee_sparse mwm_galactic science 0 0 0.0 0.0 -999 ""
FIBERMAP 1084 R-6C17 BOSS 0 0 0 1 0 0 144.8558524364306 -127.75819520017141 143.1 117.76311827580166 153.0835759514712 328.5914 100.26709 -999.0 -999.0 -999.0 -999.0 -999.0 276.9059521843454 -34.166553730388586 277.00762650551496 -34.14846491850813 84.52946357603999 160.31341395351248 -999.0 5400.0 -999.0 1 295 {-999.0 -999.0 -999.0 -999.0 -999.0} "" -999.0 -999.0 -999.0 -999.0 -999 -999 "" "" "" "" 0 0 0.0 0.0 -999 ""
FIBERMAP 1084 R-6C17 METROLOGY 0 0 0 1 0 0 144.3361287994824 -127.19143926041889 143.1 117.23247063070647 152.52707243330025 328.5914 100.26709 -999.0 -999.0 -999.0 -999.0 -999.0 276.904035172123 -34.16820765072046 277.00571920088623 -34.15012870209562 84.5284702338261 160.33509480218967 -999.0 6231.0 -999.0 -1 -999 {-999.0 -999.0 -999.0 -999.0 -999.0} "" -999.0 -999.0 -999.0 -999.0 -999 -999 "" "" "" "" 0 0 0.0 0.0 -999 ""
FIBERMAP 1088 R+6C21 APOGEE 1 0 0 1 1 0 229.1913336291705 100.39069145347042 143.1 -115.51465194942752 221.9434410655837 313.3372 88.11978 276.0374681471715 -34.00237044979681 -0.31696463 2.9493573 0.17305742 276.05388765048184 -33.956724542553324 276.1552113396748 -33.94091244385158 84.9382282752488 166.9929583935623 16000.0 16600.0 2016.0 2 88 {-999.0 14.052402 12.608642 11.761093 -999.0} sdss_psfmag_from_g3xp 13.465947 12.380808 11.349777 8.971 63050395231138906 1151996255 bright_1x1 mwm_galactic_core_dist_apogee_sparse mwm_galactic science 0 0 0.0 0.0 -999 ""
FIBERMAP 1088 R+6C21 BOSS 0 0 0 1 1 0 228.63972688278477 99.90652475672017 143.1 -114.99463905269018 221.42552616742498 313.3372 88.11978 -999.0 -999.0 -999.0 -999.0 -999.0 276.055758076213 -33.95829172043553 276.1570812832889 -33.942455865802046 84.93636073857282 166.9800327850728 -999.0 5400.0 -999.0 1 262 {-999.0 -999.0 -999.0 -999.0 -999.0} "" -999.0 -999.0 -999.0 -999.0 -999 -999 "" "" "" "" 0 0 0.0 0.0 -999 ""
FIBERMAP 1088 R+6C21 METROLOGY 0 0 0 1 1 0 228.48388241596902 100.62528977235685 143.1 -115.70132439748213 221.2218888103396 313.3372 88.11978 -999.0 -999.0 -999.0 -999.0 -999.0 276.05315065566657 -33.95885143305782 276.15447877826523 -33.94302735965442 84.93631780038386 167.00533198199795 -999.0 6231.0 -999.0 -1 -999 {-999.0 -999.0 -999.0 -999.0 -999.0} "" -999.0 -999.0 -999.0 -999.0 -999 -999 "" "" "" "" 0 0 0.0 0.0 -999 ""
FIBERMAP 1089 R+7C13 APOGEE 1 1 0 1 0 0 51.091584060883065 118.63881495870457 143.1 -121.79063081937547 43.02765747148186 287.46912 77.87288 276.0248762484894 -34.49764056732051 -3.6522915 -3.0876625 0.120090276 276.0248665286451 -34.49764638533474 276.12824335561777 -34.48174519521072 84.41610008245004 168.53372348287846 16000.0 16600.0 2016.0 2 91 {-999.0 14.717487 13.521705 13.009384 -999.0} sdss_psfmag_gaia 14.288454 13.503607 12.6414585 10.687 63050395231044195 1154351322 bright_1x1 mwm_galactic_core_dist_apogee_sparse mwm_galactic science 0 0 0.0 0.0 -999 ""
FIBERMAP 1089 R+7C13 BOSS 0 0 0 1 0 0 50.36858157617938 118.53067639979767 143.1 -121.6343066617027 42.3135486129675 287.46912 77.87288 -999.0 -999.0 -999.0 -999.0 -999.0 276.02535190027055 -34.499815141188286 276.1287313504564 -34.4838915378735 84.41391718045601 168.53433418803527 -999.0 5400.0 -999.0 1 156 {-999.0 -999.0 -999.0 -999.0 -999.0} "" -999.0 -999.0 -999.0 -999.0 -999 -999 "" "" "" "" 0 0 0.0 0.0 -999 ""
FIBERMAP 1089 R+7C13 METROLOGY 0 0 0 1 0 0 50.64280981560275 119.22775838331341 143.1 -122.34816806726501 42.54045517034822 287.46912 77.87288 -999.0 -999.0 -999.0 -999.0 -999.0 276.0227176896818 -34.499101276662955 276.126097255491 -34.483190493768404 84.41505997313988 168.55462367185223 -999.0 6231.0 -999.0 -1 -999 {-999.0 -999.0 -999.0 -999.0 -999.0} "" -999.0 -999.0 -999.0 -999.0 -999 -999 "" "" "" "" 0 0 0.0 0.0 -999 ""
FIBERMAP 1090 R+2C22 APOGEE 0 0 0 1 0 0 218.11813636520424 31.742488527525545 143.1 -46.281313561713645 215.49410057182496 9.893277 78.55907 -999.0 -999.0 -999.0 -999.0 -999.0 276.3062241961902 -33.976961890443235 276.4074997211761 -33.96049343645653 84.8654809831332 164.77357727725854 -999.0 16600.0 -999.0 2 -999 {-999.0 -999.0 -999.0 -999.0 -999.0} "" -999.0 -999.0 -999.0 -999.0 -999 -999 "" "" "" "" 0 0 0.0 0.0 -999 ""
FIBERMAP 1090 R+2C22 BOSS 1 1 0 1 0 0 218.09237287415422 31.010412846816713 143.1 -45.54918240729323 215.51743599506563 9.893277 78.55907 276.30889892578125 -33.97687385539389 -999.0 -999.0 -999.0 276.3088937163954 -33.97687548824113 276.4101611516478 -33.96038166691853 84.86497665467957 164.74953253437943 5400.0 5400.0 2015.5 1 232 {-999.0 -999.0 -999.0 -999.0 -999.0} "" -999.0 -999.0 -999.0 -999.0 27021603147018544 852437795 "" ops_sky_boss_fallback ops_sky sky_boss 0 0 0.0 0.0 -999 ""
FIBERMAP 1090 R+2C22 METROLOGY 0 0 0 1 0 0 217.46537297908563 31.377251373693852 143.1 -45.873182588742196 214.86729301449586 9.893277 78.55907 -999.0 -999.0 -999.0 -999.0 -999.0 276.30768639796327 -33.978791709111015 276.4089634353146 -33.96230565935516 84.86340340729103 164.7661526564585 -999.0 6231.0 -999.0 -1 -999 {-999.0 -999.0 -999.0 -999.0 -999.0} "" -999.0 -999.0 -999.0 -999.0 -999 -999 "" "" "" "" 0 0 0.0 0.0 -999 ""
FIBERMAP 1097 R-1C6 APOGEE 0 0 0 1 0 0 -149.37152940335122 -18.339951370363266 143.1 28.304173663494065 -147.8021579716383 43.404358 68.8167 -999.0 -999.0 -999.0 -999.0 -999.0 276.5759885280604 -35.07875014749301 276.68130632550935 -35.0612526749585 83.74477113007771 165.5951232021749 -999.0 16600.0 -999.0 2 -999 {-999.0 -999.0 -999.0 -999.0 -999.0} "" -999.0 -999.0 -999.0 -999.0 -999 -999 "" "" "" "" 0 0 0.0 0.0 -999 ""
FIBERMAP 1097 R-1C6 BOSS 1 1 0 1 0 0 -149.10842597704627 -19.17545721495521 143.1 29.120148431143665 -147.48368617629902 43.404358 68.8167 276.57901817746995 -35.07787773468925 -1.7654623 -1.5781914 0.35741112 276.5790387666741 -35.077877963120784 276.68434399434443 -35.060350243209626 83.74497967095779 165.57092138582908 5400.0 5400.0 2016.0 1 461 {-999.0 17.892048 17.565027 17.468159 -999.0} sdss_psfmag_gaia 17.86207 17.579767 17.15223 15.694 63050396520146322 980167829 "" ops_std_boss ops_std standard_boss 0 0 0.0 0.0 -999 ""
FIBERMAP 1097 R-1C6 METROLOGY 0 0 0 1 0 0 -149.8172023378417 -18.94067913920597 143.1 28.933385405080106 -148.20657259708324 43.404358 68.8167 -999.0 -999.0 -999.0 -999.0 -999.0 276.5783413854548 -35.080074799960386 276.68365758184495 -35.06255462359653 83.74300430103979 165.58127479535008 -999.0 6231.0 -999.0 -1 -999 {-999.0 -999.0 -999.0 -999.0 -999.0} "" -999.0 -999.0 -999.0 -999.0 -999 -999 "" "" "" "" 0 0 0.0 0.0 -999 ""
FIBERMAP 1102 R+4C17 APOGEE 1 1 0 1 0 0 106.06148434051478 72.8811288150669 143.1 -79.81966126689218 100.93733995151477 140.29572 171.42343 276.1806714864558 -34.322805835804566 -1.4522219 -0.0015287644 0.29063562 276.1806773602726 -34.322790324306915 276.28331543335685 -34.3065405219255 84.55784597513245 166.8238433309489 16000.0 16600.0 2016.0 2 66 {-999.0 14.218858 12.793874 12.021552 -999.0} sdss_psfmag_from_g3xp 13.639532 12.617018 11.618912 9.427 63050395231071009 1151996087 bright_1x1 mwm_galactic_core_dist_apogee_sparse mwm_galactic science 0 0 0.0 0.0 -999 ""
FIBERMAP 1102 R+4C17 BOSS 0 0 0 1 0 0 105.55316419449952 73.42840434144578 143.1 -80.33163684139362 100.3935188549027 140.29572 171.42343 -999.0 -999.0 -999.0 -999.0 -999.0 276.1787417252953 -34.324400415372 276.28138087546904 -34.30813527844733 84.5566836088907 166.84424791437422 -999.0 5400.0 -999.0 1 218 {-999.0 -999.0 -999.0 -999.0 -999.0} "" -999.0 -999.0 -999.0 -999.0 -999 -999 "" "" "" "" 0 0 0.0 0.0 -999 ""
FIBERMAP 1102 R+4C17 METROLOGY 0 0 0 1 0 0 106.28306263503916 73.59131477903601 143.1 -80.54306985044086 101.11083888788856 140.29572 171.42343 -999.0 -999.0 -999.0 -999.0 -999.0 276.1779720373689 -34.32220660862168 276.28060497528224 -34.30594974708527 84.55895917694528 166.8452543378463 -999.0 6231.0 -999.0 -1 -999 {-999.0 -999.0 -999.0 -999.0 -999.0} "" -999.0 -999.0 -999.0 -999.0 -999 -999 "" "" "" "" 0 0 0.0 0.0 -999 ""
FIBERMAP 1110 R-12C9 APOGEE 0 0 0 1 0 0 8.712131334097803 -225.93302981339275 143.1 224.8339155745963 23.82700679332623 170.7958 98.31166 -999.0 -999.0 -999.0 -999.0 -999.0 277.2998010009539 -34.5573722447418 277.40275088495116 -34.53817154024552 84.04654503313222 158.7203114087702 -999.0 16600.0 -999.0 2 -999 {-999.0 -999.0 -999.0 -999.0 -999.0} "" -999.0 -999.0 -999.0 -999.0 -999 -999 "" "" "" "" 0 0 0.0 0.0 -999 ""
FIBERMAP 1110 R-12C9 BOSS 1 1 0 1 0 0 8.686717982609204 -225.20088953299427 143.1 224.1051481913356 23.752606969552403 170.7958 98.31166 277.297162657904 -34.55760143293964 -1.159848 -6.0512643 5.8913565 277.2971972037082 -34.55762349697368 277.4001389762607 -34.53840876589286 84.04715466990528 158.74033709966153 5400.0 5400.0 2016.0 1 367 {-999.0 20.424118 19.72031 19.466448 -999.0} sdss_psfmag_gaia 20.099333 19.763784 18.987997 -999.0 63050396520247135 1143422161 dark_2x1 mwm_wd_pwd_boss_2x1 mwm_wd science 0 0 0.0 0.0 -999 ""
FIBERMAP 1110 R-12C9 METROLOGY 0 0 0 1 0 0 9.361140932291804 -225.56116322676772 143.1 224.41942175305175 24.449625036654265 170.7958 98.31166 -999.0 -999.0 -999.0 -999.0 -999.0 277.29837097744155 -34.55549877834884 277.401307040662 -34.53628753226826 84.04874182207831 158.72389656838595 -999.0 6231.0 -999.0 -1 -999 {-999.0 -999.0 -999.0 -999.0 -999.0} "" -999.0 -999.0 -999.0 -999.0 -999 -999 "" "" "" "" 0 0 0.0 0.0 -999 ""
FIBERMAP 1117 R-12C14 APOGEE 1 1 0 1 0 0 129.12582300346637 -249.19996899401406 143.1 239.98152015592538 145.52455321640997 281.35187 83.35307 277.35159321662707 -34.18932065551921 -0.56886834 -1.1141425 0.5532255 277.3515829900549 -34.18933193179889 277.4531185375022 -34.170110025490374 84.36725333854238 156.88349987778398 16000.0 16600.0 2016.0 2 233 {-999.0 16.138725 15.153691 14.764073 -999.0} sdss_psfmag_gaia 15.790078 15.1791115 14.378012 12.799 63050396520971410 1034721256 bright_1x1 mwm_yso_variable_apogee_single mwm_yso science 0 0 0.0 0.0 -999 ""
FIBERMAP 1117 R-12C14 BOSS 0 0 0 1 0 0 128.40156205387265 -249.30285565307187 143.1 240.1326886987049 144.80883695127397 281.35187 83.35307 -999.0 -999.0 -999.0 -999.0 -999.0 277.3521461441971 -34.191519703656994 277.4536789888215 -34.172276432756256 84.36508981923356 156.8883586685718 -999.0 5400.0 -999.0 1 342 {-999.0 -999.0 -999.0 -999.0 -999.0} "" -999.0 -999.0 -999.0 -999.0 -999 -999 "" "" "" "" 0 0 0.0 0.0 -999 ""
FIBERMAP 1117 R-12C14 METROLOGY 0 0 0 1 0 0 128.68363386288172 -248.60337481911657 143.1 239.41590849274957 145.0434084880077 281.35187 83.35307 -999.0 -999.0 -999.0 -999.0 -999.0 277.34959103901605 -34.19078037300859 277.4511254792121 -34.17154934775979 84.36662763390243 156.90486820136027 -999.0 6231.0 -999.0 -1 -999 {-999.0 -999.0 -999.0 -999.0 -999.0} "" -999.0 -999.0 -999.0 -999.0 -999 -999 "" "" "" "" 0 0 0.0 0.0 -999 ""
FIBERMAP 1119 R-13C14 APOGEE 0 0 0 1 0 0 138.88709968325867 -233.93605250521247 143.1 224.09854477697877 154.24106175063116 157.92563 60.026016 -999.0 -999.0 -999.0 -999.0 -999.0 277.293603688961 -34.16310077700141 277.3950715357922 -34.144035773772046 84.4108029399729 157.2212596740362 -999.0 16600.0 -999.0 2 -999 {-999.0 -999.0 -999.0 -999.0 -999.0} "" -999.0 -999.0 -999.0 -999.0 -999 -999 "" "" "" "" 0 0 0.0 0.0 -999 ""
FIBERMAP 1119 R-13C14 BOSS 1 1 0 1 0 0 139.50450449760703 -233.4803866203473 143.1 223.60255999527772 154.82653379266733 157.92563 60.026016 277.29173763320216 -34.1613301925638 7.3767824 -2.995004 -0.9945599 277.29178397486976 -34.16136078885224 277.3932358917358 -34.14228184406619 84.41302485591962 157.228129290448 5400.0 5400.0 2016.0 1 343 {-999.0 16.677446 15.878925 15.581962 -999.0} sdss_psfmag_gaia 15.879384 15.92064 14.667631 13.174 63050396520960758 1093591324 bright_1x1 mwm_astar_core_boss_single mwm_ob science 0 0 0.0 0.0 -999 ""
FIBERMAP 1119 R-13C14 METROLOGY 0 0 0 1 0 0 139.58137508671388 -234.21440458613375 143.1 224.3297537731419 154.95239922688046 157.92563 60.026016 -999.0 -999.0 -999.0 -999.0 -999.0 277.29447019066373 -34.160944298637986 277.39592205785493 -34.141864006224765 84.41249647555689 157.20553763850202 -999.0 6231.0 -999.0 -1 -999 {-999.0 -999.0 -999.0 -999.0 -999.0} "" -999.0 -999.0 -999.0 -999.0 -999 -999 "" "" "" "" 0 0 0.0 0.0 -999 ""
FIBERMAP 1120 R-8C16 APOGEE 0 0 0 1 0 0 121.34554743378936 -140.86825985305217 143.1 132.41817321637143 130.50512826670516 178.39682 60.207207 -999.0 -999.0 -999.0 -999.0 -999.0 276.95979660906715 -34.23488304855331 277.0617086388503 -34.216654220351614 84.44978281403647 160.132321361207 -999.0 16600.0 -999.0 2 -999 {-999.0 -999.0 -999.0 -999.0 -999.0} "" -999.0 -999.0 -999.0 -999.0 -999 -999 "" "" "" "" 0 0 0.0 0.0 -999 ""
FIBERMAP 1120 R-8C16 BOSS 1 1 0 1 0 0 121.73072823253403 -140.1904252004373 143.1 131.71608275891086 130.84402356081227 178.39682 60.207207 276.95729635981405 -34.23383033126931 -1.754515 -3.3679917 0.207253 276.9572842001974 -34.23383361586518 277.0591845389863 -34.2155921226355 84.4515238560396 160.14851862916862 5400.0 5400.0 2016.0 1 293 {-999.0 17.75409 17.407406 17.302622 -999.0} sdss_psfmag_gaia 17.724508 17.42492 16.99334 16.015 63050395230979214 977064899 "" ops_std_boss ops_std standard_boss 0 0 0.0 0.0 -999 ""
FIBERMAP 1120 R-8C16 METROLOGY 0 0 0 1 0 0 122.09352877075665 -140.8635549253459 143.1 132.36337340896415 131.25108777373728 178.39682 60.207207 -999.0 -999.0 -999.0 -999.0 -999.0 276.95966555491964 -34.232580191658194 277.06156250408003 -34.214338469037884 84.45198722136445 160.12487919868815 -999.0 6231.0 -999.0 -1 -999 {-999.0 -999.0 -999.0 -999.0 -999.0} "" -999.0 -999.0 -999.0 -999.0 -999 -999 "" "" "" "" 0 0 0.0 0.0 -999 ""
FIBERMAP 1122 R-6C16 APOGEE 0 0 0 1 0 0 107.39301856160651 -103.55465471526837 143.1 96.12435498311936 114.08487880781854 115.87147 112.031715 -999.0 -999.0 -999.0 -999.0 -999.0 276.8270038893336 -34.284518097591985 276.9291712953194 -34.26661574817214 84.44116321496998 161.37323729057326 -999.0 16600.0 -999.0 2 -999 {-999.0 -999.0 -999.0 -999.0 -999.0} "" -999.0 -999.0 -999.0 -999.0 -999 -999 "" "" "" "" 0 0 0.0 0.0 -999 ""
FIBERMAP 1122 R-6C16 BOSS 1 1 0 1 0 0 107.87721949187585 -102.99780466664055 143.1 95.53633994145062 114.53067279171914 115.87147 112.031715 276.82468709538574 -34.283088527210026 -12.040091 -15.745886 0.11738623 276.824904336694 -34.283135234337735 276.92705908816185 -34.26521906597191 84.44306754394869 161.38532853940535 5400.0 5400.0 2016.0 1 291 {-999.0 16.025978 15.235254 14.941923 -999.0} sdss_psfmag_gaia 15.795672 15.277267 14.592206 13.179 63050395230976424 1071903713 dark_flexible_2x1 mwm_halo_mp_xp_boss mwm_halo science 0 0 0.7681541442871094 0.0 -999 ""
FIBERMAP 1122 R-6C16 METROLOGY 0 0 0 1 0 0 108.1245913969114 -103.7105373744709 143.1 96.23087552167539 114.82522465935634 115.87147 112.031715 -999.0 -999.0 -999.0 -999.0 -999.0 276.82746061918186 -34.282226494392184 276.92961304211804 -34.26430959406516 84.4432101605717 161.36163969664747 -999.0 6231.0 -999.0 -1 -999 {-999.0 -999.0 -999.0 -999.0 -999.0} "" -999.0 -999.0 -999.0 -999.0 -999 -999 "" "" "" "" 0 0 0.0 0.0 -999 ""
FIBERMAP 1123 R-1C3 APOGEE 1 1 0 1 0 0 -253.3588196848071 -25.4692842549523 143.1 42.383118166379944 -251.07460385405267 241.36575 66.33802 276.62716318352057 -35.390223247067865 2.1372998 -0.20514922 0.21195102 276.62718072457506 -35.39019949413144 276.7336731430157 -35.37247558395892 83.43325086091015 165.9584809273864 16000.0 16600.0 2016.0 2 248 {-999.0 14.061927 12.902198 12.429672 -999.0} sdss_psfmag_from_g3xp 13.637239 12.890691 12.053759 10.128 63050396519806063 1153146983 bright_1x1 mwm_galactic_core_dist_apogee_sparse mwm_galactic science 0 0 0.0 0.0 -999 ""
FIBERMAP 1123 R-1C3 BOSS 0 0 0 1 0 0 -253.8550029037912 -24.867403436878504 143.1 41.815848866328814 -251.60997360394572 241.36575 66.33802 -999.0 -999.0 -999.0 -999.0 -999.0 276.62508028592157 -35.39184253232311 276.7315722898626 -35.37409968610049 83.43212809142508 165.97663626233347 -999.0 5400.0 -999.0 1 511 {-999.0 -999.0 -999.0 -999.0 -999.0} "" -999.0 -999.0 -999.0 -999.0 -999 -999 "" "" "" "" 0 0 0.0 0.0 -999 ""
FIBERMAP 1123 R-1C3 METROLOGY 0 0 0 1 0 0 -253.10177516476008 -24.762170776839195 143.1 41.660399254265684 -250.8655137958549 241.36575 66.33802 -999.0 -999.0 -999.0 -999.0 -999.0 276.62451824951535 -35.38964536892009 276.73100427230236 -35.37191140074956 83.43436155511978 165.97557421723593 -999.0 6231.0 -999.0 -1 -999 {-999.0 -999.0 -999.0 -999.0 -999.0} "" -999.0 -999.0 -999.0 -999.0 -999 -999 "" "" "" "" 0 0 0.0 0.0 -999 ""
FIBERMAP 1124 R-4C19 APOGEE 1 1 0 1 0 0 158.1363908443 -69.61495869252217 143.1 58.86291239042885 162.4389255918089 21.244843 162.17915 276.6903016860489 -34.13801293577137 -5.552382 -4.7929296 0.07007801 276.69028355785645 -34.13802527774853 276.7919701250215 -34.12051915303202 84.61667253940486 161.98664749206483 16000.0 16600.0 2016.0 2 215 {-999.0 14.86223 13.62402 13.092124 -999.0} sdss_psfmag_from_g3xp 14.391118 13.584734 12.703996 10.647 63050395231020819 1151996082 bright_1x1 mwm_galactic_core_dist_apogee_sparse mwm_galactic science 0 0 0.0 0.0 -999 ""
FIBERMAP 1124 R-4C19 BOSS 0 0 0 1 0 0 158.88041561497917 -69.55422468088 143.1 58.752476381385954 163.17718429581896 21.244843 162.17915 -999.0 -999.0 -999.0 -999.0 -999.0 276.6899129307243 -34.13575212369503 276.7915831799853 -34.11822854937101 84.61894211220054 161.98189734410454 -999.0 5400.0 -999.0 1 307 {-999.0 -999.0 -999.0 -999.0 -999.0} "" -999.0 -999.0 -999.0 -999.0 -999 -999 "" "" "" "" 0 0 0.0 0.0 -999 ""
FIBERMAP 1124 R-4C19 METROLOGY 0 0 0 1 0 0 158.5585506985016 -70.22843678490608 143.1 59.446711164902595 162.90121775061232 21.244843 162.17915 -999.0 -999.0 -999.0 -999.0 -999.0 276.692462249776 -34.13656489807181 276.7941365049354 -34.11903992547338 84.617484312276 161.9634258338128 -999.0 6231.0 -999.0 -1 -999 {-999.0 -999.0 -999.0 -999.0 -999.0} "" -999.0 -999.0 -999.0 -999.0 -999 -999 "" "" "" "" 0 0 0.0 0.0 -999 ""
FIBERMAP 1128 R+2C19 APOGEE 1 1 0 1 0 0 118.56739978017899 35.737938138717475 143.1 -43.59896322985818 115.90286100524041 212.15823 93.00474 276.31398840234607 -34.27794500104985 -2.8528445 -5.3685284 0.10510495 276.31400575962147 -34.27794225974693 276.41640834905695 -34.26136252523051 84.5738032589364 165.57979565791248 16000.0 16600.0 2016.0 2 72 {-999.0 14.869413 13.556818 12.948696 -999.0} sdss_psfmag_from_g3xp 14.353853 13.48109 12.555361 10.481 63050395230947225 1151995965 bright_1x1 mwm_galactic_core_dist_apogee_sparse mwm_galactic science 0 0 0.0 0.0 -999 ""
FIBERMAP 1128 R+2C19 BOSS 0 0 0 1 0 0 118.12869384930386 36.33539005292948 143.1 -44.16566400777009 115.42513408090399 212.15823 93.00474 -999.0 -999.0 -999.0 -999.0 -999.0 276.31189529015467 -34.27934353097281 276.4142977294772 -34.26274915087176 84.57292486419792 165.60145044919815 -999.0 5400.0 -999.0 1 229 {-999.0 -999.0 -999.0 -999.0 -999.0} "" -999.0 -999.0 -999.0 -999.0 -999 -999 "" "" "" "" 0 0 0.0 0.0 -999 ""
FIBERMAP 1128 R+2C19 METROLOGY 0 0 0 1 0 0 118.86415322664104 36.41569364498948 143.1 -44.29505116887824 116.1535360122005 212.15823 93.00474 -999.0 -999.0 -999.0 -999.0 -999.0 276.3114271509642 -34.27711716373779 276.4138232678165 -34.260530241385716 84.5751687616714 165.59927669890274 -999.0 6231.0 -999.0 -1 -999 {-999.0 -999.0 -999.0 -999.0 -999.0} "" -999.0 -999.0 -999.0 -999.0 -999 -999 "" "" "" "" 0 0 0.0 0.0 -999 ""
FIBERMAP 1133 R0C15 APOGEE 1 1 0 1 0 0 31.092195164516163 9.639406947251162 143.1 -11.700210227043014 30.375530048150793 47.90696 117.893654 276.42999219011557 -34.537819432084525 1.0351108 -1.2036408 0.13634327 276.4300024008498 -34.53781048820376 276.53332962566014 -34.520853156677454 84.29799309128255 165.3328000321767 16000.0 16600.0 2016.0 2 110 {-999.0 13.862676 12.372915 11.422242 -999.0} sdss_psfmag_from_g3xp 13.270528 12.086984 11.009968 8.509 63050395230889674 1151995905 bright_1x1 mwm_galactic_core_dist_apogee_sparse mwm_galactic science 0 0 0.0 0.0 -999 ""
FIBERMAP 1133 R0C15 BOSS 0 0 0 1 0 0 31.809855184972776 9.432082177411111 143.1 -11.54143296381855 31.105440822667187 47.90696 117.893654 -999.0 -999.0 -999.0 -999.0 -999.0 276.4305954442394 -34.53559610020182 276.53390698280737 -34.51861729510267 84.30001875645696 165.32213664704432 -999.0 5400.0 -999.0 1 188 {-999.0 -999.0 -999.0 -999.0 -999.0} "" -999.0 -999.0 -999.0 -999.0 -999 -999 "" "" "" "" 0 0 0.0 0.0 -999 ""
FIBERMAP 1133 R0C15 METROLOGY 0 0 0 1 0 0 31.25977114321283 8.912079280120434 143.1 -10.98576763604912 30.59144574258996 47.90696 117.893654 -999.0 -999.0 -999.0 -999.0 -999.0 276.43263475398805 -34.53715489702055 276.53595314920744 -34.520176205696295 84.29806374991905 165.31001279796334 -999.0 6231.0 -999.0 -1 -999 {-999.0 -999.0 -999.0 -999.0 -999.0} "" -999.0 -999.0 -999.0 -999.0 -999 -999 "" "" "" "" 0 0 0.0 0.0 -999 ""
FIBERMAP 1134 R-4C17 APOGEE 1 1 0 1 0 0 125.87646706891923 -62.099759484641005 143.1 53.52588141311308 129.74918220887866 106.26308 44.12947 276.67068006941435 -34.23689661308044 0.65643084 -3.39235 0.16790302 276.67070901313474 -34.23689015548957 276.7727771599481 -34.21940441319671 84.52819066838845 162.48270757807728 16000.0 16600.0 2016.0 2 210 {-999.0 14.317982 12.910877 12.239167 -999.0} sdss_psfmag_from_g3xp 13.747481 12.796669 11.837239 9.603 63050395231001579 1151995970 bright_1x1 mwm_galactic_core_dist_apogee_sparse mwm_galactic science 0 0 0.0 0.0 -999 ""
FIBERMAP 1134 R-4C17 BOSS 0 0 0 1 0 0 126.53608583072406 -62.46697667143277 143.1 53.84807432478065 130.43189499582 106.26308 44.12947 -999.0 -999.0 -999.0 -999.0 -999.0 276.6719300048878 -34.23478393165418 276.7739816901734 -34.217276218356574 84.52989086002569 162.46569581659995 -999.0 5400.0 -999.0 1 297 {-999.0 -999.0 -999.0 -999.0 -999.0} "" -999.0 -999.0 -999.0 -999.0 -999 -999 "" "" "" "" 0 0 0.0 0.0 -999 ""
FIBERMAP 1134 R-4C17 METROLOGY 0 0 0 1 0 0 125.8791026043213 -62.84416064654873 143.1 54.26840753792664 129.80167751767544 106.26308 44.12947 -999.0 -999.0 -999.0 -999.0 -999.0 276.67347655220874 -34.236674979426176 276.7755368040133 -34.219168224154274 84.52768770634526 162.4592355300635 -999.0 6231.0 -999.0 -1 -999 {-999.0 -999.0 -999.0 -999.0 -999.0} "" -999.0 -999.0 -999.0 -999.0 -999 -999 "" "" "" "" 0 0 0.0 0.0 -999 ""
FIBERMAP 1138 R+7C7 APOGEE 1 1 0 1 0 0 -77.60005740014826 144.70940371594818 143.1 -139.18096639259542 -87.11676135766655 40.697945 153.56627 275.95721697472027 -34.89195890843742 -4.3155847 -3.368846 0.11259815 275.9571989968188 -34.89197140719931 276.0621125898274 -34.87612513550938 84.0404624155625 169.84571958728017 16000.0 16600.0 2016.0 2 44 {-999.0 14.819047 13.377931 12.614774 -999.0} sdss_psfmag_from_g3xp 14.231418 13.205635 12.205507 9.906 63050395230595641 1151995916 bright_1x1 mwm_galactic_core_dist_apogee_sparse mwm_galactic science 0 0 0.0 0.0 -999 ""
FIBERMAP 1138 R+7C7 BOSS 0 0 0 1 0 0 -76.88024114143128 144.87016110971743 143.1 -139.3895758873343 -86.40935627450591 40.697945 153.56627 -999.0 -999.0 -999.0 -999.0 -999.0 275.9563843999146 -34.88987794851169 276.06128524972974 -34.87401243098903 84.04266502555274 169.8483175657469 -999.0 5400.0 -999.0 1 78 {-999.0 -999.0 -999.0 -999.0 -999.0} "" -999.0 -999.0 -999.0 -999.0 -999 -999 "" "" "" "" 0 0 0.0 0.0 -999 ""
FIBERMAP 1138 R+7C7 METROLOGY 0 0 0 1 0 0 -77.08704675535942 144.1707278956608 143.1 -138.67788510850667 -86.56883653980239 40.697945 153.56627 -999.0 -999.0 -999.0 -999.0 -999.0 275.9589836578125 -34.890386250113686 276.0638866160409 -34.87452010341205 84.0417650796655 169.82904275453964 -999.0 6231.0 -999.0 -1 -999 {-999.0 -999.0 -999.0 -999.0 -999.0} "" -999.0 -999.0 -999.0 -999.0 -999 -999 "" "" "" "" 0 0 0.0 0.0 -999 ""
FIBERMAP 1139 R-5C16 APOGEE 1 1 0 1 0 0 115.52089657689223 -82.61567516493102 143.1 74.68868300730976 120.79155565908535 101.243034 48.804527 276.74835205078125 -34.26412072907215 -999.0 -999.0 -999.0 276.74835073300943 -34.26412757022264 276.8504817480325 -34.246433766176004 84.48185075593871 161.93903172645258 16000.0 16600.0 2015.5 2 206 {-999.0 -999.0 -999.0 -999.0 -999.0} "" -999.0 -999.0 -999.0 -999.0 27021603147017634 848144270 "" ops_sky_apogee_best ops_sky sky_apogee 0 0 0.0 0.0 -999 ""
FIBERMAP 1139 R-5C16 BOSS 0 0 0 1 0 0 116.17959710519239 -82.96884089815782 143.1 74.99691803682359 121.47241103185532 101.243034 48.804527 -999.0 -999.0 -999.0 -999.0 -999.0 276.74952971088095 -34.26203068951709 276.85164400247754 -34.2443149228721 84.48353704530561 161.9223612583509 -999.0 5400.0 -999.0 1 290 {-999.0 -999.0 -999.0 -999.0 -999.0} "" -999.0 -999.0 -999.0 -999.0 -999 -999 "" "" "" "" 0 0 0.0 0.0 -999 ""
FIBERMAP 1139 R-5C16 METROLOGY 0 0 0 1 0 0 115.4903827929162 -83.35233378487304 143.1 75.42570485575624 120.81045862902803 101.243034 48.804527 -999.0 -999.0 -999.0 -999.0 -999.0 276.7511124446372 -34.264018589590606 276.8532357358865 -34.24630368660556 84.48122652687431 161.9162262495962 -999.0 6231.0 -999.0 -1 -999 {-999.0 -999.0 -999.0 -999.0 -999.0} "" -999.0 -999.0 -999.0 -999.0 -999 -999 "" "" "" "" 0 0 0.0 0.0 -999 ""
FIBERMAP 1141 R+13C2 APOGEE 1 1 0 1 0 0 -124.99051291679666 261.91943533287883 143.1 -252.94897996210838 -142.2507275099629 68.121635 144.54843 275.5372287463831 -35.05414168413974 0.9686519 -2.275424 0.25282264 275.53723827769977 -35.054161603776606 275.64297982969674 -35.0393497535963 83.9328074886163 173.32826418128772 16000.0 16600.0 2016.0 2 60 {-999.0 13.979722 12.58499 11.90874 -999.0} sdss_psfmag_from_g3xp 13.418037 12.470399 11.51174 9.328 63050395230514045 1151995733 bright_1x1 mwm_galactic_core_dist_apogee_sparse mwm_galactic science 0 0 0.0 0.0 -999 ""
FIBERMAP 1141 R+13C2 BOSS 0 0 0 1 0 0 -124.27218010790644 262.1629154649601 143.1 -253.24002407496823 -141.550343905081 68.121635 144.54843 -999.0 -999.0 -999.0 -999.0 -999.0 275.53623475233604 -35.05204100436917 275.64196517109406 -35.03720977622983 83.93503398692845 173.33355318129296 -999.0 5400.0 -999.0 1 100 {-999.0 -999.0 -999.0 -999.0 -999.0} "" -999.0 -999.0 -999.0 -999.0 -999 -999 "" "" "" "" 0 0 0.0 0.0 -999 ""
FIBERMAP 1141 R+13C2 METROLOGY 0 0 0 1 0 0 -124.41228861784886 261.4333216662284 143.1 -252.50270941982575 -141.6412588572863 68.121635 144.54843 -999.0 -999.0 -999.0 -999.0 -999.0 275.53886679283414 -35.052374796280915 275.6445981983759 -35.037543079085864 83.93443556732768 173.31369923471053 -999.0 6231.0 -999.0 -1 -999 {-999.0 -999.0 -999.0 -999.0 -999.0} "" -999.0 -999.0 -999.0 -999.0 -999 -999 "" "" "" "" 0 0 0.0 0.0 -999 ""
FIBERMAP 1146 R-1C11 APOGEE 1 1 0 1 0 0 -42.01694629598473 -5.747634005676749 143.1 8.54914198987256 -41.53605560583821 91.50894 60.352455 276.50390624999994 -34.75641161442208 -999.0 -999.0 -999.0 276.5039139307822 -34.75641351619365 276.6080349917254 -34.739199505198116 84.07115935629083 165.32848298402234 16000.0 16600.0 2015.5 2 247 {-999.0 -999.0 -999.0 -999.0 -999.0} "" -999.0 -999.0 -999.0 -999.0 27021603147017038 848144222 "" ops_sky_apogee_best ops_sky sky_apogee 0 0 0.0 0.0 -999 ""
FIBERMAP 1146 R-1C11 BOSS 0 0 0 1 0 0 -41.35120023484385 -6.068247905940231 143.1 8.824427494770909 -40.85035135117837 91.50894 60.352455 -999.0 -999.0 -999.0 -999.0 -999.0 276.5049527780981 -34.75438123714852 276.6090582519938 -34.73714372783374 84.0729122490012 165.31527531158386 -999.0 5400.0 -999.0 1 508 {-999.0 -999.0 -999.0 -999.0 -999.0} "" -999.0 -999.0 -999.0 -999.0 -999 -999 "" "" "" "" 0 0 0.0 0.0 -999 ""
FIBERMAP 1146 R-1C11 METROLOGY 0 0 0 1 0 0 -41.96470854046496 -6.489983709040043 143.1 9.286298593941192 -41.434208676197336 91.50894 60.352455 -999.0 -999.0 -999.0 -999.0 -999.0 276.5066532106987 -34.756155725379905 276.6107666490482 -34.73891936991287 84.07082364616177 165.30682565170784 -999.0 6231.0 -999.0 -1 -999 {-999.0 -999.0 -999.0 -999.0 -999.0} "" -999.0 -999.0 -999.0 -999.0 -999 -999 "" "" "" "" 0 0 0.0 0.0 -999 ""
FIBERMAP 1147 R+8C8 APOGEE 0 0 0 1 0 0 -38.00437228251001 173.27620891700997 143.1 -170.33501850496535 -49.52504816781013 113.77463 63.14671 -999.0 -999.0 -999.0 -999.0 -999.0 275.84349353973295 -34.777104474950725 275.9480234727072 -34.76158630013593 84.17009666575953 170.54022778111198 -999.0 16600.0 -999.0 2 -999 {-999.0 -999.0 -999.0 -999.0 -999.0} "" -999.0 -999.0 -999.0 -999.0 -999 -999 "" "" "" "" 0 0 0.0 0.0 -999 ""
FIBERMAP 1147 R+8C8 BOSS 1 1 0 1 0 0 -37.25091049808458 173.25113839794744 143.1 -170.3604779268216 -48.771626126669425 113.77463 63.14671 275.8433532714844 -34.774858446304265 -999.0 -999.0 -999.0 275.84335375863424 -34.77485858056096 275.9478705143581 -34.75931989555187 84.1723500950261 170.53754126439102 5400.0 5400.0 2015.5 1 137 {-999.0 -999.0 -999.0 -999.0 -999.0} "" -999.0 -999.0 -999.0 -999.0 27021603147015854 852086971 "" ops_sky_boss_fallback ops_sky sky_boss 0 0 0.0 0.0 -999 ""
FIBERMAP 1147 R+8C8 METROLOGY 0 0 0 1 0 0 -37.65810822378348 172.6131859774141 143.1 -169.69670383755732 -49.13515973454326 113.77463 63.14671 -999.0 -999.0 -999.0 -999.0 -999.0 275.84575628668324 -34.77598131540359 275.95027747236986 -34.76044219725262 84.17089879054465 170.52030534008605 -999.0 6231.0 -999.0 -1 -999 {-999.0 -999.0 -999.0 -999.0 -999.0} "" -999.0 -999.0 -999.0 -999.0 -999 -999 "" "" "" "" 0 0 0.0 0.0 -999 ""
FIBERMAP 1154 R+2C15 APOGEE 1 1 0 1 0 0 34.40383630645272 27.039292318334336 143.1 -29.28223406679699 32.51403524674819 247.56729 96.83318 276.3652038574219 -34.53112462957485 -999.0 -999.0 -999.0 276.3652150651953 -34.53111341566052 276.46854954459343 -34.51432498686953 84.31839321171826 165.83446440600824 16000.0 16600.0 2015.5 2 120 {-999.0 -999.0 -999.0 -999.0 -999.0} "" -999.0 -999.0 -999.0 -999.0 27021603147017297 848144255 "" ops_sky_apogee_best ops_sky sky_apogee 0 0 0.0 0.0 -999 ""
FIBERMAP 1154 R+2C15 BOSS 0 0 0 1 0 0 33.67221402115573 27.201305364309192 143.1 -29.394867691972806 31.773229397001135 247.56729 96.83318 -999.0 -999.0 -999.0 -999.0 -999.0 276.3647721357494 -34.53336194925486 276.4681086438951 -34.516553365917 84.31633558046435 165.84385068341481 -999.0 5400.0 -999.0 1 206 {-999.0 -999.0 -999.0 -999.0 -999.0} "" -999.0 -999.0 -999.0 -999.0 -999 -999 "" "" "" "" 0 0 0.0 0.0 -999 ""
FIBERMAP 1154 R+2C15 METROLOGY 0 0 0 1 0 0 34.18083089221247 27.746224420016205 143.1 -29.97261453333267 32.24418284304004 247.56729 96.83318 -999.0 -999.0 -999.0 -999.0 -999.0 276.3626445728409 -34.531915770150874 276.4659785766413 -34.5151189513708 84.31817622397304 165.8572103187041 -999.0 6231.0 -999.0 -1 -999 {-999.0 -999.0 -999.0 -999.0 -999.0} "" -999.0 -999.0 -999.0 -999.0 -999 -999 "" "" "" "" 0 0 0.0 0.0 -999 ""
FIBERMAP 1157 R+10C1 APOGEE 1 1 0 1 0 0 -167.62842285612297 202.4387953059633 143.1 -190.7478367240861 -180.80687472667822 44.01187 107.48413 275.7647992602377 -35.17329522525792 1.4217379 2.6500812 0.7265035 275.7647874955248 -35.1732923287067 275.8708776835722 -35.15785706458408 83.78956182859481 171.7552332975083 16000.0 16600.0 2016.0 2 46 {-999.0 12.023262 11.249953 10.948886 -999.0} sdss_psfmag_from_g3xp 11.799828 11.278525 10.596161 9.211 63050395230502365 996679068 bright_1x1 mwm_bin_gaia_sb_apogee mwm_bin science 0 0 0.0 0.0 -999 ""
FIBERMAP 1157 R+10C1 BOSS 0 0 0 1 0 0 -166.9519181921245 202.07955078056574 143.1 -190.4347294319448 -180.10784863678774 44.01187 107.48413 -999.0 -999.0 -999.0 -999.0 -999.0 275.7659578251743 -35.17122499040989 275.872035076065 -35.15576427964188 83.79148457220909 171.74361878367415 -999.0 5400.0 -999.0 1 81 {-999.0 -999.0 -999.0 -999.0 -999.0} "" -999.0 -999.0 -999.0 -999.0 -999 -999 "" "" "" "" 0 0 0.0 0.0 -999 ""
FIBERMAP 1157 R+10C1 METROLOGY 0 0 0 1 0 0 -167.59222189803597 201.6910664209767 143.1 -190.00423894240942 -180.7206676640864 44.01187 107.48413 -999.0 -999.0 -999.0 -999.0 -999.0 275.7674857303562 -35.17311654644709 275.8735707702956 -35.15765784774103 83.78942054613294 171.73483926351534 -999.0 6231.0 -999.0 -1 -999 {-999.0 -999.0 -999.0 -999.0 -999.0} "" -999.0 -999.0 -999.0 -999.0 -999 -999 "" "" "" "" 0 0 0.0 0.0 -999 ""
FIBERMAP 1160 R-9C13 APOGEE 1 1 0 1 0 0 90.55011073076862 -166.52198819625426 143.1 160.07628602166167 101.49844352969258 44.406445 105.77371 277.0614508278821 -34.322640185431034 -6.4985995 -5.2250504 0.16211398 277.06144156657354 -34.322649742582236 277.16363097466217 -34.30413292235981 84.33765525137515 159.65481103196421 16000.0 16600.0 2016.0 2 185 {-999.0 14.343276 12.965614 12.294559 -999.0} sdss_psfmag_from_g3xp 13.795254 12.849346 11.892056 9.665 63050396520297161 1153147545 bright_1x1 mwm_galactic_core_dist_apogee_sparse mwm_galactic science 0 0 0.0 0.0 -999 ""
FIBERMAP 1160 R-9C13 BOSS 0 0 0 1 0 0 91.15204133865055 -166.9977333428043 143.1 160.51062366834748 102.13086983677029 44.406445 105.77371 -999.0 -999.0 -999.0 -999.0 -999.0 277.06308987810434 -34.32072209633903 277.1652616834117 -34.30218185974269 84.338973196743 159.63483363260056 -999.0 5400.0 -999.0 1 379 {-999.0 -999.0 -999.0 -999.0 -999.0} "" -999.0 -999.0 -999.0 -999.0 -999 -999 "" "" "" "" 0 0 0.0 0.0 -999 ""
FIBERMAP 1160 R-9C13 METROLOGY 0 0 0 1 0 0 90.43181916906259 -167.25398177735335 143.1 160.81453351453334 101.42945650244774 44.406445 105.77371 -999.0 -999.0 -999.0 -999.0 -999.0 277.06423747130276 -34.32282552683229 277.1664192826229 -34.3042872966546 84.3366635556281 159.63368495850438 -999.0 6231.0 -999.0 -1 -999 {-999.0 -999.0 -999.0 -999.0 -999.0} "" -999.0 -999.0 -999.0 -999.0 -999 -999 "" "" "" "" 0 0 0.0 0.0 -999 ""
FIBERMAP 1161 R-13C7 APOGEE 1 1 0 1 0 0 -15.010736274680944 -266.21277230577175 143.1 266.6108948272839 2.856518108937417 265.76724 106.87476 277.45277391881365 -34.62013177142017 1.2372586 -8.582032 1.9370008 277.45276854344803 -34.62015268672183 277.5558742295957 -34.600539987986515 83.93964346388772 157.84655018911405 16000.0 16600.0 2016.0 2 264 {-999.0 11.139768 11.10475 11.127981 -999.0} sdss_psfmag_gaia 11.197958 11.063247 10.816726 10.439 63050396520818396 975493124 "" ops_std_apogee ops_std standard_apogee 0 0 0.0 0.0 -999 ""
FIBERMAP 1161 R-13C7 BOSS 0 0 0 1 0 0 -15.73255175692659 -266.37979564557315 143.1 266.8258898947055 2.147538105706267 265.76724 106.87476 -999.0 -999.0 -999.0 -999.0 -999.0 277.45357801810445 -34.622313766191645 277.5566803712776 -34.60267746088199 83.93741917882141 157.84890150901936 -999.0 5400.0 -999.0 1 358 {-999.0 -999.0 -999.0 -999.0 -999.0} "" -999.0 -999.0 -999.0 -999.0 -999 -999 "" "" "" "" 0 0 0.0 0.0 -999 ""
FIBERMAP 1161 R-13C7 METROLOGY 0 0 0 1 0 0 -15.51628381509035 -265.6536292387434 143.1 266.08689305939845 2.3146683114293896 265.76724 106.87476 -999.0 -999.0 -999.0 -999.0 -999.0 277.45093920545077 -34.62181600002958 277.55404424280243 -34.60219253837556 83.93873240538674 157.86589043965068 -999.0 6231.0 -999.0 -1 -999 {-999.0 -999.0 -999.0 -999.0 -999.0} "" -999.0 -999.0 -999.0 -999.0 -999 -999 "" "" "" "" 0 0 0.0 0.0 -999 ""
FIBERMAP 1164 R+8C9 APOGEE 0 0 0 1 0 0 -10.59920479568344 165.4374197478882 143.1 -164.3499265138687 -21.65730747689749 59.973797 96.296684 -999.0 -999.0 -999.0 -999.0 -999.0 275.866382973239 -34.69280225575733 275.9705798686671 -34.67725059559523 84.24978994038244 170.2106809109762 -999.0 16600.0 -999.0 2 -999 {-999.0 -999.0 -999.0 -999.0 -999.0} "" -999.0 -999.0 -999.0 -999.0 -999 -999 "" "" "" "" 0 0 0.0 0.0 -999 ""
FIBERMAP 1164 R+8C9 BOSS 1 1 0 1 0 0 -9.93007239271309 165.15664580738937 143.1 -164.1146169100731 -20.970893397730027 59.973797 96.296684 275.8672147757947 -34.690713762628384 -0.37201077 -9.861508 2.598141 275.8671960969303 -34.6907566263068 275.97138004243686 -34.67518225615563 84.2517051234193 170.20048539739025 5400.0 5400.0 2016.0 1 128 {-999.0 19.22201 19.388477 19.504654 -999.0} sdss_psfmag_gaia 19.074741 19.291698 18.942532 -999.0 63050395230767241 1143361401 dark_2x1 mwm_wd_pwd_boss_2x1 mwm_wd science 0 0 0.0 0.0 -999 ""
FIBERMAP 1164 R+8C9 METROLOGY 0 0 0 1 0 0 -10.51073458327653 164.6946740051789 143.1 -163.61480190621367 -21.519284231596227 59.973797 96.296684 -999.0 -999.0 -999.0 -999.0 -999.0 275.8689904274858 -34.692430547974844 275.97318122043794 -34.67685705497592 84.2497897745122 170.18897077798167 -999.0 6231.0 -999.0 -1 -999 {-999.0 -999.0 -999.0 -999.0 -999.0} "" -999.0 -999.0 -999.0 -999.0 -999 -999 "" "" "" "" 0 0 0.0 0.0 -999 ""
FIBERMAP 1165 R+13C8 APOGEE 1 1 0 1 0 0 10.88280138291704 261.4724827693752 143.1 -261.6048999095 -6.657492848474482 53.439667 149.07408 275.51076650812774 -34.64406060477399 -4.6242304 -4.917874 0.13148408 275.51074628943104 -34.6440731582008 275.6149291448662 -34.62945395868633 84.34232738398933 173.04465395288284 16000.0 16600.0 2016.0 2 99 {-999.0 15.028409 13.731075 13.191737 -999.0} sdss_psfmag_from_g3xp 14.524155 13.693285 12.806414 10.789 63050395230800076 1151995788 bright_1x1 mwm_galactic_core_dist_apogee_sparse mwm_galactic science 0 0 0.0 0.0 -999 ""
FIBERMAP 1165 R+13C8 BOSS 0 0 0 1 0 0 11.583337298951582 261.80032180083543 143.1 -261.97891826688965 -5.980516545584056 53.439667 149.07408 -999.0 -999.0 -999.0 -999.0 -999.0 275.50941178995436 -34.64203208962082 275.61358418240934 -34.62739589109558 84.34451069876887 173.05310330498972 -999.0 5400.0 -999.0 1 173 {-999.0 -999.0 -999.0 -999.0 -999.0} "" -999.0 -999.0 -999.0 -999.0 -999 -999 "" "" "" "" 0 0 0.0 0.0 -999 ""
FIBERMAP 1165 R+13C8 METROLOGY 0 0 0 1 0 0 11.489324644975051 261.0494541744183 143.1 -261.2234661836238 -6.024015731363665 53.439667 149.07408 -999.0 -999.0 -999.0 -999.0 -999.0 275.5121045384549 -34.642187354750604 275.6162771706506 -34.627550126278535 84.34407246335232 173.03100634830747 -999.0 6231.0 -999.0 -1 -999 {-999.0 -999.0 -999.0 -999.0 -999.0} "" -999.0 -999.0 -999.0 -999.0 -999 -999 "" "" "" "" 0 0 0.0 0.0 -999 ""
FIBERMAP 1166 R0C7 APOGEE 1 1 0 1 0 0 -175.58645104340408 1.719365041789944 143.1 10.046705878068348 -175.30099466317014 214.59442 71.613144 276.5080261230469 -35.16177614121973 -999.0 -999.0 -999.0 276.5080154712506 -35.161772234517166 276.61368763625524 -35.144424574969186 83.6788196367721 166.2800832019451 16000.0 16600.0 2015.5 2 277 {-999.0 -999.0 -999.0 -999.0 -999.0} "" -999.0 -999.0 -999.0 -999.0 27021603184478907 848784629 "" ops_sky_apogee_best ops_sky sky_apogee 0 0 0.0 0.0 -999 ""
FIBERMAP 1166 R0C7 BOSS 0 0 0 1 0 0 -175.6800105515643 2.4289170879092126 143.1 9.345040150131007 -175.44187201976493 214.59442 71.613144 -999.0 -999.0 -999.0 -999.0 -999.0 276.5054229562555 -35.16227867739333 276.61109104662864 -35.14491455778654 83.67888382382259 166.2998658473629 -999.0 5400.0 -999.0 1 450 {-999.0 -999.0 -999.0 -999.0 -999.0} "" -999.0 -999.0 -999.0 -999.0 -999 -999 "" "" "" "" 0 0 0.0 0.0 -999 ""
FIBERMAP 1166 R0C7 METROLOGY 0 0 0 1 0 0 -174.9920139367796 2.160706034129374 143.1 9.566551859935908 -174.73747833094419 214.59442 71.613144 -999.0 -999.0 -999.0 -999.0 -999.0 276.50625170017526 -35.16016821177016 276.61191332041835 -35.14280911780585 83.68075018598772 166.28911119611126 -999.0 6231.0 -999.0 -1 -999 {-999.0 -999.0 -999.0 -999.0 -999.0} "" -999.0 -999.0 -999.0 -999.0 -999 -999 "" "" "" "" 0 0 0.0 0.0 -999 ""
FIBERMAP 1171 R+5C19 APOGEE 0 0 0 1 0 0 185.02122103818508 105.38248345136155 143.1 -117.53619613769126 177.539721623292 67.631836 69.108864 -999.0 -999.0 -999.0 -999.0 -999.0 276.0448931382521 -34.09050163754745 276.146723005945 -34.07467219978238 84.80981222267106 167.41926238784313 -999.0 16600.0 -999.0 2 -999 {-999.0 -999.0 -999.0 -999.0 -999.0} "" -999.0 -999.0 -999.0 -999.0 -999 -999 "" "" "" "" 0 0 0.0 0.0 -999 ""
FIBERMAP 1171 R+5C19 BOSS 1 1 0 1 0 0 185.5545708053045 104.8765259906985 143.1 -117.0671210330657 178.10574742550952 67.631836 69.108864 276.04661111991527 -34.08875817029501 3.0420878 -2.8329332 3.7814507 276.04660009001 -34.08877890393548 276.14841723710003 -34.07292663556652 84.8111879784015 167.3997223048844 5400.0 5400.0 2016.0 1 212 {-999.0 18.401001 18.866137 19.171125 -999.0} sdss_psfmag_gaia 18.616161 18.657444 18.93533 -999.0 63050395231133417 1143361494 dark_2x1 mwm_wd_pwd_boss_2x1 mwm_wd science 0 0 0.0 0.0 -999 ""
FIBERMAP 1171 R+5C19 METROLOGY 0 0 0 1 0 0 184.84960846114987 104.65443994977704 143.1 -116.7983178546554 177.41727063535183 67.631836 69.108864 -999.0 -999.0 -999.0 -999.0 -999.0 276.047534661685 -34.09082841266265 276.14936058392675 -34.074978479687374 84.80901132412772 167.39654107695824 -999.0 6231.0 -999.0 -1 -999 {-999.0 -999.0 -999.0 -999.0 -999.0} "" -999.0 -999.0 -999.0 -999.0 -999 -999 "" "" "" "" 0 0 0.0 0.0 -999 ""
FIBERMAP 1173 R-8C17 APOGEE 1 1 0 1 0 0 174.17317910636086 -151.35354392022705 143.1 139.34072701099237 183.91460994504075 45.172707 80.17298 276.9842770949653 -34.07354255357971 -3.848037 -4.001454 0.091800675 276.98424442928973 -34.0735640653835 277.08553844412495 -34.05532133665468 84.59270022401991 159.32149630507885 16000.0 16600.0 2016.0 2 221 {-999.0 14.468137 13.174541 12.614257 -999.0} sdss_psfmag_from_g3xp 13.966103 13.122646 12.219928 10.061 63050395232369216 1151997414 bright_1x1 mwm_galactic_core_dist_apogee_sparse mwm_galactic science 0 0 0.0 0.0 -999 ""
FIBERMAP 1173 R-8C17 BOSS 0 0 0 1 0 0 174.57920390702174 -151.9914762189931 143.1 139.95000504660865 184.36244199858183 45.172707 80.17298 -999.0 -999.0 -999.0 -999.0 -999.0 276.98649295142224 -34.07220649428005 277.0877715770657 -34.05393956352458 84.59329234558498 159.29780968843417 -999.0 5400.0 -999.0 1 319 {-999.0 -999.0 -999.0 -999.0 -999.0} "" -999.0 -999.0 -999.0 -999.0 -999 -999 "" "" "" "" 0 0 0.0 0.0 -999 ""
FIBERMAP 1173 R-8C17 METROLOGY 0 0 0 1 0 0 173.82685330835213 -152.0107185387163 143.1 140.01960176346887 183.61309702685034 45.172707 80.17298 -999.0 -999.0 -999.0 -999.0 -999.0 276.98678532054834 -34.074431273570966 277.0880747166209 -34.05616824682647 84.59113087364935 159.30415974382518 -999.0 6231.0 -999.0 -1 -999 {-999.0 -999.0 -999.0 -999.0 -999.0} "" -999.0 -999.0 -999.0 -999.0 -999 -999 "" "" "" "" 0 0 0.0 0.0 -999 ""
FIBERMAP 1175 R-8C4 APOGEE 0 0 0 1 0 0 -127.55669362240799 -151.49693171606705 143.1 159.69600424022192 -117.11720525340931 318.0769 168.274 -999.0 -999.0 -999.0 -999.0 -999.0 277.0621123835946 -34.98519879247105 277.1668170787068 -34.966478958697586 83.71622115652436 161.86039780919964 -999.0 16600.0 -999.0 2 -999 {-999.0 -999.0 -999.0 -999.0 -999.0} "" -999.0 -999.0 -999.0 -999.0 -999 -999 "" "" "" "" 0 0 0.0 0.0 -999 ""
FIBERMAP 1175 R-8C4 BOSS 1 1 0 1 0 0 -127.09749074269978 -152.07158722561084 143.1 160.23858758241016 -116.62055522851702 318.0769 168.274 277.064208984375 -34.983737699353654 -999.0 -999.0 -999.0 277.0641770824934 -34.983743216843976 277.16886552884387 -34.96499624804619 83.71706157706606 161.8414286846793 5400.0 5400.0 2015.5 1 490 {-999.0 -999.0 -999.0 -999.0 -999.0} "" -999.0 -999.0 -999.0 -999.0 27021603184479742 852281687 "" ops_sky_boss_fallback ops_sky sky_boss 0 0 0.0 0.0 -999 ""
FIBERMAP 1175 R-8C4 METROLOGY 0 0 0 1 0 0 -127.85178358973012 -152.18425996951072 143.1 160.40153165164 -117.36557931961023 318.0769 168.274 -999.0 -999.0 -999.0 -999.0 -999.0 277.0648038791758 -34.98600482912568 277.1695033628831 -34.96726186590477 83.71475107921277 161.84380820267543 -999.0 6231.0 -999.0 -1 -999 {-999.0 -999.0 -999.0 -999.0 -999.0} "" -999.0 -999.0 -999.0 -999.0 -999 -999 "" "" "" "" 0 0 0.0 0.0 -999 ""
FIBERMAP 1180 R+3C19 APOGEE 0 0 0 1 0 0 148.33442203569595 77.93336401407373 143.1 -87.69213942805438 142.7753860924994 132.9033 56.412586 -999.0 -999.0 -999.0 -999.0 -999.0 276.15293503127066 -34.19598539097297 276.2551086409961 -34.179845517309985 84.68641875961872 166.73823979196808 -999.0 16600.0 -999.0 2 -999 {-999.0 -999.0 -999.0 -999.0 -999.0} "" -999.0 -999.0 -999.0 -999.0 -999 -999 "" "" "" "" 0 0 0.0 0.0 -999 ""
FIBERMAP 1180 R+3C19 BOSS 1 1 0 1 0 0 149.10542675755323 78.03874131939136 143.1 -87.84892419610908 143.53757263248744 132.9033 56.412586 276.15234375 -34.193626678382415 -999.0 -999.0 -999.0 276.1523477234135 -34.19364141361605 276.25450695278687 -34.177484421245914 84.68883009004881 166.73727158629129 5400.0 5400.0 2015.5 1 225 {-999.0 -999.0 -999.0 -999.0 -999.0} "" -999.0 -999.0 -999.0 -999.0 27021603147018160 852437698 "" ops_sky_boss_fallback ops_sky sky_boss 0 0 0.0 0.0 -999 ""
FIBERMAP 1180 R+3C19 METROLOGY 0 0 0 1 0 0 148.80785186962737 77.35425917974773 143.1 -87.1460699452246 143.28652866062055 132.9033 56.412586 -999.0 -999.0 -999.0 -999.0 -999.0 276.15490066905943 -34.19438772843908 276.2570630992942 -34.17822941021866 84.68759417101626 166.71706449725409 -999.0 6231.0 -999.0 -1 -999 {-999.0 -999.0 -999.0 -999.0 -999.0} "" -999.0 -999.0 -999.0 -999.0 -999 -999 "" "" "" "" 0 0 0.0 0.0 -999 ""
FIBERMAP 1181 R-7C8 APOGEE 1 1 0 1 0 0 -39.5230595835214 -123.90428753438546 143.1 126.26913938973179 -31.132806356218 89.00632 53.057762 276.9386240997405 -34.724953957790966 -2.6779733 -6.115793 0.062152438 276.9386106131393 -34.724970468233714 277.04238730715156 -34.706647304548746 83.9952096653227 161.9577001734726 16000.0 16600.0 2016.0 2 270 {-999.0 14.667449 13.330173 12.699956 -999.0} sdss_psfmag_from_g3xp 14.141776 13.239368 12.307481 10.128 63050396520232878 1156308612 bright_1x1 mwm_galactic_core_dist_apogee_extra mwm_galactic science 0 0 0.0 0.0 -999 ""
FIBERMAP 1181 R-7C8 BOSS 0 0 0 1 0 0 -39.0463729977665 -124.49561733853102 143.1 126.8271877862609 -30.617595543472166 89.00632 53.057762 -999.0 -999.0 -999.0 -999.0 -999.0 276.9407498621 -34.72344026516789 277.0445105647776 -34.70509077029825 83.99610380741542 161.93704093037263 -999.0 5400.0 -999.0 1 372 {-999.0 -999.0 -999.0 -999.0 -999.0} "" -999.0 -999.0 -999.0 -999.0 -999 -999 "" "" "" "" 0 0 0.0 0.0 -999 ""
FIBERMAP 1181 R-7C8 METROLOGY 0 0 0 1 0 0 -39.78547871824362 -124.60334584767344 143.1 126.98418154990947 -31.347798363586968 89.00632 53.057762 -999.0 -999.0 -999.0 -999.0 -999.0 276.941345044743 -34.725652369774416 277.04511641493445 -34.707306700708706 83.99384759785472 161.93953224986512 -999.0 6231.0 -999.0 -1 -999 {-999.0 -999.0 -999.0 -999.0 -999.0} "" -999.0 -999.0 -999.0 -999.0 -999 -999 "" "" "" "" 0 0 0.0 0.0 -999 ""
FIBERMAP 1188 R+1C9 APOGEE 1 1 0 1 0 0 -86.09267338624228 13.192776562297936 143.1 -7.395517101005544 -86.77999200211075 358.73566 94.287315 276.44441480388764 -34.89358582955302 -2.7969809 -0.72553 0.103536874 276.4444114165987 -34.89358295083884 276.5490867197292 -34.87648053863112 83.95140431129379 166.12165787161942 16000.0 16600.0 2016.0 2 28 {-999.0 14.688513 13.352728 12.673085 -999.0} sdss_psfmag_from_g3xp 14.168507 13.233205 12.277186 10.071 63050396520188672 1153147503 bright_1x1 mwm_galactic_core_dist_apogee_sparse mwm_galactic science 0 0 0.0 0.0 -999 ""
FIBERMAP 1188 R+1C9 BOSS 0 0 0 1 0 0 -86.03001259936966 12.447344740524947 143.1 -6.655983626757707 -86.6675393588904 358.73566 94.287315 -999.0 -999.0 -999.0 -999.0 -999.0 276.44715225867424 -34.893322064683886 276.551818073414 -34.87619070372283 83.95111115317097 166.1003971469931 -999.0 5400.0 -999.0 1 46 {-999.0 -999.0 -999.0 -999.0 -999.0} "" -999.0 -999.0 -999.0 -999.0 -999 -999 "" "" "" "" 0 0 0.0 0.0 -999 ""
FIBERMAP 1188 R+1C9 METROLOGY 0 0 0 1 0 0 -86.70053404036517 12.771903994192282 143.1 -6.934885590878206 -87.35827238799133 358.73566 94.287315 -999.0 -999.0 -999.0 -999.0 -999.0 276.4461084225646 -34.895416477503666 276.5507847960415 -34.87829338918777 83.94929546879574 166.11327868973876 -999.0 6231.0 -999.0 -1 -999 {-999.0 -999.0 -999.0 -999.0 -999.0} "" -999.0 -999.0 -999.0 -999.0 -999 -999 "" "" "" "" 0 0 0.0 0.0 -999 ""
FIBERMAP 1191 R0C18 APOGEE 0 0 0 1 0 0 90.52462097180296 9.141222813996679 143.1 -15.184409503722993 89.70572207824222 45.693615 150.96469 -999.0 -999.0 -999.0 -999.0 -999.0 276.41798244282535 -34.35768910037366 276.5206339323661 -34.34081736366714 84.47409004610672 164.93520926491618 -999.0 16600.0 -999.0 2 -999 {-999.0 -999.0 -999.0 -999.0 -999.0} "" -999.0 -999.0 -999.0 -999.0 -999 -999 "" "" "" "" 0 0 0.0 0.0 -999 ""
FIBERMAP 1191 R0C18 BOSS 1 1 0 1 0 0 91.24853414282627 9.3413699985482 143.1 -15.432593357269836 90.41457609091403 45.693615 150.96469 276.417083870304 -34.355494873228515 -1.6650888 -3.259203 0.19517042 276.4170761181583 -34.35550453500893 276.51971289906567 -34.33861585610151 84.47641584452117 164.9365092286426 5400.0 5400.0 2016.0 1 252 {-999.0 18.115364 17.63717 17.479073 -999.0} sdss_psfmag_gaia 18.032532 17.669779 17.160217 16.082 63050395230934321 977064874 "" ops_std_boss ops_std standard_boss 0 0 0.0 0.0 -999 ""
FIBERMAP 1191 R0C18 METROLOGY 0 0 0 1 0 0 91.06037630662388 8.619241551874152 143.1 -14.699508302551433 90.27522135842251 45.693615 150.96469 -999.0 -999.0 -999.0 -999.0 -999.0 276.4197669017452 -34.35592097359334 276.5224058540216 -34.33903088795553 84.47540442255188 164.91549102899316 -999.0 6231.0 -999.0 -1 -999 {-999.0 -999.0 -999.0 -999.0 -999.0} "" -999.0 -999.0 -999.0 -999.0 -999 -999 "" "" "" "" 0 0 0.0 0.0 -999 ""
FIBERMAP 1195 R-8C11 APOGEE 0 0 0 1 0 0 29.870381090985397 -142.71079342342455 143.1 140.38422171211033 39.36210661772998 71.549225 105.89672 -999.0 -999.0 -999.0 -999.0 -999.0 276.9900693785203 -34.51101842534234 277.0930072839092 -34.492627909962636 84.18249021468769 160.87338980745037 -999.0 16600.0 -999.0 2 -999 {-999.0 -999.0 -999.0 -999.0 -999.0} "" -999.0 -999.0 -999.0 -999.0 -999 -999 "" "" "" "" 0 0 0.0 0.0 -999 ""
FIBERMAP 1195 R-8C11 BOSS 1 1 0 1 0 0 30.62134038459691 -142.75302519826343 143.1 140.37605202578624 40.11418147250595 71.549225 105.89672 276.9901360511075 -34.508721467828614 -1.9499016 -5.7467065 0.12325823 276.99011797497974 -34.50873968973045 277.09303801462215 -34.490329262030265 84.18463662159796 160.86526857384376 5400.0 5400.0 2016.0 1 396 {-999.0 17.91147 17.582293 17.484556 -999.0} sdss_psfmag_gaia 17.874802 17.597343 17.162617 15.979 63050396520282755 977446028 "" ops_std_boss ops_std standard_boss 0 0 0.0 0.0 -999 ""
FIBERMAP 1195 R-8C11 METROLOGY 0 0 0 1 0 0 30.209451928873754 -143.37752364149614 143.1 141.02671705710412 39.74506658520014 71.549225 105.89672 -999.0 -999.0 -999.0 -999.0 -999.0 276.9925281456058 -34.50984647674099 277.09545371907313 -34.49143531610228 84.18290695390968 160.8506455462419 -999.0 6231.0 -999.0 -1 -999 {-999.0 -999.0 -999.0 -999.0 -999.0} "" -999.0 -999.0 -999.0 -999.0 -999 -999 "" "" "" "" 0 0 0.0 0.0 -999 ""
FIBERMAP 1196 R-12C2 APOGEE 1 1 0 1 0 0 -141.23610153502543 -254.05871737784554 143.1 262.94012956122657 -123.8950139720923 333.93063 10.906138 277.44157030200785 -35.00332155098482 -1.5259764 -0.92035735 0.18592136 277.4415427459293 -35.00330136518832 277.5461130650996 -34.98360097969424 83.58985929206544 159.2868615863595 16000.0 16600.0 2016.0 2 153 {-999.0 13.614309 12.281904 11.644084 -999.0} sdss_psfmag_from_g3xp 13.089728 12.189339 11.2519 9.087 63050396520085984 1153147301 bright_1x1 mwm_galactic_core_dist_apogee_sparse mwm_galactic science 0 0 0.0 0.0 -999 ""
FIBERMAP 1196 R-12C2 BOSS 0 0 0 1 0 0 -141.9481709015898 -253.8912865808204 143.1 262.8207807398325 -124.61667443984963 333.93063 10.906138 -999.0 -999.0 -999.0 -999.0 -999.0 277.4410834653049 -35.0054889707217 277.5456513007051 -34.98576677918506 83.58799645659877 159.2973196669062 -999.0 5400.0 -999.0 1 434 {-999.0 -999.0 -999.0 -999.0 -999.0} "" -999.0 -999.0 -999.0 -999.0 -999 -999 "" "" "" "" 0 0 0.0 0.0 -999 ""
FIBERMAP 1196 R-12C2 METROLOGY 0 0 0 1 0 0 -141.43720305538554 -253.34678406676196 143.1 262.2432920030811 -124.14334747964271 333.93063 10.906138 -999.0 -999.0 -999.0 -999.0 -999.0 277.4390304306282 -35.0040986841068 277.5435972147392 -34.984388517335205 83.58990775879809 159.3066212629126 -999.0 6231.0 -999.0 -1 -999 {-999.0 -999.0 -999.0 -999.0 -999.0} "" -999.0 -999.0 -999.0 -999.0 -999 -999 "" "" "" "" 0 0 0.0 0.0 -999 ""
FIBERMAP 1197 R-12C11 APOGEE 0 0 0 1 0 0 51.1408815177231 -220.15340781166893 143.1 216.22527274386343 65.77178387527746 198.76578 47.410667 -999.0 -999.0 -999.0 -999.0 -999.0 277.267418483743 -34.430483008214416 277.3699060042652 -34.411404058440255 84.17391352284226 158.4855221193178 -999.0 16600.0 -999.0 2 -999 {-999.0 -999.0 -999.0 -999.0 -999.0} "" -999.0 -999.0 -999.0 -999.0 -999 -999 "" "" "" "" 0 0 0.0 0.0 -999 ""
FIBERMAP 1197 R-12C11 BOSS 1 1 0 1 0 0 51.440192454461936 -219.48323476594982 143.1 215.5365786440002 66.02551846938535 198.76578 47.410667 277.26497726267826 -34.429708430455506 -6.830806 -7.1429434 0.39847973 277.2649541964789 -34.42972970072918 277.3674298796942 -34.41063715179665 84.17541398835267 158.50113105226927 5400.0 5400.0 2016.0 1 369 {-999.0 17.861115 17.43699 17.30093 -999.0} sdss_psfmag_gaia 17.767073 17.46413 16.952515 16.153 63050396520925349 977446370 "" ops_std_boss ops_std standard_boss 0 0 0.0 0.0 -999 ""
FIBERMAP 1197 R-12C11 METROLOGY 0 0 0 1 0 0 51.88484795777569 -220.07586973797873 143.1 216.09807492177586 66.50885871481526 198.76578 47.410667 -999.0 -999.0 -999.0 -999.0 -999.0 277.267030774419 -34.42824541865992 277.3695026684752 -34.40915370240361 84.17611621640964 158.47992251112217 -999.0 6231.0 -999.0 -1 -999 {-999.0 -999.0 -999.0 -999.0 -999.0} "" -999.0 -999.0 -999.0 -999.0 -999 -999 "" "" "" "" 0 0 0.0 0.0 -999 ""
FIBERMAP 1199 R+1C1 APOGEE 1 1 0 1 0 0 -264.86025060995644 26.01774766994056 143.1 -8.2159811977131 -265.99879449936304 48.465466 88.16822 276.4392315731784 -35.43466361586416 -2.6575294 -4.3193955 0.10189083 276.4392011775718 -35.434686328606396 276.54596340359694 -35.41743299062235 83.4275806972976 167.3516110592141 16000.0 16600.0 2016.0 2 10 {-999.0 14.809955 13.403332 12.350756 -999.0} sdss_psfmag_from_g3xp 14.253866 13.013368 11.914852 9.379 63050396519907013 1156308399 bright_1x1 mwm_galactic_core_dist_apogee_extra mwm_galactic science 0 0 0.0 0.0 -999 ""
FIBERMAP 1199 R+1C1 BOSS 0 0 0 1 0 0 -264.2974605109436 25.55197478012822 143.1 -7.788971118132777 -265.406087414287 48.465466 88.16822 -999.0 -999.0 -999.0 -999.0 -999.0 276.44080037941706 -35.432936886071495 276.5475478666028 -35.415655948865 83.42900436212733 167.336994149723 -999.0 5400.0 -999.0 1 12 {-999.0 -999.0 -999.0 -999.0 -999.0} "" -999.0 -999.0 -999.0 -999.0 -999 -999 "" "" "" "" 0 0 0.0 0.0 -999 ""
FIBERMAP 1199 R+1C1 METROLOGY 0 0 0 1 0 0 -265.00062674851426 25.286705251954807 143.1 -7.477203300759532 -266.089879429741 48.465466 88.16822 -999.0 -999.0 -999.0 -999.0 -999.0 276.4419457651955 -35.435033788360194 276.5487028102525 -35.41775606252504 83.42674175858117 167.3333181122561 -999.0 6231.0 -999.0 -1 -999 {-999.0 -999.0 -999.0 -999.0 -999.0} "" -999.0 -999.0 -999.0 -999.0 -999 -999 "" "" "" "" 0 0 0.0 0.0 -999 ""
FIBERMAP 1204 R+8C11 APOGEE 0 0 0 1 0 0 18.831461163145644 145.49994297873585 143.1 -146.42943596895418 9.041774452122883 225.36568 139.50229 -999.0 -999.0 -999.0 -999.0 -999.0 275.9332457615884 -34.60017951216387 276.03705712114197 -34.5844834849373 84.33067715218728 169.49602195402514 -999.0 16600.0 -999.0 2 -999 {-999.0 -999.0 -999.0 -999.0 -999.0} "" -999.0 -999.0 -999.0 -999.0 -999 -999 "" "" "" "" 0 0 0.0 0.0 -999 ""
FIBERMAP 1204 R+8C11 BOSS 1 1 0 1 0 0 18.11241235863524 145.44105030872822 143.1 -146.32251018490015 8.328311379610748 225.36568 139.50229 275.9335354666849 -34.60232959377831 2.4948366 -7.2491446 0.52983254 275.9335412073181 -34.60236304895718 276.03735572042876 -34.586644702012215 84.32850923606001 169.49781627842816 5400.0 5400.0 2016.0 1 140 {-999.0 19.51403 19.910748 20.162539 -999.0} sdss_psfmag_gaia 19.67187 19.731737 19.872639 -999.0 63050395230773707 1143361422 dark_2x1 mwm_wd_pwd_boss_2x1 mwm_wd science 0 0 0.0 0.0 -999 ""
FIBERMAP 1204 R+8C11 METROLOGY 0 0 0 1 0 0 18.404810129756598 146.1143265010606 143.1 -147.01383725330646 8.574940708836351 225.36568 139.50229 -999.0 -999.0 -999.0 -999.0 -999.0 275.9309861574299 -34.601590337775676 276.0348004096862 -34.58588473780809 84.32966177855752 169.51721605284249 -999.0 6231.0 -999.0 -1 -999 {-999.0 -999.0 -999.0 -999.0 -999.0} "" -999.0 -999.0 -999.0 -999.0 -999 -999 "" "" "" "" 0 0 0.0 0.0 -999 ""
FIBERMAP 1205 R-2C3 APOGEE 1 0 1 1 0 0 -223.3154652959634 -30.966113238547937 143.1 45.854867282028 -220.73157850189187 10.233463 169.89369 276.6590881347656 -35.35878435994776 -999.0 -999.0 -999.0 276.64036896988125 -35.29895467691918 276.7465016874536 -35.28122454620446 83.51854502071333 165.65856147162688 16000.0 16600.0 2015.5 2 288 {-999.0 -999.0 -999.0 -999.0 -999.0} "" -999.0 -999.0 -999.0 -999.0 27021603184478330 848784585 "" ops_sky_apogee_best ops_sky sky_apogee 0 0 0.0 0.0 -999 ""
FIBERMAP 1205 R-2C3 BOSS 0 0 1 1 0 0 -222.57004571515304 -31.016650953093478 143.1 45.85535567698275 -219.9844743235175 10.233463 169.89369 -999.0 -999.0 -999.0 -999.0 -999.0 276.64039592425604 -35.29676813448758 276.74651226305923 -35.27901511558462 83.52067293202425 165.65329238156426 -999.0 5400.0 -999.0 1 473 {-999.0 -999.0 -999.0 -999.0 -999.0} "" -999.0 -999.0 -999.0 -999.0 -999 -999 "" "" "" "" 0 0 0.0 0.0 -999 ""
FIBERMAP 1205 R-2C3 METROLOGY 0 0 1 1 0 0 -223.00986717984873 -31.649712416878067 143.1 46.51643536121288 -220.38088486768797 10.233463 169.89369 -999.0 -999.0 -999.0 -999.0 -999.0 276.6428510261325 -35.297989820047924 276.7489730424977 -35.28023676115753 83.51896167239305 165.63900666059604 -999.0 6231.0 -999.0 -1 -999 {-999.0 -999.0 -999.0 -999.0 -999.0} "" -999.0 -999.0 -999.0 -999.0 -999 -999 "" "" "" "" 0 0 0.0 0.0 -999 ""
FIBERMAP 1206 R0C2 APOGEE 1 1 0 1 0 0 -279.5196617527937 -3.9978327736165884 143.1 22.713114687239432 -278.6140801699727 186.84895 130.95418 276.55385818544323 -35.472755104297725 -2.928993 -4.580324 0.12763476 276.5538740707224 -35.4727514446915 276.6607245931873 -35.45519119549114 83.3683577283204 166.64172779592192 16000.0 16600.0 2016.0 2 253 {-999.0 15.267738 13.861356 12.755575 -999.0} sdss_psfmag_from_g3xp 14.688015 13.429429 12.310884 9.763 63050396519801187 1153146976 bright_1x1 mwm_galactic_core_dist_apogee_sparse mwm_galactic science 0 0 0.0 0.0 -999 ""
FIBERMAP 1206 R0C2 BOSS 0 0 0 1 0 0 -280.05446654000053 -3.510295932132408 143.1 22.262515640332474 -279.18032371585787 186.84895 130.95418 -999.0 -999.0 -999.0 -999.0 -999.0 276.55220055482215 -35.474449644658804 276.6590509505929 -35.4568690268436 83.36707022543152 166.656764240654 -999.0 5400.0 -999.0 1 522 {-999.0 -999.0 -999.0 -999.0 -999.0} "" -999.0 -999.0 -999.0 -999.0 -999 -999 "" "" "" "" 0 0 0.0 0.0 -999 ""
FIBERMAP 1206 R0C2 METROLOGY 0 0 0 1 0 0 -279.37064145110645 -3.2653991290662745 143.1 21.97236968469815 -278.5144639949057 186.84895 130.95418 -999.0 -999.0 -999.0 -999.0 -999.0 276.55113419110006 -35.47250304391801 276.6579797407012 -35.45493261634129 83.36916243830709 166.65993036962266 -999.0 6231.0 -999.0 -1 -999 {-999.0 -999.0 -999.0 -999.0 -999.0} "" -999.0 -999.0 -999.0 -999.0 -999 -999 "" "" "" "" 0 0 0.0 0.0 -999 ""
FIBERMAP 1209 R-2C21 APOGEE 1 1 0 1 0 0 186.30280626013277 -22.615222244810003 143.1 10.083608650513964 187.3926657830625 99.586655 79.696884 276.51183980264767 -34.0622562426153 -2.7721896 -0.9198884 0.111846715 276.51183089731586 -34.06226766371249 276.6133234770849 -34.04524385319282 84.73478944468282 163.24384515113076 16000.0 16600.0 2016.0 2 218 {-999.0 14.337854 13.017175 12.430422 -999.0} sdss_psfmag_from_g3xp 13.816249 12.950246 12.040305 9.862 63050395231018372 1151996073 bright_1x1 mwm_galactic_core_dist_apogee_sparse mwm_galactic science 0 0 0.0 0.0 -999 ""
FIBERMAP 1209 R-2C21 BOSS 0 0 0 1 0 0 187.0567994870297 -22.587961336564888 143.1 10.00590160498832 188.14311248755834 99.586655 79.696884 -999.0 -999.0 -999.0 -999.0 -999.0 276.51156471966436 -34.05996078520282 276.6130415276292 -34.04291954103456 84.7370746173728 163.23856142489524 -999.0 5400.0 -999.0 1 310 {-999.0 -999.0 -999.0 -999.0 -999.0} "" -999.0 -999.0 -999.0 -999.0 -999 -999 "" "" "" "" 0 0 0.0 0.0 -999 ""
FIBERMAP 1209 R-2C21 METROLOGY 0 0 0 1 0 0 186.69695965357906 -23.246468906504493 143.1 10.687011542875409 187.8282056601564 99.586655 79.696884 -999.0 -999.0 -999.0 -999.0 -999.0 276.51405382556726 -34.06088690197431 276.61553490417657 -34.04384429910714 84.73556463765776 163.22017974904534 -999.0 6231.0 -999.0 -1 -999 {-999.0 -999.0 -999.0 -999.0 -999.0} "" -999.0 -999.0 -999.0 -999.0 -999 -999 "" "" "" "" 0 0 0.0 0.0 -999 ""
FIBERMAP 1210 R-3C6 APOGEE 0 0 0 1 0 0 -152.42615141562223 -68.76831161772411 143.1 78.82209468567234 -147.47172602035704 233.3541 121.55727 -999.0 -999.0 -999.0 -999.0 -999.0 276.7631469723396 -35.077787046911986 276.86836394935676 -35.05980810493457 83.70359902106209 164.24592690438396 -999.0 16600.0 -999.0 2 -999 {-999.0 -999.0 -999.0 -999.0 -999.0} "" -999.0 -999.0 -999.0 -999.0 -999 -999 "" "" "" "" 0 0 0.0 0.0 -999 ""
FIBERMAP 1210 R-3C6 BOSS 1 1 0 1 0 0 -153.18428283430796 -68.70921285007638 143.1 78.8139163091299 -148.2320865182126 233.3541 121.55727 276.7632010692105 -35.08011994682938 -7.2370486 -11.484257 0.028586771 276.7631576655867 -35.08016679818065 276.8683753894993 -35.062164450257896 83.70134122727104 164.2520750775979 5400.0 5400.0 2016.0 1 475 {-999.0 18.330996 17.9656 17.853275 -999.0} sdss_psfmag_gaia 18.173782 17.985628 17.422377 15.907 63050396520141231 980167817 "" ops_std_boss ops_std standard_boss 0 0 0.0 0.0 -999 ""
FIBERMAP 1210 R-3C6 METROLOGY 0 0 0 1 0 0 -152.747800811967 -68.09300436718763 143.1 78.16987485446933 -147.8378788529407 233.3541 121.55727 -999.0 -999.0 -999.0 -999.0 -999.0 276.76078451408785 -35.078988505959416 276.86600133527486 -35.060999046580875 83.7030198248551 164.26595032251376 -999.0 6231.0 -999.0 -1 -999 {-999.0 -999.0 -999.0 -999.0 -999.0} "" -999.0 -999.0 -999.0 -999.0 -999 -999 "" "" "" "" 0 0 0.0 0.0 -999 ""
FIBERMAP 1211 R-11C11 APOGEE 1 1 0 1 0 0 73.77129118055831 -209.30164059186254 143.1 203.88230475672935 87.62362221215402 49.29012 75.13195 277.2219019226975 -34.36443178111764 -2.101526 -0.6776092 0.19736421 277.221840060623 -34.36445074275681 277.3241026827993 -34.34550896610736 84.24931167348579 158.57764704301968 16000.0 16600.0 2016.0 2 182 {-999.0 14.810399 13.685127 13.224001 -999.0} sdss_psfmag_from_g3xp 14.401621 13.675147 12.844851 10.97 63050396520951988 1153148056 bright_1x1 mwm_galactic_core_dist_apogee_sparse mwm_galactic science 0 0 0.0 0.0 -999 ""
FIBERMAP 1211 R-11C11 BOSS 0 0 0 1 0 0 74.22766381839713 -209.89756908409132 143.1 204.44630213501395 88.11887348293898 49.29012 75.13195 -999.0 -999.0 -999.0 -999.0 -999.0 277.2239440699681 -34.362951779610064 277.3261898044917 -34.34398514081885 84.25004980293086 158.55590200374874 -999.0 5400.0 -999.0 1 375 {-999.0 -999.0 -999.0 -999.0 -999.0} "" -999.0 -999.0 -999.0 -999.0 -999 -999 "" "" "" "" 0 0 0.0 0.0 -999 ""
FIBERMAP 1211 R-11C11 METROLOGY 0 0 0 1 0 0 73.50098752897107 -209.9985154970986 143.1 204.59569665704325 87.40061741622338 49.29012 75.13195 -999.0 -999.0 -999.0 -999.0 -999.0 277.2245420932149 -34.365104763654294 277.32679849333783 -34.34614157094976 84.24786698267754 158.5596100040375 -999.0 6231.0 -999.0 -1 -999 {-999.0 -999.0 -999.0 -999.0 -999.0} "" -999.0 -999.0 -999.0 -999.0 -999 -999 "" "" "" "" 0 0 0.0 0.0 -999 ""
FIBERMAP 1214 R+5C1 APOGEE 1 1 0 1 0 0 -233.00361991270572 110.37845718705584 143.1 -94.51821142024897 -239.86598785783977 84.68984 113.11705 276.119384765625 -35.3544964701898 -999.0 -999.0 -999.0 276.1193876818157 -35.3545060126268 276.22600220834397 -35.33810118379191 83.56133179531669 169.44910948741958 16000.0 16600.0 2015.5 2 1 {-999.0 -999.0 -999.0 -999.0 -999.0} "" -999.0 -999.0 -999.0 -999.0 27021603184478937 848784621 "" ops_sky_apogee_best ops_sky sky_apogee 0 0 0.0 0.0 -999 ""
FIBERMAP 1214 R+5C1 BOSS 0 0 0 1 0 0 -232.2741481216744 110.65189021932797 143.1 -94.83988626600767 -239.15649716497012 84.68984 113.11705 -999.0 -999.0 -999.0 -999.0 -999.0 276.1182074989238 -35.35239746347867 276.22480863399346 -35.33597259343343 83.56361007402543 169.45389914498898 -999.0 5400.0 -999.0 1 1 {-999.0 -999.0 -999.0 -999.0 -999.0} "" -999.0 -999.0 -999.0 -999.0 -999 -999 "" "" "" "" 0 0 0.0 0.0 -999 ""
FIBERMAP 1214 R+5C1 METROLOGY 0 0 0 1 0 0 -232.4338692237337 109.88645203785872 143.1 -94.06549520953813 -239.26457882365554 84.68984 113.11705 -999.0 -999.0 -999.0 -999.0 -999.0 276.1210525330237 -35.35278067077107 276.2276553587957 -35.336355071979675 83.56277899413155 169.434257694455 -999.0 6231.0 -999.0 -1 -999 {-999.0 -999.0 -999.0 -999.0 -999.0} "" -999.0 -999.0 -999.0 -999.0 -999 -999 "" "" "" "" 0 0 0.0 0.0 -999 ""
FIBERMAP 1216 R-2C17 APOGEE 1 1 0 1 0 0 87.54480628699949 -60.8559410191648 143.1 54.852654095917146 91.42166152667454 343.2907 14.206112 276.6755676269531 -34.35302746099248 -999.0 -999.0 -999.0 276.6755183371587 -34.35304021046957 276.7780217484043 -34.33550684928848 84.41665242039113 162.82036873790415 16000.0 16600.0 2015.5 2 211 {-999.0 -999.0 -999.0 -999.0 -999.0} "" -999.0 -999.0 -999.0 -999.0 27021603147017517 848144260 "" ops_sky_apogee_best ops_sky sky_apogee 0 0 0.0 0.0 -999 ""
FIBERMAP 1216 R-2C17 BOSS 0 0 0 1 0 0 86.80856214250606 -60.81905345178522 143.1 54.86517006062425 90.68462624232632 343.2907 14.206112 -999.0 -999.0 -999.0 -999.0 -999.0 276.67560716948077 -34.35524567463937 276.778110915861 -34.33769149363687 84.41455433987485 162.82667126783477 -999.0 5400.0 -999.0 1 300 {-999.0 -999.0 -999.0 -999.0 -999.0} "" -999.0 -999.0 -999.0 -999.0 -999 -999 "" "" "" "" 0 0 0.0 0.0 -999 ""
FIBERMAP 1216 R-2C17 METROLOGY 0 0 0 1 0 0 87.2109091883856 -60.18607039185739 143.1 54.20667892976266 91.04365312457283 343.2907 14.206112 -999.0 -999.0 -999.0 -999.0 -999.0 276.67319135717264 -34.35413878342049 276.77569441815456 -34.33659680429006 84.41621785123708 162.8426323368167 -999.0 6231.0 -999.0 -1 -999 {-999.0 -999.0 -999.0 -999.0 -999.0} "" -999.0 -999.0 -999.0 -999.0 -999 -999 "" "" "" "" 0 0 0.0 0.0 -999 ""
FIBERMAP 1217 R-3C13 APOGEE 1 1 0 1 0 0 21.36127129307956 -48.22290763697277 143.1 46.6819338857327 24.542877506542958 52.415337 107.514984 276.6452125533264 -34.555947659949624 -0.84675837 -4.4094663 0.19473897 276.6452141611722 -34.55597442811152 276.7485008095391 -34.53845747686954 84.23084172200484 163.68173175229765 16000.0 16600.0 2016.0 2 169 {-999.0 14.223087 13.006086 12.515544 -999.0} sdss_psfmag_from_g3xp 13.768973 12.993919 12.136825 10.236 63050395230881528 1151995870 bright_1x1 mwm_galactic_core_dist_apogee_sparse mwm_galactic science 0 0 0.0 0.0 -999 ""
FIBERMAP 1217 R-3C13 BOSS 0 0 0 1 0 0 22.091077964658204 -48.44092999387924 143.1 46.85057065022335 25.285623825048045 52.415337 107.514984 -999.0 -999.0 -999.0 -999.0 -999.0 276.64588284473507 -34.553724595066726 276.74915276966385 -34.53618593232424 84.23284954363149 163.66988759771593 -999.0 5400.0 -999.0 1 407 {-999.0 -999.0 -999.0 -999.0 -999.0} "" -999.0 -999.0 -999.0 -999.0 -999 -999 "" "" "" "" 0 0 0.0 0.0 -999 ""
FIBERMAP 1217 R-3C13 METROLOGY 0 0 0 1 0 0 21.534376103013102 -48.94549640849724 143.1 47.391278029611755 24.76399196903993 52.415337 107.514984 -999.0 -999.0 -999.0 -999.0 -999.0 276.64787680517463 -34.55530354208913 276.75115391518625 -34.537765122157275 84.23085018825712 163.65892525947692 -999.0 6231.0 -999.0 -1 -999 {-999.0 -999.0 -999.0 -999.0 -999.0} "" -999.0 -999.0 -999.0 -999.0 -999 -999 "" "" "" "" 0 0 0.0 0.0 -999 ""
FIBERMAP 1218 R0C17 APOGEE 1 1 0 1 0 0 78.68083832573745 4.069946813026057 143.1 -9.331315758162521 78.22867676367618 12.093489 124.52626 276.4393615722656 -34.39257183338516 -999.0 -999.0 -999.0 276.43935732253976 -34.39256696120214 276.54212984005403 -34.37562959757809 84.43573215233596 164.8581370598356 16000.0 16600.0 2015.5 2 111 {-999.0 -999.0 -999.0 -999.0 -999.0} "" -999.0 -999.0 -999.0 -999.0 27021603147017352 848144238 "" ops_sky_apogee_best ops_sky sky_apogee 0 0 0.0 0.0 -999 ""
FIBERMAP 1218 R0C17 BOSS 0 0 0 1 0 0 79.2116987189392 3.5657672573717663 143.1 -8.863847744276837 78.79209977401835 12.093489 124.52626 -999.0 -999.0 -999.0 -999.0 -999.0 276.4410854210349 -34.39083551963953 276.54384351034946 -34.37387415994852 84.43702725344042 164.83910465782387 -999.0 5400.0 -999.0 1 189 {-999.0 -999.0 -999.0 -999.0 -999.0} "" -999.0 -999.0 -999.0 -999.0 -999 -999 "" "" "" "" 0 0 0.0 0.0 -999 ""
FIBERMAP 1218 R0C17 METROLOGY 0 0 0 1 0 0 78.5001798958489 3.3482574672237146 143.1 -8.599171171062867 78.09677491182532 12.093489 124.52626 -999.0 -999.0 -999.0 -999.0 -999.0 276.44204759684874 -34.39293551567447 276.5448151235155 -34.37597672337743 84.43478480629962 164.8371669712018 -999.0 6231.0 -999.0 -1 -999 {-999.0 -999.0 -999.0 -999.0 -999.0} "" -999.0 -999.0 -999.0 -999.0 -999 -999 "" "" "" "" 0 0 0.0 0.0 -999 ""
FIBERMAP 1219 R+1C17 APOGEE 0 0 0 1 0 0 63.924009438160404 18.510722853173093 143.1 -22.750615189216823 62.53816266336608 195.55495 105.96416 -999.0 -999.0 -999.0 -999.0 -999.0 276.38974401877954 -34.440037114971496 276.49272106048056 -34.423213131194835 84.40103361318751 165.39457187170564 -999.0 16600.0 -999.0 2 -999 {-999.0 -999.0 -999.0 -999.0 -999.0} "" -999.0 -999.0 -999.0 -999.0 -999 -999 "" "" "" "" 0 0 0.0 0.0 -999 ""
FIBERMAP 1219 R+1C17 BOSS 1 1 0 1 0 0 63.530902411161826 19.16519787685631 143.1 -23.37726353755249 62.102110748665005 195.55495 105.96416 276.3873918538588 -34.4413041758265 -0.43823496 -5.7296333 0.2276431 276.38741974950904 -34.44133561226049 276.49039607008626 -34.424496956565285 84.40030873959753 165.41702812843423 5400.0 5400.0 2016.0 1 199 {-999.0 17.070457 16.756466 16.664843 -999.0} sdss_psfmag_gaia 17.01111 16.769297 16.315441 15.6 63050395230929452 978633460 "" ops_std_boss ops_std standard_boss 0 0 0.0 0.0 -999 ""
FIBERMAP 1219 R+1C17 METROLOGY 0 0 0 1 0 0 64.28785142393359 19.16426491469991 143.1 -23.42703904374283 62.85739513986505 195.55495 105.96416 -999.0 -999.0 -999.0 -999.0 -999.0 276.38724364220985 -34.43903092450497 276.4902132573252 -34.42219917048266 84.40256338860871 165.41222993837653 -999.0 6231.0 -999.0 -1 -999 {-999.0 -999.0 -999.0 -999.0 -999.0} "" -999.0 -999.0 -999.0 -999.0 -999 -999 "" "" "" "" 0 0 0.0 0.0 -999 ""
FIBERMAP 1220 R+1C3 APOGEE 1 1 0 1 0 0 -234.94134741530547 10.267371641757357 143.1 5.494256315850081 -235.09307395244244 232.50853 149.36499 276.49044861889473 -35.34200345591127 0.068018 1.0849822 0.25660124 276.49045202442085 -35.3419885027475 276.59682879065906 -35.324631325236716 83.50772675295677 166.8020178218203 16000.0 16600.0 2016.0 2 38 {-999.0 13.950421 12.576259 11.918027 -999.0} sdss_psfmag_from_g3xp 13.39784 12.468384 11.521809 9.383 63050396519923431 1153147280 bright_1x1 mwm_galactic_core_dist_apogee_sparse mwm_galactic science 0 0 0.0 0.0 -999 ""
FIBERMAP 1220 R+1C3 BOSS 0 0 0 1 0 0 -235.60705585475918 9.992706901315355 143.1 5.812888693563271 -235.7388642721645 232.50853 149.36499 -999.0 -999.0 -999.0 -999.0 -999.0 276.4916352760145 -35.34398855951622 276.59801184319053 -35.32660405535518 83.5055777799655 166.79801174432933 -999.0 5400.0 -999.0 1 62 {-999.0 -999.0 -999.0 -999.0 -999.0} "" -999.0 -999.0 -999.0 -999.0 -999 -999 "" "" "" "" 0 0 0.0 0.0 -999 ""
FIBERMAP 1220 R+1C3 METROLOGY 0 0 0 1 0 0 -235.5252095055437 10.736846812133866 143.1 5.064963969211422 -235.70705295669703 232.50853 149.36499 -999.0 -999.0 -999.0 -999.0 -999.0 276.48885848073365 -35.34391864867138 276.59523829468105 -35.32654802572691 83.50618564006443 166.81729006654396 -999.0 6231.0 -999.0 -1 -999 {-999.0 -999.0 -999.0 -999.0 -999.0} "" -999.0 -999.0 -999.0 -999.0 -999 -999 "" "" "" "" 0 0 0.0 0.0 -999 ""
FIBERMAP 1221 R-8C13 APOGEE 0 0 0 1 0 0 54.759277726121375 -158.62189954895956 143.1 154.59177159826416 65.26006444550002 194.22166 119.15966 -999.0 -999.0 -999.0 -999.0 -999.0 277.04190447022313 -34.4324387232028 277.14451818566215 -34.4139387917124 84.24109690781327 160.20369999850487 -999.0 16600.0 -999.0 2 -999 {-999.0 -999.0 -999.0 -999.0 -999.0} "" -999.0 -999.0 -999.0 -999.0 -999 -999 "" "" "" "" 0 0 0.0 0.0 -999 ""
FIBERMAP 1221 R-8C13 BOSS 1 1 0 1 0 0 54.22058295141779 -158.0510079600265 143.1 154.0582685747788 64.68435603773142 194.22166 119.15966 277.0400347438534 -34.434188842418656 -6.9540915 -1.4058816 -0.39819705 277.0400381574681 -34.43418064544491 277.14265002336776 -34.415664789125806 84.2400388695152 160.22420656498645 5400.0 5400.0 2016.0 1 418 {-999.0 16.331383 15.663208 15.425032 -999.0} sdss_psfmag_gaia 16.085735 15.706325 15.012088 13.912 63050396520284850 1093496921 bright_1x1 mwm_astar_core_boss_single mwm_ob science 0 0 0.0 0.0 -999 ""
FIBERMAP 1221 R-8C13 METROLOGY 0 0 0 1 0 0 54.97645469086777 -157.9061255743142 143.1 153.86308258945908 65.42879776606888 194.22166 119.15966 -999.0 -999.0 -999.0 -999.0 -999.0 277.0393325498467 -34.43191104569628 277.14193888056263 -34.41340342170529 84.24236019696959 160.2215810317825 -999.0 6231.0 -999.0 -1 -999 {-999.0 -999.0 -999.0 -999.0 -999.0} "" -999.0 -999.0 -999.0 -999.0 -999 -999 "" "" "" "" 0 0 0.0 0.0 -999 ""
FIBERMAP 1223 R+13C7 APOGEE 1 1 0 1 0 0 -29.635054942099906 251.96429558350601 143.1 -249.40420585483707 -46.445967795978824 218.95885 71.55212 275.5535888671875 -34.76492502457285 -999.0 -999.0 -999.0 275.5535898117611 -34.76491969425344 275.6582135901323 -34.75015328831743 84.21801363500201 172.84876717459696 16000.0 16600.0 2015.5 2 100 {-999.0 -999.0 -999.0 -999.0 -999.0} "" -999.0 -999.0 -999.0 -999.0 27021603147016492 848144195 "" ops_sky_apogee_best ops_sky sky_apogee 0 0 0.0 0.0 -999 ""
FIBERMAP 1223 R+13C7 BOSS 0 0 0 1 0 0 -29.834036370528594 252.64739288434075 143.1 -250.072415217672 -46.690254388451095 218.95885 71.55212 -999.0 -999.0 -999.0 -999.0 -999.0 275.55112509343877 -34.7656549691007 275.65574937338783 -34.75087317465947 84.21756795082071 172.86963271172584 -999.0 5400.0 -999.0 1 174 {-999.0 -999.0 -999.0 -999.0 -999.0} "" -999.0 -999.0 -999.0 -999.0 -999 -999 "" "" "" "" 0 0 0.0 0.0 -999 ""
FIBERMAP 1223 R+13C7 METROLOGY 0 0 0 1 0 0 -29.116350412036944 252.4826699969382 143.1 -249.95614437037236 -45.96317154093022 218.95885 71.55212 -999.0 -999.0 -999.0 -999.0 -999.0 275.5515237221055 -34.76346197845395 275.6561404142699 -34.74868592622028 84.2196935477932 172.86360133556815 -999.0 6231.0 -999.0 -1 -999 {-999.0 -999.0 -999.0 -999.0 -999.0} "" -999.0 -999.0 -999.0 -999.0 -999 -999 "" "" "" "" 0 0 0.0 0.0 -999 ""
FIBERMAP 1224 R+5C18 APOGEE 1 1 0 1 0 0 129.59315816439192 95.91403035958851 143.1 -104.37634376848307 122.8723988114435 205.77614 94.36962 276.09121443001095 -34.25594774874046 -2.4594223 -7.568037 0.052262135 276.0912198943365 -34.2559579710843 276.19364987007043 -34.23995898407661 84.64002537378671 167.42201101533553 16000.0 16600.0 2016.0 2 64 {-999.0 16.042023 14.598067 13.663171 -999.0} sdss_psfmag_from_g3xp 15.449329 14.306695 13.241662 10.891 63050395231084053 1151996148 bright_1x1 mwm_galactic_core_dist_apogee_sparse mwm_galactic science 0 0 0.0 0.0 -999 ""
FIBERMAP 1224 R+5C18 BOSS 0 0 0 1 0 0 129.33300660958645 96.60713510640355 143.1 -105.05044009203885 122.56641128684373 205.77614 94.36962 -999.0 -999.0 -999.0 -999.0 -999.0 276.08869455462 -34.256842769647854 276.191123511201 -34.24083043951937 84.63965796873102 167.4459148275176 -999.0 5400.0 -999.0 1 216 {-999.0 -999.0 -999.0 -999.0 -999.0} "" -999.0 -999.0 -999.0 -999.0 -999 -999 "" "" "" "" 0 0 0.0 0.0 -999 ""
FIBERMAP 1224 R+5C18 METROLOGY 0 0 0 1 0 0 130.0781366553553 96.47323181580516 143.1 -104.96675693964153 123.31881106629822 205.77614 94.36962 -999.0 -999.0 -999.0 -999.0 -999.0 276.08900804391175 -34.25454592245557 276.19142976965 -34.23853903655231 84.64182970737329 167.43763412167297 -999.0 6231.0 -999.0 -1 -999 {-999.0 -999.0 -999.0 -999.0 -999.0} "" -999.0 -999.0 -999.0 -999.0 -999 -999 "" "" "" "" 0 0 0.0 0.0 -999 ""
FIBERMAP 1227 R-4C8 APOGEE 0 0 0 1 0 0 -96.43404010733998 -65.88984178933687 143.1 72.19940496213992 -91.80019335592343 123.34481 114.18107 -999.0 -999.0 -999.0 -999.0 -999.0 276.73893125101307 -34.90919581103417 276.843514779207 -34.891330406320066 83.87067318235468 163.9709308939314 -999.0 16600.0 -999.0 2 -999 {-999.0 -999.0 -999.0 -999.0 -999.0} "" -999.0 -999.0 -999.0 -999.0 -999 -999 "" "" "" "" 0 0 0.0 0.0 -999 ""
FIBERMAP 1227 R-4C8 BOSS 1 1 0 1 0 0 -96.05055582241363 -65.2501530616401 143.1 71.53548703834849 -91.46043539361307 123.34481 114.18107 276.7361904059819 -34.90821871817805 -2.4165783 -8.581304 0.1238776 276.73653122062495 -34.908236344206905 276.84110406946013 -34.8903554005866 83.87218686450936 163.98594525530194 5400.0 5400.0 2016.0 1 479 {-999.0 14.953165 14.276338 13.970463 -999.0} sdss_psfmag_from_g3xp 14.770552 14.280006 13.619223 12.252 63050396520167176 1071874554 dark_flexible_2x1 mwm_halo_mp_xp_boss mwm_halo science 0 0 1.0384852886199951 0.0 -999 ""
FIBERMAP 1227 R-4C8 METROLOGY 0 0 0 1 0 0 -95.68632297471724 -65.91026986752654 143.1 72.16969851350933 -91.05281384594656 123.34481 114.18107 -999.0 -999.0 -999.0 -999.0 -999.0 276.73888577934514 -34.90700259083244 276.84345502079293 -34.88912220248059 83.87279793337544 163.96527938812795 -999.0 6231.0 -999.0 -1 -999 {-999.0 -999.0 -999.0 -999.0 -999.0} "" -999.0 -999.0 -999.0 -999.0 -999 -999 "" "" "" "" 0 0 0.0 0.0 -999 ""
FIBERMAP 1228 R-4C5 APOGEE 1 1 0 1 0 0 -177.71765296383077 -79.27802143999895 143.1 91.00204640000797 -172.00149813941886 243.74803 43.15127 276.8081315752727 -35.151852278928196 -3.1644335 -7.144074 0.018317167 276.80810166853695 -35.151867455523785 276.9135798309949 -35.13375032014858 83.62208663266513 164.12045537854755 16000.0 16600.0 2016.0 2 296 {-999.0 15.661252 14.269646 13.365518 -999.0} sdss_psfmag_from_g3xp 15.111817 13.996966 12.948335 10.554 63050396520137937 1153147233 bright_1x1 mwm_galactic_core_dist_apogee_sparse mwm_galactic science 0 0 0.0 0.0 -999 ""
FIBERMAP 1228 R-4C5 BOSS 0 0 0 1 0 0 -177.93997429028198 -78.56919377297427 143.1 90.30972886768362 -172.2707949959387 243.74803 43.15127 -999.0 -999.0 -999.0 -999.0 -999.0 276.8055775968672 -35.1527590025105 276.9110519455131 -35.13462516389732 83.6218545039213 164.14055456091074 -999.0 5400.0 -999.0 1 487 {-999.0 -999.0 -999.0 -999.0 -999.0} "" -999.0 -999.0 -999.0 -999.0 -999 -999 "" "" "" "" 0 0 0.0 0.0 -999 ""
FIBERMAP 1228 R-4C5 METROLOGY 0 0 0 1 0 0 -177.20630327682775 -78.72518112181406 143.1 90.41621330469617 -171.52834874070444 243.74803 43.15127 -999.0 -999.0 -999.0 -999.0 -999.0 276.8059894436665 -35.15053323682018 276.91145744188 -35.132405518291996 83.62388028405908 164.1318581871061 -999.0 6231.0 -999.0 -1 -999 {-999.0 -999.0 -999.0 -999.0 -999.0} "" -999.0 -999.0 -999.0 -999.0 -999 -999 "" "" "" "" 0 0 0.0 0.0 -999 ""
FIBERMAP 1230 R+8C17 APOGEE 1 1 0 1 0 0 158.3001333720851 133.64877012516365 143.1 -143.94800152776256 148.98610703679498 343.34613 29.242348 275.94735869250303 -34.17629157553202 -1.3605757 -3.6697605 0.011740472 275.9473447168368 -34.17630442635771 276.0495448411324 -34.1607004880251 84.74363148561606 168.48957671330257 16000.0 16600.0 2016.0 2 75 {-999.0 17.72426 15.743042 13.783187 -999.0} sdss_psfmag_gaia 16.414698 14.519291 13.227145 10.297 63050395231126175 1154351327 bright_1x1 mwm_galactic_core_dist_apogee_sparse mwm_galactic science 0 0 0.0 0.0 -999 ""
FIBERMAP 1230 R+8C17 BOSS 0 0 0 1 0 0 157.57137884971385 133.5002315113829 143.1 -143.75098417910792 148.26896557523798 343.34613 29.242348 -999.0 -999.0 -999.0 -999.0 -999.0 275.947997718371 -34.1784565563299 276.0502005983376 -34.16283098712958 84.7414344704028 168.488691721486 -999.0 5400.0 -999.0 1 234 {-999.0 -999.0 -999.0 -999.0 -999.0} "" -999.0 -999.0 -999.0 -999.0 -999 -999 "" "" "" "" 0 0 0.0 0.0 -999 ""
FIBERMAP 1230 R+8C17 METROLOGY 0 0 0 1 0 0 157.8020914655638 134.21033704350987 143.1 -144.47492440231048 148.4515833792514 343.34613 29.242348 -999.0 -999.0 -999.0 -999.0 -999.0 275.94533389636837 -34.17786516219874 276.0475372775976 -34.16225211034021 84.74246469446479 168.5108684748577 -999.0 6231.0 -999.0 -1 -999 {-999.0 -999.0 -999.0 -999.0 -999.0} "" -999.0 -999.0 -999.0 -999.0 -999 -999 "" "" "" "" 0 0 0.0 0.0 -999 ""
FIBERMAP 1233 R+11C16 APOGEE 1 1 0 1 0 0 162.34124351111572 194.31243650474428 143.1 -204.7439576023532 148.9542718455883 302.9886 56.23169 275.7255809326497 -34.1750173005498 14.468961 -81.93415 11.917742 275.72564289685084 -34.175237216056914 275.8279460051625 -34.16020541218634 84.77952276841242 170.459223952232 16000.0 16600.0 2016.0 2 104 {-999.0 11.769458 10.980026 10.699032 -999.0} sdss_psfmag_from_g3xp 11.536259 11.026016 10.355768 9.029 63050395231116578 984779439 bright_1x1 mwm_snc_100pc_apogee mwm_snc science 0 0 0.0 0.0 -999 ""
FIBERMAP 1233 R+11C16 BOSS 0 0 0 1 0 0 161.61085998959612 194.30444250306738 143.1 -204.6870550643254 148.2260903291337 302.9886 56.23169 -999.0 -999.0 -999.0 -999.0 -999.0 275.7258024196115 -34.17744647472008 275.8281096269051 -34.16239428964252 84.77734401199152 170.46197176183725 -999.0 5400.0 -999.0 1 178 {-999.0 -999.0 -999.0 -999.0 -999.0} "" -999.0 -999.0 -999.0 -999.0 -999 -999 "" "" "" "" 0 0 0.0 0.0 -999 ""
FIBERMAP 1233 R+11C16 METROLOGY 0 0 0 1 0 0 161.9788744074954 194.95998810904572 143.1 -205.36575739384375 148.54935150457612 302.9886 56.23169 -999.0 -999.0 -999.0 -999.0 -999.0 275.7233047992298 -34.17642502588012 275.825610537388 -34.16138506604224 84.77869941728852 170.4824019784177 -999.0 6231.0 -999.0 -1 -999 {-999.0 -999.0 -999.0 -999.0 -999.0} "" -999.0 -999.0 -999.0 -999.0 -999 -999 "" "" "" "" 0 0 0.0 0.0 -999 ""
FIBERMAP 1234 R+5C14 APOGEE 1 1 0 1 0 0 55.1286273193098 105.60887923788522 143.1 -109.06085789365633 47.928336037183705 48.13281 154.81207 276.07181569015853 -34.48299402998164 -4.3511 -13.156982 0.21082345 276.07180424353743 -34.483037589250486 276.1751025373313 -34.46701982211816 84.4221888595073 168.11325774793875 16000.0 16600.0 2016.0 2 93 {-999.0 13.942471 12.778012 12.291808 -999.0} sdss_psfmag_from_g3xp 13.516214 12.758104 11.912034 9.983 63050395231048615 1151996246 bright_1x1 mwm_galactic_core_dist_apogee_sparse mwm_galactic science 0 0 0.0 0.0 -999 ""
FIBERMAP 1234 R+5C14 BOSS 0 0 0 1 0 0 55.816788695662055 105.89431244399593 143.1 -109.39173823936558 48.59580670760177 48.13281 154.81207 -999.0 -999.0 -999.0 -999.0 -999.0 276.0705437819669 -34.481000929571 276.17382942906556 -34.46496659792142 84.42442176920335 168.11918313761734 -999.0 5400.0 -999.0 1 166 {-999.0 -999.0 -999.0 -999.0 -999.0} "" -999.0 -999.0 -999.0 -999.0 -999 -999 "" "" "" "" 0 0 0.0 0.0 -999 ""
FIBERMAP 1234 R+5C14 METROLOGY 0 0 0 1 0 0 55.7158051922316 105.14700700527148 143.1 -108.6393732542229 48.54511395457344 48.13281 154.81207 -999.0 -999.0 -999.0 -999.0 -999.0 276.07329373175037 -34.481158628627284 276.17658018407803 -34.46512294991219 84.42377350230984 168.09675812229364 -999.0 6231.0 -999.0 -1 -999 {-999.0 -999.0 -999.0 -999.0 -999.0} "" -999.0 -999.0 -999.0 -999.0 -999 -999 "" "" "" "" 0 0 0.0 0.0 -999 ""
FIBERMAP 1236 R+13C5 APOGEE 1 1 0 1 0 0 -40.66947568890352 256.5840793360771 143.1 -253.27427728731297 -57.764680571077314 37.133686 94.09808 275.5389945859255 -34.79898525429748 1.0635898 -2.52655 0.19507904 275.53899066141423 -34.798990777648655 275.64375177422426 -34.78425173486366 84.18576593053301 173.0095795744506 16000.0 16600.0 2016.0 2 52 {-999.0 14.392083 12.970835 12.164842 -999.0} sdss_psfmag_from_g3xp 13.815634 12.764959 11.747789 9.387 63050395230752462 1151995706 bright_1x1 mwm_galactic_core_dist_apogee_sparse mwm_galactic science 0 0 0.0 0.0 -999 ""
FIBERMAP 1236 R+13C5 BOSS 0 0 0 1 0 0 -40.18351933262197 255.9914924888387 143.1 -252.71559567728477 -57.24013693195867 37.133686 94.09808 -999.0 -999.0 -999.0 -999.0 -999.0 275.54104844037533 -34.797451481952855 275.6457992218001 -34.78268594497153 84.18710029227887 172.99111267453583 -999.0 5400.0 -999.0 1 89 {-999.0 -999.0 -999.0 -999.0 -999.0} "" -999.0 -999.0 -999.0 -999.0 -999 -999 "" "" "" "" 0 0 0.0 0.0 -999 ""
FIBERMAP 1236 R+13C5 METROLOGY 0 0 0 1 0 0 -40.92649947296326 255.8842423574644 143.1 -252.55881966108268 -57.97423737720314 37.133686 94.09808 -999.0 -999.0 -999.0 -999.0 -999.0 275.5415356391456 -34.7996819127395 275.6462956998114 -34.78492057124478 84.18483162751996 172.98998777452334 -999.0 6231.0 -999.0 -1 -999 {-999.0 -999.0 -999.0 -999.0 -999.0} "" -999.0 -999.0 -999.0 -999.0 -999 -999 "" "" "" "" 0 0 0.0 0.0 -999 ""
FIBERMAP 1237 R-2C7 APOGEE 1 1 0 1 0 0 -144.5634192663555 -40.95729971098916 143.1 50.54783169640696 -141.48993229919822 164.6817 141.23796 276.6584498594943 -35.05973359847736 -3.461304 -0.13555516 0.10228864 276.6584673915995 -35.0597188832284 276.76366944201243 -35.04201485386581 83.744976703537 164.9515948229287 16000.0 16600.0 2016.0 2 286 {-999.0 14.573489 13.225871 12.598903 -999.0} sdss_psfmag_from_g3xp 14.042498 13.142162 12.20523 10.033 63050396520149801 1153147302 bright_1x1 mwm_galactic_core_dist_apogee_sparse mwm_galactic science 0 0 0.0 0.0 -999 ""
FIBERMAP 1237 R-2C7 BOSS 0 0 0 1 0 0 -144.75270884671022 -40.24276980336598 143.1 49.847612210608176 -141.726654758118 164.6817 141.23796 -999.0 -999.0 -999.0 -999.0 -999.0 276.65590596201133 -35.06051917067497 276.76110446080327 -35.04279890360066 83.74480534657131 164.97210825517473 -999.0 5400.0 -999.0 1 469 {-999.0 -999.0 -999.0 -999.0 -999.0} "" -999.0 -999.0 -999.0 -999.0 -999 -999 "" "" "" "" 0 0 0.0 0.0 -999 ""
FIBERMAP 1237 R-2C7 METROLOGY 0 0 0 1 0 0 -144.04045856594453 -40.44377325784299 143.1 50.0004449682082 -141.00256483090496 164.6817 141.23796 -999.0 -999.0 -999.0 -999.0 -999.0 276.6564827695808 -35.05833772266737 276.7616748460225 -35.040623040686334 83.7467666755054 164.96245615468942 -999.0 6231.0 -999.0 -1 -999 {-999.0 -999.0 -999.0 -999.0 -999.0} "" -999.0 -999.0 -999.0 -999.0 -999 -999 "" "" "" "" 0 0 0.0 0.0 -999 ""
FIBERMAP 1238 R-9C3 APOGEE 1 1 0 1 0 0 -127.1279859201017 -172.83625002402127 143.1 180.95791478116837 -115.26000200634493 45.12816 70.3284 277.1404840541352 -34.97921960178942 -3.4053686 -4.6854177 0.13007188 277.1404608225702 -34.97923012997562 277.24510101786825 -34.96031068525406 83.70039114838038 161.29030126406644 16000.0 16600.0 2016.0 2 283 {-999.0 14.707516 13.6222515 13.179282 -999.0} sdss_psfmag_from_g3xp 14.326281 13.619592 12.806032 10.963 63050396520103966 1153147378 bright_1x1 mwm_galactic_core_dist_apogee_sparse mwm_galactic science 0 0 0.0 0.0 -999 ""
FIBERMAP 1238 R-9C3 BOSS 0 0 0 1 0 0 -126.79158733052127 -173.5030017460962 143.1 181.60061058910202 -114.87970674945022 45.12816 70.3284 -999.0 -999.0 -999.0 -999.0 -999.0 277.1428845699503 -34.97811564166285 277.2475093118924 -34.95916806392594 83.7007887709841 161.2698346371082 -999.0 5400.0 -999.0 1 464 {-999.0 -999.0 -999.0 -999.0 -999.0} "" -999.0 -999.0 -999.0 -999.0 -999 -999 "" "" "" "" 0 0 0.0 0.0 -999 ""
FIBERMAP 1238 R-9C3 METROLOGY 0 0 0 1 0 0 -127.54183975670394 -173.4493911576715 143.1 181.59738007321496 -115.6318385911922 45.12816 70.3284 -999.0 -999.0 -999.0 -999.0 -999.0 277.14290596151517 -34.98040140149389 277.24754224213007 -34.96145937064737 83.69862686481389 161.27675639791082 -999.0 6231.0 -999.0 -1 -999 {-999.0 -999.0 -999.0 -999.0 -999.0} "" -999.0 -999.0 -999.0 -999.0 -999 -999 "" "" "" "" 0 0 0.0 0.0 -999 ""
FIBERMAP 1239 R0C25 APOGEE 0 0 0 1 0 0 257.03261488342787 16.291532589158248 143.1 -33.4724066441471 255.354813890408 103.322365 62.645405 -999.0 -999.0 -999.0 -999.0 -999.0 276.353754082151 -33.85722088817983 276.4545584071019 -33.840666295101336 84.96929487676148 163.96688657674025 -999.0 16600.0 -999.0 2 105 {-999.0 -999.0 -999.0 -999.0 -999.0} "" -999.0 -999.0 -999.0 -999.0 -999 -999 "" ops_sky_apogee_best_unassigned ops_sky sky_apogee 0 0 0.0 0.0 -999 ""
FIBERMAP 1239 R0C25 BOSS 1 1 0 1 0 0 257.73417371144257 16.0746430855997 143.1 -33.303007887648526 256.06930093066967 103.322365 62.645405 276.35438445677596 -33.855074134915895 -3.8011339 -5.7636023 0.07651149 276.3543901325322 -33.855087255778315 276.4551795657711 -33.83851361568601 84.97120437699603 163.9541137394081 5400.0 5400.0 2016.0 1 179 {-999.0 16.488533 15.645312 15.327185 -999.0} sdss_psfmag_gaia 16.186813 15.68475 14.927449 13.454 63050395231197371 1071775881 dark_flexible_2x1 mwm_halo_vmp_xp_boss mwm_halo science 0 0 0.0 0.0 -999 ""
FIBERMAP 1239 R0C25 METROLOGY 0 0 0 1 0 0 257.2308239427745 15.57284344153357 143.1 -32.768634904582626 255.6007140951704 103.322365 62.645405 -999.0 -999.0 -999.0 -999.0 -999.0 276.35631889970244 -33.85644728296113 276.45711432236294 -33.83987337619426 84.96943567231641 163.9410930317139 -999.0 6231.0 -999.0 -1 -999 {-999.0 -999.0 -999.0 -999.0 -999.0} "" -999.0 -999.0 -999.0 -999.0 -999 -999 "" "" "" "" 0 0 0.0 0.0 -999 ""
FIBERMAP 1244 R-7C12 APOGEE 1 1 0 1 0 0 38.651384131436764 -125.13154467131973 143.1 122.2568632892765 46.94547920187249 56.27228 125.98388 276.92340574847157 -34.48802530151322 -1.4739254 -13.325835 0.14104664 276.9234054876921 -34.48807030707204 277.0262913183109 -34.469858199042626 84.22277963962578 161.3071475233702 16000.0 16600.0 2016.0 2 163 {-999.0 13.806516 12.380711 11.758282 -999.0} sdss_psfmag_from_g3xp 13.229176 12.303952 11.363466 9.164 63050396520276276 1153147480 bright_1x1 mwm_galactic_core_dist_apogee_sparse mwm_galactic science 0 0 0.0 0.0 -999 ""
FIBERMAP 1244 R-7C12 BOSS 0 0 0 1 0 0 39.3906831984069 -125.08653420584523 143.1 122.16243151466946 47.68007627030679 56.27228 125.98388 -999.0 -999.0 -999.0 -999.0 -999.0 276.9231344994414 -34.48583904964254 277.0260030837543 -34.4676079182369 84.2249766562694 161.3017658769032 -999.0 5400.0 -999.0 1 394 {-999.0 -999.0 -999.0 -999.0 -999.0} "" -999.0 -999.0 -999.0 -999.0 -999 -999 "" "" "" "" 0 0 0.0 0.0 -999 ""
FIBERMAP 1244 R-7C12 METROLOGY 0 0 0 1 0 0 39.081196345041455 -125.75339453380447 143.1 122.84850211748942 47.415967066167646 56.27228 125.98388 -999.0 -999.0 -999.0 -999.0 -999.0 276.9256711643605 -34.486628209329474 277.0285439423991 -34.468396092758645 84.22352286225457 161.28485608253843 -999.0 6231.0 -999.0 -1 -999 {-999.0 -999.0 -999.0 -999.0 -999.0} "" -999.0 -999.0 -999.0 -999.0 -999 -999 "" "" "" "" 0 0 0.0 0.0 -999 ""
FIBERMAP 1245 R-13C10 APOGEE 1 1 0 1 0 0 51.55636019456934 -231.18024253019024 143.1 227.1991157099338 66.92497782197577 170.22371 29.96814 277.3074074072492 -34.42685410568102 -0.29601905 -9.231708 1.8713934 277.3074400906669 -34.42688789122218 277.4098927933986 -34.40770721083963 84.16440257012796 158.172457868311 16000.0 16600.0 2016.0 2 158 {-999.0 10.7569895 10.756556 10.7948265 -999.0} sdss_psfmag_gaia 10.825777 10.706543 10.485561 10.098 63050396520924047 975493125 "" ops_std_apogee ops_std standard_apogee 0 0 0.0 0.0 -999 ""
FIBERMAP 1245 R-13C10 BOSS 0 0 0 1 0 0 52.23884313564241 -230.9165777966133 143.1 226.8903345537932 67.58824123532347 170.22371 29.96814 -999.0 -999.0 -999.0 -999.0 -999.0 277.3063426406965 -34.424895483746766 277.4087779437631 -34.405698090151596 84.16661158181148 158.17298508401356 -999.0 5400.0 -999.0 1 439 {-999.0 -999.0 -999.0 -999.0 -999.0} "" -999.0 -999.0 -999.0 -999.0 -999 -999 "" "" "" "" 0 0 0.0 0.0 -999 ""
FIBERMAP 1245 R-13C10 METROLOGY 0 0 0 1 0 0 52.14987515682212 -231.63888438367243 143.1 227.61695283334737 67.54786197350872 170.22371 29.96814 -999.0 -999.0 -999.0 -999.0 -999.0 277.30903623145235 -34.424993512522434 277.41147343061857 -34.40579487602747 84.16564585263316 158.1532531426158 -999.0 6231.0 -999.0 -1 -999 {-999.0 -999.0 -999.0 -999.0 -999.0} "" -999.0 -999.0 -999.0 -999.0 -999 -999 "" "" "" "" 0 0 0.0 0.0 -999 ""
FIBERMAP 1248 R-10C3 APOGEE 1 1 0 1 0 0 -119.2382767785266 -189.9455382173369 143.1 197.4996508215685 -106.24218132797414 35.1511 94.971146 277.20131205596556 -34.951635977872726 -2.0802412 -3.937788 0.31945267 277.20129328863334 -34.95164268762172 277.3057955078699 -34.932575268730005 83.70915550538506 160.77702754788922 16000.0 16600.0 2016.0 2 284 {-999.0 13.032043 11.587685 10.391448 -999.0} sdss_psfmag_from_g3xp 12.44085 11.086495 9.942959 7.344 63050396520105079 1153147380 bright_1x1 mwm_galactic_core_dist_apogee_sparse mwm_galactic science 0 0 0.0 0.0 -999 ""
FIBERMAP 1248 R-10C3 BOSS 0 0 0 1 0 0 -118.74753983964933 -190.4992944732813 143.1 198.01927019880034 -105.71546918943821 35.1511 94.971146 -999.0 -999.0 -999.0 -999.0 -999.0 277.203254783435 -34.95008046052018 277.3077398465358 -34.93098634477599 83.71008304589525 160.75831138211498 -999.0 5400.0 -999.0 1 465 {-999.0 -999.0 -999.0 -999.0 -999.0} "" -999.0 -999.0 -999.0 -999.0 -999 -999 "" "" "" "" 0 0 0.0 0.0 -999 ""
FIBERMAP 1248 R-10C3 METROLOGY 0 0 0 1 0 0 -119.45700578665115 -190.6551269773382 143.1 198.22227269638836 -106.41287748449251 35.1511 94.971146 -999.0 -999.0 -999.0 -999.0 -999.0 277.2040403914895 -34.95219580284972 277.30853599079 -34.93310529075504 83.70786989050967 160.7595322805909 -999.0 6231.0 -999.0 -1 -999 {-999.0 -999.0 -999.0 -999.0 -999.0} "" -999.0 -999.0 -999.0 -999.0 -999 -999 "" "" "" "" 0 0 0.0 0.0 -999 ""
FIBERMAP 1250 R-9C17 APOGEE 0 0 0 1 0 0 154.17890593589382 -190.3541430774237 143.1 179.5917112377664 166.5785212418207 288.29117 41.482292 -999.0 -999.0 -999.0 -999.0 -999.0 277.13132918040185 -34.125934575059084 277.2327429358612 -34.10729783634331 84.49816310867772 158.34421123496628 -999.0 16600.0 -999.0 2 -999 {-999.0 -999.0 -999.0 -999.0 -999.0} "" -999.0 -999.0 -999.0 -999.0 -999 -999 "" "" "" "" 0 0 0.0 0.0 -999 ""
FIBERMAP 1250 R-9C17 BOSS 1 1 0 1 0 0 153.51482819504002 -189.94703169162185 143.1 179.23001385019543 165.8886872256866 288.29117 41.482292 277.13010344863454 -34.12805308593482 -8.13537 16.22494 5.1336374 277.1300593942646 -34.12801851725062 277.23147190503903 -34.10936537733896 84.49666894349875 158.36271922731484 5400.0 5400.0 2016.0 1 334 {-999.0 -999.0 -999.0 -999.0 -999.0} "" -999.0 17.265549 -999.0 -999.0 63050396520968977 1078061034 bright_flexible_2x1 mwm_snc_ext_main_boss mwm_snc science 0 0 0.0 0.0 -999 ""
FIBERMAP 1250 R-9C17 METROLOGY 0 0 0 1 0 0 154.16999317738407 -189.60620004514664 143.1 178.84607182130102 166.5195257704977 288.29117 41.482292 -999.0 -999.0 -999.0 -999.0 -999.0 277.1286789970333 -34.12608129025065 277.23008772626986 -34.10743768505011 84.49889076456401 158.36589945182092 -999.0 6231.0 -999.0 -1 -999 {-999.0 -999.0 -999.0 -999.0 -999.0} "" -999.0 -999.0 -999.0 -999.0 -999 -999 "" "" "" "" 0 0 0.0 0.0 -999 ""
FIBERMAP 1255 R-8C3 APOGEE 1 1 0 1 0 0 -150.82652876479804 -150.25842467008528 143.1 160.0191178481201 -140.4169108262192 331.64047 167.37827 277.06331556130755 -35.055647156240454 3.1106186 -2.7371876 0.46153724 277.0633323141567 -35.05565012883843 277.1683062559222 -35.03690574136623 83.64935075270266 162.0615288728985 16000.0 16600.0 2016.0 2 282 {-999.0 11.96523 11.013091 10.665793 -999.0} sdss_psfmag_from_g3xp 11.651237 11.0464325 10.30473 8.719 63050396520055134 1153147174 bright_1x1 mwm_galactic_core_dist_apogee_sparse mwm_galactic science 0 0 0.0 0.0 -999 ""
FIBERMAP 1255 R-8C3 BOSS 0 0 0 1 0 0 -150.27649659686523 -150.74986869221718 143.1 160.47259511217786 -139.83521291029587 331.64047 167.37827 -999.0 -999.0 -999.0 -999.0 -999.0 277.0650592136008 -35.05393888346624 277.17001608032206 -35.0351680417955 83.6505309236991 162.04440563825833 -999.0 5400.0 -999.0 1 463 {-999.0 -999.0 -999.0 -999.0 -999.0} "" -999.0 -999.0 -999.0 -999.0 -999 -999 "" "" "" "" 0 0 0.0 0.0 -999 ""
FIBERMAP 1255 R-8C3 METROLOGY 0 0 0 1 0 0 -150.9914617977681 -150.97738625242738 143.1 160.74748748610716 -140.53330588838114 331.64047 167.37827 -999.0 -999.0 -999.0 -999.0 -999.0 277.0660999448895 -35.05605850249671 277.17106710173175 -35.03729072078786 83.64824325732123 162.0433780005889 -999.0 6231.0 -999.0 -1 -999 {-999.0 -999.0 -999.0 -999.0 -999.0} "" -999.0 -999.0 -999.0 -999.0 -999 -999 "" "" "" "" 0 0 0.0 0.0 -999 ""
FIBERMAP 1257 R0C5 APOGEE 1 1 0 1 0 0 -217.87028581059622 3.9496209219584704 143.1 10.654039276013979 -217.63775097742624 193.18472 89.5963 276.50978326250663 -35.28948658935265 -2.2562292 -6.277149 0.13278846 276.50979800268334 -35.28949054814646 276.61596184527696 -35.272099497756805 83.55477677124775 166.55257628117894 16000.0 16600.0 2016.0 2 278 {-999.0 16.322256 14.914609 13.82292 -999.0} sdss_psfmag_from_g3xp 15.760329 14.488056 13.379883 10.924 63050396519934102 1153147156 bright_1x1 mwm_galactic_core_dist_apogee_sparse mwm_galactic science 0 0 0.0 0.0 -999 ""
FIBERMAP 1257 R0C5 BOSS 0 0 0 1 0 0 -217.90931393475202 4.710092558608305 143.1 9.897917203209747 -217.72763236412726 193.18472 89.5963 -999.0 -999.0 -999.0 -999.0 -999.0 276.50700091450597 -35.28982406199758 276.61316010843325 -35.2724166483235 83.55503894963205 166.5730156295251 -999.0 5400.0 -999.0 1 452 {-999.0 -999.0 -999.0 -999.0 -999.0} "" -999.0 -999.0 -999.0 -999.0 -999 -999 "" "" "" "" 0 0 0.0 0.0 -999 ""
FIBERMAP 1257 R0C5 METROLOGY 0 0 0 1 0 0 -217.2442227738085 4.356480190720538 143.1 10.206169753963708 -217.040371021052 193.18472 89.5963 -999.0 -999.0 -999.0 -999.0 -999.0 276.50815228160496 -35.2877830627835 276.61430508548415 -35.27037995951307 83.55677897046996 166.5604331053754 -999.0 6231.0 -999.0 -1 -999 {-999.0 -999.0 -999.0 -999.0 -999.0} "" -999.0 -999.0 -999.0 -999.0 -999 -999 "" "" "" "" 0 0 0.0 0.0 -999 ""
FIBERMAP 1258 R-12C12 APOGEE 0 0 0 1 0 0 77.23283099583433 -225.49799565965347 143.1 219.8098239626189 92.1622218782237 159.4879 107.07035 -999.0 -999.0 -999.0 -999.0 -999.0 277.2798376210797 -34.35061092376231 277.3820174206513 -34.33152433111159 84.24348194222905 158.0840631456285 -999.0 16600.0 -999.0 2 -999 {-999.0 -999.0 -999.0 -999.0 -999.0} "" -999.0 -999.0 -999.0 -999.0 -999 -999 "" "" "" "" 0 0 0.0 0.0 -999 ""
FIBERMAP 1258 R-12C12 BOSS 1 1 0 1 0 0 77.2984396448701 -224.72976238165106 143.1 219.0389485721489 92.176218581455 159.4879 107.07035 277.2770488813795 -34.35055802255904 0.75378025 -7.7032385 0.20913729 277.27707002350104 -34.35058250769317 277.37924084493545 -34.3314831742946 84.24442560918828 158.10490281757728 5400.0 5400.0 2016.0 1 428 {-999.0 18.366924 17.960955 17.832249 -999.0} sdss_psfmag_gaia 18.318151 17.986025 17.523064 -999.0 63050396520927253 978850473 "" ops_std_boss ops_std standard_boss 0 0 0.0 0.0 -999 ""
FIBERMAP 1258 R-12C12 METROLOGY 0 0 0 1 0 0 77.90091016328631 -225.16159048309882 143.1 219.42943321115052 92.80624166147636 159.4879 107.07035 -999.0 -999.0 -999.0 -999.0 -999.0 277.2785176538869 -34.348653297664846 277.3806833676574 -34.329556464467316 84.24572499813867 158.08639856690812 -999.0 6231.0 -999.0 -1 -999 {-999.0 -999.0 -999.0 -999.0 -999.0} "" -999.0 -999.0 -999.0 -999.0 -999 -999 "" "" "" "" 0 0 0.0 0.0 -999 ""
FIBERMAP 1259 R+6C4 APOGEE 0 0 0 1 0 0 -150.65885908825612 132.4886764600053 143.1 -122.09407549454015 -159.1902264478447 98.471725 83.845665 -999.0 -999.0 -999.0 -999.0 -999.0 276.01868703002106 -35.11056936931306 276.1244098279235 -35.09449822284817 83.81637893782253 169.76194928621092 -999.0 16600.0 -999.0 2 -999 {-999.0 -999.0 -999.0 -999.0 -999.0} "" -999.0 -999.0 -999.0 -999.0 -999 -999 "" "" "" "" 0 0 0.0 0.0 -999 ""
FIBERMAP 1259 R+6C4 BOSS 1 1 0 1 0 0 -149.91561573787288 132.52203313095364 143.1 -122.17714428371964 -158.45091343369526 98.471725 83.845665 276.018364655724 -35.108361778780925 3.0514019 0.03142326 0.039855797 276.01835827389135 -35.10839954334312 276.1240674856964 -35.09230709785317 83.81858337418414 169.76063775585934 5400.0 5400.0 2016.0 1 39 {-999.0 -999.0 -999.0 -999.0 -999.0} "" -999.0 15.97751 -999.0 13.745 63050395230531285 1093500273 bright_1x1 mwm_astar_core_boss_single mwm_ob science 0 0 0.0 0.0 -999 ""
FIBERMAP 1259 R+6C4 METROLOGY 0 0 0 1 0 0 -150.25548223271414 131.85876747514388 143.1 -121.49262508617457 -158.7455737616948 98.471725 83.845665 -999.0 -999.0 -999.0 -999.0 -999.0 276.0208609697926 -35.109326257831654 276.1265740246903 -35.09323353812041 83.81728387465448 169.74357611343095 -999.0 6231.0 -999.0 -1 -999 {-999.0 -999.0 -999.0 -999.0 -999.0} "" -999.0 -999.0 -999.0 -999.0 -999 -999 "" "" "" "" 0 0 0.0 0.0 -999 ""
FIBERMAP 1262 R-5C7 APOGEE 1 1 0 1 0 0 -114.48047302510143 -88.33639182676485 143.1 95.8036296733902 -108.30180528769519 169.89868 92.14904 276.82620706398706 -34.959143552196785 -5.169149 -3.8513095 0.07297007 276.826160365832 -34.959140532346574 276.9308895518351 -34.941035497043195 83.80182279137617 163.4725433661523 16000.0 16600.0 2016.0 2 293 {-999.0 14.574124 13.488882 13.004063 -999.0} sdss_psfmag_from_g3xp 14.188235 13.460835 12.628662 10.742 63050396520164151 1153147370 bright_1x1 mwm_galactic_core_dist_apogee_sparse mwm_galactic science 0 0 0.0 0.0 -999 ""
FIBERMAP 1262 R-5C7 BOSS 0 0 0 1 0 0 -114.34536178415043 -87.58550834034105 143.1 95.04540866289413 -108.21730235136656 169.89868 92.14904 -999.0 -999.0 -999.0 -999.0 -999.0 276.82341851054804 -34.958959786454216 276.9281398257764 -34.940839667924905 83.80269305294514 163.49188843040062 -999.0 5400.0 -999.0 1 482 {-999.0 -999.0 -999.0 -999.0 -999.0} "" -999.0 -999.0 -999.0 -999.0 -999 -999 "" "" "" "" 0 0 0.0 0.0 -999 ""
FIBERMAP 1262 R-5C7 METROLOGY 0 0 0 1 0 0 -113.78069180400296 -88.06438815512529 143.1 95.48536983250406 -107.62184167054619 169.89868 92.14904 -999.0 -999.0 -999.0 -999.0 -999.0 276.82505803894094 -34.95715917575488 276.9297740408671 -34.939041680093716 83.80400008107723 163.47501035225343 -999.0 6231.0 -999.0 -1 -999 {-999.0 -999.0 -999.0 -999.0 -999.0} "" -999.0 -999.0 -999.0 -999.0 -999 -999 "" "" "" "" 0 0 0.0 0.0 -999 ""
FIBERMAP 1263 R-7C13 APOGEE 1 1 0 1 0 0 44.96330459466547 -139.32895812384703 143.1 135.99906114034673 54.194051171093264 186.09816 127.99511 276.97381790264666 -34.466037903921176 -3.2535865 -5.1077504 0.33398616 276.9738204238897 -34.46605145438095 277.07659672077057 -34.447716378780804 84.22930329816792 160.8443064755114 16000.0 16600.0 2016.0 2 176 {-999.0 14.07997 12.740499 12.166497 -999.0} sdss_psfmag_from_g3xp 13.55264 12.686064 11.777516 9.747 63050396520290254 1153147537 bright_1x1 mwm_galactic_core_dist_apogee_sparse mwm_galactic science 0 0 0.0 0.0 -999 ""
FIBERMAP 1263 R-7C13 BOSS 0 0 0 1 0 0 44.42544647419906 -138.78842599703125 143.1 135.49579226265573 53.62121122177822 186.09816 127.99511 -999.0 -999.0 -999.0 -999.0 -999.0 276.9720615733878 -34.46778608899204 277.0748362069021 -34.449434683494694 84.22819720320587 160.86378568958403 -999.0 5400.0 -999.0 1 419 {-999.0 -999.0 -999.0 -999.0 -999.0} "" -999.0 -999.0 -999.0 -999.0 -999 -999 "" "" "" "" 0 0 0.0 0.0 -999 ""
FIBERMAP 1263 R-7C13 METROLOGY 0 0 0 1 0 0 45.15070609058118 -138.60509372510623 143.1 135.26429476001843 54.33253500143963 186.09816 127.99511 -999.0 -999.0 -999.0 -999.0 -999.0 276.97122032529404 -34.46561740594635 277.0739897908045 -34.44727458836811 84.23046521681178 160.8628261050032 -999.0 6231.0 -999.0 -1 -999 {-999.0 -999.0 -999.0 -999.0 -999.0} "" -999.0 -999.0 -999.0 -999.0 -999 -999 "" "" "" "" 0 0 0.0 0.0 -999 ""
FIBERMAP 1268 R0C1 APOGEE 1 1 0 1 0 0 -284.6487899479882 -3.7310129729766244 143.1 22.790492634776037 -283.7493789822431 254.81462 170.377 276.5541233493786 -35.48813060560271 -5.402688 -6.4132895 -0.021126304 276.55410323437667 -35.48813197052145 276.6610133285103 -35.4705664559869 83.35340363338439 166.672707760086 16000.0 16600.0 2016.0 2 254 {-999.0 17.740114 16.215448 12.55772 -999.0} sdss_psfmag_gaia 15.86395 13.208746 11.756601 8.364 63050396519801111 1155462569 bright_1x1 mwm_galactic_core_dist_apogee_sparse mwm_galactic science 0 0 0.0 0.0 -999 ""
FIBERMAP 1268 R0C1 BOSS 0 0 0 1 0 0 -284.9686743210036 -4.384313654770329 143.1 23.46373103709851 -284.02477031287145 254.81462 170.377 -999.0 -999.0 -999.0 -999.0 -999.0 276.55660414423875 -35.48895646531471 276.66350853289066 -35.471360043337825 83.35213150024552 166.6573973097261 -999.0 5400.0 -999.0 1 524 {-999.0 -999.0 -999.0 -999.0 -999.0} "" -999.0 -999.0 -999.0 -999.0 -999 -999 "" "" "" "" 0 0 0.0 0.0 -999 ""
FIBERMAP 1268 R0C1 METROLOGY 0 0 0 1 0 0 -285.38385257580387 -3.8115977527770397 143.1 22.92013376467032 -284.47736623313074 254.81462 170.377 -999.0 -999.0 -999.0 -999.0 -999.0 276.5545845026412 -35.4903596102893 276.66149754927756 -35.47277482148748 83.35116637407323 166.674128779427 -999.0 6231.0 -999.0 -1 -999 {-999.0 -999.0 -999.0 -999.0 -999.0} "" -999.0 -999.0 -999.0 -999.0 -999 -999 "" "" "" "" 0 0 0.0 0.0 -999 ""
FIBERMAP 1269 R+7C9 APOGEE 0 0 0 1 0 0 -51.00757342666655 127.65901510570161 143.1 -123.95085305125637 -59.442785226956445 250.52425 63.489193 -999.0 -999.0 -999.0 -999.0 -999.0 276.0140750490636 -34.80850303786854 276.1186410780763 -34.79253541862794 84.11350804639389 169.24798382569153 -999.0 16600.0 -999.0 2 139 {-999.0 -999.0 -999.0 -999.0 -999.0} "" -999.0 -999.0 -999.0 -999.0 -999 -999 "" "" "" "" 0 0 0.0 0.0 -999 ""
FIBERMAP 1269 R+7C9 BOSS 1 1 0 1 0 0 -51.5336589383149 128.20042979104588 143.1 -124.45579109477384 -60.00393854947276 250.52425 63.489193 276.01214391646283 -34.810263411461975 -1.9328768 4.3696976 8.000706 276.01213192089807 -34.810241288780105 276.116700215469 -34.79425647475174 84.11213760178606 169.26654448632962 5400.0 5400.0 2016.0 1 136 {-999.0 20.869389 20.266108 20.055882 -999.0} sdss_psfmag_gaia 20.782629 20.307222 19.777605 -999.0 63050395230599666 1077953318 bright_flexible_2x1 mwm_snc_ext_main_boss mwm_snc science 0 0 0.0 0.0 -999 ""
FIBERMAP 1269 R+7C9 METROLOGY 0 0 0 1 0 0 -50.8067327896692 128.37390638177857 143.1 -124.67756704108051 -59.290291829770716 250.52425 63.489193 -999.0 -999.0 -999.0 -999.0 -999.0 276.01131368370505 -34.80807116203688 276.11587560288626 -34.79209526506293 84.11439017872848 169.26883744354265 -999.0 6231.0 -999.0 -1 -999 {-999.0 -999.0 -999.0 -999.0 -999.0} "" -999.0 -999.0 -999.0 -999.0 -999 -999 "" "" "" "" 0 0 0.0 0.0 -999 ""
FIBERMAP 1273 R+2C9 APOGEE 1 1 0 1 0 0 -81.82186365867602 26.14451818040711 143.1 -20.6037990287378 -83.38653542921327 314.3475 102.74939 276.3955976197456 -34.883134763758946 -4.2053695 -6.181183 0.08523328 276.3955688172796 -34.88313672723049 276.5002290014535 -34.86616329125304 83.97151081123867 166.4655793313816 16000.0 16600.0 2016.0 2 32 {-999.0 15.590197 14.166883 13.23363 -999.0} sdss_psfmag_from_g3xp 15.014345 13.871061 12.814652 10.48 63050395230850765 1151996033 bright_1x1 mwm_galactic_core_dist_apogee_sparse mwm_galactic science 0 0 0.0 0.0 -999 ""
FIBERMAP 1273 R+2C9 BOSS 0 0 0 1 0 0 -82.18744051938181 25.497353751858192 143.1 -19.933622040011613 -83.70792604573076 314.3475 102.74939 -999.0 -999.0 -999.0 -999.0 -999.0 276.39803711488406 -34.88419077192293 276.5026931824556 -34.867188720822774 83.97001322824859 166.44937615987894 -999.0 5400.0 -999.0 1 54 {-999.0 -999.0 -999.0 -999.0 -999.0} "" -999.0 -999.0 -999.0 -999.0 -999 -999 "" "" "" "" 0 0 0.0 0.0 -999 ""
FIBERMAP 1273 R+2C9 METROLOGY 0 0 0 1 0 0 -82.5705420001165 26.14991199247776 143.1 -20.55902822818439 -84.13386684260874 314.3475 102.74939 -999.0 -999.0 -999.0 -999.0 -999.0 276.3957120051262 -34.885476797468094 276.50037613461245 -34.86848655840061 83.96923084783364 166.46998234285178 -999.0 6231.0 -999.0 -1 -999 {-999.0 -999.0 -999.0 -999.0 -999.0} "" -999.0 -999.0 -999.0 -999.0 -999 -999 "" "" "" "" 0 0 0.0 0.0 -999 ""
FIBERMAP 1275 R-6C7 APOGEE 1 1 0 1 0 0 -76.72184774673951 -131.80156816818274 143.1 136.640265439689 -67.7176972732862 2.3121178 52.43478 276.97698526053495 -34.8358249143864 -3.2254994 -7.9058294 0.17432271 276.9769655687175 -34.835853157169296 277.0811445709287 -34.81739766318527 83.88015037717511 162.0181821208953 16000.0 16600.0 2016.0 2 246 {-999.0 16.079472 14.15381 11.689043 -999.0} sdss_psfmag_gaia 14.576439 12.414915 11.067375 7.905 63050396520221253 1155462644 bright_1x1 mwm_galactic_core_dist_apogee_sparse mwm_galactic science 0 0 0.0 0.0 -999 ""
FIBERMAP 1275 R-6C7 BOSS 0 0 0 1 0 0 -77.14606415029209 -132.41336107880755 143.1 137.27907975036226 -68.09996309545551 2.3121178 52.43478 -999.0 -999.0 -999.0 -999.0 -999.0 276.97940344289447 -34.83705720211348 277.0835765353687 -34.818573352195976 83.87838332624855 162.00412627819733 -999.0 5400.0 -999.0 1 505 {-999.0 -999.0 -999.0 -999.0 -999.0} "" -999.0 -999.0 -999.0 -999.0 -999 -999 "" "" "" "" 0 0 0.0 0.0 -999 ""
FIBERMAP 1275 R-6C7 METROLOGY 0 0 0 1 0 0 -77.46245118721322 -131.73807568156906 143.1 136.62652920878006 -68.46086411175403 2.3121178 52.43478 -999.0 -999.0 -999.0 -999.0 -999.0 276.97701481471864 -34.838159164481674 277.0811959872069 -34.81968727489389 83.87797417609164 162.0248681888812 -999.0 6231.0 -999.0 -1 -999 {-999.0 -999.0 -999.0 -999.0 -999.0} "" -999.0 -999.0 -999.0 -999.0 -999 -999 "" "" "" "" 0 0 0.0 0.0 -999 ""
FIBERMAP 1278 R+2C4 APOGEE 0 0 0 1 0 0 -192.05599394390606 35.54320069159088 143.1 -22.596696218403675 -193.99874318219238 314.31815 140.95117 -999.0 -999.0 -999.0 -999.0 -999.0 276.38671667868925 -35.21787327359925 276.4926672943859 -35.20082100459293 83.64834405636115 167.27421838048065 -999.0 16600.0 -999.0 2 -999 {-999.0 -999.0 -999.0 -999.0 -999.0} "" -999.0 -999.0 -999.0 -999.0 -999 -999 "" "" "" "" 0 0 0.0 0.0 -999 ""
FIBERMAP 1278 R+2C4 BOSS 1 1 0 1 0 0 -191.9512441555129 34.860798072181325 143.1 -21.922867582871053 -193.84851975807823 314.31815 140.95117 276.38922845982114 -35.217496673603804 -6.1084194 -8.788532 0.05006377 276.3892166527428 -35.21750940153353 276.4951576888841 -35.20042760412879 83.64824626613726 167.25550426134984 5400.0 5400.0 2016.0 1 35 {-999.0 17.08549 16.447264 16.222076 -999.0} sdss_psfmag_gaia 16.929605 16.489668 15.887622 14.605 63050396519963357 1071900462 dark_flexible_2x1 mwm_halo_mp_xp_boss mwm_halo science 0 0 0.0 0.0 -999 ""
FIBERMAP 1278 R+2C4 METROLOGY 0 0 0 1 0 0 -192.6624942953885 35.105415880927275 143.1 -22.119282177780125 -194.5745334555029 314.31815 140.95117 -999.0 -999.0 -999.0 -999.0 -999.0 276.3884730053378 -35.21971718539174 276.4944248951549 -35.20264320141404 83.64623456329534 167.26548847466208 -999.0 6231.0 -999.0 -1 -999 {-999.0 -999.0 -999.0 -999.0 -999.0} "" -999.0 -999.0 -999.0 -999.0 -999 -999 "" "" "" "" 0 0 0.0 0.0 -999 ""
FIBERMAP 1279 R-5C22 APOGEE 1 1 0 1 0 0 234.49329213027306 -113.97045402199618 143.1 98.00222260660948 241.592881034474 294.85272 85.7818 276.83275850267034 -33.89969487065525 -5.2773767 -7.2858396 0.39658275 276.83273902923787 -33.899702313903255 276.9334609623887 -33.88190197035294 84.80032925226126 159.90138603646182 16000.0 16600.0 2016.0 2 236 {-999.0 15.949523 15.035825 14.683067 -999.0} sdss_psfmag_gaia 15.662411 15.069646 14.327531 12.755 63050395232405246 1034713850 bright_1x1 mwm_yso_variable_apogee_single mwm_yso science 0 0 0.0 0.0 -999 ""
FIBERMAP 1279 R-5C22 BOSS 0 0 0 1 0 0 233.8058112714445 -114.25897132871884 143.1 98.33613442962358 240.92629592592994 294.85272 85.7818 -999.0 -999.0 -999.0 -999.0 -999.0 276.8339736819918 -33.90172004836912 276.9346939992822 -33.88389771607723 84.79809830412343 159.8988292946865 -999.0 5400.0 -999.0 1 346 {-999.0 -999.0 -999.0 -999.0 -999.0} "" -999.0 -999.0 -999.0 -999.0 -999 -999 "" "" "" "" 0 0 0.0 0.0 -999 ""
FIBERMAP 1279 R-5C22 METROLOGY 0 0 0 1 0 0 233.91225610557262 -113.51114872153035 143.1 97.58288761357173 240.9824029046525 294.85272 85.7818 -999.0 -999.0 -999.0 -999.0 -999.0 276.8312498193575 -33.901496555124154 276.9319731144169 -33.883686455480806 84.79911255381977 159.9212138044408 -999.0 6231.0 -999.0 -1 -999 {-999.0 -999.0 -999.0 -999.0 -999.0} "" -999.0 -999.0 -999.0 -999.0 -999 -999 "" "" "" "" 0 0 0.0 0.0 -999 ""
FIBERMAP 1282 R+11C4 APOGEE 1 1 0 1 0 0 -120.20357570426091 214.3191697687418 143.1 -205.7779895071306 -134.28607610176465 224.68355 62.468616 275.7106354292761 -35.03228841316493 -0.828468 -5.7112093 0.24044754 275.71062518597114 -35.032303309527634 275.8161985462208 -35.01705056315995 83.93551657710424 171.96967791749466 16000.0 16600.0 2016.0 2 148 {-999.0 13.525669 12.092105 11.182906 -999.0} sdss_psfmag_from_g3xp 12.945136 11.816891 10.761609 8.398 63050395230581447 1151995837 bright_1x1 mwm_galactic_core_dist_apogee_sparse mwm_galactic science 0 0 0.0 0.0 -999 ""
FIBERMAP 1282 R+11C4 BOSS 0 0 0 1 0 0 -120.4253796555256 215.00240826269427 143.1 -206.44481091061502 -134.55314260149652 224.68355 62.468616 -999.0 -999.0 -999.0 -999.0 -999.0 275.7081477832259 -35.03311570711436 275.8137213364415 -35.01784657374521 83.93503169671203 171.9897885611144 -999.0 5400.0 -999.0 1 151 {-999.0 -999.0 -999.0 -999.0 -999.0} "" -999.0 -999.0 -999.0 -999.0 -999 -999 "" "" "" "" 0 0 0.0 0.0 -999 ""
FIBERMAP 1282 R+11C4 METROLOGY 0 0 0 1 0 0 -119.70161116301352 214.8574059964481 143.1 -206.34862314373748 -133.82131213915684 224.68355 62.468616 -999.0 -999.0 -999.0 -999.0 -999.0 275.7084763705076 -35.03092607631999 275.8140425120765 -35.01566315071811 83.93715164630368 171.98424984518462 -999.0 6231.0 -999.0 -1 -999 {-999.0 -999.0 -999.0 -999.0 -999.0} "" -999.0 -999.0 -999.0 -999.0 -999 -999 "" "" "" "" 0 0 0.0 0.0 -999 ""
FIBERMAP 1283 R+3C24 APOGEE 1 1 0 1 0 0 236.4240848940119 53.00990306551124 143.1 -68.72647756502998 232.33362366023934 266.83786 21.840311 276.22479816770294 -33.92600170119277 -2.2339723 -5.7412815 0.077245295 276.2247391538623 -33.92602887316207 276.32586430003334 -33.909785777272454 84.93268366434322 165.35176032579255 16000.0 16600.0 2016.0 2 85 {-999.0 14.948019 13.524055 12.215728 -999.0} sdss_psfmag_from_g3xp 14.376708 12.914742 11.73763 9.086 63050395231213905 1151996359 bright_1x1 mwm_galactic_core_dist_apogee_sparse mwm_galactic science 0 0 0.0 0.0 -999 ""
FIBERMAP 1283 R+3C24 BOSS 0 0 0 1 0 0 236.18046100273662 53.70822433532845 143.1 -69.40688566074212 232.0437766449257 266.83786 21.840311 -999.0 -999.0 -999.0 -999.0 -999.0 276.2222480574832 -33.92688694324581 276.3233715429544 -33.91063167249209 84.93241909442534 165.376886041178 -999.0 5400.0 -999.0 1 258 {-999.0 -999.0 -999.0 -999.0 -999.0} "" -999.0 -999.0 -999.0 -999.0 -999 -999 "" "" "" "" 0 0 0.0 0.0 -999 ""
FIBERMAP 1283 R+3C24 METROLOGY 0 0 0 1 0 0 236.91343204625724 53.596629026919096 143.1 -69.34464508610324 232.78255080276537 266.83786 21.840311 -999.0 -999.0 -999.0 -999.0 -999.0 276.2224796722074 -33.92462157897259 276.32359629731275 -33.90837159940883 84.93454805053459 165.36804018323653 -999.0 6231.0 -999.0 -1 -999 {-999.0 -999.0 -999.0 -999.0 -999.0} "" -999.0 -999.0 -999.0 -999.0 -999 -999 "" "" "" "" 0 0 0.0 0.0 -999 ""
FIBERMAP 1284 R+4C21 APOGEE 1 1 0 1 0 0 206.4860349755947 91.61766123073073 143.1 -105.24066129009044 199.8776346187536 84.046036 103.89437 276.0905456542969 -34.02327423730972 -999.0 -999.0 -999.0 276.0905573814189 -34.02330448221515 276.1921126961404 -34.00737769701607 84.86637907182906 166.8370907647175 16000.0 16600.0 2015.5 2 116 {-999.0 -999.0 -999.0 -999.0 -999.0} "" -999.0 -999.0 -999.0 -999.0 27021603147018332 848144302 "" ops_sky_apogee_best ops_sky sky_apogee 0 0 0.0 0.0 -999 ""
FIBERMAP 1284 R+4C21 BOSS 0 0 0 1 0 0 207.2200344426922 91.74486578949295 143.1 -105.41674460854674 200.60143817887328 84.046036 103.89437 -999.0 -999.0 -999.0 -999.0 -999.0 276.08992355268146 -34.02110488601347 276.1914653471522 -34.00516170574607 84.86865908639945 166.83696323530046 -999.0 5400.0 -999.0 1 201 {-999.0 -999.0 -999.0 -999.0 -999.0} "" -999.0 -999.0 -999.0 -999.0 -999 -999 "" "" "" "" 0 0 0.0 0.0 -999 ""
FIBERMAP 1284 R+4C21 METROLOGY 0 0 0 1 0 0 206.9581667981362 91.04550718466483 143.1 -104.70143978510548 200.38701651921 84.046036 103.89437 -999.0 -999.0 -999.0 -999.0 -999.0 276.0925049240702 -34.021723221545685 276.1940493493927 -34.00577849705592 84.86754539273014 166.81537565045696 -999.0 6231.0 -999.0 -1 -999 {-999.0 -999.0 -999.0 -999.0 -999.0} "" -999.0 -999.0 -999.0 -999.0 -999 -999 "" "" "" "" 0 0 0.0 0.0 -999 ""
FIBERMAP 1288 R-12C5 APOGEE 0 0 0 1 0 0 -88.51492112012383 -236.90014640362494 143.1 242.28903379740763 -72.44354135067363 259.61594 29.537088 -999.0 -999.0 -999.0 -999.0 -999.0 277.36533822413185 -34.84844729544419 277.4693585289298 -34.82898974392356 83.75679272290768 159.28672891135457 -999.0 16600.0 -999.0 2 -999 {-999.0 -999.0 -999.0 -999.0 -999.0} "" -999.0 -999.0 -999.0 -999.0 -999 -999 "" "" "" "" 0 0 0.0 0.0 -999 ""
FIBERMAP 1288 R-12C5 BOSS 1 1 0 1 0 0 -88.76332969435748 -236.21521555516162 143.1 241.62230608566114 -72.73726513710956 259.61594 29.537088 277.36288648618813 -34.8493770157744 5.1073437 -4.4409328 0.23628664 277.36292914665444 -34.84937721801047 277.4669435326964 -34.82990383563502 83.7566925467477 159.3067810108571 5400.0 5400.0 2016.0 1 427 {-999.0 17.516731 17.098999 16.96553 -999.0} sdss_psfmag_gaia 17.4311 17.125423 16.623394 -999.0 63050396520116287 976548225 "" ops_std_boss ops_std standard_boss 0 0 0.0 0.0 -999 ""
FIBERMAP 1288 R-12C5 METROLOGY 0 0 0 1 0 0 -88.0283438184903 -236.33204364326278 143.1 241.68963253127973 -71.99613021180052 259.61594 29.537088 -999.0 -999.0 -999.0 -999.0 -999.0 277.3632150006477 -34.84714069508396 277.4672237577746 -34.8276734244822 83.75867219594748 159.29709755043086 -999.0 6231.0 -999.0 -1 -999 {-999.0 -999.0 -999.0 -999.0 -999.0} "" -999.0 -999.0 -999.0 -999.0 -999 -999 "" "" "" "" 0 0 0.0 0.0 -999 ""
FIBERMAP 1292 R-8C6 APOGEE 0 0 0 1 0 0 -71.1567321667207 -151.31737671293237 143.1 155.7387502914771 -60.85795869401407 53.198807 68.41155 -999.0 -999.0 -999.0 -999.0 -999.0 277.0473188589406 -34.814866021709435 277.15138075692573 -34.79623599401977 83.88084273086079 161.4419669729516 -999.0 16600.0 -999.0 2 -999 {-999.0 -999.0 -999.0 -999.0 -999.0} "" -999.0 -999.0 -999.0 -999.0 -999 -999 "" "" "" "" 0 0 0.0 0.0 -999 ""
FIBERMAP 1292 R-8C6 BOSS 1 1 0 1 0 0 -70.74740312653847 -151.94917257662624 143.1 156.34168454973351 -60.40724100639161 53.198807 68.41155 277.0496411057435 -34.813531507018055 1.4047128 -0.22193855 0.11396511 277.0496201553839 -34.813537997267744 277.1536662776248 -34.79488082969546 83.88148115452604 161.42109100928644 5400.0 5400.0 2016.0 1 363 {-999.0 18.112368 17.669827 17.526283 -999.0} sdss_psfmag_gaia 17.955433 17.698946 17.121164 14.871 63050396520222034 978850104 "" ops_std_boss ops_std standard_boss 0 0 0.0 0.0 -999 ""
FIBERMAP 1292 R-8C6 METROLOGY 0 0 0 1 0 0 -71.50358185919646 -151.98009347567915 143.1 156.42318963731907 -61.1596230553279 53.198807 68.41155 -999.0 -999.0 -999.0 -999.0 -999.0 277.04994504451054 -34.815819131784956 277.1540023810876 -34.79716655820975 83.87923734149558 161.42592931442522 -999.0 6231.0 -999.0 -1 -999 {-999.0 -999.0 -999.0 -999.0 -999.0} "" -999.0 -999.0 -999.0 -999.0 -999 -999 "" "" "" "" 0 0 0.0 0.0 -999 ""
FIBERMAP 1293 R+1C5 APOGEE 1 1 0 1 0 0 -191.1686608088314 2.3440354553959217 143.1 10.467278521774197 -190.88949603488516 296.30173 84.02835 276.50939941406244 -35.20884327900788 -999.0 -999.0 -999.0 276.50940300904574 -35.20884339687871 276.6152558267813 -35.19147786508758 83.63297109437829 166.3765256804795 16000.0 16600.0 2015.5 2 39 {-999.0 -999.0 -999.0 -999.0 -999.0} "" -999.0 -999.0 -999.0 -999.0 27021603184478895 848784616 "" ops_sky_apogee_best ops_sky sky_apogee 0 0 0.0 0.0 -999 ""
FIBERMAP 1293 R+1C5 BOSS 0 0 0 1 0 0 -191.85821786785107 2.04411773621241 143.1 10.812703825164807 -191.55738891797958 296.30173 84.02835 -999.0 -999.0 -999.0 -999.0 -999.0 276.51068808821924 -35.2109433530822 276.6165409538402 -35.19355070734642 83.63070044641336 166.37207386364918 -999.0 5400.0 -999.0 1 65 {-999.0 -999.0 -999.0 -999.0 -999.0} "" -999.0 -999.0 -999.0 -999.0 -999 -999 "" "" "" "" 0 0 0.0 0.0 -999 ""
FIBERMAP 1293 R+1C5 METROLOGY 0 0 0 1 0 0 -191.77378851919684 2.79997014374948 143.1 10.052920298896185 -191.52378509090389 296.30173 84.02835 -999.0 -999.0 -999.0 -999.0 -999.0 276.5078693171312 -35.21085560303371 276.6137253981175 -35.19347680840664 83.63135166962618 166.391978676627 -999.0 6231.0 -999.0 -1 -999 {-999.0 -999.0 -999.0 -999.0 -999.0} "" -999.0 -999.0 -999.0 -999.0 -999 -999 "" "" "" "" 0 0 0.0 0.0 -999 ""
FIBERMAP 1294 R+13C4 APOGEE 1 1 0 1 0 0 -91.23746359821689 252.84495101134013 143.1 -246.15624284403415 -107.9668123650151 174.8423 120.04831 275.5632019042969 -34.95102083059797 -999.0 -999.0 -999.0 275.5632152993306 -34.951030154061215 275.6685476833719 -34.936182503807814 84.03247954925546 173.00507776064862 16000.0 16600.0 2015.5 2 53 {-999.0 -999.0 -999.0 -999.0 -999.0} "" -999.0 -999.0 -999.0 -999.0 27021603147016078 848144165 "" ops_sky_apogee_best ops_sky sky_apogee 0 0 0.0 0.0 -999 ""
FIBERMAP 1294 R+13C4 BOSS 0 0 0 1 0 0 -91.4790970808815 253.55664999370717 143.1 -246.8501314616491 -108.25556965656764 174.8423 120.04831 -999.0 -999.0 -999.0 -999.0 -999.0 275.5606735701253 -34.95189031357497 275.6660069404994 -34.93702673203 84.03191262972045 173.025995190471 -999.0 5400.0 -999.0 1 90 {-999.0 -999.0 -999.0 -999.0 -999.0} "" -999.0 -999.0 -999.0 -999.0 -999 -999 "" "" "" "" 0 0 0.0 0.0 -999 ""
FIBERMAP 1294 R+13C4 METROLOGY 0 0 0 1 0 0 -90.72720555039436 253.40065247575853 143.1 -246.7448574308537 -107.49494377656116 174.8423 120.04831 -999.0 -999.0 -999.0 -999.0 -999.0 275.56102547688045 -34.94961178033091 275.6663509287739 -34.93475428741795 84.03412937942777 173.0204729748059 -999.0 6231.0 -999.0 -1 -999 {-999.0 -999.0 -999.0 -999.0 -999.0} "" -999.0 -999.0 -999.0 -999.0 -999 -999 "" "" "" "" 0 0 0.0 0.0 -999 ""
FIBERMAP 1295 R-12C3 APOGEE 0 0 0 1 0 0 -101.6704037702844 -227.22278544615617 143.1 233.515010198371 -86.21727234269079 18.951418 127.37837 -999.0 -999.0 -999.0 -999.0 -999.0 277.3333643366931 -34.89030314568925 277.43756146241753 -34.87091500636598 83.72765663802103 159.6525172625586 -999.0 16600.0 -999.0 2 -999 {-999.0 -999.0 -999.0 -999.0 -999.0} "" -999.0 -999.0 -999.0 -999.0 -999 -999 "" "" "" "" 0 0 0.0 0.0 -999 ""
FIBERMAP 1295 R-12C3 BOSS 1 1 0 1 0 0 -101.0556837740308 -227.61633036783735 143.1 233.86647844231598 -85.57759223978405 18.951418 127.37837 277.33476567045807 -34.88829095425368 -10.196289 -25.140656 4.663061 277.3346773472012 -34.888388951886405 277.4388558098025 -34.86897613491402 83.7290636166243 159.63690882764433 5400.0 5400.0 2016.0 1 425 {-999.0 21.079033 19.09871 17.240353 -999.0} sdss_psfmag_gaia 19.78866 17.975874 16.673168 14.171 63050396520115903 1078061016 bright_flexible_2x1 mwm_snc_ext_main_boss mwm_snc science 0 0 0.0 0.0 -999 ""
FIBERMAP 1295 R-12C3 METROLOGY 0 0 0 1 0 0 -101.72236024726848 -227.96897492698224 143.1 234.26297755984913 -86.2191246890175 18.951418 127.37837 -999.0 -999.0 -999.0 -999.0 -999.0 277.33618434376365 -34.89032782301482 277.44037240738714 -34.87091674213146 83.72679990932195 159.6329204863904 -999.0 6231.0 -999.0 -1 -999 {-999.0 -999.0 -999.0 -999.0 -999.0} "" -999.0 -999.0 -999.0 -999.0 -999 -999 "" "" "" "" 0 0 0.0 0.0 -999 ""
FIBERMAP 1297 R+11C13 APOGEE 1 1 0 1 0 0 89.37803451105802 225.93444460742748 143.1 -231.40617032674328 74.03925349117152 160.82664 85.69941 275.6247593351098 -34.400933911199495 -3.5064986 -7.8096886 0.08828242 275.62473122048516 -34.40095071118484 275.72793550766903 -34.38611093828712 84.57018631769922 171.7363072528318 16000.0 16600.0 2016.0 2 123 {-999.0 14.575857 13.482765 13.047037 -999.0} sdss_psfmag_from_g3xp 14.191867 13.486422 12.674345 10.889 63050395230841624 1151995974 bright_1x1 mwm_galactic_core_dist_apogee_sparse mwm_galactic science 0 0 0.0 0.0 -999 ""
FIBERMAP 1297 R+11C13 BOSS 0 0 0 1 0 0 89.66174341400782 226.61131517125884 143.1 -232.10050151737295 74.27697299848505 160.82664 85.69941 -999.0 -999.0 -999.0 -999.0 -999.0 275.6221882563699 -34.40022446867739 275.72538725564254 -34.38537133305734 84.57123720335038 171.75708550058604 -999.0 5400.0 -999.0 1 104 {-999.0 -999.0 -999.0 -999.0 -999.0} "" -999.0 -999.0 -999.0 -999.0 -999 -999 "" "" "" "" 0 0 0.0 0.0 -999 ""
FIBERMAP 1297 R+11C13 METROLOGY 0 0 0 1 0 0 90.12298167378117 226.0413050829008 143.1 -231.56268934259342 74.77534257286057 160.82664 85.69941 -999.0 -999.0 -999.0 -999.0 -999.0 275.62412434519064 -34.398713439260746 275.727317750872 -34.3838614779101 84.57248717853727 171.73801224077792 -999.0 6231.0 -999.0 -1 -999 {-999.0 -999.0 -999.0 -999.0 -999.0} "" -999.0 -999.0 -999.0 -999.0 -999 -999 "" "" "" "" 0 0 0.0 0.0 -999 ""
FIBERMAP 1298 R+9C18 APOGEE 1 1 0 1 0 0 178.88974310457334 159.66016517536056 143.1 -171.27929918911275 167.78629197659095 273.81042 68.09542 275.84844241376817 -34.11904680903153 -2.0266602 -4.1972575 0.18749611 275.84843075588356 -34.11905848569026 275.9504633309822 -34.10372696371434 84.81613893706347 169.24431641606154 16000.0 16600.0 2016.0 2 102 {-999.0 16.079308 14.384268 12.129259 -999.0} sdss_psfmag_from_g3xp 15.329825 12.792041 11.366138 7.963 63050395231120888 1151996179 bright_1x1 mwm_galactic_core_dist_apogee_sparse mwm_galactic science 0 0 0.0 0.0 -999 ""
FIBERMAP 1298 R+9C18 BOSS 0 0 0 1 0 0 178.18953071969716 159.91571951740275 143.1 -171.4873647583887 167.07055823532534 273.81042 68.09542 -999.0 -999.0 -999.0 -999.0 -999.0 275.8476200492499 -34.12121339769299 275.94965649318556 -34.1058642303412 84.81417515002781 169.25622310681712 -999.0 5400.0 -999.0 1 176 {-999.0 -999.0 -999.0 -999.0 -999.0} "" -999.0 -999.0 -999.0 -999.0 -999 -999 "" "" "" "" 0 0 0.0 0.0 -999 ""
FIBERMAP 1298 R+9C18 METROLOGY 0 0 0 1 0 0 178.77572724186567 160.39270196793123 143.1 -172.00252689363583 167.62346524307947 273.81042 68.09542 -999.0 -999.0 -999.0 -999.0 -999.0 275.8457332460472 -34.119502838443715 275.9477654826784 -34.10416446805289 84.81614976725113 169.26951000991426 -999.0 6231.0 -999.0 -1 -999 {-999.0 -999.0 -999.0 -999.0 -999.0} "" -999.0 -999.0 -999.0 -999.0 -999 -999 "" "" "" "" 0 0 0.0 0.0 -999 ""
FIBERMAP 1299 R+7C16 APOGEE 1 1 0 1 0 0 139.2669858882379 145.53682472831161 143.1 -154.53394290467966 129.20003271020252 71.8422 69.68954 275.90789794921875 -34.23591602689845 -999.0 -999.0 -999.0 275.9078717472909 -34.2359206730453 276.0103157151261 -34.220400460875 84.69192431678347 168.96843846878488 16000.0 16600.0 2015.5 2 62 {-999.0 -999.0 -999.0 -999.0 -999.0} "" -999.0 -999.0 -999.0 -999.0 27021603147018218 848144283 "" ops_sky_apogee_best ops_sky sky_apogee 0 0 0.0 0.0 -999 ""
FIBERMAP 1299 R+7C16 BOSS 0 0 0 1 0 0 139.8479203597591 145.1059180698852 143.1 -154.14293495412423 129.8085071563586 71.8422 69.68954 -999.0 -999.0 -999.0 -999.0 -999.0 275.9092801580718 -34.23407221745284 276.01171158890077 -34.21852942658064 84.69352283764881 168.95212201799936 -999.0 5400.0 -999.0 1 209 {-999.0 -999.0 -999.0 -999.0 -999.0} "" -999.0 -999.0 -999.0 -999.0 -999 -999 "" "" "" "" 0 0 0.0 0.0 -999 ""
FIBERMAP 1299 R+7C16 METROLOGY 0 0 0 1 0 0 139.145160965249 144.80460518147177 143.1 -153.79523326959495 129.1275355206346 71.8422 69.68954 -999.0 -999.0 -999.0 -999.0 -999.0 275.9104956803909 -34.23611401515486 276.0129356012966 -34.22057299374433 84.69131652662813 168.94588601864317 -999.0 6231.0 -999.0 -1 -999 {-999.0 -999.0 -999.0 -999.0 -999.0} "" -999.0 -999.0 -999.0 -999.0 -999 -999 "" "" "" "" 0 0 0.0 0.0 -999 ""
FIBERMAP 1305 R+6C10 APOGEE 0 0 0 1 0 0 -24.715663033853993 137.97733627086444 143.1 -136.00686797206814 -33.90206617770344 166.39735 27.175262 -999.0 -999.0 -999.0 -999.0 -999.0 275.97031563330285 -34.73072077841387 276.07460617683614 -34.71488958162717 84.19675475002822 169.44629463595595 -999.0 16600.0 -999.0 2 -999 {-999.0 -999.0 -999.0 -999.0 -999.0} "" -999.0 -999.0 -999.0 -999.0 -999 -999 "" "" "" "" 0 0 0.0 0.0 -999 ""
FIBERMAP 1305 R+6C10 BOSS 1 1 0 1 0 0 -24.008378828183037 138.16012226903544 143.1 -136.23661631438256 -33.20864020087147 166.39735 27.175262 275.96942183557854 -34.72865987806888 -3.45395 -1.3247684 5.8687854 275.9694163809868 -34.728647688117434 276.0736942933331 -34.71279806735834 84.19895222102154 169.44953659892113 5400.0 5400.0 2016.0 1 133 {-999.0 19.904303 19.244902 19.010548 -999.0} sdss_psfmag_gaia 19.568132 19.287848 18.503761 -999.0 63050395230613937 1143361430 dark_2x1 mwm_wd_pwd_boss_2x1 mwm_wd science 0 0 0.0 0.0 -999 ""
FIBERMAP 1305 R+6C10 METROLOGY 0 0 0 1 0 0 -24.19559600814447 137.4397225567855 143.1 -135.50531906214255 -33.34717222749681 166.39735 27.175262 -999.0 -999.0 -999.0 -999.0 -999.0 275.9720867014865 -34.72908466198106 276.07636642132934 -34.71323407825091 84.19809630809252 169.42906447873884 -999.0 6231.0 -999.0 -1 -999 {-999.0 -999.0 -999.0 -999.0 -999.0} "" -999.0 -999.0 -999.0 -999.0 -999 -999 "" "" "" "" 0 0 0.0 0.0 -999 ""
FIBERMAP 1307 R+1C13 APOGEE 1 1 0 1 0 0 -30.68721117957621 9.607605236726878 143.1 -7.530015333453955 -31.260784871129292 277.48172 24.946249 276.44468200628853 -34.72506615648045 -1.772286 -1.6940023 0.15744652 276.4446033927474 -34.72505856775076 276.5486351200278 -34.708006813789254 84.11421879242272 165.70509783587298 16000.0 16600.0 2016.0 2 11 {-999.0 14.351355 13.113331 12.580131 -999.0} sdss_psfmag_from_g3xp 13.883444 13.076446 12.198514 10.152 63050395230859878 1151996057 bright_1x1 mwm_galactic_core_dist_apogee_sparse mwm_galactic science 0 0 0.0 0.0 -999 ""
FIBERMAP 1307 R+1C13 BOSS 0 0 0 1 0 0 -31.108293190371427 10.229087346805722 143.1 -8.121872065326565 -31.722537817261227 277.48172 24.946249 -999.0 -999.0 -999.0 -999.0 -999.0 276.4424109824844 -34.72649644277123 276.5464422463932 -34.70942856044165 84.11332004802297 165.7256981769844 -999.0 5400.0 -999.0 1 13 {-999.0 -999.0 -999.0 -999.0 -999.0} "" -999.0 -999.0 -999.0 -999.0 -999 -999 "" "" "" "" 0 0 0.0 0.0 -999 ""
FIBERMAP 1307 R+1C13 METROLOGY 0 0 0 1 0 0 -30.361668085197536 10.283210082905395 143.1 -8.225886074324842 -30.981241837177524 277.48172 24.946249 -999.0 -999.0 -999.0 -999.0 -999.0 276.44203303465645 -34.724240144317335 276.54605789347556 -34.70717997335244 84.11557277691456 165.72291944931527 -999.0 6231.0 -999.0 -1 -999 {-999.0 -999.0 -999.0 -999.0 -999.0} "" -999.0 -999.0 -999.0 -999.0 -999 -999 "" "" "" "" 0 0 0.0 0.0 -999 ""
FIBERMAP 1310 R+2C13 APOGEE 0 0 0 1 0 0 -3.588050958431905 51.679401876698854 143.1 -51.32113020408712 -7.041752950501614 106.68788 115.5857 -999.0 -999.0 -999.0 -999.0 -999.0 276.283245745318 -34.650937765153046 276.38707666698326 -34.634324157599266 84.21910355382911 166.78669491097827 -999.0 16600.0 -999.0 2 -999 {-999.0 -999.0 -999.0 -999.0 -999.0} "" -999.0 -999.0 -999.0 -999.0 -999 -999 "" "" "" "" 0 0 0.0 0.0 -999 ""
FIBERMAP 1310 R+2C13 BOSS 1 1 0 1 0 0 -3.056125227782585 52.19709567080814 143.1 -51.873275312233346 -6.545720068289248 106.68788 115.5857 276.28119561227703 -34.649416479465415 -4.5015564 -8.130283 0.87671024 276.281183838501 -34.64944790759719 276.38500372288127 -34.6328190080438 84.22097781434611 166.79949525663113 5400.0 5400.0 2016.0 1 110 {-999.0 19.45545 19.619226 19.734055 -999.0} sdss_psfmag_gaia 19.325954 19.52328 19.190228 -999.0 63050395230871204 1143361433 dark_2x1 mwm_wd_pwd_boss_2x1 mwm_wd science 0 0 0.0 0.0 -999 ""
FIBERMAP 1310 R+2C13 METROLOGY 0 0 0 1 0 0 -2.8702075503581077 51.46916615594453 143.1 -51.15946091654997 -6.311464208639385 106.68788 115.5857 -999.0 -999.0 -999.0 -999.0 -999.0 276.28381589216093 -34.648741852716086 276.3876335762244 -34.632112355015714 84.22113768954203 166.776943781001 -999.0 6231.0 -999.0 -1 -999 {-999.0 -999.0 -999.0 -999.0 -999.0} "" -999.0 -999.0 -999.0 -999.0 -999 -999 "" "" "" "" 0 0 0.0 0.0 -999 ""
FIBERMAP 1311 R-8C9 APOGEE 0 0 0 1 0 0 -14.911316888952653 -169.02624512651877 143.1 169.63945673196756 -3.5545997802714453 317.64865 97.268616 -999.0 -999.0 -999.0 -999.0 -999.0 277.09797881610325 -34.64098099181375 277.20135260325355 -34.622273554408885 84.0297666493859 160.5031388597053 -999.0 16600.0 -999.0 2 -999 {-999.0 -999.0 -999.0 -999.0 -999.0} "" -999.0 -999.0 -999.0 -999.0 -999 -999 "" "" "" "" 0 0 0.0 0.0 -999 ""
FIBERMAP 1311 R-8C9 BOSS 1 1 0 1 0 0 -15.335740815595855 -169.64813937683567 143.1 170.2883632357779 -3.9363959856323767 317.64865 97.268616 277.1004748646592 -34.642151096851535 -0.9068812 -6.2761602 0.053646732 277.1004544701337 -34.64215477954193 277.20382172930454 -34.623419646424345 84.02797421542752 160.48878638855524 5400.0 5400.0 2016.0 1 387 {-999.0 16.483767 15.702289 15.413246 -999.0} sdss_psfmag_gaia 16.245123 15.74462 15.051478 13.642 63050396520248702 1093497115 bright_1x1 mwm_astar_core_boss_single mwm_ob science 0 0 0.0 0.0 -999 ""
FIBERMAP 1311 R-8C9 METROLOGY 0 0 0 1 0 0 -15.656494043972751 -168.96136659052843 143.1 169.62464399722714 -4.302422745894327 317.64865 97.268616 -999.0 -999.0 -999.0 -999.0 -999.0 277.0980435209505 -34.64326566044769 277.2014190173471 -34.62454232862244 84.02762593428453 160.5103813001131 -999.0 6231.0 -999.0 -1 -999 {-999.0 -999.0 -999.0 -999.0 -999.0} "" -999.0 -999.0 -999.0 -999.0 -999 -999 "" "" "" "" 0 0 0.0 0.0 -999 ""
FIBERMAP 1313 R+6C17 APOGEE 1 1 0 1 0 0 122.8400850331339 105.87874961422244 143.1 -113.86595325217259 115.46721956480235 240.72923 97.45695 276.05621337890625 -34.27822662723209 -999.0 -999.0 -999.0 276.0562119130885 -34.27821828431749 276.158743056321 -34.26230279145944 84.62482102279068 167.7766546289523 16000.0 16600.0 2015.5 2 63 {-999.0 -999.0 -999.0 -999.0 -999.0} "" -999.0 -999.0 -999.0 -999.0 27021603147018132 848144304 "" ops_sky_apogee_best ops_sky sky_apogee 0 0 0.0 0.0 -999 ""
FIBERMAP 1313 R+6C17 BOSS 0 0 0 1 0 0 122.16243233518313 106.24896140463332 143.1 -114.18992588123687 114.7663133875923 240.72923 97.45695 -999.0 -999.0 -999.0 -999.0 -999.0 276.0549519701636 -34.280307827088265 276.15748615205655 -34.26437527448564 84.62303371437207 167.79241262629384 -999.0 5400.0 -999.0 1 215 {-999.0 -999.0 -999.0 -999.0 -999.0} "" -999.0 -999.0 -999.0 -999.0 -999 -999 "" "" "" "" 0 0 0.0 0.0 -999 ""
FIBERMAP 1313 R+6C17 METROLOGY 0 0 0 1 0 0 122.82128127108244 106.6208980086282 143.1 -114.60514867585715 115.39874382805506 240.72923 97.45695 -999.0 -999.0 -999.0 -999.0 -999.0 276.05343285279514 -34.278366195609436 276.15596200562743 -34.26244372818105 84.62519806547151 167.80090571199693 -999.0 6231.0 -999.0 -1 -999 {-999.0 -999.0 -999.0 -999.0 -999.0} "" -999.0 -999.0 -999.0 -999.0 -999 -999 "" "" "" "" 0 0 0.0 0.0 -999 ""
FIBERMAP 1315 R+3C7 APOGEE 1 1 0 1 0 0 -120.77254126817138 70.40098401460916 143.1 -62.1500658667899 -125.21298262012323 72.42079 122.35285 276.24113449085706 -35.009263474369284 -1.4283708 -6.069583 0.058665488 276.2411284558808 -35.009264128561554 276.34635019168184 -34.99265031794422 83.87844997730532 167.90659298324846 16000.0 16600.0 2016.0 2 26 {-999.0 15.150424 13.77508 12.975413 -999.0} sdss_psfmag_from_g3xp 14.604818 13.573351 12.566248 10.275 63050395230551286 1151995725 bright_1x1 mwm_galactic_core_dist_apogee_sparse mwm_galactic science 0 0 0.0 0.0 -999 ""
FIBERMAP 1315 R+3C7 BOSS 0 0 0 1 0 0 -120.06220965702633 70.61093818447203 143.1 -62.40712453055699 -124.51833612674652 72.42079 122.35285 -999.0 -999.0 -999.0 -999.0 -999.0 276.2401584211083 -35.00723624984353 276.34536658560717 -34.990603143281035 83.8806254999741 167.90966596986496 -999.0 5400.0 -999.0 1 44 {-999.0 -999.0 -999.0 -999.0 -999.0} "" -999.0 -999.0 -999.0 -999.0 -999 -999 "" "" "" "" 0 0 0.0 0.0 -999 ""
FIBERMAP 1315 R+3C7 METROLOGY 0 0 0 1 0 0 -120.22801342097175 69.88611066620444 143.1 -61.672844012516485 -124.63520698708132 72.42079 122.35285 -999.0 -999.0 -999.0 -999.0 -999.0 276.2428653135667 -35.00761168589892 276.3480753247319 -34.990977839893084 83.87976376606372 167.89016444303303 -999.0 6231.0 -999.0 -1 -999 {-999.0 -999.0 -999.0 -999.0 -999.0} "" -999.0 -999.0 -999.0 -999.0 -999 -999 "" "" "" "" 0 0 0.0 0.0 -999 ""
FIBERMAP 1319 R0C9 APOGEE 1 1 0 1 0 0 -106.50016863789261 8.998862933361472 143.1 -1.8441197032717014 -106.85998279821138 37.005642 137.9546 276.46473251386 -34.95452013694121 -1.1535112 -6.032666 0.023993164 276.4647232755469 -34.95452932541746 276.5696215739382 -34.937356096604844 83.88824633245193 166.11499364950694 16000.0 16600.0 2016.0 2 276 {-999.0 16.424217 14.44319 12.471694 -999.0} sdss_psfmag_gaia 15.117187 13.207797 11.921552 8.937 63050396520185709 1155462650 bright_1x1 mwm_galactic_core_dist_apogee_sparse mwm_galactic science 0 0 0.0 0.0 -999 ""
FIBERMAP 1319 R0C9 BOSS 0 0 0 1 0 0 -105.76318930010288 8.92255104362718 143.1 -1.8173505484518846 -106.11957304991729 37.005642 137.9546 -999.0 -999.0 -999.0 -999.0 -999.0 276.46483678864485 -34.95236538462881 276.5697195665781 -34.93517032949918 83.89033867187587 166.10900682653985 -999.0 5400.0 -999.0 1 449 {-999.0 -999.0 -999.0 -999.0 -999.0} "" -999.0 -999.0 -999.0 -999.0 -999 -999 "" "" "" "" 0 0 0.0 0.0 -999 ""
FIBERMAP 1319 R0C9 METROLOGY 0 0 0 1 0 0 -106.19342295350542 8.313477450731273 143.1 -1.1808462686287424 -106.50802455355053 37.005642 137.9546 -999.0 -999.0 -999.0 -999.0 -999.0 276.46718768000557 -34.95355335689443 276.5720758338904 -34.93635817206855 83.88869554614716 166.0943250356771 -999.0 6231.0 -999.0 -1 -999 {-999.0 -999.0 -999.0 -999.0 -999.0} "" -999.0 -999.0 -999.0 -999.0 -999 -999 "" "" "" "" 0 0 0.0 0.0 -999 ""
FIBERMAP 1320 R+5C8 APOGEE 0 0 0 1 0 0 -91.09207457517466 107.205235974774 143.1 -100.85857094078985 -98.0656727902729 163.79108 92.02153 -999.0 -999.0 -999.0 -999.0 -999.0 276.0984459224875 -34.926176826235555 276.20342048572536 -34.90995598966605 83.98442131108835 168.82044180540106 -999.0 16600.0 -999.0 2 -999 {-999.0 -999.0 -999.0 -999.0 -999.0} "" -999.0 -999.0 -999.0 -999.0 -999 -999 "" "" "" "" 0 0 0.0 0.0 -999 ""
FIBERMAP 1320 R+5C8 BOSS 1 1 0 1 0 0 -90.92213288854349 107.90482918280578 143.1 -101.56795191560845 -97.94298305807341 163.79108 92.02153 276.09579671505355 -34.92582824616899 -7.041405 -12.105451 0.0559179 276.09577453467085 -34.92585503728922 276.20074350962875 -34.90961907412516 83.9852044406327 168.84027459400116 5400.0 5400.0 2016.0 1 67 {-999.0 15.759816 15.579495 15.541957 -999.0} sdss_psfmag_gaia 15.765782 15.569471 15.217747 14.662 63050395230559572 1068530426 bright_1x1 mwm_ob_core_boss_single mwm_ob science 0 0 0.0 0.0 -999 ""
FIBERMAP 1320 R+5C8 METROLOGY 0 0 0 1 0 0 -90.37509051901442 107.41838399847607 143.1 -101.11926180360324 -97.36460297986235 163.79108 92.02153 -999.0 -999.0 -999.0 -999.0 -999.0 276.09742972723916 -34.9241175192588 276.2023928239023 -34.907884087030624 83.9866226722402 168.8242235282155 -999.0 6231.0 -999.0 -1 -999 {-999.0 -999.0 -999.0 -999.0 -999.0} "" -999.0 -999.0 -999.0 -999.0 -999 -999 "" "" "" "" 0 0 0.0 0.0 -999 ""
FIBERMAP 1321 R-6C21 APOGEE 1 1 0 1 0 0 226.79018760105473 -129.70695348997097 143.1 114.21883028091092 234.9615058400304 284.8876 113.85443 276.8918326309835 -33.919748121900575 4.0182924 -0.049015768 0.29928017 276.89186113950444 -33.919740966503646 276.992627605704 -33.90178248002029 84.76386622670556 159.4786738716255 16000.0 16600.0 2016.0 2 195 {-999.0 13.497627 12.132944 11.501329 -999.0} sdss_psfmag_gaia 12.964495 12.054211 11.117253 9.01 63050395232404734 1154351505 bright_1x1 mwm_galactic_core_dist_apogee_sparse mwm_galactic science 0 0 0.0 0.0 -999 ""
FIBERMAP 1321 R-6C21 BOSS 0 0 0 1 0 0 226.20339635859392 -130.18641547687946 143.1 114.7365061340155 234.4081715676041 284.8876 113.85443 -999.0 -999.0 -999.0 -999.0 -999.0 276.89376527362543 -33.92142105776525 276.9945282807548 -33.90343889359169 84.76174420064038 159.46931786330825 -999.0 5400.0 -999.0 1 268 {-999.0 -999.0 -999.0 -999.0 -999.0} "" -999.0 -999.0 -999.0 -999.0 -999 -999 "" "" "" "" 0 0 0.0 0.0 -999 ""
FIBERMAP 1321 R-6C21 METROLOGY 0 0 0 1 0 0 226.08215864393793 -129.45421110576405 143.1 114.01409386835059 234.238161728308 284.8876 113.85443 -999.0 -999.0 -999.0 -999.0 -999.0 276.8911611602115 -33.92187867542871 276.9919296989601 -33.90390824616753 84.76210454330436 159.4931706893674 -999.0 6231.0 -999.0 -1 -999 {-999.0 -999.0 -999.0 -999.0 -999.0} "" -999.0 -999.0 -999.0 -999.0 -999 -999 "" "" "" "" 0 0 0.0 0.0 -999 ""
FIBERMAP 1322 R+4C3 APOGEE 1 1 0 1 0 0 -210.28954434317384 57.725558769603296 143.1 -43.50701595964955 -213.67663746599516 316.2596 28.941942 276.30866592360667 -35.27677558035913 70.09201 -34.900288 10.136139 276.30889357385297 -35.27687251005815 276.4151116971599 -35.26000282799646 83.60529146934401 167.95211155713497 16000.0 16600.0 2016.0 2 20 {-999.0 15.032347 13.618747 12.856938 -999.0} sdss_psfmag_from_g3xp 14.454027 13.457563 12.466912 10.567 63050396519962123 984749658 bright_1x1 mwm_snc_100pc_apogee mwm_snc science 0 0 0.0 0.0 -999 ""
FIBERMAP 1322 R+4C3 BOSS 0 0 0 1 0 0 -211.01651906457965 57.88603572530489 143.1 -43.61842832944746 -214.41270345683557 316.2596 28.941942 -999.0 -999.0 -999.0 -999.0 -999.0 276.30846571230506 -35.279154983821236 276.4146862946898 -35.262262274432715 83.60316678992653 167.95968365960945 -999.0 5400.0 -999.0 1 29 {-999.0 -999.0 -999.0 -999.0 -999.0} "" -999.0 -999.0 -999.0 -999.0 -999 -999 "" "" "" "" 0 0 0.0 0.0 -999 ""
FIBERMAP 1322 R+4C3 METROLOGY 0 0 0 1 0 0 -210.4940273681565 58.442741129899474 143.1 -44.20886407082159 -213.92869638483558 316.2596 28.941942 -999.0 -999.0 -999.0 -999.0 -999.0 276.3062716726074 -35.277712543981956 276.41248966967237 -35.26083257164393 83.60496088809117 167.9725121803116 -999.0 6231.0 -999.0 -1 -999 {-999.0 -999.0 -999.0 -999.0 -999.0} "" -999.0 -999.0 -999.0 -999.0 -999 -999 "" "" "" "" 0 0 0.0 0.0 -999 ""
FIBERMAP 1327 R+4C12 APOGEE 0 0 0 1 0 0 -2.7989856480497295 67.81388882590677 143.1 -67.47166108784208 -7.335301621310854 228.37372 139.79184 -999.0 -999.0 -999.0 -999.0 -999.0 276.2236451367487 -34.65156656965837 276.32750829957 -34.635106345806754 84.23004077243857 167.26153552674396 -999.0 16600.0 -999.0 2 -999 {-999.0 -999.0 -999.0 -999.0 -999.0} "" -999.0 -999.0 -999.0 -999.0 -999 -999 "" "" "" "" 0 0 0.0 0.0 -999 ""
FIBERMAP 1327 R+4C12 BOSS 1 1 0 1 0 0 -3.5146553814774273 67.68444907669614 143.1 -67.29457554724037 -8.04066753996262 228.37372 139.79184 276.224248145969 -34.65372691675462 -3.2413738 -6.662004 0.1286061 276.2242401709184 -34.65373726120376 276.3281051231428 -34.63725376978159 84.22783807116923 167.26179294086222 5400.0 5400.0 2016.0 1 120 {-999.0 -999.0 -999.0 -999.0 -999.0} "" -999.0 15.928824 -999.0 12.346 63050395230903612 1093498355 bright_1x1 mwm_astar_core_boss_single mwm_ob science 0 0 0.0 0.0 -999 ""
FIBERMAP 1327 R+4C12 METROLOGY 0 0 0 1 0 0 -3.273634176769465 68.3919952096981 143.1 -68.01665276061854 -7.847593219551358 228.37372 139.79184 -999.0 -999.0 -999.0 -999.0 -999.0 276.22157065250576 -34.653133099999046 276.3254363971829 -34.63666264521189 84.22892695094816 167.28164374596574 -999.0 6231.0 -999.0 -1 -999 {-999.0 -999.0 -999.0 -999.0 -999.0} "" -999.0 -999.0 -999.0 -999.0 -999 -999 "" "" "" "" 0 0 0.0 0.0 -999 ""
FIBERMAP 1337 R-5C21 APOGEE 0 0 0 1 0 0 218.89643156765595 -114.35506629393564 143.1 99.43075649593978 226.05737190813684 325.8715 74.217766 -999.0 -999.0 -999.0 -999.0 -999.0 276.8381203289322 -33.946417706767065 276.93901392649 -33.92858935034378 84.75512479598473 160.03927247356125 -999.0 16600.0 -999.0 2 -999 {-999.0 -999.0 -999.0 -999.0 -999.0} "" -999.0 -999.0 -999.0 -999.0 -999 -999 "" "" "" "" 0 0 0.0 0.0 -999 ""
FIBERMAP 1337 R-5C21 BOSS 1 1 0 1 0 0 218.37152772580762 -114.82713388472577 143.1 99.93690912456157 225.56528849457968 325.8715 74.217766 276.8399993946989 -33.94790642598461 -3.5135925 -4.487674 0.2299889 276.83998907817556 -33.94790057996546 276.9408787151176 -33.93004859235717 84.75320649786363 160.02922700782594 5400.0 5400.0 2016.0 1 277 {-999.0 18.15685 17.752457 17.624388 -999.0} sdss_psfmag_gaia 18.07601 17.777342 17.282614 15.638 63050395232403510 977064928 "" ops_std_boss ops_std standard_boss 0 0 0.0 0.0 -999 ""
FIBERMAP 1337 R-5C21 METROLOGY 0 0 0 1 0 0 218.19072595080522 -114.10711912387431 143.1 99.23064872093639 225.33666705633783 325.8715 74.217766 -999.0 -999.0 -999.0 -999.0 -999.0 276.83743633068775 -33.94853921027015 276.9383320874497 -33.93069880047551 84.75335999073278 160.0533446059919 -999.0 6231.0 -999.0 -1 -999 {-999.0 -999.0 -999.0 -999.0 -999.0} "" -999.0 -999.0 -999.0 -999.0 -999 -999 "" "" "" "" 0 0 0.0 0.0 -999 ""
FIBERMAP 1343 R+6C1 APOGEE 1 1 0 1 0 0 -220.96083945870748 105.42734434011606 143.1 -90.38511466757824 -227.51902113104276 272.07648 129.51598 276.13489626613506 -35.31749199414233 -1.3241655 -4.2656307 0.14708528 276.1348865993531 -35.31749752584992 276.2413500219566 -35.30106397831472 83.59515908440723 169.2738381392324 16000.0 16600.0 2016.0 2 50 {-999.0 14.27235 13.045196 12.534824 -999.0} sdss_psfmag_from_g3xp 13.812041 13.019497 12.15257 10.119 63050396519951986 1153147242 bright_1x1 mwm_galactic_core_dist_apogee_sparse mwm_galactic science 0 0 0.0 0.0 -999 ""
FIBERMAP 1343 R+6C1 BOSS 0 0 0 1 0 0 -221.52991079402318 104.92855011085669 143.1 -89.84933769957019 -228.05338090341442 272.07648 129.51598 -999.0 -999.0 -999.0 -999.0 -999.0 276.13685943894313 -35.31916400144963 276.24332242499065 -35.30270126490402 83.59323353626328 169.26262844319658 -999.0 5400.0 -999.0 1 87 {-999.0 -999.0 -999.0 -999.0 -999.0} "" -999.0 -999.0 -999.0 -999.0 -999 -999 "" "" "" "" 0 0 0.0 0.0 -999 ""
FIBERMAP 1343 R+6C1 METROLOGY 0 0 0 1 0 0 -221.6873903735024 105.63461118150434 143.1 -90.54323855318466 -228.25779863318505 272.07648 129.51598 -999.0 -999.0 -999.0 -999.0 -999.0 276.13426415239167 -35.31979216182394 276.2407325552181 -35.303342610388036 83.59302664384941 169.2823353994096 -999.0 6231.0 -999.0 -1 -999 {-999.0 -999.0 -999.0 -999.0 -999.0} "" -999.0 -999.0 -999.0 -999.0 -999 -999 "" "" "" "" 0 0 0.0 0.0 -999 ""
FIBERMAP 1344 R-6C18 APOGEE 0 0 0 1 0 0 162.32748381019343 -125.60010373423951 143.1 114.43956496330543 170.37077680652078 278.9547 137.59024 -999.0 -999.0 -999.0 -999.0 -999.0 276.8935438716745 -34.114345518038014 276.99503753228623 -34.09632365720701 84.58189268370784 160.2200234179786 -999.0 16600.0 -999.0 2 -999 {-999.0 -999.0 -999.0 -999.0 -999.0} "" -999.0 -999.0 -999.0 -999.0 -999 -999 "" "" "" "" 0 0 0.0 0.0 -999 ""
FIBERMAP 1344 R-6C18 BOSS 1 1 0 1 0 0 161.9445258250938 -126.21243712395082 143.1 115.07615470969435 170.02971146961895 278.9547 137.59024 276.89591976215314 -34.11536570132218 1.9863361 -4.2629485 0.12844504 276.8959183495974 -34.11535325527575 276.9974057782372 -34.09730597980835 84.58027417131171 160.2043480743455 5400.0 5400.0 2016.0 1 314 {-999.0 18.43174 17.917295 17.744284 -999.0} sdss_psfmag_gaia 17.748617 17.952976 16.83774 15.74 63050395230990461 976518946 "" ops_std_boss ops_std standard_boss 0 0 0.0 0.0 -999 ""
FIBERMAP 1344 R-6C18 METROLOGY 0 0 0 1 0 0 161.5808411142794 -125.5551270576804 143.1 114.44470685157897 169.62282482543614 278.9547 137.59024 -999.0 -999.0 -999.0 -999.0 -999.0 276.8936334768886 -34.11654936225195 276.99512906452037 -34.09851298191054 84.57982079901717 160.2275568503243 -999.0 6231.0 -999.0 -1 -999 {-999.0 -999.0 -999.0 -999.0 -999.0} "" -999.0 -999.0 -999.0 -999.0 -999 -999 "" "" "" "" 0 0 0.0 0.0 -999 ""
FIBERMAP 1352 R+7C11 APOGEE 1 1 0 1 0 0 32.8048354540383 138.4885741425333 143.1 -140.37011029037703 23.45294200067875 77.70267 26.42892 275.9559631347656 -34.55659814688572 -999.0 -999.0 -999.0 275.9559754690078 -34.55661222606757 276.0596100299707 -34.54087079108803 84.36980206249096 169.2241713457897 16000.0 16600.0 2015.5 2 141 {-999.0 -999.0 -999.0 -999.0 -999.0} "" -999.0 -999.0 -999.0 -999.0 27021603147017932 848144347 "" ops_sky_apogee_best ops_sky sky_apogee 0 0 0.0 0.0 -999 ""
FIBERMAP 1352 R+7C11 BOSS 0 0 0 1 0 0 32.98052931875911 137.74518188825596 143.1 -139.64018356577603 23.678033189839528 77.70267 26.42892 -999.0 -999.0 -999.0 -999.0 -999.0 275.958591826659 -34.555956002671394 276.06221750578345 -34.5401873004429 84.37004515724462 169.20133032763647 -999.0 5400.0 -999.0 1 141 {-999.0 -999.0 -999.0 -999.0 -999.0} "" -999.0 -999.0 -999.0 -999.0 -999 -999 "" "" "" "" 0 0 0.0 0.0 -999 ""
FIBERMAP 1352 R+7C11 METROLOGY 0 0 0 1 0 0 32.2752898480754 137.97009532664444 143.1 -139.81734139090977 22.959336399331953 77.70267 26.42892 -999.0 -999.0 -999.0 -999.0 -999.0 275.9578976919147 -34.55812376535181 276.0615333979629 -34.54236206177377 84.36802584448007 169.21136527269275 -999.0 6231.0 -999.0 -1 -999 {-999.0 -999.0 -999.0 -999.0 -999.0} "" -999.0 -999.0 -999.0 -999.0 -999 -999 "" "" "" "" 0 0 0.0 0.0 -999 ""
FIBERMAP 1360 R-3C11 APOGEE 1 1 0 1 0 0 -28.1264115428627 -63.44226198157433 143.1 65.1816328512528 -23.812379187939055 233.5505 174.75299 276.7133202037818 -34.702917600218534 -0.337055 -2.8967335 0.15131035 276.7132704228206 -34.70287838046814 276.8170801702047 -34.685141671955776 84.07398733171216 163.5842282660559 16000.0 16600.0 2016.0 2 151 {-999.0 15.082123 13.807229 13.259376 -999.0} sdss_psfmag_from_g3xp 14.591734 13.76487 12.875908 10.9 63050396520213244 1153147428 bright_1x1 mwm_galactic_core_dist_apogee_sparse mwm_galactic science 0 0 0.0 0.0 -999 ""
FIBERMAP 1360 R-3C11 BOSS 0 0 0 1 0 0 -28.617192434735482 -64.02187046727988 143.1 65.79279517950148 -24.263213582701336 233.5505 174.75299 -999.0 -999.0 -999.0 -999.0 -999.0 276.7155818264193 -34.704284319136654 276.8193875853452 -34.68651999785355 84.07210231231957 163.5707173358554 -999.0 5400.0 -999.0 1 432 {-999.0 -999.0 -999.0 -999.0 -999.0} "" -999.0 -999.0 -999.0 -999.0 -999 -999 "" "" "" "" 0 0 0.0 0.0 -999 ""
FIBERMAP 1360 R-3C11 METROLOGY 0 0 0 1 0 0 -28.86998726925372 -63.303464559541254 143.1 65.0929626138672 -24.563556041518368 233.5505 174.75299 -999.0 -999.0 -999.0 -999.0 -999.0 276.7130013697522 -34.70519144547681 276.8168142282361 -34.68743950558574 84.07186138435006 163.5929342628837 -999.0 6231.0 -999.0 -1 -999 {-999.0 -999.0 -999.0 -999.0 -999.0} "" -999.0 -999.0 -999.0 -999.0 -999 -999 "" "" "" "" 0 0 0.0 0.0 -999 ""
FIBERMAP 1361 R+12C3 APOGEE 0 0 0 1 0 0 -116.05906952354857 223.99688492185768 143.1 -215.71125446933894 -130.7993151017758 215.63097 144.83046 -999.0 -999.0 -999.0 -999.0 -999.0 275.67420900796185 -35.02134865061122 275.7797579556151 -35.006193202234925 83.95063529034918 172.23437874861025 -999.0 16600.0 -999.0 2 -999 {-999.0 -999.0 -999.0 -999.0 -999.0} "" -999.0 -999.0 -999.0 -999.0 -999 -999 "" "" "" "" 0 0 0.0 0.0 -999 ""
FIBERMAP 1361 R+12C3 BOSS 1 1 0 1 0 0 -116.79067030569371 223.9760598339126 143.1 -215.6414685799343 -131.5278515753711 215.63097 144.83046 275.6744384765625 -35.02358458576775 -999.0 -999.0 -999.0 275.6744329651395 -35.0235817733017 275.7799863899454 -35.00840257101166 83.94842203867341 172.23564578574857 5400.0 5400.0 2015.5 1 99 {-999.0 -999.0 -999.0 -999.0 -999.0} "" -999.0 -999.0 -999.0 -999.0 27021603147015363 852437000 "" ops_sky_boss_fallback ops_sky sky_boss 0 0 0.0 0.0 -999 ""
FIBERMAP 1361 R+12C3 METROLOGY 0 0 0 1 0 0 -116.42553009280046 224.64896227001486 143.1 -216.33729560013643 -131.20862074255456 215.63097 144.83046 -999.0 -999.0 -999.0 -999.0 -999.0 275.67183752513944 -35.022603730620595 275.777389591731 -35.007437901574214 83.9496830697792 172.25429439616988 -999.0 6231.0 -999.0 -1 -999 {-999.0 -999.0 -999.0 -999.0 -999.0} "" -999.0 -999.0 -999.0 -999.0 -999 -999 "" "" "" "" 0 0 0.0 0.0 -999 ""
FIBERMAP 1366 R+3C11 APOGEE 1 1 0 1 0 0 -28.94935605254657 44.23308972278522 143.1 -42.19291046679316 -31.8463795778777 301.68817 103.819275 276.31652174274416 -34.72639316995893 -1.2410837 -6.6688223 0.10663859 276.3165169101879 -34.726401161563096 276.42061852341897 -34.709678938514685 84.13929723795056 166.704044383462 16000.0 16600.0 2016.0 2 12 {-999.0 14.812916 13.554866 12.972671 -999.0} sdss_psfmag_from_g3xp 14.330547 13.497725 12.585791 10.506 63050395230867796 1151995817 bright_1x1 mwm_galactic_core_dist_apogee_sparse mwm_galactic science 0 0 0.0 0.0 -999 ""
FIBERMAP 1366 R+3C11 BOSS 0 0 0 1 0 0 -29.45250480899003 43.68283080288071 143.1 -41.610202242019625 -32.31151968012615 301.68817 103.819275 -999.0 -999.0 -999.0 -999.0 -999.0 276.31863643513856 -34.72786366888708 276.42273599563464 -34.71111419074289 84.13747958397944 166.69095868675277 -999.0 5400.0 -999.0 1 14 {-999.0 -999.0 -999.0 -999.0 -999.0} "" -999.0 -999.0 -999.0 -999.0 -999 -999 "" "" "" "" 0 0 0.0 0.0 -999 ""
FIBERMAP 1366 R+3C11 METROLOGY 0 0 0 1 0 0 -29.68022011686451 44.388091469271174 143.1 -42.29859958159753 -32.585959265226265 301.68817 103.819275 -999.0 -999.0 -999.0 -999.0 -999.0 276.3160819446251 -34.728683751896945 276.4201877844615 -34.711946654423315 84.13718499156828 166.7128367902958 -999.0 6231.0 -999.0 -1 -999 {-999.0 -999.0 -999.0 -999.0 -999.0} "" -999.0 -999.0 -999.0 -999.0 -999 -999 "" "" "" "" 0 0 0.0 0.0 -999 ""
FIBERMAP 1367 R-10C9 APOGEE 0 0 0 1 0 0 9.931118138671176 -175.19127680921986 143.1 174.12628200015885 21.644134486894337 126.95701 35.753136 -999.0 -999.0 -999.0 -999.0 -999.0 277.11414001339983 -34.56453788865488 277.21721543786316 -34.54581213056323 84.09649184424164 160.120702236822 -999.0 16600.0 -999.0 2 -999 {-999.0 -999.0 -999.0 -999.0 -999.0} "" -999.0 -999.0 -999.0 -999.0 -999 -999 "" "" "" "" 0 0 0.0 0.0 -999 ""
FIBERMAP 1367 R-10C9 BOSS 1 1 0 1 0 0 10.63971059019529 -175.42275455994204 143.1 174.30976455117016 22.366616336558483 126.95701 35.753136 277.114856942441 -34.56231085427967 6.9429173 -13.583922 0.10929902 277.11488936979475 -34.56235844316026 277.2179464212411 -34.54361074852762 84.0983272359018 160.10751205624223 5400.0 5400.0 2016.0 1 404 {-999.0 17.923582 17.487055 17.308014 17.226248} sdss_psfmag_from_gaia 17.8424 17.5013 16.9726 15.806 63050396520251994 969052666 "" ops_std_boss_gdr2 ops_std standard_boss 0 0 0.0 0.0 -999 ""
FIBERMAP 1367 R-10C9 METROLOGY 0 0 0 1 0 0 10.098214303286346 -175.92037014245435 143.1 174.8425183702477 21.859689740102006 126.95701 35.753136 -999.0 -999.0 -999.0 -999.0 -999.0 277.11687480584544 -34.56388228679978 277.2199393320998 -34.545134879909625 84.0963129491853 160.0979832791076 -999.0 6231.0 -999.0 -1 -999 {-999.0 -999.0 -999.0 -999.0 -999.0} "" -999.0 -999.0 -999.0 -999.0 -999 -999 "" "" "" "" 0 0 0.0 0.0 -999 ""
FIBERMAP 1371 R-4C4 APOGEE 0 0 0 1 0 0 -193.72902264522597 -77.22128625885527 143.1 90.02257026906246 -188.11411107002473 187.38765 106.522736 -999.0 -999.0 -999.0 -999.0 -999.0 276.80437172408415 -35.20051055429244 276.9100390568917 -35.18238823220597 83.57640128263095 164.27238571343995 -999.0 16600.0 -999.0 2 -999 {-999.0 -999.0 -999.0 -999.0 -999.0} "" -999.0 -999.0 -999.0 -999.0 -999 -999 "" "" "" "" 0 0 0.0 0.0 -999 ""
FIBERMAP 1371 R-4C4 BOSS 1 1 0 1 0 0 -194.05338326182357 -76.5241003935103 143.1 89.34870336178801 -188.48443453671237 187.38765 106.522736 276.8019104003906 -35.20171014165412 -999.0 -999.0 -999.0 276.80190831153567 -35.201701269709865 276.90757296425625 -35.183561811989975 83.57586227854688 164.29266772572882 5400.0 5400.0 2015.5 1 493 {-999.0 -999.0 -999.0 -999.0 -999.0} "" -999.0 -999.0 -999.0 -999.0 27021603184479372 853924845 "" ops_sky_boss_fallback ops_sky sky_boss 0 0 0.0 0.0 -999 ""
FIBERMAP 1371 R-4C4 METROLOGY 0 0 0 1 0 0 -193.31090531758298 -76.60106362373077 143.1 89.37575403146015 -187.73849509619308 187.38765 106.522736 -999.0 -999.0 -999.0 -999.0 -999.0 276.8020273590036 -35.19947166014564 276.9076857879976 -35.18133912970911 83.57796291964863 164.28612253078015 -999.0 6231.0 -999.0 -1 -999 {-999.0 -999.0 -999.0 -999.0 -999.0} "" -999.0 -999.0 -999.0 -999.0 -999 -999 "" "" "" "" 0 0 0.0 0.0 -999 ""
FIBERMAP 1375 R+7C1 APOGEE 0 0 0 1 0 0 -220.86486884599847 123.30065856512037 143.1 -108.22407649198614 -228.62056326833152 248.23956 104.401 -999.0 -999.0 -999.0 -999.0 -999.0 276.0687862942141 -35.32029812630927 276.1752938194535 -35.304034144086295 83.6027594324348 169.75329809424917 -999.0 16600.0 -999.0 2 49 {-999.0 -999.0 -999.0 -999.0 -999.0} "" -999.0 -999.0 -999.0 -999.0 -999 -999 "" ops_sky_apogee_best_unassigned ops_sky sky_apogee 0 0 0.0 0.0 -999 ""
FIBERMAP 1375 R+7C1 BOSS 1 1 0 1 0 0 -221.6104216280204 123.38828950088116 143.1 -108.26156455028294 -229.37028513681514 248.23956 104.401 276.06855085671594 -35.32267458879732 20.969458 33.923275 38.65732 276.06863401537987 -35.3225875064595 276.1751448634101 -35.30629960824823 83.60055865245712 169.7582430334299 5400.0 5400.0 2016.0 1 36 {-999.0 22.974443 22.152384 17.181002 -999.0} sdss_psfmag_gaia 20.772402 17.71126 16.156275 12.552 63050396519952435 1132490954 dark_2x1 mwm_snc_100pc_boss mwm_snc science 0 0 0.0 0.0 -999 ""
FIBERMAP 1375 R+7C1 METROLOGY 0 0 0 1 0 0 -221.16111615179562 123.98815642928533 143.1 -108.89016075153033 -228.96218859215287 248.23956 104.401 -999.0 -999.0 -999.0 -999.0 -999.0 276.06628680615097 -35.3213750497463 276.1727957376402 -35.305100266661135 83.60210104852993 169.77308132038863 -999.0 6231.0 -999.0 -1 -999 {-999.0 -999.0 -999.0 -999.0 -999.0} "" -999.0 -999.0 -999.0 -999.0 -999 -999 "" "" "" "" 0 0 0.0 0.0 -999 ""
FIBERMAP 1377 R-3C22 APOGEE 1 1 0 1 0 0 218.71106687509544 -42.07894979510581 143.1 27.331968444595237 221.0308130253745 100.57788 83.69962 276.5751192871383 -33.96099448990898 -3.1783226 -3.5019238 0.16237527 276.57511469759027 -33.96100154669333 276.6761962456236 -33.943845526218844 84.81487129413385 162.3527079687463 16000.0 16600.0 2016.0 2 202 {-999.0 14.392397 12.883981 12.080764 -999.0} sdss_psfmag_from_g3xp 13.764579 12.6843405 11.659315 9.277 63050395231182631 1151996225 bright_1x1 mwm_galactic_core_dist_apogee_sparse mwm_galactic science 0 0 0.0 0.0 -999 ""
FIBERMAP 1377 R-3C22 BOSS 0 0 0 1 0 0 219.45191699241602 -42.018562229047845 143.1 27.22209075366171 221.76592752720572 100.57788 83.69962 -999.0 -999.0 -999.0 -999.0 -999.0 276.5747309063853 -33.95876466222694 276.6757967871995 -33.94159187488757 84.8171126594689 162.34821172048012 -999.0 5400.0 -999.0 1 285 {-999.0 -999.0 -999.0 -999.0 -999.0} "" -999.0 -999.0 -999.0 -999.0 -999 -999 "" "" "" "" 0 0 0.0 0.0 -999 ""
FIBERMAP 1377 R-3C22 METROLOGY 0 0 0 1 0 0 219.1293829870108 -42.68912398580634 143.1 27.912728339637543 221.48904889103406 100.57788 83.69962 -999.0 -999.0 -999.0 -999.0 -999.0 276.5772543382905 -33.95956441889086 276.67832405646743 -33.942390115185496 84.81568582879595 162.32904967848066 -999.0 6231.0 -999.0 -1 -999 {-999.0 -999.0 -999.0 -999.0 -999.0} "" -999.0 -999.0 -999.0 -999.0 -999 -999 "" "" "" "" 0 0 0.0 0.0 -999 ""
FIBERMAP 1379 R-4C9 APOGEE 1 1 0 1 0 0 -58.404532805007584 -71.90465902123012 143.1 75.65298572608408 -53.454538082906396 9.216382 137.90424 276.751863366009 -34.792869342873836 -3.8282375 -1.8517231 0.24336103 276.75184627686946 -34.792870254426575 276.8559788835379 -34.775006945293704 83.9786670492417 163.5512067164054 16000.0 16600.0 2016.0 2 292 {-999.0 13.469896 12.128277 11.493212 -999.0} sdss_psfmag_from_g3xp 12.938295 12.03691 11.099499 8.973 63050396520201654 1153147375 bright_1x1 mwm_galactic_core_dist_apogee_sparse mwm_galactic science 0 0 0.0 0.0 -999 ""
FIBERMAP 1379 R-4C9 BOSS 0 0 0 1 0 0 -57.81199245066361 -72.35312887520641 143.1 76.06073934611032 -52.83330771527616 9.216382 137.90424 -999.0 -999.0 -999.0 -999.0 -999.0 276.7534157353645 -34.791036583367934 276.8575322279595 -34.77314822974153 83.9800543812373 163.534263558866 -999.0 5400.0 -999.0 1 480 {-999.0 -999.0 -999.0 -999.0 -999.0} "" -999.0 -999.0 -999.0 -999.0 -999 -999 "" "" "" "" 0 0 0.0 0.0 -999 ""
FIBERMAP 1379 R-4C9 METROLOGY 0 0 0 1 0 0 -58.51568764791385 -72.64004247115085 143.1 76.39413728016463 -53.51617759527807 9.216382 137.90424 -999.0 -999.0 -999.0 -999.0 -999.0 276.7546518314527 -34.79310808695296 276.85877793316513 -34.775222028425745 83.97776847500374 163.53092996022028 -999.0 6231.0 -999.0 -1 -999 {-999.0 -999.0 -999.0 -999.0 -999.0} "" -999.0 -999.0 -999.0 -999.0 -999 -999 "" "" "" "" 0 0 0.0 0.0 -999 ""
FIBERMAP 1385 R-13C3 APOGEE 1 1 0 1 0 0 -105.5398757639875 -262.2329814012332 143.1 268.7045313083407 -87.73265985584037 228.22447 134.06314 277.4621905940784 -34.893969369002114 -2.8309736 -0.7043969 0.18199173 277.4621815606365 -34.893967826797656 277.5663230878871 -34.87424769294032 83.68460761286852 158.77200275391692 16000.0 16600.0 2016.0 2 156 {-999.0 12.97293 11.722576 11.178203 -999.0} sdss_psfmag_from_g3xp 12.496631 11.678249 10.796284 8.836 63050396520089456 1153147326 bright_1x1 mwm_galactic_core_dist_apogee_sparse mwm_galactic science 0 0 0.0 0.0 -999 ""
FIBERMAP 1385 R-13C3 BOSS 0 0 0 1 0 0 -106.3035027984569 -262.27241666210966 143.1 268.7950302759235 -88.49190285365454 228.22447 134.06314 -999.0 -999.0 -999.0 -999.0 -999.0 277.46250593095425 -34.89627279147798 277.5666449065209 -34.87652921824411 83.6824009288027 158.77779144602104 -999.0 5400.0 -999.0 1 437 {-999.0 -999.0 -999.0 -999.0 -999.0} "" -999.0 -999.0 -999.0 -999.0 -999 -999 "" "" "" "" 0 0 0.0 0.0 -999 ""
FIBERMAP 1385 R-13C3 METROLOGY 0 0 0 1 0 0 -105.94211746351601 -261.59970914522586 143.1 268.09964926116214 -88.17640527413728 228.22447 134.06314 -999.0 -999.0 -999.0 -999.0 -999.0 277.4600242863974 -34.89535126117388 277.56416426452654 -34.87562055146135 83.68402427902505 158.79167092007756 -999.0 6231.0 -999.0 -1 -999 {-999.0 -999.0 -999.0 -999.0 -999.0} "" -999.0 -999.0 -999.0 -999.0 -999 -999 "" "" "" "" 0 0 0.0 0.0 -999 ""
FIBERMAP 1386 R-3C2 APOGEE 0 0 0 1 0 0 -245.82111687509652 -75.8568453355295 143.1 92.15077670820403 -240.17874846744874 296.74548 47.58846 -999.0 -999.0 -999.0 -999.0 -999.0 276.81185717763714 -35.35727360484895 276.9181254483608 -35.33908436567862 83.42441064354583 164.6141146794241 -999.0 16600.0 -999.0 2 -999 {-999.0 -999.0 -999.0 -999.0 -999.0} "" -999.0 -999.0 -999.0 -999.0 -999 -999 "" "" "" "" 0 0 0.0 0.0 -999 ""
FIBERMAP 1386 R-3C2 BOSS 1 1 0 1 0 0 -246.53323937066583 -75.6602683403519 143.1 92.00235175007334 -240.90241438231587 296.74548 47.58846 276.81131070687474 -35.35948764220856 0.044520315 -4.6220517 0.48827383 276.811313230829 -35.359481464979375 276.91758170605374 -35.341269244909164 83.42244207294678 164.62325194381643 5400.0 5400.0 2016.0 1 514 {-999.0 18.80396 19.263817 19.564348 -999.0} sdss_psfmag_gaia 19.044115 19.05753 19.353632 -999.0 63050396520030273 1143422040 dark_2x1 mwm_wd_pwd_boss_2x1 mwm_wd science 0 0 0.0 0.0 -999 ""
FIBERMAP 1386 R-3C2 METROLOGY 0 0 0 1 0 0 -245.99789990319618 -75.13004001237067 143.1 91.437472029227 -240.40381521304423 296.74548 47.58846 -999.0 -999.0 -999.0 -999.0 -999.0 276.80924225117604 -35.358025515249565 276.915508636763 -35.339825789812004 83.42430656776448 164.63382682442057 -999.0 6231.0 -999.0 -1 -999 {-999.0 -999.0 -999.0 -999.0 -999.0} "" -999.0 -999.0 -999.0 -999.0 -999 -999 "" "" "" "" 0 0 0.0 0.0 -999 ""
FIBERMAP 1389 R+2C3 APOGEE 1 1 0 1 0 0 -235.13512403619885 21.894166847482193 143.1 -6.093029547242229 -236.06526172290748 290.27716 52.579315 276.4474266297268 -35.344832630940864 -3.444513 -3.281847 0.21557242 276.447435457808 -35.344801044128765 276.553845278229 -35.32755380769002 83.51337498197984 167.10934782637557 16000.0 16600.0 2016.0 2 37 {-999.0 14.38607 13.103514 12.58676 -999.0} sdss_psfmag_from_g3xp 13.891198 13.080853 12.20441 10.273 63050396519930084 1153147134 bright_1x1 mwm_galactic_core_dist_apogee_sparse mwm_galactic science 0 0 0.0 0.0 -999 ""
FIBERMAP 1389 R+2C3 BOSS 0 0 0 1 0 0 -235.86228621653464 22.096982679293923 143.1 -6.2466716317444195 -236.80435093259194 290.27716 52.579315 -999.0 -999.0 -999.0 -999.0 -999.0 276.44686241776327 -35.34707623160743 276.5532741913356 -35.32980609408874 83.51129936869278 167.11811689236842 -999.0 5400.0 -999.0 1 61 {-999.0 -999.0 -999.0 -999.0 -999.0} "" -999.0 -999.0 -999.0 -999.0 -999 -999 "" "" "" "" 0 0 0.0 0.0 -999 ""
FIBERMAP 1389 R+2C3 METROLOGY 0 0 0 1 0 0 -235.30524978909716 22.613860629694507 143.1 -6.799684867700302 -236.28320999670788 290.27716 52.579315 -999.0 -999.0 -999.0 -999.0 -999.0 276.4448124828994 -35.3455356492361 276.5512213816876 -35.328277976470204 83.51318329553857 167.12927956707736 -999.0 6231.0 -999.0 -1 -999 {-999.0 -999.0 -999.0 -999.0 -999.0} "" -999.0 -999.0 -999.0 -999.0 -999 -999 "" "" "" "" 0 0 0.0 0.0 -999 ""
FIBERMAP 1390 R+5C10 APOGEE 1 1 0 1 0 0 -40.90571768739615 91.01895070962428 143.1 -88.07109067881805 -46.909541884816484 184.51154 146.77573 276.1467702312098 -34.77132413797462 -0.99855036 -4.2885556 0.18584159 276.146779700306 -34.7713168609255 276.25113773482883 -34.75501841240648 84.12747605886406 168.13246312511566 16000.0 16600.0 2016.0 2 138 {-999.0 13.56969 12.291909 11.7295 -999.0} sdss_psfmag_from_g3xp 13.077765 12.240407 11.34386 9.297 63050395230602706 1151995945 bright_1x1 mwm_galactic_core_dist_apogee_sparse mwm_galactic science 0 0 0.0 0.0 -999 ""
FIBERMAP 1390 R+5C10 BOSS 0 0 0 1 0 0 -41.557759511972925 91.39061440526766 143.1 -88.39822751606899 -47.584992884498206 184.51154 146.77573 -999.0 -999.0 -999.0 -999.0 -999.0 276.1455027448609 -34.7734076792455 276.24986352722215 -34.75709035580601 84.1256833135736 168.14687490323792 -999.0 5400.0 -999.0 1 134 {-999.0 -999.0 -999.0 -999.0 -999.0} "" -999.0 -999.0 -999.0 -999.0 -999 -999 "" "" "" "" 0 0 0.0 0.0 -999 ""
FIBERMAP 1390 R+5C10 METROLOGY 0 0 0 1 0 0 -40.91624374616134 91.76829716593414 143.1 -88.81802224573102 -46.97024098762405 184.51154 146.77573 -999.0 -999.0 -999.0 -999.0 -999.0 276.14395394219406 -34.771531263179845 276.24831000104973 -34.75522460801595 84.12778290939212 168.15506159719274 -999.0 6231.0 -999.0 -1 -999 {-999.0 -999.0 -999.0 -999.0 -999.0} "" -999.0 -999.0 -999.0 -999.0 -999 -999 "" "" "" "" 0 0 0.0 0.0 -999 ""
FIBERMAP 1394 R+6C7 APOGEE 1 1 0 1 0 0 -108.42479407187072 107.25751117004438 143.1 -99.749646329996 -115.36234629351273 266.4411 42.092163 276.1022074676048 -34.978578911640255 -1.5242378 -6.4051046 0.07802943 276.1021885708359 -34.97860330862626 276.20736234765843 -34.962356917216766 83.93247980102227 168.89303785873076 16000.0 16600.0 2016.0 2 41 {-999.0 14.356117 13.413641 12.986188 -999.0} sdss_psfmag_from_g3xp 14.046863 13.400031 12.615652 10.918 63050395230558479 1151995761 bright_1x1 mwm_galactic_core_dist_apogee_sparse mwm_galactic science 0 0 0.0 0.0 -999 ""
FIBERMAP 1394 R+6C7 BOSS 0 0 0 1 0 0 -108.8845852013207 107.84919117662005 143.1 -100.30917591914064 -115.8607236593362 266.4411 42.092163 -999.0 -999.0 -999.0 -999.0 -999.0 276.1000621626122 -34.98017062994891 276.20523730732646 -34.96390692864091 83.93132051786058 168.91217257098668 -999.0 5400.0 -999.0 1 68 {-999.0 -999.0 -999.0 -999.0 -999.0} "" -999.0 -999.0 -999.0 -999.0 -999 -999 "" "" "" "" 0 0 0.0 0.0 -999 ""
FIBERMAP 1394 R+6C7 METROLOGY 0 0 0 1 0 0 -108.1379327113378 107.94275563886133 143.1 -100.45254349516284 -115.12204247089669 266.4411 42.092163 -999.0 -999.0 -999.0 -999.0 -999.0 276.0995309344071 -34.977936748465126 276.20469939050383 -34.96168142464204 83.93358912247189 168.911933704885 -999.0 6231.0 -999.0 -1 -999 {-999.0 -999.0 -999.0 -999.0 -999.0} "" -999.0 -999.0 -999.0 -999.0 -999 -999 "" "" "" "" 0 0 0.0 0.0 -999 ""
FIBERMAP 1397 R-3C19 APOGEE 0 0 0 1 0 0 145.3673182181926 -78.97170271969901 143.1 69.05367920585148 150.32577553828776 326.7198 46.332657 -999.0 -999.0 -999.0 -999.0 -999.0 276.7276246682339 -34.174711171172724 276.8294299836783 -34.15709782797354 84.57194174860669 161.8032651686138 -999.0 16600.0 -999.0 2 -999 {-999.0 -999.0 -999.0 -999.0 -999.0} "" -999.0 -999.0 -999.0 -999.0 -999 -999 "" "" "" "" 0 0 0.0 0.0 -999 ""
FIBERMAP 1397 R-3C19 BOSS 1 1 0 1 0 0 144.64684214145112 -79.13769483912944 143.1 69.26755568201007 149.61806280528924 326.7198 46.332657 276.72845743143836 -34.17680897438657 -3.8408775 -3.5727196 0.19305977 276.72845100096396 -34.17681291509144 276.8302556604518 -34.15917756270584 84.56975304993792 161.80370245139878 5400.0 5400.0 2016.0 1 305 {-999.0 18.13275 17.79026 17.687166 -999.0} sdss_psfmag_gaia 18.107397 17.807194 17.380772 -999.0 63050395231019841 977064912 "" ops_std_boss ops_std standard_boss 0 0 0.0 0.0 -999 ""
FIBERMAP 1397 R-3C19 METROLOGY 0 0 0 1 0 0 144.85880901208893 -78.42314405911299 143.1 68.54043608956707 149.7816798586411 326.7198 46.332657 -999.0 -999.0 -999.0 -999.0 -999.0 276.72579431390585 -34.17629025488486 276.82760067762047 -34.158667352350015 84.57095933909287 161.8238425585327 -999.0 6231.0 -999.0 -1 -999 {-999.0 -999.0 -999.0 -999.0 -999.0} "" -999.0 -999.0 -999.0 -999.0 -999 -999 "" "" "" "" 0 0 0.0 0.0 -999 ""
FIBERMAP 1399 R+5C21 APOGEE 0 0 1 1 0 0 228.73428376998032 101.33012832032752 143.1 -116.42132855913145 221.424503252646 39.51249 91.00227 -999.0 -999.0 -999.0 -999.0 -999.0 276.05056560882343 -33.95827416776791 276.15189671967244 -33.942470162772196 84.93736644974035 167.02741789149 -999.0 16600.0 -999.0 2 -999 {-999.0 -999.0 -999.0 -999.0 -999.0} "" -999.0 -999.0 -999.0 -999.0 -999 -999 "" "" "" "" 0 0 0.0 0.0 -999 ""
FIBERMAP 1399 R+5C21 BOSS 1 0 1 1 0 0 229.21764262925558 100.79211978877771 143.1 -115.91692673373086 221.9427992408125 39.51249 91.00227 276.1289978027343 -33.96984570421691 -999.0 -999.0 -999.0 276.0524182197204 -33.95672451670513 276.15373719804893 -33.94089775148615 84.93853254334611 167.00638516633546 5400.0 5400.0 2015.5 1 247 {-999.0 -999.0 -999.0 -999.0 -999.0} "" -999.0 -999.0 -999.0 -999.0 27021603147018703 852437834 "" ops_sky_boss_fallback ops_sky sky_boss 0 0 0.0 0.0 -999 ""
FIBERMAP 1399 R+5C21 METROLOGY 0 0 1 1 0 0 228.48388241596902 100.62528977235685 143.1 -115.70132439748213 221.2218888103396 39.51249 91.00227 -999.0 -999.0 -999.0 -999.0 -999.0 276.05315065566657 -33.95885143305782 276.15447877826523 -33.94302735965442 84.93631780038386 167.00533198199795 -999.0 6231.0 -999.0 -1 -999 {-999.0 -999.0 -999.0 -999.0 -999.0} "" -999.0 -999.0 -999.0 -999.0 -999 -999 "" "" "" "" 0 0 0.0 0.0 -999 ""
FIBERMAP 1401 R-2C6 APOGEE 0 0 0 1 0 0 -147.83095706775265 -31.880533335787177 143.1 41.71066076402028 -145.358047108248 22.81301 130.8105 -999.0 -999.0 -999.0 -999.0 -999.0 276.62569342391043 -35.07140595041127 276.7309573275812 -35.053782739934576 83.7410253754504 165.21753077248758 -999.0 16600.0 -999.0 2 -999 {-999.0 -999.0 -999.0 -999.0 -999.0} "" -999.0 -999.0 -999.0 -999.0 -999 -999 "" "" "" "" 0 0 0.0 0.0 -999 ""
FIBERMAP 1401 R-2C6 BOSS 1 1 0 1 0 0 -147.1587392931743 -32.19943883191588 143.1 41.9838082370581 -144.66600034877052 22.81301 130.8105 276.62674373830436 -35.06939033730811 -2.2173588 -5.712962 0.25714722 276.6267415733275 -35.06939872942644 276.73198938959604 -35.05175080673163 83.74274993768898 165.20499118918283 5400.0 5400.0 2016.0 1 470 {-999.0 17.457031 17.055595 16.928724 -999.0} sdss_psfmag_gaia 17.401815 17.080132 16.611599 15.793 63050396520149579 977445964 "" ops_std_boss ops_std standard_boss 0 0 0.0 0.0 -999 ""
FIBERMAP 1401 R-2C6 METROLOGY 0 0 0 1 0 0 -147.77156406548772 -32.626167755645895 143.1 42.450615275749904 -145.24884122198517 22.81301 130.8105 -999.0 -999.0 -999.0 -999.0 -999.0 276.62847018764404 -35.07117376685419 276.73372614230436 -35.05352726141117 83.74065295495315 165.19689037619833 -999.0 6231.0 -999.0 -1 -999 {-999.0 -999.0 -999.0 -999.0 -999.0} "" -999.0 -999.0 -999.0 -999.0 -999 -999 "" "" "" "" 0 0 0.0 0.0 -999 ""
