#%yanny
#
# confSummaryFS-10021201.par
#
# Created by pydl.pydlutils.yanny.yanny
#
# 2026-04-20 14:05:00 UTC
#
configuration_id 10021201
robostrategy_run iota-1
fps_calibrations_version 2025.12.04+57d945b
jaeger_version 1.11.1a1
coordio_version 1.18.1
kaiju_version 1.4.1
design_id 736053
field_id 105502
focal_scale 0.9999686
instruments BOSS APOGEE
epoch 2461150.7780627836
obstime Mon Apr 20 06:40:45 2026
MJD 61150
observatory LCO
temperature 11.06570635090182
raCen 249.685300166445
decCen -29.0492468528347
pa 283.40677
is_dithered 0
parent_configuration -999
dither_radius -999.0
cloned_from -999
rotator_angle 166.62
fvc_centroid_method flex
fvc_rms 0.00729
fvc_90_perc 0.0103
fvc_percent_reached 53.5
fvc_image_path /data/fcam/61150/proc-fimg-fvc1s-0044.fits

typedef enum {
    BOSS,
    APOGEE,
    METROLOGY,
    NONE
} FIBERTYPE;

typedef struct {
    short positionerId;
    char holeId[28];
    FIBERTYPE fiberType;
    short assigned;
    short on_target;
    short disabled;
    short valid;
    short decollided;
    short too;
    double xwok;
    double ywok;
    double zwok;
    double xFocal;
    double yFocal;
    float alpha;
    float beta;
    double racat;
    double deccat;
    float pmra;
    float pmdec;
    float parallax;
    double ra;
    double dec;
    double ra_observed;
    double dec_observed;
    double alt_observed;
    double az_observed;
    float lambda_design;
    float lambda_eff;
    float coord_epoch;
    short spectrographId;
    short fiberId;
    float mag[5];
    char optical_prov[92];
    float bp_mag;
    float gaia_g_mag;
    float rp_mag;
    float h_mag;
    long catalogid;
    long carton_to_target_pk;
    char cadence[76];
    char firstcarton[152];
    char program[48];
    char category[60];
    long sdssv_boss_target0;
    long sdssv_apogee_target0;
    double delta_ra;
    double delta_dec;
    long too_id;
    char too_program[4];
} FIBERMAP;

FIBERMAP 4 R+1C12 APOGEE 0 0 0 1 0 0 -26.145506326671637 16.443518110740385 143.1 -22.056886229713157 -21.61968200469196 277.87238 162.89337 -999.0 -999.0 -999.0 -999.0 -999.0 249.608378653472 -29.114704488527515 249.68708292290557 -29.167844221015528 79.17053930724936 93.82295166640296 -999.0 16600.0 -999.0 2 -999 {-999.0 -999.0 -999.0 -999.0 -999.0} "" -999.0 -999.0 -999.0 -999.0 -999 -999 "" "" "" "" 0 0 0.0 0.0 -999 ""
FIBERMAP 4 R+1C12 BOSS 1 1 0 1 0 0 -26.247974176169866 15.724926608281958 143.1 -21.381657121795936 -21.8859637582483 277.87238 162.89337 249.61074829101562 -29.115534422195324 -999.0 -999.0 -999.0 249.6107539380036 -29.11553289152003 249.68941441316622 -29.168668255251145 79.16853693324995 93.82775367727692 5400.0 5400.0 2015.5 1 22 {-999.0 -999.0 -999.0 -999.0 -999.0} "" -999.0 -999.0 -999.0 -999.0 27021603175323280 851730489 "" ops_sky_boss_fallback ops_sky sky_boss 0 0 0.0 0.0 -999 ""
FIBERMAP 4 R+1C12 METROLOGY 0 0 0 1 0 0 -26.8437753795775 16.175341775934257 143.1 -21.957923861342827 -22.36107901743632 277.87238 162.89337 -999.0 -999.0 -999.0 -999.0 -999.0 249.60872932087025 -29.11697232320373 249.68740719360915 -29.170111708851614 79.1703440863614 93.83506922293327 -999.0 6231.0 -999.0 -1 -999 {-999.0 -999.0 -999.0 -999.0 -999.0} "" -999.0 -999.0 -999.0 -999.0 -999 -999 "" "" "" "" 0 0 0.0 0.0 -999 ""
FIBERMAP 6 R+3C2 APOGEE 0 0 0 1 0 0 -253.61617198430656 58.16661619265249 143.1 -115.3820317598488 -233.2107478253818 217.08203 74.25402 -999.0 -999.0 -999.0 -999.0 -999.0 249.2809668231616 -29.753199992829153 249.36162135229404 -29.806949373844425 79.45903696717023 97.25812123350698 -999.0 16600.0 -999.0 2 -999 {-999.0 -999.0 -999.0 -999.0 -999.0} "" -999.0 -999.0 -999.0 -999.0 -999 -999 "" "" "" "" 0 0 0.0 0.0 -999 ""
FIBERMAP 6 R+3C2 BOSS 1 1 0 1 0 0 -253.88057410622886 58.83178285319908 143.1 -116.09035440929924 -233.31371392298576 217.08203 74.25402 249.27852827597866 -29.7534855582525 -1.0594426 -2.1579769 0.20245229 249.27854456091623 -29.753495427583697 249.35915345973444 -29.807249638741087 79.46117091509144 97.2600308756879 5400.0 5400.0 2016.0 1 75 {-999.0 18.045862 17.412899 17.125519 17.00547} sdss_psfmag_from_ps1dr2 17.8791 17.3987 16.7681 15.636 63050396382582157 1040587877 "" ops_std_boss_ps1dr2 ops_std standard_boss 0 0 0.0 0.0 -999 ""
FIBERMAP 6 R+3C2 METROLOGY 0 0 0 1 0 0 -253.1533862200888 58.75426196455379 143.1 -115.84634589283269 -232.62433886674359 217.08203 74.25402 -999.0 -999.0 -999.0 -999.0 -999.0 249.27936253507625 -29.75147306901281 249.35997820408522 -29.80522614340125 79.46050173755164 97.24888135305116 -999.0 6231.0 -999.0 -1 -999 {-999.0 -999.0 -999.0 -999.0 -999.0} "" -999.0 -999.0 -999.0 -999.0 -999 -999 "" "" "" "" 0 0 0.0 0.0 -999 ""
FIBERMAP 13 R-1C1 APOGEE 1 1 0 1 0 0 -271.45094828975004 -25.672958643453388 143.1 -37.96486500252967 -269.99762662522585 303.96997 136.48532 249.55026796038774 -29.865355919681104 -2.4106414 -2.1447093 0.07940472 249.55028149132494 -29.865354500511284 249.63136147594287 -29.91842380334068 79.22222532660906 97.82690751219519 16000.0 16600.0 2016.0 2 255 {-999.0 15.674817 14.011583 12.80305 -999.0} sdss_psfmag_from_g3xp 14.952032 13.493775 12.320955 9.526 63050396382588714 1153032320 bright_1x1 mwm_galactic_core_dist_apogee_sparse mwm_galactic science 0 0 0.0 0.0 -999 ""
FIBERMAP 13 R-1C1 BOSS 0 0 0 1 0 0 -271.56591479222516 -26.393013875840435 143.1 -37.29110998047335 -270.27640541673674 303.96997 136.48532 -999.0 -999.0 -999.0 -999.0 -999.0 249.5526766023284 -29.866192159201667 249.6337127693031 -29.919254213571268 79.22016312082982 97.83101503224827 -999.0 5400.0 -999.0 1 525 {-999.0 -999.0 -999.0 -999.0 -999.0} "" -999.0 -999.0 -999.0 -999.0 -999 -999 "" "" "" "" 0 0 0.0 0.0 -999 ""
FIBERMAP 13 R-1C1 METROLOGY 0 0 0 1 0 0 -272.14829611390394 -25.950108063773023 143.1 -37.856960760855415 -270.74020800202976 303.96997 136.48532 -999.0 -999.0 -999.0 -999.0 -999.0 249.5506775469496 -29.867625211879137 249.63173117001963 -29.920692030243618 79.22183604047427 97.8389790867796 -999.0 6231.0 -999.0 -1 -999 {-999.0 -999.0 -999.0 -999.0 -999.0} "" -999.0 -999.0 -999.0 -999.0 -999 -999 "" "" "" "" 0 0 0.0 0.0 -999 ""
FIBERMAP 15 R-1C25 APOGEE 0 0 0 1 0 0 276.1954504960255 -9.287997876275748 143.1 73.07205398302804 266.5067967859023 90.459206 40.874477 -999.0 -999.0 -999.0 -999.0 -999.0 249.93859398488277 -28.243781919627416 250.01463776381559 -28.296369468834317 78.81588559004364 89.38881510401717 -999.0 16600.0 -999.0 2 -999 {-999.0 -999.0 -999.0 -999.0 -999.0} "" -999.0 -999.0 -999.0 -999.0 -999 -999 "" "" "" "" 0 0 0.0 0.0 -999 ""
FIBERMAP 15 R-1C25 BOSS 1 1 0 1 0 0 276.67871180584257 -9.793273501372731 143.1 73.67559147351712 266.85972276890226 90.459206 40.874477 249.94070786390043 -28.242736725893668 -3.7848935 -1.6702843 0.18077327 249.94070525680118 -28.242739190122187 250.0166983888132 -28.29532691162687 78.8139614299307 89.38457466697156 5400.0 5400.0 2016.0 1 336 {-999.0 18.575546 17.773582 17.358427 17.105059} sdss_psfmag_from_ps1dr2 18.3261 17.7533 16.9988 15.645 63050396383383105 1040588706 "" ops_std_boss_ps1dr2 ops_std standard_boss 0 0 0.0 0.0 -999 ""
FIBERMAP 15 R-1C25 METROLOGY 0 0 0 1 0 0 275.952601979924 -9.995474246922422 143.1 73.70392316423502 266.1065413440898 90.459206 40.874477 -999.0 -999.0 -999.0 -999.0 -999.0 249.9408099887427 -28.244945982524843 250.01682356879348 -28.297531415550928 78.81411041481849 89.3959266852263 -999.0 6231.0 -999.0 -1 -999 {-999.0 -999.0 -999.0 -999.0 -999.0} "" -999.0 -999.0 -999.0 -999.0 -999 -999 "" "" "" "" 0 0 0.0 0.0 -999 ""
FIBERMAP 24 R+3C10 APOGEE 0 0 0 1 0 0 -40.11993030204034 46.769311658600394 143.1 -54.795377725758975 -28.181651014786365 12.707993 59.190666 -999.0 -999.0 -999.0 -999.0 -999.0 249.4944969265793 -29.13423284719325 249.57323662660906 -29.18764151764359 79.27061341160054 93.90876257146743 -999.0 16600.0 -999.0 2 -999 {-999.0 -999.0 -999.0 -999.0 -999.0} "" -999.0 -999.0 -999.0 -999.0 -999 -999 "" "" "" "" 0 0 0.0 0.0 -999 ""
FIBERMAP 24 R+3C10 BOSS 1 1 0 1 0 0 -40.376439499852665 46.04390396006218 143.1 -54.149233725205534 -28.599351924958036 12.707993 59.190666 249.49676513671872 -29.135550652214192 -999.0 -999.0 -999.0 249.496744490336 -29.135526256716748 249.57544227393873 -29.188930623657225 79.26873589049818 93.91605711050835 5400.0 5400.0 2015.5 1 24 {-999.0 -999.0 -999.0 -999.0 -999.0} "" -999.0 -999.0 -999.0 -999.0 27021603175323267 853832240 "" ops_sky_boss_fallback ops_sky sky_boss 0 0 0.0 0.0 -999 ""
FIBERMAP 24 R+3C10 METROLOGY 0 0 0 1 0 0 -40.85227702381162 46.61710621879301 143.1 -54.817123425057396 -28.929307490329606 12.707993 59.190666 -999.0 -999.0 -999.0 -999.0 -999.0 249.49439948050681 -29.13652193565666 249.5731130559941 -29.1899312516328 79.2708042060984 93.92103271690848 -999.0 6231.0 -999.0 -1 -999 {-999.0 -999.0 -999.0 -999.0 -999.0} "" -999.0 -999.0 -999.0 -999.0 -999 -999 "" "" "" "" 0 0 0.0 0.0 -999 ""
FIBERMAP 27 R-2C1 APOGEE 1 1 0 1 0 0 -278.64101993721897 -51.03753159967727 143.1 -14.9593478572214 -282.8724556890907 250.43546 97.39328 249.63036427042923 -29.904229539879346 -2.204549 0.53824955 0.35389537 249.63037753426372 -29.904239537704985 249.71160180439585 -29.957104819794697 79.1515025075702 98.02125940339857 16000.0 16600.0 2016.0 2 256 {-999.0 13.824931 12.326449 11.643111 -999.0} sdss_psfmag_from_g3xp 13.197257 12.208432 11.23086 8.922 63050396382584538 1153032300 bright_1x1 mwm_galactic_core_dist_apogee_sparse mwm_galactic science 0 0 0.0 0.0 -999 ""
FIBERMAP 27 R-2C1 BOSS 0 0 0 1 0 0 -279.3765327812876 -50.90805822215404 143.1 -15.25582167966918 -283.55788310771453 250.43546 97.39328 -999.0 -999.0 -999.0 -999.0 -999.0 249.62938633792467 -29.906264160779624 249.71056945972452 -29.959129903044946 79.15232949808407 98.03217055333647 -999.0 5400.0 -999.0 1 526 {-999.0 -999.0 -999.0 -999.0 -999.0} "" -999.0 -999.0 -999.0 -999.0 -999 -999 "" "" "" "" 0 0 0.0 0.0 -999 ""
FIBERMAP 27 R-2C1 METROLOGY 0 0 0 1 0 0 -278.8905226769726 -50.33411084178641 143.1 -15.701426448945519 -282.95205946501153 250.43546 97.39328 -999.0 -999.0 -999.0 -999.0 -999.0 249.6278208551061 -29.90450272186037 249.70901138101874 -29.957373123909584 79.15373677591205 98.02307763860375 -999.0 6231.0 -999.0 -1 -999 {-999.0 -999.0 -999.0 -999.0 -999.0} "" -999.0 -999.0 -999.0 -999.0 -999 -999 "" "" "" "" 0 0 0.0 0.0 -999 ""
FIBERMAP 34 R-11C16 APOGEE 1 1 0 1 0 0 159.89607246338736 -215.833865592948 143.1 247.01826796608339 105.49149636184877 144.0911 157.76886 250.53825141919688 -28.72953836818908 -2.2361732 -7.9009924 0.6745234 250.53825696442695 -28.729560050450637 250.61594394753456 -28.78056088569063 78.33688213765286 92.08047326132953 16000.0 16600.0 2016.0 2 235 {-999.0 12.411082 11.099786 10.541098 -999.0} sdss_psfmag_from_g3xp 11.901997 11.050655 10.148439 8.177 63050396383142284 1156251609 bright_1x1 mwm_galactic_core_dist_apogee_extra mwm_galactic science 0 0 0.0 0.0 -999 ""
FIBERMAP 34 R-11C16 BOSS 0 0 0 1 0 0 159.4973667449119 -215.1913475985607 143.1 246.3008370445692 105.25263952667245 144.0911 157.76886 -999.0 -999.0 -999.0 -999.0 -999.0 250.53585319689557 -28.730282470816913 250.613491631 -28.781292304607025 78.33908109344978 92.08326904911553 -999.0 5400.0 -999.0 1 345 {-999.0 -999.0 -999.0 -999.0 -999.0} "" -999.0 -999.0 -999.0 -999.0 -999 -999 "" "" "" "" 0 0 0.0 0.0 -999 ""
FIBERMAP 34 R-11C16 METROLOGY 0 0 0 1 0 0 160.23811459253145 -215.16162577369673 143.1 246.44367260174369 105.98006942052822 144.0911 157.76886 -999.0 -999.0 -999.0 -999.0 -999.0 250.53636194709614 -28.728065617520144 250.6140077594838 -28.77907389142242 78.33846049100902 92.07249673752324 -999.0 6231.0 -999.0 -1 -999 {-999.0 -999.0 -999.0 -999.0 -999.0} "" -999.0 -999.0 -999.0 -999.0 -999 -999 "" "" "" "" 0 0 0.0 0.0 -999 ""
FIBERMAP 38 R+13C14 APOGEE 1 1 0 1 0 0 147.93551537283642 270.8335959580031 143.1 -229.14502637959143 206.69380634709538 122.65716 70.316574 248.90028641416882 -28.42078475363162 -4.1711783 -2.7794354 0.12665793 248.9002890022644 -28.420772139616396 248.9766552783408 -28.47580909820079 79.74321563217512 89.8107288989786 16000.0 16600.0 2016.0 2 57 {-999.0 16.118742 14.302993 13.249628 -999.0} sdss_psfmag_from_g3xp 15.282374 13.91026 12.768451 9.957 63050396392697915 1156256254 bright_1x1 mwm_galactic_core_dist_apogee_extra mwm_galactic science 0 0 0.0 0.0 -999 ""
FIBERMAP 38 R+13C14 BOSS 0 0 0 1 0 0 148.69879815814406 270.8575567304936 143.1 -228.99136209272257 207.44182064716483 122.65716 70.316574 -999.0 -999.0 -999.0 -999.0 -999.0 248.90095261774502 -28.41856878195933 248.97726828517818 -28.473608711051277 79.74245602296482 89.79874316976162 -999.0 5400.0 -999.0 1 95 {-999.0 -999.0 -999.0 -999.0 -999.0} "" -999.0 -999.0 -999.0 -999.0 -999 -999 "" "" "" "" 0 0 0.0 0.0 -999 ""
FIBERMAP 38 R+13C14 METROLOGY 0 0 0 1 0 0 148.33133108729928 270.20368643382045 143.1 -228.44053000680108 206.93277536747317 122.65716 70.316574 -999.0 -999.0 -999.0 -999.0 -999.0 248.9027352127247 -28.42005768072337 248.9790683627649 -28.475091794110774 79.7410326156084 89.80793097483541 -999.0 6231.0 -999.0 -1 -999 {-999.0 -999.0 -999.0 -999.0 -999.0} "" -999.0 -999.0 -999.0 -999.0 -999 -999 "" "" "" "" 0 0 0.0 0.0 -999 ""
FIBERMAP 41 R+10C10 APOGEE 0 0 0 1 0 0 9.208665785642147 188.98642503792433 143.1 -181.69540642501894 52.77498850343746 208.87941 109.04897 -999.0 -999.0 -999.0 -999.0 -999.0 249.0567988671944 -28.886307549104806 249.13465497702873 -28.940838563012484 79.64200428202209 92.46324317394738 -999.0 16600.0 -999.0 2 -999 {-999.0 -999.0 -999.0 -999.0 -999.0} "" -999.0 -999.0 -999.0 -999.0 -999 -999 "" "" "" "" 0 0 0.0 0.0 -999 ""
FIBERMAP 41 R+10C10 BOSS 1 1 0 1 0 0 8.628717089994893 189.5007551904268 143.1 -182.33016892510602 52.33011230782877 208.87941 109.04897 249.05456542968747 -28.88762346209205 -999.0 -999.0 -999.0 249.05457558259582 -28.887623101683346 249.1323905765388 -28.94216133331271 79.64405848131982 92.46995671844132 5400.0 5400.0 2015.5 1 127 {-999.0 -999.0 -999.0 -999.0 -999.0} "" -999.0 -999.0 -999.0 -999.0 27021603175317783 823816734 "" ops_sky_boss_good ops_sky sky_boss 0 0 0.0 0.0 -999 ""
FIBERMAP 41 R+10C10 METROLOGY 0 0 0 1 0 0 9.355412625498413 189.7198850448697 143.1 -182.37483206379562 53.087788570944916 208.87941 109.04897 -999.0 -999.0 -999.0 -999.0 -999.0 249.0544052634739 -28.885319653258087 249.13222566446234 -28.939858308387542 79.64407040298909 92.45712028440965 -999.0 6231.0 -999.0 -1 -999 {-999.0 -999.0 -999.0 -999.0 -999.0} "" -999.0 -999.0 -999.0 -999.0 -999 -999 "" "" "" "" 0 0 0.0 0.0 -999 ""
FIBERMAP 47 R-6C12 APOGEE 0 0 0 1 0 0 34.17346465254801 -109.3435292560093 143.1 114.2837208751163 7.889236698159287 35.686295 112.682396 -999.0 -999.0 -999.0 -999.0 -999.0 250.08201910670704 -29.025678136774484 250.16054709321088 -29.077699665629627 78.75336273712493 93.4476541390755 -999.0 16600.0 -999.0 2 -999 {-999.0 -999.0 -999.0 -999.0 -999.0} "" -999.0 -999.0 -999.0 -999.0 -999 -999 "" "" "" "" 0 0 0.0 0.0 -999 ""
FIBERMAP 47 R-6C12 BOSS 1 1 0 1 0 0 34.79811226399103 -109.71855618802674 143.1 114.79334432527705 8.409890557912263 35.686295 112.682396 250.08385732125026 -29.024075343157506 9.19837 -0.6070154 0.068103835 250.08390195118253 -29.024090735073294 250.1623765782184 -29.076110265337416 78.75168741069575 93.43991939419539 5400.0 5400.0 2016.0 1 391 {-999.0 17.170288 16.066025 15.5245 -999.0} sdss_psfmag_ps1 16.742641 15.980811 15.109891 13.281 63050396383003707 1071803143 dark_flexible_2x1 mwm_halo_mp_xp_boss mwm_halo science 0 0 0.0 0.0 -999 ""
FIBERMAP 47 R-6C12 METROLOGY 0 0 0 1 0 0 34.15901168695811 -110.09138574530505 143.1 115.00782330135948 7.701783351514134 35.686295 112.682396 -999.0 -999.0 -999.0 -999.0 -999.0 250.08464650705656 -29.026239638931745 250.1631419027284 -29.078256163647193 78.75112511179238 93.45107588283389 -999.0 6231.0 -999.0 -1 -999 {-999.0 -999.0 -999.0 -999.0 -999.0} "" -999.0 -999.0 -999.0 -999.0 -999 -999 "" "" "" "" 0 0 0.0 0.0 -999 ""
FIBERMAP 48 R-6C4 APOGEE 0 0 0 1 0 0 -167.48545620257443 -121.67509910524481 143.1 79.52311743566733 -191.12715727330456 196.10835 127.499626 -999.0 -999.0 -999.0 -999.0 -999.0 249.9605965967059 -29.62868760488518 250.04101580541965 -29.680833156496703 78.87094451891487 96.54382916852194 -999.0 16600.0 -999.0 2 -999 {-999.0 -999.0 -999.0 -999.0 -999.0} "" -999.0 -999.0 -999.0 -999.0 -999 -999 "" "" "" "" 0 0 0.0 0.0 -999 ""
FIBERMAP 48 R-6C4 BOSS 1 1 0 1 0 0 -168.09111128305656 -121.2291014677183 143.1 78.9488630307214 -191.61288180447772 196.10835 127.499626 249.95867558027257 -29.63022724074936 -15.687772 5.766139 4.484037 249.95866396920474 -29.63020323372891 250.0390390311868 -29.682352820218174 78.8726545087307 96.55174606754781 5400.0 5400.0 2016.0 1 491 {-999.0 20.414938 19.133701 17.698164 -999.0} sdss_psfmag_ps1 19.809858 18.439148 17.099678 14.67 63050396382946254 1078034634 bright_flexible_2x1 mwm_snc_ext_main_boss mwm_snc science 0 0 0.0 0.0 -999 ""
FIBERMAP 48 R-6C4 METROLOGY 0 0 0 1 0 0 -167.40872828567953 -120.9310486744506 143.1 78.8171560247455 -190.88001041989756 196.10835 127.499626 -999.0 -999.0 -999.0 -999.0 -999.0 249.9582104272431 -29.628020861196262 250.03859216534602 -29.68017222104638 78.87305330630235 96.54045673974429 -999.0 6231.0 -999.0 -1 -999 {-999.0 -999.0 -999.0 -999.0 -999.0} "" -999.0 -999.0 -999.0 -999.0 -999 -999 "" "" "" "" 0 0 0.0 0.0 -999 ""
FIBERMAP 50 R-4C21 APOGEE 1 1 0 1 0 0 189.0598595788349 -78.35048217756675 143.1 120.04750019991609 165.73592272635963 179.29118 120.2955 250.10098905922845 -28.547289238965988 -29.26198 -54.55839 7.999241 250.10091207711702 -28.54745496869564 250.17793805218832 -28.59956519306571 78.70463668533165 91.01263166442214 16000.0 16600.0 2016.0 2 225 {-999.0 10.950815 10.550145 10.398169 -999.0} sdss_psfmag_from_g3xp 10.880838 10.561893 10.068192 9.201 63050396383252176 975297611 "" ops_std_apogee ops_std standard_apogee 0 0 0.0 0.0 -999 ""
FIBERMAP 50 R-4C21 BOSS 0 0 0 1 0 0 188.678473574727 -77.72346808989245 143.1 119.34916587879742 165.51031842110885 179.29118 120.2955 -999.0 -999.0 -999.0 -999.0 -999.0 250.0985937923993 -28.54808592482679 250.17557269049064 -28.600205466533293 78.70676304617994 91.01492327029638 -999.0 5400.0 -999.0 1 323 {-999.0 -999.0 -999.0 -999.0 -999.0} "" -999.0 -999.0 -999.0 -999.0 -999 -999 "" "" "" "" 0 0 0.0 0.0 -999 ""
FIBERMAP 50 R-4C21 METROLOGY 0 0 0 1 0 0 189.4266901945773 -77.70303181154948 143.1 119.50276533008685 166.24286041811342 179.29118 120.2955 -999.0 -999.0 -999.0 -999.0 -999.0 250.099120464579 -28.545851781845762 250.1761062330014 -28.597969581588167 78.70609310990886 91.0037711451713 -999.0 6231.0 -999.0 -1 -999 {-999.0 -999.0 -999.0 -999.0 -999.0} "" -999.0 -999.0 -999.0 -999.0 -999 -999 "" "" "" "" 0 0 0.0 0.0 -999 ""
FIBERMAP 51 R+5C4 APOGEE 0 0 0 1 0 0 -175.38581104648844 88.43544350912605 143.1 -126.68691882583902 -150.0966759595055 214.09222 131.66544 -999.0 -999.0 -999.0 -999.0 -999.0 249.24270894516013 -29.50232345516127 249.32255473431826 -29.556235141609882 79.49581727851138 95.88743016270809 -999.0 16600.0 -999.0 2 -999 {-999.0 -999.0 -999.0 -999.0 -999.0} "" -999.0 -999.0 -999.0 -999.0 -999 -999 "" "" "" "" 0 0 0.0 0.0 -999 ""
FIBERMAP 51 R+5C4 BOSS 1 1 0 1 0 0 -176.07082567612412 88.57919108643654 143.1 -126.98556912659878 -150.7296733061734 214.09222 131.66544 249.24165372628886 -29.504256022895863 3.3688302 -12.791732 0.48429954 249.24166515886827 -29.504271729988865 249.32147117296722 -29.55818538495423 79.49676016186976 95.89812731503906 5400.0 5400.0 2016.0 1 38 {-999.0 17.84632 17.263 16.97356 16.800676} sdss_psfmag_from_ps1dr2 17.6329 17.2319 16.6336 15.483 63050396382769819 1035829149 "" ops_std_boss_ps1dr2 ops_std standard_boss 0 0 0.0 0.0 -999 ""
FIBERMAP 51 R+5C4 METROLOGY 0 0 0 1 0 0 -175.6014988063292 89.1516676409807 143.1 -127.43361129794309 -150.140418764203 214.09222 131.66544 -999.0 -999.0 -999.0 -999.0 -999.0 249.2400832623175 -29.502499518556636 249.31989621457183 -29.55641747879332 79.49812989321666 95.88842730056354 -999.0 6231.0 -999.0 -1 -999 {-999.0 -999.0 -999.0 -999.0 -999.0} "" -999.0 -999.0 -999.0 -999.0 -999 -999 "" "" "" "" 0 0 0.0 0.0 -999 ""
FIBERMAP 60 R-3C7 APOGEE 1 1 0 1 0 0 -114.78616065979615 -54.00882379146784 143.1 25.92154208902128 -124.17680447298002 349.96872 148.40843 249.7743718067171 -29.426231313133837 -0.752808 -8.251317 0.22486947 249.7743816097456 -29.426247233797042 249.85411207588368 -29.4788992245933 79.03279663168021 95.48713969559492 16000.0 16600.0 2016.0 2 290 {-999.0 14.514382 13.212617 12.601888 -999.0} sdss_psfmag_from_g3xp 14.007829 13.1233 12.196184 10.026 63050396382965595 1153032808 bright_1x1 mwm_galactic_core_dist_apogee_sparse mwm_galactic science 0 0 0.0 0.0 -999 ""
FIBERMAP 60 R-3C7 BOSS 0 0 0 1 0 0 -114.32258349678553 -54.58116794854427 143.1 26.585754465100866 -123.85857582506105 349.96872 148.40843 -999.0 -999.0 -999.0 -999.0 -999.0 249.7767610128869 -29.42534826977034 249.85644142080332 -29.477995261663022 79.03075835878745 95.4825141838711 -999.0 5400.0 -999.0 1 476 {-999.0 -999.0 -999.0 -999.0 -999.0} "" -999.0 -999.0 -999.0 -999.0 -999 -999 "" "" "" "" 0 0 0.0 0.0 -999 ""
FIBERMAP 60 R-3C7 METROLOGY 0 0 0 1 0 0 -115.05213326463989 -54.70690007942143 143.1 26.53890619249347 -124.59737366938342 349.96872 148.40843 -999.0 -999.0 -999.0 -999.0 -999.0 249.7765812768589 -29.427599148121164 249.85628233764805 -29.48024579703196 79.03092316636311 95.49433231631565 -999.0 6231.0 -999.0 -1 -999 {-999.0 -999.0 -999.0 -999.0 -999.0} "" -999.0 -999.0 -999.0 -999.0 -999 -999 "" "" "" "" 0 0 0.0 0.0 -999 ""
FIBERMAP 73 R-11C14 APOGEE 1 1 0 1 0 0 126.78561057923955 -203.59486530371797 143.1 227.43632797262978 76.12203625844164 46.696632 138.50908 250.4718017578125 -28.818416487201645 -999.0 -999.0 -999.0 250.4717856855582 -28.818429845594803 250.54973982957029 -28.869566676455154 78.40118832941694 92.49991919171998 16000.0 16600.0 2015.5 2 232 {-999.0 -999.0 -999.0 -999.0 -999.0} "" -999.0 -999.0 -999.0 -999.0 27021603175320289 848663196 "" ops_sky_apogee_best ops_sky sky_apogee 0 0 0.0 0.0 -999 ""
FIBERMAP 73 R-11C14 BOSS 0 0 0 1 0 0 127.5020412081486 -203.6527727621106 143.1 227.65876402360894 76.80549502046782 46.696632 138.50908 -999.0 -999.0 -999.0 -999.0 -999.0 250.47261511586188 -28.816349523858513 250.55051271037564 -28.867487963327683 78.40037011109047 92.48983669730876 -999.0 5400.0 -999.0 1 341 {-999.0 -999.0 -999.0 -999.0 -999.0} "" -999.0 -999.0 -999.0 -999.0 -999 -999 "" "" "" "" 0 0 0.0 0.0 -999 ""
FIBERMAP 73 R-11C14 METROLOGY 0 0 0 1 0 0 127.08558446619251 -204.27779078987203 143.1 228.1701724620366 76.25548616767638 46.696632 138.50908 -999.0 -999.0 -999.0 -999.0 -999.0 250.4744116667944 -28.817998408733455 250.55232903553497 -28.869131170157566 78.3988963347032 92.49853335548215 -999.0 6231.0 -999.0 -1 -999 {-999.0 -999.0 -999.0 -999.0 -999.0} "" -999.0 -999.0 -999.0 -999.0 -999 -999 "" "" "" "" 0 0 0.0 0.0 -999 ""
FIBERMAP 85 R+2C11 APOGEE 1 1 0 1 0 0 -29.245629846554998 35.35825516935576 143.1 -41.17437125921003 -20.249740763936742 8.730068 94.53374 249.54198257690194 -29.110313148779692 -11.649835 -6.5253687 0.097512014 249.54194615092212 -29.110325142874856 249.62062131053244 -29.163626201526338 79.2283671400904 93.78844306281837 16000.0 16600.0 2016.0 2 15 {-999.0 14.407189 13.201994 12.609263 -999.0} sdss_psfmag_from_g3xp 13.957636 13.116517 12.21196 10.13 63050396383208970 1156251777 bright_1x1 mwm_galactic_core_dist_apogee_extra mwm_galactic science 0 0 0.0 0.0 -999 ""
FIBERMAP 85 R+2C11 BOSS 0 0 0 1 0 0 -29.061307382760887 34.65730158127433 143.1 -40.44980493743601 -20.23296698499466 8.730068 94.53374 -999.0 -999.0 -999.0 -999.0 -999.0 249.54448176147133 -29.110294415503944 249.6231107109769 -29.163590957832376 79.22619358702913 93.78870614306692 -999.0 5400.0 -999.0 1 23 {-999.0 -999.0 -999.0 -999.0 -999.0} "" -999.0 -999.0 -999.0 -999.0 -999 -999 "" "" "" "" 0 0 0.0 0.0 -999 ""
FIBERMAP 85 R+2C11 METROLOGY 0 0 0 1 0 0 -29.786451897753953 34.85167630724645 143.1 -40.807005511334616 -20.893261205166464 8.730068 94.53374 -999.0 -999.0 -999.0 -999.0 -999.0 249.5432140722982 -29.112297782664903 249.62186229445342 -29.165596363175016 79.2273605934087 93.79920074491952 -999.0 6231.0 -999.0 -1 -999 {-999.0 -999.0 -999.0 -999.0 -999.0} "" -999.0 -999.0 -999.0 -999.0 -999 -999 "" "" "" "" 0 0 0.0 0.0 -999 ""
FIBERMAP 89 R-9C1 APOGEE 1 1 0 1 0 0 -197.2840526869938 -189.8615563119544 143.1 138.9403375262647 -235.92219623380595 271.96793 88.90009 250.16702620584292 -29.762951913094845 -0.30249238 -1.4604634 0.1287485 250.16698600614157 -29.76296597783692 250.2478825740526 -29.81457488843823 78.69004699186304 97.22222277886436 16000.0 16600.0 2016.0 2 258 {-999.0 15.018524 13.423582 12.188552 -999.0} sdss_psfmag_from_g3xp 14.33913 12.884266 11.70863 9.001 63050396382878257 1153032824 bright_1x1 mwm_galactic_core_dist_apogee_sparse mwm_galactic science 0 0 0.0 0.0 -999 ""
FIBERMAP 89 R-9C1 BOSS 0 0 0 1 0 0 -198.01725382032942 -189.88243283405623 143.1 138.7906477320649 -236.6402344706036 271.96793 88.90009 -999.0 -999.0 -999.0 -999.0 -999.0 250.16650189767597 -29.76511571774011 250.24735583029383 -29.81672456013779 78.69047234622188 97.2332172675907 -999.0 5400.0 -999.0 1 352 {-999.0 -999.0 -999.0 -999.0 -999.0} "" -999.0 -999.0 -999.0 -999.0 -999 -999 "" "" "" "" 0 0 0.0 0.0 -999 ""
FIBERMAP 89 R-9C1 METROLOGY 0 0 0 1 0 0 -197.67002471630326 -189.2262586430944 143.1 138.2328823216287 -236.15034085367944 271.96793 88.90009 -999.0 -999.0 -999.0 -999.0 -999.0 250.16458515919302 -29.763699244688006 250.24544812315025 -29.815313304646498 78.69214816065335 97.22614575870648 -999.0 6231.0 -999.0 -1 -999 {-999.0 -999.0 -999.0 -999.0 -999.0} "" -999.0 -999.0 -999.0 -999.0 -999 -999 "" "" "" "" 0 0 0.0 0.0 -999 ""
FIBERMAP 92 R-1C26 APOGEE 1 1 0 1 0 0 291.0965713286629 -22.137927262045924 143.1 89.02631864252591 278.02205678904085 330.51093 131.93155 249.9932259284647 -28.20940157678713 -5.3927183 -3.10639 0.104272164 249.99320150509567 -28.209421614433705 250.06914942988328 -28.261886973832706 78.76412575598853 89.24201014288218 16000.0 16600.0 2016.0 2 229 {-999.0 16.460001 14.264382 14.277466 -999.0} sdss_psfmag_ps1 15.361489 12.569405 11.122052 7.435 63050396383383495 1156855969 bright_1x1 mwm_galactic_core_dist_apogee_extra mwm_galactic science 0 0 0.0 0.0 -999 ""
FIBERMAP 92 R-1C26 BOSS 0 0 0 1 0 0 291.28755376685564 -22.907988675374614 143.1 89.81965153810967 278.0292858108292 330.51093 131.93155 -999.0 -999.0 -999.0 -999.0 -999.0 249.99595396335909 -28.20943935831086 250.0718544721242 -28.26190318777303 78.76176239359059 89.24356218191485 -999.0 5400.0 -999.0 1 338 {-999.0 -999.0 -999.0 -999.0 -999.0} "" -999.0 -999.0 -999.0 -999.0 -999 -999 "" "" "" "" 0 0 0.0 0.0 -999 ""
FIBERMAP 92 R-1C26 METROLOGY 0 0 0 1 0 0 290.547896167266 -22.65864750854341 143.1 89.4056191814602 277.36761872796023 330.51093 131.93155 -999.0 -999.0 -999.0 -999.0 -999.0 249.99454976166604 -28.21135916259715 250.07046957678403 -28.263824386734772 78.76320409332017 89.25259762561637 -999.0 6231.0 -999.0 -1 -999 {-999.0 -999.0 -999.0 -999.0 -999.0} "" -999.0 -999.0 -999.0 -999.0 -999 -999 "" "" "" "" 0 0 0.0 0.0 -999 ""
FIBERMAP 101 R-9C6 APOGEE 1 1 0 1 0 0 -63.80651443917733 -177.80606801327949 143.1 158.16125756589682 -103.29106761903114 1.3389661 102.60137 250.2343236455163 -29.362507344061466 -1.1970421 -8.886366 2.997089 250.2343220773088 -29.3625260116677 250.31395255522602 -29.41408460090643 78.63135900212706 95.18614569651993 16000.0 16600.0 2016.0 2 181 {-999.0 11.351563 11.019381 10.902994 -999.0} sdss_psfmag_from_g3xp 11.306308 11.023206 10.569745 9.833 63050396382958459 975297385 "" ops_std_apogee ops_std standard_apogee 0 0 0.0 0.0 -999 ""
FIBERMAP 101 R-9C6 BOSS 0 0 0 1 0 0 -63.63237942134471 -178.5408403627066 143.1 158.91635798765475 -103.2920444195454 1.3389661 102.60137 -999.0 -999.0 -999.0 -999.0 -999.0 250.23704713303937 -29.362551721047723 250.3166287834988 -29.414104608231508 78.62902867944119 95.1864932298376 -999.0 5400.0 -999.0 1 374 {-999.0 -999.0 -999.0 -999.0 -999.0} "" -999.0 -999.0 -999.0 -999.0 -999 -999 "" "" "" "" 0 0 0.0 0.0 -999 ""
FIBERMAP 101 R-9C6 METROLOGY 0 0 0 1 0 0 -64.322263073265 -178.3389966121258 143.1 158.5600675867685 -103.91630803057441 1.3389661 102.60137 -999.0 -999.0 -999.0 -999.0 -999.0 250.2358220591986 -29.364459926853737 250.3154235561584 -29.41601498149801 78.63011791110283 95.19607063955067 -999.0 6231.0 -999.0 -1 -999 {-999.0 -999.0 -999.0 -999.0 -999.0} "" -999.0 -999.0 -999.0 -999.0 -999 -999 "" "" "" "" 0 0 0.0 0.0 -999 ""
FIBERMAP 105 R-2C23 APOGEE 1 1 0 1 0 0 241.1395165346445 -47.02248617213707 143.1 101.64915453923061 223.65830973214082 15.6617985 68.576546 250.03702237114126 -28.37271011515297 -0.009172431 -2.1551223 0.18526348 250.03703387302997 -28.3727228977908 250.11349995297246 -28.42503653546166 78.74379587593037 90.09585573146285 16000.0 16600.0 2016.0 2 203 {-999.0 15.197823 13.708408 12.985292 -999.0} sdss_psfmag_from_g3xp 14.574586 13.55385 12.556579 10.125 63050396383267348 1153033094 bright_1x1 mwm_galactic_core_dist_apogee_sparse mwm_galactic science 0 0 0.0 0.0 -999 ""
FIBERMAP 105 R-2C23 BOSS 0 0 0 1 0 0 241.04367011267595 -47.77219206679504 143.1 102.35618438956942 223.39125471502453 15.6617985 68.576546 -999.0 -999.0 -999.0 -999.0 -999.0 250.0395242119427 -28.37350728660501 250.11594498137026 -28.425819212236345 78.74174069924283 90.10100998509233 -999.0 5400.0 -999.0 1 286 {-999.0 -999.0 -999.0 -999.0 -999.0} "" -999.0 -999.0 -999.0 -999.0 -999 -999 "" "" "" "" 0 0 0.0 0.0 -999 ""
FIBERMAP 105 R-2C23 METROLOGY 0 0 0 1 0 0 240.45812736797123 -47.30925323369756 143.1 101.77011413664076 222.92902172420293 15.6617985 68.576546 -999.0 -999.0 -999.0 -999.0 -999.0 250.03752170699207 -28.37485609527028 250.11395996411147 -28.42717119291116 78.74361974119199 90.10694960307768 -999.0 6231.0 -999.0 -1 -999 {-999.0 -999.0 -999.0 -999.0 -999.0} "" -999.0 -999.0 -999.0 -999.0 -999 -999 "" "" "" "" 0 0 0.0 0.0 -999 ""
FIBERMAP 109 R-5C5 APOGEE 1 0 1 1 0 0 -148.20241250081438 -89.77476557604028 143.1 52.963971551788006 -164.97392484524164 23.993769 163.68921 249.85126015344738 -29.579694758892213 -2.4722202 -5.401466 0.07845658 249.8682753653131 -29.54976502975424 249.948421165421 -29.60215571403192 78.95155537771424 96.13545983694098 16000.0 16600.0 2016.0 2 295 {-999.0 15.408304 13.879097 13.157298 -999.0} sdss_psfmag_from_g3xp 14.757876 13.731371 12.737184 10.324 63050396382601124 1156251532 bright_1x1 mwm_galactic_core_dist_apogee_extra mwm_galactic science 0 0 0.0 0.0 -999 ""
FIBERMAP 109 R-5C5 BOSS 0 0 1 1 0 0 -147.4994901894472 -89.50564825957005 143.1 52.86517275753017 -164.2277833526597 23.993769 163.68921 -999.0 -999.0 -999.0 -999.0 -999.0 249.86800754076316 -29.54757098591833 249.94809811673372 -29.59996299977618 78.95183296750655 96.12401559935131 -999.0 5400.0 -999.0 1 486 {-999.0 -999.0 -999.0 -999.0 -999.0} "" -999.0 -999.0 -999.0 -999.0 -999 -999 "" "" "" "" 0 0 0.0 0.0 -999 ""
FIBERMAP 109 R-5C5 METROLOGY 0 0 1 1 0 0 -147.6178247272412 -90.24271371490244 143.1 53.55469303095151 -164.51378220738613 23.993769 163.68921 -999.0 -999.0 -999.0 -999.0 -999.0 249.87040197048327 -29.54845618826141 249.950509564041 -29.60084215150716 78.94973761823192 96.12862000597806 -999.0 6231.0 -999.0 -1 -999 {-999.0 -999.0 -999.0 -999.0 -999.0} "" -999.0 -999.0 -999.0 -999.0 -999 -999 "" "" "" "" 0 0 0.0 0.0 -999 ""
FIBERMAP 111 R+1C26 APOGEE 0 0 1 1 0 0 281.0542071044506 27.08170795110248 143.1 38.821118255286926 279.66551516019837 9.000613 169.89601 -999.0 -999.0 -999.0 -999.0 -999.0 249.82108213006646 -28.204044726782598 249.89697804440618 -28.256926999031027 78.91407395668725 89.12216671706233 -999.0 16600.0 -999.0 2 107 {-999.0 -999.0 -999.0 -999.0 -999.0} "" -999.0 -999.0 -999.0 -999.0 -999 -999 "" "" "" "" 0 0 0.0 0.0 -999 ""
FIBERMAP 111 R+1C26 BOSS 1 0 1 1 0 0 281.7988613589901 27.064875119248402 143.1 39.01014408460815 280.3859509299995 9.000613 169.89601 249.81510268794023 -28.208929365853848 -24.50078 -12.557874 2.7859938 249.82177468632827 -28.201908024769047 249.89761674188037 -28.254794310778937 78.91325764181042 89.11151069689993 5400.0 5400.0 2016.0 1 183 {-999.0 14.530784 13.5883465 13.144785 -999.0} sdss_psfmag_from_g3xp 14.221463 13.56368 12.771687 11.189 63050396383302487 1078094244 bright_flexible_2x1 mwm_snc_ext_main_boss mwm_snc science 0 0 1.2769142389297485 0.0 -999 ""
FIBERMAP 111 R+1C26 METROLOGY 0 0 1 1 0 0 281.42340914087436 26.42113809667964 143.1 39.54926795215683 279.87148781024797 9.000613 169.89601 -999.0 -999.0 -999.0 -999.0 -999.0 249.82361889745923 -28.20339794880352 249.89947938319006 -28.256277923422633 78.91180839915339 89.12020061748836 -999.0 6231.0 -999.0 -1 -999 {-999.0 -999.0 -999.0 -999.0 -999.0} "" -999.0 -999.0 -999.0 -999.0 -999 -999 "" "" "" "" 0 0 0.0 0.0 -999 ""
FIBERMAP 112 R-4C23 APOGEE 1 1 0 1 0 0 254.9091310105444 -91.71604868067729 143.1 148.31594649760999 226.68980969975183 323.80402 91.66506 250.19714489026435 -28.363902707354963 -4.026045 -6.969748 0.10873254 250.19714795238147 -28.363951621766926 250.27361905911414 -28.41588080608721 78.6027999635383 90.12581754805967 16000.0 16600.0 2016.0 2 237 {-999.0 16.077475 14.369718 13.36563 -999.0} sdss_psfmag_from_g3xp 15.31656 14.020861 12.908344 10.227 63050396383332567 1153033337 bright_1x1 mwm_galactic_core_dist_apogee_sparse mwm_galactic science 0 0 0.0 0.0 -999 ""
FIBERMAP 112 R-4C23 BOSS 0 0 0 1 0 0 254.50682921618784 -92.34052267017299 143.1 148.83010764360492 226.1536957567864 323.80402 91.66506 -999.0 -999.0 -999.0 -999.0 -999.0 250.19896497986522 -28.365568368734195 250.27539262447306 -28.417497319317228 78.60142161081343 90.13479342144001 -999.0 5400.0 -999.0 1 347 {-999.0 -999.0 -999.0 -999.0 -999.0} "" -999.0 -999.0 -999.0 -999.0 -999 -999 "" "" "" "" 0 0 0.0 0.0 -999 ""
FIBERMAP 112 R-4C23 METROLOGY 0 0 0 1 0 0 254.16600808375222 -91.65429151409148 143.1 148.08357700862766 225.9812794368685 323.80402 91.66506 -999.0 -999.0 -999.0 -999.0 -999.0 250.19642782835146 -28.366038637310208 250.27287029331922 -28.417972280149765 78.60367801435312 90.13598557619008 -999.0 6231.0 -999.0 -1 -999 {-999.0 -999.0 -999.0 -999.0 -999.0} "" -999.0 -999.0 -999.0 -999.0 -999 -999 "" "" "" "" 0 0 0.0 0.0 -999 ""
FIBERMAP 113 R-7C11 APOGEE 1 1 0 1 0 0 4.104522677963607 -124.18265244101504 143.1 121.74635078887584 -24.79989598602549 125.140854 113.07803 250.10758466687403 -29.124852636458122 5.739016 0.7255719 0.69023347 250.1079575892516 -29.124863236348407 250.186805264873 -29.17679420434235 78.73490319797084 93.96010607307574 16000.0 16600.0 2016.0 2 167 {-999.0 11.878881 10.112897 9.146798 -999.0} sdss_psfmag_from_g3xp 11.081537 9.798201 8.694533 6.015 63050396382976654 1153032877 bright_1x1 mwm_galactic_core_dist_apogee_sparse mwm_galactic science 0 0 1.0262675285339355 0.0 -999 ""
FIBERMAP 113 R-7C11 BOSS 0 0 0 1 0 0 4.48644884854009 -123.54686706762982 143.1 121.21646265506813 -24.280979170647814 125.140854 113.07803 -999.0 -999.0 -999.0 -999.0 -999.0 250.1062386133682 -29.123301188939905 250.18503208862126 -29.175238494265592 78.73638672310473 93.95182543222745 -999.0 5400.0 -999.0 1 400 {-999.0 -999.0 -999.0 -999.0 -999.0} "" -999.0 -999.0 -999.0 -999.0 -999 -999 "" "" "" "" 0 0 0.0 0.0 -999 ""
FIBERMAP 113 R-7C11 METROLOGY 0 0 0 1 0 0 4.848855789440477 -124.20006235950704 143.1 121.93586350191934 -24.079906398591522 125.140854 113.07803 -999.0 -999.0 -999.0 -999.0 -999.0 250.1087338044052 -29.122691311379388 250.18753973057323 -29.174622264809763 78.73417386811253 93.94913129077963 -999.0 6231.0 -999.0 -1 -999 {-999.0 -999.0 -999.0 -999.0 -999.0} "" -999.0 -999.0 -999.0 -999.0 -999 -999 "" "" "" "" 0 0 0.0 0.0 -999 ""
FIBERMAP 116 R+4C14 APOGEE 0 0 0 1 0 0 51.989043400721116 62.23570597214462 143.1 -48.483839012110415 65.00037008262747 322.93845 85.41926 -999.0 -999.0 -999.0 -999.0 -999.0 249.51781995869555 -28.851385144297897 249.59567375857318 -28.904816904088328 79.23705452539842 92.39893981236065 -999.0 16600.0 -999.0 2 -999 {-999.0 -999.0 -999.0 -999.0 -999.0} "" -999.0 -999.0 -999.0 -999.0 -999 -999 "" "" "" "" 0 0 0.0 0.0 -999 ""
FIBERMAP 116 R+4C14 BOSS 1 1 0 1 0 0 51.5037886847897 61.66453228937952 143.1 -48.04075712726419 64.3959243169802 322.93845 85.41926 249.51912718180506 -28.85319508261064 -0.69128054 -0.41906378 0.3706378 249.51936013854655 -28.85318383668173 249.5971734561782 -28.906613919762776 79.23585619930994 92.40898142813234 5400.0 5400.0 2016.0 1 165 {-999.0 16.595661 15.44353 14.956343 -999.0} sdss_psfmag_ps1 16.099127 15.341832 14.475183 12.455 63050396383232593 1075848845 bright_1x1 mwm_erosita_stars_boss mwm_erosita science 0 0 0.7637535333633423 0.0 -999 ""
FIBERMAP 116 R+4C14 METROLOGY 0 0 0 1 0 0 51.254768648715824 62.3783201557438 143.1 -48.79280807389485 64.31919374736634 322.93845 85.41926 -999.0 -999.0 -999.0 -999.0 -999.0 249.51673396966723 -28.853402942648717 249.59456056107013 -28.906838569982426 79.23815309403764 92.40941995358833 -999.0 6231.0 -999.0 -1 -999 {-999.0 -999.0 -999.0 -999.0 -999.0} "" -999.0 -999.0 -999.0 -999.0 -999 -999 "" "" "" "" 0 0 0.0 0.0 -999 ""
FIBERMAP 121 R+6C3 APOGEE 1 1 0 1 0 0 -188.44910264538203 100.55154843232125 143.1 -141.5012683303671 -159.99438777306545 278.46304 73.13954 249.19112694017934 -29.531800289392777 -7.4810653 -6.5977964 0.11372097 249.19109297200185 -29.531814052594275 249.27101974622576 -29.58584163842232 79.54059946172424 96.05050557035099 16000.0 16600.0 2016.0 2 18 {-999.0 15.228389 13.728465 13.010226 -999.0} sdss_psfmag_from_g3xp 14.602302 13.582956 12.589448 10.189 63050396382772286 1153032759 bright_1x1 mwm_galactic_core_dist_apogee_sparse mwm_galactic science 0 0 0.0 0.0 -999 ""
FIBERMAP 121 R+6C3 BOSS 0 0 0 1 0 0 -189.16843624666686 100.65409772716204 143.1 -141.76780136701112 -160.6703198502716 278.46304 73.13954 -999.0 -999.0 -999.0 -999.0 -999.0 249.19016629854957 -29.533883158942043 249.27005389615454 -29.587912268354707 79.5414329960631 96.06192619962587 -999.0 5400.0 -999.0 1 26 {-999.0 -999.0 -999.0 -999.0 -999.0} "" -999.0 -999.0 -999.0 -999.0 -999 -999 "" "" "" "" 0 0 0.0 0.0 -999 ""
FIBERMAP 121 R+6C3 METROLOGY 0 0 0 1 0 0 -188.71503148299857 101.24640149647796 143.1 -142.2388214548313 -160.09195597658623 278.46304 73.13954 -999.0 -999.0 -999.0 -999.0 -999.0 249.18850131350578 -29.53214646203196 249.26839588457517 -29.586180101791943 79.5428801857602 96.0524079268838 -999.0 6231.0 -999.0 -1 -999 {-999.0 -999.0 -999.0 -999.0 -999.0} "" -999.0 -999.0 -999.0 -999.0 -999 -999 "" "" "" "" 0 0 0.0 0.0 -999 ""
FIBERMAP 127 R-1C2 APOGEE 0 0 0 1 0 0 -249.62797755020006 -3.5166017820510316 143.1 -54.45697372074267 -243.63295679099815 96.71668 78.961685 -999.0 -999.0 -999.0 -999.0 -999.0 249.49304119393878 -29.78594097760715 249.57385279358516 -29.83917049486071 79.27421167596123 97.40945082449923 -999.0 16600.0 -999.0 2 -999 {-999.0 -999.0 -999.0 -999.0 -999.0} "" -999.0 -999.0 -999.0 -999.0 -999 -999 "" "" "" "" 0 0 0.0 0.0 -999 ""
FIBERMAP 127 R-1C2 BOSS 1 1 0 1 0 0 -248.89538713138404 -3.576994319530936 143.1 -54.22837365154951 -242.93435529076905 96.71668 78.961685 249.49388367676826 -29.78385035550402 -3.151259 -4.0375557 0.044221494 249.49388686994953 -29.783865049558074 249.57464521257464 -29.837092157620457 79.2735734768424 97.39819989251208 5400.0 5400.0 2016.0 1 512 {-999.0 17.685425 17.103897 16.842821 16.685442} sdss_psfmag_from_ps1dr2 17.4852 17.0911 16.4719 15.42 63050396382590575 1040587883 "" ops_std_boss_ps1dr2 ops_std standard_boss 0 0 0.0 0.0 -999 ""
FIBERMAP 127 R-1C2 METROLOGY 0 0 0 1 0 0 -249.3050277814526 -4.191288126704645 143.1 -53.725816506098866 -243.47524753846665 96.71668 78.961685 -999.0 -999.0 -999.0 -999.0 -999.0 249.49560912563595 -29.785541294522698 249.57638651670254 -29.838764048883593 79.27202407596917 97.40698864890055 -999.0 6231.0 -999.0 -1 -999 {-999.0 -999.0 -999.0 -999.0 -999.0} "" -999.0 -999.0 -999.0 -999.0 -999 -999 "" "" "" "" 0 0 0.0 0.0 -999 ""
FIBERMAP 133 R-7C18 APOGEE 1 1 0 1 0 0 167.92641421206542 -144.27544421266919 143.1 179.27398685103893 129.89397198317306 216.89244 157.97224 250.30523334657528 -28.65592891670263 -2.7314405 -3.8204076 0.073622294 250.30523886494177 -28.655927392681942 250.38264723184125 -28.707513076307965 78.53500365161369 91.63639566439065 16000.0 16600.0 2016.0 2 222 {-999.0 16.0849 14.312555 13.395375 -999.0} sdss_psfmag_from_g3xp 15.278591 14.029044 12.938582 10.203 63050396383019603 1153032803 bright_1x1 mwm_galactic_core_dist_apogee_sparse mwm_galactic science 0 0 0.0 0.0 -999 ""
FIBERMAP 133 R-7C18 BOSS 0 0 0 1 0 0 167.19153232771467 -144.46426738225145 143.1 179.2872720830152 129.1353594851301 216.89244 157.97224 -999.0 -999.0 -999.0 -999.0 -999.0 250.3053872788456 -28.658191665288108 250.38275337148195 -28.709779912297304 78.53509658215862 91.64780010390541 -999.0 5400.0 -999.0 1 320 {-999.0 -999.0 -999.0 -999.0 -999.0} "" -999.0 -999.0 -999.0 -999.0 -999 -999 "" "" "" "" 0 0 0.0 0.0 -999 ""
FIBERMAP 133 R-7C18 METROLOGY 0 0 0 1 0 0 167.39297219664192 -143.7495225215826 143.1 178.63873188591705 129.497021232646 216.89244 157.97224 -999.0 -999.0 -999.0 -999.0 -999.0 250.303168267228 -28.657078698195054 250.38054442245107 -28.708671620535316 78.53693673915498 91.64144448400714 -999.0 6231.0 -999.0 -1 -999 {-999.0 -999.0 -999.0 -999.0 -999.0} "" -999.0 -999.0 -999.0 -999.0 -999 -999 "" "" "" "" 0 0 0.0 0.0 -999 ""
FIBERMAP 135 R-9C8 APOGEE 1 1 0 1 0 0 -52.74532107020804 -184.6281668092718 143.1 167.3618347014194 -94.11338790621164 274.1834 32.038677 250.26623069206124 -29.334635856257652 -5.67299 -3.1932342 1.8964993 250.26620872842022 -29.33463220226774 250.34575723013722 -29.386121485379434 78.60303853720087 95.04760242531688 16000.0 16600.0 2016.0 2 189 {-999.0 11.349301 11.149491 11.097146 -999.0} sdss_psfmag_from_g3xp 11.353176 11.133359 10.76492 10.17 63050396382958887 975297384 "" ops_std_apogee ops_std standard_apogee 0 0 0.0 0.0 -999 ""
FIBERMAP 135 R-9C8 BOSS 0 0 0 1 0 0 -53.19857347378265 -184.05535913769202 143.1 166.69956530938114 -94.42146600694274 274.1834 32.038677 -999.0 -999.0 -999.0 -999.0 -999.0 250.26402252426405 -29.33560095845326 250.3435240475336 -29.387096267979025 78.60500664321125 95.05230410302318 -999.0 5400.0 -999.0 1 386 {-999.0 -999.0 -999.0 -999.0 -999.0} "" -999.0 -999.0 -999.0 -999.0 -999 -999 "" "" "" "" 0 0 0.0 0.0 -999 ""
FIBERMAP 135 R-9C8 METROLOGY 0 0 0 1 0 0 -52.446935057319095 -183.94506818878375 143.1 166.76655487283534 -93.6647622617031 274.1834 32.038677 -999.0 -999.0 -999.0 -999.0 -999.0 250.26426594924254 -29.333321902121018 250.34377431868586 -29.384816983684242 78.60473520144758 95.0407967902737 -999.0 6231.0 -999.0 -1 -999 {-999.0 -999.0 -999.0 -999.0 -999.0} "" -999.0 -999.0 -999.0 -999.0 -999 -999 "" "" "" "" 0 0 0.0 0.0 -999 ""
FIBERMAP 137 R-11C13 APOGEE 1 1 0 1 0 0 85.3247659942715 -222.5575799241632 143.1 236.26877327165846 31.395717872592805 245.45657 78.3274 250.50297961026797 -28.953717712900563 -1.2276002 -2.998336 -0.0070067355 250.50297650187062 -28.953703804353523 250.5813647068377 -29.00472702153452 78.38208676243717 93.17895887613406 16000.0 16600.0 2016.0 2 184 {-999.0 15.644632 13.865236 11.899837 -999.0} sdss_psfmag_from_g3xp 14.871177 12.616403 11.26923 7.968 63050396382999616 1153032970 bright_1x1 mwm_galactic_core_dist_apogee_sparse mwm_galactic science 0 0 0.0 0.0 -999 ""
FIBERMAP 137 R-11C13 BOSS 0 0 0 1 0 0 84.81935599727319 -222.02923882771063 143.1 235.63766428694848 31.026595321990506 245.45657 78.3274 -999.0 -999.0 -999.0 -999.0 -999.0 250.50089771667658 -28.954820884006224 250.57923871257128 -29.00585134725369 78.3840074986735 93.1840038208199 -999.0 5400.0 -999.0 1 377 {-999.0 -999.0 -999.0 -999.0 -999.0} "" -999.0 -999.0 -999.0 -999.0 -999 -999 "" "" "" "" 0 0 0.0 0.0 -999 ""
FIBERMAP 137 R-11C13 METROLOGY 0 0 0 1 0 0 85.55067269603674 -221.8529353005271 143.1 235.6357305276737 31.778837151296894 245.45657 78.3274 -999.0 -999.0 -999.0 -999.0 -999.0 250.5009083360639 -28.95253917836816 250.57925637132007 -29.003569548611146 78.38386117325291 93.17269453236753 -999.0 6231.0 -999.0 -1 -999 {-999.0 -999.0 -999.0 -999.0 -999.0} "" -999.0 -999.0 -999.0 -999.0 -999 -999 "" "" "" "" 0 0 0.0 0.0 -999 ""
FIBERMAP 139 R+9C14 APOGEE 1 1 0 1 0 0 87.61001032995665 182.0860111975993 143.1 -156.80546215012177 127.43748384178947 165.16782 101.90927 249.14499189631903 -28.66071825671401 -1.3343906 -1.8893701 0.36045182 249.14500736064727 -28.660714701629292 249.22217812400493 -28.715096879213274 79.55010281759358 91.24505094865378 16000.0 16600.0 2016.0 2 95 {-999.0 15.382581 13.595796 12.698548 -999.0} sdss_psfmag_from_g3xp 14.566832 13.32335 12.234561 9.504 63050396383282943 1156251667 bright_1x1 mwm_galactic_core_dist_apogee_extra mwm_galactic science 0 0 0.0 0.0 -999 ""
FIBERMAP 139 R+9C14 BOSS 0 0 0 1 0 0 87.74839077309944 182.79299904714267 143.1 -157.46107764199905 127.73600804811761 165.16782 101.90927 -999.0 -999.0 -999.0 -999.0 -999.0 249.14275755347438 -28.659764850064228 249.21987987574687 -28.714155828240095 79.55203773860895 91.2389997517401 -999.0 5400.0 -999.0 1 169 {-999.0 -999.0 -999.0 -999.0 -999.0} "" -999.0 -999.0 -999.0 -999.0 -999 -999 "" "" "" "" 0 0 0.0 0.0 -999 ""
FIBERMAP 139 R+9C14 METROLOGY 0 0 0 1 0 0 88.3141385487568 182.31421537501944 143.1 -156.8641844035303 128.17531240326525 165.16782 101.90927 -999.0 -999.0 -999.0 -999.0 -999.0 249.14478933690054 -28.658427565432472 249.22192068712036 -28.712813152496967 79.55014721427192 91.23240076190825 -999.0 6231.0 -999.0 -1 -999 {-999.0 -999.0 -999.0 -999.0 -999.0} "" -999.0 -999.0 -999.0 -999.0 -999 -999 "" "" "" "" 0 0 0.0 0.0 -999 ""
FIBERMAP 141 R-12C15 APOGEE 1 1 0 1 0 0 138.3597075468474 -228.31759036909952 143.1 254.16808504320986 81.64826671626052 208.71555 65.484924 250.56335372855912 -28.80154872012045 -4.452998 -4.8929553 0.06186316 250.56334363202689 -28.801558928485957 250.64126281817198 -28.85247871797327 78.32003856399136 92.4430647454289 16000.0 16600.0 2016.0 2 234 {-999.0 16.957365 15.136496 13.870915 -999.0} sdss_psfmag_ps1 16.092384 14.480408 13.26694 10.384 63050396383128277 1154245787 bright_1x1 mwm_galactic_core_dist_apogee_sparse mwm_galactic science 0 0 0.0 0.0 -999 ""
FIBERMAP 141 R-12C15 BOSS 0 0 0 1 0 0 138.3018978798781 -227.59704006562865 143.1 253.45378934051743 81.75909781243116 208.71555 65.484924 -999.0 -999.0 -999.0 -999.0 -999.0 250.56094311915606 -28.801226107909386 250.63881029482388 -28.852154930446215 78.32215850094559 92.44072164819778 -999.0 5400.0 -999.0 1 344 {-999.0 -999.0 -999.0 -999.0 -999.0} "" -999.0 -999.0 -999.0 -999.0 -999 -999 "" "" "" "" 0 0 0.0 0.0 -999 ""
FIBERMAP 141 R-12C15 METROLOGY 0 0 0 1 0 0 138.96706761740415 -227.8697541714234 143.1 253.87328654907674 82.34289006932404 208.71555 65.484924 -999.0 -999.0 -999.0 -999.0 -999.0 250.56240523287767 -28.799444425671958 250.64028137494802 -28.850369327251318 78.32074728442743 92.4323713312902 -999.0 6231.0 -999.0 -1 -999 {-999.0 -999.0 -999.0 -999.0 -999.0} "" -999.0 -999.0 -999.0 -999.0 -999 -999 "" "" "" "" 0 0 0.0 0.0 -999 ""
FIBERMAP 143 R-8C14 APOGEE 0 0 0 1 0 0 96.58692153773465 -150.36805169600038 143.1 168.65991720926172 59.08816239776317 345.2019 157.22705 -999.0 -999.0 -999.0 -999.0 -999.0 250.26972095285873 -28.87025969515364 250.34779743025194 -28.921871042211972 78.5810605694071 92.70290972130152 -999.0 16600.0 -999.0 2 -999 {-999.0 -999.0 -999.0 -999.0 -999.0} "" -999.0 -999.0 -999.0 -999.0 -999 -999 "" "" "" "" 0 0 0.0 0.0 -999 ""
FIBERMAP 143 R-8C14 BOSS 1 1 0 1 0 0 97.17626635245314 -150.83136063368988 143.1 169.24722900065336 59.55400791950303 345.2019 157.22705 250.27186565705566 -28.86873180616456 -4.3826294 -28.218615 0.66266257 250.27185863579825 -28.868822709549374 250.34988162380625 -28.920432047401782 78.57914847814851 92.69624267573278 5400.0 5400.0 2016.0 1 273 {-999.0 17.550688 16.494738 16.051348 -999.0} sdss_psfmag_ps1 17.15902 16.47058 15.646639 14.01 63050396383012423 1074641498 dark_flexible_2x1 mwm_halo_local_high_boss mwm_halo science 0 0 0.0 0.0 -999 ""
FIBERMAP 143 R-8C14 METROLOGY 0 0 0 1 0 0 96.4921814954698 -151.1100237582694 143.1 169.35968074234893 58.823976708103416 345.2019 157.22705 -999.0 -999.0 -999.0 -999.0 -999.0 250.27226616784708 -28.871027937057704 250.35031019956523 -28.92263488155214 78.57891414798038 92.70746512578637 -999.0 6231.0 -999.0 -1 -999 {-999.0 -999.0 -999.0 -999.0 -999.0} "" -999.0 -999.0 -999.0 -999.0 -999 -999 "" "" "" "" 0 0 0.0 0.0 -999 ""
FIBERMAP 145 R-10C1 APOGEE 1 1 0 1 0 0 -194.11792767173995 -202.97515568731288 143.1 152.43025464916477 -235.88291058974426 240.7601 84.04692 250.21386492127053 -29.762617790408413 -0.14219998 -3.748977 0.531011 250.21385395754203 -29.762619387363646 250.29475998352757 -29.814115015656544 78.64938502884267 97.21690909141523 16000.0 16600.0 2016.0 2 259 {-999.0 12.519935 10.96079 10.136082 -999.0} sdss_psfmag_from_g3xp 11.854586 10.750051 9.711795 7.26 63050396382862012 1156251525 bright_1x1 mwm_galactic_core_dist_apogee_extra mwm_galactic science 0 0 0.0 0.0 -999 ""
FIBERMAP 145 R-10C1 BOSS 0 0 0 1 0 0 -194.702896502497 -202.51086890034998 143.1 151.8430062824651 -236.34427279356763 240.7601 84.04692 -999.0 -999.0 -999.0 -999.0 -999.0 250.21184664205907 -29.76399837904662 250.2927070405184 -29.815497862725948 78.65114644626375 97.22406351295757 -999.0 5400.0 -999.0 1 353 {-999.0 -999.0 -999.0 -999.0 -999.0} "" -999.0 -999.0 -999.0 -999.0 -999 -999 "" "" "" "" 0 0 0.0 0.0 -999 ""
FIBERMAP 145 R-10C1 METROLOGY 0 0 0 1 0 0 -194.01933865009158 -202.23803376571817 143.1 151.73610134222616 -235.61610546087041 240.7601 84.04692 -999.0 -999.0 -999.0 -999.0 -999.0 250.21150312901187 -29.761860912045396 250.2923706441593 -29.813362007251087 78.65146853550736 97.2132315487977 -999.0 6231.0 -999.0 -1 -999 {-999.0 -999.0 -999.0 -999.0 -999.0} "" -999.0 -999.0 -999.0 -999.0 -999 -999 "" "" "" "" 0 0 0.0 0.0 -999 ""
FIBERMAP 149 R-10C17 APOGEE 1 1 0 1 0 0 175.31423271089386 -187.7056053672228 143.1 223.23219074004794 127.01071112126324 42.441753 172.89449 250.4562476335547 -28.66462176886621 -3.5273278 -7.1343775 0.715032 250.45622138031956 -28.66463165737616 250.53368748462356 -28.715849454307072 78.40366057470058 91.73219327095433 16000.0 16600.0 2016.0 2 191 {-999.0 12.77354 11.226065 10.513828 -999.0} sdss_psfmag_from_g3xp 12.115172 11.091113 10.099679 7.833 63050396383143792 1153033076 bright_1x1 mwm_galactic_core_dist_apogee_sparse mwm_galactic science 0 0 0.0 0.0 -999 ""
FIBERMAP 149 R-10C17 BOSS 0 0 0 1 0 0 175.9005890031056 -187.21422520551735 143.1 222.89016640788597 127.69499963255033 42.441753 172.89449 -999.0 -999.0 -999.0 -999.0 -999.0 250.45509217746317 -28.66255723456124 250.53250152019825 -28.71378195000609 78.40452821987833 91.72151905354815 -999.0 5400.0 -999.0 1 264 {-999.0 -999.0 -999.0 -999.0 -999.0} "" -999.0 -999.0 -999.0 -999.0 -999 -999 "" "" "" "" 0 0 0.0 0.0 -999 ""
FIBERMAP 149 R-10C17 METROLOGY 0 0 0 1 0 0 176.01729053357926 -187.95456180268698 143.1 223.63736299969847 127.63686614649654 42.441753 172.89449 -999.0 -999.0 -999.0 -999.0 -999.0 250.45768601602083 -28.662710055784398 250.5351105203074 -28.71392742742203 78.40225962329274 91.72317166187264 -999.0 6231.0 -999.0 -1 -999 {-999.0 -999.0 -999.0 -999.0 -999.0} "" -999.0 -999.0 -999.0 -999.0 -999 -999 "" "" "" "" 0 0 0.0 0.0 -999 ""
FIBERMAP 152 R+6C16 APOGEE 0 0 0 1 0 0 98.24841381170103 112.638827493614 143.1 -86.78636736354953 121.683933900178 205.0109 108.18609 -999.0 -999.0 -999.0 -999.0 -999.0 249.38636145437377 -28.679080269138133 249.46364507282738 -28.732876833511572 79.34039553369009 91.43246487060645 -999.0 16600.0 -999.0 2 -999 {-999.0 -999.0 -999.0 -999.0 -999.0} "" -999.0 -999.0 -999.0 -999.0 -999 -999 "" "" "" "" 0 0 0.0 0.0 -999 ""
FIBERMAP 152 R+6C16 BOSS 1 1 0 1 0 0 97.741258023073 113.1729987047218 143.1 -87.42355217690253 121.31446493124899 205.0109 108.18609 249.38415527343744 -28.68014022807975 -999.0 -999.0 -999.0 249.38415426152326 -28.680134470936384 249.46139479230578 -28.733939188787684 79.34244537068614 91.43736161887375 5400.0 5400.0 2015.5 1 223 {-999.0 -999.0 -999.0 -999.0 -999.0} "" -999.0 -999.0 -999.0 -999.0 27021603175324621 852029493 "" ops_sky_boss_fallback ops_sky sky_boss 0 0 0.0 0.0 -999 ""
FIBERMAP 152 R+6C16 METROLOGY 0 0 0 1 0 0 98.46687533962506 113.35421045232437 143.1 -87.431581683726 122.06230086741874 205.0109 108.18609 -999.0 -999.0 -999.0 -999.0 -999.0 249.38411929412624 -28.677856680997557 249.4613656926166 -28.731661238255672 79.34229353324584 91.42507099199281 -999.0 6231.0 -999.0 -1 -999 {-999.0 -999.0 -999.0 -999.0 -999.0} "" -999.0 -999.0 -999.0 -999.0 -999 -999 "" "" "" "" 0 0 0.0 0.0 -999 ""
FIBERMAP 154 R-11C7 APOGEE 0 0 0 1 0 0 -52.03709206287806 -218.83000254273273 143.1 200.79478087480908 -101.3543667357034 239.03214 64.73251 -999.0 -999.0 -999.0 -999.0 -999.0 250.38195465608217 -29.35605966307374 250.4615962935991 -29.407262763599046 78.50262587594115 95.16575828561906 -999.0 16600.0 -999.0 2 172 {-999.0 -999.0 -999.0 -999.0 -999.0} "" -999.0 -999.0 -999.0 -999.0 -999 -999 "" ops_sky_apogee_best_unassigned ops_sky sky_apogee 0 0 0.0 0.0 -999 ""
FIBERMAP 154 R-11C7 BOSS 1 1 0 1 0 0 -52.45303633455934 -218.21224994060034 143.1 200.09744284026723 -101.61573381488691 239.03214 64.73251 250.37953952427458 -29.35687236562557 22.972546 -7.5345955 4.84967 250.37963553291243 -29.356879281855864 250.45922923724538 -29.408088740681613 78.5047058938135 95.16967008176834 5400.0 5400.0 2016.0 1 414 {-999.0 19.810287 18.36097 17.026638 -999.0} sdss_psfmag_ps1 19.102528 17.719053 16.488401 14.157 63050396382930403 1078034630 bright_flexible_2x1 mwm_snc_ext_main_boss mwm_snc science 0 0 0.0 0.0 -999 ""
FIBERMAP 154 R-11C7 METROLOGY 0 0 0 1 0 0 -51.71653011855422 -218.15691392430372 143.1 200.21437956792477 -100.88649103942886 239.03214 64.73251 -999.0 -999.0 -999.0 -999.0 -999.0 250.38005999984432 -29.354687494544677 250.4596609887111 -29.405896272237047 78.50428070624785 95.15871382790783 -999.0 6231.0 -999.0 -1 -999 {-999.0 -999.0 -999.0 -999.0 -999.0} "" -999.0 -999.0 -999.0 -999.0 -999 -999 "" "" "" "" 0 0 0.0 0.0 -999 ""
FIBERMAP 156 R-6C19 APOGEE 1 1 0 1 0 0 177.55869480054037 -138.36391887934212 143.1 175.75703792522626 140.63408419057947 341.015 19.99537 250.29298328729567 -28.623406583070736 -2.3405674 -3.0273728 0.06514198 250.2929546108346 -28.62346797764681 250.3702584359578 -28.675092507534384 78.54312979488944 91.46923916529943 16000.0 16600.0 2016.0 2 223 {-999.0 15.983899 14.463615 13.725522 -999.0} sdss_psfmag_from_g3xp 15.34364 14.3041315 13.298526 10.848 63050396383247543 1153033016 bright_1x1 mwm_galactic_core_dist_apogee_sparse mwm_galactic science 0 0 0.0 0.0 -999 ""
FIBERMAP 156 R-6C19 BOSS 0 0 0 1 0 0 176.83658037443553 -138.41364980543136 143.1 175.63798584230156 139.9201401387526 341.015 19.99537 -999.0 -999.0 -999.0 -999.0 -999.0 250.29264362301544 -28.625595935418048 250.36990471190916 -28.677224295540533 78.54361952964314 91.47980099088272 -999.0 5400.0 -999.0 1 321 {-999.0 -999.0 -999.0 -999.0 -999.0} "" -999.0 -999.0 -999.0 -999.0 -999 -999 "" "" "" "" 0 0 0.0 0.0 -999 ""
FIBERMAP 156 R-6C19 METROLOGY 0 0 0 1 0 0 177.1684166663368 -137.7279228668702 143.1 175.04790503485148 140.40191286005802 341.015 19.99537 -999.0 -999.0 -999.0 -999.0 -999.0 250.29062368945657 -28.624118170384072 250.36789371902773 -28.675750794182946 78.54525280346759 91.4716565226106 -999.0 6231.0 -999.0 -1 -999 {-999.0 -999.0 -999.0 -999.0 -999.0} "" -999.0 -999.0 -999.0 -999.0 -999 -999 "" "" "" "" 0 0 0.0 0.0 -999 ""
FIBERMAP 161 R-11C9 APOGEE 1 1 0 1 0 0 -8.738227490556966 -204.8152518295572 143.1 197.20146401467935 -55.98738628602954 225.46233 29.560152 250.36936367574282 -29.21879753998803 -2.7888463 -5.1088777 0.17015444 250.36933303215153 -29.218795736812126 250.44853482725 -29.270068006053933 78.51013111688806 94.47588927162894 16000.0 16600.0 2016.0 2 174 {-999.0 15.362199 14.018264 13.39622 -999.0} sdss_psfmag_from_g3xp 14.827455 13.928033 12.992074 10.781 63050396382982865 1156251791 bright_1x1 mwm_galactic_core_dist_apogee_extra mwm_galactic science 0 0 0.0 0.0 -999 ""
FIBERMAP 161 R-11C9 BOSS 0 0 0 1 0 0 -8.55961462529801 -204.07949641949827 143.1 196.52719391137842 -55.643057361824745 225.46233 29.560152 -999.0 -999.0 -999.0 -999.0 -999.0 250.36710943307062 -29.21777464678777 250.44625757649112 -29.26905407562849 78.51208186280672 94.47046123340186 -999.0 5400.0 -999.0 1 416 {-999.0 -999.0 -999.0 -999.0 -999.0} "" -999.0 -999.0 -999.0 -999.0 -999 -999 "" "" "" "" 0 0 0.0 0.0 -999 ""
FIBERMAP 161 R-11C9 METROLOGY 0 0 0 1 0 0 -8.02281208823096 -204.61176655639585 143.1 197.16940327929657 -55.24430969407385 225.46233 29.560152 -999.0 -999.0 -999.0 -999.0 -999.0 250.36934436295 -29.216566583235643 250.44850328138818 -29.267840523171373 78.51008245730618 94.46470866716817 -999.0 6231.0 -999.0 -1 -999 {-999.0 -999.0 -999.0 -999.0 -999.0} "" -999.0 -999.0 -999.0 -999.0 -999 -999 "" "" "" "" 0 0 0.0 0.0 -999 ""
FIBERMAP 163 R+5C6 APOGEE 0 0 0 1 1 0 -119.09435249167265 86.13517021194669 143.1 -111.39791387536792 -95.87429528698613 278.64545 128.36702 -999.0 -999.0 -999.0 -999.0 -999.0 249.29670004361557 -29.33858974166832 249.3760394585206 -29.39241737246793 79.44791631009244 94.99297442601386 -999.0 16600.0 -999.0 2 -999 {-999.0 -999.0 -999.0 -999.0 -999.0} "" -999.0 -999.0 -999.0 -999.0 -999 -999 "" "" "" "" 0 0 0.0 0.0 -999 ""
FIBERMAP 163 R+5C6 BOSS 1 0 0 1 1 0 -119.59409882125485 85.58570798403053 143.1 -110.97931107349265 -96.48780338367364 278.64545 128.36702 249.25880542734532 -29.40061480337544 -2.2051735 -1.9781277 0.07994028 249.29813281406032 -29.34050044353244 249.37743277662912 -29.394324727087284 79.44673300649674 95.00349385353206 5400.0 5400.0 2016.0 1 51 {-999.0 16.03838 15.027569 14.527037 -999.0} sdss_psfmag_ps1 15.66154 14.95101 14.122301 12.373 63050396382774822 1071751021 dark_flexible_2x1 mwm_halo_vmp_xp_boss mwm_halo science 0 0 0.8865382671356201 0.0 -999 ""
FIBERMAP 163 R+5C6 METROLOGY 0 0 0 1 1 0 -119.82675854027035 86.28708991696745 143.1 -111.71550131553659 -96.55149636399858 278.64545 128.36702 -999.0 -999.0 -999.0 -999.0 -999.0 249.29554597605343 -29.34068795331925 249.3748589095061 -29.39451822781637 79.4489783092458 95.0043558034829 -999.0 6231.0 -999.0 -1 -999 {-999.0 -999.0 -999.0 -999.0 -999.0} "" -999.0 -999.0 -999.0 -999.0 -999 -999 "" "" "" "" 0 0 0.0 0.0 -999 ""
FIBERMAP 165 R-3C3 APOGEE 1 1 0 1 0 0 -218.5173812418758 -40.683329581923985 143.1 -11.091065832756593 -221.98843412526946 145.15875 73.64925 249.64446023024368 -29.72141567890762 -7.100611 -4.9186816 0.0835502 249.64445280115245 -29.72144503236193 249.72509466812403 -29.77432764133082 79.14429542249496 97.04921256302214 16000.0 16600.0 2016.0 2 241 {-999.0 15.686562 14.0275955 13.011647 -999.0} sdss_psfmag_from_g3xp 14.953397 13.666175 12.554101 9.856 63050396382591895 1153032335 bright_1x1 mwm_galactic_core_dist_apogee_sparse mwm_galactic science 0 0 0.0 0.0 -999 ""
FIBERMAP 165 R-3C3 BOSS 0 0 0 1 0 0 -217.8831827758407 -40.27663626189528 143.1 -11.339621280227155 -221.27724378841125 145.15875 73.64925 -999.0 -999.0 -999.0 -999.0 -999.0 249.64363769206753 -29.71934439580228 249.72422527327262 -29.772228901780416 79.1450837249161 97.0381344981941 -999.0 5400.0 -999.0 1 498 {-999.0 -999.0 -999.0 -999.0 -999.0} "" -999.0 -999.0 -999.0 -999.0 -999 -999 "" "" "" "" 0 0 0.0 0.0 -999 ""
FIBERMAP 165 R-3C3 METROLOGY 0 0 0 1 0 0 -217.85601565478999 -41.01821969939136 143.1 -10.611970915396565 -221.42275808798829 145.15875 73.64925 -999.0 -999.0 -999.0 -999.0 -999.0 249.6461584498256 -29.71982398273754 249.72676158559045 -29.77270246090529 79.14287489685387 97.04046142764884 -999.0 6231.0 -999.0 -1 -999 {-999.0 -999.0 -999.0 -999.0 -999.0} "" -999.0 -999.0 -999.0 -999.0 -999 -999 "" "" "" "" 0 0 0.0 0.0 -999 ""
FIBERMAP 166 R-4C1 APOGEE 1 1 0 1 0 0 -248.55840574757673 -60.99548072626564 143.1 1.701749405891259 -255.91936296755543 122.599174 88.51961 249.68872988301212 -29.823546344921034 -1.3199476 -3.0549486 0.53339773 249.68873796333665 -29.823583213210224 249.76971755549414 -29.87633035597531 79.10349136187261 97.58547234152843 16000.0 16600.0 2016.0 2 272 {-999.0 14.210973 12.760428 12.157833 -999.0} sdss_psfmag_from_g3xp 13.610437 12.692818 11.755465 9.623 63050396382587434 1104742598 bright_1x1 mwm_tess_rgb_apogee mwm_tessrgb science 0 0 0.0 0.0 -999 ""
FIBERMAP 166 R-4C1 BOSS 0 0 0 1 0 0 -247.95000380730326 -60.5787750353025 143.1 1.437473677535821 -255.23094395029605 122.599174 88.51961 -999.0 -999.0 -999.0 -999.0 -999.0 249.6878705588566 -29.82152719680682 249.7687957575888 -29.874275984805102 79.10434155876135 97.57471291628633 -999.0 5400.0 -999.0 1 444 {-999.0 -999.0 -999.0 -999.0 -999.0} "" -999.0 -999.0 -999.0 -999.0 -999 -999 "" "" "" "" 0 0 0.0 0.0 -999 ""
FIBERMAP 166 R-4C1 METROLOGY 0 0 0 1 0 0 -247.88880295863495 -61.325056425674305 143.1 2.1775847345205026 -255.34444227882688 122.599174 88.51961 -999.0 -999.0 -999.0 -999.0 -999.0 249.69043743715764 -29.82191927614981 249.77137798911247 -29.874662051763213 79.1020935680959 97.57646066698624 -999.0 6231.0 -999.0 -1 -999 {-999.0 -999.0 -999.0 -999.0 -999.0} "" -999.0 -999.0 -999.0 -999.0 -999 -999 "" "" "" "" 0 0 0.0 0.0 -999 ""
FIBERMAP 168 R+5C2 APOGEE 0 0 0 1 0 0 -199.50669989126837 96.7163964110356 143.1 -140.33451258038633 -171.63951236500952 0.82571 114.78322 -999.0 -999.0 -999.0 -999.0 -999.0 249.19497546899063 -29.567005189297685 249.27501510100421 -29.621013586219444 79.53696318317616 96.24412537925315 -999.0 16600.0 -999.0 2 -999 {-999.0 -999.0 -999.0 -999.0 -999.0} "" -999.0 -999.0 -999.0 -999.0 -999 -999 "" "" "" "" 0 0 0.0 0.0 -999 ""
FIBERMAP 168 R+5C2 BOSS 1 1 0 1 0 0 -199.17376857826414 96.02109864001036 143.1 -139.5809919848908 -171.47687275914393 0.82571 114.78322 249.19723747463252 -29.566543785308045 -9.8407545 -12.617779 10.226373 249.19760949376106 -29.56657003500133 249.27760282776433 -29.62057197300574 79.53471642744715 96.24161672669544 5400.0 5400.0 2016.0 1 73 {-999.0 15.81434 14.430332 13.408706 -999.0} sdss_psfmag_from_g3xp 15.269019 14.0805435 12.982954 10.872 63050396382769162 1075959637 bright_1x1 mwm_erosita_stars_boss mwm_erosita science 0 0 1.1975609064102173 0.0 -999 ""
FIBERMAP 168 R+5C2 METROLOGY 0 0 0 1 0 0 -199.92158295858405 96.09400565174461 143.1 -139.8252948679234 -172.1873813294287 0.82571 114.78322 -999.0 -999.0 -999.0 -999.0 -999.0 249.19671311295227 -29.56873320464449 249.27672602040104 -29.62273675658001 79.53546497908388 96.25356137761315 -999.0 6231.0 -999.0 -1 -999 {-999.0 -999.0 -999.0 -999.0 -999.0} "" -999.0 -999.0 -999.0 -999.0 -999 -999 "" "" "" "" 0 0 0.0 0.0 -999 ""
FIBERMAP 172 R-5C1 APOGEE 1 1 0 1 0 0 -244.79139776847722 -78.61175418557261 143.1 19.710816464643408 -256.33955771883643 174.08128 47.10961 249.75155051052957 -29.824871890143026 -9.063811 -21.890871 6.377345 249.75153821849872 -29.82496125239003 249.83253725193708 -29.87755648503158 79.04900690856094 97.5848395401178 16000.0 16600.0 2016.0 2 273 {-999.0 18.811314 17.33519 15.554392 -999.0} sdss_psfmag_ps1 18.200142 16.262655 14.943154 12.304 63050396382586815 1034958093 bright_1x1 mwm_yso_pms_apogee_sagitta_edr3_single mwm_yso science 0 0 0.0 0.0 -999 ""
FIBERMAP 172 R-5C1 BOSS 0 0 0 1 0 0 -244.2314005636059 -78.11007963504855 143.1 19.35266709470832 -255.6785223534751 174.08128 47.10961 -999.0 -999.0 -999.0 -999.0 -999.0 249.7503443614572 -29.822986603228323 249.83128893963487 -29.87558426436713 79.05013701131415 97.57459901563976 -999.0 5400.0 -999.0 1 445 {-999.0 -999.0 -999.0 -999.0 -999.0} "" -999.0 -999.0 -999.0 -999.0 -999 -999 "" "" "" "" 0 0 0.0 0.0 -999 ""
FIBERMAP 172 R-5C1 METROLOGY 0 0 0 1 0 0 -244.0729743007326 -78.84090942399439 143.1 20.1002903549091 -255.6938652372356 174.08128 47.10961 -999.0 -999.0 -999.0 -999.0 -999.0 249.75294188575393 -29.823081951771044 249.8339009381151 -29.875673603464477 79.0478706242093 97.57478002124765 -999.0 6231.0 -999.0 -1 -999 {-999.0 -999.0 -999.0 -999.0 -999.0} "" -999.0 -999.0 -999.0 -999.0 -999 -999 "" "" "" "" 0 0 0.0 0.0 -999 ""
FIBERMAP 173 R-1C17 APOGEE 0 0 0 1 0 0 60.628448111643166 -25.029354543622496 143.1 38.403545288156074 53.17118429961813 238.005 70.075676 -999.0 -999.0 -999.0 -999.0 -999.0 249.81896537277248 -28.888044516639237 249.89700168829347 -28.940739948878914 78.97600844643607 92.67423106276931 -999.0 16600.0 -999.0 2 -999 {-999.0 -999.0 -999.0 -999.0 -999.0} "" -999.0 -999.0 -999.0 -999.0 -999 -999 "" "" "" "" 0 0 0.0 0.0 -999 ""
FIBERMAP 173 R-1C17 BOSS 1 1 0 1 0 0 60.17488692521388 -24.461533821624343 143.1 37.74605519843925 52.861649588258565 238.005 70.075676 249.81674194335938 -28.8889548171568 -999.0 -999.0 -999.0 249.81675813269737 -28.888945568976485 249.89474915519804 -28.941648586505984 78.97803078500829 92.67835423901766 5400.0 5400.0 2015.5 1 315 {-999.0 -999.0 -999.0 -999.0 -999.0} "" -999.0 -999.0 -999.0 -999.0 27021603175323454 853832277 "" ops_sky_boss_fallback ops_sky sky_boss 0 0 0.0 0.0 -999 ""
FIBERMAP 173 R-1C17 METROLOGY 0 0 0 1 0 0 60.90969595057898 -24.336247142211974 143.1 37.79455615779289 53.60545992633373 238.005 70.075676 -999.0 -999.0 -999.0 -999.0 -999.0 249.8169202220264 -28.88668353823579 249.89491765708374 -28.93938609365047 78.97774730845997 92.66658831027843 -999.0 6231.0 -999.0 -1 -999 {-999.0 -999.0 -999.0 -999.0 -999.0} "" -999.0 -999.0 -999.0 -999.0 -999 -999 "" "" "" "" 0 0 0.0 0.0 -999 ""
FIBERMAP 174 R-8C12 APOGEE 0 0 0 1 0 0 57.09841258393847 -136.70369385730493 143.1 146.21272065398583 23.845138539305754 136.86383 11.288127 -999.0 -999.0 -999.0 -999.0 -999.0 250.1924950636664 -28.977186363314395 250.27089323924565 -29.028954439248253 78.65451467493827 93.22454264362085 -999.0 16600.0 -999.0 2 -999 {-999.0 -999.0 -999.0 -999.0 -999.0} "" -999.0 -999.0 -999.0 -999.0 -999 -999 "" "" "" "" 0 0 0.0 0.0 -999 ""
FIBERMAP 174 R-8C12 BOSS 1 1 0 1 0 0 57.7396601131459 -137.07900029702574 143.1 146.7264647695909 24.38187463152213 136.86383 11.288127 250.1943969726562 -28.97552957469469 -999.0 -999.0 -999.0 250.19439181517723 -28.975543473474858 250.27273604892696 -29.02730975372341 78.65281681624325 93.21663781091479 5400.0 5400.0 2015.5 1 395 {-999.0 -999.0 -999.0 -999.0 -999.0} "" -999.0 -999.0 -999.0 -999.0 27021603175320350 853831656 "" ops_sky_boss_fallback ops_sky sky_boss 0 0 0.0 0.0 -999 ""
FIBERMAP 174 R-8C12 METROLOGY 0 0 0 1 0 0 57.093353965357046 -137.45167288587066 143.1 146.93912040799424 23.666794831157027 136.86383 11.288127 -999.0 -999.0 -999.0 -999.0 -999.0 250.1951374293275 -28.977709934081805 250.27350259713012 -29.029473136576875 78.65226443595944 93.2278009382328 -999.0 6231.0 -999.0 -1 -999 {-999.0 -999.0 -999.0 -999.0 -999.0} "" -999.0 -999.0 -999.0 -999.0 -999 -999 "" "" "" "" 0 0 0.0 0.0 -999 ""
FIBERMAP 175 R-9C10 APOGEE 1 1 0 1 0 0 3.369419979760915 -159.88325001840403 143.1 156.3025250159682 -33.79232573645794 144.78839 87.65832 250.2277180485355 -29.151941044074928 2.3614752 -5.8546867 1.6245451 250.22773347368965 -29.151950556358962 250.3066928166287 -29.203584281131526 78.63139128221107 94.11777177733956 16000.0 16600.0 2016.0 2 165 {-999.0 12.23468 11.940164 11.793537 -999.0} sdss_psfmag_from_g3xp 12.177192 11.969216 11.425667 10.65 63050396382987676 975297391 "" ops_std_apogee ops_std standard_apogee 0 0 0.0 0.0 -999 ""
FIBERMAP 175 R-9C10 BOSS 0 0 0 1 0 0 3.8302083939160383 -159.28884892689135 143.1 155.83117676565635 -33.20629337763178 144.78839 87.65832 -999.0 -999.0 -999.0 -999.0 -999.0 250.22622185336039 -29.150189003473784 250.30512592767377 -29.20182856806429 78.63268935589828 94.10860007705293 -999.0 5400.0 -999.0 1 398 {-999.0 -999.0 -999.0 -999.0 -999.0} "" -999.0 -999.0 -999.0 -999.0 -999 -999 "" "" "" "" 0 0 0.0 0.0 -999 ""
FIBERMAP 175 R-9C10 METROLOGY 0 0 0 1 0 0 4.104507843040466 -159.98778292654066 143.1 156.57464026214996 -33.101529117692316 144.78839 87.65832 -999.0 -999.0 -999.0 -999.0 -999.0 250.22880306518027 -29.149870033388435 250.30772065822646 -29.201502967052786 78.63041337829227 94.10739967339521 -999.0 6231.0 -999.0 -1 -999 {-999.0 -999.0 -999.0 -999.0 -999.0} "" -999.0 -999.0 -999.0 -999.0 -999 -999 "" "" "" "" 0 0 0.0 0.0 -999 ""
FIBERMAP 176 R-7C19 APOGEE 0 0 0 1 0 0 206.5706622369969 -121.35732696138191 143.1 165.94100685468246 172.79761845934766 110.74406 29.864164 -999.0 -999.0 -999.0 -999.0 -999.0 250.25863594931295 -28.526342543875433 250.33562789195423 -28.57807739484757 78.56478350760152 90.9686806277773 -999.0 16600.0 -999.0 2 -999 {-999.0 -999.0 -999.0 -999.0 -999.0} "" -999.0 -999.0 -999.0 -999.0 -999 -999 "" "" "" "" 0 0 0.0 0.0 -999 ""
FIBERMAP 176 R-7C19 BOSS 1 1 0 1 0 0 207.13344377394054 -121.85169812576409 143.1 166.5523745876263 173.23042345407234 110.74406 29.864164 250.26079934523057 -28.524959313045287 -8.307444 -13.716396 3.3918095 250.26079796755556 -28.525015902161947 250.33773699380868 -28.57674993741454 78.56281585179494 90.96288405949997 5400.0 5400.0 2016.0 1 276 {-999.0 19.879744 19.982462 20.072489 -999.0} sdss_psfmag_ps1 19.847733 19.825663 19.70511 -999.0 63050396383316364 1143795277 dark_1x2 mwm_wd_pwd_boss_1x2 mwm_wd science 0 0 0.0 0.0 -999 ""
FIBERMAP 176 R-7C19 METROLOGY 0 0 0 1 0 0 206.45030625125028 -122.09557668436938 143.1 166.63121040254853 172.50937872688036 110.74406 29.864164 -999.0 -999.0 -999.0 -999.0 -999.0 250.26110040033888 -28.527163011415176 250.33806016090398 -28.57889456085902 78.56273280699384 90.97378566239308 -999.0 6231.0 -999.0 -1 -999 {-999.0 -999.0 -999.0 -999.0 -999.0} "" -999.0 -999.0 -999.0 -999.0 -999 -999 "" "" "" "" 0 0 0.0 0.0 -999 ""
FIBERMAP 180 R-4C11 APOGEE 0 0 0 1 0 0 -25.05292623385919 -69.19856279700096 143.1 61.50202340923421 -40.41350266303071 63.747387 153.51163 -999.0 -999.0 -999.0 -999.0 -999.0 249.89875232666827 -29.172305740087268 249.97770446804702 -29.224728799745463 78.91912005743887 94.17151931303329 -999.0 16600.0 -999.0 2 -999 {-999.0 -999.0 -999.0 -999.0 -999.0} "" -999.0 -999.0 -999.0 -999.0 -999 -999 "" "" "" "" 0 0 0.0 0.0 -999 ""
FIBERMAP 180 R-4C11 BOSS 1 1 0 1 0 0 -24.46538059608425 -68.74320209418937 143.1 61.19531160745945 -39.736408565907965 63.747387 153.51163 249.89776611328122 -29.170254688773397 -999.0 -999.0 -999.0 249.89777949187982 -29.170272227300273 249.97667688011916 -29.222699696178065 78.91994450747578 94.1608028990936 5400.0 5400.0 2015.5 1 422 {-999.0 -999.0 -999.0 -999.0 -999.0} "" -999.0 -999.0 -999.0 -999.0 27021603175319881 853831563 "" ops_sky_boss_fallback ops_sky sky_boss 0 0 0.0 0.0 -999 ""
FIBERMAP 180 R-4C11 METROLOGY 0 0 0 1 0 0 -24.365888964644405 -69.49432960972001 143.1 61.94901450835799 -39.81378436402372 63.747387 153.51163 -999.0 -999.0 -999.0 -999.0 -999.0 249.90039208994014 -29.170512565915864 249.97930444277995 -29.22293323719013 78.91766108493422 94.16244033153532 -999.0 6231.0 -999.0 -1 -999 {-999.0 -999.0 -999.0 -999.0 -999.0} "" -999.0 -999.0 -999.0 -999.0 -999 -999 "" "" "" "" 0 0 0.0 0.0 -999 ""
FIBERMAP 182 R+7C8 APOGEE 1 1 0 1 0 0 -72.21373105080826 132.86494204298322 143.1 -145.98326856055095 -39.43811600695333 214.71053 90.80814 249.17777003749578 -29.16669390252441 -0.43058717 -3.8606515 0.09216953 249.1777800081332 -29.16669828342611 249.25654722052934 -29.220860080849736 79.54801417938111 94.03842725118403 16000.0 16600.0 2016.0 2 124 {-999.0 15.876674 14.447879 13.745765 -999.0} sdss_psfmag_from_g3xp 15.292642 14.304497 13.3227 10.992 63050396382796354 1156251592 bright_1x1 mwm_galactic_core_dist_apogee_extra mwm_galactic science 0 0 0.0 0.0 -999 ""
FIBERMAP 182 R+7C8 BOSS 0 0 0 1 0 0 -72.64583382961771 133.45607862015135 143.1 -146.65846314978438 -39.72137182943336 214.71053 90.80814 -999.0 -999.0 -999.0 -999.0 -999.0 249.17540647771074 -29.167557098728526 249.2541305281245 -29.22172560204227 79.55014944791965 94.04283153184656 -999.0 5400.0 -999.0 1 109 {-999.0 -999.0 -999.0 -999.0 -999.0} "" -999.0 -999.0 -999.0 -999.0 -999 -999 "" "" "" "" 0 0 0.0 0.0 -999 ""
FIBERMAP 182 R+7C8 METROLOGY 0 0 0 1 0 0 -71.89832930306113 133.53686956841585 143.1 -146.5637368717275 -38.9755289323547 214.71053 90.80814 -999.0 -999.0 -999.0 -999.0 -999.0 249.17571903080565 -29.16530186925114 249.25444887761103 -29.219469907162807 79.54980082518207 94.03044940056776 -999.0 6231.0 -999.0 -1 -999 {-999.0 -999.0 -999.0 -999.0 -999.0} "" -999.0 -999.0 -999.0 -999.0 -999 -999 "" "" "" "" 0 0 0.0 0.0 -999 ""
FIBERMAP 183 R+12C1 APOGEE 0 0 0 1 0 0 -164.22308258932102 252.85650525379288 143.1 -284.03409527141554 -101.11655177822836 174.88367 36.394768 -999.0 -999.0 -999.0 -999.0 -999.0 248.69983469113646 -29.348766619908695 248.77905756034602 -29.40402509241624 79.96813206870316 95.01924451761278 -999.0 16600.0 -999.0 2 8 {-999.0 -999.0 -999.0 -999.0 -999.0} "" -999.0 -999.0 -999.0 -999.0 -999 -999 "" ops_sky_apogee_best_unassigned ops_sky sky_apogee 0 0 0.0 0.0 -999 ""
FIBERMAP 183 R+12C1 BOSS 1 1 0 1 0 0 -163.5940144811028 253.26329225797045 143.1 -284.28393134914086 -100.41033011128697 174.88367 36.394768 248.69881751934125 -29.34660619823422 -4.2315044 -10.570167 0.26884466 248.6990990315871 -29.34660691854102 248.7782713502594 -29.401868164737223 79.96879407751884 95.00682088646585 5400.0 5400.0 2016.0 1 8 {-999.0 15.770137 14.867735 14.389389 -999.0} sdss_psfmag_from_g3xp 15.477441 14.812097 14.009123 12.354 63050396382807959 1071765347 dark_flexible_2x1 mwm_halo_vmp_xp_boss mwm_halo science 0 0 0.9242499470710754 0.0 -999 ""
FIBERMAP 183 R+12C1 METROLOGY 0 0 0 1 0 0 -163.56130539365694 252.50379310890966 143.1 -283.5375691144497 -100.55460749810467 174.88367 36.394768 -999.0 -999.0 -999.0 -999.0 -999.0 248.70157243808742 -29.347096305751624 248.78075927006228 -29.40235136877894 79.96663190742805 95.00972767222459 -999.0 6231.0 -999.0 -1 -999 {-999.0 -999.0 -999.0 -999.0 -999.0} "" -999.0 -999.0 -999.0 -999.0 -999 -999 "" "" "" "" 0 0 0.0 0.0 -999 ""
FIBERMAP 186 R+12C12 APOGEE 0 0 0 1 0 0 97.75749062503186 247.72910342462148 143.1 -218.30492610226798 152.5278361437167 89.242195 87.00064 -999.0 -999.0 -999.0 -999.0 -999.0 248.93476226854878 -28.583993590215872 249.011644366003 -28.63890218906909 79.72790140741162 90.73814122684468 -999.0 16600.0 -999.0 2 -999 {-999.0 -999.0 -999.0 -999.0 -999.0} "" -999.0 -999.0 -999.0 -999.0 -999 -999 "" "" "" "" 0 0 0.0 0.0 -999 ""
FIBERMAP 186 R+12C12 BOSS 1 1 0 1 0 0 98.503488470446 247.69065714152435 143.1 -218.09456496207025 153.24456764955605 89.242195 87.00064 248.93524840651085 -28.581794291061623 -8.556914 -12.441769 0.11042225 248.935560472204 -28.581832890677724 249.01239190392607 -28.636743525585413 79.72706204770591 90.72639773725706 5400.0 5400.0 2016.0 1 106 {-999.0 16.176517 14.778814 14.015219 -999.0} sdss_psfmag_from_g3xp 15.612252 14.586828 13.580212 11.246 63050396392693993 1061913226 dark_flexible_2x1 manual_mwm_halo_vmp_wise_boss mwm_halo science 0 0 1.0262075662612915 0.0 -999 ""
FIBERMAP 186 R+12C12 METROLOGY 0 0 0 1 0 0 98.0826860962261 247.0554966236531 143.1 -217.57429830053218 152.68798012952456 89.242195 87.00064 -999.0 -999.0 -999.0 -999.0 -999.0 248.937258091178 -28.583490962023873 249.014107588819 -28.638396105903134 79.72570403827726 90.7363558900604 -999.0 6231.0 -999.0 -1 -999 {-999.0 -999.0 -999.0 -999.0 -999.0} "" -999.0 -999.0 -999.0 -999.0 -999 -999 "" "" "" "" 0 0 0.0 0.0 -999 ""
FIBERMAP 193 R+4C23 APOGEE 1 1 0 1 0 0 226.05303955862632 80.46321660425315 143.1 -25.85635978206326 238.5416923080146 228.24037 47.305443 249.59867344965687 -28.326929228977182 -3.921243 -0.15272458 0.32731408 249.5986159055528 -28.326924670984024 249.6748471995511 -28.380308799461766 79.12255815972607 89.64703388051589 16000.0 16600.0 2016.0 2 86 {-999.0 14.72688 12.969313 12.100606 -999.0} sdss_psfmag_from_g3xp 13.928674 12.719661 11.642189 8.97 63050396383297087 1156251712 bright_1x1 mwm_galactic_core_dist_apogee_extra mwm_galactic science 0 0 0.0 0.0 -999 ""
FIBERMAP 193 R+4C23 BOSS 0 0 0 1 0 0 226.08237014085995 81.19542124140035 143.1 -26.561787912674685 238.7399884103358 228.24037 47.305443 -999.0 -999.0 -999.0 -999.0 -999.0 249.59623640001803 -28.326290962236964 249.67241866335758 -28.37968553817549 79.12461322791708 89.64250438251065 -999.0 5400.0 -999.0 1 259 {-999.0 -999.0 -999.0 -999.0 -999.0} "" -999.0 -999.0 -999.0 -999.0 -999 -999 "" "" "" "" 0 0 0.0 0.0 -999 ""
FIBERMAP 193 R+4C23 METROLOGY 0 0 0 1 0 0 226.71049648278205 80.82449810213186 143.1 -26.055349732344393 239.26497758082826 228.24037 47.305443 -999.0 -999.0 -999.0 -999.0 -999.0 249.59796746593764 -28.32467818576914 249.67415826769115 -28.378067762276523 79.12291375399894 89.63487650435832 -999.0 6231.0 -999.0 -1 -999 {-999.0 -999.0 -999.0 -999.0 -999.0} "" -999.0 -999.0 -999.0 -999.0 -999 -999 "" "" "" "" 0 0 0.0 0.0 -999 ""
FIBERMAP 197 R0C13 APOGEE 1 1 0 1 0 0 -10.351008759288177 -3.8167982848792192 143.1 1.3127292128925347 -10.953557876065725 337.55716 121.606735 249.68974169959134 -29.082531428338886 -6.1917763 2.2581208 0.5530597 249.689723741767 -29.082528733176574 249.76834485791778 -29.13548136955504 79.09831889333437 93.66664726013335 16000.0 16600.0 2016.0 2 250 {-999.0 13.981226 12.690902 12.113976 -999.0} sdss_psfmag_from_g3xp 13.463801 12.627573 11.702241 9.649 63050396383207268 1105175096 bright_1x1 mwm_tess_rgb_apogee mwm_tessrgb science 0 0 0.0 0.0 -999 ""
FIBERMAP 197 R0C13 BOSS 0 0 0 1 0 0 -10.292827388484021 -4.549878226629268 143.1 2.039298901173809 -11.066932475588803 337.55716 121.606735 -999.0 -999.0 -999.0 -999.0 -999.0 249.69229666776005 -29.082884672882958 249.7708722346946 -29.13583274552969 79.09612807699266 93.66899522526529 -999.0 5400.0 -999.0 1 518 {-999.0 -999.0 -999.0 -999.0 -999.0} "" -999.0 -999.0 -999.0 -999.0 -999 -999 "" "" "" "" 0 0 0.0 0.0 -999 ""
FIBERMAP 197 R0C13 METROLOGY 0 0 0 1 0 0 -10.967383024986596 -4.232755397967846 143.1 1.5744283581138574 -11.649558155377033 337.55716 121.606735 -999.0 -999.0 -999.0 -999.0 -999.0 249.69066187547594 -29.084652249280637 249.76925605373503 -29.1376032700197 79.09761295034725 93.67803358051276 -999.0 6231.0 -999.0 -1 -999 {-999.0 -999.0 -999.0 -999.0 -999.0} "" -999.0 -999.0 -999.0 -999.0 -999 -999 "" "" "" "" 0 0 0.0 0.0 -999 ""
FIBERMAP 213 R+3C1 APOGEE 1 1 0 1 0 0 -248.87568692674256 49.106939970676166 143.1 -105.47041429749082 -230.70012928102372 310.4262 121.066124 249.31549072265622 -29.745927040255495 -999.0 -999.0 -999.0 249.31548231290415 -29.745924398213884 249.3961221963052 -29.79959274526217 79.42927151321322 97.21431489155054 16000.0 16600.0 2015.5 2 3 {-999.0 -999.0 -999.0 -999.0 -999.0} "" -999.0 -999.0 -999.0 -999.0 27021603175313445 848662860 "" ops_sky_apogee_best ops_sky sky_apogee 0 0 0.0 0.0 -999 ""
FIBERMAP 213 R+3C1 BOSS 0 0 0 1 0 0 -249.13834365526986 48.39484687790981 143.1 -104.83864699208728 -231.1207229392108 310.4262 121.066124 -999.0 -999.0 -999.0 -999.0 -999.0 249.31771625320735 -29.74721904155362 249.39831470882962 -29.800880769684472 79.42734116451832 97.2211064900651 -999.0 5400.0 -999.0 1 3 {-999.0 -999.0 -999.0 -999.0 -999.0} "" -999.0 -999.0 -999.0 -999.0 -999 -999 "" "" "" "" 0 0 0.0 0.0 -999 ""
FIBERMAP 213 R+3C1 METROLOGY 0 0 0 1 0 0 -249.6118347212406 48.97179567670073 143.1 -105.50963697934489 -231.44752740663583 310.4262 121.066124 -999.0 -999.0 -999.0 -999.0 -999.0 249.31534275543774 -29.748224179561205 249.39595690800365 -29.80189158510893 79.4293643995444 97.2268603090294 -999.0 6231.0 -999.0 -1 -999 {-999.0 -999.0 -999.0 -999.0 -999.0} "" -999.0 -999.0 -999.0 -999.0 -999 -999 "" "" "" "" 0 0 0.0 0.0 -999 ""
FIBERMAP 216 R-9C18 APOGEE 1 1 0 1 0 0 196.59580360073977 -165.30409530329442 143.1 206.3760905355131 152.90559174066203 40.269352 133.15392 250.3978323310089 -28.586412984424214 -3.7590466 -9.320655 2.289017 250.39781058449378 -28.58646557482311 250.47501919166098 -28.637846773962853 78.44832530670244 91.32303517853347 16000.0 16600.0 2016.0 2 192 {-999.0 8.899076 9.02859 9.131038 -999.0} sdss_psfmag_from_g3xp 8.997065 8.943601 8.800868 8.572 63050396383148455 975297507 "" ops_std_apogee ops_std standard_apogee 0 0 0.0 0.0 -999 ""
FIBERMAP 216 R-9C18 BOSS 0 0 0 1 0 0 197.32731777898462 -165.54244812440362 143.1 206.77754623355926 153.56188528055105 40.269352 133.15392 -999.0 -999.0 -999.0 -999.0 -999.0 250.3992293119585 -28.584476827826222 250.47638219879082 -28.63585902341723 78.4469583393747 91.3136751605984 -999.0 5400.0 -999.0 1 265 {-999.0 -999.0 -999.0 -999.0 -999.0} "" -999.0 -999.0 -999.0 -999.0 -999 -999 "" "" "" "" 0 0 0.0 0.0 -999 ""
FIBERMAP 216 R-9C18 METROLOGY 0 0 0 1 0 0 196.77502612500456 -166.02727730173902 143.1 207.12109638156252 152.91225093630197 40.269352 133.15392 -999.0 -999.0 -999.0 -999.0 -999.0 250.40045124775887 -28.58641052331068 250.47762455023303 -28.63778811528237 78.4460423986351 91.32374974160274 -999.0 6231.0 -999.0 -1 -999 {-999.0 -999.0 -999.0 -999.0 -999.0} "" -999.0 -999.0 -999.0 -999.0 -999 -999 "" "" "" "" 0 0 0.0 0.0 -999 ""
FIBERMAP 223 R-7C9 APOGEE 1 1 0 1 0 0 -22.283714616573615 -120.94581865861221 143.1 112.47956486161902 -49.71772999438426 93.33499 69.97645 250.0758129234308 -29.2004844251791 -0.75080216 -4.742889 0.26013777 250.0758215958114 -29.20050075665848 250.15490221233506 -29.2524881501264 78.76555082880294 94.34251800696586 16000.0 16600.0 2016.0 2 186 {-999.0 15.170212 13.583822 12.828229 -999.0} sdss_psfmag_from_g3xp 14.489641 13.4151745 12.395975 9.916 63050396382975935 1153032861 bright_1x1 mwm_galactic_core_dist_apogee_sparse mwm_galactic science 0 0 0.0 0.0 -999 ""
FIBERMAP 223 R-7C9 BOSS 0 0 0 1 0 0 -21.555900937354167 -121.15366629195088 143.1 112.85048963484732 -49.05796319880196 93.33499 69.97645 -999.0 -999.0 -999.0 -999.0 -999.0 250.07722406289452 -29.19852144017602 250.15624990250535 -29.250507450910526 78.76430839621598 94.33256280436774 -999.0 5400.0 -999.0 1 380 {-999.0 -999.0 -999.0 -999.0 -999.0} "" -999.0 -999.0 -999.0 -999.0 -999 -999 "" "" "" "" 0 0 0.0 0.0 -999 ""
FIBERMAP 223 R-7C9 METROLOGY 0 0 0 1 0 0 -22.10206240312113 -121.67411022821969 143.1 113.23010421618055 -49.70989207897367 93.33499 69.97645 -999.0 -999.0 -999.0 -999.0 -999.0 250.07854121707985 -29.200503590638892 250.15758746121196 -29.252485444880445 78.76320927031195 94.3429115278613 -999.0 6231.0 -999.0 -1 -999 {-999.0 -999.0 -999.0 -999.0 -999.0} "" -999.0 -999.0 -999.0 -999.0 -999 -999 "" "" "" "" 0 0 0.0 0.0 -999 ""
FIBERMAP 224 R+2C5 APOGEE 1 1 0 1 0 0 -201.57738364399154 40.173095593717846 143.1 -85.81392880687604 -186.7635824754798 260.60834 8.155261 249.38439342936482 -29.614100801392517 -0.34820956 1.8678427 0.1829773 249.3844080329035 -29.61405062444859 249.4646441062937 -29.66758997891609 79.3718059515377 96.49179114322328 16000.0 16600.0 2016.0 2 23 {-999.0 15.073444 13.796433 13.214904 -999.0} sdss_psfmag_from_g3xp 14.581179 13.727221 12.820762 10.745 63050396382609168 1156251553 bright_1x1 mwm_galactic_core_dist_apogee_extra mwm_galactic science 0 0 0.0 0.0 -999 ""
FIBERMAP 224 R+2C5 BOSS 0 0 0 1 0 0 -201.5543368404529 40.93912508801758 143.1 -86.55371591204477 -186.56355623613962 260.60834 8.155261 -999.0 -999.0 -999.0 -999.0 -999.0 249.3818552153521 -29.613478773933668 249.4620425388456 -29.667024079369163 79.37407141662581 96.48883128840652 -999.0 5400.0 -999.0 1 34 {-999.0 -999.0 -999.0 -999.0 -999.0} "" -999.0 -999.0 -999.0 -999.0 -999 -999 "" "" "" "" 0 0 0.0 0.0 -999 ""
FIBERMAP 224 R+2C5 METROLOGY 0 0 0 1 0 0 -200.91756050510537 40.52884554545961 143.1 -86.00698950292187 -186.03927806288445 260.60834 8.155261 -999.0 -999.0 -999.0 -999.0 -999.0 249.38373749689464 -29.611935707632295 249.46393347934554 -29.66547701867307 79.37244196161572 96.48036425309624 -999.0 6231.0 -999.0 -1 -999 {-999.0 -999.0 -999.0 -999.0 -999.0} "" -999.0 -999.0 -999.0 -999.0 -999 -999 "" "" "" "" 0 0 0.0 0.0 -999 ""
FIBERMAP 226 R-2C25 APOGEE 1 1 0 1 0 0 258.3427197548821 -53.909717717181394 143.1 112.33714662300035 238.79533124968108 273.26425 73.00205 250.07354736328125 -28.32729799376277 -999.0 -999.0 -999.0 250.0735611564912 -28.32729413189719 250.1498928307143 -28.379532293478434 78.70705646204277 89.88215474840865 16000.0 16600.0 2015.5 2 239 {-999.0 -999.0 -999.0 -999.0 -999.0} "" -999.0 -999.0 -999.0 -999.0 27021603175326100 848663432 "" ops_sky_apogee_best ops_sky sky_apogee 0 0 0.0 0.0 -999 ""
FIBERMAP 226 R-2C25 BOSS 0 0 0 1 0 0 257.577031309764 -53.753370145725924 143.1 112.00753540890003 238.0867824138186 273.26425 73.00205 -999.0 -999.0 -999.0 -999.0 -999.0 250.0724886202859 -28.329413484421746 250.14877831525746 -28.381658342717174 78.70826468352904 89.8923962467494 -999.0 5400.0 -999.0 1 349 {-999.0 -999.0 -999.0 -999.0 -999.0} "" -999.0 -999.0 -999.0 -999.0 -999 -999 "" "" "" "" 0 0 0.0 0.0 -999 ""
FIBERMAP 226 R-2C25 METROLOGY 0 0 0 1 0 0 258.12074344840926 -53.20765745966076 143.1 111.60277357109607 238.74218748976872 273.26425 73.00205 -999.0 -999.0 -999.0 -999.0 -999.0 250.0711011543988 -28.32739836619234 250.14739799160293 -28.379645815317932 78.70925063857945 89.88149833176408 -999.0 6231.0 -999.0 -1 -999 {-999.0 -999.0 -999.0 -999.0 -999.0} "" -999.0 -999.0 -999.0 -999.0 -999 -999 "" "" "" "" 0 0 0.0 0.0 -999 ""
FIBERMAP 229 R+9C7 APOGEE 1 1 0 1 0 0 -65.75278670432203 173.93915338931242 143.1 -184.43888508383816 -23.630155092452444 151.9668 144.55186 249.04509195034723 -29.117804461895677 -5.300389 -4.827287 0.15896152 249.0450926394431 -29.117814227273623 249.12367356200377 -29.172308606735367 79.66232275000232 93.74804682609886 16000.0 16600.0 2016.0 2 133 {-999.0 15.797531 14.103432 13.261283 -999.0} sdss_psfmag_from_g3xp 15.039675 13.872788 12.811645 10.16 63050396382830180 1156251689 bright_1x1 mwm_galactic_core_dist_apogee_extra mwm_galactic science 0 0 0.0 0.0 -999 ""
FIBERMAP 229 R+9C7 BOSS 0 0 0 1 0 0 -66.10387761823505 174.59262548579363 143.1 -185.155931499682 -23.820156383315187 151.9668 144.55186 -999.0 -999.0 -999.0 -999.0 -999.0 249.04258579961945 -29.11837716704171 249.12112311907765 -29.17287878875721 79.66456839626072 93.75078513937797 -999.0 5400.0 -999.0 1 123 {-999.0 -999.0 -999.0 -999.0 -999.0} "" -999.0 -999.0 -999.0 -999.0 -999 -999 "" "" "" "" 0 0 0.0 0.0 -999 ""
FIBERMAP 229 R+9C7 METROLOGY 0 0 0 1 0 0 -65.35820778679296 174.5699508367339 143.1 -184.960987762784 -23.10008720145682 151.9668 144.55186 -999.0 -999.0 -999.0 -999.0 -999.0 249.04323771109622 -29.116202919754077 249.12178102566622 -29.170703199188743 79.66391745725954 93.73877985072102 -999.0 6231.0 -999.0 -1 -999 {-999.0 -999.0 -999.0 -999.0 -999.0} "" -999.0 -999.0 -999.0 -999.0 -999 -999 "" "" "" "" 0 0 0.0 0.0 -999 ""
FIBERMAP 230 R+10C2 APOGEE 0 0 0 1 0 0 -144.57041734930314 194.31909750538898 143.1 -222.53712858392376 -95.57227530428341 354.68323 122.195145 -999.0 -999.0 -999.0 -999.0 -999.0 248.9116779192073 -29.334456389610537 248.99090942028192 -29.389210595639945 79.7833927701429 94.94760702991653 -999.0 16600.0 -999.0 2 -999 {-999.0 -999.0 -999.0 -999.0 -999.0} "" -999.0 -999.0 -999.0 -999.0 -999 -999 "" "" "" "" 0 0 0.0 0.0 -999 ""
FIBERMAP 230 R+10C2 BOSS 1 1 0 1 0 0 -144.22644552972446 193.6590015727587 143.1 -221.81528964542701 -95.39073465748739 354.68323 122.195145 248.91421192707344 -29.33398670605867 -2.6512635 11.050492 3.6144826 248.91419045928805 -29.33394290806692 248.99337660246317 -29.38869175222721 79.78123624151598 94.94484707557007 5400.0 5400.0 2016.0 1 18 {-999.0 19.41817 19.50408 19.603006 -999.0} sdss_psfmag_ps1 19.59786 19.393492 19.253426 -999.0 63050396382767663 1143795172 dark_1x2 mwm_wd_pwd_boss_1x2 mwm_wd science 0 0 0.0 0.0 -999 ""
FIBERMAP 230 R+10C2 METROLOGY 0 0 0 1 0 0 -144.95524167662361 193.67768620684612 143.1 -222.00243996552797 -96.09531561077776 354.68323 122.195145 -999.0 -999.0 -999.0 -999.0 -999.0 248.91347246112866 -29.33608246204518 248.9926777611022 -29.390832276634786 79.7818740203643 94.95686556293913 -999.0 6231.0 -999.0 -1 -999 {-999.0 -999.0 -999.0 -999.0 -999.0} "" -999.0 -999.0 -999.0 -999.0 -999 -999 "" "" "" "" 0 0 0.0 0.0 -999 ""
FIBERMAP 231 R+2C20 APOGEE 0 0 0 1 1 0 167.75759021426293 23.149221247069946 143.1 16.37786769626582 168.54809398899542 346.8602 66.02178 -999.0 -999.0 -999.0 -999.0 -999.0 249.74340142087087 -28.53829736575503 249.82032341658362 -28.59127321394956 79.01656967947373 90.8218518456008 -999.0 16600.0 -999.0 2 -999 {-999.0 -999.0 -999.0 -999.0 -999.0} "" -999.0 -999.0 -999.0 -999.0 -999 -999 "" "" "" "" 0 0 0.0 0.0 -999 ""
FIBERMAP 231 R+2C20 BOSS 0 0 0 1 1 0 167.3294445399714 22.542866785430768 143.1 16.86841160503388 167.99104235361276 346.8602 66.02178 -999.0 -999.0 -999.0 -999.0 -999.0 249.74514557276456 -28.53991663712172 249.82202579619388 -28.5928916164409 79.01522865466036 90.83102551772078 -999.0 5400.0 -999.0 1 230 {-999.0 -999.0 -999.0 -999.0 -999.0} "" -999.0 -999.0 -999.0 -999.0 -999 -999 "" "" "" "" 0 0 0.0 0.0 -999 ""
FIBERMAP 231 R+2C20 METROLOGY 0 0 0 1 1 0 167.01304326303588 23.2209711893317 143.1 16.135447887084844 167.84049543262583 346.8602 66.02178 -999.0 -999.0 -999.0 -999.0 -999.0 249.74260331161383 -28.540346173683137 249.81949771825816 -28.593326087123263 79.01747875092678 90.8322354592134 -999.0 6231.0 -999.0 -1 -999 {-999.0 -999.0 -999.0 -999.0 -999.0} "" -999.0 -999.0 -999.0 -999.0 -999 -999 "" "" "" "" 0 0 0.0 0.0 -999 ""
FIBERMAP 232 R+13C3 APOGEE 1 1 0 1 0 0 -87.88943698651327 242.09808319967647 143.1 -255.87080468164876 -29.359844971228068 345.5094 91.34953 248.79874824109157 -29.13302604085906 -5.790672 -2.0600903 0.10824524 248.79871727298644 -29.133028413616838 248.87728523234796 -29.18811000792239 79.87785340733546 93.79600090420877 16000.0 16600.0 2016.0 2 54 {-999.0 15.055799 13.15947 11.796603 -999.0} sdss_psfmag_gaia 14.019689 12.509531 11.3063545 8.562 63050396382832093 1155429314 bright_1x1 mwm_galactic_core_dist_apogee_sparse mwm_galactic science 0 0 0.0 0.0 -999 ""
FIBERMAP 232 R+13C3 BOSS 0 0 0 1 0 0 -88.15666295495849 241.41482251328503 143.1 -255.26814257899215 -29.778198257249702 345.5094 91.34953 -999.0 -999.0 -999.0 -999.0 -999.0 248.800807534273 -29.13431404998828 248.87933622079038 -29.189391505625462 79.87610519242426 93.80361729512867 -999.0 5400.0 -999.0 1 91 {-999.0 -999.0 -999.0 -999.0 -999.0} "" -999.0 -999.0 -999.0 -999.0 -999 -999 "" "" "" "" 0 0 0.0 0.0 -999 ""
FIBERMAP 232 R+13C3 METROLOGY 0 0 0 1 0 0 -88.6146098931385 241.9760955855347 143.1 -255.92028051325028 -30.093517177056814 345.5094 91.34953 -999.0 -999.0 -999.0 -999.0 -999.0 248.79849131773832 -29.135251214489383 248.87703480330367 -29.190333611627814 79.87814364018442 93.8086066589633 -999.0 6231.0 -999.0 -1 -999 {-999.0 -999.0 -999.0 -999.0 -999.0} "" -999.0 -999.0 -999.0 -999.0 -999 -999 "" "" "" "" 0 0 0.0 0.0 -999 ""
FIBERMAP 234 R+3C20 APOGEE 1 1 0 1 0 0 154.88982498226656 45.67198985020302 143.1 -8.51389643162254 161.25341705172073 260.11563 74.965996 249.65744384834582 -28.560153373935385 -9.693914 0.8819583 4.916285 249.65740595423895 -28.560142788474423 249.73437767138387 -28.613319846078927 79.0937077741648 90.9016535589551 16000.0 16600.0 2016.0 2 69 {-999.0 10.457483 10.121668 9.987629 -999.0} sdss_psfmag_from_g3xp 10.40593 10.11707 9.654284 8.877 63050396383291793 975297653 "" ops_std_apogee ops_std standard_apogee 0 0 0.0 0.0 -999 ""
FIBERMAP 234 R+3C20 BOSS 0 0 0 1 0 0 154.22048079552843 46.0080471124764 143.1 -8.995976534396242 160.6802506964058 260.11563 74.965996 -999.0 -999.0 -999.0 -999.0 -999.0 249.6557780850412 -28.561802470094257 249.7327077602148 -28.614986663200394 79.09531637136706 90.90973865286009 -999.0 5400.0 -999.0 1 224 {-999.0 -999.0 -999.0 -999.0 -999.0} "" -999.0 -999.0 -999.0 -999.0 -999 -999 "" "" "" "" 0 0 0.0 0.0 -999 ""
FIBERMAP 234 R+3C20 METROLOGY 0 0 0 1 0 0 154.8364359456581 46.42308800165176 143.1 -9.256881626452678 161.37563086287116 260.11563 74.965996 -999.0 -999.0 -999.0 -999.0 -999.0 249.65487026786215 -28.559679556632247 249.73180639362727 -28.612865496681355 79.09591552622575 90.89819759832801 -999.0 6231.0 -999.0 -1 -999 {-999.0 -999.0 -999.0 -999.0 -999.0} "" -999.0 -999.0 -999.0 -999.0 -999 -999 "" "" "" "" 0 0 0.0 0.0 -999 ""
FIBERMAP 243 R-11C12 APOGEE 1 1 0 1 0 0 72.68298155100085 -233.00693866019031 143.1 243.50198396363194 16.67608534268004 307.89343 49.674957 250.5281066894531 -28.99818414852055 -999.0 -999.0 -999.0 250.5280861035237 -28.998176810651188 250.60662030182846 -29.049126681788508 78.36250418213177 93.40499514079875 16000.0 16600.0 2015.5 2 183 {-999.0 -999.0 -999.0 -999.0 -999.0} "" -999.0 -999.0 -999.0 -999.0 27021603175320199 845928388 "" ops_sky_apogee_best ops_sky sky_apogee 0 0 0.0 0.0 -999 ""
FIBERMAP 243 R-11C12 BOSS 0 0 0 1 0 0 71.92363553975812 -233.0099255391563 143.1 243.32883075714375 15.936763327285137 307.89343 49.674957 -999.0 -999.0 -999.0 -999.0 -999.0 250.52758111469285 -29.00041250464436 250.6060718469006 -29.05136533471329 78.36310302293984 93.41594983766447 -999.0 5400.0 -999.0 1 376 {-999.0 -999.0 -999.0 -999.0 -999.0} "" -999.0 -999.0 -999.0 -999.0 -999 -999 "" "" "" "" 0 0 0.0 0.0 -999 ""
FIBERMAP 243 R-11C12 METROLOGY 0 0 0 1 0 0 72.28944400972946 -232.36531603324718 143.1 242.78662225273465 16.442048090285013 307.89343 49.674957 -999.0 -999.0 -999.0 -999.0 -999.0 250.52574282148632 -28.99888715969411 250.60424264794472 -29.049844206216758 78.3646182590245 93.4079940220804 -999.0 6231.0 -999.0 -1 -999 {-999.0 -999.0 -999.0 -999.0 -999.0} "" -999.0 -999.0 -999.0 -999.0 -999 -999 "" "" "" "" 0 0 0.0 0.0 -999 ""
FIBERMAP 244 R-4C15 APOGEE 1 1 0 1 0 0 73.77709962347052 -71.27472999944585 143.1 86.43583982830104 55.23886598428669 4.5254297 150.97128 249.9854387759149 -28.88195452621903 -1.5956421 -2.0481143 0.04509366 249.98544171738112 -28.881962102121303 250.06349503938566 -28.93425733546259 78.83017759396458 92.68665525373024 16000.0 16600.0 2016.0 2 199 {-999.0 18.941975 17.05907 14.904871 -999.0} sdss_psfmag_ps1 17.750116 15.511284 14.131074 10.77 63050396383237167 1154245789 bright_1x1 mwm_galactic_core_dist_apogee_sparse mwm_galactic science 0 0 0.0 0.0 -999 ""
FIBERMAP 244 R-4C15 BOSS 0 0 0 1 0 0 74.44896153439917 -71.60483398504331 143.1 86.9127128203868 55.815861675417736 4.5254297 150.97128 -999.0 -999.0 -999.0 -999.0 -999.0 249.9871958288497 -28.880179114232394 250.0651956053813 -28.932473219559252 78.82858238625256 92.67793589837925 -999.0 5400.0 -999.0 1 280 {-999.0 -999.0 -999.0 -999.0 -999.0} "" -999.0 -999.0 -999.0 -999.0 -999 -999 "" "" "" "" 0 0 0.0 0.0 -999 ""
FIBERMAP 244 R-4C15 METROLOGY 0 0 0 1 0 0 73.82140863494214 -72.0205992243745 143.1 87.17163349813306 55.10903222545745 4.5254297 150.97128 -999.0 -999.0 -999.0 -999.0 -999.0 249.98808962382932 -28.88232025723331 250.0661100283828 -28.934610857845836 78.82791505046748 92.68920192587427 -999.0 6231.0 -999.0 -1 -999 {-999.0 -999.0 -999.0 -999.0 -999.0} "" -999.0 -999.0 -999.0 -999.0 -999 -999 "" "" "" "" 0 0 0.0 0.0 -999 ""
FIBERMAP 249 R+8C6 APOGEE 0 0 0 1 0 0 -98.7177706190651 155.48449387442872 143.1 -174.13082154026677 -59.97460195136331 137.10226 152.8577 -999.0 -999.0 -999.0 -999.0 -999.0 249.07983712924963 -29.228233651804796 249.1587747731337 -29.282613659154638 79.63502643605672 94.36679156600525 -999.0 16600.0 -999.0 2 -999 {-999.0 -999.0 -999.0 -999.0 -999.0} "" -999.0 -999.0 -999.0 -999.0 -999 -999 "" "" "" "" 0 0 0.0 0.0 -999 ""
FIBERMAP 249 R+8C6 BOSS 1 1 0 1 0 0 -98.96977540831091 156.1591052359721 143.1 -174.84545682930073 -60.06331913454355 137.10226 152.8577 249.0773973246065 -29.22848713336105 -14.8118515 -6.244329 2.5119746 249.07734037765604 -29.228501209597717 249.15623330636492 -29.282888119189682 79.63724930108691 94.36800941206639 5400.0 5400.0 2016.0 1 79 {-999.0 21.267302 19.629602 18.480707 -999.0} sdss_psfmag_ps1 20.431316 19.20281 18.002132 15.464 63050396382791498 1096498604 bright_1x1 mwm_bin_vis_boss mwm_filler science 0 0 0.0 0.0 -999 ""
FIBERMAP 249 R+8C6 METROLOGY 0 0 0 1 0 0 -98.22418353017873 156.04651700783228 143.1 -174.563070614525 -59.36417274280381 137.10226 152.8577 -999.0 -999.0 -999.0 -999.0 -999.0 249.07829456813104 -29.226398425276454 249.1571938272558 -29.280783359128137 79.63635910708634 94.35642917668952 -999.0 6231.0 -999.0 -1 -999 {-999.0 -999.0 -999.0 -999.0 -999.0} "" -999.0 -999.0 -999.0 -999.0 -999 -999 "" "" "" "" 0 0 0.0 0.0 -999 ""
FIBERMAP 253 R+5C3 APOGEE 1 1 0 1 0 0 -179.64306472651538 87.80872054888736 143.1 -127.06436210699366 -154.38309221154563 327.90872 107.56596 249.24133300781247 -29.51526562440965 -999.0 -999.0 -999.0 249.2413337072763 -29.51526697488291 249.3212202926975 -29.569178345736738 79.4969734950786 95.95843287070113 16000.0 16600.0 2015.5 2 19 {-999.0 -999.0 -999.0 -999.0 -999.0} "" -999.0 -999.0 -999.0 -999.0 27021603175316561 848663019 "" ops_sky_apogee_best ops_sky sky_apogee 0 0 0.0 0.0 -999 ""
FIBERMAP 253 R+5C3 BOSS 0 0 0 1 0 0 -179.79639035609165 87.08307203971579 143.1 -126.39406018126861 -154.7004804466466 327.90872 107.56596 -999.0 -999.0 -999.0 -999.0 -999.0 249.2436637649481 -29.516286708261696 249.3235084421982 -29.570192146818545 79.49498234954649 95.9639829747482 -999.0 5400.0 -999.0 1 28 {-999.0 -999.0 -999.0 -999.0 -999.0} "" -999.0 -999.0 -999.0 -999.0 -999 -999 "" "" "" "" 0 0 0.0 0.0 -999 ""
FIBERMAP 253 R+5C3 METROLOGY 0 0 0 1 0 0 -180.35735973727898 87.5947289906885 143.1 -127.0218219506125 -155.12751491916086 327.90872 107.56596 -999.0 -999.0 -999.0 -999.0 -999.0 249.24144225471838 -29.517581645725063 249.32130346434758 -29.571492073748864 79.49689867760813 95.9711251370631 -999.0 6231.0 -999.0 -1 -999 {-999.0 -999.0 -999.0 -999.0 -999.0} "" -999.0 -999.0 -999.0 -999.0 -999 -999 "" "" "" "" 0 0 0.0 0.0 -999 ""
FIBERMAP 255 R-5C11 APOGEE 1 1 0 1 0 0 -26.175340214064683 -88.49705138115098 143.1 80.01377162260358 -45.9797568257666 181.14934 84.15671 249.96306478230753 -29.189195723862706 -3.6527424 -8.016001 0.1401059 249.96306861791277 -29.189219392678247 250.0420886524572 -29.241482383879326 78.86355164699232 94.26855029253898 16000.0 16600.0 2016.0 2 170 {-999.0 14.922089 13.243954 12.428259 -999.0} sdss_psfmag_from_g3xp 14.177983 13.036306 11.9868555 9.368 63050396382975418 1156251767 bright_1x1 mwm_galactic_core_dist_apogee_extra mwm_galactic science 0 0 0.0 0.0 -999 ""
FIBERMAP 255 R-5C11 BOSS 0 0 0 1 0 0 -26.09205381042875 -87.73391753209428 143.1 79.29076804994217 -45.72180581792774 181.14934 84.15671 -999.0 -999.0 -999.0 -999.0 -999.0 249.96065752083572 -29.18846147513029 250.0396262739771 -29.24073194766384 78.86567332387638 94.26428634252903 -999.0 5400.0 -999.0 1 409 {-999.0 -999.0 -999.0 -999.0 -999.0} "" -999.0 -999.0 -999.0 -999.0 -999 -999 "" "" "" "" 0 0 0.0 0.0 -999 ""
FIBERMAP 255 R-5C11 METROLOGY 0 0 0 1 0 0 -25.494040204466323 -88.16980424136148 143.1 79.85341565515911 -45.24117001117091 181.14934 84.15671 -999.0 -999.0 -999.0 -999.0 -999.0 249.9626091873717 -29.187006962632747 250.04158745503764 -29.239272724588876 78.86391298895722 94.25703887593619 -999.0 6231.0 -999.0 -1 -999 {-999.0 -999.0 -999.0 -999.0 -999.0} "" -999.0 -999.0 -999.0 -999.0 -999 -999 "" "" "" "" 0 0 0.0 0.0 -999 ""
FIBERMAP 266 R-11C1 APOGEE 1 1 0 1 0 0 -175.01747762067578 -228.77124569244518 143.1 181.95111989171113 -223.28452706712778 271.6025 87.60765 250.31640093302508 -29.724220479148773 -5.253333 -6.2276745 0.014617196 250.31639304547213 -29.724173735970012 250.3971984857327 -29.775432019026184 78.56095618498973 97.0157520233168 16000.0 16600.0 2016.0 2 260 {-999.0 15.672266 14.129269 12.684159 -999.0} sdss_psfmag_from_g3xp 15.044898 13.404827 12.176008 9.325 63050396382864459 1153032730 bright_1x1 mwm_galactic_core_dist_apogee_sparse mwm_galactic science 0 0 0.0 0.0 -999 ""
FIBERMAP 266 R-11C1 BOSS 0 0 0 1 0 0 -175.76400015490316 -228.6454528721922 143.1 181.65567355544965 -223.98151716660718 271.6025 87.60765 -999.0 -999.0 -999.0 -999.0 -999.0 250.31538967457683 -29.726249717907262 250.39615156965795 -29.777509413321958 78.5618443123323 97.02627185391708 -999.0 5400.0 -999.0 1 354 {-999.0 -999.0 -999.0 -999.0 -999.0} "" -999.0 -999.0 -999.0 -999.0 -999 -999 "" "" "" "" 0 0 0.0 0.0 -999 ""
FIBERMAP 266 R-11C1 METROLOGY 0 0 0 1 0 0 -175.26753344063246 -228.0720333429383 143.1 181.21300665961598 -223.3656445769835 271.6025 87.60765 -999.0 -999.0 -999.0 -999.0 -999.0 250.31388941611237 -29.72445577235661 250.39465938918852 -29.77571973110569 78.56315713527526 97.017311793256 -999.0 6231.0 -999.0 -1 -999 {-999.0 -999.0 -999.0 -999.0 -999.0} "" -999.0 -999.0 -999.0 -999.0 -999 -999 "" "" "" "" 0 0 0.0 0.0 -999 ""
FIBERMAP 267 R-9C2 APOGEE 0 0 0 1 0 0 -186.03286521295178 -186.20685207985863 143.1 137.99399155021416 -224.13060077696696 275.82382 36.49798 -999.0 -999.0 -999.0 -999.0 -999.0 250.16379545967501 -29.727539939738573 250.24457759010136 -29.779166525318207 78.69337798397015 97.04185563551357 -999.0 16600.0 -999.0 2 -999 {-999.0 -999.0 -999.0 -999.0 -999.0} "" -999.0 -999.0 -999.0 -999.0 -999 -999 "" "" "" "" 0 0 0.0 0.0 -999 ""
FIBERMAP 267 R-9C2 BOSS 1 1 0 1 0 0 -186.54255486994876 -185.70478785288822 143.1 137.38745028498312 -224.50997866802274 275.82382 36.49798 250.1617557588111 -29.728695738638535 -6.8136153 -3.5300825 -0.06459683 250.1617352037018 -29.728692566395743 250.24247117585026 -29.780323310715552 78.6951926704177 97.04786417994808 5400.0 5400.0 2016.0 1 457 {-999.0 18.504028 17.999224 17.777357 17.65509} sdss_psfmag_from_ps1dr2 18.3265 18.0349 17.4214 16.3 63050396382878606 1037090579 "" ops_std_boss_ps1dr2 ops_std standard_boss 0 0 0.0 0.0 -999 ""
FIBERMAP 267 R-9C2 METROLOGY 0 0 0 1 0 0 -185.8214532374465 -185.48935420989034 143.1 137.3450855399592 -223.7586006819203 275.82382 36.49798 -999.0 -999.0 -999.0 -999.0 -999.0 250.1616098085996 -29.72647561214952 250.2423526370767 -29.778107430639828 78.69532120284532 97.03656707902246 -999.0 6231.0 -999.0 -1 -999 {-999.0 -999.0 -999.0 -999.0 -999.0} "" -999.0 -999.0 -999.0 -999.0 -999 -999 "" "" "" "" 0 0 0.0 0.0 -999 ""
FIBERMAP 274 R+2C17 APOGEE 1 1 0 1 0 0 106.96810060708378 46.98505698024902 143.1 -20.902058795072588 114.94353776070201 67.765434 66.356224 249.6140665964362 -28.700194811911302 0.6904686 -1.2998221 0.14031592 249.61404286143602 -28.70021061780516 249.6914436820755 -28.753452914291152 79.14284705822695 91.62489081636448 16000.0 16600.0 2016.0 2 61 {-999.0 15.259806 13.690368 12.933006 -999.0} sdss_psfmag_from_g3xp 14.592145 13.520896 12.503215 10.025 63050396383235864 1153032931 bright_1x1 mwm_galactic_core_dist_apogee_sparse mwm_galactic science 0 0 0.0 0.0 -999 ""
FIBERMAP 274 R+2C17 BOSS 0 0 0 1 0 0 107.40672422985378 46.39063026498891 143.1 -20.222151935528306 115.23237368829191 67.765434 66.356224 -999.0 -999.0 -999.0 -999.0 -999.0 249.61643377634024 -28.69927834633809 249.69378541453204 -28.752518290443998 79.14072858878838 91.62077747214965 -999.0 5400.0 -999.0 1 207 {-999.0 -999.0 -999.0 -999.0 -999.0} "" -999.0 -999.0 -999.0 -999.0 -999 -999 "" "" "" "" 0 0 0.0 0.0 -999 ""
FIBERMAP 274 R+2C17 METROLOGY 0 0 0 1 0 0 106.68408702259505 46.296530075906674 143.1 -20.298166449893753 114.50763385738678 67.765434 66.356224 -999.0 -999.0 -999.0 -999.0 -999.0 249.6161460954158 -28.70146325227147 249.69351777988697 -28.754702378942756 79.14112946221472 91.63224157606709 -999.0 6231.0 -999.0 -1 -999 {-999.0 -999.0 -999.0 -999.0 -999.0} "" -999.0 -999.0 -999.0 -999.0 -999 -999 "" "" "" "" 0 0 0.0 0.0 -999 ""
FIBERMAP 280 R-3C15 APOGEE 0 0 0 1 0 0 48.826277935013245 -60.919618692678135 143.1 70.57825042745827 33.369644174916694 132.66771 167.22327 -999.0 -999.0 -999.0 -999.0 -999.0 249.9304800388493 -28.94829742785031 250.0087307209659 -29.00070676719063 78.88188809063458 93.01540601187003 -999.0 16600.0 -999.0 2 -999 {-999.0 -999.0 -999.0 -999.0 -999.0} "" -999.0 -999.0 -999.0 -999.0 -999 -999 "" "" "" "" 0 0 0.0 0.0 -999 ""
FIBERMAP 280 R-3C15 BOSS 1 1 0 1 0 0 48.45741137529063 -60.24315325450621 143.1 69.8347165931838 33.16768332859985 132.66771 167.22327 249.92797851562497 -28.948883483491585 -999.0 -999.0 -999.0 249.92799707318957 -28.94888637547512 250.0062009688138 -29.001303873864913 78.88413027539225 93.01786349644334 5400.0 5400.0 2015.5 1 328 {-999.0 -999.0 -999.0 -999.0 -999.0} "" -999.0 -999.0 -999.0 -999.0 27021603175323385 852029384 "" ops_sky_boss_fallback ops_sky sky_boss 0 0 0.0 0.0 -999 ""
FIBERMAP 280 R-3C15 METROLOGY 0 0 0 1 0 0 49.20390836838534 -60.27394580910063 143.1 70.03774854449465 33.88667492387897 132.66771 167.22327 -999.0 -999.0 -999.0 -999.0 -999.0 249.92869585211324 -28.946701383843983 250.00690663534056 -28.999117154437485 78.88339295836079 93.0067162379097 -999.0 6231.0 -999.0 -1 -999 {-999.0 -999.0 -999.0 -999.0 -999.0} "" -999.0 -999.0 -999.0 -999.0 -999 -999 "" "" "" "" 0 0 0.0 0.0 -999 ""
FIBERMAP 284 R-1C5 APOGEE 1 1 0 1 0 0 -181.9841063143251 -5.817173539356187 143.1 -36.53555841459133 -178.36794979483034 78.85284 94.733185 249.5561997173127 -29.589560134164543 -5.239758 -6.7837176 0.11147489 249.55618615509457 -29.589589151056444 249.6363857609474 -29.642721539739554 79.22273524644851 96.35231032460041 16000.0 16600.0 2016.0 2 281 {-999.0 15.903482 14.396535 13.678955 -999.0} sdss_psfmag_from_g3xp 15.2775 14.253377 13.25719 10.852 63050396382613038 1156251563 bright_1x1 mwm_galactic_core_dist_apogee_extra mwm_galactic science 0 0 0.0 0.0 -999 ""
FIBERMAP 284 R-1C5 BOSS 0 0 0 1 0 0 -181.26400672152084 -6.0258157692510785 143.1 -36.165649276886455 -177.7158708611584 78.85284 94.733185 -999.0 -999.0 -999.0 -999.0 -999.0 249.55751492220116 -29.58768606814836 249.63766180421499 -29.640815591151 79.22163556171266 96.34208914993025 -999.0 5400.0 -999.0 1 462 {-999.0 -999.0 -999.0 -999.0 -999.0} "" -999.0 -999.0 -999.0 -999.0 -999 -999 "" "" "" "" 0 0 0.0 0.0 -999 ""
FIBERMAP 284 R-1C5 METROLOGY 0 0 0 1 0 0 -181.8083207320882 -6.5386775241904775 143.1 -35.792981676621324 -178.36424471758264 78.85284 94.733185 -999.0 -999.0 -999.0 -999.0 -999.0 249.55878834532345 -29.589672431180965 249.6389551736877 -29.642798378709887 79.22050174702883 96.35266157072823 -999.0 6231.0 -999.0 -1 -999 {-999.0 -999.0 -999.0 -999.0 -999.0} "" -999.0 -999.0 -999.0 -999.0 -999 -999 "" "" "" "" 0 0 0.0 0.0 -999 ""
FIBERMAP 286 R-5C13 APOGEE 1 0 1 1 0 0 34.43155068130538 -89.34246824647394 143.1 94.88816861242115 12.777638878485014 9.700187 170.13344 250.01629163889334 -29.063126427373554 -3.5005562 -5.4260087 0.074610524 250.01477373832296 -29.01085140310961 250.09324031658116 -29.06303958487558 78.8113889122445 93.35735458956117 16000.0 16600.0 2016.0 2 162 {-999.0 15.604446 13.863034 12.724268 -999.0} sdss_psfmag_from_g3xp 14.804326 13.404006 12.250863 9.494 63050396382980505 1153032883 bright_1x1 mwm_galactic_core_dist_apogee_sparse mwm_galactic science 0 0 0.0 0.0 -999 ""
FIBERMAP 286 R-5C13 BOSS 0 0 1 1 0 0 35.17077411686163 -89.3264981852259 143.1 95.04402731340961 13.500397526471678 9.700187 170.13344 -999.0 -999.0 -999.0 -999.0 -999.0 250.0154237349743 -29.00864774646041 250.0938350169847 -29.06083711481763 78.81075896267178 93.34615338331668 -999.0 5400.0 -999.0 1 392 {-999.0 -999.0 -999.0 -999.0 -999.0} "" -999.0 -999.0 -999.0 -999.0 -999 -999 "" "" "" "" 0 0 0.0 0.0 -999 ""
FIBERMAP 286 R-5C13 METROLOGY 0 0 1 1 0 0 34.813054465497075 -89.98119251405294 143.1 95.59792094362902 13.000642680177444 9.700187 170.13344 -999.0 -999.0 -999.0 -999.0 -999.0 250.0173415666572 -29.010164637114595 250.09577178967834 -29.06234833671129 78.80914424776388 93.35436985363106 -999.0 6231.0 -999.0 -1 -999 {-999.0 -999.0 -999.0 -999.0 -999.0} "" -999.0 -999.0 -999.0 -999.0 -999 -999 "" "" "" "" 0 0 0.0 0.0 -999 ""
FIBERMAP 290 R+8C13 APOGEE 0 0 0 1 0 0 84.30453347103412 144.1396439249652 143.1 -120.66074299142119 115.42411082429928 22.0234 50.524334 -999.0 -999.0 -999.0 -999.0 -999.0 249.269242157674 -28.69758984705378 249.34655694714422 -28.75166301297923 79.44419729375541 91.49136996041159 -999.0 16600.0 -999.0 2 -999 {-999.0 -999.0 -999.0 -999.0 -999.0} "" -999.0 -999.0 -999.0 -999.0 -999 -999 "" "" "" "" 0 0 0.0 0.0 -999 ""
FIBERMAP 290 R+8C13 BOSS 1 1 0 1 0 0 84.08219281477216 143.4058967591182 143.1 -119.99856487492072 115.03771271572478 22.0234 50.524334 249.27154541015622 -28.69874368714153 -999.0 -999.0 -999.0 249.2715091167161 -28.69872069951064 249.34878250415704 -28.752791123573783 79.44233723257057 91.49831684346947 5400.0 5400.0 2015.5 1 157 {-999.0 -999.0 -999.0 -999.0 -999.0} "" -999.0 -999.0 -999.0 -999.0 27021603175324579 853832504 "" ops_sky_boss_fallback ops_sky sky_boss 0 0 0.0 0.0 -999 ""
FIBERMAP 290 R+8C13 METROLOGY 0 0 0 1 0 0 83.57411579868757 143.97843523810263 143.1 -120.67328380991299 114.676243316828 22.0234 50.524334 -999.0 -999.0 -999.0 -999.0 -999.0 249.26914092541446 -28.699792589069762 249.34643001142217 -28.75386754758938 79.44447520945158 91.50332349527656 -999.0 6231.0 -999.0 -1 -999 {-999.0 -999.0 -999.0 -999.0 -999.0} "" -999.0 -999.0 -999.0 -999.0 -999 -999 "" "" "" "" 0 0 0.0 0.0 -999 ""
FIBERMAP 294 R+11C8 APOGEE 1 1 0 1 0 0 6.3593866626911435 203.98601555336646 143.1 -196.9463984893525 53.48118208268059 22.865389 55.46356 249.00428010831982 -28.88385357844883 1.0043638 -0.18717584 0.101707324 249.00426223628477 -28.883841264607767 249.08209802132876 -28.9384991592723 79.68778819484207 92.43550266425814 16000.0 16600.0 2016.0 2 129 {-999.0 15.981914 14.3449545 13.537209 -999.0} sdss_psfmag_from_g3xp 15.268987 14.1387825 13.097104 10.541 63050396382840099 1153032608 bright_1x1 mwm_galactic_core_dist_apogee_sparse mwm_galactic science 0 0 0.0 0.0 -999 ""
FIBERMAP 294 R+11C8 BOSS 0 0 0 1 0 0 6.223620526749727 203.24225523641746 143.1 -196.25440761691317 53.17667495873045 22.865389 55.46356 -999.0 -999.0 -999.0 -999.0 -999.0 249.00662115482348 -28.88476210932232 249.0844158690786 -28.93941632009841 79.68581575510697 92.44126757271698 -999.0 5400.0 -999.0 1 116 {-999.0 -999.0 -999.0 -999.0 -999.0} "" -999.0 -999.0 -999.0 -999.0 -999 -999 "" "" "" "" 0 0 0.0 0.0 -999 ""
FIBERMAP 294 R+11C8 METROLOGY 0 0 0 1 0 0 5.654854902486072 203.73773825113787 143.1 -196.86824431056917 52.738306923577326 22.865389 55.46356 -999.0 -999.0 -999.0 -999.0 -999.0 249.0044474581056 -28.886069380648376 249.08225837181567 -28.94072780768847 79.68777587895424 92.44797684332536 -999.0 6231.0 -999.0 -1 -999 {-999.0 -999.0 -999.0 -999.0 -999.0} "" -999.0 -999.0 -999.0 -999.0 -999 -999 "" "" "" "" 0 0 0.0 0.0 -999 ""
FIBERMAP 300 R-4C2 APOGEE 0 0 0 1 0 0 -203.4166409014826 -82.18956324675166 143.1 32.78398310298352 -216.9231242186453 50.12467 37.447952 -999.0 -999.0 -999.0 -999.0 -999.0 249.79749577890857 -29.70648017167413 249.8781260540071 -29.758997737494255 79.01169614048183 96.95798152550549 -999.0 16600.0 -999.0 2 -999 {-999.0 -999.0 -999.0 -999.0 -999.0} "" -999.0 -999.0 -999.0 -999.0 -999 -999 "" "" "" "" 0 0 0.0 0.0 -999 ""
FIBERMAP 300 R-4C2 BOSS 1 1 0 1 0 0 -203.43991914146028 -82.95215251622143 143.1 33.520370179902564 -217.1225779450965 50.12467 37.447952 249.80017326758795 -29.707130932852937 -4.1225266 -3.4993377 1.6716871 249.80011697877023 -29.707127095299487 249.8807019670728 -29.759637597733246 79.00945162655846 96.96118171176312 5400.0 5400.0 2016.0 1 453 {-999.0 19.303429 17.65851 16.636408 -999.0} sdss_psfmag_ps1 18.575508 17.237268 16.089968 13.699 63050396382595199 1096546772 bright_1x1 mwm_bin_vis_boss mwm_filler science 0 0 0.0 0.0 -999 ""
FIBERMAP 300 R-4C2 METROLOGY 0 0 0 1 0 0 -204.07183044353684 -82.55043009307984 143.1 32.98309541941551 -217.64410782893395 50.12467 37.447952 -999.0 -999.0 -999.0 -999.0 -999.0 249.79823095868102 -29.70872931641504 249.87883423233632 -29.76124407400777 79.0110513416394 96.9697220184164 -999.0 6231.0 -999.0 -1 -999 {-999.0 -999.0 -999.0 -999.0 -999.0} "" -999.0 -999.0 -999.0 -999.0 -999 -999 "" "" "" "" 0 0 0.0 0.0 -999 ""
FIBERMAP 303 R-1C21 APOGEE 0 0 0 1 0 0 164.55910048866068 -31.379012048786187 143.1 68.67687104389712 152.7941913867681 248.12259 122.14804 -999.0 -999.0 -999.0 -999.0 -999.0 249.9238836897992 -28.58628907356588 250.00099443413228 -28.638815972665252 78.86284144342804 91.14246657979459 -999.0 16600.0 -999.0 2 -999 {-999.0 -999.0 -999.0 -999.0 -999.0} "" -999.0 -999.0 -999.0 -999.0 -999 -999 "" "" "" "" 0 0 0.0 0.0 -999 ""
FIBERMAP 303 R-1C21 BOSS 1 1 0 1 0 0 163.819402504286 -31.52587628236872 143.1 68.6482254263282 152.0406225945575 248.12259 122.14804 249.92385864257812 -28.588499946359562 -999.0 -999.0 -999.0 249.92386450650878 -28.58850494460605 250.0009342693735 -28.64103494370668 78.8630874569446 91.15388699034224 5400.0 5400.0 2015.5 1 324 {-999.0 -999.0 -999.0 -999.0 -999.0} "" -999.0 -999.0 -999.0 -999.0 27021603175324278 853832443 "" ops_sky_boss_fallback ops_sky sky_boss 0 0 0.0 0.0 -999 ""
FIBERMAP 303 R-1C21 METROLOGY 0 0 0 1 0 0 164.06698389243982 -30.815700880318797 143.1 68.0148281915599 152.44610757138895 248.12259 122.14804 -999.0 -999.0 -999.0 -999.0 -999.0 249.9216732877659 -28.58725717847632 249.99875226380584 -28.639791778843094 78.86488690086325 91.14661102192679 -999.0 6231.0 -999.0 -1 -999 {-999.0 -999.0 -999.0 -999.0 -999.0} "" -999.0 -999.0 -999.0 -999.0 -999 -999 "" "" "" "" 0 0 0.0 0.0 -999 ""
FIBERMAP 306 R+4C10 APOGEE 0 0 0 1 0 0 -24.543501645008767 77.49820758940712 143.1 -81.07444455684201 -5.905513876838444 52.974205 51.6366 -999.0 -999.0 -999.0 -999.0 -999.0 249.40358296028225 -29.06620516799472 249.4820867537735 -29.119851835103322 79.34749547635538 93.5267872914165 -999.0 16600.0 -999.0 2 -999 {-999.0 -999.0 -999.0 -999.0 -999.0} "" -999.0 -999.0 -999.0 -999.0 -999 -999 "" "" "" "" 0 0 0.0 0.0 -999 ""
FIBERMAP 306 R+4C10 BOSS 1 1 0 1 0 0 -24.3581722112817 76.78516007926206 143.1 -80.33788078848143 -5.890564643287274 52.974205 51.6366 249.40612792968747 -29.066177693069648 -999.0 -999.0 -999.0 249.40613149627305 -29.066173038709817 249.4845896396821 -29.119815279293032 79.34530934679049 93.52708799141988 5400.0 5400.0 2015.5 1 76 {-999.0 -999.0 -999.0 -999.0 -999.0} "" -999.0 -999.0 -999.0 -999.0 27021603175323504 851730506 "" ops_sky_boss_fallback ops_sky sky_boss 0 0 0.0 0.0 -999 ""
FIBERMAP 306 R+4C10 METROLOGY 0 0 0 1 0 0 -25.070564604716576 76.96745072105765 143.1 -80.68037030653548 -6.541256408139499 52.974205 51.6366 -999.0 -999.0 -999.0 -999.0 -999.0 249.40490962985191 -29.068144628738686 249.48338678516086 -29.121788771268573 79.34644219476044 93.53751406075929 -999.0 6231.0 -999.0 -1 -999 {-999.0 -999.0 -999.0 -999.0 -999.0} "" -999.0 -999.0 -999.0 -999.0 -999 -999 "" "" "" "" 0 0 0.0 0.0 -999 ""
FIBERMAP 313 R-10C2 APOGEE 0 0 0 1 0 0 -149.37884418118665 -189.30575152387553 143.1 149.5067853435977 -189.19507387378422 348.38934 153.42015 -999.0 -999.0 -999.0 -999.0 -999.0 250.2040352439171 -29.622184982945658 250.28448864514564 -29.673743846049145 78.65943383880541 96.50375788745936 -999.0 16600.0 -999.0 2 -999 {-999.0 -999.0 -999.0 -999.0 -999.0} "" -999.0 -999.0 -999.0 -999.0 -999 -999 "" "" "" "" 0 0 0.0 0.0 -999 ""
FIBERMAP 313 R-10C2 BOSS 1 1 0 1 0 0 -148.78353242947946 -189.85181207945726 143.1 150.17597458615077 -188.7426106283533 348.38934 153.42015 250.20610865574778 -29.620791230384356 -12.032766 -14.161046 0.12860891 250.20643022630185 -29.620831858836407 250.28683031549951 -29.672385228467526 78.65740186969336 96.4968294040911 5400.0 5400.0 2016.0 1 515 {-999.0 14.816508 13.839739 13.362028 -999.0} sdss_psfmag_from_g3xp 14.484127 13.797215 12.983994 11.244 63050396382882669 1071765315 dark_flexible_2x1 mwm_halo_vmp_xp_boss mwm_halo science 0 0 1.211374282836914 0.0 -999 ""
FIBERMAP 313 R-10C2 METROLOGY 0 0 0 1 0 0 -149.49525806036496 -190.04463312841767 143.1 150.19851753332992 -189.47962555370893 348.38934 153.42015 -999.0 -999.0 -999.0 -999.0 -999.0 250.2065190687738 -29.62308450326225 250.2869404226351 -29.674637041360093 78.65730179482874 96.50827778218405 -999.0 6231.0 -999.0 -1 -999 {-999.0 -999.0 -999.0 -999.0 -999.0} "" -999.0 -999.0 -999.0 -999.0 -999 -999 "" "" "" "" 0 0 0.0 0.0 -999 ""
FIBERMAP 316 R-2C11 APOGEE 1 1 0 1 0 0 -54.910950315986994 -55.930401729102954 143.1 41.67309605806652 -66.38064150228881 287.11673 57.262257 249.8296754739554 -29.251067704737633 -8.799573 -1.923989 0.17153251 249.82965232728736 -29.251068921715962 249.9088387326077 -29.303636684641802 78.98165751715418 94.57313258485527 16000.0 16600.0 2016.0 2 299 {-999.0 15.608501 14.263818 13.632507 -999.0} sdss_psfmag_from_g3xp 15.072621 14.166329 13.213955 10.97 63050396382972196 1153032833 bright_1x1 mwm_galactic_core_dist_apogee_sparse mwm_galactic science 0 0 0.0 0.0 -999 ""
FIBERMAP 316 R-2C11 BOSS 0 0 0 1 0 0 -55.634322881580175 -55.73947980152174 143.1 41.31966491944642 -67.0400126659996 287.11673 57.262257 -999.0 -999.0 -999.0 -999.0 -999.0 249.82849430808025 -29.253107484679735 249.90763905653182 -29.305678624438855 78.98275989444936 94.58366109067208 -999.0 5400.0 -999.0 1 495 {-999.0 -999.0 -999.0 -999.0 -999.0} "" -999.0 -999.0 -999.0 -999.0 -999 -999 "" "" "" "" 0 0 0.0 0.0 -999 ""
FIBERMAP 316 R-2C11 METROLOGY 0 0 0 1 0 0 -55.107865470961826 -55.20637374743164 143.1 40.92316517409074 -66.40431449138045 287.11673 57.262257 -999.0 -999.0 -999.0 -999.0 -999.0 249.82710929028931 -29.25118283111667 249.90626118780278 -29.303757531695837 78.98390772498209 94.5734375679337 -999.0 6231.0 -999.0 -1 -999 {-999.0 -999.0 -999.0 -999.0 -999.0} "" -999.0 -999.0 -999.0 -999.0 -999 -999 "" "" "" "" 0 0 0.0 0.0 -999 ""
FIBERMAP 318 R-5C18 APOGEE 1 1 0 1 0 0 141.95187927457735 -88.96847302072321 143.1 119.45356310870216 117.45130472662463 71.074936 151.88283 250.09933316277076 -28.69349851593954 -3.6970227 7.262645 1.6375353 250.09931867838847 -28.6934612159211 250.17680267928438 -28.745534270095202 78.71798031773737 91.75521347018582 16000.0 16600.0 2016.0 2 216 {-999.0 14.564809 13.547582 13.0717945 -999.0} sdss_psfmag_from_g3xp 14.204904 13.515956 12.69261 11.003 63050396383246302 1034729773 bright_1x1 mwm_yso_variable_apogee_single mwm_yso science 0 0 0.0 0.0 -999 ""
FIBERMAP 318 R-5C18 BOSS 0 0 0 1 0 0 142.48066325310435 -88.44535099148469 143.1 119.06731443118684 118.08695114388962 71.074936 151.88283 -999.0 -999.0 -999.0 -999.0 -999.0 250.09808163399242 -28.691486844828045 250.17551052881356 -28.74356679891074 78.71895558962129 91.74473351057298 -999.0 5400.0 -999.0 1 308 {-999.0 -999.0 -999.0 -999.0 -999.0} "" -999.0 -999.0 -999.0 -999.0 -999 -999 "" "" "" "" 0 0 0.0 0.0 -999 ""
FIBERMAP 318 R-5C18 METROLOGY 0 0 0 1 0 0 142.6919854153 -89.15396401204164 143.1 119.80559125065578 118.12821213191923 71.074936 151.88283 -999.0 -999.0 -999.0 -999.0 -999.0 250.1006321290675 -28.691350585704573 250.17807490544737 -28.74342346448356 78.71670287689606 91.74490472496097 -999.0 6231.0 -999.0 -1 -999 {-999.0 -999.0 -999.0 -999.0 -999.0} "" -999.0 -999.0 -999.0 -999.0 -999 -999 "" "" "" "" 0 0 0.0 0.0 -999 ""
FIBERMAP 342 R+6C13 APOGEE 0 0 0 1 0 0 62.57194676105357 123.64025143152902 143.1 -105.75943720650547 89.53153556456553 66.0809 64.49375 -999.0 -999.0 -999.0 -999.0 -999.0 249.32004657194386 -28.776237521788573 249.3976193466159 -28.830166453587033 79.40523533637828 91.93561741290324 -999.0 16600.0 -999.0 2 -999 {-999.0 -999.0 -999.0 -999.0 -999.0} "" -999.0 -999.0 -999.0 -999.0 -999 -999 "" "" "" "" 0 0 0.0 0.0 -999 ""
FIBERMAP 342 R+6C13 BOSS 1 1 0 1 0 0 63.074759910764556 123.07715059019272 143.1 -105.09511888770683 89.89007287497967 66.0809 64.49375 249.32257422168757 -28.774767311556403 -63.029446 -120.83734 0.9281948 249.3223410109433 -28.775114957083257 249.39986510451877 -28.829041442132933 79.40319526844695 91.93024887201 5400.0 5400.0 2016.0 1 155 {-999.0 17.419096 16.4625 16.136354 -999.0} sdss_psfmag_ps1 16.936325 16.392185 15.606675 14.214 63050396383271653 1075065560 dark_flexible_2x1 mwm_halo_local_high_boss mwm_halo science 0 0 0.0 0.0 -999 ""
FIBERMAP 342 R+6C13 METROLOGY 0 0 0 1 0 0 62.33596396084364 122.93045545041812 143.1 -105.12371984415049 89.13742071320853 66.0809 64.49375 -999.0 -999.0 -999.0 -999.0 -999.0 249.32219798823047 -28.77738705921051 249.39974211868378 -28.8313124640316 79.403458694731 91.9425291010545 -999.0 6231.0 -999.0 -1 -999 {-999.0 -999.0 -999.0 -999.0 -999.0} "" -999.0 -999.0 -999.0 -999.0 -999 -999 "" "" "" "" 0 0 0.0 0.0 -999 ""
FIBERMAP 351 R0C11 APOGEE 1 1 0 1 0 0 -70.30838009271666 -8.965124911938739 143.1 -7.580851205790319 -70.46883702172066 216.79056 146.71693 249.65820879923794 -29.263180936126826 -4.828864 1.856154 0.11736444 249.6582029891252 -29.26315776141814 249.73738861614447 -29.316135746254442 79.13143993695932 94.61791334829888 16000.0 16600.0 2016.0 2 251 {-999.0 15.365571 13.760431 12.983137 -999.0} sdss_psfmag_from_g3xp 14.6686535 13.578629 12.551107 10.057 63050396383203737 1153033160 bright_1x1 mwm_galactic_core_dist_apogee_sparse mwm_galactic science 0 0 0.0 0.0 -999 ""
FIBERMAP 351 R0C11 BOSS 0 0 0 1 0 0 -71.06117582248852 -9.011317418085872 143.1 -7.71045880423399 -71.21180492582249 216.79056 146.71693 -999.0 -999.0 -999.0 -999.0 -999.0 249.65778600229962 -29.265453369574438 249.73693160303048 -29.318432761258624 79.13189683766252 94.63003787297606 -999.0 5400.0 -999.0 1 519 {-999.0 -999.0 -999.0 -999.0 -999.0} "" -999.0 -999.0 -999.0 -999.0 -999 -999 "" "" "" "" 0 0 0.0 0.0 -999 ""
FIBERMAP 351 R0C11 METROLOGY 0 0 0 1 0 0 -70.72592536541863 -8.351873507430815 143.1 -8.27418204562674 -70.73280505103668 216.79056 146.71693 -999.0 -999.0 -999.0 -999.0 -999.0 249.6558141195422 -29.26400077789698 249.73496804452236 -29.31698503886216 79.13357151041419 94.62213048652654 -999.0 6231.0 -999.0 -1 -999 {-999.0 -999.0 -999.0 -999.0 -999.0} "" -999.0 -999.0 -999.0 -999.0 -999 -999 "" "" "" "" 0 0 0.0 0.0 -999 ""
FIBERMAP 357 R-9C9 APOGEE 1 1 0 1 0 0 -11.855810612768742 -186.78858424940498 143.1 178.9437719965247 -54.84033216302625 259.71936 125.08438 250.30620878324478 -29.215536693773597 -3.5374389 1.764303 0.35546085 250.30619654312463 -29.215542142786067 250.38537461160934 -29.2669681475639 78.56509072087331 94.45086152850735 16000.0 16600.0 2016.0 2 166 {-999.0 14.045108 12.431461 11.561705 -999.0} sdss_psfmag_from_g3xp 13.341522 12.183741 11.121272 8.611 63050396382983847 1153032904 bright_1x1 mwm_galactic_core_dist_apogee_sparse mwm_galactic science 0 0 0.0 0.0 -999 ""
FIBERMAP 357 R-9C9 BOSS 0 0 0 1 0 0 -12.5153905673318 -187.10898498541246 143.1 179.10250425975548 -55.55620411353687 259.71936 125.08438 -999.0 -999.0 -999.0 -999.0 -999.0 250.30686472146743 -29.21772577826593 250.38600017357237 -29.269151018288273 78.56461931575465 94.46195871391234 -999.0 5400.0 -999.0 1 399 {-999.0 -999.0 -999.0 -999.0 -999.0} "" -999.0 -999.0 -999.0 -999.0 -999 -999 "" "" "" "" 0 0 0.0 0.0 -999 ""
FIBERMAP 357 R-9C9 METROLOGY 0 0 0 1 0 0 -12.470836879586226 -186.36962479687253 143.1 178.3936453576099 -55.34144116892019 259.71936 125.08438 -999.0 -999.0 -999.0 -999.0 -999.0 250.3044245373716 -29.217090687225486 250.3835715428669 -29.268521596694235 78.56671539624604 94.45842412001542 -999.0 6231.0 -999.0 -1 -999 {-999.0 -999.0 -999.0 -999.0 -999.0} "" -999.0 -999.0 -999.0 -999.0 -999 -999 "" "" "" "" 0 0 0.0 0.0 -999 ""
FIBERMAP 374 R+10C5 APOGEE 0 0 0 1 0 0 -109.53585144952734 184.1749461865005 143.1 -204.54677155343487 -63.8455023103642 284.99747 14.686495 -999.0 -999.0 -999.0 -999.0 -999.0 248.9745752073429 -29.23906406206323 249.05352110866477 -29.293693913531982 79.72706583836988 94.41628589235029 -999.0 16600.0 -999.0 2 -999 {-999.0 -999.0 -999.0 -999.0 -999.0} "" -999.0 -999.0 -999.0 -999.0 -999 -999 "" "" "" "" 0 0 0.0 0.0 -999 ""
FIBERMAP 374 R+10C5 BOSS 1 1 0 1 0 0 -109.90049808904922 184.8392458835282 143.1 -205.27749314101987 -64.0461790593465 284.99747 14.686495 248.9716597525142 -29.239635759519693 -8.138478 -10.752376 0.1586417 248.97203917668548 -29.23966160790015 249.05094178810464 -29.29429828188246 79.72932871952077 94.41938188889725 5400.0 5400.0 2016.0 1 152 {-999.0 15.107986 13.755257 13.054173 -999.0} sdss_psfmag_from_g3xp 14.5719595 13.606689 12.635803 10.451 63050396382828320 1076134865 bright_1x1 mwm_halo_mp_xp_boss_single mwm_halo science 0 0 1.3049792051315308 0.0 -999 ""
FIBERMAP 374 R+10C5 METROLOGY 0 0 0 1 0 0 -109.16518294343138 184.8246407881286 143.1 -205.09279959528325 -63.33431109528423 284.99747 14.686495 -999.0 -999.0 -999.0 -999.0 -999.0 248.9726468095376 -29.23752156815531 249.05155544072716 -29.292157132398458 79.72874391301492 94.4074464502263 -999.0 6231.0 -999.0 -1 -999 {-999.0 -999.0 -999.0 -999.0 -999.0} "" -999.0 -999.0 -999.0 -999.0 -999 -999 "" "" "" "" 0 0 0.0 0.0 -999 ""
FIBERMAP 391 R+1C10 APOGEE 0 0 0 1 0 0 -67.62480036212423 21.07559855185543 143.1 -36.17979908131988 -60.893361999688146 350.156 133.80777 -999.0 -999.0 -999.0 -999.0 -999.0 249.5587877375718 -29.23378609387152 249.6378572795893 -29.287011961278555 79.21743136952348 94.45061107312762 -999.0 16600.0 -999.0 2 -999 {-999.0 -999.0 -999.0 -999.0 -999.0} "" -999.0 -999.0 -999.0 -999.0 -999 -999 "" "" "" "" 0 0 0.0 0.0 -999 ""
FIBERMAP 391 R+1C10 BOSS 1 1 0 1 0 0 -67.1994392100345 20.44102101143068 143.1 -35.463911771280664 -60.626735907501235 350.156 133.80777 249.5613098144531 -29.233018711974125 -999.0 -999.0 -999.0 249.56130367681988 -29.233021432086115 249.64032456247844 -29.286242582306755 79.21525899146002 94.44681862332078 5400.0 5400.0 2015.5 1 30 {-999.0 -999.0 -999.0 -999.0 -999.0} "" -999.0 -999.0 -999.0 -999.0 27021603175323185 853832224 "" ops_sky_boss_fallback ops_sky sky_boss 0 0 0.0 0.0 -999 ""
FIBERMAP 391 R+1C10 METROLOGY 0 0 0 1 0 0 -67.93867798839415 20.396644170086475 143.1 -35.592142244850834 -61.35609574971177 350.156 133.80777 -999.0 -999.0 -999.0 -999.0 -999.0 249.56083157009977 -29.23523962449258 249.63987263946478 -29.28846096385972 79.21571421650664 94.45861163903533 -999.0 6231.0 -999.0 -1 -999 {-999.0 -999.0 -999.0 -999.0 -999.0} "" -999.0 -999.0 -999.0 -999.0 -999 -999 "" "" "" "" 0 0 0.0 0.0 -999 ""
FIBERMAP 398 R-5C4 APOGEE 0 0 0 1 0 0 -152.49281888171362 -103.30510074458311 143.1 65.13041677075856 -172.284363602816 5.196308 87.84525 -999.0 -999.0 -999.0 -999.0 -999.0 249.91060606337476 -29.571847517520553 249.99083211002414 -29.62412978161045 78.91469743307096 96.25005197285822 -999.0 16600.0 -999.0 2 -999 {-999.0 -999.0 -999.0 -999.0 -999.0} "" -999.0 -999.0 -999.0 -999.0 -999 -999 "" "" "" "" 0 0 0.0 0.0 -999 ""
FIBERMAP 398 R-5C4 BOSS 1 1 0 1 0 0 -152.44951112706698 -104.04354588133424 143.1 65.85875674983673 -172.41344998597836 5.196308 87.84525 249.91315105896192 -29.572247397043675 13.768855 -11.229216 3.0523908 249.91321564552953 -29.57229359406166 249.99339536938533 -29.624569421713062 78.91246914289806 96.25233601429164 5400.0 5400.0 2016.0 1 492 {-999.0 17.704847 16.143246 15.350393 -999.0} sdss_psfmag_ps1 17.037699 15.934656 14.8955 12.749 63050396382947649 1078034635 bright_flexible_2x1 mwm_snc_ext_main_boss mwm_snc science 0 0 0.0 0.0 -999 ""
FIBERMAP 398 R-5C4 METROLOGY 0 0 0 1 0 0 -153.12135204974464 -103.71061803580629 143.1 65.37914180476783 -172.98977053382592 5.196308 87.84525 -999.0 -999.0 -999.0 -999.0 -999.0 249.91153649867314 -29.57405792753757 249.99173517826125 -29.62633731247195 78.91391178751729 96.26153180409648 -999.0 6231.0 -999.0 -1 -999 {-999.0 -999.0 -999.0 -999.0 -999.0} "" -999.0 -999.0 -999.0 -999.0 -999 -999 "" "" "" "" 0 0 0.0 0.0 -999 ""
FIBERMAP 400 R-2C24 APOGEE 0 0 0 1 0 0 248.96404166094914 -31.463680681981074 143.1 88.32898493227727 234.8767613390906 3.7578785 167.05667 -999.0 -999.0 -999.0 -999.0 -999.0 249.99117720758616 -28.338879442282675 250.0675282272549 -28.39131333357567 78.78037247979233 89.90151198992618 -999.0 16600.0 -999.0 2 -999 {-999.0 -999.0 -999.0 -999.0 -999.0} "" -999.0 -999.0 -999.0 -999.0 -999 -999 "" "" "" "" 0 0 0.0 0.0 -999 ""
FIBERMAP 400 R-2C24 BOSS 1 1 0 1 0 0 249.79200730998252 -31.655705255258745 143.1 88.70773912244144 235.63761641734953 3.7578785 167.05667 249.99252319335935 -28.33656824929875 -999.0 -999.0 -999.0 249.99252662106406 -28.336575889133652 250.068822656169 -28.3890118129801 78.77898952740055 89.8903927562028 5400.0 5400.0 2015.5 1 335 {-999.0 -999.0 -999.0 -999.0 -999.0} "" -999.0 -999.0 -999.0 -999.0 27021603175324428 853832471 "" ops_sky_boss_fallback ops_sky sky_boss 0 0 0.0 0.0 -999 ""
FIBERMAP 400 R-2C24 METROLOGY 0 0 0 1 0 0 249.23069166251085 -32.162534023865646 143.1 89.0705964045414 234.97410354507514 3.7578785 167.05667 -999.0 -999.0 -999.0 -999.0 -999.0 249.99378261686397 -28.33853291365046 250.0700986361087 -28.39096393390632 78.77808662563146 89.90099342720191 -999.0 6231.0 -999.0 -1 -999 {-999.0 -999.0 -999.0 -999.0 -999.0} "" -999.0 -999.0 -999.0 -999.0 -999 -999 "" "" "" "" 0 0 0.0 0.0 -999 ""
FIBERMAP 401 R+11C3 APOGEE 1 1 0 1 0 0 -133.58440934810557 206.93178230813788 143.1 -232.25854633970727 -81.96166704690796 204.04967 124.31204 248.8785019101143 -29.292950521347475 -4.8095584 -0.38638514 0.22308682 248.8784767980493 -29.292954311096317 248.95756884046227 -29.347799819297844 79.8118057079909 94.71130901701838 16000.0 16600.0 2016.0 2 5 {-999.0 15.043259 13.230028 11.79491 -999.0} sdss_psfmag_from_g3xp 14.23308 12.517813 11.270844 8.216 63050396382808881 1153032680 bright_1x1 mwm_galactic_core_dist_apogee_sparse mwm_galactic science 0 0 0.0 0.0 -999 ""
FIBERMAP 401 R+11C3 BOSS 0 0 0 1 0 0 -134.21006793560005 207.32823184109165 143.1 -232.7892423386293 -82.47833735199757 204.04967 124.31204 -999.0 -999.0 -999.0 -999.0 -999.0 248.87665548802173 -29.294503886639994 248.95570776190345 -29.349353994671276 79.81345448594408 94.7199367516742 -999.0 5400.0 -999.0 1 5 {-999.0 -999.0 -999.0 -999.0 -999.0} "" -999.0 -999.0 -999.0 -999.0 -999 -999 "" "" "" "" 0 0 0.0 0.0 -999 ""
FIBERMAP 401 R+11C3 METROLOGY 0 0 0 1 0 0 -133.54151845027923 207.66833400823458 143.1 -232.96505890184193 -81.74917269155324 204.04967 124.31204 -999.0 -999.0 -999.0 -999.0 -999.0 248.87600906085217 -29.292306524458418 248.95506676316893 -29.347158616596506 79.81397522425364 94.70747020150719 -999.0 6231.0 -999.0 -1 -999 {-999.0 -999.0 -999.0 -999.0 -999.0} "" -999.0 -999.0 -999.0 -999.0 -999 -999 "" "" "" "" 0 0 0.0 0.0 -999 ""
FIBERMAP 403 R-11C5 APOGEE 1 1 0 1 0 0 -67.83179832876519 -199.34465416661936 143.1 178.17894234294388 -112.20037451589167 85.647064 79.49804 250.30370791665797 -29.389213724594754 -3.8675292 -6.470226 0.052327875 250.303699988674 -29.389222883976263 250.3834306128856 -29.440606090197285 78.57138471461296 95.32640691554673 16000.0 16600.0 2016.0 2 188 {-999.0 16.643888 15.082789 13.894503 -999.0} sdss_psfmag_ps1 15.950432 14.465469 13.280805 10.539 63050396382898880 1156855983 bright_1x1 mwm_galactic_core_dist_apogee_extra mwm_galactic science 0 0 0.0 0.0 -999 ""
FIBERMAP 403 R-11C5 BOSS 0 0 0 1 0 0 -67.10480217296286 -199.53956281217472 143.1 178.53709158322485 -111.53840296370451 85.647064 79.49804 -999.0 -999.0 -999.0 -999.0 -999.0 250.30503840799898 -29.387240735923733 250.38471322055443 -29.438622091762376 78.57023006013283 95.31650406269466 -999.0 5400.0 -999.0 1 385 {-999.0 -999.0 -999.0 -999.0 -999.0} "" -999.0 -999.0 -999.0 -999.0 -999 -999 "" "" "" "" 0 0 0.0 0.0 -999 ""
FIBERMAP 403 R-11C5 METROLOGY 0 0 0 1 0 0 -67.6255403519171 -200.0575615878295 143.1 178.92022224344024 -112.16503523250461 85.647064 79.49804 -999.0 -999.0 -999.0 -999.0 -999.0 250.3063817051557 -29.389147167420045 250.3860769910193 -29.44052449565306 78.56907893915263 95.32621631990321 -999.0 6231.0 -999.0 -1 -999 {-999.0 -999.0 -999.0 -999.0 -999.0} "" -999.0 -999.0 -999.0 -999.0 -999 -999 "" "" "" "" 0 0 0.0 0.0 -999 ""
FIBERMAP 405 R+10C6 APOGEE 0 0 0 1 0 0 -49.653393555172485 192.35296049017265 143.1 -198.6175918003265 -3.7006428679489516 27.454168 80.52058 -999.0 -999.0 -999.0 -999.0 -999.0 248.99669201448717 -29.057045093460925 249.0750698570356 -29.1116727308446 79.70243593193956 93.40072214368774 -999.0 16600.0 -999.0 2 -999 {-999.0 -999.0 -999.0 -999.0 -999.0} "" -999.0 -999.0 -999.0 -999.0 -999 -999 "" "" "" "" 0 0 0.0 0.0 -999 ""
FIBERMAP 405 R+10C6 BOSS 1 1 0 1 0 0 -49.42311889809187 191.63660191577011 143.1 -197.86738650026575 -3.6427422978106856 27.454168 80.52058 248.99927309119263 -29.05687700733453 -1.0172898 -4.43817 0.36046466 248.9992625877966 -29.05688833169874 249.07759599253643 -29.11151143149872 79.70022416721031 93.40032486441942 5400.0 5400.0 2016.0 1 124 {-999.0 17.643959 16.803577 16.392208 16.115192} sdss_psfmag_from_ps1dr2 17.373 16.7888 16.0531 14.679 63050396382835379 1040588092 "" ops_std_boss_ps1dr2 ops_std standard_boss 0 0 0.0 0.0 -999 ""
FIBERMAP 405 R+10C6 METROLOGY 0 0 0 1 0 0 -50.15939271682169 191.802085672082 143.1 -198.1990647005426 -4.320560723480026 27.454168 80.52058 -999.0 -999.0 -999.0 -999.0 -999.0 248.99805404422077 -29.058934543716358 249.0764062244209 -29.113559516807594 79.70134623320291 93.41153373874289 -999.0 6231.0 -999.0 -1 -999 {-999.0 -999.0 -999.0 -999.0 -999.0} "" -999.0 -999.0 -999.0 -999.0 -999 -999 "" "" "" "" 0 0 0.0 0.0 -999 ""
FIBERMAP 406 R-1C24 APOGEE 1 1 0 1 0 0 237.81000080354588 -8.227619271716955 143.1 63.14072462191081 229.41443575783225 64.173546 130.1902 249.90463256835935 -28.355111187573186 -999.0 -999.0 -999.0 249.9046418660519 -28.355107138183307 249.98102565582053 -28.407745385526233 78.8577962679004 89.943279033924 16000.0 16600.0 2015.5 2 204 {-999.0 -999.0 -999.0 -999.0 -999.0} "" -999.0 -999.0 -999.0 -999.0 27021603175324419 836992730 "" ops_sky_apogee_best ops_sky sky_apogee 0 0 0.0 0.0 -999 ""
FIBERMAP 406 R-1C24 BOSS 0 0 0 1 0 0 238.52356175680842 -8.03099928663685 143.1 63.114911911103434 230.15411673867152 64.173546 130.1902 -999.0 -999.0 -999.0 -999.0 -999.0 249.90460753313033 -28.35284952863949 249.9809365297284 -28.405493043118575 78.85763178631781 89.93164777358606 -999.0 5400.0 -999.0 1 287 {-999.0 -999.0 -999.0 -999.0 -999.0} "" -999.0 -999.0 -999.0 -999.0 -999 -999 "" "" "" "" 0 0 0.0 0.0 -999 ""
FIBERMAP 406 R-1C24 METROLOGY 0 0 0 1 0 0 238.3454132219437 -8.745635196085075 143.1 63.768746354775786 229.81513615068613 64.173546 130.1902 -999.0 -999.0 -999.0 -999.0 -999.0 249.9068551765136 -28.35383736257357 249.98320124504335 -28.40647388317447 78.85575695197674 89.93780336472878 -999.0 6231.0 -999.0 -1 -999 {-999.0 -999.0 -999.0 -999.0 -999.0} "" -999.0 -999.0 -999.0 -999.0 -999 -999 "" "" "" "" 0 0 0.0 0.0 -999 ""
FIBERMAP 407 R-6C15 APOGEE 1 1 0 1 0 0 85.54572215790873 -104.88987519133623 143.1 121.8625153569885 58.89255787308504 104.79062 123.52416 250.10803443229725 -28.87092490894871 0.7353437 -1.4359149 0.37980726 250.10805093415368 -28.870921641418544 250.18609560550647 -28.922923732677475 78.72237784662349 92.66279422205173 16000.0 16600.0 2016.0 2 200 {-999.0 14.600891 13.0161705 12.290473 -999.0} sdss_psfmag_from_g3xp 13.917088 12.873639 11.870571 9.544 63050396383010168 1153033019 bright_1x1 mwm_galactic_core_dist_apogee_sparse mwm_galactic science 0 0 0.0 0.0 -999 ""
FIBERMAP 407 R-6C15 BOSS 0 0 0 1 0 0 86.03975353256185 -104.34145658338225 143.1 121.4436026588823 59.50026496146921 104.79062 123.52416 -999.0 -999.0 -999.0 -999.0 -999.0 250.10671382851717 -28.869047361637364 250.18470354683143 -28.921055905861316 78.72347631865652 92.65286954866036 -999.0 5400.0 -999.0 1 282 {-999.0 -999.0 -999.0 -999.0 -999.0} "" -999.0 -999.0 -999.0 -999.0 -999 -999 "" "" "" "" 0 0 0.0 0.0 -999 ""
FIBERMAP 407 R-6C15 METROLOGY 0 0 0 1 0 0 86.27815930318297 -105.04337386390795 143.1 122.18164589716454 59.56942310598165 104.79062 123.52416 -999.0 -999.0 -999.0 -999.0 -999.0 250.1092674527554 -28.86883206081344 250.18727084299724 -28.920833731110605 78.72121966018929 92.65245996245841 -999.0 6231.0 -999.0 -1 -999 {-999.0 -999.0 -999.0 -999.0 -999.0} "" -999.0 -999.0 -999.0 -999.0 -999 -999 "" "" "" "" 0 0 0.0 0.0 -999 ""
FIBERMAP 408 R+13C11 APOGEE 1 1 0 1 0 0 77.41528090072838 236.16899356210143 143.1 -211.77665430014852 130.0603279377826 288.12903 93.50335 248.9561877429576 -28.651894249382835 -7.5045857 -5.5083103 0.040655516 248.95616872041356 -28.651908657301163 249.03326764121732 -28.706746883888464 79.71460511011479 91.12584799666286 16000.0 16600.0 2016.0 2 96 {-999.0 16.519438 14.66226 13.575763 -999.0} sdss_psfmag_from_g3xp 15.659077 14.242723 13.083599 10.152 63050396383284687 1153033201 bright_1x1 mwm_galactic_core_dist_apogee_sparse mwm_galactic science 0 0 0.0 0.0 -999 ""
FIBERMAP 408 R+13C11 BOSS 0 0 0 1 0 0 76.70126101041994 235.91889177753376 143.1 -211.6989252904061 129.30780048789154 288.12903 93.50335 -999.0 -999.0 -999.0 -999.0 -999.0 248.95642920471286 -28.65416931397939 249.03349100809953 -28.70900936751352 79.71458936878977 91.1385664263953 -999.0 5400.0 -999.0 1 170 {-999.0 -999.0 -999.0 -999.0 -999.0} "" -999.0 -999.0 -999.0 -999.0 -999 -999 "" "" "" "" 0 0 0.0 0.0 -999 ""
FIBERMAP 408 R+13C11 METROLOGY 0 0 0 1 0 0 76.85420760225338 236.65941309639575 143.1 -212.38378214700506 129.6282683698487 288.12903 93.50335 -999.0 -999.0 -999.0 -999.0 -999.0 248.9540395702612 -28.65316814258769 249.03111022495295 -28.708013340631442 79.71659193521447 91.13207762706838 -999.0 6231.0 -999.0 -1 -999 {-999.0 -999.0 -999.0 -999.0 -999.0} "" -999.0 -999.0 -999.0 -999.0 -999 -999 "" "" "" "" 0 0 0.0 0.0 -999 ""
FIBERMAP 418 R-5C2 APOGEE 0 0 0 1 0 0 -228.25307690707564 -99.30110760408256 143.1 43.670223486989954 -245.04937794556915 206.45103 98.213524 -999.0 -999.0 -999.0 -999.0 -999.0 249.835188645993 -29.79111666703328 249.9160989530892 -29.843519485271894 78.97732155523722 97.39775032500773 -999.0 16600.0 -999.0 2 -999 {-999.0 -999.0 -999.0 -999.0 -999.0} "" -999.0 -999.0 -999.0 -999.0 -999 -999 "" "" "" "" 0 0 0.0 0.0 -999 ""
FIBERMAP 418 R-5C2 BOSS 1 1 0 1 0 0 -228.69214493744997 -98.68862416035356 143.1 42.9726494852774 -245.33445960345784 206.45103 98.213524 249.83283842299753 -29.791967600616086 -9.323194 -6.279152 0.19225958 249.83280577076826 -29.79199205615458 249.91367018122014 -29.844399521321407 78.97940970570238 97.4025789609949 5400.0 5400.0 2016.0 1 454 {-999.0 17.577053 16.985075 16.7356 16.567322} sdss_psfmag_from_ps1dr2 17.4048 16.9797 16.3597 15.17 63050396382543427 1040587864 "" ops_std_boss_ps1dr2 ops_std standard_boss 0 0 0.0 0.0 -999 ""
FIBERMAP 418 R-5C2 METROLOGY 0 0 0 1 0 0 -227.9397708011263 -98.6218893028193 143.1 43.08217742112709 -244.58713893241367 206.45103 98.213524 -999.0 -999.0 -999.0 -999.0 -999.0 249.8331898001839 -29.789789523798873 249.91406088073734 -29.842196929896236 78.97911603817042 97.39102305975268 -999.0 6231.0 -999.0 -1 -999 {-999.0 -999.0 -999.0 -999.0 -999.0} "" -999.0 -999.0 -999.0 -999.0 -999 -999 "" "" "" "" 0 0 0.0 0.0 -999 ""
FIBERMAP 420 R+1C6 APOGEE 0 0 0 1 0 0 -180.9638804926758 7.860858675050798 143.1 -49.60388075635653 -174.20422996578662 251.31046 82.707306 -999.0 -999.0 -999.0 -999.0 -999.0 249.51068804519036 -29.57681728958574 249.5908360271187 -29.630062905010423 79.26238434152704 96.28547251272175 -999.0 16600.0 -999.0 2 -999 {-999.0 -999.0 -999.0 -999.0 -999.0} "" -999.0 -999.0 -999.0 -999.0 -999 -999 "" "" "" "" 0 0 0.0 0.0 -999 ""
FIBERMAP 420 R+1C6 BOSS 1 1 0 1 0 0 -181.64671924068568 8.165577201696909 143.1 -50.05860589774787 -174.79778878320312 251.31046 82.707306 249.5091144134905 -29.578679212743975 -5.367243 1.2472229 0.3442462 249.50912370825276 -29.578662660058356 249.5892304154255 -29.631911347334796 79.26377194647847 96.29542680965523 5400.0 5400.0 2016.0 1 20 {-999.0 18.267603 17.695942 17.418125 17.307537} sdss_psfmag_from_ps1dr2 18.0895 17.6747 17.0479 15.652 63050396382610354 1035829140 "" ops_std_boss_ps1dr2 ops_std standard_boss 0 0 0.0 0.0 -999 ""
FIBERMAP 420 R+1C6 METROLOGY 0 0 0 1 0 0 -181.0382466885912 8.605148864225137 143.1 -50.345107395209574 -174.10399947783833 251.31046 82.707306 -999.0 -999.0 -999.0 -999.0 -999.0 249.50811205411915 -29.576585024142517 249.58822515690815 -29.629836787826754 79.26465474601152 96.28431052128019 -999.0 6231.0 -999.0 -1 -999 {-999.0 -999.0 -999.0 -999.0 -999.0} "" -999.0 -999.0 -999.0 -999.0 -999 -999 "" "" "" "" 0 0 0.0 0.0 -999 ""
FIBERMAP 426 R+3C15 APOGEE 0 0 0 1 0 0 50.511928870991994 42.73692085822491 143.1 -29.859498065849746 59.0426524658429 273.60324 91.14602 -999.0 -999.0 -999.0 -999.0 -999.0 249.58229234354707 -28.86967110837228 249.66021819516425 -28.922942409569394 79.18178126963868 92.51418345214813 -999.0 16600.0 -999.0 2 -999 {-999.0 -999.0 -999.0 -999.0 -999.0} "" -999.0 -999.0 -999.0 -999.0 -999 -999 "" "" "" "" 0 0 0.0 0.0 -999 ""
FIBERMAP 426 R+3C15 BOSS 1 1 0 1 0 0 49.76814908888602 42.66285595289481 143.1 -29.959903283838326 58.30199216500243 273.60324 91.14602 249.58163799108925 -28.871883306612922 -5.189337 -6.767878 0.1710084 249.58196025600193 -28.871880009806766 249.65984624612645 -28.925153982090997 79.18224082722162 92.52583916458241 5400.0 5400.0 2016.0 1 205 {-999.0 15.37573 14.463182 13.985903 -999.0} sdss_psfmag_from_g3xp 15.075809 14.411104 13.60919 11.894 63050396383229593 1076134897 bright_1x1 mwm_halo_mp_xp_boss_single mwm_halo science 0 0 1.0342271327972412 0.0 -999 ""
FIBERMAP 426 R+3C15 METROLOGY 0 0 0 1 0 0 50.07641809917904 43.34505619220164 143.1 -30.552017812995576 58.760022883752136 273.60324 91.14602 -999.0 -999.0 -999.0 -999.0 -999.0 249.5798967245912 -28.870478861063383 249.65779109319885 -28.923757496275186 79.1839513461897 92.51782882172137 -999.0 6231.0 -999.0 -1 -999 {-999.0 -999.0 -999.0 -999.0 -999.0} "" -999.0 -999.0 -999.0 -999.0 -999 -999 "" "" "" "" 0 0 0.0 0.0 -999 ""
FIBERMAP 427 R+3C22 APOGEE 1 1 0 1 0 0 203.8263810514779 78.12385122786753 143.1 -28.734191533490776 216.37902786417305 187.14111 24.066195 249.5883989223554 -28.393579573148035 0.32043558 -2.0929792 0.21151236 249.58839140387724 -28.39359779169206 249.66482816315568 -28.446987861864486 79.13845815336073 89.99359834758263 16000.0 16600.0 2016.0 2 115 {-999.0 15.372888 13.723255 12.915577 -999.0} sdss_psfmag_from_g3xp 14.646635 13.515815 12.467548 9.857 63050396383296665 1153033143 bright_1x1 mwm_galactic_core_dist_apogee_sparse mwm_galactic science 0 0 0.0 0.0 -999 ""
FIBERMAP 427 R+3C22 BOSS 0 0 0 1 0 0 204.48263028345508 78.47002936389697 143.1 -28.918770182835917 217.09763659466287 187.14111 24.066195 -999.0 -999.0 -999.0 -999.0 -999.0 249.58780665516574 -28.391383560575154 249.66418984463667 -28.44477995046425 79.1387863734069 89.98163464426761 -999.0 5400.0 -999.0 1 200 {-999.0 -999.0 -999.0 -999.0 -999.0} "" -999.0 -999.0 -999.0 -999.0 -999 -999 "" "" "" "" 0 0 0.0 0.0 -999 ""
FIBERMAP 427 R+3C22 METROLOGY 0 0 0 1 0 0 204.46376302181224 77.73333916334337 143.1 -28.2065528851192 216.90847834920405 187.14111 24.066195 -999.0 -999.0 -999.0 -999.0 -999.0 249.59023787824827 -28.39192725494353 249.66663647093355 -28.44531641829527 79.13670275630065 89.98565582428262 -999.0 6231.0 -999.0 -1 -999 {-999.0 -999.0 -999.0 -999.0 -999.0} "" -999.0 -999.0 -999.0 -999.0 -999 -999 "" "" "" "" 0 0 0.0 0.0 -999 ""
FIBERMAP 429 R-3C5 APOGEE 1 1 0 1 0 0 -174.35355496007355 -38.94874398246596 143.1 -2.5386995462266593 -178.62731450098838 160.98175 53.201424 249.67471568344794 -29.590751439173246 -8.545811 -6.010523 0.03977102 249.67469691717812 -29.590760635604568 249.7549284252857 -29.643606959151654 79.11970420104656 96.35455033288224 16000.0 16600.0 2016.0 2 289 {-999.0 15.450704 13.723849 11.882887 -999.0} sdss_psfmag_from_g3xp 14.645809 12.615483 11.299429 8.153 63050396382612552 1153032436 bright_1x1 mwm_galactic_core_dist_apogee_sparse mwm_galactic science 0 0 0.0 0.0 -999 ""
FIBERMAP 429 R-3C5 BOSS 0 0 0 1 0 0 -173.7492576326913 -38.53476420751595 143.1 -2.8012754044965713 -177.94352013313474 160.98175 53.201424 -999.0 -999.0 -999.0 -999.0 -999.0 249.67383420763906 -29.588756257113925 249.7540116909306 -29.64160506523979 79.12050882109858 96.34396099040441 -999.0 5400.0 -999.0 1 474 {-999.0 -999.0 -999.0 -999.0 -999.0} "" -999.0 -999.0 -999.0 -999.0 -999 -999 "" "" "" "" 0 0 0.0 0.0 -999 ""
FIBERMAP 429 R-3C5 METROLOGY 0 0 0 1 0 0 -173.668729481835 -39.26479307952991 143.1 -2.0724923212169264 -178.03445021121638 160.98175 53.201424 -999.0 -999.0 -999.0 -999.0 -999.0 249.6763605733059 -29.589060015444158 249.7565530549075 -29.641902689790946 79.11829890525402 96.34549269486172 -999.0 6231.0 -999.0 -1 -999 {-999.0 -999.0 -999.0 -999.0 -999.0} "" -999.0 -999.0 -999.0 -999.0 -999 -999 "" "" "" "" 0 0 0.0 0.0 -999 ""
FIBERMAP 434 R+1C15 APOGEE 0 0 0 1 0 0 50.55251614237042 22.594079308968496 143.1 -10.25678426177211 54.41190255705543 39.23125 83.95743 -999.0 -999.0 -999.0 -999.0 -999.0 249.65021370281949 -28.883918862088876 249.7281996263838 -28.93702246190216 79.12324308274717 92.60797435149937 -999.0 16600.0 -999.0 2 -999 {-999.0 -999.0 -999.0 -999.0 -999.0} "" -999.0 -999.0 -999.0 -999.0 -999 -999 "" "" "" "" 0 0 0.0 0.0 -999 ""
FIBERMAP 434 R+1C15 BOSS 1 1 0 1 0 0 50.98182812009195 21.94519123162393 143.1 -9.52606081477903 54.67905371062809 39.23125 83.95743 249.65266999746703 -28.883054179114005 -29.663244 -3.9076886 0.7006822 249.6527912247437 -28.883077915823577 249.7307280667136 -28.936178011623205 79.12098363934817 92.60421096721058 5400.0 5400.0 2016.0 1 197 {-999.0 15.8638 15.233437 14.999502 -999.0} sdss_psfmag_ps1 15.665909 15.248935 14.576315 13.43 63050396383229270 1072886538 bright_1x1 mwm_halo_local_high_boss_single mwm_halo science 0 0 0.7504621744155884 0.0 -999 ""
FIBERMAP 434 R+1C15 METROLOGY 0 0 0 1 0 0 50.23135850060673 21.918538054911515 143.1 -9.674135347967784 53.942878757976565 39.23125 83.95743 -999.0 -999.0 -999.0 -999.0 -999.0 249.65225539150936 -28.885307918616775 249.73021245501957 -28.938407973630852 79.12156768265382 92.61586204777194 -999.0 6231.0 -999.0 -1 -999 {-999.0 -999.0 -999.0 -999.0 -999.0} "" -999.0 -999.0 -999.0 -999.0 -999 -999 "" "" "" "" 0 0 0.0 0.0 -999 ""
FIBERMAP 435 R-5C3 APOGEE 1 1 0 1 0 0 -194.73925028927886 -107.63904754935862 143.1 59.55105444057941 -214.38307518381893 234.22371 130.81189 249.89082037572305 -29.698833981308766 -3.4689157 -2.8781867 0.08427995 249.8908242706918 -29.69884813453668 249.97145192085043 -29.75114251486602 78.93077926333123 96.91163274447706 16000.0 16600.0 2016.0 2 243 {-999.0 15.652581 13.892946 12.938207 -999.0} sdss_psfmag_from_g3xp 14.859267 13.586443 12.485022 9.785 63050396382595828 1153032345 bright_1x1 mwm_galactic_core_dist_apogee_sparse mwm_galactic science 0 0 0.0 0.0 -999 ""
FIBERMAP 435 R-5C3 BOSS 0 0 0 1 0 0 -195.47840079308403 -107.70976665554039 143.1 59.448468027650605 -215.11845676044157 234.22371 130.81189 -999.0 -999.0 -999.0 -999.0 -999.0 249.8905213296118 -29.701103842207008 249.9711078103477 -29.753397821820673 78.93105139847843 96.92339712790636 -999.0 5400.0 -999.0 1 500 {-999.0 -999.0 -999.0 -999.0 -999.0} "" -999.0 -999.0 -999.0 -999.0 -999 -999 "" "" "" "" 0 0 0.0 0.0 -999 ""
FIBERMAP 435 R-5C3 METROLOGY 0 0 0 1 0 0 -195.17005286242815 -107.02871715659562 143.1 58.85749114241768 -214.66061607999373 234.22371 130.81189 -999.0 -999.0 -999.0 -999.0 -999.0 249.88846257515914 -29.699759309570332 249.96905797223383 -29.752058782981695 78.93284675169814 96.91653233313644 -999.0 6231.0 -999.0 -1 -999 {-999.0 -999.0 -999.0 -999.0 -999.0} "" -999.0 -999.0 -999.0 -999.0 -999 -999 "" "" "" "" 0 0 0.0 0.0 -999 ""
FIBERMAP 438 R+12C2 APOGEE 1 1 0 1 0 0 -144.68478647501783 219.59147656094157 143.1 -247.14654229853255 -89.82398252063153 258.26312 88.11404 248.82700837892247 -29.316145814598457 -8.652729 -11.681138 0.06347435 248.8269699435086 -29.316172493183327 248.90612231421142 -29.371135122604134 79.85701229874505 94.83944156561591 16000.0 16600.0 2016.0 2 6 {-999.0 15.377284 13.931665 13.238144 -999.0} sdss_psfmag_from_g3xp 14.784979 13.795887 12.814352 10.448 63050396382808827 1156251633 bright_1x1 mwm_galactic_core_dist_apogee_extra mwm_galactic science 0 0 0.0 0.0 -999 ""
FIBERMAP 438 R+12C2 BOSS 0 0 0 1 0 0 -145.40130427783163 219.72883943168569 143.1 -247.4462862666138 -90.48910389888287 258.26312 88.11404 -999.0 -999.0 -999.0 -999.0 -999.0 248.82596211699413 -29.3181712696403 248.905076526284 -29.37313631440383 79.85795274365081 94.85072900398285 -999.0 5400.0 -999.0 1 6 {-999.0 -999.0 -999.0 -999.0 -999.0} "" -999.0 -999.0 -999.0 -999.0 -999 -999 "" "" "" "" 0 0 0.0 0.0 -999 ""
FIBERMAP 438 R+12C2 METROLOGY 0 0 0 1 0 0 -144.90833649153234 220.3051485566184 143.1 -247.89257516993146 -89.87596481044783 258.26312 88.11404 -999.0 -999.0 -999.0 -999.0 -999.0 248.82437573529154 -29.31631765621086 248.9034963684353 -29.371286872672535 79.85930268625191 94.8401126259937 -999.0 6231.0 -999.0 -1 -999 {-999.0 -999.0 -999.0 -999.0 -999.0} "" -999.0 -999.0 -999.0 -999.0 -999 -999 "" "" "" "" 0 0 0.0 0.0 -999 ""
FIBERMAP 439 R-6C3 APOGEE 0 0 0 1 0 0 -181.1414758008302 -98.84661909278584 143.1 54.151221174027846 -199.11770248607854 127.387665 80.76059 -999.0 -999.0 -999.0 -999.0 -999.0 249.87213635494743 -29.65284555064657 249.95261243870493 -29.70519797444592 78.94758541177836 96.67299287834544 -999.0 16600.0 -999.0 2 244 {-999.0 -999.0 -999.0 -999.0 -999.0} "" -999.0 -999.0 -999.0 -999.0 -999 -999 "" ops_sky_apogee_best_unassigned ops_sky sky_apogee 0 0 0.0 0.0 -999 ""
FIBERMAP 439 R-6C3 BOSS 1 1 0 1 0 0 -180.45927483669755 -98.52994745520412 143.1 54.00136107866955 -198.3806912858632 127.387665 80.76059 249.87167358398435 -29.650648114483076 -999.0 -999.0 -999.0 249.87168429563368 -29.650674086429213 249.95210510481218 -29.70302789408766 78.94804271216083 96.66169083047191 5400.0 5400.0 2015.5 1 501 {-999.0 -999.0 -999.0 -999.0 -999.0} "" -999.0 -999.0 -999.0 -999.0 27021603175313663 814881266 "" ops_sky_boss_good ops_sky sky_boss 0 0 0.0 0.0 -999 ""
FIBERMAP 439 R-6C3 METROLOGY 0 0 0 1 0 0 -180.5330005232067 -99.28669288920935 143.1 54.72036723083221 -198.62786122302373 127.387665 80.76059 -999.0 -999.0 -999.0 -999.0 -999.0 249.87418350058618 -29.65144755094007 249.95462102249132 -29.703795195176674 78.94585161385865 96.66560634494675 -999.0 6231.0 -999.0 -1 -999 {-999.0 -999.0 -999.0 -999.0 -999.0} "" -999.0 -999.0 -999.0 -999.0 -999 -999 "" "" "" "" 0 0 0.0 0.0 -999 ""
FIBERMAP 441 R-2C4 APOGEE 0 0 0 1 0 0 -185.27930443283623 -31.838025289201525 143.1 -11.988619013975267 -187.60632737666214 56.667015 78.15025 -999.0 -999.0 -999.0 -999.0 -999.0 249.641662216313 -29.617781177316832 249.72197214556218 -29.670699590870893 79.14819663475662 96.49908544489722 -999.0 16600.0 -999.0 2 -999 {-999.0 -999.0 -999.0 -999.0 -999.0} "" -999.0 -999.0 -999.0 -999.0 -999 -999 "" "" "" "" 0 0 0.0 0.0 -999 ""
FIBERMAP 441 R-2C4 BOSS 1 1 0 1 0 0 -184.7382460189582 -32.365790921898146 143.1 -11.34980450940673 -187.2023955468101 56.667015 78.15025 249.6440248637894 -29.616637787539045 -27.843693 3.1140468 0.8715286 249.6439363555957 -29.616628919657483 249.72419582418365 -29.66954189880655 79.14627232150256 96.49286808084565 5400.0 5400.0 2016.0 1 472 {-999.0 16.941833 16.093529 15.662311 -999.0} sdss_psfmag_ps1 16.59579 16.01417 15.242223 -999.0 63050396382612019 1072946111 bright_1x1 mwm_halo_local_high_boss_single mwm_halo science 0 0 0.0 0.0 -999 ""
FIBERMAP 441 R-2C4 METROLOGY 0 0 0 1 0 0 -185.46740472486664 -32.56198419475775 143.1 -11.328023294960742 -187.95714980593283 56.667015 78.15025 -999.0 -999.0 -999.0 -999.0 -999.0 249.64398959807966 -29.618932120032802 249.72426984168794 -29.671844396175313 79.1461924515484 96.50509311089729 -999.0 6231.0 -999.0 -1 -999 {-999.0 -999.0 -999.0 -999.0 -999.0} "" -999.0 -999.0 -999.0 -999.0 -999 -999 "" "" "" "" 0 0 0.0 0.0 -999 ""
FIBERMAP 442 R+13C12 APOGEE 0 0 0 1 0 0 90.23920748257933 260.7349694895156 143.1 -232.6991211755103 148.23014962652857 146.89532 113.00988 -999.0 -999.0 -999.0 -999.0 -999.0 248.88528774376977 -28.59672659277781 248.96219777911244 -28.651750364820757 79.77223353678598 90.78928535722156 -999.0 16600.0 -999.0 2 59 {-999.0 -999.0 -999.0 -999.0 -999.0} "" -999.0 -999.0 -999.0 -999.0 -999 -999 "" ops_sky_apogee_best_unassigned ops_sky sky_apogee 0 0 0.0 0.0 -999 ""
FIBERMAP 442 R+13C12 BOSS 1 1 0 1 0 0 90.35394522879493 261.4809661053422 143.1 -233.39816288514356 148.51472055679383 146.89532 113.00988 248.88295835711247 -28.595671644152645 -0.817052 -64.99334 8.021339 248.88296758133535 -28.595862232554495 248.9598304450118 -28.650895090841743 79.77423111819175 90.78349462709963 5400.0 5400.0 2016.0 1 97 {-999.0 22.512964 21.08065 18.849913 -999.0} sdss_psfmag_ps1 21.6589 19.52642 18.123106 15.311 63050396392694043 1078035218 bright_flexible_2x1 mwm_snc_ext_main_boss mwm_snc science 0 0 0.0 0.0 -999 ""
FIBERMAP 442 R+13C12 METROLOGY 0 0 0 1 0 0 90.94012844782897 260.998056373238 143.1 -232.7925180828555 148.97294618444738 146.89532 113.00988 -999.0 -999.0 -999.0 -999.0 -999.0 248.88499671363144 -28.594461335821357 248.96186813893837 -28.649488792232685 79.77233012007243 90.77645622359432 -999.0 6231.0 -999.0 -1 -999 {-999.0 -999.0 -999.0 -999.0 -999.0} "" -999.0 -999.0 -999.0 -999.0 -999 -999 "" "" "" "" 0 0 0.0 0.0 -999 ""
FIBERMAP 445 R-4C10 APOGEE 0 0 0 1 0 0 -40.61377280401138 -68.11469135671042 143.1 56.839853361640884 -55.29851572320284 42.79499 138.49239 -999.0 -999.0 -999.0 -999.0 -999.0 249.88247326513823 -29.217479476370347 249.9615649926052 -29.26992915900591 78.93469628448106 94.4042967629756 -999.0 16600.0 -999.0 2 -999 {-999.0 -999.0 -999.0 -999.0 -999.0} "" -999.0 -999.0 -999.0 -999.0 -999 -999 "" "" "" "" 0 0 0.0 0.0 -999 ""
FIBERMAP 445 R-4C10 BOSS 1 1 0 1 0 0 -39.85093462070007 -68.09976376332044 143.1 57.00220130046639 -54.55302828830284 42.79499 138.49239 249.88310899894148 -29.215230457276032 3.5164843 -5.2927837 1.9925684 249.8831284513035 -29.21524844114753 249.96216519254358 -29.267698484013064 78.93410321319817 94.39276557785081 5400.0 5400.0 2016.0 1 360 {-999.0 17.174566 15.966137 15.387432 -999.0} sdss_psfmag_ps1 16.637373 15.825329 14.928842 12.993 63050396382977793 1096658538 bright_1x1 mwm_bin_vis_boss mwm_filler science 0 0 0.0 0.0 -999 ""
FIBERMAP 445 R-4C10 METROLOGY 0 0 0 1 0 0 -40.217203346742544 -68.74890810385418 143.1 57.54871420695753 -55.0598121772788 42.79499 138.49239 -999.0 -999.0 -999.0 -999.0 -999.0 249.88501902028517 -29.216793326007178 249.96407469741746 -29.26923799421893 78.93248649378447 94.40105363108711 -999.0 6231.0 -999.0 -1 -999 {-999.0 -999.0 -999.0 -999.0 -999.0} "" -999.0 -999.0 -999.0 -999.0 -999 -999 "" "" "" "" 0 0 0.0 0.0 -999 ""
FIBERMAP 449 R-10C16 APOGEE 0 0 0 1 0 0 137.69314841508518 -189.88429549469743 143.1 216.62878402632867 89.91086592458734 215.94295 58.10982 -999.0 -999.0 -999.0 -999.0 -999.0 250.43438715237596 -28.776772598692336 250.51220228144382 -28.828011711984097 78.4310604158783 92.28196093732208 -999.0 16600.0 -999.0 2 -999 {-999.0 -999.0 -999.0 -999.0 -999.0} "" -999.0 -999.0 -999.0 -999.0 -999 -999 "" "" "" "" 0 0 0.0 0.0 -999 ""
FIBERMAP 449 R-10C16 BOSS 1 1 0 1 0 0 137.7147792500797 -188.99103175111435 143.1 215.76490558359797 90.13901479446832 215.94295 58.10982 250.4312572459159 -28.776043440257162 -5.631976 -11.069173 -1.1133054 250.43149972856182 -28.776069916816876 250.5092620895117 -28.827319385633086 78.43357959995404 92.27759090661652 5400.0 5400.0 2016.0 1 333 {-999.0 16.031437 15.162149 14.8207445 -999.0} sdss_psfmag_ps1 15.737848 15.333978 14.405875 13.039 63050396383014227 1093510873 bright_1x1 mwm_astar_core_boss_single mwm_ob science 0 0 0.8038959503173828 0.0 -999 ""
FIBERMAP 449 R-10C16 METROLOGY 0 0 0 1 0 0 138.30341921388316 -189.4517821782197 143.1 216.34956524222832 90.6047678999882 215.94295 58.10982 -999.0 -999.0 -999.0 -999.0 -999.0 250.43352423080708 -28.774645164680134 250.5112966613858 -28.825889239530287 78.43169852540777 92.2711192439262 -999.0 6231.0 -999.0 -1 -999 {-999.0 -999.0 -999.0 -999.0 -999.0} "" -999.0 -999.0 -999.0 -999.0 -999 -999 "" "" "" "" 0 0 0.0 0.0 -999 ""
FIBERMAP 453 R+7C19 APOGEE 0 0 0 1 0 0 201.6717613372363 133.37724800135555 143.1 -82.97972261333229 227.09399804439064 334.32156 131.81276 -999.0 -999.0 -999.0 -999.0 -999.0 249.40199598480697 -28.360867272929266 249.478290109103 -28.414715346639596 79.29817634587222 89.72949245774743 -999.0 16600.0 -999.0 2 -999 {-999.0 -999.0 -999.0 -999.0 -999.0} "" -999.0 -999.0 -999.0 -999.0 -999 -999 "" "" "" "" 0 0 0.0 0.0 -999 ""
FIBERMAP 453 R+7C19 BOSS 1 1 0 1 0 0 201.87152295041386 132.66145161675848 143.1 -82.23713878436864 227.12234837603046 334.32156 131.81276 249.4046245866121 -28.360741801507572 -8.374375 -7.794342 0.05742549 249.40458480923445 -28.36075974669178 249.48083334319153 -28.414605959108012 79.29594064413828 89.73019592666071 5400.0 5400.0 2016.0 1 249 {-999.0 17.21971 15.990283 15.194399 -999.0} sdss_psfmag_ps1 16.629526 15.669524 14.691804 12.441 63050396383304263 1071801169 dark_flexible_2x1 mwm_halo_mp_xp_boss mwm_halo science 0 0 0.0 0.0 -999 ""
FIBERMAP 453 R+7C19 METROLOGY 0 0 0 1 0 0 201.14283544412012 132.84834761717403 143.1 -82.58788612996379 226.45687384051737 334.32156 131.81276 -999.0 -999.0 -999.0 -999.0 -999.0 249.4033337845786 -28.362721300822457 249.4796011354689 -28.41656873933153 79.29722808566002 89.74007947508937 -999.0 6231.0 -999.0 -1 -999 {-999.0 -999.0 -999.0 -999.0 -999.0} "" -999.0 -999.0 -999.0 -999.0 -999 -999 "" "" "" "" 0 0 0.0 0.0 -999 ""
FIBERMAP 454 R+10C8 APOGEE 0 0 0 1 0 0 -36.02629185803057 199.43774012414698 143.1 -202.34956473848166 11.197329052077162 169.36414 105.4691 -999.0 -999.0 -999.0 -999.0 -999.0 248.98427081075093 -29.011808210345762 249.0625034092957 -29.066478328593004 79.71146540372393 93.14538415018899 -999.0 16600.0 -999.0 2 -999 {-999.0 -999.0 -999.0 -999.0 -999.0} "" -999.0 -999.0 -999.0 -999.0 -999 -999 "" "" "" "" 0 0 0.0 0.0 -999 ""
FIBERMAP 454 R+10C8 BOSS 1 1 0 1 0 0 -36.10718394086224 200.15217725485627 143.1 -203.06326583486825 11.284290095031318 169.36414 105.4691 248.98178100585938 -29.01151268772422 -999.0 -999.0 -999.0 248.9817961055886 -29.011521491149878 249.0599827168893 -29.066199388437727 79.71365380885238 93.1432672867216 5400.0 5400.0 2015.5 1 125 {-999.0 -999.0 -999.0 -999.0 -999.0} "" -999.0 -999.0 -999.0 -999.0 27021603175317747 823816704 "" ops_sky_boss_good ops_sky sky_boss 0 0 0.0 0.0 -999 ""
FIBERMAP 454 R+10C8 METROLOGY 0 0 0 1 0 0 -35.41992730300696 199.87571300368077 143.1 -202.63499982188455 11.888697184133116 169.36414 105.4691 -999.0 -999.0 -999.0 -999.0 -999.0 248.98324566373128 -29.009699517968603 249.0614395055063 -29.06437395135657 79.71229925556992 93.13337809460398 -999.0 6231.0 -999.0 -1 -999 {-999.0 -999.0 -999.0 -999.0 -999.0} "" -999.0 -999.0 -999.0 -999.0 -999 -999 "" "" "" "" 0 0 0.0 0.0 -999 ""
FIBERMAP 458 R-13C8 APOGEE 1 1 0 1 0 0 19.400461169269093 -259.76103974308415 143.1 257.17232938158725 -41.35586551753955 301.20697 133.13297 250.5759467198898 -29.17357001407424 2.2267125 -6.811742 0.92236793 250.5759209801454 -29.173566880541593 250.65502188487096 -29.22435146985994 78.3284127612696 94.28119477085716 16000.0 16600.0 2016.0 2 265 {-999.0 13.536323 12.539847 12.110021 -999.0} sdss_psfmag_from_g3xp 13.188762 12.547362 11.731374 10.051 63050396382941371 1106565562 bright_1x1 mwm_tess_rgb_apogee mwm_tessrgb science 0 0 0.0 0.0 -999 ""
FIBERMAP 458 R-13C8 BOSS 0 0 0 1 0 0 19.148956680076566 -260.4688630637951 143.1 257.8025291118296 -41.764621222003676 301.20697 133.13297 -999.0 -999.0 -999.0 -999.0 -999.0 250.57814875402264 -29.17479081636474 250.657203276195 -29.225571394012515 78.32655824376093 94.28758816817924 -999.0 5400.0 -999.0 1 359 {-999.0 -999.0 -999.0 -999.0 -999.0} "" -999.0 -999.0 -999.0 -999.0 -999 -999 "" "" "" "" 0 0 0.0 0.0 -999 ""
FIBERMAP 458 R-13C8 METROLOGY 0 0 0 1 0 0 18.658459748713643 -259.89060886884647 143.1 257.1263264378036 -42.10766493648838 301.20697 133.13297 -999.0 -999.0 -999.0 -999.0 -999.0 250.57586890715902 -29.175848781161307 250.6549407110981 -29.226634092078754 78.32857276710546 94.29245579675171 -999.0 6231.0 -999.0 -1 -999 {-999.0 -999.0 -999.0 -999.0 -999.0} "" -999.0 -999.0 -999.0 -999.0 -999 -999 "" "" "" "" 0 0 0.0 0.0 -999 ""
FIBERMAP 461 R+11C5 APOGEE 1 1 0 1 0 0 -73.05498361184785 197.99000434598722 143.1 -209.52663435749162 -25.156809456590945 313.3793 91.372055 248.95847877251126 -29.121777919440373 -10.668164 6.044915 0.7899981 248.95842935738148 -29.121749307992502 249.0370014528429 -29.17645073705363 79.73809801562115 93.75645284194479 16000.0 16600.0 2016.0 2 147 {-999.0 11.988768 10.564293 9.88159 -999.0} sdss_psfmag_from_g3xp 11.406743 10.437364 9.468474 7.185 63050396382830550 1153032552 bright_1x1 mwm_galactic_core_dist_apogee_sparse mwm_galactic science 0 0 0.0 0.0 -999 ""
FIBERMAP 461 R+11C5 BOSS 0 0 0 1 0 0 -73.5553248223424 197.47516641406307 143.1 -209.14184915607746 -25.7628683689618 313.3793 91.372055 -999.0 -999.0 -999.0 -999.0 -999.0 248.95972735948394 -29.12360054423457 249.0382611547949 -29.17829966802606 79.73706224433612 93.7670366811472 -999.0 5400.0 -999.0 1 150 {-999.0 -999.0 -999.0 -999.0 -999.0} "" -999.0 -999.0 -999.0 -999.0 -999 -999 "" "" "" "" 0 0 0.0 0.0 -999 ""
FIBERMAP 461 R+11C5 METROLOGY 0 0 0 1 0 0 -73.79188368868462 198.1890378241038 143.1 -209.8910921756125 -25.82745836510747 313.3793 91.372055 -999.0 -999.0 -999.0 -999.0 -999.0 248.9570931295283 -29.123778423776415 249.03563944025257 -29.178483445367256 79.73935622652324 93.7676280799484 -999.0 6231.0 -999.0 -1 -999 {-999.0 -999.0 -999.0 -999.0 -999.0} "" -999.0 -999.0 -999.0 -999.0 -999 -999 "" "" "" "" 0 0 0.0 0.0 -999 ""
FIBERMAP 462 R+11C9 APOGEE 1 1 0 1 0 0 28.24108367640422 212.99561814725226 143.1 -200.6368074119659 76.8548278999474 26.534927 85.972176 248.99240258711387 -28.81298365215169 -2.140235 -3.0455263 0.11356044 248.9923727492475 -28.812992633393566 249.0699837329015 -28.86769889304677 79.69406882507153 92.03700542449513 16000.0 16600.0 2016.0 2 128 {-999.0 15.742123 14.021502 13.127992 -999.0} sdss_psfmag_from_g3xp 14.973205 13.753496 12.672438 9.977 63050396382849013 1153032661 bright_1x1 mwm_galactic_core_dist_apogee_sparse mwm_galactic science 0 0 0.0 0.0 -999 ""
FIBERMAP 462 R+11C9 BOSS 0 0 0 1 0 0 28.5365213638657 212.29596287701065 143.1 -199.88774130446564 76.97998647302367 26.534927 85.972176 -999.0 -999.0 -999.0 -999.0 -999.0 248.99494858507225 -28.81260926089132 249.07251453635195 -28.86731194703187 79.69183223523292 92.03564239757952 -999.0 5400.0 -999.0 1 115 {-999.0 -999.0 -999.0 -999.0 -999.0} "" -999.0 -999.0 -999.0 -999.0 -999 -999 "" "" "" "" 0 0 0.0 0.0 -999 ""
FIBERMAP 462 R+11C9 METROLOGY 0 0 0 1 0 0 27.77429101469466 212.4167492679557 143.1 -200.18195974138723 76.26655633159871 26.534927 85.972176 -999.0 -999.0 -999.0 -999.0 -999.0 248.99386386461293 -28.814751857589094 249.0714488625198 -28.869455833530974 79.69290100474292 92.04726485933736 -999.0 6231.0 -999.0 -1 -999 {-999.0 -999.0 -999.0 -999.0 -999.0} "" -999.0 -999.0 -999.0 -999.0 -999 -999 "" "" "" "" 0 0 0.0 0.0 -999 ""
FIBERMAP 465 R+5C7 APOGEE 1 1 0 1 0 0 -113.57959586271372 81.30478246678209 143.1 -105.42068203361559 -91.62994482896468 284.93433 51.57627 249.31755365274847 -29.325856867806245 -6.7813277 -4.0314984 0.34358117 249.31754096840734 -29.325857222419224 249.39684506583922 -29.379638266623353 79.42957621550742 94.92491863248654 16000.0 16600.0 2016.0 2 33 {-999.0 14.085379 12.739772 12.106521 -999.0} sdss_psfmag_from_g3xp 13.552605 12.64015 11.700133 9.487 63050396382781474 1153032538 bright_1x1 mwm_galactic_core_dist_apogee_sparse mwm_galactic science 0 0 0.0 0.0 -999 ""
FIBERMAP 465 R+5C7 BOSS 0 0 0 1 0 0 -114.25702639815832 81.6071576878346 143.1 -105.8718738754363 -92.21878628941222 284.93433 51.57627 -999.0 -999.0 -999.0 -999.0 -999.0 249.31595227405637 -29.327674367335913 249.3952158309488 -29.381459415709752 79.43102724408277 94.93471124903613 -999.0 5400.0 -999.0 1 55 {-999.0 -999.0 -999.0 -999.0 -999.0} "" -999.0 -999.0 -999.0 -999.0 -999 -999 "" "" "" "" 0 0 0.0 0.0 -999 ""
FIBERMAP 465 R+5C7 METROLOGY 0 0 0 1 0 0 -113.64275784398575 82.04494465540047 143.1 -106.15529553275613 -91.51977290027828 284.93433 51.57627 -999.0 -999.0 -999.0 -999.0 -999.0 249.3149522268243 -29.32555964154556 249.39422185900037 -29.379347498760254 79.43185663693671 94.92311651563881 -999.0 6231.0 -999.0 -1 -999 {-999.0 -999.0 -999.0 -999.0 -999.0} "" -999.0 -999.0 -999.0 -999.0 -999 -999 "" "" "" "" 0 0 0.0 0.0 -999 ""
FIBERMAP 468 R-2C9 APOGEE 1 1 0 1 0 0 -77.16468694134568 -55.217130991362595 143.1 35.81963216937647 -87.86187465149726 4.71998 48.279648 249.80913332286624 -29.316176953463625 -3.5674863 -5.4549074 0.040795796 249.80913362806828 -29.3162177437405 249.88852220527258 -29.36881674551246 79.00098221136555 94.91205649294858 16000.0 16600.0 2016.0 2 300 {-999.0 16.524803 14.885088 13.847214 -999.0} sdss_psfmag_from_g3xp 15.811693 14.507568 13.388691 10.689 63050396382968784 1153032816 bright_1x1 mwm_galactic_core_dist_apogee_sparse mwm_galactic science 0 0 0.0 0.0 -999 ""
FIBERMAP 468 R-2C9 BOSS 0 0 0 1 0 0 -77.62912779358402 -55.79116382949621 143.1 36.27032101604769 -88.4467373095238 4.71998 48.279648 -999.0 -999.0 -999.0 -999.0 -999.0 249.81076962618633 -29.3180428025185 249.89011654729973 -29.370638248226907 78.99963277320865 94.92175924979631 -999.0 5400.0 -999.0 1 496 {-999.0 -999.0 -999.0 -999.0 -999.0} "" -999.0 -999.0 -999.0 -999.0 -999 -999 "" "" "" "" 0 0 0.0 0.0 -999 ""
FIBERMAP 468 R-2C9 METROLOGY 0 0 0 1 0 0 -77.8966114932519 -55.107212688456244 143.1 35.54301188440702 -88.5483456267889 4.71998 48.279648 -999.0 -999.0 -999.0 -999.0 -999.0 249.8082268078053 -29.318356699634165 249.8875877076605 -29.370957936332186 79.00184297665908 94.9231840665579 -999.0 6231.0 -999.0 -1 -999 {-999.0 -999.0 -999.0 -999.0 -999.0} "" -999.0 -999.0 -999.0 -999.0 -999 -999 "" "" "" "" 0 0 0.0 0.0 -999 ""
FIBERMAP 470 R+2C23 APOGEE 1 1 0 1 0 0 239.1909964016906 30.17142089398949 143.1 26.10948073034943 239.66078604860937 1.1067669 82.453064 249.77735760523097 -28.323978690237443 -2.285567 -5.190593 0.60808635 249.77732012980167 -28.323990866337 249.85358028449082 -28.376945037004848 78.96589067649676 89.72059319700122 16000.0 16600.0 2016.0 2 74 {-999.0 14.005342 12.653586 12.01496 -999.0} sdss_psfmag_from_g3xp 13.468205 12.547231 11.600109 9.483 63050396383298883 1107472391 bright_1x1 mwm_tess_rgb_apogee mwm_tessrgb science 0 0 0.0 0.0 -999 ""
FIBERMAP 470 R+2C23 BOSS 0 0 0 1 0 0 239.16276800678963 29.42742169142936 143.1 26.826637194645425 239.46082742807548 1.1067669 82.453064 -999.0 -999.0 -999.0 -999.0 -999.0 249.779835777131 -28.324566989990288 249.8560510056525 -28.37751954192935 78.96379343122425 89.72482836694974 -999.0 5400.0 -999.0 1 233 {-999.0 -999.0 -999.0 -999.0 -999.0} "" -999.0 -999.0 -999.0 -999.0 -999 -999 "" "" "" "" 0 0 0.0 0.0 -999 ""
FIBERMAP 470 R+2C23 METROLOGY 0 0 0 1 0 0 238.5212390100013 29.83944110351153 143.1 26.277116452220007 238.93232965418352 1.1067669 82.453064 -999.0 -999.0 -999.0 -999.0 -999.0 249.77793582324128 -28.32611205162565 249.85416886171072 -28.379067441295536 78.96560982287639 89.731912875398 -999.0 6231.0 -999.0 -1 -999 {-999.0 -999.0 -999.0 -999.0 -999.0} "" -999.0 -999.0 -999.0 -999.0 -999 -999 "" "" "" "" 0 0 0.0 0.0 -999 ""
FIBERMAP 472 R-1C15 APOGEE 0 0 0 1 0 0 13.760786047178822 -21.764077012430505 143.1 24.360823047836817 8.339241174837696 238.53293 55.77741 -999.0 -999.0 -999.0 -999.0 -999.0 249.7699631864617 -29.024097370961407 249.84841776908365 -29.076872859611417 79.02579126673322 93.37466989396705 -999.0 16600.0 -999.0 2 -999 {-999.0 -999.0 -999.0 -999.0 -999.0} "" -999.0 -999.0 -999.0 -999.0 -999 -999 "" "" "" "" 0 0 0.0 0.0 -999 ""
FIBERMAP 472 R-1C15 BOSS 1 1 0 1 0 0 13.476429381477157 -21.071787279481093 143.1 23.621490727171548 8.223153569667106 238.53293 55.77741 249.76717615417496 -29.024406673246713 -5.858368 -9.217331 0.2056244 249.76745952743778 -29.024438117787057 249.8458671074843 -29.077221537901014 79.02803458175029 93.37593968895669 5400.0 5400.0 2016.0 1 326 {-999.0 15.592844 14.690976 14.2204895 -999.0} sdss_psfmag_from_g3xp 15.2994995 14.643504 13.843307 12.145 63050396383213401 1071765318 dark_flexible_2x1 mwm_halo_vmp_xp_boss mwm_halo science 0 0 0.9702175259590149 0.0 -999 ""
FIBERMAP 472 R-1C15 METROLOGY 0 0 0 1 0 0 14.207298140241598 -21.1639727152081 143.1 23.880617142522215 8.912709019935143 238.53293 55.77741 -999.0 -999.0 -999.0 -999.0 -999.0 249.7683533715178 -29.02234477556594 249.84676800589705 -29.075126069368316 79.02714778315216 93.36514110204922 -999.0 6231.0 -999.0 -1 -999 {-999.0 -999.0 -999.0 -999.0 -999.0} "" -999.0 -999.0 -999.0 -999.0 -999 -999 "" "" "" "" 0 0 0.0 0.0 -999 ""
FIBERMAP 474 R-3C8 APOGEE 0 0 0 1 0 0 -112.6016219138979 -67.70858102922229 143.1 39.75403924521731 -125.22822936819702 234.77008 99.42073 -999.0 -999.0 -999.0 -999.0 -999.0 249.82255806303183 -29.42948688004753 249.90230991562532 -29.482021692386702 78.99087884815866 95.50610603440936 -999.0 16600.0 -999.0 2 -999 {-999.0 -999.0 -999.0 -999.0 -999.0} "" -999.0 -999.0 -999.0 -999.0 -999 -999 "" "" "" "" 0 0 0.0 0.0 -999 ""
FIBERMAP 474 R-3C8 BOSS 1 1 0 1 0 0 -113.35568939692732 -67.32259795029785 143.1 39.20375183711998 -125.87223201574675 234.77008 99.42073 249.82068851263244 -29.431497842094696 -1.1988392 -4.9553785 0.10166199 249.82070618812037 -29.431496747110195 249.90041609636353 -29.484035949019948 78.9925508613534 95.51655291478016 5400.0 5400.0 2016.0 1 477 {-999.0 17.260199 16.295094 15.777891 -999.0} sdss_psfmag_ps1 16.922537 16.217539 15.385245 13.588 63050396382965701 1071801099 dark_flexible_2x1 mwm_halo_mp_xp_boss mwm_halo science 0 0 0.0 0.0 -999 ""
FIBERMAP 474 R-3C8 METROLOGY 0 0 0 1 0 0 -112.67842491276949 -66.96453834485503 143.1 39.01248837240903 -125.13042658757685 234.77008 99.42073 -999.0 -999.0 -999.0 -999.0 -999.0 249.8200367482391 -29.42926277626261 249.89975297279602 -29.481804089710675 78.99310197481394 95.5048290659895 -999.0 6231.0 -999.0 -1 -999 {-999.0 -999.0 -999.0 -999.0 -999.0} "" -999.0 -999.0 -999.0 -999.0 -999 -999 "" "" "" "" 0 0 0.0 0.0 -999 ""
FIBERMAP 477 R-7C14 APOGEE 1 1 0 1 0 0 91.59900058891421 -140.8016070957517 143.1 158.19798766390025 56.454355589834066 346.15924 110.407265 250.23360455395235 -28.878261085420753 11.413569 -4.239794 1.3176963 250.23363978797303 -28.87827100432708 250.31173405064567 -28.929967376806136 78.61307298403091 92.73370213506712 16000.0 16600.0 2016.0 2 197 {-999.0 15.495612 14.562187 14.151025 -999.0} sdss_psfmag_from_g3xp 15.200986 14.557131 13.7764015 12.133 63050396383012350 1034729774 bright_1x1 mwm_yso_variable_apogee_single mwm_yso science 0 0 0.0 0.0 -999 ""
FIBERMAP 477 R-7C14 BOSS 0 0 0 1 0 0 91.69584756062024 -141.54404588879675 143.1 158.94262570945347 56.37642181238645 346.15924 110.407265 -999.0 -999.0 -999.0 -999.0 -999.0 250.2363304693709 -28.8784810083718 250.31437669317074 -28.930173522356736 78.61077759087036 92.73547853725916 -999.0 5400.0 -999.0 1 272 {-999.0 -999.0 -999.0 -999.0 -999.0} "" -999.0 -999.0 -999.0 -999.0 -999 -999 "" "" "" "" 0 0 0.0 0.0 -999 ""
FIBERMAP 477 R-7C14 METROLOGY 0 0 0 1 0 0 91.00186914125548 -141.26559529625777 143.1 158.51086906414352 55.76593687009024 346.15924 110.407265 -999.0 -999.0 -999.0 -999.0 -999.0 250.23485438158687 -28.88032654140437 250.3129200885071 -28.932021333910026 78.61216561068166 92.74441379156957 -999.0 6231.0 -999.0 -1 -999 {-999.0 -999.0 -999.0 -999.0 -999.0} "" -999.0 -999.0 -999.0 -999.0 -999 -999 "" "" "" "" 0 0 0.0 0.0 -999 ""
FIBERMAP 479 R-1C14 APOGEE 1 1 0 1 0 0 25.140125109638618 -26.930943363143772 143.1 32.025089731247874 18.210161763706722 352.48273 95.05655 249.7966503139031 -28.994142951757613 -3.970535 -5.1384096 0.10010941 249.7966426638389 -28.99416408157035 249.87500868474342 -29.046883599306547 79.00109984488918 93.22350671361659 16000.0 16600.0 2016.0 2 230 {-999.0 15.541347 14.005911 13.267512 -999.0} sdss_psfmag_from_g3xp 14.892577 13.848678 12.846357 10.373 63050396383213580 1153033195 bright_1x1 mwm_galactic_core_dist_apogee_sparse mwm_galactic science 0 0 0.0 0.0 -999 ""
FIBERMAP 479 R-1C14 BOSS 0 0 0 1 0 0 24.97648674140484 -27.658686812271217 143.1 32.69503837682804 17.88225641917741 352.48273 95.05655 -999.0 -999.0 -999.0 -999.0 -999.0 249.79903832039187 -28.99515032030805 249.87736035818546 -29.047865888960033 78.9990963106623 93.22919343321257 -999.0 5400.0 -999.0 1 339 {-999.0 -999.0 -999.0 -999.0 -999.0} "" -999.0 -999.0 -999.0 -999.0 -999 -999 "" "" "" "" 0 0 0.0 0.0 -999 ""
FIBERMAP 479 R-1C14 METROLOGY 0 0 0 1 0 0 24.429118983632005 -27.147252384742725 143.1 32.07064667209129 17.4684008965283 352.48273 95.05655 -999.0 -999.0 -999.0 -999.0 -999.0 249.79685705498363 -28.996403036464912 249.87519606564854 -29.049122915411704 79.00104942587622 93.23527214495414 -999.0 6231.0 -999.0 -1 -999 {-999.0 -999.0 -999.0 -999.0 -999.0} "" -999.0 -999.0 -999.0 -999.0 -999 -999 "" "" "" "" 0 0 0.0 0.0 -999 ""
FIBERMAP 480 R+9C15 APOGEE 0 0 0 1 0 0 107.3547507383137 182.49403792501116 143.1 -152.62442915789015 146.7381504046573 187.98604 78.111885 -999.0 -999.0 -999.0 -999.0 -999.0 249.1600461262116 -28.60243223854578 249.2370383803767 -28.65679458100353 79.53234340436774 90.93082196787105 -999.0 16600.0 -999.0 2 -999 {-999.0 -999.0 -999.0 -999.0 -999.0} "" -999.0 -999.0 -999.0 -999.0 -999 -999 "" "" "" "" 0 0 0.0 0.0 -999 ""
FIBERMAP 480 R+9C15 BOSS 1 1 0 1 0 0 107.38251410011925 183.24053026634598 143.1 -153.3441185635197 146.93823472724995 187.98604 78.111885 249.15756225585935 -28.601776191222882 -999.0 -999.0 -999.0 249.1575818417395 -28.601780681611093 249.23452651056027 -28.65615247914758 79.5344854273395 90.92627432450081 5400.0 5400.0 2015.5 1 237 {-999.0 -999.0 -999.0 -999.0 -999.0} "" -999.0 -999.0 -999.0 -999.0 27021603175324805 852029483 "" ops_sky_boss_fallback ops_sky sky_boss 0 0 0.0 0.0 -999 ""
FIBERMAP 480 R+9C15 METROLOGY 0 0 0 1 0 0 108.02483910122841 182.82642294675907 143.1 -152.79238231796856 147.46702269585745 187.98604 78.111885 -999.0 -999.0 -999.0 -999.0 -999.0 249.15945986544273 -28.600169285518763 249.23641268206416 -28.654536075687542 79.53269940042608 90.91817942992662 -999.0 6231.0 -999.0 -1 -999 {-999.0 -999.0 -999.0 -999.0 -999.0} "" -999.0 -999.0 -999.0 -999.0 -999 -999 "" "" "" "" 0 0 0.0 0.0 -999 ""
FIBERMAP 482 R+7C10 APOGEE 1 1 0 1 0 0 -13.88950251415569 148.5474066812579 143.1 -147.7150864538921 20.93097433862286 100.658485 118.30545 249.17324385177957 -28.98353399164494 -2.459161 -3.524981 1.5531493 249.17323506146823 -28.98354927710879 249.25142429152413 -29.037773260269077 79.54515029538648 93.02913839692536 16000.0 16600.0 2016.0 2 137 {-999.0 10.26625 10.165723 10.1463175 -999.0} sdss_psfmag_from_g3xp 10.29447 10.129054 9.814817 9.351 63050396382836261 975297561 "" ops_std_apogee ops_std standard_apogee 0 0 0.0 0.0 -999 ""
FIBERMAP 482 R+7C10 BOSS 0 0 0 1 0 0 -13.33235087351903 149.05880942972394 143.1 -148.08335837642758 21.591497309406872 100.658485 118.30545 -999.0 -999.0 -999.0 -999.0 -999.0 249.17194911016324 -28.981526546145957 249.2500864714989 -29.03575612109501 79.54622015892897 93.01772045555197 -999.0 5400.0 -999.0 1 132 {-999.0 -999.0 -999.0 -999.0 -999.0} "" -999.0 -999.0 -999.0 -999.0 -999 -999 "" "" "" "" 0 0 0.0 0.0 -999 ""
FIBERMAP 482 R+7C10 METROLOGY 0 0 0 1 0 0 -13.180752352308385 148.30576756519366 143.1 -147.3157120816209 21.5643629655147 100.658485 118.30545 -999.0 -999.0 -999.0 -999.0 -999.0 249.17457149861937 -28.98162236246912 249.25272258774044 -29.035845058357015 79.54392246124122 93.01883083909308 -999.0 6231.0 -999.0 -1 -999 {-999.0 -999.0 -999.0 -999.0 -999.0} "" -999.0 -999.0 -999.0 -999.0 -999 -999 "" "" "" "" 0 0 0.0 0.0 -999 ""
FIBERMAP 486 R-1C9 APOGEE 1 1 0 1 0 0 -112.57920430708805 -5.9296895203886955 143.1 -20.33419944296816 -110.88264366254248 164.61176 78.55358 249.61338646418722 -29.385592747417252 -4.8021207 -3.2190652 0.2233253 249.61337123579932 -29.385596576177225 249.69293504787288 -29.438648316174994 79.17260368639465 95.26465665071424 16000.0 16600.0 2016.0 2 279 {-999.0 14.030124 12.594856 11.926036 -999.0} sdss_psfmag_from_g3xp 13.44758 12.480302 11.513655 9.22 63050396382619959 1153032292 bright_1x1 mwm_galactic_core_dist_apogee_sparse mwm_galactic science 0 0 0.0 0.0 -999 ""
FIBERMAP 486 R-1C9 BOSS 0 0 0 1 0 0 -112.16718836382587 -5.305084615808603 143.1 -20.846235652947335 -110.33705023923453 164.61176 78.55358 -999.0 -999.0 -999.0 -999.0 -999.0 249.61162777020223 -29.383995760118523 249.69113900280377 -29.43705273707973 79.17414503213502 95.25604482965099 -999.0 5400.0 -999.0 1 458 {-999.0 -999.0 -999.0 -999.0 -999.0} "" -999.0 -999.0 -999.0 -999.0 -999 -999 "" "" "" "" 0 0 0.0 0.0 -999 ""
FIBERMAP 486 R-1C9 METROLOGY 0 0 0 1 0 0 -111.83251317730111 -5.9908037346733085 143.1 -20.1016280575107 -110.17049347251003 164.61176 78.55358 -999.0 -999.0 -999.0 -999.0 -999.0 249.61420784039285 -29.38351024940138 249.69373147060617 -29.436560978709238 79.17188045713772 95.25359901313374 -999.0 6231.0 -999.0 -1 -999 {-999.0 -999.0 -999.0 -999.0 -999.0} "" -999.0 -999.0 -999.0 -999.0 -999 -999 "" "" "" "" 0 0 0.0 0.0 -999 ""
FIBERMAP 491 R+1C18 APOGEE 1 1 0 1 0 0 98.77347804166891 4.636261395708978 143.1 18.39140574773306 97.15367748675976 275.43542 103.49138 249.74987618916782 -28.754478800092112 -1.5635037 -3.8148637 0.12863432 249.74987672242335 -28.75446619013092 249.82747770147557 -28.80736577842103 79.02794452344847 91.95555074850722 16000.0 16600.0 2016.0 2 79 {-999.0 15.591739 14.039283 13.288482 -999.0} sdss_psfmag_from_g3xp 14.927432 13.8732395 12.862161 10.439 63050396383253433 1153033037 bright_1x1 mwm_galactic_core_dist_apogee_sparse mwm_galactic science 0 0 0.0 0.0 -999 ""
FIBERMAP 491 R+1C18 BOSS 0 0 0 1 0 0 98.06793412783334 4.387029075900909 143.1 18.470254215802616 96.40959636151902 275.43542 103.49138 -999.0 -999.0 -999.0 -999.0 -999.0 249.75020388887887 -28.756665977653004 249.82776451952202 -28.809567142135066 79.0278519715002 91.96718169376538 -999.0 5400.0 -999.0 1 240 {-999.0 -999.0 -999.0 -999.0 -999.0} "" -999.0 -999.0 -999.0 -999.0 -999 -999 "" "" "" "" 0 0 0.0 0.0 -999 ""
FIBERMAP 491 R+1C18 METROLOGY 0 0 0 1 0 0 98.213359548336 5.127521255736779 143.1 17.78368187784088 96.72274150911706 275.43542 103.49138 -999.0 -999.0 -999.0 -999.0 -999.0 249.74781687099042 -28.755702848346637 249.8253873735025 -28.808609197123527 79.02986077646582 91.9613757025491 -999.0 6231.0 -999.0 -1 -999 {-999.0 -999.0 -999.0 -999.0 -999.0} "" -999.0 -999.0 -999.0 -999.0 -999 -999 "" "" "" "" 0 0 0.0 0.0 -999 ""
FIBERMAP 492 R-4C12 APOGEE 0 0 0 1 0 0 -3.0555835305707446 -93.27856950817392 143.1 90.02528431623944 -24.599376216598845 278.71872 94.92855 -999.0 -999.0 -999.0 -999.0 -999.0 249.99788741837574 -29.124318940532945 250.07670940490618 -29.176516049544517 78.83094045443937 93.93871238776364 -999.0 16600.0 -999.0 2 -999 {-999.0 -999.0 -999.0 -999.0 -999.0} "" -999.0 -999.0 -999.0 -999.0 -999 -999 "" "" "" "" 0 0 0.0 0.0 -999 ""
FIBERMAP 492 R-4C12 BOSS 1 1 0 1 0 0 -3.784466678979228 -93.48007815979756 143.1 90.0522997845281 -25.355094836134796 278.71872 94.92855 249.99805418540063 -29.126638414816604 5.2764735 0.6177828 0.27815795 249.99808751490087 -29.126625866442808 250.07686839409894 -29.178823534316425 78.83089408545715 93.95064388920468 5400.0 5400.0 2016.0 1 408 {-999.0 17.388744 16.609903 16.237206 16.004694} sdss_psfmag_from_ps1dr2 17.14 16.6065 15.8624 14.557 63050396382977155 1040588241 "" ops_std_boss_ps1dr2 ops_std standard_boss 0 0 0.0 0.0 -999 ""
FIBERMAP 492 R-4C12 METROLOGY 0 0 0 1 0 0 -3.583148365883463 -92.74831149424338 143.1 89.38717398898181 -24.98960472799555 278.71872 94.92855 -999.0 -999.0 -999.0 -999.0 -999.0 249.9957742250043 -29.125519302789492 250.07456483122917 -29.177722393194358 78.83285973847727 93.94454841024253 -999.0 6231.0 -999.0 -1 -999 {-999.0 -999.0 -999.0 -999.0 -999.0} "" -999.0 -999.0 -999.0 -999.0 -999 -999 "" "" "" "" 0 0 0.0 0.0 -999 ""
FIBERMAP 494 R+10C13 APOGEE 0 0 0 1 0 0 93.35763105637412 211.31993121301156 143.1 -183.9092028826977 139.8063446537288 110.336784 79.103195 -999.0 -999.0 -999.0 -999.0 -999.0 249.0522286596578 -28.622921145867053 249.1292597718275 -28.677536811355207 79.62831177420425 91.00147453743614 -999.0 16600.0 -999.0 2 -999 {-999.0 -999.0 -999.0 -999.0 -999.0} "" -999.0 -999.0 -999.0 -999.0 -999 -999 "" "" "" "" 0 0 0.0 0.0 -999 ""
FIBERMAP 494 R+10C13 BOSS 1 1 0 1 0 0 94.09680233655875 211.46815010218455 143.1 -183.8819970822264 140.55971519575766 110.336784 79.103195 249.05236275234483 -28.620607654914206 -1.8369164 -3.841546 -0.121779576 249.05236403636613 -28.62062131864427 249.1293434176613 -28.675240545143183 79.62804917949491 90.98879712735436 5400.0 5400.0 2016.0 1 103 {-999.0 18.749098 17.82774 17.336046 17.029528} sdss_psfmag_from_ps1dr2 18.4468 17.803 16.9781 15.375 63050396383284498 1040588564 "" ops_std_boss_ps1dr2 ops_std standard_boss 0 0 0.0 0.0 -999 ""
FIBERMAP 494 R+10C13 METROLOGY 0 0 0 1 0 0 93.84674558884343 210.75401143872952 143.1 -183.24531863785808 140.15090348805674 110.336784 79.103195 -999.0 -999.0 -999.0 -999.0 -999.0 249.05448918070508 -28.621843545081255 249.13148550229937 -28.676456403409933 79.62627662206785 90.99638860568331 -999.0 6231.0 -999.0 -1 -999 {-999.0 -999.0 -999.0 -999.0 -999.0} "" -999.0 -999.0 -999.0 -999.0 -999 -999 "" "" "" "" 0 0 0.0 0.0 -999 ""
FIBERMAP 496 R-9C5 APOGEE 1 0 1 1 0 0 -99.21822856364594 -167.1177533320733 143.1 139.5541391542562 -135.2585321557271 12.467236 168.0021 250.19302368164062 -29.41217480871269 -999.0 -999.0 -999.0 250.16970422208882 -29.45945960081093 250.24962971936668 -29.511147245262585 78.68894259751961 95.67506231324154 16000.0 16600.0 2015.5 2 268 {-999.0 -999.0 -999.0 -999.0 -999.0} "" -999.0 -999.0 -999.0 -999.0 27021603175319510 848663157 "" ops_sky_apogee_best ops_sky sky_apogee 0 0 0.0 0.0 -999 ""
FIBERMAP 496 R-9C5 BOSS 0 0 1 1 0 0 -98.46540732628131 -167.15736289985216 143.1 139.76721388372292 -134.5354331281234 12.467236 168.0021 -999.0 -999.0 -999.0 -999.0 -999.0 250.1705434505897 -29.457310209133155 250.25041298255871 -29.508996946085837 78.68823523745955 95.66414172882219 -999.0 5400.0 -999.0 1 364 {-999.0 -999.0 -999.0 -999.0 -999.0} "" -999.0 -999.0 -999.0 -999.0 -999 -999 "" "" "" "" 0 0 0.0 0.0 -999 ""
FIBERMAP 496 R-9C5 METROLOGY 0 0 1 1 0 0 -98.87766841411005 -167.79369229814623 143.1 140.29059788099116 -135.08398339704578 12.467236 168.0021 -999.0 -999.0 -999.0 -999.0 -999.0 250.17236729777647 -29.458981829435608 250.25225653028713 -29.510663534736803 78.68665098334803 95.67273537174123 -999.0 6231.0 -999.0 -1 -999 {-999.0 -999.0 -999.0 -999.0 -999.0} "" -999.0 -999.0 -999.0 -999.0 -999 -999 "" "" "" "" 0 0 0.0 0.0 -999 ""
FIBERMAP 499 R+7C3 APOGEE 1 1 0 1 0 0 -158.91620338468326 118.77992364623962 143.1 -152.3849689950427 -127.04085651678088 343.37097 63.399376 249.15386079831035 -29.431875769477593 -4.991657 -6.030244 0.46521387 249.15384330099567 -29.431900668469417 249.23344363940078 -29.486045794582125 79.57313404831218 95.49964862698704 16000.0 16600.0 2016.0 2 17 {-999.0 14.231426 13.006411 12.502891 -999.0} sdss_psfmag_from_g3xp 13.770569 12.981304 12.113781 10.242 63050396382774137 1106030629 bright_1x1 mwm_tess_rgb_apogee mwm_tessrgb science 0 0 0.0 0.0 -999 ""
FIBERMAP 499 R+7C3 BOSS 0 0 0 1 0 0 -159.42186807346107 118.25872176236115 143.1 -151.99522774142403 -127.65356918966854 343.37097 63.399376 -999.0 -999.0 -999.0 -999.0 -999.0 249.1551808246982 -29.433800580870937 249.23474217672833 -29.487942195625255 79.57201524868782 95.51016428938584 -999.0 5400.0 -999.0 1 27 {-999.0 -999.0 -999.0 -999.0 -999.0} "" -999.0 -999.0 -999.0 -999.0 -999 -999 "" "" "" "" 0 0 0.0 0.0 -999 ""
FIBERMAP 499 R+7C3 METROLOGY 0 0 0 1 0 0 -159.63356002074272 118.99548979670848 143.1 -152.7609771847517 -127.68866197770176 343.37097 63.399376 -999.0 -999.0 -999.0 -999.0 -999.0 249.15248583684078 -29.433902044171088 249.2320597023902 -29.48805004237951 79.57435083451261 95.51068314907087 -999.0 6231.0 -999.0 -1 -999 {-999.0 -999.0 -999.0 -999.0 -999.0} "" -999.0 -999.0 -999.0 -999.0 -999 -999 "" "" "" "" 0 0 0.0 0.0 -999 ""
FIBERMAP 500 R-7C10 APOGEE 1 1 0 1 0 0 -0.6925571174435259 -123.44310914089468 143.1 119.91475411177878 -29.29463435361522 72.893654 91.98851 250.10161608648517 -29.138502685356805 -5.6178455 -2.196309 0.06212554 250.10161188315683 -29.138508384298365 250.1805014452733 -29.19045085757937 78.74094965406252 94.02884825795167 16000.0 16600.0 2016.0 2 190 {-999.0 15.108701 13.360029 12.318381 -999.0} sdss_psfmag_from_g3xp 14.317497 12.9810705 11.853154 9.086 63050396382976468 1156251773 bright_1x1 mwm_galactic_core_dist_apogee_extra mwm_galactic science 0 0 0.0 0.0 -999 ""
FIBERMAP 500 R-7C10 BOSS 0 0 0 1 0 0 0.03516534189619058 -123.62804689008813 143.1 120.26337287976597 -28.629644505150786 72.893654 91.98851 -999.0 -999.0 -999.0 -999.0 -999.0 250.10293903909096 -29.136502267180173 250.18177365745566 -29.188443788674192 78.73976048913975 94.01880206640783 -999.0 5400.0 -999.0 1 388 {-999.0 -999.0 -999.0 -999.0 -999.0} "" -999.0 -999.0 -999.0 -999.0 -999 -999 "" "" "" "" 0 0 0.0 0.0 -999 ""
FIBERMAP 500 R-7C10 METROLOGY 0 0 0 1 0 0 -0.4941989515937415 -124.16324322859049 143.1 120.66123190531171 -29.268654900970507 72.893654 91.98851 -999.0 -999.0 -999.0 -999.0 -999.0 250.10432032252473 -29.138443529285933 250.1831752402261 -29.190380681971995 78.73861447031184 94.0289609592287 -999.0 6231.0 -999.0 -1 -999 {-999.0 -999.0 -999.0 -999.0 -999.0} "" -999.0 -999.0 -999.0 -999.0 -999 -999 "" "" "" "" 0 0 0.0 0.0 -999 ""
FIBERMAP 502 R+1C22 APOGEE 0 0 0 1 0 0 183.34253723319665 22.789465335550563 143.1 20.341265398578386 183.6244402020501 89.5605 165.5595 -999.0 -999.0 -999.0 -999.0 -999.0 249.7571706515071 -28.49278818419218 249.83395330446342 -28.545743592708753 79.00040530195432 90.58995200881952 -999.0 16600.0 -999.0 2 81 {-999.0 -999.0 -999.0 -999.0 -999.0} "" -999.0 -999.0 -999.0 -999.0 -999 -999 "" ops_sky_apogee_best_unassigned ops_sky sky_apogee 0 0 0.0 0.0 -999 ""
FIBERMAP 502 R+1C22 BOSS 1 1 0 1 0 0 183.53510238104965 23.517779177626885 143.1 19.677468756327755 183.98061539295756 89.5605 165.5595 249.75494384765622 -28.491634054877807 -999.0 -999.0 -999.0 249.75493824259038 -28.491643104743986 249.83166961030997 -28.544608194295296 79.00229399849381 90.58302541796922 5400.0 5400.0 2015.5 1 245 {-999.0 -999.0 -999.0 -999.0 -999.0} "" -999.0 -999.0 -999.0 -999.0 27021603175324264 852264122 "" ops_sky_boss_fallback ops_sky sky_boss 0 0 0.0 0.0 -999 ""
FIBERMAP 502 R+1C22 METROLOGY 0 0 0 1 0 0 184.06827253604934 22.985198212452623 143.1 20.319138284497413 184.3757577102266 89.5605 165.5595 -999.0 -999.0 -999.0 -999.0 -999.0 249.7571434685065 -28.4904320703922 249.83388490143852 -28.54339105842505 79.0002406853645 90.57764857944738 -999.0 6231.0 -999.0 -1 -999 {-999.0 -999.0 -999.0 -999.0 -999.0} "" -999.0 -999.0 -999.0 -999.0 -999 -999 "" "" "" "" 0 0 0.0 0.0 -999 ""
FIBERMAP 504 R+7C15 APOGEE 0 0 0 1 0 0 105.12038867002398 128.12876752450575 143.1 -100.2604043816037 131.95985592898197 256.55103 152.85301 -999.0 -999.0 -999.0 -999.0 -999.0 249.34008052528716 -28.647807984619416 249.41725580162074 -28.701724679869084 79.37848350453073 91.24682990973037 -999.0 16600.0 -999.0 2 -999 {-999.0 -999.0 -999.0 -999.0 -999.0} "" -999.0 -999.0 -999.0 -999.0 -999 -999 "" "" "" "" 0 0 0.0 0.0 -999 ""
FIBERMAP 504 R+7C15 BOSS 1 1 0 1 0 0 104.63602777841002 127.56394639044106 143.1 -99.82329449672822 131.35775247604514 256.55103 152.85301 249.3415832519531 -28.649584572828516 -999.0 -999.0 -999.0 249.3415752618313 -28.649580212302496 249.41871071046785 -28.703496050520926 79.37735415492148 91.25696596535727 5400.0 5400.0 2015.5 1 195 {-999.0 -999.0 -999.0 -999.0 -999.0} "" -999.0 -999.0 -999.0 -999.0 27021603175324673 852029476 "" ops_sky_boss_fallback ops_sky sky_boss 0 0 0.0 0.0 -999 ""
FIBERMAP 504 R+7C15 METROLOGY 0 0 0 1 0 0 104.38566522672923 128.26905180255994 143.1 -100.56721113402827 131.27770294208943 256.55103 152.85301 -999.0 -999.0 -999.0 -999.0 -999.0 249.33897871148696 -28.649798240890703 249.41612721228603 -28.70371934736919 79.37963080086706 91.25718465941196 -999.0 6231.0 -999.0 -1 -999 {-999.0 -999.0 -999.0 -999.0 -999.0} "" -999.0 -999.0 -999.0 -999.0 -999 -999 "" "" "" "" 0 0 0.0 0.0 -999 ""
FIBERMAP 508 R-3C10 APOGEE 0 0 0 1 0 0 -45.736106795235365 -45.62478243674546 143.1 33.77587376134169 -55.066691408416425 73.29815 92.28658 -999.0 -999.0 -999.0 -999.0 -999.0 249.80225284475821 -29.21669669841144 249.88132405076283 -29.269340233865744 79.00464098727508 94.3898976144888 -999.0 16600.0 -999.0 2 -999 {-999.0 -999.0 -999.0 -999.0 -999.0} "" -999.0 -999.0 -999.0 -999.0 -999 -999 "" "" "" "" 0 0 0.0 0.0 -999 ""
FIBERMAP 508 R-3C10 BOSS 1 1 0 1 0 0 -44.99502574323824 -45.80515665224008 143.1 34.12315076223856 -54.38764933648982 73.29815 92.28658 249.80352207131568 -29.21465952181009 1.4311609 -1.7028775 1.2890576 249.8035373392389 -29.21466937541293 249.8825546600774 -29.267311668539516 79.00350545764667 94.37944087367998 5400.0 5400.0 2016.0 1 494 {-999.0 19.27597 17.820366 17.25534 -999.0} sdss_psfmag_ps1 18.620117 17.737339 16.704565 14.482 63050396382972573 1096413201 bright_1x1 mwm_bin_vis_boss mwm_filler science 0 0 0.0 0.0 -999 ""
FIBERMAP 508 R-3C10 METROLOGY 0 0 0 1 0 0 -45.529109215330585 -46.34356628374654 143.1 34.52304124773526 -55.03199518187721 73.29815 92.28658 -999.0 -999.0 -999.0 -999.0 -999.0 249.8049141958948 -29.216632647061214 249.88395157847629 -29.26927069651563 79.00234785818193 94.38990263123287 -999.0 6231.0 -999.0 -1 -999 {-999.0 -999.0 -999.0 -999.0 -999.0} "" -999.0 -999.0 -999.0 -999.0 -999 -999 "" "" "" "" 0 0 0.0 0.0 -999 ""
FIBERMAP 510 R-3C24 APOGEE 1 1 0 1 0 0 264.0565092687098 -76.34168464285432 143.1 135.48189725915842 239.1522605085785 333.31146 63.101562 250.1529566046813 -28.326369830429336 -12.363885 -8.523993 0.058839515 250.1529316041585 -28.326407656432416 250.22927653783518 -28.37845427528857 78.63751815750052 89.91581603936396 16000.0 16600.0 2016.0 2 238 {-999.0 15.548161 13.774383 12.720534 -999.0} sdss_psfmag_from_g3xp 14.739017 13.38098 12.245846 9.417 63050396383333561 1153033113 bright_1x1 mwm_galactic_core_dist_apogee_sparse mwm_galactic science 0 0 0.0 0.0 -999 ""
FIBERMAP 510 R-3C24 BOSS 0 0 0 1 0 0 263.46582151944426 -76.81283458334353 143.1 135.80323901971536 238.46844920062918 333.31146 63.101562 -999.0 -999.0 -999.0 -999.0 -999.0 250.15408661589095 -28.328470001304765 250.23038953154287 -28.380517984325127 78.63677178551366 89.92677355972836 -999.0 5400.0 -999.0 1 348 {-999.0 -999.0 -999.0 -999.0 -999.0} "" -999.0 -999.0 -999.0 -999.0 -999 -999 "" "" "" "" 0 0 0.0 0.0 -999 ""
FIBERMAP 510 R-3C24 METROLOGY 0 0 0 1 0 0 263.3669755927426 -76.08821461889305 143.1 135.07547019964156 238.54030716414013 333.31146 63.101562 -999.0 -999.0 -999.0 -999.0 -999.0 250.1516069454497 -28.328202916800528 250.2279223340687 -28.38025562621393 78.638900481429 89.92423924193031 -999.0 6231.0 -999.0 -1 -999 {-999.0 -999.0 -999.0 -999.0 -999.0} "" -999.0 -999.0 -999.0 -999.0 -999 -999 "" "" "" "" 0 0 0.0 0.0 -999 ""
FIBERMAP 511 R-1C13 APOGEE 1 1 0 1 0 0 3.7535829726484558 -5.234142011161376 143.1 5.961632950943954 2.437612567095551 98.92827 48.58979 249.70597809554482 -29.04185694105794 8.578488 -9.343307 1.0255237 249.70600166955788 -29.04189257958793 249.78449810189989 -29.094817358245965 79.08242986477062 93.45528129388765 16000.0 16600.0 2016.0 2 180 {-999.0 12.65054 11.46225 10.969658 -999.0} sdss_psfmag_from_g3xp 12.214867 11.443156 10.588807 8.751 63050396383215793 1105812356 bright_1x1 mwm_tess_rgb_apogee mwm_tessrgb science 0 0 0.0 0.0 -999 ""
FIBERMAP 511 R-1C13 BOSS 0 0 0 1 0 0 4.377104453216166 -5.6380169240269105 143.1 6.4990562500171 2.9504824542861567 98.92827 48.58979 -999.0 -999.0 -999.0 -999.0 -999.0 249.70792551700868 -29.040335307675722 249.7863701683375 -29.09325778906946 79.0807240246694 93.44745337541588 -999.0 5400.0 -999.0 1 431 {-999.0 -999.0 -999.0 -999.0 -999.0} "" -999.0 -999.0 -999.0 -999.0 -999 -999 "" "" "" "" 0 0 0.0 0.0 -999 ""
FIBERMAP 511 R-1C13 METROLOGY 0 0 0 1 0 0 3.714679097758445 -5.979244581764618 143.1 6.677387511706928 2.227013893595515 98.92827 48.58979 -999.0 -999.0 -999.0 -999.0 -999.0 249.70852597877385 -29.042534936429195 249.78699111208857 -29.09545480691153 79.08028298404659 93.45917084181622 -999.0 6231.0 -999.0 -1 -999 {-999.0 -999.0 -999.0 -999.0 -999.0} "" -999.0 -999.0 -999.0 -999.0 -999 -999 "" "" "" "" 0 0 0.0 0.0 -999 ""
FIBERMAP 512 R+9C8 APOGEE 1 1 0 1 0 0 -27.522391208724386 192.27460746727454 143.1 -193.41018039125356 17.808413650301254 110.84124 69.61182 249.01533754206366 -28.991954192654212 -7.487564 -6.441392 0.119262226 249.01530385837574 -28.991997991347883 249.09348174265563 -29.046599118962483 79.68349784199391 93.04133347167027 16000.0 16600.0 2016.0 2 134 {-999.0 16.243494 14.438672 13.481244 -999.0} sdss_psfmag_from_g3xp 15.417 14.124712 13.014531 10.215 63050396382838119 1156251707 bright_1x1 mwm_galactic_core_dist_apogee_extra mwm_galactic science 0 0 0.0 0.0 -999 ""
FIBERMAP 512 R+9C8 BOSS 0 0 0 1 0 0 -26.777295362996362 192.3040143106865 143.1 -193.2660303384175 18.539999889735864 110.84124 69.61182 -999.0 -999.0 -999.0 -999.0 -999.0 249.0158024267351 -28.989776789838782 249.0939288477781 -29.04437919026655 79.68300249770864 93.02905484545875 -999.0 5400.0 -999.0 1 129 {-999.0 -999.0 -999.0 -999.0 -999.0} "" -999.0 -999.0 -999.0 -999.0 -999 -999 "" "" "" "" 0 0 0.0 0.0 -999 ""
FIBERMAP 512 R+9C8 METROLOGY 0 0 0 1 0 0 -27.13253523314311 191.63790233702792 143.1 -192.7004556091201 18.04000992665438 110.84124 69.61182 -999.0 -999.0 -999.0 -999.0 -999.0 249.0176950004353 -28.991303504888535 249.0958393110825 -29.0459004049357 79.6814061144419 93.03797966605515 -999.0 6231.0 -999.0 -1 -999 {-999.0 -999.0 -999.0 -999.0 -999.0} "" -999.0 -999.0 -999.0 -999.0 -999 -999 "" "" "" "" 0 0 0.0 0.0 -999 ""
FIBERMAP 513 R+2C25 APOGEE 1 1 0 1 0 0 283.95680846785467 52.00037652992943 143.1 15.255266460920229 288.2664595334653 92.99691 55.58291 249.74031506724307 -28.17806053294204 -5.963527 -7.579258 0.12981178 249.74030035793592 -28.178089342146265 249.81609880412952 -28.231173718778685 78.9816497227265 88.94348719913086 16000.0 16600.0 2016.0 2 108 {-999.0 15.265874 13.411087 12.451597 -999.0} sdss_psfmag_from_g3xp 14.404656 13.093112 11.975814 9.115 63050396383302961 1153033171 bright_1x1 mwm_galactic_core_dist_apogee_sparse mwm_galactic science 0 0 0.0 0.0 -999 ""
FIBERMAP 513 R+2C25 BOSS 0 0 0 1 0 0 284.57954204977545 51.61553932647906 143.1 15.773988759746665 288.7829770163463 92.99691 55.58291 -999.0 -999.0 -999.0 -999.0 -999.0 249.7421267734971 -28.1765769560097 249.817873860855 -28.229662503474184 78.9799114701184 88.93664953671163 -999.0 5400.0 -999.0 1 184 {-999.0 -999.0 -999.0 -999.0 -999.0} "" -999.0 -999.0 -999.0 -999.0 -999 -999 "" "" "" "" 0 0 0.0 0.0 -999 ""
FIBERMAP 513 R+2C25 METROLOGY 0 0 0 1 0 0 283.9354968927429 51.25467443117639 143.1 15.975683066049127 288.07283420169995 92.99691 55.58291 -999.0 -999.0 -999.0 -999.0 -999.0 249.7428047191241 -28.178644758652936 249.8185717006437 -28.23172662646877 78.97955567478519 88.94776167606324 -999.0 6231.0 -999.0 -1 -999 {-999.0 -999.0 -999.0 -999.0 -999.0} "" -999.0 -999.0 -999.0 -999.0 -999 -999 "" "" "" "" 0 0 0.0 0.0 -999 ""
FIBERMAP 516 R+10C9 APOGEE 0 0 0 1 0 0 10.124138981561781 175.63768929437023 143.1 -168.4985940830706 50.570507061867154 358.89893 42.6746 -999.0 -999.0 -999.0 -999.0 -999.0 249.1022554627977 -28.893259271716794 249.1801442203937 -28.947679123681485 79.60265321687638 92.51378878329399 -999.0 16600.0 -999.0 2 -999 {-999.0 -999.0 -999.0 -999.0 -999.0} "" -999.0 -999.0 -999.0 -999.0 -999 -999 "" "" "" "" 0 0 0.0 0.0 -999 ""
FIBERMAP 516 R+10C9 BOSS 1 1 0 1 0 0 9.57770065042367 175.15607317737116 143.1 -168.15681221104654 49.927311315693366 358.89893 42.6746 249.10341639471253 -28.89521650497575 -3.8626192 -1.08743 0.24143827 249.10339124327902 -28.89519489350062 249.18124144295246 -28.94961370787506 79.60180459608911 92.52479287259342 5400.0 5400.0 2016.0 1 126 {-999.0 18.126389 17.377054 16.993969 16.758276} sdss_psfmag_from_ps1dr2 17.8665 17.3559 16.6293 15.177 63050396382839663 1040588100 "" ops_std_boss_ps1dr2 ops_std standard_boss 0 0 0.0 0.0 -999 ""
FIBERMAP 516 R+10C9 METROLOGY 0 0 0 1 0 0 9.414738274846282 175.87485770311739 143.1 -168.89377055055877 49.93544907994478 358.89893 42.6746 -999.0 -999.0 -999.0 -999.0 -999.0 249.10081098513658 -28.895149523325834 249.17867315996193 -28.949573917355334 79.60404608255055 92.52386610947832 -999.0 6231.0 -999.0 -1 -999 {-999.0 -999.0 -999.0 -999.0 -999.0} "" -999.0 -999.0 -999.0 -999.0 -999 -999 "" "" "" "" 0 0 0.0 0.0 -999 ""
FIBERMAP 517 R+13C10 APOGEE 1 1 0 1 0 0 49.865078669031995 269.98907035509484 143.1 -251.06171752664574 111.10312482361377 149.16815 69.3708 248.82070146533104 -28.7083625428144 5.6539183 -11.431589 1.2413168 248.82073298744578 -28.708423081448426 248.8979758403891 -28.763570512119614 79.83724074669382 91.3938426464922 16000.0 16600.0 2016.0 2 97 {-999.0 14.47768 13.251956 12.716066 -999.0} sdss_psfmag_from_g3xp 14.01667 13.205813 12.323215 10.411 63050396392493604 1110719012 bright_1x1 mwm_tess_rgb_apogee mwm_tessrgb science 0 0 0.0 0.0 -999 ""
FIBERMAP 517 R+13C10 BOSS 0 0 0 1 0 0 50.478491733181635 270.424911654055 143.1 -251.34344494732082 111.80085494816066 149.16815 69.3708 -999.0 -999.0 -999.0 -999.0 -999.0 248.81985828182906 -28.70631356877677 248.8970506086722 -28.76146652977442 79.83789423599391 91.38161105945085 -999.0 5400.0 -999.0 1 171 {-999.0 -999.0 -999.0 -999.0 -999.0} "" -999.0 -999.0 -999.0 -999.0 -999 -999 "" "" "" "" 0 0 0.0 0.0 -999 ""
FIBERMAP 517 R+13C10 METROLOGY 0 0 0 1 0 0 50.54269595244127 269.6797454162611 143.1 -250.60372227107845 111.6905366064259 149.16815 69.3708 -999.0 -999.0 -999.0 -999.0 -999.0 248.82231571261144 -28.70663969644838 248.8995220371362 -28.76178586575345 79.83575724988033 91.38432366821877 -999.0 6231.0 -999.0 -1 -999 {-999.0 -999.0 -999.0 -999.0 -999.0} "" -999.0 -999.0 -999.0 -999.0 -999 -999 "" "" "" "" 0 0 0.0 0.0 -999 ""
FIBERMAP 519 R-5C15 APOGEE 0 0 0 1 0 0 80.17086397985476 -80.41670653341262 143.1 96.81083428422615 59.33857718395232 110.888855 87.8754 -999.0 -999.0 -999.0 -999.0 -999.0 250.02136067053019 -28.869544894540432 250.09938254780684 -28.92175685046151 78.79805290686271 92.6323849215753 -999.0 16600.0 -999.0 2 -999 {-999.0 -999.0 -999.0 -999.0 -999.0} "" -999.0 -999.0 -999.0 -999.0 -999 -999 "" "" "" "" 0 0 0.0 0.0 -999 ""
FIBERMAP 519 R-5C15 BOSS 1 1 0 1 0 0 80.84452998570985 -80.17180107008997 143.1 96.72880355678639 60.05064689033305 110.888855 87.8754 250.02118498411602 -28.86734596590323 -7.8327136 -3.4883919 0.062362257 250.02118181584737 -28.867350088109752 250.09914830872583 -28.919565761330443 78.79812005854141 92.62106218175688 5400.0 5400.0 2016.0 1 281 {-999.0 16.636692 15.696925 15.265988 -999.0} sdss_psfmag_ps1 16.333485 15.662672 14.854539 13.168 63050396383237225 1076075579 bright_1x1 mwm_halo_mp_xp_boss_single mwm_halo science 0 0 0.0 0.0 -999 ""
FIBERMAP 519 R-5C15 METROLOGY 0 0 0 1 0 0 80.73441228669621 -80.9085515523487 143.1 97.41992257003191 59.77271373039122 110.888855 87.8754 -999.0 -999.0 -999.0 -999.0 -999.0 250.0235728503882 -28.868189459548066 250.10155621771162 -28.92039836280531 78.79606887773373 92.62602052425211 -999.0 6231.0 -999.0 -1 -999 {-999.0 -999.0 -999.0 -999.0 -999.0} "" -999.0 -999.0 -999.0 -999.0 -999 -999 "" "" "" "" 0 0 0.0 0.0 -999 ""
FIBERMAP 520 R+1C14 APOGEE 1 1 0 1 0 0 8.26352122257248 3.1157078467615698 143.1 -1.114761562247403 8.760469572564995 284.66217 90.791405 249.68150078724537 -29.02259456122638 -3.1247866 -8.667645 0.10182616 249.6814781348004 -29.022630103906604 249.75990823195968 -29.07561942373443 79.10299854262965 93.34862832345163 16000.0 16600.0 2016.0 2 121 {-999.0 15.138453 13.601265 12.860983 -999.0} sdss_psfmag_from_g3xp 14.485106 13.443585 12.439146 9.998 63050396383216049 1156251784 bright_1x1 mwm_galactic_core_dist_apogee_extra mwm_galactic science 0 0 0.0 0.0 -999 ""
FIBERMAP 520 R+1C14 BOSS 0 0 0 1 0 0 7.530405723141714 2.962892585012451 143.1 -1.1360923221777917 8.011923902587492 284.66217 90.791405 -999.0 -999.0 -999.0 -999.0 -999.0 249.68144312668753 -29.02489641560653 249.75983318114004 -29.07788713796555 79.10317160586385 93.36059415747906 -999.0 5400.0 -999.0 1 101 {-999.0 -999.0 -999.0 -999.0 -999.0} "" -999.0 -999.0 -999.0 -999.0 -999 -999 "" "" "" "" 0 0 0.0 0.0 -999 ""
FIBERMAP 520 R+1C14 METROLOGY 0 0 0 1 0 0 7.761917834545918 3.676125273766088 143.1 -1.7761891857972214 8.402486854507606 284.66217 90.791405 -999.0 -999.0 -999.0 -999.0 -999.0 249.67920946524262 -29.023704286982603 249.75760863243465 -29.07670017866478 79.10505737447926 93.3538346117536 -999.0 6231.0 -999.0 -1 -999 {-999.0 -999.0 -999.0 -999.0 -999.0} "" -999.0 -999.0 -999.0 -999.0 -999 -999 "" "" "" "" 0 0 0.0 0.0 -999 ""
FIBERMAP 521 R+12C7 APOGEE 0 0 0 1 0 0 -6.412212000341171 231.69598150418653 143.1 -226.86154580271085 47.482728656191405 17.544594 94.05301 -999.0 -999.0 -999.0 -999.0 -999.0 248.90111124007694 -28.901309830494956 248.97897683870042 -28.956210490964956 79.77888122447325 92.50616211793118 -999.0 16600.0 -999.0 2 -999 {-999.0 -999.0 -999.0 -999.0 -999.0} "" -999.0 -999.0 -999.0 -999.0 -999 -999 "" "" "" "" 0 0 0.0 0.0 -999 ""
FIBERMAP 521 R+12C7 BOSS 1 1 0 1 0 0 -6.130006216601274 231.04287586194667 143.1 -226.1608272441497 47.60580910931015 17.544594 94.05301 248.90350341796872 -28.90093778105779 -999.0 -999.0 -999.0 248.90352923585723 -28.90094475846166 248.98135014326306 -28.955841860404362 79.77678737449719 92.50473617433954 5400.0 5400.0 2015.5 1 162 {-999.0 -999.0 -999.0 -999.0 -999.0} "" -999.0 -999.0 -999.0 -999.0 27021603175317940 814881448 "" ops_sky_boss_good ops_sky sky_boss 0 0 0.0 0.0 -999 ""
FIBERMAP 521 R+12C7 METROLOGY 0 0 0 1 0 0 -6.874878887881829 231.10824213340257 143.1 -226.39711306219533 46.89641362960848 17.544594 94.05301 -999.0 -999.0 -999.0 -999.0 -999.0 248.9026368189314 -28.903078970507348 248.98047670753067 -28.957977004556625 79.77766852160889 92.51651024678074 -999.0 6231.0 -999.0 -1 -999 {-999.0 -999.0 -999.0 -999.0 -999.0} "" -999.0 -999.0 -999.0 -999.0 -999 -999 "" "" "" "" 0 0 0.0 0.0 -999 ""
FIBERMAP 522 R-4C13 APOGEE 0 0 0 1 0 0 8.735043259310153 -77.7717825922977 143.1 77.67527684563821 -9.535087149352377 186.15329 111.57737 -999.0 -999.0 -999.0 -999.0 -999.0 249.95503431482777 -29.07858030183742 250.03370208578735 -29.130893765139305 78.86654927895559 93.69486375210846 -999.0 16600.0 -999.0 2 -999 {-999.0 -999.0 -999.0 -999.0 -999.0} "" -999.0 -999.0 -999.0 -999.0 -999 -999 "" "" "" "" 0 0 0.0 0.0 -999 ""
FIBERMAP 522 R-4C13 BOSS 1 1 0 1 0 0 8.369861882537128 -77.1291890726066 143.1 76.96554526443893 -9.74131674482993 186.15329 111.57737 249.95241413223093 -29.0791962620835 -6.624277 -4.5224595 0.08240955 249.95267069265157 -29.07920971764132 250.03129167524082 -29.131530563221855 78.86868070951212 93.69768012325608 5400.0 5400.0 2016.0 1 406 {-999.0 16.215878 15.230418 14.755989 -999.0} sdss_psfmag_ps1 15.838612 15.158215 14.331269 12.631 63050396382980221 1076075508 bright_1x1 mwm_halo_mp_xp_boss_single mwm_halo science 0 0 0.8224608898162842 0.0 -999 ""
FIBERMAP 522 R-4C13 METROLOGY 0 0 0 1 0 0 9.124306933339085 -77.13305572666764 143.1 77.14422871053854 -9.008351011360196 186.15329 111.57737 -999.0 -999.0 -999.0 -999.0 -999.0 249.95328685956727 -29.076985325545742 250.03191461446647 -29.129304789292178 78.86803925553036 93.6862864570079 -999.0 6231.0 -999.0 -1 -999 {-999.0 -999.0 -999.0 -999.0 -999.0} "" -999.0 -999.0 -999.0 -999.0 -999 -999 "" "" "" "" 0 0 0.0 0.0 -999 ""
FIBERMAP 525 R+2C1 APOGEE 1 1 0 1 0 0 -255.53403748606274 25.208935261640807 143.1 -83.76817190995128 -242.7177116939868 358.22836 65.6628 249.39092971384622 -29.782565817949628 -4.313969 -1.586036 0.13716587 249.39091990938994 -29.782586228827032 249.471695669709 -29.836062682352274 79.36287587223175 97.40419419048237 16000.0 16600.0 2016.0 2 4 {-999.0 15.236806 13.768943 13.070822 -999.0} sdss_psfmag_from_g3xp 14.630663 13.63824 12.657354 10.332 63050396382603854 1153032386 bright_1x1 mwm_galactic_core_dist_apogee_sparse mwm_galactic science 0 0 0.0 0.0 -999 ""
FIBERMAP 525 R+2C1 BOSS 0 0 0 1 0 0 -255.83311987008966 24.53639243490967 143.1 -83.18332134889093 -243.16456729168826 358.22836 65.6628 -999.0 -999.0 -999.0 -999.0 -999.0 249.39299517563586 -29.783952771523666 249.47372939095635 -29.83742285480381 79.36107891117945 97.41132575662323 -999.0 5400.0 -999.0 1 4 {-999.0 -999.0 -999.0 -999.0 -999.0} "" -999.0 -999.0 -999.0 -999.0 -999 -999 "" "" "" "" 0 0 0.0 0.0 -999 ""
FIBERMAP 525 R+2C1 METROLOGY 0 0 0 1 0 0 -256.2726104743835 25.14652795085554 143.1 -83.87870945523164 -243.45060437493018 358.22836 65.6628 -999.0 -999.0 -999.0 -999.0 -999.0 249.39053957063285 -29.78483914114082 249.47128917770806 -29.838315167036892 79.36317302843175 97.41644036807838 -999.0 6231.0 -999.0 -1 -999 {-999.0 -999.0 -999.0 -999.0 -999.0} "" -999.0 -999.0 -999.0 -999.0 -999 -999 "" "" "" "" 0 0 0.0 0.0 -999 ""
FIBERMAP 526 R+6C6 APOGEE 0 0 0 1 0 0 -91.284450016088 122.42550255099172 143.1 -140.25029073092952 -60.408988675724196 84.453186 29.931442 -999.0 -999.0 -999.0 -999.0 -999.0 249.19720419590547 -29.23042311306003 249.27617732164413 -29.28452036721217 79.53270759908285 94.39163525497838 -999.0 16600.0 -999.0 2 -999 {-999.0 -999.0 -999.0 -999.0 -999.0} "" -999.0 -999.0 -999.0 -999.0 -999 -999 "" "" "" "" 0 0 0.0 0.0 -999 ""
FIBERMAP 526 R+6C6 BOSS 1 1 0 1 0 0 -90.98233971225275 121.7269984203716 143.1 -139.50079727436648 -60.27707263084179 84.453186 29.931442 249.19947661874954 -29.229988806405082 -23.750364 -26.724155 8.186873 249.19978170481687 -29.230065915679624 249.2787089035628 -29.28415808554656 79.5304910064138 94.38995263998152 5400.0 5400.0 2016.0 1 56 {-999.0 15.717715 14.293788 13.454161 -999.0} sdss_psfmag_from_g3xp 15.136019 14.084077 13.063219 11.148 63050396382793473 1078034621 bright_flexible_2x1 mwm_snc_ext_main_boss mwm_snc science 0 0 1.1842929124832153 0.0 -999 ""
FIBERMAP 526 R+6C6 METROLOGY 0 0 0 1 0 0 -91.71638194106616 121.81482012208062 143.1 -139.75641479402086 -60.970726728380704 84.453186 29.931442 -999.0 -999.0 -999.0 -999.0 -999.0 249.1988497898408 -29.232170245603108 249.277796286622 -29.286263774251623 79.53134039285324 94.40142573833407 -999.0 6231.0 -999.0 -1 -999 {-999.0 -999.0 -999.0 -999.0 -999.0} "" -999.0 -999.0 -999.0 -999.0 -999 -999 "" "" "" "" 0 0 0.0 0.0 -999 ""
FIBERMAP 527 R0C23 APOGEE 1 1 0 1 0 0 182.11459933802678 -10.21814927382035 143.1 52.163660187362005 174.7770038953481 285.67307 13.343196 249.86690705015042 -28.519750132256465 1.3563192 4.5009294 0.23081362 249.86689696847657 -28.519743056764817 249.94378726450327 -28.572426185570805 78.9068765265748 90.77600370672911 16000.0 16600.0 2016.0 2 84 {-999.0 15.40465 13.833112 13.072382 -999.0} sdss_psfmag_from_g3xp 14.727573 13.660089 12.641977 10.164 63050396383264734 1153033079 bright_1x1 mwm_galactic_core_dist_apogee_sparse mwm_galactic science 0 0 0.0 0.0 -999 ""
FIBERMAP 527 R0C23 BOSS 0 0 0 1 0 0 181.69893842786513 -9.596671640557412 143.1 51.46276444714205 174.51677611619084 285.67307 13.343196 -999.0 -999.0 -999.0 -999.0 -999.0 249.86454711591708 -28.520461028981842 249.94139149799867 -28.573153535479694 78.90903903884501 90.77875092044292 -999.0 5400.0 -999.0 1 257 {-999.0 -999.0 -999.0 -999.0 -999.0} "" -999.0 -999.0 -999.0 -999.0 -999 -999 "" "" "" "" 0 0 0.0 0.0 -999 ""
FIBERMAP 527 R0C23 METROLOGY 0 0 0 1 0 0 182.46272040545617 -9.564522447794722 143.1 51.6085794511867 175.2671745203475 285.67307 13.343196 -999.0 -999.0 -999.0 -999.0 -999.0 249.86504461443826 -28.518173866145165 249.94189545181735 -28.5708647126716 78.90838536073106 90.76711882599864 -999.0 6231.0 -999.0 -1 -999 {-999.0 -999.0 -999.0 -999.0 -999.0} "" -999.0 -999.0 -999.0 -999.0 -999 -999 "" "" "" "" 0 0 0.0 0.0 -999 ""
FIBERMAP 529 R-10C15 APOGEE 1 1 0 1 0 0 120.05514175204118 -194.6660034166571 143.1 217.19056715311174 71.64539476164046 193.33633 106.40273 250.43667229258952 -28.832032746939163 -4.3027596 -3.18092 0.15456529 250.43667280190778 -28.832029195643408 250.51466279768692 -28.88324722853389 78.43276386621271 92.55748432753944 16000.0 16600.0 2016.0 2 228 {-999.0 15.57017 13.964674 13.154589 -999.0} sdss_psfmag_from_g3xp 14.874259 13.75906 12.722737 10.243 63050396383013690 1153033063 bright_1x1 mwm_galactic_core_dist_apogee_sparse mwm_galactic science 0 0 0.0 0.0 -999 ""
FIBERMAP 529 R-10C15 BOSS 0 0 0 1 0 0 119.68184977606596 -194.02750681466006 143.1 216.4829402297213 71.43032594762163 193.33633 106.40273 -999.0 -999.0 -999.0 -999.0 -999.0 250.43433540357006 -28.832668914274365 250.5122769387134 -28.883895382838563 78.43489186091249 92.56000753583851 -999.0 5400.0 -999.0 1 330 {-999.0 -999.0 -999.0 -999.0 -999.0} "" -999.0 -999.0 -999.0 -999.0 -999 -999 "" "" "" "" 0 0 0.0 0.0 -999 ""
FIBERMAP 529 R-10C15 METROLOGY 0 0 0 1 0 0 120.4314910216086 -194.02683880819276 143.1 216.65609894117986 72.15967031978748 193.33633 106.40273 -999.0 -999.0 -999.0 -999.0 -999.0 250.43494183388344 -28.830450111372482 250.5128906558017 -28.88167490422885 78.43420593205403 92.54913814277438 -999.0 6231.0 -999.0 -1 -999 {-999.0 -999.0 -999.0 -999.0 -999.0} "" -999.0 -999.0 -999.0 -999.0 -999 -999 "" "" "" "" 0 0 0.0 0.0 -999 ""
FIBERMAP 530 R+6C5 APOGEE 1 0 0 1 1 0 -137.25335649813582 127.43204786927336 143.1 -155.7783939112484 -103.96297349434744 87.86313 131.29694 249.22198688869557 -29.395993222318957 -1.9698744 -3.4650261 0.46309507 249.14249259248513 -29.361973351558632 249.22186851958577 -29.41616533792488 79.58255427726084 95.11284544973876 16000.0 16600.0 2016.0 2 30 {-999.0 13.330868 11.664741 10.778367 -999.0} sdss_psfmag_from_g3xp 12.595976 11.4095745 10.344775 7.809 63050396382775586 1156251530 bright_1x1 mwm_galactic_core_dist_apogee_extra mwm_galactic science 0 0 0.0 0.0 -999 ""
FIBERMAP 530 R+6C5 BOSS 0 0 0 1 1 0 -136.67302815708516 127.88996640754058 143.1 -156.0892671358671 -103.29230674287538 87.86313 131.29694 -999.0 -999.0 -999.0 -999.0 -999.0 249.1414146019462 -29.359966911137327 249.220738654687 -29.41416255834707 79.58351279439178 95.10170006793038 -999.0 5400.0 -999.0 1 50 {-999.0 -999.0 -999.0 -999.0 -999.0} "" -999.0 -999.0 -999.0 -999.0 -999 -999 "" "" "" "" 0 0 0.0 0.0 -999 ""
FIBERMAP 530 R+6C5 METROLOGY 0 0 0 1 1 0 -136.54661311722674 127.17695763730369 143.1 -155.36640068049334 -103.3346556153407 87.86313 131.29694 -999.0 -999.0 -999.0 -999.0 -999.0 249.1438837964685 -29.36012928774035 249.22322178824527 -29.41431880954885 79.58135194906363 95.10271818953618 -999.0 6231.0 -999.0 -1 -999 {-999.0 -999.0 -999.0 -999.0 -999.0} "" -999.0 -999.0 -999.0 -999.0 -999 -999 "" "" "" "" 0 0 0.0 0.0 -999 ""
FIBERMAP 531 R-4C14 APOGEE 0 0 0 1 0 0 59.140260256258614 -67.88555105311931 143.1 79.7454920136274 41.78714968149038 63.628044 83.34493 -999.0 -999.0 -999.0 -999.0 -999.0 249.96226817604887 -28.922769926521134 250.04044520596472 -28.975109669438762 78.85274408371987 92.89116864332243 -999.0 16600.0 -999.0 2 -999 {-999.0 -999.0 -999.0 -999.0 -999.0} "" -999.0 -999.0 -999.0 -999.0 -999 -999 "" "" "" "" 0 0 0.0 0.0 -999 ""
FIBERMAP 531 R-4C14 BOSS 1 1 0 1 0 0 59.76038976436184 -68.24471696729523 143.1 80.23863961972721 42.30708616627942 63.628044 83.34493 249.96411030737983 -28.921114429988435 -9.835394 -15.083538 -0.060692515 249.96407841300746 -28.92116632020623 250.0422025443129 -28.9735045876344 78.85111649583219 92.88334047888134 5400.0 5400.0 2016.0 1 270 {-999.0 16.590946 15.630684 15.284062 -999.0} sdss_psfmag_ps1 16.23034 15.887288 14.8361225 13.137 63050396383236633 1093510809 bright_1x1 mwm_astar_core_boss_single mwm_ob science 0 0 0.0 0.0 -999 ""
FIBERMAP 531 R-4C14 METROLOGY 0 0 0 1 0 0 59.115557861485556 -68.63313918069262 143.1 80.46695701242983 41.58978875232071 63.628044 83.34493 -999.0 -999.0 -999.0 -999.0 -999.0 249.9648647772052 -28.92334126434303 250.0430096059779 -28.975676323100895 78.8505371125966 92.89476402023183 -999.0 6231.0 -999.0 -1 -999 {-999.0 -999.0 -999.0 -999.0 -999.0} "" -999.0 -999.0 -999.0 -999.0 -999 -999 "" "" "" "" 0 0 0.0 0.0 -999 ""
FIBERMAP 534 R-5C9 APOGEE 1 1 0 1 0 0 -76.59950479800595 -98.63604643483508 143.1 78.18503095732147 -97.37902894153764 242.63782 44.993023 249.9565211061193 -29.34511763809029 -0.3750663 -6.9808497 0.6184809 249.95651506899947 -29.345133177720342 250.03602885011048 -29.397368217095977 78.87308149923295 95.07493954742358 16000.0 16600.0 2016.0 2 266 {-999.0 12.526201 11.045035 10.389768 -999.0} sdss_psfmag_from_g3xp 11.903797 10.942591 9.979385 7.714 63050396382955458 1153032887 bright_1x1 mwm_galactic_core_dist_apogee_sparse mwm_galactic science 0 0 0.0 0.0 -999 ""
FIBERMAP 534 R-5C9 BOSS 0 0 0 1 0 0 -76.81924007804173 -97.92760573335374 143.1 77.44497112753268 -97.42851347339224 242.63782 44.993023 -999.0 -999.0 -999.0 -999.0 -999.0 249.95403364205532 -29.34533274894301 250.03349910728934 -29.397574581572563 78.87528923663243 95.07577686078389 -999.0 5400.0 -999.0 1 361 {-999.0 -999.0 -999.0 -999.0 -999.0} "" -999.0 -999.0 -999.0 -999.0 -999 -999 "" "" "" "" 0 0 0.0 0.0 -999 ""
FIBERMAP 534 R-5C9 METROLOGY 0 0 0 1 0 0 -76.08267622523587 -98.08337967474904 143.1 77.76727166262074 -96.7481616517647 242.63782 44.993023 -999.0 -999.0 -999.0 -999.0 -999.0 249.9551538564004 -29.34328000615854 250.0346267554164 -29.39551947274854 78.87426509888726 95.06523207351705 -999.0 6231.0 -999.0 -1 -999 {-999.0 -999.0 -999.0 -999.0 -999.0} "" -999.0 -999.0 -999.0 -999.0 -999 -999 "" "" "" "" 0 0 0.0 0.0 -999 ""
FIBERMAP 536 R+4C9 APOGEE 1 1 0 1 0 0 -76.66324378348627 71.43376148502698 143.1 -87.25970118828226 -58.009397863201954 198.25826 131.8929 249.38119139682956 -29.224240321024606 -0.007593545 -9.803067 0.12071649 249.38120937429798 -29.224255995037506 249.46020706301476 -29.27791224940432 79.37207282872721 94.37872728046534 16000.0 16600.0 2016.0 2 40 {-999.0 14.926353 13.266797 12.379339 -999.0} sdss_psfmag_from_g3xp 14.198339 13.006393 11.936115 9.281 63050396382783669 1156251558 bright_1x1 mwm_galactic_core_dist_apogee_extra mwm_galactic science 0 0 0.0 0.0 -999 ""
FIBERMAP 536 R+4C9 BOSS 0 0 0 1 0 0 -77.31577828344035 71.80528770914466 143.1 -87.7723851672993 -58.55798945841617 198.25826 131.8929 -999.0 -999.0 -999.0 -999.0 -999.0 249.37940957958224 -29.22594207697915 249.45836606107775 -29.27960328461276 79.37372411957581 94.38765630551768 -999.0 5400.0 -999.0 1 66 {-999.0 -999.0 -999.0 -999.0 -999.0} "" -999.0 -999.0 -999.0 -999.0 -999 -999 "" "" "" "" 0 0 0.0 0.0 -999 ""
FIBERMAP 536 R+4C9 METROLOGY 0 0 0 1 0 0 -76.66421030150866 72.17895316850566 143.1 -87.98478660315006 -57.837561175008766 198.25826 131.8929 -999.0 -999.0 -999.0 -999.0 -999.0 249.37866035690573 -29.223757845537246 249.4576228232561 -29.277421164605997 79.374312686631 94.37573105479845 -999.0 6231.0 -999.0 -1 -999 {-999.0 -999.0 -999.0 -999.0 -999.0} "" -999.0 -999.0 -999.0 -999.0 -999 -999 "" "" "" "" 0 0 0.0 0.0 -999 ""
FIBERMAP 537 R-10C13 APOGEE 0 0 0 1 0 0 75.2056770489714 -209.20955437173728 143.1 220.9387422304388 24.64751246270402 285.94553 42.37743 -999.0 -999.0 -999.0 -999.0 -999.0 250.45035985298605 -28.97428065801763 250.52880249212342 -29.025425524250174 78.42914602982059 93.26888581431984 -999.0 16600.0 -999.0 2 -999 {-999.0 -999.0 -999.0 -999.0 -999.0} "" -999.0 -999.0 -999.0 -999.0 -999 -999 "" "" "" "" 0 0 0.0 0.0 -999 ""
FIBERMAP 537 R-10C13 BOSS 1 1 0 1 0 0 74.54929397169792 -208.75592530433715 143.1 220.34530302843956 24.114213288258423 285.94553 42.37743 250.4484372880194 -28.97590862303849 -6.020583 -2.4309769 0.49806288 250.44842369227203 -28.97589402040853 250.5268209130693 -29.02704554711326 78.43096569192055 93.27647282041255 5400.0 5400.0 2016.0 1 378 {-999.0 17.833145 16.64875 16.218834 -999.0} sdss_psfmag_ps1 17.374018 16.635292 15.797741 14.168 63050396382997889 980296738 "" ops_std_boss_red ops_std standard_boss 0 0 0.0 0.0 -999 ""
FIBERMAP 537 R-10C13 METROLOGY 0 0 0 1 0 0 75.21975746330588 -208.46169077539884 143.1 220.21454651296642 24.83460506986534 285.94553 42.37743 -999.0 -999.0 -999.0 -999.0 -999.0 250.44798754178888 -28.973710221697765 250.52639196618838 -29.02486273738328 78.43121938332004 93.2655016779409 -999.0 6231.0 -999.0 -1 -999 {-999.0 -999.0 -999.0 -999.0 -999.0} "" -999.0 -999.0 -999.0 -999.0 -999 -999 "" "" "" "" 0 0 0.0 0.0 -999 ""
FIBERMAP 538 R+13C9 APOGEE 1 1 0 1 0 0 47.22518977338619 266.0968000052095 143.1 -247.8877092413865 107.63281298959019 91.40725 62.676464 248.83119950080345 -28.718953662559127 -4.5820403 -4.4877634 -0.1772439 248.83143888529736 -28.718966197278654 248.9087172340934 -28.774085000419127 79.8286206499234 91.45715552071391 16000.0 16600.0 2016.0 2 98 {-999.0 20.884058 17.33534 14.5375 -999.0} sdss_psfmag_ps1 17.934286 13.799086 12.000266 6.958 63050396382852565 1156855961 bright_1x1 mwm_galactic_core_dist_apogee_extra mwm_galactic science 0 0 0.7632430791854858 0.0 -999 ""
FIBERMAP 538 R+13C9 BOSS 0 0 0 1 0 0 47.90662137796932 265.7707830624894 143.1 -247.41259300253188 108.22006489708714 91.40725 62.676464 -999.0 -999.0 -999.0 -999.0 -999.0 248.83314219460271 -28.717202328456416 248.9103716617593 -28.772320344891536 79.82704580725478 91.4477881497769 -999.0 5400.0 -999.0 1 172 {-999.0 -999.0 -999.0 -999.0 -999.0} "" -999.0 -999.0 -999.0 -999.0 -999 -999 "" "" "" "" 0 0 0.0 0.0 -999 ""
FIBERMAP 538 R+13C9 METROLOGY 0 0 0 1 0 0 47.287597583200636 265.3618972082999 143.1 -247.15838650578422 107.5231268840219 91.40725 62.676464 -999.0 -999.0 -999.0 -999.0 -999.0 248.83391451534496 -28.719291688577872 248.91116309754932 -28.77440646767329 79.82650585634225 91.45985386490003 -999.0 6231.0 -999.0 -1 -999 {-999.0 -999.0 -999.0 -999.0 -999.0} "" -999.0 -999.0 -999.0 -999.0 -999 -999 "" "" "" "" 0 0 0.0 0.0 -999 ""
FIBERMAP 539 R-12C10 APOGEE 0 0 0 1 0 0 49.303080554929004 -213.5600786101105 143.1 219.1649141194415 -1.5571011932976475 125.542755 57.05607 -999.0 -999.0 -999.0 -999.0 -999.0 250.44461415331375 -29.053659783286093 250.52330718238272 -29.10479622965509 78.43807098098642 93.66296217993118 -999.0 16600.0 -999.0 2 -999 {-999.0 -999.0 -999.0 -999.0 -999.0} "" -999.0 -999.0 -999.0 -999.0 -999 -999 "" "" "" "" 0 0 0.0 0.0 -999 ""
FIBERMAP 539 R-12C10 BOSS 1 1 0 1 0 0 49.9870739532692 -213.4931308634809 143.1 219.25838051971692 -0.8762463335972009 125.542755 57.05607 250.4450265175714 -29.051593492782164 0.5749668 -5.8844523 0.22966513 250.44502828212458 -29.051594639083934 250.52366469179276 -29.1027328047169 78.43765846947154 93.65275535313071 5400.0 5400.0 2016.0 1 368 {-999.0 18.320171 17.734652 17.46532 17.322544} sdss_psfmag_from_ps1dr2 18.1488 17.7223 17.0795 15.967 63050396382993740 1035829183 "" ops_std_boss_ps1dr2 ops_std standard_boss 0 0 0.0 0.0 -999 ""
FIBERMAP 539 R-12C10 METROLOGY 0 0 0 1 0 0 49.72597497660456 -214.17705391343455 143.1 219.86310749242725 -1.2887933574476234 125.542755 57.05607 -999.0 -999.0 -999.0 -999.0 -999.0 250.44714070960347 -29.05283806362265 250.52579570558805 -29.103970154159462 78.43585904728116 93.6593737466693 -999.0 6231.0 -999.0 -1 -999 {-999.0 -999.0 -999.0 -999.0 -999.0} "" -999.0 -999.0 -999.0 -999.0 -999 -999 "" "" "" "" 0 0 0.0 0.0 -999 ""
FIBERMAP 540 R-12C4 APOGEE 0 0 0 1 0 0 -77.2302822388852 -217.36679237521557 143.1 193.53030878672868 -125.52098147036139 100.56991 57.521896 -999.0 -999.0 -999.0 -999.0 -999.0 250.35686003158577 -29.42925110132752 250.43672986954823 -29.480494370581983 78.52568130296366 95.53137070328563 -999.0 16600.0 -999.0 2 -999 {-999.0 -999.0 -999.0 -999.0 -999.0} "" -999.0 -999.0 -999.0 -999.0 -999 -999 "" "" "" "" 0 0 0.0 0.0 -999 ""
FIBERMAP 540 R-12C4 BOSS 1 1 0 1 0 0 -76.53397841437818 -217.62212539401253 143.1 193.94011771135592 -124.90287462667162 100.56991 57.521896 250.35857450938514 -29.42729375580928 -64.8975 -42.972157 7.282936 250.35836261338355 -29.427394486858017 250.4381768406439 -29.47863534238693 78.52439202423028 95.52212874447179 5400.0 5400.0 2016.0 1 426 {-999.0 19.771109 19.48619 19.382824 -999.0} sdss_psfmag_ps1 19.668362 19.494974 18.930845 -999.0 63050396382897454 1143795202 dark_1x2 mwm_wd_pwd_boss_1x2 mwm_wd science 0 0 0.0 0.0 -999 ""
FIBERMAP 540 R-12C4 METROLOGY 0 0 0 1 0 0 -77.12175873583405 -218.10687403698108 143.1 194.2753612771434 -125.58701076224433 100.56991 57.521896 -999.0 -999.0 -999.0 -999.0 -999.0 250.35954449464091 -29.429476263481874 250.4393797909472 -29.48071346797771 78.52337827492653 95.53265676812771 -999.0 6231.0 -999.0 -1 -999 {-999.0 -999.0 -999.0 -999.0 -999.0} "" -999.0 -999.0 -999.0 -999.0 -999 -999 "" "" "" "" 0 0 0.0 0.0 -999 ""
FIBERMAP 541 R-13C2 APOGEE 1 1 0 1 0 0 -138.10838530763672 -255.76869666288616 143.1 216.76960328761996 -193.64189988033004 210.19882 100.33407 250.4371441945315 -29.634204781501616 -2.2441883 -4.862397 0.061617333 250.43712676272528 -29.634196935702064 250.5176698714987 -29.685188170724583 78.45682727340176 96.55994562755802 16000.0 16600.0 2016.0 2 155 {-999.0 15.923655 14.366888 13.558737 -999.0} sdss_psfmag_from_g3xp 15.258852 14.163224 13.1314335 10.652 63050396382872810 1153032773 bright_1x1 mwm_galactic_core_dist_apogee_sparse mwm_galactic science 0 0 0.0 0.0 -999 ""
FIBERMAP 541 R-13C2 BOSS 0 0 0 1 0 0 -138.60606274139735 -255.21583927128557 143.1 216.11643970050355 -193.99781658849332 210.19882 100.33407 -999.0 -999.0 -999.0 -999.0 -999.0 250.4348861482715 -29.635260968637233 250.51538177570762 -29.68625728539612 78.4588139975855 96.56529875016952 -999.0 5400.0 -999.0 1 436 {-999.0 -999.0 -999.0 -999.0 -999.0} "" -999.0 -999.0 -999.0 -999.0 -999 -999 "" "" "" "" 0 0 0.0 0.0 -999 ""
FIBERMAP 541 R-13C2 METROLOGY 0 0 0 1 0 0 -137.87680656619966 -255.0621958081389 143.1 216.1360700482788 -193.25283292934765 210.19882 100.33407 -999.0 -999.0 -999.0 -999.0 -999.0 250.43499556135703 -29.63305940260942 250.51549843643807 -29.684056092863813 78.45871476351596 96.55429632857039 -999.0 6231.0 -999.0 -1 -999 {-999.0 -999.0 -999.0 -999.0 -999.0} "" -999.0 -999.0 -999.0 -999.0 -999 -999 "" "" "" "" 0 0 0.0 0.0 -999 ""
FIBERMAP 542 R+1C25 APOGEE 0 0 0 1 0 0 245.93577828338195 6.874906320521664 143.1 50.33423369333229 240.82012990195213 256.30905 84.19698 -999.0 -999.0 -999.0 -999.0 -999.0 249.86059944291114 -28.32070487719714 249.9368667846469 -28.373459068055706 78.8926738269094 89.74468541315434 -999.0 16600.0 -999.0 2 -999 {-999.0 -999.0 -999.0 -999.0 -999.0} "" -999.0 -999.0 -999.0 -999.0 -999 -999 "" "" "" "" 0 0 0.0 0.0 -999 ""
FIBERMAP 542 R+1C25 BOSS 1 1 0 1 0 0 245.22067593952667 7.1450675983992085 143.1 49.905642513723464 240.1871754155339 256.30905 84.19698 249.85915796570254 -28.322559864886475 1.4549412 -13.629928 0.81726474 249.8591794077145 -28.322577514228303 249.9354047370441 -28.375339252908987 78.89416004930197 89.75364835924915 5400.0 5400.0 2016.0 1 192 {-999.0 16.677998 15.647104 15.186427 -999.0} sdss_psfmag_ps1 16.288404 15.5575905 14.719344 12.997 63050396383299314 980296775 "" ops_std_boss_red ops_std standard_boss 0 0 0.0 0.0 -999 ""
FIBERMAP 542 R+1C25 METROLOGY 0 0 0 1 0 0 245.79914943926417 7.610318297410222 143.1 49.587207109502856 240.85773793183748 256.30905 84.19698 -999.0 -999.0 -999.0 -999.0 -999.0 249.85808077302482 -28.320519664397814 249.93431293875096 -28.37328331992276 78.89488767320128 89.74248897285963 -999.0 6231.0 -999.0 -1 -999 {-999.0 -999.0 -999.0 -999.0 -999.0} "" -999.0 -999.0 -999.0 -999.0 -999 -999 "" "" "" "" 0 0 0.0 0.0 -999 ""
FIBERMAP 545 R-11C6 APOGEE 1 1 0 1 0 0 -60.71400171825367 -224.33000041720254 143.1 204.13293772286954 -111.06975756241714 237.00368 126.98769 250.39352416992185 -29.385415090260793 -999.0 -999.0 -999.0 250.39352071594706 -29.385380427732436 250.47325836159314 -29.436547274902292 78.49309099990208 95.31366503611298 16000.0 16600.0 2015.5 2 171 {-999.0 -999.0 -999.0 -999.0 -999.0} "" -999.0 -999.0 -999.0 -999.0 27021603175319092 848663133 "" ops_sky_apogee_best ops_sky sky_apogee 0 0 0.0 0.0 -999 ""
FIBERMAP 545 R-11C6 BOSS 0 0 0 1 0 0 -61.48959040088997 -224.39686679520423 143.1 204.0181552976241 -111.83968993297502 237.00368 126.98769 -999.0 -999.0 -999.0 -999.0 -999.0 250.39320984575366 -29.38772567488592 250.4729047887298 -29.438893478660745 78.49344551197208 95.32539343764324 -999.0 5400.0 -999.0 1 413 {-999.0 -999.0 -999.0 -999.0 -999.0} "" -999.0 -999.0 -999.0 -999.0 -999 -999 "" "" "" "" 0 0 0.0 0.0 -999 ""
FIBERMAP 545 R-11C6 METROLOGY 0 0 0 1 0 0 -61.15485661618002 -223.72303357463616 143.1 203.44031552291514 -111.35785639310804 237.00368 126.98769 -999.0 -999.0 -999.0 -999.0 -999.0 250.39123508488143 -29.386297732635217 250.47093925892307 -29.437470478343585 78.4951287029285 95.31809055849112 -999.0 6231.0 -999.0 -1 -999 {-999.0 -999.0 -999.0 -999.0 -999.0} "" -999.0 -999.0 -999.0 -999.0 -999 -999 "" "" "" "" 0 0 0.0 0.0 -999 ""
FIBERMAP 549 R+8C4 APOGEE 0 0 0 1 0 0 -120.58035752479046 153.35358228374562 143.1 -177.12700800328798 -81.73479624564871 359.5814 109.91465 -999.0 -999.0 -999.0 -999.0 -999.0 249.06897556656128 -29.294060568587394 249.14811851551144 -29.348448260455097 79.64575005334909 94.7316818109901 -999.0 16600.0 -999.0 2 -999 {-999.0 -999.0 -999.0 -999.0 -999.0} "" -999.0 -999.0 -999.0 -999.0 -999 -999 "" "" "" "" 0 0 0.0 0.0 -999 ""
FIBERMAP 549 R+8C4 BOSS 1 1 0 1 0 0 -120.3242261972866 152.7044251783135 143.1 -176.43617576507353 -81.6361633937663 359.5814 109.91465 249.07139353981654 -29.29378942854838 -13.498843 -6.3642592 2.3863764 249.07135410518455 -29.29380529258939 249.15045187845033 -29.348188071095993 79.64371166902919 94.73044534203285 5400.0 5400.0 2016.0 1 58 {-999.0 21.01454 19.49187 18.0522 -999.0} sdss_psfmag_ps1 20.164587 18.814604 17.420443 14.874 63050396382790487 1094432064 bright_1x1 mwm_bin_vis_boss mwm_filler science 0 0 0.0 0.0 -999 ""
FIBERMAP 549 R+8C4 METROLOGY 0 0 0 1 0 0 -121.06193318652224 152.78123352745826 143.1 -176.6819300941568 -82.33593577659235 359.5814 109.91465 -999.0 -999.0 -999.0 -999.0 -999.0 249.07044757887655 -29.29592844553055 249.14956458250538 -29.35031259541696 79.64452434344471 94.74218208216621 -999.0 6231.0 -999.0 -1 -999 {-999.0 -999.0 -999.0 -999.0 -999.0} "" -999.0 -999.0 -999.0 -999.0 -999 -999 "" "" "" "" 0 0 0.0 0.0 -999 ""
FIBERMAP 551 R-1C12 APOGEE 0 0 0 1 0 0 -38.85480960470114 -3.396011364063007 143.1 -5.7053425797780895 -38.58215464383454 134.8071 87.07964 -999.0 -999.0 -999.0 -999.0 -999.0 249.66505219498075 -29.166376264575238 249.74393284126256 -29.219364876909943 79.12282963504533 94.10603246605723 -999.0 16600.0 -999.0 2 -999 {-999.0 -999.0 -999.0 -999.0 -999.0} "" -999.0 -999.0 -999.0 -999.0 -999 -999 "" "" "" "" 0 0 0.0 0.0 -999 ""
FIBERMAP 551 R-1C12 BOSS 1 1 0 1 0 0 -38.30746688859841 -2.895256035211524 143.1 -6.065531819920727 -37.93364165343019 134.8071 87.07964 249.6638527250991 -29.164410516219053 0.7007458 -9.441058 0.101604976 249.6638486438722 -29.164426746937828 249.74267566148342 -29.21742023341472 79.12385910337481 94.09553222840566 5400.0 5400.0 2016.0 1 507 {-999.0 17.353138 16.374577 15.879696 -999.0} sdss_psfmag_ps1 16.948036 16.273985 15.461017 13.743 63050396383206269 1071751018 dark_flexible_2x1 mwm_halo_vmp_xp_boss mwm_halo science 0 0 0.0 0.0 -999 ""
FIBERMAP 551 R-1C12 METROLOGY 0 0 0 1 0 0 -38.14173345780138 -3.621888820925548 143.1 -5.320296852538982 -37.94090362528203 134.8071 87.07964 -999.0 -999.0 -999.0 -999.0 -999.0 249.6664271920523 -29.164459016978274 249.74526826547162 -29.21744587353166 79.12159858870507 94.09608286562741 -999.0 6231.0 -999.0 -1 -999 {-999.0 -999.0 -999.0 -999.0 -999.0} "" -999.0 -999.0 -999.0 -999.0 -999 -999 "" "" "" "" 0 0 0.0 0.0 -999 ""
FIBERMAP 553 R+3C6 APOGEE 0 0 0 1 0 0 -151.3159579327669 52.028305773169805 143.1 -85.69231330332428 -135.1246953564899 175.24327 157.95987 -999.0 -999.0 -999.0 -999.0 -999.0 249.38549452745468 -29.458000333977672 249.4652342504179 -29.511580791179686 79.37154537000823 95.64591436459011 -999.0 16600.0 -999.0 2 -999 {-999.0 -999.0 -999.0 -999.0 -999.0} "" -999.0 -999.0 -999.0 -999.0 -999 -999 "" "" "" "" 0 0 0.0 0.0 -999 ""
FIBERMAP 553 R+3C6 BOSS 1 1 0 1 0 0 -151.9734329101466 52.365477895798236 143.1 -86.17272590854753 -135.6860578323043 175.24327 157.95987 249.3835604008949 -29.459734235652924 -0.9648885 -5.586939 0.071652226 249.3838204622114 -29.45974448178205 249.4635190843435 -29.513328700759814 79.37304766903692 95.65534683532377 5400.0 5400.0 2016.0 1 40 {-999.0 16.229706 15.332123 14.830273 -999.0} sdss_psfmag_ps1 15.923766 15.258566 14.455219 12.726 63050396382771014 1071803124 dark_flexible_2x1 mwm_halo_mp_xp_boss mwm_halo science 0 0 0.8011643290519714 0.0 -999 ""
FIBERMAP 553 R+3C6 METROLOGY 0 0 0 1 0 0 -151.3566827486273 52.77519244875669 143.1 -86.428265649976 -134.99113928467895 175.24327 157.95987 -999.0 -999.0 -999.0 -999.0 -999.0 249.38291549141988 -29.45765228303058 249.46262035408608 -29.51123921008786 79.37381816921813 95.64399259045621 -999.0 6231.0 -999.0 -1 -999 {-999.0 -999.0 -999.0 -999.0 -999.0} "" -999.0 -999.0 -999.0 -999.0 -999 -999 "" "" "" "" 0 0 0.0 0.0 -999 ""
FIBERMAP 555 R-12C1 APOGEE 1 1 0 1 0 0 -134.64515310858513 -229.8405924079208 143.1 192.35184067595546 -184.26157655582193 94.21195 3.3100476 250.3526659475202 -29.606521861871187 -0.4114054 -4.1843896 0.055751584 250.35266459379164 -29.606533832930978 250.43310070360923 -29.657737395993323 78.53031134405173 96.42238173297204 16000.0 16600.0 2016.0 2 249 {-999.0 15.587834 13.996731 13.145095 -999.0} sdss_psfmag_from_g3xp 14.903301 13.76638 12.711279 10.185 63050396382888970 1153032859 bright_1x1 mwm_galactic_core_dist_apogee_sparse mwm_galactic science 0 0 0.0 0.0 -999 ""
FIBERMAP 555 R-12C1 BOSS 0 0 0 1 0 0 -134.5533718677987 -230.56569757655268 143.1 193.07844347610987 -184.34041896338067 94.21195 3.3100476 -999.0 -999.0 -999.0 -999.0 -999.0 250.35522920623723 -29.60675435288693 250.43561643071848 -29.657951671383945 78.52812528472614 96.42346667194914 -999.0 5400.0 -999.0 1 517 {-999.0 -999.0 -999.0 -999.0 -999.0} "" -999.0 -999.0 -999.0 -999.0 -999 -999 "" "" "" "" 0 0 0.0 0.0 -999 ""
FIBERMAP 555 R-12C1 METROLOGY 0 0 0 1 0 0 -135.2401954126337 -230.2932553870126 143.1 192.6541902096773 -184.94533731249675 94.21195 3.3100476 -999.0 -999.0 -999.0 -999.0 -999.0 250.35378480345778 -29.608620431401924 250.4341918890956 -29.659820708314374 78.52936430284511 96.43286095989373 -999.0 6231.0 -999.0 -1 -999 {-999.0 -999.0 -999.0 -999.0 -999.0} "" -999.0 -999.0 -999.0 -999.0 -999 -999 "" "" "" "" 0 0 0.0 0.0 -999 ""
FIBERMAP 557 R+4C13 APOGEE 0 0 0 1 0 0 38.857361499574424 86.38774175520174 143.1 -75.02161110960343 57.82673132546933 67.66442 69.69962 -999.0 -999.0 -999.0 -999.0 -999.0 249.42574173211446 -28.872822661599773 249.50364190848416 -28.926470157069236 79.31878787087011 92.48859097586927 -999.0 16600.0 -999.0 2 -999 {-999.0 -999.0 -999.0 -999.0 -999.0} "" -999.0 -999.0 -999.0 -999.0 -999 -999 "" "" "" "" 0 0 0.0 0.0 -999 ""
FIBERMAP 557 R+4C13 BOSS 1 1 0 1 0 0 39.41623443609453 85.89884948155225 143.1 -74.41647902274212 58.25700466572352 67.66442 69.69962 249.42788715390367 -28.871413074424385 -5.428265 -23.440025 0.6598568 249.42784424969733 -28.87148945525388 249.50569457936183 -28.925134698432966 79.31691420153652 92.48198237064923 5400.0 5400.0 2016.0 1 112 {-999.0 16.759857 16.014603 15.674464 -999.0} sdss_psfmag_ps1 16.504803 15.956177 15.251314 13.879 63050396383227825 1074581797 dark_flexible_2x1 mwm_halo_local_high_boss mwm_halo science 0 0 0.0 0.0 -999 ""
FIBERMAP 557 R+4C13 METROLOGY 0 0 0 1 0 0 38.7083290614926 85.65474274483715 143.1 -74.34316381913735 57.51181490017692 67.66442 69.69962 -999.0 -999.0 -999.0 -999.0 -999.0 249.42806315057078 -28.87374734139928 249.50593369942192 -28.927390728594983 79.31684090721139 92.49419817545856 -999.0 6231.0 -999.0 -1 -999 {-999.0 -999.0 -999.0 -999.0 -999.0} "" -999.0 -999.0 -999.0 -999.0 -999 -999 "" "" "" "" 0 0 0.0 0.0 -999 ""
FIBERMAP 558 R+4C15 APOGEE 0 0 0 1 0 0 66.3399158334756 90.16050933632145 143.1 -72.31946671567819 85.4342422278888 90.320465 121.527374 -999.0 -999.0 -999.0 -999.0 -999.0 249.43562726740066 -28.789109047826972 249.51326686003756 -28.842756196555488 79.30502341878717 92.04104061121922 -999.0 16600.0 -999.0 2 67 {-999.0 -999.0 -999.0 -999.0 -999.0} "" -999.0 -999.0 -999.0 -999.0 -999 -999 "" ops_sky_apogee_best_unassigned ops_sky sky_apogee 0 0 0.0 0.0 -999 ""
FIBERMAP 558 R+4C15 BOSS 1 1 0 1 0 0 66.94508412415077 90.56578610622566 143.1 -72.57337506708778 86.11686595722789 90.320465 121.527374 249.43478270538958 -28.786951173052064 -3.4684517 -5.737071 0.05289938 249.43476397454072 -28.786987124777923 249.51235058520274 -28.840639701272043 79.30568042392649 92.0293681061575 5400.0 5400.0 2016.0 1 220 {-999.0 17.093369 15.809099 15.274441 -999.0} sdss_psfmag_ps1 16.493134 15.716386 14.84085 12.945 63050396383274628 1076075599 bright_1x1 mwm_halo_mp_xp_boss_single mwm_halo science 0 0 0.0 0.0 -999 ""
FIBERMAP 558 R+4C15 METROLOGY 0 0 0 1 0 0 67.0037402004168 89.8276879934098 143.1 -71.84181405066208 86.002789621346 90.320465 121.527374 -999.0 -999.0 -999.0 -999.0 -999.0 249.43727284738165 -28.78733434732591 249.5148741834157 -28.840980005181564 79.3034981050966 92.03200755530929 -999.0 6231.0 -999.0 -1 -999 {-999.0 -999.0 -999.0 -999.0 -999.0} "" -999.0 -999.0 -999.0 -999.0 -999 -999 "" "" "" "" 0 0 0.0 0.0 -999 ""
FIBERMAP 560 R+6C18 APOGEE 0 0 0 1 0 0 171.24062086121305 105.00177934839297 143.1 -62.43402430345316 190.91407137364047 359.7734 73.04863 -999.0 -999.0 -999.0 -999.0 -999.0 249.47187486938623 -28.47006223060081 249.54852456484946 -28.52371150020056 79.2478807188356 90.3458856450863 -999.0 16600.0 -999.0 2 -999 {-999.0 -999.0 -999.0 -999.0 -999.0} "" -999.0 -999.0 -999.0 -999.0 -999 -999 "" "" "" "" 0 0 0.0 0.0 -999 ""
FIBERMAP 560 R+6C18 BOSS 1 1 0 1 0 0 171.0192678529231 104.29767139210585 143.1 -61.80044778626246 190.53550598360215 359.7734 73.04863 249.47377627866385 -28.47113090310496 -1.7731142 -3.237434 0.1001204 249.47407717554313 -28.471154135632567 249.55068462205156 -28.52480174732234 79.24609761606439 90.35268863225588 5400.0 5400.0 2016.0 1 211 {-999.0 16.328108 14.915867 14.165975 -999.0} sdss_psfmag_from_g3xp 15.757613 14.737147 13.734352 11.414 63050396383295261 1071860521 dark_flexible_2x1 mwm_halo_mp_xp_boss mwm_halo science 0 0 0.9850537180900574 0.0 -999 ""
FIBERMAP 560 R+6C18 METROLOGY 0 0 0 1 0 0 170.5116573183583 104.83411787403247 143.1 -62.43995123174389 190.166122209338 359.7734 73.04863 -999.0 -999.0 -999.0 -999.0 -999.0 249.47184305388234 -28.472236794397233 249.5484664658212 -28.52588835887367 79.24814266042262 90.35747261959847 -999.0 6231.0 -999.0 -1 -999 {-999.0 -999.0 -999.0 -999.0 -999.0} "" -999.0 -999.0 -999.0 -999.0 -999 -999 "" "" "" "" 0 0 0.0 0.0 -999 ""
FIBERMAP 562 R+5C17 APOGEE 0 0 0 1 0 0 104.16560590246357 94.5589794556471 143.1 -67.82784084509113 123.24777947223863 231.48254 63.62691 -999.0 -999.0 -999.0 -999.0 -999.0 249.45190101550605 -28.674568064137127 249.529185312854 -28.72820812310746 79.28273486879264 91.43157097386774 -999.0 16600.0 -999.0 2 -999 {-999.0 -999.0 -999.0 -999.0 -999.0} "" -999.0 -999.0 -999.0 -999.0 -999 -999 "" "" "" "" 0 0 0.0 0.0 -999 ""
FIBERMAP 562 R+5C17 BOSS 1 1 0 1 0 0 103.84160227952576 95.29265422694348 143.1 -68.61662150277951 123.10272191171931 231.48254 63.62691 249.44923026164153 -28.674927791513827 -9.158332 -6.128551 1.2786055 249.44918223030766 -28.674937948017643 249.52642093952795 -28.7285876285218 79.28518125493736 91.43258406938469 5400.0 5400.0 2016.0 1 214 {-999.0 16.82056 15.791226 15.213374 -999.0} sdss_psfmag_ps1 16.477757 15.693037 14.808102 12.947 63050396383276131 1034788161 bright_1x1 mwm_yso_variable_boss_single mwm_yso science 0 0 0.0 0.0 -999 ""
FIBERMAP 562 R+5C17 METROLOGY 0 0 0 1 0 0 104.58282809144612 95.17980460157526 143.1 -68.33499331897062 123.79756074610819 231.48254 63.62691 -999.0 -999.0 -999.0 -999.0 -999.0 249.45014793126978 -28.672823969756525 249.52739331162877 -28.72647102243808 79.28416516449786 91.42159496594076 -999.0 6231.0 -999.0 -1 -999 {-999.0 -999.0 -999.0 -999.0 -999.0} "" -999.0 -999.0 -999.0 -999.0 -999 -999 "" "" "" "" 0 0 0.0 0.0 -999 ""
FIBERMAP 563 R-1C20 APOGEE 1 1 0 1 0 0 135.0084896222972 -17.923946708165037 143.1 48.737414017168184 127.16941369418129 147.28798 138.45717 249.85498816720812 -28.663700842527305 -3.8158367 -2.9730902 0.072508134 249.8550036276015 -28.663712826421705 249.93234248880697 -28.716384249200704 78.92935887401953 91.5176184134001 16000.0 16600.0 2016.0 2 226 {-999.0 15.601824 13.853658 12.831564 -999.0} sdss_psfmag_from_g3xp 14.814996 13.489293 12.368439 9.576 63050396383255499 1153033066 bright_1x1 mwm_galactic_core_dist_apogee_sparse mwm_galactic science 0 0 0.0 0.0 -999 ""
FIBERMAP 563 R-1C20 BOSS 0 0 0 1 0 0 134.8508656570863 -17.192756418748676 143.1 47.98962610886742 127.18562057131415 147.28798 138.45717 -999.0 -999.0 -999.0 -999.0 -999.0 249.85249258648997 -28.663595063076954 249.92978285793458 -28.71627594706577 78.93158775204621 91.51611746631215 -999.0 5400.0 -999.0 1 325 {-999.0 -999.0 -999.0 -999.0 -999.0} "" -999.0 -999.0 -999.0 -999.0 -999 -999 "" "" "" "" 0 0 0.0 0.0 -999 ""
FIBERMAP 563 R-1C20 METROLOGY 0 0 0 1 0 0 135.5635661245225 -17.415453143902102 143.1 48.37149077792413 127.8272436300537 147.28798 138.45717 -999.0 -999.0 -999.0 -999.0 -999.0 249.85380659029437 -28.661641481388983 249.93110452401731 -28.714318793672035 78.93027506736195 91.50644179063403 -999.0 6231.0 -999.0 -1 -999 {-999.0 -999.0 -999.0 -999.0 -999.0} "" -999.0 -999.0 -999.0 -999.0 -999 -999 "" "" "" "" 0 0 0.0 0.0 -999 ""
FIBERMAP 564 R+1C4 APOGEE 0 0 0 1 0 0 -224.14080378932206 9.830510446731816 143.1 -61.53060625521857 -215.74652330468876 227.57112 106.969315 -999.0 -999.0 -999.0 -999.0 -999.0 249.46867224763477 -29.701916173997578 249.54920924178282 -29.755227956515167 79.29726551306342 96.9603116783498 -999.0 16600.0 -999.0 2 -999 {-999.0 -999.0 -999.0 -999.0 -999.0} "" -999.0 -999.0 -999.0 -999.0 -999 -999 "" "" "" "" 0 0 0.0 0.0 -999 ""
FIBERMAP 564 R+1C4 BOSS 1 1 0 1 0 0 -224.8284215343977 10.119996375163405 143.1 -61.9716224120491 -216.34826250094684 227.57112 106.969315 249.46717106074075 -29.703719531095857 -6.6410637 -13.8925295 2.2369714 249.46716281975304 -29.703759389317216 249.54765865638444 -29.75707362834851 79.29858143323561 96.97036720457783 5400.0 5400.0 2016.0 1 63 {-999.0 19.425001 19.587112 19.70739 -999.0} sdss_psfmag_ps1 19.476257 19.405193 19.43568 -999.0 63050396382604562 1143795248 dark_1x2 mwm_wd_pwd_boss_1x2 mwm_wd science 0 0 0.0 0.0 -999 ""
FIBERMAP 564 R+1C4 METROLOGY 0 0 0 1 0 0 -224.2330478239887 10.57279695130031 143.1 -62.27402895047737 -215.66414747671803 227.57112 106.969315 -999.0 -999.0 -999.0 -999.0 -999.0 249.4660913769978 -29.701727281190525 249.54659369277 -29.75504486413767 79.29953887918367 96.95952373162561 -999.0 6231.0 -999.0 -1 -999 {-999.0 -999.0 -999.0 -999.0 -999.0} "" -999.0 -999.0 -999.0 -999.0 -999 -999 "" "" "" "" 0 0 0.0 0.0 -999 ""
FIBERMAP 568 R-13C13 APOGEE 1 1 0 1 0 0 129.9252501848108 -265.77640528888094 143.1 288.64937061538285 64.75888405409498 311.54227 102.574135 250.68180584707414 -28.852291577091005 -6.465072 -4.5663643 0.059745196 250.6817344272727 -28.852293832029638 250.75983738531625 -28.902912380897863 78.21990823835446 92.725554183837 16000.0 16600.0 2016.0 2 179 {-999.0 16.264677 14.5845 13.204337 -999.0} sdss_psfmag_from_g3xp 15.514432 13.906797 12.683941 9.733 63050396383124033 1153032967 bright_1x1 mwm_galactic_core_dist_apogee_sparse mwm_galactic science 0 0 0.0 0.0 -999 ""
FIBERMAP 568 R-13C13 BOSS 0 0 0 1 0 0 129.47911907671562 -266.37078551452976 143.1 289.12409694704905 64.18711395775158 311.54227 102.574135 -999.0 -999.0 -999.0 -999.0 -999.0 250.68337195780623 -28.85402294205324 250.76142972576895 -28.90464000714548 78.2186323108398 92.73445162823043 -999.0 5400.0 -999.0 1 430 {-999.0 -999.0 -999.0 -999.0 -999.0} "" -999.0 -999.0 -999.0 -999.0 -999 -999 "" "" "" "" 0 0 0.0 0.0 -999 ""
FIBERMAP 568 R-13C13 METROLOGY 0 0 0 1 0 0 129.18262681177706 -265.6818427109749 143.1 288.385206538465 64.05844583324085 311.54227 102.574135 -999.0 -999.0 -999.0 -999.0 -999.0 250.68090823073408 -28.854405743246147 250.75898117983695 -28.905027829710097 78.22079686114792 92.7356492803629 -999.0 6231.0 -999.0 -1 -999 {-999.0 -999.0 -999.0 -999.0 -999.0} "" -999.0 -999.0 -999.0 -999.0 -999 -999 "" "" "" "" 0 0 0.0 0.0 -999 ""
FIBERMAP 569 R+13C1 APOGEE 1 1 0 1 0 0 -154.4776043978422 251.08392260046 143.1 -280.0503289804561 -92.04793341765831 143.47887 152.71402 248.71378139122098 -29.321563807147875 -5.722108 -3.1672256 0.08724582 248.7137585454118 -29.321568680371325 248.79289912480056 -29.37680136364628 79.95574876860431 94.86389226702101 16000.0 16600.0 2016.0 2 7 {-999.0 16.55306 14.899438 13.993214 -999.0} sdss_psfmag_from_g3xp 15.830067 14.625112 13.546419 10.948 63050396382810326 1153032689 bright_1x1 mwm_galactic_core_dist_apogee_sparse mwm_galactic science 0 0 0.0 0.0 -999 ""
FIBERMAP 569 R+13C1 BOSS 0 0 0 1 0 0 -154.79470511294008 251.77122729473592 143.1 -280.7924041545727 -92.19702755618812 143.47887 152.71402 -999.0 -999.0 -999.0 -999.0 -999.0 248.71129877567606 -29.321973607217263 248.79039642470707 -29.377212578352438 79.95793491221873 94.86608415676852 -999.0 5400.0 -999.0 1 7 {-999.0 -999.0 -999.0 -999.0 -999.0} "" -999.0 -999.0 -999.0 -999.0 -999 -999 "" "" "" "" 0 0 0.0 0.0 -999 ""
FIBERMAP 569 R+13C1 METROLOGY 0 0 0 1 0 0 -154.0702109172547 251.71460807083977 143.1 -280.5693516095864 -91.50542653373047 143.47887 152.71402 -999.0 -999.0 -999.0 -999.0 -999.0 248.71200202073618 -29.31991457008613 248.7911056996203 -29.375152293331652 79.95728940376563 94.85431735995547 -999.0 6231.0 -999.0 -1 -999 {-999.0 -999.0 -999.0 -999.0 -999.0} "" -999.0 -999.0 -999.0 -999.0 -999 -999 "" "" "" "" 0 0 0.0 0.0 -999 ""
FIBERMAP 570 R+1C20 APOGEE 1 1 0 1 0 0 129.6052016746603 27.08063691117448 143.1 3.7078655941627585 132.3481016413875 187.36404 78.291756 249.6993366048175 -28.647689248306488 0.028798224 -2.099788 0.1367961 249.69934903814496 -28.647705429273746 249.77660402915 -28.700756814125317 79.06424319560844 91.37816570067599 16000.0 16600.0 2016.0 2 80 {-999.0 15.49006 14.040182 13.351077 -999.0} sdss_psfmag_from_g3xp 14.896389 13.908316 12.931912 10.587 63050396383257384 1156251596 bright_1x1 mwm_galactic_core_dist_apogee_extra mwm_galactic science 0 0 0.0 0.0 -999 ""
FIBERMAP 570 R+1C20 BOSS 0 0 0 1 0 0 129.63584914125147 27.830617040904258 143.1 2.985452249916354 132.5518000476011 187.36404 78.291756 -999.0 -999.0 -999.0 -999.0 -999.0 249.6969020854261 -28.647014986601242 249.7741073039266 -28.700075838164743 79.06637048719567 91.37364798518865 -999.0 5400.0 -999.0 1 242 {-999.0 -999.0 -999.0 -999.0 -999.0} "" -999.0 -999.0 -999.0 -999.0 -999 -999 "" "" "" "" 0 0 0.0 0.0 -999 ""
FIBERMAP 570 R+1C20 METROLOGY 0 0 0 1 0 0 130.26291044103243 27.443646755501682 143.1 3.5072528412965975 133.07203261238374 187.36404 78.291756 -999.0 -999.0 -999.0 -999.0 -999.0 249.69869824502575 -28.64543067151012 249.7759122270121 -28.698486685509614 79.0646630545858 91.36597824023409 -999.0 6231.0 -999.0 -1 -999 {-999.0 -999.0 -999.0 -999.0 -999.0} "" -999.0 -999.0 -999.0 -999.0 -999 -999 "" "" "" "" 0 0 0.0 0.0 -999 ""
FIBERMAP 571 R+11C2 APOGEE 0 0 0 1 0 0 -151.4405499463157 218.7797937174564 143.1 -247.9233651776465 -96.58362805799844 66.42116 168.2085 -999.0 -999.0 -999.0 -999.0 -999.0 248.82412192769883 -29.336567547608936 248.90333799859377 -29.391531310919056 79.85971729843835 94.95507563988923 -999.0 16600.0 -999.0 2 -999 {-999.0 -999.0 -999.0 -999.0 -999.0} "" -999.0 -999.0 -999.0 -999.0 -999 -999 "" "" "" "" 0 0 0.0 0.0 -999 ""
FIBERMAP 571 R+11C2 BOSS 1 1 0 1 0 0 -150.92331407657085 219.40865888613388 143.1 -248.4151495976237 -95.93469755819514 66.42116 168.2085 248.82247924804688 -29.33459100058407 -999.0 -999.0 -999.0 248.82249001401385 -29.33458702083817 248.9016554015784 -29.389555746507074 79.86115799657497 94.94374840855971 5400.0 5400.0 2015.5 1 17 {-999.0 -999.0 -999.0 -999.0 -999.0} "" -999.0 -999.0 -999.0 -999.0 27021603175317199 823816653 "" ops_sky_boss_good ops_sky sky_boss 0 0 0.0 0.0 -999 ""
FIBERMAP 571 R+11C2 METROLOGY 0 0 0 1 0 0 -150.6954934135947 218.7135443412644 143.1 -247.6861777184797 -95.87425848572057 66.42116 168.2085 -999.0 -999.0 -999.0 -999.0 -999.0 248.8249353692404 -29.334450594686356 248.90411341186154 -29.38941335206713 79.85901466713186 94.94309625030058 -999.0 6231.0 -999.0 -1 -999 {-999.0 -999.0 -999.0 -999.0 -999.0} "" -999.0 -999.0 -999.0 -999.0 -999 -999 "" "" "" "" 0 0 0.0 0.0 -999 ""
FIBERMAP 573 R-6C13 APOGEE 0 0 0 1 0 0 43.018021185808784 -125.12998132881478 143.1 131.6901457175215 12.832318805864338 214.67232 153.07733 -999.0 -999.0 -999.0 -999.0 -999.0 250.14229927604072 -29.01064076220887 250.22079260751195 -29.062520806201952 78.70001313740372 93.38358177449027 -999.0 16600.0 -999.0 2 -999 {-999.0 -999.0 -999.0 -999.0 -999.0} "" -999.0 -999.0 -999.0 -999.0 -999 -999 "" "" "" "" 0 0 0.0 0.0 -999 ""
FIBERMAP 573 R-6C13 BOSS 1 1 0 1 0 0 42.29826207029949 -125.24098811846572 143.1 131.63124385848644 12.106458657048435 214.67232 153.07733 250.1422119140625 -29.01284563620598 -999.0 -999.0 -999.0 250.14222093067747 -29.01283527354369 250.2206722249424 -29.064717060362927 78.70022965685831 93.3947486693425 5400.0 5400.0 2015.5 1 393 {-999.0 -999.0 -999.0 -999.0 -999.0} "" -999.0 -999.0 -999.0 -999.0 27021603175320315 853831650 "" ops_sky_boss_fallback ops_sky sky_boss 0 0 0.0 0.0 -999 ""
FIBERMAP 573 R-6C13 METROLOGY 0 0 0 1 0 0 42.55809783451381 -124.54009258699163 143.1 131.00971456561152 12.521712095746548 214.67232 153.07733 -999.0 -999.0 -999.0 -999.0 -999.0 250.14006889869762 -29.011576047447846 250.21852963198137 -29.063462778673657 78.70203645991762 93.38787057850027 -999.0 6231.0 -999.0 -1 -999 {-999.0 -999.0 -999.0 -999.0 -999.0} "" -999.0 -999.0 -999.0 -999.0 -999 -999 "" "" "" "" 0 0 0.0 0.0 -999 ""
FIBERMAP 574 R-2C2 APOGEE 0 0 1 1 0 0 -244.98328678427058 -30.992137923220785 143.1 -26.65412929906897 -245.48533865018342 10.15977 170.05408 -999.0 -999.0 -999.0 -999.0 -999.0 249.5899531537029 -29.791941261151962 249.67080754101255 -29.844935512990848 79.19000113250925 97.42975683784232 -999.0 16600.0 -999.0 2 -999 {-999.0 -999.0 -999.0 -999.0 -999.0} "" -999.0 -999.0 -999.0 -999.0 -999 -999 "" "" "" "" 0 0 0.0 0.0 -999 ""
FIBERMAP 574 R-2C2 BOSS 1 0 1 1 0 0 -244.16568177828896 -31.07077746602177 143.1 -26.38806893536974 -244.70827260521025 10.15977 170.05408 249.63055101931965 -29.8496714119724 -4.986346 -6.3405 1.3646502 249.59093287485382 -29.789632146803722 249.67173290417168 -29.842623744164356 79.1892520165548 97.41733587326144 5400.0 5400.0 2016.0 1 513 {-999.0 17.728977 16.49676 16.09955 -999.0} sdss_psfmag_ps1 17.176876 16.652544 15.522978 13.694 63050396382585811 1096189590 bright_1x1 mwm_bin_vis_boss mwm_filler science 0 0 0.0 0.0 -999 ""
FIBERMAP 574 R-2C2 METROLOGY 0 0 1 1 0 0 -244.63965474079896 -31.656528798756888 143.1 -25.928191371519684 -245.30512431611092 10.15977 170.05408 -999.0 -999.0 -999.0 -999.0 -999.0 249.59251209264428 -29.791473223568246 249.6733317710847 -29.8444607590531 79.18782324363416 97.42695636618834 -999.0 6231.0 -999.0 -1 -999 {-999.0 -999.0 -999.0 -999.0 -999.0} "" -999.0 -999.0 -999.0 -999.0 -999 -999 "" "" "" "" 0 0 0.0 0.0 -999 ""
FIBERMAP 576 R+4C19 APOGEE 1 1 0 1 0 0 170.77694621322001 83.76958870844219 143.1 -41.888597022926 185.54024520020562 39.646923 101.477554 249.54259216386382 -28.48646407586775 -2.4939175 -2.8234503 0.89454484 249.54258571479613 -28.486472327007082 249.61930216661597 -28.53994670884194 79.18755297520288 90.4642981002903 16000.0 16600.0 2016.0 2 65 {-999.0 12.872722 11.29613 10.549985 -999.0} sdss_psfmag_from_g3xp 12.193697 11.131074 10.118504 7.702 63050396383294691 1153033140 bright_1x1 mwm_galactic_core_dist_apogee_sparse mwm_galactic science 0 0 0.0 0.0 -999 ""
FIBERMAP 576 R+4C19 BOSS 0 0 0 1 0 0 171.33488103559608 83.27044017045668 143.1 -41.27370599068941 185.9672280480523 39.646923 101.477554 -999.0 -999.0 -999.0 -999.0 -999.0 249.5447448405671 -28.48512751946133 249.62141115005772 -28.538601001195364 79.18557995264354 90.45810344403804 -999.0 5400.0 -999.0 1 217 {-999.0 -999.0 -999.0 -999.0 -999.0} "" -999.0 -999.0 -999.0 -999.0 -999 -999 "" "" "" "" 0 0 0.0 0.0 -999 ""
FIBERMAP 576 R+4C19 METROLOGY 0 0 0 1 0 0 170.6290667089398 83.03012612769834 143.1 -41.20359518745315 185.2249516395585 39.646923 101.477554 -999.0 -999.0 -999.0 -999.0 -999.0 249.54495476175455 -28.487344628098562 249.62164119064641 -28.540815864882607 79.18559070990871 90.46995686028549 -999.0 6231.0 -999.0 -1 -999 {-999.0 -999.0 -999.0 -999.0 -999.0} "" -999.0 -999.0 -999.0 -999.0 -999 -999 "" "" "" "" 0 0 0.0 0.0 -999 ""
FIBERMAP 578 R+9C13 APOGEE 1 1 0 1 0 0 92.6333872736175 164.9607743852464 143.1 -138.98273911493345 128.35323130513424 354.36877 84.64663 249.20644035916612 -28.658223379309018 -0.7481108 0.77469933 0.22086051 249.20643027452593 -28.65820480066672 249.2836074288573 -28.71244003403534 79.49618622365156 91.25394768401429 16000.0 16600.0 2016.0 2 92 {-999.0 16.143654 14.390097 13.543633 -999.0} sdss_psfmag_from_g3xp 15.356555 14.155919 13.082992 10.451 63050396383283118 1156251668 bright_1x1 mwm_galactic_core_dist_apogee_extra mwm_galactic science 0 0 0.0 0.0 -999 ""
FIBERMAP 578 R+9C13 BOSS 0 0 0 1 0 0 92.53290626538245 164.19370255325745 143.1 -138.25989166034728 128.07764175360927 354.36877 84.64663 -999.0 -999.0 -999.0 -999.0 -999.0 249.20890843108631 -28.659004660646865 249.28604345338942 -28.713236865852743 79.49411968546865 91.25923411335566 -999.0 5400.0 -999.0 1 159 {-999.0 -999.0 -999.0 -999.0 -999.0} "" -999.0 -999.0 -999.0 -999.0 -999 -999 "" "" "" "" 0 0 0.0 0.0 -999 ""
FIBERMAP 578 R+9C13 METROLOGY 0 0 0 1 0 0 91.92884173279893 164.70063499826722 143.1 -138.8930496685711 127.60759245103795 354.36877 84.64663 -999.0 -999.0 -999.0 -999.0 -999.0 249.2066779410118 -28.66040143788744 249.2838296297474 -28.714637716700526 79.49616616039751 91.26604971883557 -999.0 6231.0 -999.0 -1 -999 {-999.0 -999.0 -999.0 -999.0 -999.0} "" -999.0 -999.0 -999.0 -999.0 -999 -999 "" "" "" "" 0 0 0.0 0.0 -999 ""
FIBERMAP 579 R+10C17 APOGEE 1 1 0 1 0 0 189.73796816135987 182.66568251611054 143.1 -133.69038364100962 226.91358103517751 329.19067 99.47496 249.22791358782274 -28.360948770977586 -9.182295 -7.783262 0.15915804 249.22785757580016 -28.360954796846425 249.30411319830978 -28.415221717227023 79.4505432684348 89.64329393455773 16000.0 16600.0 2016.0 2 103 {-999.0 15.566796 13.945782 13.13619 -999.0} sdss_psfmag_from_g3xp 14.863821 13.735354 12.689076 10.108 63050396383290860 1153033119 bright_1x1 mwm_galactic_core_dist_apogee_sparse mwm_galactic science 0 0 0.0 0.0 -999 ""
FIBERMAP 579 R+10C17 BOSS 0 0 0 1 0 0 189.48990769256167 181.949720566423 143.1 -133.05146880503273 226.50628840474397 329.19067 99.47496 -999.0 -999.0 -999.0 -999.0 -999.0 249.23007852881213 -28.362178284794307 249.30629329506553 -28.416443795062946 79.44876760414876 89.65105051010863 -999.0 5400.0 -999.0 1 177 {-999.0 -999.0 -999.0 -999.0 -999.0} "" -999.0 -999.0 -999.0 -999.0 -999 -999 "" "" "" "" 0 0 0.0 0.0 -999 ""
FIBERMAP 579 R+10C17 METROLOGY 0 0 0 1 0 0 189.00094416217044 182.52752870764783 143.1 -133.72688206705138 226.1646328368624 329.19067 99.47496 -999.0 -999.0 -999.0 -999.0 -999.0 249.2277091209108 -28.363158533751665 249.30393920480992 -28.417428252251682 79.450931416814 89.65518764863617 -999.0 6231.0 -999.0 -1 -999 {-999.0 -999.0 -999.0 -999.0 -999.0} "" -999.0 -999.0 -999.0 -999.0 -999 -999 "" "" "" "" 0 0 0.0 0.0 -999 ""
FIBERMAP 583 R+3C18 APOGEE 1 1 0 1 0 0 133.11593804038966 51.031918603285845 143.1 -18.775992133053453 141.31629581218093 316.75525 124.900955 249.6217346191406 -28.620365752677927 -999.0 -999.0 -999.0 249.62172457925212 -28.62036230304094 249.69887693172973 -28.673608474639927 79.1299569445922 91.20537662602214 16000.0 16600.0 2015.5 2 70 {-999.0 -999.0 -999.0 -999.0 -999.0} "" -999.0 -999.0 -999.0 -999.0 27021603175324230 845928635 "" ops_sky_apogee_best ops_sky sky_apogee 0 0 0.0 0.0 -999 ""
FIBERMAP 583 R+3C18 BOSS 0 0 0 1 0 0 133.00954174010286 50.28931753608939 143.1 -18.07831932385727 141.04062603289074 316.75525 124.900955 -999.0 -999.0 -999.0 -999.0 -999.0 249.6241697586359 -28.621134505271044 249.70127828226407 -28.67437801097278 79.12792182680357 91.2103768826372 -999.0 5400.0 -999.0 1 226 {-999.0 -999.0 -999.0 -999.0 -999.0} "" -999.0 -999.0 -999.0 -999.0 -999 -999 "" "" "" "" 0 0 0.0 0.0 -999 ""
FIBERMAP 583 R+3C18 METROLOGY 0 0 0 1 0 0 132.4237770434969 50.74811946262457 143.1 -18.660416994322972 140.57721798067038 316.75525 124.900955 -999.0 -999.0 -999.0 -999.0 -999.0 249.62213645152644 -28.62251727302729 249.6992621207637 -28.67576431124195 79.1298003409859 91.21691814181912 -999.0 6231.0 -999.0 -1 -999 {-999.0 -999.0 -999.0 -999.0 -999.0} "" -999.0 -999.0 -999.0 -999.0 -999 -999 "" "" "" "" 0 0 0.0 0.0 -999 ""
FIBERMAP 584 R+9C4 APOGEE 0 0 0 1 0 0 -133.31540691780816 160.69045788266604 143.1 -187.2164106037195 -92.42131188317005 263.58673 84.10836 -999.0 -999.0 -999.0 -999.0 -999.0 249.03382136715703 -29.326106036145525 249.11305695420572 -29.380569230723818 79.67684680082958 94.90775090136202 -999.0 16600.0 -999.0 2 -999 {-999.0 -999.0 -999.0 -999.0 -999.0} "" -999.0 -999.0 -999.0 -999.0 -999 -999 "" "" "" "" 0 0 0.0 0.0 -999 ""
FIBERMAP 584 R+9C4 BOSS 1 1 0 1 0 0 -134.06295725029122 160.82233754507533 143.1 -187.51801602131277 -93.11789047223812 263.58673 84.10836 249.032766455225 -29.328214281287412 -5.513336 -10.260738 0.085502096 249.03275539548017 -29.328226264339445 249.11195260266243 -29.382692015632344 79.67784121193016 94.91951449768521 5400.0 5400.0 2016.0 1 15 {-999.0 18.063528 16.958279 16.552402 -999.0} sdss_psfmag_ps1 17.60313 16.920683 16.11016 14.407 63050396382789137 944129235 bright_1x1 openfibertargets_nov2020_6b open_fiber science 0 0 0.0 0.0 -999 ""
FIBERMAP 584 R+9C4 METROLOGY 0 0 0 1 0 0 -133.54930134361572 161.40094476809904 143.1 -187.96174367007518 -92.48409485105654 263.58673 84.10836 -999.0 -999.0 -999.0 -999.0 -999.0 249.03118930914988 -29.32630756639518 249.11039276652173 -29.380777454828845 79.67917122702293 94.90871508162797 -999.0 6231.0 -999.0 -1 -999 {-999.0 -999.0 -999.0 -999.0 -999.0} "" -999.0 -999.0 -999.0 -999.0 -999 -999 "" "" "" "" 0 0 0.0 0.0 -999 ""
FIBERMAP 585 R+12C4 APOGEE 0 0 0 1 0 0 -95.97893481668032 228.609138012545 143.1 -244.62546072869438 -40.35613165518696 131.41081 174.8176 -999.0 -999.0 -999.0 -999.0 -999.0 248.8370431457525 -29.166672141226048 248.91572659166604 -29.221652382052167 79.84534906807892 93.99234223403249 -999.0 16600.0 -999.0 2 -999 {-999.0 -999.0 -999.0 -999.0 -999.0} "" -999.0 -999.0 -999.0 -999.0 -999 -999 "" "" "" "" 0 0 0.0 0.0 -999 ""
FIBERMAP 585 R+12C4 BOSS 1 1 0 1 0 0 -96.42007750544069 229.15894071228405 143.1 -245.26254506706954 -40.657764249727954 131.41081 174.8176 248.83483886718747 -29.167584731099126 -999.0 -999.0 -999.0 248.83486410549736 -29.167565323906143 248.9135058325195 -29.222551665777445 79.84731268934422 93.997119473069 5400.0 5400.0 2015.5 1 98 {-999.0 -999.0 -999.0 -999.0 -999.0} "" -999.0 -999.0 -999.0 -999.0 27021603175317620 823816711 "" ops_sky_boss_good ops_sky sky_boss 0 0 0.0 0.0 -999 ""
FIBERMAP 585 R+12C4 METROLOGY 0 0 0 1 0 0 -95.6749269325926 229.2925686404866 143.1 -245.21976004477187 -39.901960537908955 131.41081 174.8176 -999.0 -999.0 -999.0 -999.0 -999.0 248.8349728288801 -29.165286810063318 248.91361987388632 -29.220273215993142 79.84714638030366 93.98421593410126 -999.0 6231.0 -999.0 -1 -999 {-999.0 -999.0 -999.0 -999.0 -999.0} "" -999.0 -999.0 -999.0 -999.0 -999 -999 "" "" "" "" 0 0 0.0 0.0 -999 ""
FIBERMAP 586 R-5C20 APOGEE 1 1 0 1 0 0 180.34223007879692 -110.54358794950498 143.1 149.34108096016203 149.79197740549526 260.41315 87.18975 250.20194904627516 -28.595726233627747 -4.219226 -4.941231 0.046854913 250.20195152781292 -28.595735272584417 250.27914971596988 -28.64758769508211 78.62041817473757 91.29614380575674 16000.0 16600.0 2016.0 2 224 {-999.0 16.322893 14.498413 13.483029 -999.0} sdss_psfmag_from_g3xp 15.487208 14.139653 13.008745 10.132 63050396383248533 1156251580 bright_1x1 mwm_galactic_core_dist_apogee_extra mwm_galactic science 0 0 0.0 0.0 -999 ""
FIBERMAP 586 R-5C20 BOSS 0 0 0 1 0 0 179.61442663631493 -110.39109630807857 143.1 149.0240043270228 149.11938597267857 260.41315 87.18975 -999.0 -999.0 -999.0 -999.0 -999.0 250.20095896183167 -28.59772768353704 250.27811420803653 -28.649585691484347 78.62149704481118 91.30583215957142 -999.0 5400.0 -999.0 1 322 {-999.0 -999.0 -999.0 -999.0 -999.0} "" -999.0 -999.0 -999.0 -999.0 -999 -999 "" "" "" "" 0 0 0.0 0.0 -999 ""
FIBERMAP 586 R-5C20 METROLOGY 0 0 0 1 0 0 180.1324294047912 -109.81875058188535 143.1 148.587375192676 149.75595810145876 260.41315 87.18975 -999.0 -999.0 -999.0 -999.0 -999.0 250.1994580444465 -28.595781793153513 250.27662076364584 -28.647642920481207 78.62263394093148 91.29544450072945 -999.0 6231.0 -999.0 -1 -999 {-999.0 -999.0 -999.0 -999.0 -999.0} "" -999.0 -999.0 -999.0 -999.0 -999 -999 "" "" "" "" 0 0 0.0 0.0 -999 ""
FIBERMAP 590 R+11C14 APOGEE 1 1 0 1 0 0 115.05085325858097 209.4481739675957 143.1 -177.0588167674112 160.47375382369773 164.71873 150.77509 249.0765380859375 -28.560625286692158 -999.0 -999.0 -999.0 249.07655175818837 -28.56062063550762 249.15339425301397 -28.615195301464613 79.60188714621025 90.66692384003545 16000.0 16600.0 2015.5 2 55 {-999.0 -999.0 -999.0 -999.0 -999.0} "" -999.0 -999.0 -999.0 -999.0 27021603175324877 848663379 "" ops_sky_apogee_best ops_sky sky_apogee 0 0 0.0 0.0 -999 ""
FIBERMAP 590 R+11C14 BOSS 0 0 0 1 0 0 114.47511003098414 209.93412797568058 143.1 -177.66500222147576 160.02638919537372 164.71873 150.77509 -999.0 -999.0 -999.0 -999.0 -999.0 249.0744738259825 -28.561939877580077 249.15127530336724 -28.616522636274183 79.60385715665925 90.67334033435952 -999.0 5400.0 -999.0 1 92 {-999.0 -999.0 -999.0 -999.0 -999.0} "" -999.0 -999.0 -999.0 -999.0 -999 -999 "" "" "" "" 0 0 0.0 0.0 -999 ""
FIBERMAP 590 R+11C14 METROLOGY 0 0 0 1 0 0 115.18719349301571 210.18328890212524 143.1 -177.74226501330824 160.7768149035423 164.71873 150.77509 -999.0 -999.0 -999.0 -999.0 -999.0 249.0741917487912 -28.559648357202605 249.150998671886 -28.614231457199928 79.60389673284696 90.66057425200631 -999.0 6231.0 -999.0 -1 -999 {-999.0 -999.0 -999.0 -999.0 -999.0} "" -999.0 -999.0 -999.0 -999.0 -999 -999 "" "" "" "" 0 0 0.0 0.0 -999 ""
FIBERMAP 591 R+11C1 APOGEE 1 1 0 1 0 0 -169.54412284179892 226.04310167559387 143.1 -259.1859292550971 -112.50925990630078 93.9542 120.738205 248.78493407043072 -29.38421285091386 2.8157556 -3.9933217 0.084650464 248.7849514225546 -29.38420769204179 248.86430808471107 -29.439252122139383 79.89420032553457 95.22459714442391 16000.0 16600.0 2016.0 2 9 {-999.0 17.07836 14.464213 13.768645 -999.0} sdss_psfmag_ps1 14.962977 12.386411 10.918508 7.552 63050396382807190 1156855959 bright_1x1 mwm_galactic_core_dist_apogee_extra mwm_galactic science 0 0 0.0 0.0 -999 ""
FIBERMAP 591 R+11C1 BOSS 0 0 0 1 0 0 -168.91816648500333 226.44651901267022 143.1 -259.43320907404683 -111.8068463718699 93.9542 120.738205 -999.0 -999.0 -999.0 -999.0 -999.0 248.78418647263243 -29.382067821246785 248.8634922884395 -29.437114986896955 79.89489407359532 95.21238572668369 -999.0 5400.0 -999.0 1 9 {-999.0 -999.0 -999.0 -999.0 -999.0} "" -999.0 -999.0 -999.0 -999.0 -999 -999 "" "" "" "" 0 0 0.0 0.0 -999 ""
FIBERMAP 591 R+11C1 METROLOGY 0 0 0 1 0 0 -168.87334599425924 225.71710170737902 143.1 -258.71329989234556 -111.93236813653618 93.9542 120.738205 -999.0 -999.0 -999.0 -999.0 -999.0 248.78658773820584 -29.382498967283865 248.8659079605237 -29.437540165509652 79.89279370542594 95.2149034469935 -999.0 6231.0 -999.0 -1 -999 {-999.0 -999.0 -999.0 -999.0 -999.0} "" -999.0 -999.0 -999.0 -999.0 -999 -999 "" "" "" "" 0 0 0.0 0.0 -999 ""
FIBERMAP 593 R-1C22 APOGEE 1 1 0 1 0 0 181.51516802625312 -34.67991922731757 143.1 75.81908128018789 168.52232884772772 271.9542 81.86098 249.94847030007324 -28.538779735661166 -4.8614182 -9.466658 0.2439635 249.94848375568006 -28.5387934092461 250.02545088202794 -28.591274251721355 78.83720942495489 90.90752277274265 16000.0 16600.0 2016.0 2 205 {-999.0 15.088297 13.710112 13.06869 -999.0} sdss_psfmag_from_g3xp 14.536469 13.607612 12.657246 10.437 63050396383261770 1156251602 bright_1x1 mwm_galactic_core_dist_apogee_extra mwm_galactic science 0 0 0.0 0.0 -999 ""
FIBERMAP 593 R-1C22 BOSS 0 0 0 1 0 0 180.77243870662954 -34.583656291699896 143.1 75.55323867050636 167.82218180811978 271.9542 81.86098 -999.0 -999.0 -999.0 -999.0 -999.0 249.9476460343607 -28.540847384057695 250.02457142517142 -28.59333353541165 78.83816657594362 90.91775116022689 -999.0 5400.0 -999.0 1 289 {-999.0 -999.0 -999.0 -999.0 -999.0} "" -999.0 -999.0 -999.0 -999.0 -999 -999 "" "" "" "" 0 0 0.0 0.0 -999 ""
FIBERMAP 593 R-1C22 METROLOGY 0 0 0 1 0 0 181.2344098046259 -33.992438609708216 143.1 75.08526119158722 168.4086264935324 271.9542 81.86098 -999.0 -999.0 -999.0 -999.0 -999.0 249.946027822484 -28.53905162963325 250.02296085527155 -28.591541101853156 78.83941104706713 90.90786253648884 -999.0 6231.0 -999.0 -1 -999 {-999.0 -999.0 -999.0 -999.0 -999.0} "" -999.0 -999.0 -999.0 -999.0 -999 -999 "" "" "" "" 0 0 0.0 0.0 -999 ""
FIBERMAP 595 R-3C1 APOGEE 1 1 0 1 0 0 -273.91599574761904 -69.98945346543427 143.1 4.57104976168116 -282.67044839550044 268.14624 53.899563 249.6984849020708 -29.903802073412297 -3.7149193 -3.6017065 1.625584 249.69848633366738 -29.903818345912132 249.77972574456044 -29.956519460576704 79.09253010205842 98.00798083873752 16000.0 16600.0 2016.0 2 271 {-999.0 10.271035 10.281148 10.343481 -999.0} sdss_psfmag_from_g3xp 10.329572 10.226486 10.015635 9.821 63050396382585926 975297369 "" ops_std_apogee ops_std standard_apogee 0 0 0.0 0.0 -999 ""
FIBERMAP 595 R-3C1 BOSS 0 0 0 1 0 0 -274.51490319401705 -69.53319906380172 143.1 3.988382894743481 -283.1472312940995 268.14624 53.899563 -999.0 -999.0 -999.0 -999.0 -999.0 249.69649714119006 -29.90521832486625 249.77769290021524 -29.95792251181349 79.09424525088416 98.01569216836259 -999.0 5400.0 -999.0 1 443 {-999.0 -999.0 -999.0 -999.0 -999.0} "" -999.0 -999.0 -999.0 -999.0 -999 -999 "" "" "" "" 0 0 0.0 0.0 -999 ""
FIBERMAP 595 R-3C1 METROLOGY 0 0 0 1 0 0 -273.807789503001 -69.25562150097682 143.1 3.882326461735197 -282.3950512161377 268.14624 53.899563 -999.0 -999.0 -999.0 -999.0 -999.0 249.69612180881663 -29.903022682346258 249.77732393620215 -29.955728774649657 79.09463536517772 98.00415718732069 -999.0 6231.0 -999.0 -1 -999 {-999.0 -999.0 -999.0 -999.0 -999.0} "" -999.0 -999.0 -999.0 -999.0 -999 -999 "" "" "" "" 0 0 0.0 0.0 -999 ""
FIBERMAP 596 R-5C10 APOGEE 1 1 0 1 0 0 -25.285876088734454 -105.13380899127858 143.1 96.40287148692856 -48.97188391936633 302.1108 129.22948 250.01998901367185 -29.198293439687447 -999.0 -999.0 -999.0 250.01999899370932 -29.198283046725894 250.0990603363697 -29.250405961361306 78.81417373768522 94.32334302900779 16000.0 16600.0 2015.5 2 269 {-999.0 -999.0 -999.0 -999.0 -999.0} "" -999.0 -999.0 -999.0 -999.0 27021603175319838 848663164 "" ops_sky_apogee_best ops_sky sky_apogee 0 0 0.0 0.0 -999 ""
FIBERMAP 596 R-5C10 BOSS 0 0 0 1 0 0 -25.503133481383358 -105.8496209293594 143.1 97.04878226849893 -49.34917906387148 302.1108 129.22948 -999.0 -999.0 -999.0 -999.0 -999.0 250.0223505306676 -29.199452004217466 250.10136751090204 -29.25157033554972 78.81220111652596 94.32969075758695 -999.0 5400.0 -999.0 1 370 {-999.0 -999.0 -999.0 -999.0 -999.0} "" -999.0 -999.0 -999.0 -999.0 -999 -999 "" "" "" "" 0 0 0.0 0.0 -999 ""
FIBERMAP 596 R-5C10 METROLOGY 0 0 0 1 0 0 -26.012026373079895 -105.31374387300394 143.1 96.4095353918531 -49.719942234414965 302.1108 129.22948 -999.0 -999.0 -999.0 -999.0 -999.0 250.02012639194405 -29.200583807746032 250.09916024973666 -29.25270678716129 78.81416397916456 94.33521186246816 -999.0 6231.0 -999.0 -1 -999 {-999.0 -999.0 -999.0 -999.0 -999.0} "" -999.0 -999.0 -999.0 -999.0 -999 -999 "" "" "" "" 0 0 0.0 0.0 -999 ""
FIBERMAP 601 R+5C20 APOGEE 1 1 0 1 0 0 192.82949086343103 110.6486999948325 143.1 -62.9213857273346 213.22322258484607 87.59835 111.19604 249.47067260742185 -28.40280791195866 -999.0 -999.0 -999.0 249.4706595365566 -28.40280255995539 249.54709931671334 -28.456473602507014 79.24239326129731 89.98670692126836 16000.0 16600.0 2015.5 2 117 {-999.0 -999.0 -999.0 -999.0 -999.0} "" -999.0 -999.0 -999.0 -999.0 27021603175325413 845928724 "" ops_sky_apogee_best ops_sky sky_apogee 0 0 0.0 0.0 -999 ""
FIBERMAP 601 R+5C20 BOSS 0 0 0 1 0 0 193.53340317532377 110.89495898159213 143.1 -62.997720276981966 213.9650272377903 87.59835 111.19604 -999.0 -999.0 -999.0 -999.0 -999.0 249.47044543643145 -28.40052343441828 249.54683197411964 -28.45419984475535 79.24239214756088 89.97446036898248 -999.0 5400.0 -999.0 1 202 {-999.0 -999.0 -999.0 -999.0 -999.0} "" -999.0 -999.0 -999.0 -999.0 -999 -999 "" "" "" "" 0 0 0.0 0.0 -999 ""
FIBERMAP 601 R+5C20 METROLOGY 0 0 0 1 0 0 193.4032144750138 110.16112309253339 143.1 -62.314089914155346 213.66824641938072 87.59835 111.19604 -999.0 -999.0 -999.0 -999.0 -999.0 249.4727678413891 -28.40139110369237 249.54917064800406 -28.455060483516707 79.24043598092298 89.98018476206568 -999.0 6231.0 -999.0 -1 -999 {-999.0 -999.0 -999.0 -999.0 -999.0} "" -999.0 -999.0 -999.0 -999.0 -999 -999 "" "" "" "" 0 0 0.0 0.0 -999 ""
FIBERMAP 602 R+3C5 APOGEE 1 1 0 1 0 0 -154.1309704631274 46.437612964538545 143.1 -80.90682240483326 -139.1591417885005 355.9993 74.83248 249.40210742929423 -29.47029638139537 -3.040468 -3.167057 0.1042642 249.40209496976522 -29.470304101729194 249.4818777977472 -29.523841141157284 79.35712526489058 95.71274560982272 16000.0 16600.0 2016.0 2 24 {-999.0 15.446658 14.099592 13.489363 -999.0} sdss_psfmag_from_g3xp 14.913391 14.0195875 13.087403 10.938 63050396382770984 1153032718 bright_1x1 mwm_galactic_core_dist_apogee_sparse mwm_galactic science 0 0 0.0 0.0 -999 ""
FIBERMAP 602 R+3C5 BOSS 0 0 0 1 0 0 -154.39284145700876 45.743739401414494 143.1 -80.29259538589618 -139.57474684918805 355.9993 74.83248 -999.0 -999.0 -999.0 -999.0 -999.0 249.40423576394244 -29.471630331122682 249.48397699989096 -29.525162026643507 79.35530472659697 95.71994227635787 -999.0 5400.0 -999.0 1 41 {-999.0 -999.0 -999.0 -999.0 -999.0} "" -999.0 -999.0 -999.0 -999.0 -999 -999 "" "" "" "" 0 0 0.0 0.0 -999 ""
FIBERMAP 602 R+3C5 METROLOGY 0 0 0 1 0 0 -154.87755708249566 46.302856027292805 143.1 -80.94884217515062 -139.91660413556602 355.9993 74.83248 -999.0 -999.0 -999.0 -999.0 -999.0 249.40192249090174 -29.472668363037297 249.4816796025783 -29.526205282862637 79.3573084173918 95.72554217611275 -999.0 6231.0 -999.0 -1 -999 {-999.0 -999.0 -999.0 -999.0 -999.0} "" -999.0 -999.0 -999.0 -999.0 -999 -999 "" "" "" "" 0 0 0.0 0.0 -999 ""
FIBERMAP 603 R-11C2 APOGEE 0 0 0 1 0 0 -134.39507555536673 -207.4441809263568 143.1 170.6244312171871 -178.8255890301156 26.469023 119.22084 -999.0 -999.0 -999.0 -999.0 -999.0 250.27738037535977 -29.590577280509653 250.35774879310907 -29.64196756246547 78.59578064291463 96.34251054485378 -999.0 16600.0 -999.0 2 -999 {-999.0 -999.0 -999.0 -999.0 -999.0} "" -999.0 -999.0 -999.0 -999.0 -999 -999 "" "" "" "" 0 0 0.0 0.0 -999 ""
FIBERMAP 603 R-11C2 BOSS 1 1 0 1 0 0 -133.78108007078058 -207.86627663622923 143.1 171.1773695572987 -178.32620984330705 26.469023 119.22084 250.27934219206185 -29.589101238122744 9.196966 5.724115 3.8367374 250.27936650354383 -29.589076603890767 250.359680773793 -29.640462567812367 78.59409927708435 96.334912179416 5400.0 5400.0 2016.0 1 516 {-999.0 19.312119 17.775324 16.6594 -999.0} sdss_psfmag_ps1 18.687996 17.249699 16.081903 13.821 63050396382889767 1078034627 bright_flexible_2x1 mwm_snc_ext_main_boss mwm_snc science 0 0 0.0 0.0 -999 ""
FIBERMAP 603 R-11C2 METROLOGY 0 0 0 1 0 0 -134.44649200525393 -208.19040781241566 143.1 171.33837830964293 -179.04861958863526 26.469023 119.22084 -999.0 -999.0 -999.0 -999.0 -999.0 250.27994130956176 -29.591282323482307 250.36027687394346 -29.642666251409377 78.59358437421001 96.34605902876694 -999.0 6231.0 -999.0 -1 -999 {-999.0 -999.0 -999.0 -999.0 -999.0} "" -999.0 -999.0 -999.0 -999.0 -999 -999 "" "" "" "" 0 0 0.0 0.0 -999 ""
FIBERMAP 606 R-1C4 APOGEE 0 0 0 1 0 0 -231.08948310961856 -16.190101512667646 143.1 -37.83098004549745 -228.53865201304976 207.68665 72.64497 -999.0 -999.0 -999.0 -999.0 -999.0 249.5511494697978 -29.740824745950274 249.63183086584718 -29.793926872660393 79.22488307662525 97.16121290752255 -999.0 16600.0 -999.0 2 -999 {-999.0 -999.0 -999.0 -999.0 -999.0} "" -999.0 -999.0 -999.0 -999.0 -999 -999 "" "" "" "" 0 0 0.0 0.0 -999 ""
FIBERMAP 606 R-1C4 BOSS 1 1 0 1 0 0 -231.25027319184014 -15.440570396105986 143.1 -38.59734248731475 -228.52127245193506 207.68665 72.64497 249.5484867567126 -29.740769973825245 -1.861112 -5.0497036 0.24864009 249.5485179779414 -29.740796132738573 249.62915163338153 -29.793903837615364 79.2272081829921 97.16132504968391 5400.0 5400.0 2016.0 1 510 {-999.0 17.855555 17.395096 17.202805 17.109617} sdss_psfmag_from_gaia 17.7307 17.4095 16.8302 15.726 63050396382592299 972876721 "" ops_std_boss_gdr2 ops_std standard_boss 0 0 0.0 0.0 -999 ""
FIBERMAP 606 R-1C4 METROLOGY 0 0 0 1 0 0 -230.52759891835285 -15.69635626215705 143.1 -38.18097893473198 -227.87761959448443 207.68665 72.64497 -999.0 -999.0 -999.0 -999.0 -999.0 249.54995539467228 -29.738902541678687 249.63059666115169 -29.792007537240703 79.22599009804983 97.1510557611976 -999.0 6231.0 -999.0 -1 -999 {-999.0 -999.0 -999.0 -999.0 -999.0} "" -999.0 -999.0 -999.0 -999.0 -999 -999 "" "" "" "" 0 0 0.0 0.0 -999 ""
FIBERMAP 609 R+3C17 APOGEE 0 0 0 1 0 0 86.49838996446834 42.764906803008124 143.1 -21.543059284782288 94.05381761183334 286.1539 41.838722 -999.0 -999.0 -999.0 -999.0 -999.0 249.61156184865385 -28.763529168963917 249.6891607590777 -28.816759691651807 79.14949989194426 91.9593930006148 -999.0 16600.0 -999.0 2 -999 {-999.0 -999.0 -999.0 -999.0 -999.0} "" -999.0 -999.0 -999.0 -999.0 -999 -999 "" "" "" "" 0 0 0.0 0.0 -999 ""
FIBERMAP 609 R+3C17 BOSS 1 1 0 1 0 0 85.79831635980672 43.248030989656314 143.1 -22.175318810379448 93.48485848490257 286.1539 41.838722 249.609375 -28.765211637899867 -999.0 -999.0 -999.0 249.60939796945198 -28.765192769035522 249.68695482922465 -28.81843093948082 79.15154583616103 91.96752447194672 5400.0 5400.0 2015.5 1 227 {-999.0 -999.0 -999.0 -999.0 -999.0} "" -999.0 -999.0 -999.0 -999.0 27021603175323750 853832339 "" ops_sky_boss_fallback ops_sky sky_boss 0 0 0.0 0.0 -999 ""
FIBERMAP 609 R+3C17 METROLOGY 0 0 0 1 0 0 86.50184195668157 43.512894971728635 143.1 -22.269840434845044 94.23060064488004 286.1539 41.838722 -999.0 -999.0 -999.0 -999.0 -999.0 249.6090644144472 -28.762921952524763 249.68662733360588 -28.816160747918012 79.15167168130431 91.9553849486054 -999.0 6231.0 -999.0 -1 -999 {-999.0 -999.0 -999.0 -999.0 -999.0} "" -999.0 -999.0 -999.0 -999.0 -999 -999 "" "" "" "" 0 0 0.0 0.0 -999 ""
FIBERMAP 616 R+10C3 APOGEE 1 1 0 1 0 0 -118.02541442032265 206.20603909872352 143.1 -227.94516336214792 -66.99542108975378 91.285675 49.949707 248.89377996738625 -29.247834778382916 -5.627411 1.57629 0.39751756 248.89374092951005 -29.247835308547845 248.9726943858268 -29.30265679052774 79.79773751445401 94.45777427953942 16000.0 16600.0 2016.0 2 13 {-999.0 14.341247 12.530521 11.120392 -999.0} sdss_psfmag_from_g3xp 13.518486 11.831336 10.58899 7.532 63050396382828179 1156251678 bright_1x1 mwm_galactic_core_dist_apogee_extra mwm_galactic science 0 0 0.0 0.0 -999 ""
FIBERMAP 616 R+10C3 BOSS 0 0 0 1 0 0 -117.44529635977014 205.75661113286912 143.1 -227.3734931154269 -66.53533221681121 91.285675 49.949707 -999.0 -999.0 -999.0 -999.0 -999.0 248.89573521010297 -29.24647018828148 248.9746406019309 -29.301288112358055 79.79601076631266 94.45025920316925 -999.0 5400.0 -999.0 1 16 {-999.0 -999.0 -999.0 -999.0 -999.0} "" -999.0 -999.0 -999.0 -999.0 -999 -999 "" "" "" "" 0 0 0.0 0.0 -999 ""
FIBERMAP 616 R+10C3 METROLOGY 0 0 0 1 0 0 -118.13685331594736 205.46056659164213 143.1 -227.24586660563344 -67.2766616513261 91.285675 49.949707 -999.0 -999.0 -999.0 -999.0 -999.0 248.89609992224692 -29.24872851776061 248.975025070662 -29.30354468886813 79.79572487429192 94.46303532571653 -999.0 6231.0 -999.0 -1 -999 {-999.0 -999.0 -999.0 -999.0 -999.0} "" -999.0 -999.0 -999.0 -999.0 -999 -999 "" "" "" "" 0 0 0.0 0.0 -999 ""
FIBERMAP 617 R-4C3 APOGEE 1 1 0 1 0 0 -212.08312251678274 -60.27913385007861 143.1 9.461943289041487 -220.27311144556438 173.85272 52.974052 249.71611735683365 -29.716432388112118 1.3010207 -0.6361511 0.54512423 249.71614230376665 -29.716455752086922 249.7967852927777 -29.769166837637435 79.08215524469011 97.01675384180987 16000.0 16600.0 2016.0 2 242 {-999.0 12.457549 10.861196 10.119503 -999.0} sdss_psfmag_from_g3xp 11.763957 10.7058115 9.697827 7.296 63050396382598079 1153032356 bright_1x1 mwm_galactic_core_dist_apogee_sparse mwm_galactic science 0 0 0.0 0.0 -999 ""
FIBERMAP 617 R-4C3 BOSS 0 0 0 1 0 0 -211.55048323478528 -59.739618867539434 143.1 9.060642765252668 -219.62991410801052 173.85272 52.974052 -999.0 -999.0 -999.0 -999.0 -999.0 249.71479859461135 -29.71456060403543 249.79538755517603 -29.767274849057884 79.08339664019199 97.00686069140664 -999.0 5400.0 -999.0 1 499 {-999.0 -999.0 -999.0 -999.0 -999.0} "" -999.0 -999.0 -999.0 -999.0 -999 -999 "" "" "" "" 0 0 0.0 0.0 -999 ""
FIBERMAP 617 R-4C3 METROLOGY 0 0 0 1 0 0 -211.34812046158476 -60.45864066147641 143.1 9.806967101180826 -219.59978141044067 173.85272 52.974052 -999.0 -999.0 -999.0 -999.0 -999.0 249.71738976612568 -29.71450843701956 249.7979926696264 -29.76721662005361 79.08113638437317 97.00637621419412 -999.0 6231.0 -999.0 -1 -999 {-999.0 -999.0 -999.0 -999.0 -999.0} "" -999.0 -999.0 -999.0 -999.0 -999 -999 "" "" "" "" 0 0 0.0 0.0 -999 ""
FIBERMAP 618 R+8C5 APOGEE 1 1 0 1 0 0 -101.22854429171318 167.36342077210284 143.1 -186.26780373431362 -59.66268126773855 71.251625 91.445206 249.03787605963532 -29.22693127411234 -4.044985 -6.001447 0.976838 249.0378549541656 -29.22694588576328 249.11677822915783 -29.281427127020773 79.6716159133833 94.35511236160369 16000.0 16600.0 2016.0 2 42 {-999.0 12.05755 10.614522 9.966672 -999.0} sdss_psfmag_from_g3xp 11.464755 10.514694 9.559064 7.324 63050396382791680 1153032596 bright_1x1 mwm_galactic_core_dist_apogee_sparse mwm_galactic science 0 0 0.0 0.0 -999 ""
FIBERMAP 618 R+8C5 BOSS 0 0 0 1 0 0 -100.51823629838002 167.13676696472874 143.1 -185.8826446488058 -59.02430288301744 71.251625 91.445206 -999.0 -999.0 -999.0 -999.0 -999.0 249.03918429640385 -29.22503929842224 249.1180570803731 -29.279518856287556 79.67045328464826 94.3446276469711 -999.0 5400.0 -999.0 1 70 {-999.0 -999.0 -999.0 -999.0 -999.0} "" -999.0 -999.0 -999.0 -999.0 -999 -999 "" "" "" "" 0 0 0.0 0.0 -999 ""
FIBERMAP 618 R+8C5 METROLOGY 0 0 0 1 0 0 -101.0608364876032 166.64117912662314 143.1 -185.52638233839585 -59.6670046209476 71.251625 91.445206 -999.0 -999.0 -999.0 -999.0 -999.0 249.04035885251565 -29.227004898541086 249.11925082176538 -29.28148080286041 79.66946124524934 94.35571001694382 -999.0 6231.0 -999.0 -1 -999 {-999.0 -999.0 -999.0 -999.0 -999.0} "" -999.0 -999.0 -999.0 -999.0 -999 -999 "" "" "" "" 0 0 0.0 0.0 -999 ""
FIBERMAP 621 R-1C10 APOGEE 0 0 0 1 0 0 -62.53676563639401 -7.1464339516069195 143.1 -7.548032489284161 -62.48757456844101 89.10821 54.86563 -999.0 -999.0 -999.0 -999.0 -999.0 249.65839855009523 -29.238935191501184 249.7375074449145 -29.291919498066825 79.13068987587754 94.48954853353416 -999.0 16600.0 -999.0 2 -999 {-999.0 -999.0 -999.0 -999.0 -999.0} "" -999.0 -999.0 -999.0 -999.0 -999 -999 "" "" "" "" 0 0 0.0 0.0 -999 ""
FIBERMAP 621 R-1C10 BOSS 1 1 0 1 0 0 -61.932108454631425 -7.6067711358134495 143.1 -6.960061118342683 -62.00614541493317 89.10821 54.86563 249.66031450062343 -29.237299624292238 -35.77181 -75.09751 14.932455 249.66049174737944 -29.237516566246796 249.73954942257637 -29.29049737410769 79.12887003769151 94.48227360276542 5400.0 5400.0 2016.0 1 509 {-999.0 16.666565 15.27343 14.335519 -999.0} sdss_psfmag_ps1 16.076849 14.48336 13.259525 10.871 63050396383203831 1151091728 bright_1x1 mwm_snc_100pc_boss_single mwm_snc science 0 0 0.9389365911483765 0.0 -999 ""
FIBERMAP 621 R-1C10 METROLOGY 0 0 0 1 0 0 -62.61560923931008 -7.8902631679431074 143.1 -6.842776791209581 -62.73672809780205 89.10821 54.86563 -999.0 -999.0 -999.0 -999.0 -999.0 249.66087850099925 -29.239741281162658 249.73995669091494 -29.292720200567505 79.128576860213 94.49410719701297 -999.0 6231.0 -999.0 -1 -999 {-999.0 -999.0 -999.0 -999.0 -999.0} "" -999.0 -999.0 -999.0 -999.0 -999 -999 "" "" "" "" 0 0 0.0 0.0 -999 ""
FIBERMAP 622 R-9C14 APOGEE 1 1 0 1 0 0 84.29761281850222 -172.90362516409195 143.1 187.73132930451135 41.90913320334638 200.60075 88.933365 250.3357173197927 -28.922210248035853 -4.128992 -9.155656 0.14029886 250.33571348926404 -28.922235414495386 250.41396785555241 -28.97367246858243 78.52644904593404 92.98137454788957 16000.0 16600.0 2016.0 2 198 {-999.0 15.312653 14.009672 13.375713 -999.0} sdss_psfmag_from_g3xp 14.803623 13.905392 12.97024 10.799 63050396383011083 1153033035 bright_1x1 mwm_galactic_core_dist_apogee_sparse mwm_galactic science 0 0 0.0 0.0 -999 ""
FIBERMAP 622 R-9C14 BOSS 0 0 0 1 0 0 84.06096432091226 -172.20743659740742 143.1 186.99926592250753 41.84035615566876 200.60075 88.933365 -999.0 -999.0 -999.0 -999.0 -999.0 250.33330507809123 -28.922432360003096 250.41150990951462 -28.97387776848328 78.52860775115631 92.98176356697525 -999.0 5400.0 -999.0 1 274 {-999.0 -999.0 -999.0 -999.0 -999.0} "" -999.0 -999.0 -999.0 -999.0 -999 -999 "" "" "" "" 0 0 0.0 0.0 -999 ""
FIBERMAP 622 R-9C14 METROLOGY 0 0 0 1 0 0 84.78704960315797 -172.34066478002887 143.1 187.29720627859282 42.51574264328716 200.60075 88.933365 -999.0 -999.0 -999.0 -999.0 -999.0 250.33433871852253 -28.9203789735263 250.41255134261803 -28.97182173228473 78.52757613484657 92.97171624206243 -999.0 6231.0 -999.0 -1 -999 {-999.0 -999.0 -999.0 -999.0 -999.0} "" -999.0 -999.0 -999.0 -999.0 -999 -999 "" "" "" "" 0 0 0.0 0.0 -999 ""
FIBERMAP 625 R+1C2 APOGEE 0 0 0 1 0 0 -250.49342612560704 35.84364967374279 143.1 -92.9440556617234 -235.34890087296006 100.2613 76.8252 -999.0 -999.0 -999.0 -999.0 -999.0 249.35903982927636 -29.760221216961998 249.43973619884684 -29.813780700806376 79.39112037315853 97.28690648326898 -999.0 16600.0 -999.0 2 -999 {-999.0 -999.0 -999.0 -999.0 -999.0} "" -999.0 -999.0 -999.0 -999.0 -999 -999 "" "" "" "" 0 0 0.0 0.0 -999 ""
FIBERMAP 625 R+1C2 BOSS 1 1 0 1 0 0 -249.74823031659153 35.81113917594121 143.1 -92.73965432299583 -234.6315732774735 100.2613 76.8252 249.35944108161382 -29.75808000479826 1.8508123 -0.64850634 0.084324956 249.3597986992064 -29.758084839695794 249.4404421415701 -29.811642190140404 79.39055640299698 97.27521868911862 5400.0 5400.0 2016.0 1 11 {-999.0 15.4771 14.363058 13.817949 -999.0} sdss_psfmag_from_g3xp 15.075547 14.297126 13.427864 11.53 63050396382578948 1071860431 dark_flexible_2x1 mwm_halo_mp_xp_boss mwm_halo science 0 0 1.0806944370269775 0.0 -999 ""
FIBERMAP 625 R+1C2 METROLOGY 0 0 0 1 0 0 -250.13870359495493 35.18511330948956 143.1 -92.22124113119904 -235.1565412219867 100.2613 76.8252 -999.0 -999.0 -999.0 -999.0 -999.0 249.3615663853657 -29.759716710859497 249.4422285926912 -29.813269600576447 79.38897000779535 97.28386478832482 -999.0 6231.0 -999.0 -1 -999 {-999.0 -999.0 -999.0 -999.0 -999.0} "" -999.0 -999.0 -999.0 -999.0 -999 -999 "" "" "" "" 0 0 0.0 0.0 -999 ""
FIBERMAP 628 R-7C16 APOGEE 1 1 0 1 0 0 108.4093039613498 -119.88156676414775 143.1 141.7462514022069 77.65646706288224 204.52971 25.45599 250.17661777069944 -28.81400200370194 -5.9013953 -5.1992116 0.21439934 250.17662676605534 -28.814032758586237 250.2545064698736 -28.865885059538737 78.65887829200283 92.3925524154156 16000.0 16600.0 2016.0 2 207 {-999.0 15.264109 13.65995 12.872032 -999.0} sdss_psfmag_from_g3xp 14.571186 13.471009 12.441165 9.93 63050396383016553 1156251710 bright_1x1 mwm_galactic_core_dist_apogee_extra mwm_galactic science 0 0 0.0 0.0 -999 ""
FIBERMAP 628 R-7C16 BOSS 0 0 0 1 0 0 108.89559942966142 -119.29641589070545 143.1 141.28981495741084 78.26516587646432 204.52971 25.45599 -999.0 -999.0 -999.0 -999.0 -999.0 250.17515944266341 -28.812153550678104 250.25298392092293 -28.864012860898526 78.66008103660566 92.38259161824942 -999.0 5400.0 -999.0 1 292 {-999.0 -999.0 -999.0 -999.0 -999.0} "" -999.0 -999.0 -999.0 -999.0 -999 -999 "" "" "" "" 0 0 0.0 0.0 -999 ""
FIBERMAP 628 R-7C16 METROLOGY 0 0 0 1 0 0 109.14976681392528 -119.99977446541554 143.1 142.03291458622022 78.34932145331929 204.52971 25.45599 -999.0 -999.0 -999.0 -999.0 -999.0 250.17773011692333 -28.8118898461509 250.25556817880204 -28.863742185119744 78.6578046306222 92.38200352400685 -999.0 6231.0 -999.0 -1 -999 {-999.0 -999.0 -999.0 -999.0 -999.0} "" -999.0 -999.0 -999.0 -999.0 -999 -999 "" "" "" "" 0 0 0.0 0.0 -999 ""
FIBERMAP 629 R0C19 APOGEE 1 1 0 1 0 0 119.96916654428256 -6.946191069204563 143.1 34.57220339613253 115.08564798819775 296.77567 137.6605 249.80599941877222 -28.70023021171627 -4.3050933 0.25473866 0.37491518 249.80597948293897 -28.70022491864161 249.88342236025676 -28.753004388773835 78.97500055379257 91.69053170855602 16000.0 16600.0 2016.0 2 90 {-999.0 14.082678 12.465878 11.700582 -999.0} sdss_psfmag_from_g3xp 13.380414 12.295426 11.273411 8.843 63050396383253980 1153033047 bright_1x1 mwm_galactic_core_dist_apogee_sparse mwm_galactic science 0 0 0.0 0.0 -999 ""
FIBERMAP 629 R0C19 BOSS 0 0 0 1 0 0 119.77279412286065 -7.663404970054243 143.1 35.22432018881559 114.72834297709872 296.77567 137.6605 -999.0 -999.0 -999.0 -999.0 -999.0 249.80830223033539 -28.701249592513616 249.88570129819186 -28.75402638221862 78.97308709903055 91.6966626752104 -999.0 5400.0 -999.0 1 253 {-999.0 -999.0 -999.0 -999.0 -999.0} "" -999.0 -999.0 -999.0 -999.0 -999 -999 "" "" "" "" 0 0 0.0 0.0 -999 ""
FIBERMAP 629 R0C19 METROLOGY 0 0 0 1 0 0 119.24132383737694 -7.1438780740774 143.1 34.59574271220166 114.33182749484193 296.77567 137.6605 -999.0 -999.0 -999.0 -999.0 -999.0 249.80611623645714 -28.702436169153486 249.8835320304754 -28.75521698622943 78.97507467207134 91.70210608459746 -999.0 6231.0 -999.0 -1 -999 {-999.0 -999.0 -999.0 -999.0 -999.0} "" -999.0 -999.0 -999.0 -999.0 -999 -999 "" "" "" "" 0 0 0.0 0.0 -999 ""
FIBERMAP 632 R-6C1 APOGEE 1 1 0 1 0 0 -223.52532332379786 -100.75971252030692 143.1 46.18519063298733 -240.78879286463555 105.746666 97.05596 249.843995460443 -29.77829757026298 -3.8049855 -4.0238814 0.14471142 249.84399659824575 -29.7783131710732 249.92486792222212 -29.830698317659966 78.96997131408682 97.3299379435374 16000.0 16600.0 2016.0 2 274 {-999.0 15.929753 14.336549 13.538601 -999.0} sdss_psfmag_from_g3xp 15.241754 14.14201 13.111168 10.636 63050396382543909 1153032497 bright_1x1 mwm_galactic_core_dist_apogee_sparse mwm_galactic science 0 0 0.0 0.0 -999 ""
FIBERMAP 632 R-6C1 BOSS 0 0 0 1 0 0 -222.84809850288497 -100.45736564367532 143.1 46.04811074315982 -240.05994332374303 105.746666 97.05596 -999.0 -999.0 -999.0 -999.0 -999.0 249.84357874394394 -29.776145983781582 249.92439484461966 -29.82853195052344 78.97042315226452 97.31865783903703 -999.0 5400.0 -999.0 1 446 {-999.0 -999.0 -999.0 -999.0 -999.0} "" -999.0 -999.0 -999.0 -999.0 -999 -999 "" "" "" "" 0 0 0.0 0.0 -999 ""
FIBERMAP 632 R-6C1 METROLOGY 0 0 0 1 0 0 -222.9064008087345 -101.18802143526877 143.1 46.74531502860677 -240.28606163303738 105.746666 97.05596 -999.0 -999.0 -999.0 -999.0 -999.0 249.84600266288498 -29.776866420908124 249.92683528881741 -29.829246557587357 78.9682927759846 97.32218081334503 -999.0 6231.0 -999.0 -1 -999 {-999.0 -999.0 -999.0 -999.0 -999.0} "" -999.0 -999.0 -999.0 -999.0 -999 -999 "" "" "" "" 0 0 0.0 0.0 -999 ""
FIBERMAP 633 R+7C5 APOGEE 1 1 0 1 0 0 -125.54895612810577 143.84933265454694 143.1 -169.03405107259957 -88.77145441645517 50.30066 160.28894 249.09687616531284 -29.31560266600074 -5.480281 -1.2615696 0.13288662 249.09685148295355 -29.315602829825874 249.17606941893575 -29.369917502909153 79.62177249887735 94.85337075968818 16000.0 16600.0 2016.0 2 34 {-999.0 15.651648 14.131414 13.402373 -999.0} sdss_psfmag_from_g3xp 15.012542 13.9843235 12.985411 10.614 63050396382787853 1153032561 bright_1x1 mwm_galactic_core_dist_apogee_sparse mwm_galactic science 0 0 0.0 0.0 -999 ""
FIBERMAP 633 R+7C5 BOSS 0 0 0 1 0 0 -124.89392023133362 144.2044224428169 143.1 -169.2275795645079 -88.05195970274036 50.30066 160.28894 -999.0 -999.0 -999.0 -999.0 -999.0 249.09618082092197 -29.313444952141474 249.17534670680402 -29.367762506892937 79.6223659105481 94.84135064218606 -999.0 5400.0 -999.0 1 57 {-999.0 -999.0 -999.0 -999.0 -999.0} "" -999.0 -999.0 -999.0 -999.0 -999 -999 "" "" "" "" 0 0 0.0 0.0 -999 ""
FIBERMAP 633 R+7C5 METROLOGY 0 0 0 1 0 0 -124.90325991275303 143.47828249238717 143.1 -168.52341566192044 -88.22940416576581 50.30066 160.28894 -999.0 -999.0 -999.0 -999.0 -999.0 249.09857736253176 -29.314014608713 249.17775840254887 -29.368326054489206 79.62027399579699 94.84467597882883 -999.0 6231.0 -999.0 -1 -999 {-999.0 -999.0 -999.0 -999.0 -999.0} "" -999.0 -999.0 -999.0 -999.0 -999 -999 "" "" "" "" 0 0 0.0 0.0 -999 ""
FIBERMAP 634 R+2C21 APOGEE 0 0 0 1 0 0 189.65231078660548 38.85756647795135 143.1 6.174491192501944 193.4875488036349 336.24164 139.31049 -999.0 -999.0 -999.0 -999.0 -999.0 249.70839258840266 -28.462905049577806 249.7850714287713 -28.51598646345391 79.04027548838651 90.41266230943933 -999.0 16600.0 -999.0 2 73 {-999.0 -999.0 -999.0 -999.0 -999.0} "" -999.0 -999.0 -999.0 -999.0 -999 -999 "" ops_sky_apogee_best_unassigned ops_sky sky_apogee 0 0 0.0 0.0 -999 ""
FIBERMAP 634 R+2C21 BOSS 1 1 0 1 0 0 189.9356404042094 38.16543818131694 143.1 6.913428354351446 193.60267481059918 336.24164 139.31049 249.71102787627953 -28.462482905673863 -5.2009277 -3.5391734 0.3487045 249.71099043148314 -28.46250189229186 249.78762152340153 -28.51558122453112 79.03800584203377 90.41169536917266 5400.0 5400.0 2016.0 1 231 {-999.0 18.57243 17.52708 17.053083 -999.0} sdss_psfmag_ps1 18.180029 17.458899 16.638819 15.026 63050396383293537 980296774 "" ops_std_boss_red ops_std standard_boss 0 0 0.0 0.0 -999 ""
FIBERMAP 634 R+2C21 METROLOGY 0 0 0 1 0 0 189.20285069734032 38.265806595863985 143.1 6.645896826161556 192.91314808880475 336.24164 139.31049 -999.0 -999.0 -999.0 -999.0 -999.0 249.7100502001353 -28.464554727401843 249.78670083579107 -28.517634591978567 79.03901188742904 90.42202591774276 -999.0 6231.0 -999.0 -1 -999 {-999.0 -999.0 -999.0 -999.0 -999.0} "" -999.0 -999.0 -999.0 -999.0 -999 -999 "" "" "" "" 0 0 0.0 0.0 -999 ""
FIBERMAP 636 R-3C16 APOGEE 1 1 0 1 0 0 88.95473568219064 -69.77750147653339 143.1 88.4984781372328 70.34956568980496 331.0317 97.67995 249.9925713488749 -28.83612273674129 -4.256759 -2.9656768 0.16983493 249.99256003167886 -28.8361236172561 250.07047041439614 -28.88841452984405 78.82117534941041 92.45257726345926 16000.0 16600.0 2016.0 2 220 {-999.0 15.327657 13.630371 12.443129 -999.0} sdss_psfmag_from_g3xp 14.579294 13.133346 11.964511 9.178 63050396383238081 1153032954 bright_1x1 mwm_galactic_core_dist_apogee_sparse mwm_galactic science 0 0 0.0 0.0 -999 ""
FIBERMAP 636 R-3C16 BOSS 0 0 0 1 0 0 88.69005139421645 -70.47979261420524 143.1 89.12024080409111 69.92927242598213 331.0317 97.67995 -999.0 -999.0 -999.0 -999.0 -999.0 249.99481550442823 -28.83736034460013 250.07268195566542 -28.889648233152137 78.8193238808714 92.45957999024006 -999.0 5400.0 -999.0 1 317 {-999.0 -999.0 -999.0 -999.0 -999.0} "" -999.0 -999.0 -999.0 -999.0 -999 -999 "" "" "" "" 0 0 0.0 0.0 -999 ""
FIBERMAP 636 R-3C16 METROLOGY 0 0 0 1 0 0 88.2143475740788 -69.90291822566937 143.1 88.44881015765976 69.60029832044157 331.0317 97.67995 -999.0 -999.0 -999.0 -999.0 -999.0 249.99248807050677 -28.838350328704774 250.07037083916396 -28.890642772319804 78.82140802017194 92.46401677498181 -999.0 6231.0 -999.0 -1 -999 {-999.0 -999.0 -999.0 -999.0 -999.0} "" -999.0 -999.0 -999.0 -999.0 -999 -999 "" "" "" "" 0 0 0.0 0.0 -999 ""
FIBERMAP 642 R-2C18 APOGEE 0 0 0 1 0 0 116.77399822871206 -57.554809658711946 143.1 83.0592972724744 100.24376065717452 330.16068 62.696087 -999.0 -999.0 -999.0 -999.0 -999.0 249.97367804233883 -28.745463482848216 250.05129904761236 -28.797825457748733 78.83163848445822 91.98020864560385 -999.0 16600.0 -999.0 2 -999 {-999.0 -999.0 -999.0 -999.0 -999.0} "" -999.0 -999.0 -999.0 -999.0 -999 -999 "" "" "" "" 0 0 0.0 0.0 -999 ""
FIBERMAP 642 R-2C18 BOSS 1 1 0 1 0 0 116.13641926333405 -57.96454696799711 143.1 83.31002987533651 99.5285762821015 330.16068 62.696087 249.9746309068876 -28.7475665618111 0.73895496 -4.2580733 0.23782863 249.9746418013296 -28.747579945602425 250.05222147630877 -28.799942098188495 78.83098744791779 91.99141262745252 5400.0 5400.0 2016.0 1 299 {-999.0 18.422731 17.77647 17.47742 17.307745} sdss_psfmag_from_ps1dr2 18.2464 17.7825 17.125 16.099 63050396383243011 1040588513 "" ops_std_boss_ps1dr2 ops_std standard_boss 0 0 0.0 0.0 -999 ""
FIBERMAP 642 R-2C18 METROLOGY 0 0 0 1 0 0 116.1074707780677 -57.215340404826364 143.1 82.57455134016848 99.67412528083926 330.16068 62.696087 -999.0 -999.0 -999.0 -999.0 -999.0 249.972094058049 -28.747126076373632 250.04968542715153 -28.79949363139782 78.83317101214215 91.98826332791339 -999.0 6231.0 -999.0 -1 -999 {-999.0 -999.0 -999.0 -999.0 -999.0} "" -999.0 -999.0 -999.0 -999.0 -999 -999 "" "" "" "" 0 0 0.0 0.0 -999 ""
FIBERMAP 643 R+9C3 APOGEE 1 1 0 1 0 0 -151.05860332440736 180.016063865747 143.1 -210.12863312281598 -105.19968814959725 52.258057 173.8767 248.95431518554688 -29.364012382123462 -999.0 -999.0 -999.0 248.95431051072205 -29.364002671036896 249.0336461429357 -29.418646250290955 79.74652601070358 95.11583085827829 16000.0 16600.0 2015.5 2 35 {-999.0 -999.0 -999.0 -999.0 -999.0} "" -999.0 -999.0 -999.0 -999.0 27021603175316509 848663026 "" ops_sky_apogee_best ops_sky sky_apogee 0 0 0.0 0.0 -999 ""
FIBERMAP 643 R+9C3 BOSS 0 0 0 1 0 0 -150.56974351479752 180.57422943630755 143.1 -210.5582259224765 -104.59475164782297 52.258057 173.8767 -999.0 -999.0 -999.0 -999.0 -999.0 248.9528510664061 -29.36217230116521 249.03213601450136 -29.416820331288864 79.74782105182138 95.10549092969535 -999.0 5400.0 -999.0 1 59 {-999.0 -999.0 -999.0 -999.0 -999.0} "" -999.0 -999.0 -999.0 -999.0 -999 -999 "" "" "" "" 0 0 0.0 0.0 -999 ""
FIBERMAP 643 R+9C3 METROLOGY 0 0 0 1 0 0 -150.33849424707304 179.83841560722206 143.1 -209.78887017817942 -104.54041386545862 52.258057 173.8767 -999.0 -999.0 -999.0 -999.0 -999.0 248.95545796330626 -29.36205203525901 249.03475579610506 -29.41669371662933 79.74553776194622 95.1049234018451 -999.0 6231.0 -999.0 -1 -999 {-999.0 -999.0 -999.0 -999.0 -999.0} "" -999.0 -999.0 -999.0 -999.0 -999 -999 "" "" "" "" 0 0 0.0 0.0 -999 ""
FIBERMAP 646 R-9C11 APOGEE 1 1 0 1 0 0 42.589262276838895 -162.26173170666436 143.1 167.70945546616758 3.8060544174034416 69.60607 99.39169 250.26697916617348 -29.037853660009795 -1.5043329 -0.53790057 0.18725504 250.26697399848626 -29.03785664318051 250.34557991225404 -29.08942751562736 78.59243231140127 93.54776219977737 16000.0 16600.0 2016.0 2 164 {-999.0 15.0690975 13.403276 12.573226 -999.0} sdss_psfmag_from_g3xp 14.335849 13.191109 12.144521 9.645 63050396382991154 1153032938 bright_1x1 mwm_galactic_core_dist_apogee_sparse mwm_galactic science 0 0 0.0 0.0 -999 ""
FIBERMAP 646 R-9C11 BOSS 0 0 0 1 0 0 43.324874431813114 -162.37779251365626 143.1 167.99290566636944 4.4946882166244455 69.60607 99.39169 -999.0 -999.0 -999.0 -999.0 -999.0 250.26807200375953 -29.035762840538414 250.34662205515463 -29.087333777427812 78.59141975176757 93.53741605915502 -999.0 5400.0 -999.0 1 397 {-999.0 -999.0 -999.0 -999.0 -999.0} "" -999.0 -999.0 -999.0 -999.0 -999 -999 "" "" "" "" 0 0 0.0 0.0 -999 ""
FIBERMAP 646 R-9C11 METROLOGY 0 0 0 1 0 0 42.84578408649442 -162.96636017906945 143.1 168.45433623387768 3.892205753239317 69.60607 99.39169 -999.0 -999.0 -999.0 -999.0 -999.0 250.2696813890732 -29.037587072222575 250.34825156931424 -29.0891529938695 78.59008698539658 93.54695558623928 -999.0 6231.0 -999.0 -1 -999 {-999.0 -999.0 -999.0 -999.0 -999.0} "" -999.0 -999.0 -999.0 -999.0 -999 -999 "" "" "" "" 0 0 0.0 0.0 -999 ""
FIBERMAP 651 R-2C19 APOGEE 0 0 0 1 0 0 121.7234760698625 -54.16050329703107 143.1 80.90515854023083 105.84519538086295 281.0565 52.980225 -999.0 -999.0 -999.0 -999.0 -999.0 249.9662173001036 -28.72847978789209 250.04378332123497 -28.78086454909894 78.83695002137428 91.89034183137824 -999.0 16600.0 -999.0 2 240 {-999.0 -999.0 -999.0 -999.0 -999.0} "" -999.0 -999.0 -999.0 -999.0 -999 -999 "" ops_sky_apogee_best_unassigned ops_sky sky_apogee 0 0 0.0 0.0 -999 ""
FIBERMAP 651 R-2C19 BOSS 1 1 0 1 0 0 121.05887447507176 -53.85334646409551 143.1 80.45228999999314 105.26994150450989 281.0565 52.980225 249.96478281142336 -28.730161575089777 -5.4587436 -2.0496702 0.12850672 249.96474552922626 -28.730166743863265 250.04226839509772 -28.782557746481164 78.83840068891806 91.89855080949889 5400.0 5400.0 2016.0 1 303 {-999.0 18.062698 17.369707 17.037815 16.84474} sdss_psfmag_from_ps1dr2 17.8125 17.3712 16.6765 15.534 63050396383243244 1040588514 "" ops_std_boss_ps1dr2 ops_std standard_boss 0 0 0.0 0.0 -999 ""
FIBERMAP 651 R-2C19 METROLOGY 0 0 0 1 0 0 121.66111497379958 -53.41603356788082 143.1 80.16654070881155 105.9571450722003 281.0565 52.980225 -999.0 -999.0 -999.0 -999.0 -999.0 249.96375202876692 -28.728072450148343 250.04128174716686 -28.780465549562276 78.83910654837698 91.88743852675356 -999.0 6231.0 -999.0 -1 -999 {-999.0 -999.0 -999.0 -999.0 -999.0} "" -999.0 -999.0 -999.0 -999.0 -999 -999 "" "" "" "" 0 0 0.0 0.0 -999 ""
FIBERMAP 652 R-4C22 APOGEE 0 0 0 1 0 0 215.4478951573363 -94.24854019175011 143.1 141.6300393622621 187.71798524426845 282.67197 68.62326 -999.0 -999.0 -999.0 -999.0 -999.0 250.17486723313527 -28.481233788883838 250.2517008281759 -28.533183874014618 78.6339089395326 90.70720365109128 -999.0 16600.0 -999.0 2 -999 {-999.0 -999.0 -999.0 -999.0 -999.0} "" -999.0 -999.0 -999.0 -999.0 -999 -999 "" "" "" "" 0 0 0.0 0.0 -999 ""
FIBERMAP 652 R-4C22 BOSS 1 1 0 1 0 0 214.6828203690847 -94.16153423751932 143.1 141.3680202632652 186.99395608372262 282.67197 68.62326 250.17404218586464 -28.483362486841802 0.105253704 -5.706816 -0.09701274 250.17404910607289 -28.48338526231859 250.25084043618074 -28.535340883717332 78.63486980077525 90.71772705205211 5400.0 5400.0 2016.0 1 278 {-999.0 18.62524 17.96798 17.655266 17.51321} sdss_psfmag_from_ps1dr2 18.4046 17.954 17.2964 16.305 63050396383320199 1040588604 "" ops_std_boss_ps1dr2 ops_std standard_boss 0 0 0.0 0.0 -999 ""
FIBERMAP 652 R-4C22 METROLOGY 0 0 0 1 0 0 215.16051553784806 -93.55795263676603 143.1 140.89166189199437 187.59856249827442 282.67197 68.62326 -999.0 -999.0 -999.0 -999.0 -999.0 250.1724150834425 -28.481530315340944 250.24921411650075 -28.53348923288844 78.63611290807286 90.70767335890594 -999.0 6231.0 -999.0 -1 -999 {-999.0 -999.0 -999.0 -999.0 -999.0} "" -999.0 -999.0 -999.0 -999.0 -999 -999 "" "" "" "" 0 0 0.0 0.0 -999 ""
FIBERMAP 653 R+5C11 APOGEE 1 1 0 1 0 0 8.376639592064429 94.17196828585246 143.1 -89.6605928874512 29.98240240592872 40.911797 57.868828 249.37452210364305 -28.957099457689676 -7.4042397 -6.943698 0.2485028 249.37447273209915 -28.95712000306062 249.45262613268142 -29.01086730181037 79.36808430252717 92.93073102503615 16000.0 16600.0 2016.0 2 142 {-999.0 17.121029 14.979591 12.30699 -999.0} sdss_psfmag_from_g3xp 16.036266 12.900597 11.382596 7.472 63050396383225316 1153033259 bright_1x1 mwm_galactic_core_dist_apogee_sparse mwm_galactic science 0 0 0.0 0.0 -999 ""
FIBERMAP 653 R+5C11 BOSS 0 0 0 1 0 0 8.460977009373575 93.43331372671206 143.1 -88.92253624390422 29.893177756131028 40.911797 57.868828 -999.0 -999.0 -999.0 -999.0 -999.0 249.3770173966633 -28.957382867213006 249.45512623283196 -29.011126064141592 79.36591434049643 92.93274856538278 -999.0 5400.0 -999.0 1 143 {-999.0 -999.0 -999.0 -999.0 -999.0} "" -999.0 -999.0 -999.0 -999.0 -999 -999 "" "" "" "" 0 0 0.0 0.0 -999 ""
FIBERMAP 653 R+5C11 METROLOGY 0 0 0 1 0 0 7.778660071430622 93.72701510712788 143.1 -89.36642382489791 29.297572126083736 40.911797 57.868828 -999.0 -999.0 -999.0 -999.0 -999.0 249.37544414950204 -28.95918208511802 249.45357131628657 -29.012927965424193 79.36736597251502 92.94211743923938 -999.0 6231.0 -999.0 -1 -999 {-999.0 -999.0 -999.0 -999.0 -999.0} "" -999.0 -999.0 -999.0 -999.0 -999 -999 "" "" "" "" 0 0 0.0 0.0 -999 ""
FIBERMAP 656 R+4C4 APOGEE 0 0 0 1 0 0 -161.8916830829439 79.89284351376249 143.1 -115.24868987975385 -138.9513448847252 39.73804 80.57893 -999.0 -999.0 -999.0 -999.0 -999.0 249.2826332078948 -29.468917252157603 249.36238264850056 -29.522742235537997 79.46109909383489 95.70439462142025 -999.0 16600.0 -999.0 2 -999 {-999.0 -999.0 -999.0 -999.0 -999.0} "" -999.0 -999.0 -999.0 -999.0 -999 -999 "" "" "" "" 0 0 0.0 0.0 -999 ""
FIBERMAP 656 R+4C4 BOSS 1 1 0 1 0 0 -161.50697025497888 79.269462023831 143.1 -114.55311770902343 -138.7216622802155 39.73804 80.57893 249.28509375724502 -29.468282452344457 0.70458055 -2.3334227 0.11227832 249.28505463314548 -29.46828739155032 249.36475680360877 -29.522106877572423 79.45903079876616 95.70096404950289 5400.0 5400.0 2016.0 1 37 {-999.0 16.489294 15.612547 15.179994 -999.0} sdss_psfmag_ps1 16.200731 15.578277 14.815576 13.23 63050396382771432 1071803125 dark_flexible_2x1 mwm_halo_mp_xp_boss mwm_halo science 0 0 0.0 0.0 -999 ""
FIBERMAP 656 R+4C4 METROLOGY 0 0 0 1 0 0 -162.2572531734559 79.24026652541617 143.1 -114.69867599260523 -139.45824507687684 39.73804 80.57893 -999.0 -999.0 -999.0 -999.0 -999.0 249.28450764803853 -29.470529633319114 249.3642298043104 -29.52434975817255 79.45949771649413 95.71321519632835 -999.0 6231.0 -999.0 -1 -999 {-999.0 -999.0 -999.0 -999.0 -999.0} "" -999.0 -999.0 -999.0 -999.0 -999 -999 "" "" "" "" 0 0 0.0 0.0 -999 ""
FIBERMAP 657 R-1C7 APOGEE 1 1 0 1 0 0 -159.12697774099559 -14.115534166903316 143.1 -23.164041702695574 -158.05843176039699 168.5133 107.05585 249.60301821448937 -29.528395826303548 -0.58841485 -0.31673858 0.40922356 249.6030076237824 -29.528386705905593 249.68302329397193 -29.58142339065401 79.18231102154843 96.02467337573432 16000.0 16600.0 2016.0 2 280 {-999.0 14.486394 13.373611 12.874308 -999.0} sdss_psfmag_from_g3xp 14.091123 13.338758 12.488959 10.634 63050396382613843 1107302043 bright_flexible_2x1 mwm_tess_rgb_apogee mwm_tessrgb science 0 0 0.0 0.0 -999 ""
FIBERMAP 657 R-1C7 BOSS 0 0 0 1 0 0 -159.20821896173624 -13.359505153504514 143.1 -23.918280919268245 -157.96216702075785 168.5133 107.05585 -999.0 -999.0 -999.0 -999.0 -999.0 249.6004154565657 -29.5281516813385 249.68038265317512 -29.581194722817106 79.18460723699107 96.02344244268414 -999.0 5400.0 -999.0 1 460 {-999.0 -999.0 -999.0 -999.0 -999.0} "" -999.0 -999.0 -999.0 -999.0 -999 -999 "" "" "" "" 0 0 0.0 0.0 -999 ""
FIBERMAP 657 R-1C7 METROLOGY 0 0 0 1 0 0 -158.51639483972033 -13.674889556723727 143.1 -23.451097579392524 -157.36234091163362 168.5133 107.05585 -999.0 -999.0 -999.0 -999.0 -999.0 249.602033590071 -29.526362085099485 249.68200881541566 -29.579401720837996 79.18319104086164 96.01389611572546 -999.0 6231.0 -999.0 -1 -999 {-999.0 -999.0 -999.0 -999.0 -999.0} "" -999.0 -999.0 -999.0 -999.0 -999 -999 "" "" "" "" 0 0 0.0 0.0 -999 ""
FIBERMAP 658 R-3C12 APOGEE 1 1 0 1 0 0 -25.844335855834004 -57.32211152396439 143.1 49.766093420360306 -38.42969970228214 188.92503 105.486435 249.85794067382812 -29.166249778303126 -999.0 -999.0 -999.0 249.85796428126986 -29.166252290439783 249.9368881431293 -29.218775519908956 78.95450861816825 94.13393596571177 16000.0 16600.0 2015.5 2 177 {-999.0 -999.0 -999.0 -999.0 -999.0} "" -999.0 -999.0 -999.0 -999.0 27021603175319888 845928360 "" ops_sky_apogee_best ops_sky sky_apogee 0 0 0.0 0.0 -999 ""
FIBERMAP 658 R-3C12 BOSS 0 0 0 1 0 0 -26.111774652561778 -56.62660320502128 143.1 49.027552825387 -38.52858474565757 188.92503 105.486435 -999.0 -999.0 -999.0 -999.0 -999.0 249.85547867460156 -29.166572549775868 249.93435506863295 -29.2191031769999 78.95672964055822 94.13523484445705 -999.0 5400.0 -999.0 1 421 {-999.0 -999.0 -999.0 -999.0 -999.0} "" -999.0 -999.0 -999.0 -999.0 -999 -999 "" "" "" "" 0 0 0.0 0.0 -999 ""
FIBERMAP 658 R-3C12 METROLOGY 0 0 0 1 0 0 -25.369678912737093 -56.73988744692316 143.1 49.30980546612135 -37.833000485047386 188.92503 105.486435 -999.0 -999.0 -999.0 -999.0 -999.0 249.8564551787153 -29.16446482698789 249.93533869381724 -29.216993272959918 78.95579651310553 94.12438713743188 -999.0 6231.0 -999.0 -1 -999 {-999.0 -999.0 -999.0 -999.0 -999.0} "" -999.0 -999.0 -999.0 -999.0 -999 -999 "" "" "" "" 0 0 0.0 0.0 -999 ""
FIBERMAP 659 R+7C14 APOGEE 1 1 0 1 0 0 95.39450699545259 125.99057152114881 143.1 -100.4355425364691 122.00356366325423 16.737207 59.706852 249.3392635772672 -28.677940820287457 -4.900635 -3.803493 0.09011634 249.33922960855057 -28.677941589299074 249.41649894894795 -28.73185189294915 79.38153165064863 91.40950435444711 16000.0 16600.0 2016.0 2 94 {-999.0 15.84756 14.113323 13.221377 -999.0} sdss_psfmag_from_g3xp 15.06444 13.847475 12.765711 10.095 63050396383278442 1156251658 bright_1x1 mwm_galactic_core_dist_apogee_extra mwm_galactic science 0 0 0.0 0.0 -999 ""
FIBERMAP 659 R+7C14 BOSS 0 0 0 1 0 0 95.21625850446694 125.2728822227029 143.1 -99.77876118191124 121.66377790093 16.737207 59.706852 -999.0 -999.0 -999.0 -999.0 -999.0 249.34148751670452 -28.67892453583725 249.41871472520472 -28.732832257333847 79.37967082592095 91.41562810300832 -999.0 5400.0 -999.0 1 167 {-999.0 -999.0 -999.0 -999.0 -999.0} "" -999.0 -999.0 -999.0 -999.0 -999 -999 "" "" "" "" 0 0 0.0 0.0 -999 ""
FIBERMAP 659 R+7C14 METROLOGY 0 0 0 1 0 0 94.67149871898543 125.77292782928555 143.1 -100.39147010326727 121.2498186382294 16.737207 59.706852 -999.0 -999.0 -999.0 -999.0 -999.0 249.3393351304136 -28.680156690876522 249.41657866647915 -28.734068356520485 79.38163421557582 91.42152598007317 -999.0 6231.0 -999.0 -1 -999 {-999.0 -999.0 -999.0 -999.0 -999.0} "" -999.0 -999.0 -999.0 -999.0 -999 -999 "" "" "" "" 0 0 0.0 0.0 -999 ""
FIBERMAP 662 R+12C15 APOGEE 1 1 0 1 0 0 175.44718372735937 244.43880057620723 143.1 -197.09160191529517 227.33511967250874 105.024376 22.537348 249.01074780844286 -28.359079356146196 -5.7114544 -12.620167 4.0561876 249.01077245991155 -28.35910131349153 249.08697292661213 -28.413890322534343 79.64028132709666 89.52318889538589 16000.0 16600.0 2016.0 2 109 {-999.0 8.553003 8.586092 8.622861 -999.0} sdss_psfmag_from_g3xp 8.628359 8.525273 8.290283 7.892 63050396392701599 975299141 "" ops_std_apogee ops_std standard_apogee 0 0 0.0 0.0 -999 ""
FIBERMAP 662 R+12C15 BOSS 0 0 0 1 0 0 175.9161945209057 243.86787465989448 143.1 -196.42750926998625 227.6589625373625 105.024376 22.537348 -999.0 -999.0 -999.0 -999.0 -999.0 249.01314059519464 -28.35817170665476 249.0892943956104 -28.41295950109154 79.63815138058064 89.51926196711247 -999.0 5400.0 -999.0 1 187 {-999.0 -999.0 -999.0 -999.0 -999.0} "" -999.0 -999.0 -999.0 -999.0 -999 -999 "" "" "" "" 0 0 0.0 0.0 -999 ""
FIBERMAP 662 R+12C15 METROLOGY 0 0 0 1 0 0 175.1735588909579 243.73751132922325 143.1 -196.4728867213797 226.90636207073084 105.024376 22.537348 -999.0 -999.0 -999.0 -999.0 -999.0 249.01288922292935 -28.360381765908823 249.08906238697477 -28.41516834636336 79.6385912580759 89.5313502306131 -999.0 6231.0 -999.0 -1 -999 {-999.0 -999.0 -999.0 -999.0 -999.0} "" -999.0 -999.0 -999.0 -999.0 -999 -999 "" "" "" "" 0 0 0.0 0.0 -999 ""
FIBERMAP 666 R-7C1 APOGEE 1 1 0 1 0 0 -217.96055168310863 -156.6113911054268 143.1 101.80334386280978 -248.32536204052238 322.63516 33.132324 250.03767184139122 -29.800721690189583 1.8154691 -8.406755 0.07190038 250.03769522035458 -29.800692459949673 250.11868342496382 -29.852603389181716 78.80146450667196 97.42676763653276 16000.0 16600.0 2016.0 2 275 {-999.0 15.562442 14.1851845 13.563354 -999.0} sdss_psfmag_from_g3xp 15.010471 14.096233 13.156891 10.906 63050396382541030 1153032482 bright_1x1 mwm_galactic_core_dist_apogee_sparse mwm_galactic science 0 0 0.0 0.0 -999 ""
FIBERMAP 666 R-7C1 BOSS 0 0 0 1 0 0 -218.69959766072446 -156.54661990056556 143.1 101.5689878280611 -249.02922776024235 322.63516 33.132324 -999.0 -999.0 -999.0 -999.0 -999.0 250.03691959207097 -29.802804538043766 250.11786545742075 -29.85471592387562 78.80213296151298 97.43771415713456 -999.0 5400.0 -999.0 1 447 {-999.0 -999.0 -999.0 -999.0 -999.0} "" -999.0 -999.0 -999.0 -999.0 -999 -999 "" "" "" "" 0 0 0.0 0.0 -999 ""
FIBERMAP 666 R-7C1 METROLOGY 0 0 0 1 0 0 -218.2854086360504 -155.94103243400465 143.1 101.07595406230838 -248.4859298404576 322.63516 33.132324 -999.0 -999.0 -999.0 -999.0 -999.0 250.0352170399982 -29.801225799465314 250.11617131866876 -29.853141981569305 78.80363248985259 97.42975684147478 -999.0 6231.0 -999.0 -1 -999 {-999.0 -999.0 -999.0 -999.0 -999.0} "" -999.0 -999.0 -999.0 -999.0 -999 -999 "" "" "" "" 0 0 0.0 0.0 -999 ""
FIBERMAP 670 R+9C6 APOGEE 1 1 0 1 0 0 -86.03490392977243 165.67651328624376 143.1 -181.10418850656848 -45.274673537563615 218.94528 128.30243 249.05606535920066 -29.183494157250777 -2.0725594 -6.5001397 0.1235974 249.05606419381957 -29.1834995537917 249.13485484418686 -29.2379491992073 79.65468005471995 94.11526318145286 16000.0 16600.0 2016.0 2 149 {-999.0 16.109285 14.436613 13.6185465 -999.0} sdss_psfmag_from_g3xp 15.369249 14.226502 13.176966 10.638 63050396382792054 1156251584 bright_1x1 mwm_galactic_core_dist_apogee_extra mwm_galactic science 0 0 0.0 0.0 -999 ""
FIBERMAP 670 R+9C6 BOSS 0 0 0 1 0 0 -86.78063696902797 165.844373813799 143.1 -181.44037180778702 -45.9611420491395 218.94528 128.30243 -999.0 -999.0 -999.0 -999.0 -999.0 249.05486230271651 -29.18558381485175 249.13361439082792 -29.240036895005204 79.65582249035175 94.12670971589876 -999.0 5400.0 -999.0 1 153 {-999.0 -999.0 -999.0 -999.0 -999.0} "" -999.0 -999.0 -999.0 -999.0 -999 -999 "" "" "" "" 0 0 0.0 0.0 -999 ""
FIBERMAP 670 R+9C6 METROLOGY 0 0 0 1 0 0 -86.2537552442247 166.38364333843677 143.1 -181.84276849193773 -45.323602101562386 218.94528 128.30243 -999.0 -999.0 -999.0 -999.0 -999.0 249.05344604494297 -29.18364676341343 249.1322043889104 -29.238103472814878 79.65699634332094 94.11574770242993 -999.0 6231.0 -999.0 -1 -999 {-999.0 -999.0 -999.0 -999.0 -999.0} "" -999.0 -999.0 -999.0 -999.0 -999 -999 "" "" "" "" 0 0 0.0 0.0 -999 ""
FIBERMAP 679 R+6C12 APOGEE 0 0 0 1 0 0 30.440461843832395 96.07321949014377 143.1 -86.39435411101252 51.885093894011334 2.2762966 26.62765 -999.0 -999.0 -999.0 -999.0 -999.0 249.38622824696785 -28.89069406386945 249.46417549413354 -28.94443167365554 79.35433001150952 92.57444195263133 -999.0 16600.0 -999.0 2 -999 {-999.0 -999.0 -999.0 -999.0 -999.0} "" -999.0 -999.0 -999.0 -999.0 -999 -999 "" "" "" "" 0 0 0.0 0.0 -999 ""
FIBERMAP 679 R+6C12 BOSS 1 1 0 1 0 0 29.765206777600724 95.71064134289531 143.1 -86.19822948488083 51.14419541365925 2.2762966 26.62765 249.38690185546875 -28.89294898477702 -999.0 -999.0 -999.0 249.3868839124519 -28.89291415102689 249.4647922963727 -28.946651902147956 79.35392035026891 92.58660981931439 5400.0 5400.0 2015.5 1 122 {-999.0 -999.0 -999.0 -999.0 -999.0} "" -999.0 -999.0 -999.0 -999.0 27021603175323610 853832310 "" ops_sky_boss_fallback ops_sky sky_boss 0 0 0.0 0.0 -999 ""
FIBERMAP 679 R+6C12 METROLOGY 0 0 0 1 0 0 29.795766156181084 96.45251579531943 143.1 -86.9127787150586 51.34592878870556 2.2762966 26.62765 -999.0 -999.0 -999.0 -999.0 -999.0 249.38438991646302 -28.892287267560633 249.46230879548204 -28.946030534899396 79.35605382029055 92.58256814947458 -999.0 6231.0 -999.0 -1 -999 {-999.0 -999.0 -999.0 -999.0 -999.0} "" -999.0 -999.0 -999.0 -999.0 -999 -999 "" "" "" "" 0 0 0.0 0.0 -999 ""
FIBERMAP 680 R-6C10 APOGEE 0 0 0 1 0 0 -37.982593025131266 -128.58003698642 143.1 116.26563371975693 -66.75834671561358 267.70035 57.489594 -999.0 -999.0 -999.0 -999.0 -999.0 250.08895564108713 -29.2521718341266 250.16820322936894 -29.30411296516421 78.75558865339346 94.60913519801409 -999.0 16600.0 -999.0 2 -999 {-999.0 -999.0 -999.0 -999.0 -999.0} "" -999.0 -999.0 -999.0 -999.0 -999 -999 "" "" "" "" 0 0 0.0 0.0 -999 ""
FIBERMAP 680 R-6C10 BOSS 1 1 0 1 0 0 -38.58534899857072 -128.1519642969784 143.1 115.7094874075564 -67.24540723228178 267.70035 57.489594 250.08710823019402 -29.25369138390954 -2.0855613 -2.869845 0.25720328 250.08713717178213 -29.25368285369216 250.1663402970297 -29.305629203992993 78.75725698828478 94.6166636504995 5400.0 5400.0 2016.0 1 411 {-999.0 17.041672 16.782856 16.78266 -999.0} sdss_psfmag_ps1 17.002653 16.740147 16.307543 15.489 63050396382964254 978584096 "" ops_std_boss ops_std standard_boss 0 0 0.0 0.0 -999 ""
FIBERMAP 680 R-6C10 METROLOGY 0 0 0 1 0 0 -37.9173886118821 -127.83488827556496 143.1 115.55593220368219 -66.52215433863897 267.70035 57.489594 -999.0 -999.0 -999.0 -999.0 -999.0 250.0866050686405 -29.251497445647278 250.1658149834592 -29.303445348084896 78.75765072950527 94.6053980620294 -999.0 6231.0 -999.0 -1 -999 {-999.0 -999.0 -999.0 -999.0 -999.0} "" -999.0 -999.0 -999.0 -999.0 -999 -999 "" "" "" "" 0 0 0.0 0.0 -999 ""
FIBERMAP 682 R-8C1 APOGEE 1 1 0 1 0 0 -188.36559479821193 -159.00158861918894 143.1 110.99008727676521 -220.09199701597464 349.55032 112.4846 250.06991806608184 -29.71571808449749 -4.5772934 -1.8101399 0.089033 250.0699175772624 -29.715733096183765 250.15064054725872 -29.767590005089744 78.7750426625583 96.98739936569945 16000.0 16600.0 2016.0 2 257 {-999.0 15.858364 14.144903 12.373738 -999.0} sdss_psfmag_from_g3xp 15.109075 13.13316 11.820669 8.729 63050396382883166 1153032849 bright_1x1 mwm_galactic_core_dist_apogee_sparse mwm_galactic science 0 0 0.0 0.0 -999 ""
FIBERMAP 682 R-8C1 BOSS 0 0 0 1 0 0 -188.21199405030725 -159.73939828572423 143.1 111.74338116665287 -220.11365208818546 349.55032 112.4846 -999.0 -999.0 -999.0 -999.0 -999.0 250.07259846546202 -29.715809649915048 250.15327325367593 -29.767659570402582 78.77275670631005 96.98762255704446 -999.0 5400.0 -999.0 1 527 {-999.0 -999.0 -999.0 -999.0 -999.0} "" -999.0 -999.0 -999.0 -999.0 -999 -999 "" "" "" "" 0 0 0.0 0.0 -999 ""
FIBERMAP 682 R-8C1 METROLOGY 0 0 0 1 0 0 -188.9229624412004 -159.5046614681736 143.1 111.35020647525592 -220.75079876258488 349.55032 112.4846 -999.0 -999.0 -999.0 -999.0 -999.0 250.07123323934027 -29.71776866915971 250.15192789802734 -29.769621471709765 78.7739018700655 96.9977679220446 -999.0 6231.0 -999.0 -1 -999 {-999.0 -999.0 -999.0 -999.0 -999.0} "" -999.0 -999.0 -999.0 -999.0 -999 -999 "" "" "" "" 0 0 0.0 0.0 -999 ""
FIBERMAP 684 R-12C13 APOGEE 0 0 0 1 0 0 126.71895424098497 -247.9752303417076 143.1 270.59045076634465 65.76736390218296 16.154137 40.902756 -999.0 -999.0 -999.0 -999.0 -999.0 250.61996248299627 -28.84942216784958 250.6980441665354 -28.900191272894475 78.27370373420676 92.69453222312757 -999.0 16600.0 -999.0 2 -999 {-999.0 -999.0 -999.0 -999.0 -999.0} "" -999.0 -999.0 -999.0 -999.0 -999 -999 "" "" "" "" 0 0 0.0 0.0 -999 ""
FIBERMAP 684 R-12C13 BOSS 1 1 0 1 0 0 126.31750161135666 -248.57209183983326 143.1 271.0779496300701 65.23847806672971 16.154137 40.902756 250.62136681191123 -28.850999477633103 -2.5245683 -4.842909 0.070853226 250.62167432378402 -28.85101745145192 250.69971064969263 -28.901784918671297 78.27235411246521 92.70283350418367 5400.0 5400.0 2016.0 1 429 {-999.0 15.685603 14.570109 14.007123 -999.0} sdss_psfmag_from_g3xp 15.285177 14.4935465 13.614244 11.679 63050396383123871 1071860488 dark_flexible_2x1 mwm_halo_mp_xp_boss mwm_halo science 0 0 1.0284217596054077 0.0 -999 ""
FIBERMAP 684 R-12C13 METROLOGY 0 0 0 1 0 0 125.97250004527305 -247.92722669080314 143.1 270.3706871956273 65.0524044251178 16.154137 40.902756 -999.0 -999.0 -999.0 -999.0 -999.0 250.61930634400284 -28.85157361621071 250.69735834547737 -28.902345825212432 78.27444615963819 92.70491369803199 -999.0 6231.0 -999.0 -1 -999 {-999.0 -999.0 -999.0 -999.0 -999.0} "" -999.0 -999.0 -999.0 -999.0 -999 -999 "" "" "" "" 0 0 0.0 0.0 -999 ""
FIBERMAP 686 R+8C2 APOGEE 0 0 0 1 0 0 -170.17245953284925 156.50268567462018 143.1 -191.68840213076635 -129.2437866118452 330.87137 148.11385 -999.0 -999.0 -999.0 -999.0 -999.0 249.01758930467687 -29.437318243056126 249.09717293990252 -29.49178932646492 79.6917799145988 95.52805226972362 -999.0 16600.0 -999.0 2 -999 {-999.0 -999.0 -999.0 -999.0 -999.0} "" -999.0 -999.0 -999.0 -999.0 -999 -999 "" "" "" "" 0 0 0.0 0.0 -999 ""
FIBERMAP 686 R+8C2 BOSS 1 1 0 1 0 0 -169.80487699877062 155.8494517649341 143.1 -190.96776372960719 -129.03768840118707 330.87137 148.11385 249.0201232599049 -29.436742779330025 -4.8586764 -3.8256674 0.060985386 249.0200982506154 -29.436739870822564 249.09963585978187 -29.491205266866594 79.6896334910951 95.52484304026359 5400.0 5400.0 2016.0 1 71 {-999.0 17.352583 16.359356 15.880198 -999.0} sdss_psfmag_ps1 16.97481 16.292002 15.478665 13.821 63050396382763670 1071803122 dark_flexible_2x1 mwm_halo_mp_xp_boss mwm_halo science 0 0 0.0 0.0 -999 ""
FIBERMAP 686 R+8C2 METROLOGY 0 0 0 1 0 0 -170.54903989027258 155.85639978494055 143.1 -191.14706049981666 -129.75993806196465 330.87137 148.11385 -999.0 -999.0 -999.0 -999.0 -999.0 249.01941596612482 -29.4389367050236 249.09897307007054 -29.493403069101163 79.69022020717274 95.53710844934523 -999.0 6231.0 -999.0 -1 -999 {-999.0 -999.0 -999.0 -999.0 -999.0} "" -999.0 -999.0 -999.0 -999.0 -999 -999 "" "" "" "" 0 0 0.0 0.0 -999 ""
FIBERMAP 696 R+9C5 APOGEE 1 1 0 1 0 0 -120.13126152697821 164.71213479162293 143.1 -188.07155044070132 -78.66440891880288 275.82532 29.165071 249.03117869368393 -29.28444161295588 -1.8152242 -2.6869082 0.11664602 249.03116966220884 -29.284437222338536 249.11027286370393 -29.3389184432701 79.67855363326198 94.67510599371371 16000.0 16600.0 2016.0 2 45 {-999.0 15.60605 14.061314 13.316137 -999.0} sdss_psfmag_from_g3xp 14.951552 13.9008465 12.889605 10.44 63050396382789539 1156251567 bright_1x1 mwm_galactic_core_dist_apogee_extra mwm_galactic science 0 0 0.0 0.0 -999 ""
FIBERMAP 696 R+9C5 BOSS 0 0 0 1 0 0 -120.59844860342793 165.30264015087056 143.1 -188.75426552253285 -78.98193821853906 275.82532 29.165071 -999.0 -999.0 -999.0 -999.0 -999.0 249.02878934463044 -29.285397184287582 249.10785020444519 -29.33988460286606 79.68068370542959 94.68027161311903 -999.0 5400.0 -999.0 1 80 {-999.0 -999.0 -999.0 -999.0 -999.0} "" -999.0 -999.0 -999.0 -999.0 -999 -999 "" "" "" "" 0 0 0.0 0.0 -999 ""
FIBERMAP 696 R+9C5 METROLOGY 0 0 0 1 0 0 -119.84676113962918 165.4018406184909 143.1 -188.67647667702406 -78.22775815386382 275.82532 29.165071 -999.0 -999.0 -999.0 -999.0 -999.0 249.02903161958466 -29.28312729641601 249.10809805869644 -29.337614562150215 79.680423971228 94.6676250330022 -999.0 6231.0 -999.0 -1 -999 {-999.0 -999.0 -999.0 -999.0 -999.0} "" -999.0 -999.0 -999.0 -999.0 -999 -999 "" "" "" "" 0 0 0.0 0.0 -999 ""
FIBERMAP 697 R-7C20 APOGEE 1 1 0 1 0 0 221.20766997321408 -155.9738768482685 143.1 203.00681776648074 179.00925885465122 2.3569472 27.681936 250.38562396722008 -28.5077269030494 0.6400636 -1.126262 0.23775569 250.3856218509206 -28.507755020883522 250.46258087893204 -28.55918786281997 78.45200666494391 90.92683045054275 16000.0 16600.0 2016.0 2 194 {-999.0 15.430071 13.848016 13.135751 -999.0} sdss_psfmag_from_g3xp 14.752348 13.710972 12.711041 10.349 63050396383317256 1153033244 bright_1x1 mwm_galactic_core_dist_apogee_sparse mwm_galactic science 0 0 0.0 0.0 -999 ""
FIBERMAP 697 R-7C20 BOSS 0 0 0 1 0 0 220.59712999329045 -156.34249281765483 143.1 203.22382004334565 178.32990999734912 2.3569472 27.681936 -999.0 -999.0 -999.0 -999.0 -999.0 250.3864262952956 -28.509802893857714 250.46334223936185 -28.561237358357346 78.45153501957982 90.93733835901281 -999.0 5400.0 -999.0 1 267 {-999.0 -999.0 -999.0 -999.0 -999.0} "" -999.0 -999.0 -999.0 -999.0 -999 -999 "" "" "" "" 0 0 0.0 0.0 -999 ""
FIBERMAP 697 R-7C20 METROLOGY 0 0 0 1 0 0 220.55406868988425 -155.6202000172987 143.1 202.5112488728087 178.45549109900023 2.3569472 27.681936 -999.0 -999.0 -999.0 -999.0 -999.0 250.38401290161516 -28.509388626054125 250.4609411498884 -28.560827873806552 78.45359571034449 90.93430513569166 -999.0 6231.0 -999.0 -1 -999 {-999.0 -999.0 -999.0 -999.0 -999.0} "" -999.0 -999.0 -999.0 -999.0 -999 -999 "" "" "" "" 0 0 0.0 0.0 -999 ""
FIBERMAP 700 R+2C2 APOGEE 0 0 0 1 0 0 -235.658841572382 45.55642575221174 143.1 -98.95236628047793 -218.6670731154102 29.62645 119.391556 -999.0 -999.0 -999.0 -999.0 -999.0 249.33829939737828 -29.7098919280291 249.41882986763233 -29.76351544351082 79.41029065919655 97.01571431839221 -999.0 16600.0 -999.0 2 -999 {-999.0 -999.0 -999.0 -999.0 -999.0} "" -999.0 -999.0 -999.0 -999.0 -999 -999 "" "" "" "" 0 0 0.0 0.0 -999 ""
FIBERMAP 700 R+2C2 BOSS 1 1 0 1 0 0 -235.02092277249363 45.15819828605154 143.1 -98.41709825557062 -218.13888930543231 29.62645 119.391556 249.34020996093747 -29.708341458671796 -999.0 -999.0 -999.0 249.34020117620398 -29.708341879720372 249.42068098071616 -29.761960525529382 79.40871226015045 97.00709640579686 5400.0 5400.0 2015.5 1 10 {-999.0 -999.0 -999.0 -999.0 -999.0} "" -999.0 -999.0 -999.0 -999.0 27021603175313774 823816354 "" ops_sky_boss_good ops_sky sky_boss 0 0 0.0 0.0 -999 ""
FIBERMAP 700 R+2C2 METROLOGY 0 0 0 1 0 0 -235.65840857195184 44.80842974332751 143.1 -98.22467674698909 -218.8400789641857 29.62645 119.391556 -999.0 -999.0 -999.0 -999.0 -999.0 249.34083133403743 -29.71049317095428 249.4213312488988 -29.764109897164218 79.40810876121223 97.01873222694462 -999.0 6231.0 -999.0 -1 -999 {-999.0 -999.0 -999.0 -999.0 -999.0} "" -999.0 -999.0 -999.0 -999.0 -999 -999 "" "" "" "" 0 0 0.0 0.0 -999 ""
FIBERMAP 701 R+2C8 APOGEE 0 0 0 1 0 0 -117.43789677595717 30.93575517420981 143.1 -57.32039389308908 -107.0613225619008 200.93248 146.40593 -999.0 -999.0 -999.0 -999.0 -999.0 249.48462354294475 -29.373519672065424 249.56411868176917 -29.426885065243475 79.2846158814976 95.19320205798539 -999.0 16600.0 -999.0 2 -999 {-999.0 -999.0 -999.0 -999.0 -999.0} "" -999.0 -999.0 -999.0 -999.0 -999 -999 "" "" "" "" 0 0 0.0 0.0 -999 ""
FIBERMAP 701 R+2C8 BOSS 1 1 0 1 0 0 -118.18649687712097 31.110161383492645 143.1 -57.66360904063426 -107.74906226331676 200.93248 146.40593 249.48353108052072 -29.3755556615611 -35.94635 -39.41103 5.7396493 249.48343227657847 -29.3756530172384 249.56288731916857 -29.4290212522066 79.2857184831734 95.20460904886318 5400.0 5400.0 2016.0 1 45 {-999.0 18.737684 17.357302 15.929208 -999.0} sdss_psfmag_ps1 18.09024 16.667599 15.380497 12.959 63050396382777324 1096716727 bright_1x1 mwm_bin_vis_boss mwm_filler science 0 0 0.0 0.0 -999 ""
FIBERMAP 701 R+2C8 METROLOGY 0 0 0 1 0 0 -117.66293425767007 31.649096851542915 143.1 -58.06645033498944 -107.11482832195246 200.93248 146.40593 -999.0 -999.0 -999.0 -999.0 -999.0 249.48201785694184 -29.373735440825698 249.56147968388598 -29.42710746374381 79.28691733454303 95.19422224888439 -999.0 6231.0 -999.0 -1 -999 {-999.0 -999.0 -999.0 -999.0 -999.0} "" -999.0 -999.0 -999.0 -999.0 -999 -999 "" "" "" "" 0 0 0.0 0.0 -999 ""
FIBERMAP 702 R-4C16 APOGEE 0 0 0 1 0 0 97.66829556376045 -73.35982307798756 143.1 94.00335397597114 77.99482055008745 346.86832 150.9438 -999.0 -999.0 -999.0 -999.0 -999.0 250.01159189871976 -28.812950981846964 250.0894333584149 -28.865202430898115 78.80306284575678 92.33890214035853 -999.0 16600.0 -999.0 2 -999 {-999.0 -999.0 -999.0 -999.0 -999.0} "" -999.0 -999.0 -999.0 -999.0 -999 -999 "" "" "" "" 0 0 0.0 0.0 -999 ""
FIBERMAP 702 R-4C16 BOSS 1 1 0 1 0 0 98.20833683979896 -73.85088315553232 143.1 94.60622849932976 78.40627337888118 346.86832 150.9438 250.0137899062688 -28.811625553263532 -9.051241 -14.791422 4.1588516 250.0137799350752 -28.81166209095265 250.09156943037942 -28.863911490890434 78.80110912225342 92.33292136728198 5400.0 5400.0 2016.0 1 318 {-999.0 18.372427 18.59649 18.655066 -999.0} sdss_psfmag_ps1 18.375423 18.363108 18.32264 -999.0 63050396383239645 1143795274 dark_1x2 mwm_wd_pwd_boss_1x2 mwm_wd science 0 0 0.0 0.0 -999 ""
FIBERMAP 702 R-4C16 METROLOGY 0 0 0 1 0 0 97.50791747423365 -74.09042357428893 143.1 94.67683763636087 77.66942411487689 346.86832 150.9438 -999.0 -999.0 -999.0 -999.0 -999.0 250.01402404957437 -28.8138898446937 250.0918343194278 -28.866137208799653 78.80102812932095 92.34443590588154 -999.0 6231.0 -999.0 -1 -999 {-999.0 -999.0 -999.0 -999.0 -999.0} "" -999.0 -999.0 -999.0 -999.0 -999 -999 "" "" "" "" 0 0 0.0 0.0 -999 ""
FIBERMAP 703 R0C3 APOGEE 1 1 0 1 0 0 -257.4921529718244 5.788811919798583 143.1 -65.33186942856099 -249.12506940233288 144.80772 123.59055 249.4550486102307 -29.80221461442285 3.0080614 -1.5188576 0.59479564 249.4550869271023 -29.802232928549408 249.53594136234335 -29.855549323400957 79.30668103504456 97.50192001360136 16000.0 16600.0 2016.0 2 252 {-999.0 13.049475 11.651919 11.061361 -999.0} sdss_psfmag_from_g3xp 12.486174 11.588437 10.662527 8.542 63050396382602776 1156251534 bright_1x1 mwm_galactic_core_dist_apogee_extra mwm_galactic science 0 0 0.0 0.0 -999 ""
FIBERMAP 703 R0C3 BOSS 0 0 0 1 0 0 -257.38111784913895 6.53091997424085 143.1 -66.02798713862376 -248.84500166500612 144.80772 123.59055 -999.0 -999.0 -999.0 -999.0 -999.0 249.45270773191453 -29.801387917111395 249.5335122088619 -29.85470924670751 79.30880858910169 97.49768379866919 -999.0 5400.0 -999.0 1 521 {-999.0 -999.0 -999.0 -999.0 -999.0} "" -999.0 -999.0 -999.0 -999.0 -999 -999 "" "" "" "" 0 0 0.0 0.0 -999 ""
FIBERMAP 703 R0C3 METROLOGY 0 0 0 1 0 0 -256.796969337946 6.056010796713578 143.1 -65.43059637766801 -248.38690026109157 144.80772 123.59055 -999.0 -999.0 -999.0 -999.0 -999.0 249.45476665965958 -29.800069167830436 249.53558064236427 -29.853386203982037 79.3070489083328 97.4903088187466 -999.0 6231.0 -999.0 -1 -999 {-999.0 -999.0 -999.0 -999.0 -999.0} "" -999.0 -999.0 -999.0 -999.0 -999 -999 "" "" "" "" 0 0 0.0 0.0 -999 ""
FIBERMAP 708 R+12C13 APOGEE 0 0 0 1 0 0 109.18303913811286 212.43869308666874 143.1 -181.3282337254512 155.45939423150742 318.5422 46.859913 -999.0 -999.0 -999.0 -999.0 -999.0 249.0616974318605 -28.57569484926194 249.13858346069946 -28.63030098065958 79.61616125095229 90.74403848596421 -999.0 16600.0 -999.0 2 -999 {-999.0 -999.0 -999.0 -999.0 -999.0} "" -999.0 -999.0 -999.0 -999.0 -999 -999 "" "" "" "" 0 0 0.0 0.0 -999 ""
FIBERMAP 708 R+12C13 BOSS 1 1 0 1 0 0 108.46326533210521 212.34032096360642 143.1 -181.39942895746805 154.7364492107205 318.5422 46.859913 249.0614318847656 -28.57788015742463 -999.0 -999.0 -999.0 249.061444511038 -28.57785367747665 249.1382926080945 -28.632463218598453 79.61660320918865 90.75586689705636 5400.0 5400.0 2015.5 1 105 {-999.0 -999.0 -999.0 -999.0 -999.0} "" -999.0 -999.0 -999.0 -999.0 27021603175324872 852029515 "" ops_sky_boss_fallback ops_sky sky_boss 0 0 0.0 0.0 -999 ""
FIBERMAP 708 R+12C13 METROLOGY 0 0 0 1 0 0 108.74117672955224 213.04222919055738 143.1 -182.01775238127814 155.16951994129474 318.5422 46.859913 -999.0 -999.0 -999.0 -999.0 -999.0 249.05929182491553 -28.57651298267747 249.13614788678035 -28.631127107435574 79.6183626827945 90.74757501415274 -999.0 6231.0 -999.0 -1 -999 {-999.0 -999.0 -999.0 -999.0 -999.0} "" -999.0 -999.0 -999.0 -999.0 -999 -999 "" "" "" "" 0 0 0.0 0.0 -999 ""
FIBERMAP 711 R-8C15 APOGEE 1 1 0 1 0 0 118.12432548569183 -162.26149166901948 143.1 185.22244661427922 77.28042146074733 272.1578 148.88933 250.32656969109433 -28.815094811004762 -3.2921722 -3.8086205 0.31906772 250.32657710984952 -28.815102281091306 250.4044912330088 -28.866591573413857 78.52788385232748 92.4414514205165 16000.0 16600.0 2016.0 2 201 {-999.0 14.592799 12.975289 12.1853895 -999.0} sdss_psfmag_from_g3xp 13.887671 12.784691 11.752877 9.279 63050396383013001 1153033056 bright_1x1 mwm_galactic_core_dist_apogee_sparse mwm_galactic science 0 0 0.0 0.0 -999 ""
FIBERMAP 711 R-8C15 BOSS 0 0 0 1 0 0 117.81355009731737 -162.93437193562931 143.1 185.80491432105376 76.8221136305838 272.1578 148.88933 -999.0 -999.0 -999.0 -999.0 -999.0 250.32869747051433 -28.816464394606573 250.40656673529998 -28.86795114876993 78.5261635303964 92.44889588758997 -999.0 5400.0 -999.0 1 284 {-999.0 -999.0 -999.0 -999.0 -999.0} "" -999.0 -999.0 -999.0 -999.0 -999 -999 "" "" "" "" 0 0 0.0 0.0 -999 ""
FIBERMAP 711 R-8C15 METROLOGY 0 0 0 1 0 0 117.37680094483565 -162.3089944177743 143.1 185.095335666807 76.54227714965234 272.1578 148.88933 -999.0 -999.0 -999.0 -999.0 -999.0 250.3262736221999 -28.817303662664223 250.40415909775993 -28.868795199961777 78.52832471532626 92.45240526558871 -999.0 6231.0 -999.0 -1 -999 {-999.0 -999.0 -999.0 -999.0 -999.0} "" -999.0 -999.0 -999.0 -999.0 -999 -999 "" "" "" "" 0 0 0.0 0.0 -999 ""
FIBERMAP 712 R-7C5 APOGEE 1 1 0 1 0 0 -114.23510185475946 -154.8547551117882 143.1 124.14395511988086 -147.02246990834783 356.09488 40.5004 250.1161193847656 -29.49517477432866 -999.0 -999.0 -999.0 250.1161237225064 -29.49518374584984 250.19615139366965 -29.54699091691064 78.73583431879551 95.85577478354696 16000.0 16600.0 2015.5 2 298 {-999.0 -999.0 -999.0 -999.0 -999.0} "" -999.0 -999.0 -999.0 -999.0 27021603175319387 845928313 "" ops_sky_apogee_best ops_sky sky_apogee 0 0 0.0 0.0 -999 ""
FIBERMAP 712 R-7C5 BOSS 0 0 0 1 0 0 -114.83239252804091 -155.2799403970343 143.1 124.41905531082226 -147.7020468379327 356.09488 40.5004 -999.0 -999.0 -999.0 -999.0 -999.0 250.11716915822933 -29.49727972653064 250.19715465306058 -29.549084129262713 78.73497882263644 95.86652697630882 -999.0 5400.0 -999.0 1 489 {-999.0 -999.0 -999.0 -999.0 -999.0} "" -999.0 -999.0 -999.0 -999.0 -999 -999 "" "" "" "" 0 0 0.0 0.0 -999 ""
FIBERMAP 712 R-7C5 METROLOGY 0 0 0 1 0 0 -114.91007180491697 -154.5492812378519 143.1 123.6903196631857 -147.60819947342353 356.09488 40.5004 -999.0 -999.0 -999.0 -999.0 -999.0 250.11464217790368 -29.49702323239991 250.19464021298484 -29.54883371828007 78.73716410617592 95.86515369479923 -999.0 6231.0 -999.0 -1 -999 {-999.0 -999.0 -999.0 -999.0 -999.0} "" -999.0 -999.0 -999.0 -999.0 -999 -999 "" "" "" "" 0 0 0.0 0.0 -999 ""
FIBERMAP 713 R+3C9 APOGEE 1 1 0 1 0 0 -92.14061305257974 68.24542198611404 143.1 -87.74686031781627 -73.80374692900145 171.667 85.569 249.3792563679096 -29.272170897644433 -2.725712 2.6048048 0.20336866 249.37925958530064 -29.272160933477718 249.4584083984131 -29.325808462277067 79.37484292661156 94.63816366451562 16000.0 16600.0 2016.0 2 22 {-999.0 14.398968 12.810472 12.012817 -999.0} sdss_psfmag_from_g3xp 13.710517 12.612923 11.582887 9.138 63050396382782049 1153032543 bright_1x1 mwm_galactic_core_dist_apogee_sparse mwm_galactic science 0 0 0.0 0.0 -999 ""
FIBERMAP 713 R+3C9 BOSS 0 0 0 1 0 0 -92.02692740264794 68.97069596907177 143.1 -88.42598868498635 -73.52500404938934 171.667 85.569 -999.0 -999.0 -999.0 -999.0 -999.0 249.3768957448724 -29.2713406130161 249.45599527383865 -29.324994984365176 79.3769276389429 94.63349123669252 -999.0 5400.0 -999.0 1 32 {-999.0 -999.0 -999.0 -999.0 -999.0} "" -999.0 -999.0 -999.0 -999.0 -999 -999 "" "" "" "" 0 0 0.0 0.0 -999 ""
FIBERMAP 713 R+3C9 METROLOGY 0 0 0 1 0 0 -91.44323815357396 68.48946869746874 143.1 -87.82255868302816 -73.0688142632405 171.667 85.569 -999.0 -999.0 -999.0 -999.0 -999.0 249.37897760428 -29.269975563907277 249.45808637328128 -29.323625048721393 79.37507347011766 94.62628995628143 -999.0 6231.0 -999.0 -1 -999 {-999.0 -999.0 -999.0 -999.0 -999.0} "" -999.0 -999.0 -999.0 -999.0 -999 -999 "" "" "" "" 0 0 0.0 0.0 -999 ""
FIBERMAP 718 R+2C7 APOGEE 1 1 0 1 0 0 -131.4698160557925 60.62709221261504 143.1 -89.45506876387003 -113.82632055780424 157.78319 19.328915 249.3726639632243 -29.39349418832882 -0.24263594 3.6410074 0.21803549 249.37270549954957 -29.39344117445589 249.45223714403846 -29.447070507610704 79.38230537991448 95.29546056596803 16000.0 16600.0 2016.0 2 29 {-999.0 15.452658 14.04682 13.390378 -999.0} sdss_psfmag_from_g3xp 14.88398 13.939081 12.978 10.73 63050396382777778 1153032504 bright_1x1 mwm_galactic_core_dist_apogee_sparse mwm_galactic science 0 0 0.0 0.0 -999 ""
FIBERMAP 718 R+2C7 BOSS 0 0 0 1 0 0 -130.72548521955798 60.597073343734095 143.1 -89.25329162605499 -113.10925663883567 157.78319 19.328915 -999.0 -999.0 -999.0 -999.0 -999.0 249.37341700254538 -29.391324271821027 249.45289593395853 -29.444952957130194 79.38170708491074 95.28400539756103 -999.0 5400.0 -999.0 1 48 {-999.0 -999.0 -999.0 -999.0 -999.0} "" -999.0 -999.0 -999.0 -999.0 -999 -999 "" "" "" "" 0 0 0.0 0.0 -999 ""
FIBERMAP 718 R+2C7 METROLOGY 0 0 0 1 0 0 -131.11062090790017 59.97310983012561 143.1 -88.73564697193414 -113.62855444577684 157.78319 19.328915 -999.0 -999.0 -999.0 -999.0 -999.0 249.37518577965096 -29.392920526400957 249.4546832790934 -29.44654436870232 79.38016930908262 95.29273931508453 -999.0 6231.0 -999.0 -1 -999 {-999.0 -999.0 -999.0 -999.0 -999.0} "" -999.0 -999.0 -999.0 -999.0 -999 -999 "" "" "" "" 0 0 0.0 0.0 -999 ""
FIBERMAP 720 R-7C15 APOGEE 0 0 0 1 0 0 88.18940307888153 -128.86196265396902 143.1 145.79354711796188 55.906051898679905 163.07594 105.40189 -999.0 -999.0 -999.0 -999.0 -999.0 250.19080068573896 -28.879958999578005 250.2688913149965 -28.931758499683703 78.65060773302937 92.73087291418045 -999.0 16600.0 -999.0 2 -999 {-999.0 -999.0 -999.0 -999.0 -999.0} "" -999.0 -999.0 -999.0 -999.0 -999 -999 "" "" "" "" 0 0 0.0 0.0 -999 ""
FIBERMAP 720 R-7C15 BOSS 1 1 0 1 0 0 88.24627246789413 -128.07022414527012 143.1 145.0365943477737 56.14493875184335 163.07594 105.40189 250.18806869691537 -28.879122654715164 -16.477367 -30.798655 8.509937 250.18830250146988 -28.87920950892171 250.2663411630473 -28.931017948021957 78.6527890488818 92.7264087844319 5400.0 5400.0 2016.0 1 283 {-999.0 17.648577 16.325645 14.578129 -999.0} sdss_psfmag_ps1 17.172007 15.315526 14.012725 11.469 63050396383009388 1035053161 bright_1x1 mwm_yso_pms_boss_sagitta_edr3_single mwm_yso science 0 0 0.8724558353424072 0.0 -999 ""
FIBERMAP 720 R-7C15 METROLOGY 0 0 0 1 0 0 88.84854245674713 -128.50836189415222 143.1 145.60241844567003 56.62919290255648 163.07594 105.40189 -999.0 -999.0 -999.0 -999.0 -999.0 250.19025885615616 -28.87773439099134 250.26830717532778 -28.92953775692153 78.65097921049644 92.71944769543148 -999.0 6231.0 -999.0 -1 -999 {-999.0 -999.0 -999.0 -999.0 -999.0} "" -999.0 -999.0 -999.0 -999.0 -999 -999 "" "" "" "" 0 0 0.0 0.0 -999 ""
FIBERMAP 722 R-4C20 APOGEE 0 0 0 1 0 0 171.38537402628958 -80.86945705260169 143.1 118.39982445585055 147.9595951384426 151.58643 156.57368 -999.0 -999.0 -999.0 -999.0 -999.0 250.09541436655502 -28.601160284703088 250.17260765210517 -28.653268705769193 78.71405604036036 91.28373189598898 -999.0 16600.0 -999.0 2 -999 {-999.0 -999.0 -999.0 -999.0 -999.0} "" -999.0 -999.0 -999.0 -999.0 -999 -999 "" "" "" "" 0 0 0.0 0.0 -999 ""
FIBERMAP 722 R-4C20 BOSS 1 1 0 1 0 0 170.91054218859136 -80.27962196185061 143.1 117.71598887578659 147.634474236782 151.58643 156.57368 250.0931433596439 -28.60208363069636 -3.3597348 -3.9926374 0.332026 250.0931515284389 -28.60209000842104 250.1702986816133 -28.654207324745734 78.71615563609666 91.2876176090972 5400.0 5400.0 2016.0 1 312 {-999.0 19.13462 17.949429 17.461725 -999.0} sdss_psfmag_ps1 18.664436 17.896719 17.066292 15.225 63050396383249760 980296755 "" ops_std_boss_red ops_std standard_boss 0 0 0.0 0.0 -999 ""
FIBERMAP 722 R-4C20 METROLOGY 0 0 0 1 0 0 171.65410637957257 -80.1714017975573 143.1 117.78312067449578 148.38284391507696 151.58643 156.57368 -999.0 -999.0 -999.0 -999.0 -999.0 250.09337986250264 -28.5998090190822 250.1705336727125 -28.651925385412397 78.71575327156148 91.27609005673196 -999.0 6231.0 -999.0 -1 -999 {-999.0 -999.0 -999.0 -999.0 -999.0} "" -999.0 -999.0 -999.0 -999.0 -999 -999 "" "" "" "" 0 0 0.0 0.0 -999 ""
FIBERMAP 725 R-11C8 APOGEE 1 1 0 1 0 0 -7.85302075665213 -221.27788822719214 143.1 213.4202059512829 -58.9432836488406 241.56316 157.95346 250.42538704692123 -29.22751720784632 -4.2966676 -5.6031055 -0.019611457 250.42536770929877 -29.227517118583496 250.50460904333863 -29.278651258759936 78.46153729578643 94.52717091999767 16000.0 16600.0 2016.0 2 173 {-999.0 17.28275 15.462894 13.553617 -999.0} sdss_psfmag_ps1 16.56879 14.053193 12.636331 9.167 63050396382934322 1154245786 bright_1x1 mwm_galactic_core_dist_apogee_sparse mwm_galactic science 0 0 0.0 0.0 -999 ""
FIBERMAP 725 R-11C8 BOSS 0 0 0 1 0 0 -8.42438873931878 -221.7384790143942 143.1 213.7357560293329 -59.60585407470962 241.56316 157.95346 -999.0 -999.0 -999.0 -999.0 -999.0 250.42655860620982 -29.22952800148362 250.50575641757882 -29.280660160260993 78.46060460352021 94.53737624424377 -999.0 5400.0 -999.0 1 415 {-999.0 -999.0 -999.0 -999.0 -999.0} "" -999.0 -999.0 -999.0 -999.0 -999 -999 "" "" "" "" 0 0 0.0 0.0 -999 ""
FIBERMAP 725 R-11C8 METROLOGY 0 0 0 1 0 0 -8.553862587889693 -221.01636696957465 143.1 213.00332545360553 -59.564369915509246 241.56316 157.95346 -999.0 -999.0 -999.0 -999.0 -999.0 250.42405412563355 -29.229423142886205 250.5032653028096 -29.28056097964778 78.4627728932393 94.5365164388162 -999.0 6231.0 -999.0 -1 -999 {-999.0 -999.0 -999.0 -999.0 -999.0} "" -999.0 -999.0 -999.0 -999.0 -999 -999 "" "" "" "" 0 0 0.0 0.0 -999 ""
FIBERMAP 727 R+5C12 APOGEE 1 1 0 1 0 0 -2.1489392572221213 101.8273227149938 143.1 -99.54750752310218 21.518919501789227 169.393 108.71847 249.3400452226405 -28.982621436418924 -5.4410853 -4.0205116 0.14011931 249.34003263887934 -28.982652185002703 249.41825836428097 -29.036475220143263 79.3993987203655 93.06126118255071 16000.0 16600.0 2016.0 2 132 {-999.0 15.667405 13.965252 12.954607 -999.0} sdss_psfmag_from_g3xp 14.907532 13.607681 12.491963 9.787 63050396383224924 1156251812 bright_1x1 mwm_galactic_core_dist_apogee_extra mwm_galactic science 0 0 0.0 0.0 -999 ""
FIBERMAP 727 R+5C12 BOSS 0 0 0 1 0 0 -2.2616938515607465 102.56629418181706 143.1 -100.29246110902942 21.58057573038005 169.393 108.71847 -999.0 -999.0 -999.0 -999.0 -999.0 249.33743438312396 -28.98243861360999 249.41561298841464 -29.036269950116292 79.4016985882494 93.0595234377829 -999.0 5400.0 -999.0 1 121 {-999.0 -999.0 -999.0 -999.0 -999.0} "" -999.0 -999.0 -999.0 -999.0 -999 -999 "" "" "" "" 0 0 0.0 0.0 -999 ""
FIBERMAP 727 R+5C12 METROLOGY 0 0 0 1 0 0 -1.5655758356798621 102.2844460392029 143.1 -99.8569035284398 22.19235415571367 169.393 108.71847 -999.0 -999.0 -999.0 -999.0 -999.0 249.33893287437135 -28.980586882900923 249.41711898931055 -29.034414573647258 79.40029135944329 93.04980416170497 -999.0 6231.0 -999.0 -1 -999 {-999.0 -999.0 -999.0 -999.0 -999.0} "" -999.0 -999.0 -999.0 -999.0 -999 -999 "" "" "" "" 0 0 0.0 0.0 -999 ""
FIBERMAP 728 R+7C12 APOGEE 1 1 0 1 0 0 27.881504775650065 125.29987435919644 143.1 -115.4169541798833 56.17231296677515 232.90367 126.16009 249.28587991598766 -28.877163405672306 -10.030968 -23.199377 6.649699 249.2858468671862 -28.877241323971585 249.36372858465688 -28.93122425034037 79.4413085798573 92.47473006323526 16000.0 16600.0 2016.0 2 143 {-999.0 18.458954 16.920862 15.129502 -999.0} sdss_psfmag_ps1 17.853338 15.789567 14.443454 11.775 63050396383269229 1034990537 bright_1x1 mwm_yso_pms_apogee_zari18pms_single mwm_yso science 0 0 0.0 0.0 -999 ""
FIBERMAP 728 R+7C12 BOSS 0 0 0 1 0 0 27.133123532427003 125.3219894685839 143.1 -115.61198229840781 55.449476613637714 232.90367 126.16009 -999.0 -999.0 -999.0 -999.0 -999.0 249.28513495933638 -28.87940049164286 249.36297769695966 -28.93338688195856 79.44209228924063 92.48630016768368 -999.0 5400.0 -999.0 1 144 {-999.0 -999.0 -999.0 -999.0 -999.0} "" -999.0 -999.0 -999.0 -999.0 -999 -999 "" "" "" "" 0 0 0.0 0.0 -999 ""
FIBERMAP 728 R+7C12 METROLOGY 0 0 0 1 0 0 27.489545750324023 125.9670074223668 143.1 -116.1567643621559 55.94572590172928 232.90367 126.16009 -999.0 -999.0 -999.0 -999.0 -999.0 249.28323504868854 -28.877880883361797 249.36108549855192 -28.931871605476214 79.44365602410863 92.4775107883695 -999.0 6231.0 -999.0 -1 -999 {-999.0 -999.0 -999.0 -999.0 -999.0} "" -999.0 -999.0 -999.0 -999.0 -999 -999 "" "" "" "" 0 0 0.0 0.0 -999 ""
FIBERMAP 729 R-8C19 APOGEE 1 1 0 1 0 0 197.663743104323 -148.1845495781909 143.1 189.97120892976062 157.91365757828484 63.035618 161.60477 250.34143640014736 -28.571315055752176 -3.691912 -5.2227244 0.14479119 250.34142925748588 -28.571323319366304 250.41857902566096 -28.62284522931965 78.49633820130721 91.22627052434353 16000.0 16600.0 2016.0 2 193 {-999.0 14.977527 13.36312 12.566202 -999.0} sdss_psfmag_from_g3xp 14.276499 13.166573 12.130559 9.583 63050396383315508 1153033227 bright_1x1 mwm_galactic_core_dist_apogee_sparse mwm_galactic science 0 0 0.0 0.0 -999 ""
FIBERMAP 729 R-8C19 BOSS 0 0 0 1 0 0 198.25517914471118 -147.64917929006532 143.1 189.58757238014357 158.61308660731981 63.035618 161.60477 -999.0 -999.0 -999.0 -999.0 -999.0 250.3401651036177 -28.569194944613127 250.41725841584866 -28.62072441762252 78.49730319306003 91.21515865708096 -999.0 5400.0 -999.0 1 266 {-999.0 -999.0 -999.0 -999.0 -999.0} "" -999.0 -999.0 -999.0 -999.0 -999 -999 "" "" "" "" 0 0 0.0 0.0 -999 ""
FIBERMAP 729 R-8C19 METROLOGY 0 0 0 1 0 0 198.38941938978232 -148.38612178769264 143.1 190.33553391898164 158.57280028453246 63.035618 161.60477 -999.0 -999.0 -999.0 -999.0 -999.0 250.34275550466012 -28.56929216798203 250.4198636671647 -28.62081423913786 78.49503349186872 91.21663338222805 -999.0 6231.0 -999.0 -1 -999 {-999.0 -999.0 -999.0 -999.0 -999.0} "" -999.0 -999.0 -999.0 -999.0 -999 -999 "" "" "" "" 0 0 0.0 0.0 -999 ""
FIBERMAP 731 R0C27 APOGEE 0 0 0 1 0 0 289.07238810073045 20.878994207793436 143.1 46.713669087664435 286.026810004447 157.38942 40.516064 -999.0 -999.0 -999.0 -999.0 -999.0 249.84814592049787 -28.18506768421891 249.92398841769148 -28.23788999232178 78.88814140291917 89.03904236964377 -999.0 16600.0 -999.0 2 -999 {-999.0 -999.0 -999.0 -999.0 -999.0} "" -999.0 -999.0 -999.0 -999.0 -999 -999 "" "" "" "" 0 0 0.0 0.0 -999 ""
FIBERMAP 731 R0C27 BOSS 1 1 0 1 0 0 289.76398397150007 21.117864259738706 143.1 46.6416662521028 286.75492106845945 157.38942 40.516064 249.8479484236841 -28.182899217033047 -1.0353149 -11.041676 1.9537731 249.84793944830514 -28.18291841486106 249.92372777094272 -28.235746989842387 78.88810670040522 89.02786070280592 5400.0 5400.0 2016.0 1 182 {-999.0 21.7859 19.977915 18.640783 -999.0} sdss_psfmag_ps1 20.857141 19.298069 18.053316 15.393 63050396383302551 1096166090 bright_1x1 mwm_bin_vis_boss mwm_filler science 0 0 0.0 0.0 -999 ""
FIBERMAP 731 R0C27 METROLOGY 0 0 0 1 0 0 289.6303820836902 20.380856745061724 143.1 47.32759034556935 286.45408482227765 157.38942 40.516064 -999.0 -999.0 -999.0 -999.0 -999.0 249.85028866460428 -28.183766444062968 249.92609354785804 -28.236587647717734 78.88614122132715 89.03351506619663 -999.0 6231.0 -999.0 -1 -999 {-999.0 -999.0 -999.0 -999.0 -999.0} "" -999.0 -999.0 -999.0 -999.0 -999 -999 "" "" "" "" 0 0 0.0 0.0 -999 ""
FIBERMAP 732 R-10C12 APOGEE 0 0 0 1 0 0 55.002385066944676 -198.67221124801156 143.1 206.00463384612266 7.438549449348133 200.41292 117.18105 -999.0 -999.0 -999.0 -999.0 -999.0 250.39914755046095 -29.02654547016961 250.4777452227604 -29.07779963723937 78.47649524356595 93.51833020424698 -999.0 16600.0 -999.0 2 -999 {-999.0 -999.0 -999.0 -999.0 -999.0} "" -999.0 -999.0 -999.0 -999.0 -999 -999 "" "" "" "" 0 0 0.0 0.0 -999 ""
FIBERMAP 732 R-10C12 BOSS 1 1 0 1 0 0 54.424156078025774 -198.16996407519716 143.1 205.38202340076828 6.992544537269462 200.41292 117.18105 250.39713951615653 -29.02789561346786 -1.8884882 -3.7282012 0.32666904 250.39711623445862 -29.027898505986183 250.47566781650698 -29.079159421606626 78.47837733751734 93.52466847035254 5400.0 5400.0 2016.0 1 402 {-999.0 17.050097 16.620617 16.476995 -999.0} sdss_psfmag_ps1 16.91561 16.576994 16.05331 15.123 63050396382997245 982189439 "" ops_std_boss_tic ops_std standard_boss 0 0 0.0 0.0 -999 ""
FIBERMAP 732 R-10C12 METROLOGY 0 0 0 1 0 0 55.15365209783806 -197.9396701214113 143.1 205.32715005018574 7.7555333402678714 200.41292 117.18105 -999.0 -999.0 -999.0 -999.0 -999.0 250.39693761473637 -29.025586553910603 250.4754959917883 -29.076847931849795 78.47841016820304 93.51307259870055 -999.0 6231.0 -999.0 -1 -999 {-999.0 -999.0 -999.0 -999.0 -999.0} "" -999.0 -999.0 -999.0 -999.0 -999 -999 "" "" "" "" 0 0 0.0 0.0 -999 ""
FIBERMAP 736 R+11C12 APOGEE 1 1 0 1 0 0 90.02561242424922 200.72893462162705 143.1 -174.37969750995796 134.1096488586004 342.20944 83.84392 249.08477783203122 -28.640286792908327 -999.0 -999.0 -999.0 249.08476951529727 -28.640278295432513 249.1618624125199 -28.694810935825267 79.60121578592015 91.10992862665557 16000.0 16600.0 2015.5 2 145 {-999.0 -999.0 -999.0 -999.0 -999.0} "" -999.0 -999.0 -999.0 -999.0 27021603175324774 845928668 "" ops_sky_apogee_best ops_sky sky_apogee 0 0 0.0 0.0 -999 ""
FIBERMAP 736 R+11C12 BOSS 0 0 0 1 0 0 89.71698823924885 200.03527214433777 143.1 -173.7765158054679 133.6486150713943 342.20944 83.84392 -999.0 -999.0 -999.0 -999.0 -999.0 249.0868318963669 -28.64165050041119 249.16388483152093 -28.696180978277102 79.59955817978629 91.118287188806 -999.0 5400.0 -999.0 1 148 {-999.0 -999.0 -999.0 -999.0 -999.0} "" -999.0 -999.0 -999.0 -999.0 -999 -999 "" "" "" "" 0 0 0.0 0.0 -999 ""
FIBERMAP 736 R+11C12 METROLOGY 0 0 0 1 0 0 89.2758033284083 200.64260580464673 143.1 -174.4695713309529 133.36028027995437 342.20944 83.84392 -999.0 -999.0 -999.0 -999.0 -999.0 249.08439539554286 -28.64249178330089 249.16146306969858 -28.69702697647236 79.60174379556197 91.12200959234207 -999.0 6231.0 -999.0 -1 -999 {-999.0 -999.0 -999.0 -999.0 -999.0} "" -999.0 -999.0 -999.0 -999.0 -999 -999 "" "" "" "" 0 0 0.0 0.0 -999 ""
FIBERMAP 738 R-6C11 APOGEE 0 0 0 1 0 0 -1.5558423064504736 -103.37753885103507 143.1 100.1964563590739 -25.482053243231693 96.4721 117.693756 -999.0 -999.0 -999.0 -999.0 -999.0 250.03319437937202 -29.126988228639682 250.11203254525458 -29.179099285427963 78.80022782178327 93.95839528754539 -999.0 16600.0 -999.0 2 -999 {-999.0 -999.0 -999.0 -999.0 -999.0} "" -999.0 -999.0 -999.0 -999.0 -999 -999 "" "" "" "" 0 0 0.0 0.0 -999 ""
FIBERMAP 738 R-6C11 BOSS 1 1 0 1 0 0 -0.9401421837360444 -102.95069839222438 143.1 99.9240144843759 -24.784185350643668 96.4721 117.693756 250.0323486328125 -29.124874844690467 -999.0 -999.0 -999.0 250.03236089716918 -29.12488254526334 250.11114361720036 -29.176997916911162 78.80091891317105 93.94742422253034 5400.0 5400.0 2015.5 1 389 {-999.0 -999.0 -999.0 -999.0 -999.0} "" -999.0 -999.0 -999.0 -999.0 27021603175319865 853831558 "" ops_sky_boss_fallback ops_sky sky_boss 0 0 0.0 0.0 -999 ""
FIBERMAP 738 R-6C11 METROLOGY 0 0 0 1 0 0 -0.8777627497643397 -103.69330194514272 143.1 100.6608213044338 -24.89568452102642 96.4721 117.693756 -999.0 -999.0 -999.0 -999.0 -999.0 250.03491577907835 -29.125222756984076 250.11371389785393 -29.17733137510605 78.7986900003591 93.94960465233885 -999.0 6231.0 -999.0 -1 -999 {-999.0 -999.0 -999.0 -999.0 -999.0} "" -999.0 -999.0 -999.0 -999.0 -999 -999 "" "" "" "" 0 0 0.0 0.0 -999 ""
FIBERMAP 740 R-10C6 APOGEE 0 0 0 1 0 0 -72.72993359875672 -186.94854944084523 143.1 164.98536892703115 -114.0907727402587 86.25984 151.75154 -999.0 -999.0 -999.0 -999.0 -999.0 250.25798027778282 -29.395125094861037 250.3377198283962 -29.446617279456195 78.61129626760743 95.35305348251961 -999.0 16600.0 -999.0 2 -999 {-999.0 -999.0 -999.0 -999.0 -999.0} "" -999.0 -999.0 -999.0 -999.0 -999 -999 "" "" "" "" 0 0 0.0 0.0 -999 ""
FIBERMAP 740 R-10C6 BOSS 1 1 0 1 0 0 -72.30127165921637 -186.28649924089257 143.1 164.44076847316776 -113.52030555761873 86.25984 151.75154 250.25619506835938 -29.39344226647522 -999.0 -999.0 -999.0 250.2561943473768 -29.393436890753538 250.33587853471977 -29.444934660861524 78.61286879071756 95.34438526011058 5400.0 5400.0 2015.5 1 384 {-999.0 -999.0 -999.0 -999.0 -999.0} "" -999.0 -999.0 -999.0 -999.0 27021603175318687 852263903 "" ops_sky_boss_fallback ops_sky sky_boss 0 0 0.0 0.0 -999 ""
FIBERMAP 740 R-10C6 METROLOGY 0 0 0 1 0 0 -71.98238892020751 -186.9745334815025 143.1 165.18396646225236 -113.36964716183024 86.25984 151.75154 -999.0 -999.0 -999.0 -999.0 -999.0 250.25878345458798 -29.39298722062125 250.33848081659835 -29.44447863068315 78.61059467416828 95.34228626713139 -999.0 6231.0 -999.0 -1 -999 {-999.0 -999.0 -999.0 -999.0 -999.0} "" -999.0 -999.0 -999.0 -999.0 -999 -999 "" "" "" "" 0 0 0.0 0.0 -999 ""
FIBERMAP 745 R+1C8 APOGEE 0 0 0 1 0 0 -116.45736141204104 7.86744372171499 143.1 -34.65409082474575 -111.45605456722429 302.34332 114.87722 -999.0 -999.0 -999.0 -999.0 -999.0 249.56349062285537 -29.38716292261275 249.64304770863396 -29.44033445801923 79.21606854022137 95.27043589397681 -999.0 16600.0 -999.0 2 -999 {-999.0 -999.0 -999.0 -999.0 -999.0} "" -999.0 -999.0 -999.0 -999.0 -999 -999 "" "" "" "" 0 0 0.0 0.0 -999 ""
FIBERMAP 745 R+1C8 BOSS 1 1 0 1 0 0 -116.83265225876909 7.248739432918766 143.1 -34.13927933167258 -111.96455673953898 302.34332 114.87722 249.56530748728983 -29.388754407435364 -3.0486417 -4.245694 0.15993093 249.56530375988538 -29.388768616818815 249.64481946420233 -29.4419358825466 79.21454740799257 95.27910506623573 5400.0 5400.0 2016.0 1 47 {-999.0 16.751408 15.693925 15.059383 -999.0} sdss_psfmag_ps1 16.334131 15.556442 14.687043 12.77 63050396382619826 944129151 bright_1x1 openfibertargets_nov2020_6b open_fiber science 0 0 0.0 0.0 -999 ""
FIBERMAP 745 R+1C8 METROLOGY 0 0 0 1 0 0 -117.204950519106 7.892116455530035 143.1 -34.85142312926992 -112.17752739585399 302.34332 114.87722 -999.0 -999.0 -999.0 -999.0 -999.0 249.56280335573712 -29.38941629047357 249.64233382917405 -29.44258924252899 79.21672060735212 95.28244115581674 -999.0 6231.0 -999.0 -1 -999 {-999.0 -999.0 -999.0 -999.0 -999.0} "" -999.0 -999.0 -999.0 -999.0 -999 -999 "" "" "" "" 0 0 0.0 0.0 -999 ""
FIBERMAP 746 R-9C7 APOGEE 1 1 0 1 0 0 -59.150599252676734 -182.00428653387468 143.1 163.32443989270948 -99.73555569146583 182.07254 164.50523 250.25222294183993 -29.351717102341816 -3.983593 -2.334006 0.11744868 250.25222123352808 -29.351701739399775 250.3318210985426 -29.40322006702372 78.61556476992651 95.13276332861238 16000.0 16600.0 2016.0 2 187 {-999.0 14.573318 13.010723 12.21777 -999.0} sdss_psfmag_from_g3xp 13.90099 12.818881 11.793793 9.355 63050396382958383 1153032792 bright_1x1 mwm_galactic_core_dist_apogee_sparse mwm_galactic science 0 0 0.0 0.0 -999 ""
FIBERMAP 746 R-9C7 BOSS 0 0 0 1 0 0 -59.86137353437509 -181.8797585393034 143.1 163.0385123063155 -100.39806608111233 182.07254 164.50523 -999.0 -999.0 -999.0 -999.0 -999.0 250.25133751688966 -29.353740648529875 250.33089413550897 -29.40526147730914 78.61641657901835 95.14301413235034 -999.0 5400.0 -999.0 1 383 {-999.0 -999.0 -999.0 -999.0 -999.0} "" -999.0 -999.0 -999.0 -999.0 -999 -999 "" "" "" "" 0 0 0.0 0.0 -999 ""
FIBERMAP 746 R-9C7 METROLOGY 0 0 0 1 0 0 -59.37823315193466 -181.29466721046867 143.1 162.58140225741545 -99.79245008192076 182.07254 164.50523 -999.0 -999.0 -999.0 -999.0 -999.0 250.24976423936934 -29.351926548283597 250.32932878386555 -29.40345143269676 78.61774057422251 95.13369493334824 -999.0 6231.0 -999.0 -1 -999 {-999.0 -999.0 -999.0 -999.0 -999.0} "" -999.0 -999.0 -999.0 -999.0 -999 -999 "" "" "" "" 0 0 0.0 0.0 -999 ""
FIBERMAP 749 R-2C15 APOGEE 1 1 0 1 0 0 33.40192521448956 -30.484332795282768 143.1 37.39707971217827 25.422689867185372 153.29842 108.22785 249.81531528316745 -28.97225299861191 -4.8598113 -6.560103 0.1870522 249.8153323178856 -28.97229019772677 249.89363344818298 -29.024970755584125 78.98370554257002 93.11330261834655 16000.0 16600.0 2016.0 2 227 {-999.0 14.874287 13.181742 12.245232 -999.0} sdss_psfmag_from_g3xp 14.118811 12.885942 11.795182 9.166 63050396383215049 1153033213 bright_1x1 mwm_galactic_core_dist_apogee_sparse mwm_galactic science 0 0 0.0 0.0 -999 ""
FIBERMAP 749 R-2C15 BOSS 0 0 0 1 0 0 33.509022025260705 -29.73818605545852 143.1 36.69612038084627 25.699863129518445 153.29842 108.22785 -999.0 -999.0 -999.0 -999.0 -999.0 249.81297521518022 -28.9714263174043 249.89122542765847 -29.024115007585536 78.98576310195298 93.10824917627662 -999.0 5400.0 -999.0 1 327 {-999.0 -999.0 -999.0 -999.0 -999.0} "" -999.0 -999.0 -999.0 -999.0 -999 -999 "" "" "" "" 0 0 0.0 0.0 -999 ""
FIBERMAP 749 R-2C15 METROLOGY 0 0 0 1 0 0 34.09123222130941 -30.19457185638356 143.1 37.27504371184656 26.160373847429188 153.29842 108.22785 -999.0 -999.0 -999.0 -999.0 -999.0 249.81497753163592 -28.9700291133118 249.89323728266436 -29.022712744067643 78.98393228164872 93.10140668205702 -999.0 6231.0 -999.0 -1 -999 {-999.0 -999.0 -999.0 -999.0 -999.0} "" -999.0 -999.0 -999.0 -999.0 -999 -999 "" "" "" "" 0 0 0.0 0.0 -999 ""
FIBERMAP 750 R+11C10 APOGEE 1 1 0 1 0 0 38.4822518569827 196.92627356442065 143.1 -182.63139576847166 83.0908290155927 316.69815 83.09241 249.05456542968747 -28.79447094477635 -999.0 -999.0 -999.0 249.05457263441215 -28.794470428916455 249.13214045719258 -28.849032479461506 79.63853050570614 91.95293820414565 16000.0 16600.0 2015.5 2 127 {-999.0 -999.0 -999.0 -999.0 -999.0} "" -999.0 -999.0 -999.0 -999.0 27021603175317965 845928210 "" ops_sky_apogee_best ops_sky sky_apogee 0 0 0.0 0.0 -999 ""
FIBERMAP 750 R+11C10 BOSS 0 0 0 1 0 0 37.88316393525762 196.42985627619106 143.1 -182.28742363208704 82.39298833401264 316.69815 83.09241 -999.0 -999.0 -999.0 -999.0 -999.0 249.0557210412305 -28.79656408937317 249.13325101599344 -28.851125381316226 79.6376981114619 91.9649058999313 -999.0 5400.0 -999.0 1 114 {-999.0 -999.0 -999.0 -999.0 -999.0} "" -999.0 -999.0 -999.0 -999.0 -999 -999 "" "" "" "" 0 0 0.0 0.0 -999 ""
FIBERMAP 750 R+11C10 METROLOGY 0 0 0 1 0 0 37.763350052273964 197.18937739129564 143.1 -183.05400296498772 82.45254241614613 316.69815 83.09241 -999.0 -999.0 -999.0 -999.0 -999.0 249.0530411433083 -28.796358248480228 249.13058250538325 -28.85092530276234 79.64001711828035 91.96293889275847 -999.0 6231.0 -999.0 -1 -999 {-999.0 -999.0 -999.0 -999.0 -999.0} "" -999.0 -999.0 -999.0 -999.0 -999 -999 "" "" "" "" 0 0 0.0 0.0 -999 ""
FIBERMAP 752 R-8C5 APOGEE 1 1 0 1 0 0 -92.92755212198152 -144.6900479367296 143.1 119.19683600259181 -123.93949003032412 100.54201 24.468279 250.09901537647835 -29.425394682351374 -4.4757576 -2.380217 0.18745969 250.09901817025295 -29.425403419654966 250.17881937827065 -29.477271553867666 78.75012747388995 95.49777281656407 16000.0 16600.0 2016.0 2 285 {-999.0 15.967486 14.348215 13.476244 -999.0} sdss_psfmag_from_g3xp 15.262075 14.103679 13.04611 10.639 63050396382956978 1156251736 bright_1x1 mwm_galactic_core_dist_apogee_extra mwm_galactic science 0 0 0.0 0.0 -999 ""
FIBERMAP 752 R-8C5 BOSS 0 0 0 1 0 0 -92.4840197125959 -145.28314884249926 143.1 119.87659135294075 -123.64557184160324 100.54201 24.468279 -999.0 -999.0 -999.0 -999.0 -999.0 250.10148178668058 -29.424554196192094 250.18123182823342 -29.47641722763279 78.74801525703107 95.4935490121415 -999.0 5400.0 -999.0 1 468 {-999.0 -999.0 -999.0 -999.0 -999.0} "" -999.0 -999.0 -999.0 -999.0 -999 -999 "" "" "" "" 0 0 0.0 0.0 -999 ""
FIBERMAP 752 R-8C5 METROLOGY 0 0 0 1 0 0 -93.21953289176992 -145.37473351902568 143.1 119.79514458865093 -124.38225312585676 100.54201 24.468279 -999.0 -999.0 -999.0 -999.0 -999.0 250.10119938657763 -29.4268002046941 250.1809704146924 -29.478663107532846 78.74827492736169 95.5050412816679 -999.0 6231.0 -999.0 -1 -999 {-999.0 -999.0 -999.0 -999.0 -999.0} "" -999.0 -999.0 -999.0 -999.0 -999 -999 "" "" "" "" 0 0 0.0 0.0 -999 ""
FIBERMAP 754 R+8C15 APOGEE 1 1 0 1 0 0 108.7057655525674 138.81386884700703 143.1 -109.82270459502828 137.92481654602125 284.62183 88.57654 249.30725097656247 -28.629661767588274 -999.0 -999.0 -999.0 249.3072418172272 -28.629641186280967 249.3843528256698 -28.683641973780478 79.40577822092999 91.13616142708662 16000.0 16600.0 2015.5 2 78 {-999.0 -999.0 -999.0 -999.0 -999.0} "" -999.0 -999.0 -999.0 -999.0 27021603175324685 848663378 "" ops_sky_apogee_best ops_sky sky_apogee 0 0 0.0 0.0 -999 ""
FIBERMAP 754 R+8C15 BOSS 0 0 0 1 0 0 107.98818934002502 138.66129158115277 143.1 -109.84066398771981 137.19144139991033 284.62183 88.57654 -999.0 -999.0 -999.0 -999.0 -999.0 249.30716108224289 -28.63180644064382 249.38423327012572 -28.685810106163622 79.40606080483768 91.14786769697093 -999.0 5400.0 -999.0 1 238 {-999.0 -999.0 -999.0 -999.0 -999.0} "" -999.0 -999.0 -999.0 -999.0 -999 -999 "" "" "" "" 0 0 0.0 0.0 -999 ""
FIBERMAP 754 R+8C15 METROLOGY 0 0 0 1 0 0 108.20698880148117 139.37321672696672 143.1 -110.48243647947525 137.5693353680044 284.62183 88.57654 -999.0 -999.0 -999.0 -999.0 -999.0 249.30492875512297 -28.63063871419352 249.38200970504033 -28.684647146938502 79.40790944019027 91.14069190328883 -999.0 6231.0 -999.0 -1 -999 {-999.0 -999.0 -999.0 -999.0 -999.0} "" -999.0 -999.0 -999.0 -999.0 -999 -999 "" "" "" "" 0 0 0.0 0.0 -999 ""
FIBERMAP 755 R-9C15 APOGEE 0 0 0 1 0 0 132.06825194732016 -161.92110950894076 143.1 188.12432770515437 90.92284843818356 72.86623 98.52042 -999.0 -999.0 -999.0 -999.0 -999.0 250.33635476718246 -28.773795777836558 250.41414061709997 -28.82527302553435 78.51654977082082 92.23730506217231 -999.0 16600.0 -999.0 2 -999 {-999.0 -999.0 -999.0 -999.0 -999.0} "" -999.0 -999.0 -999.0 -999.0 -999 -999 "" "" "" "" 0 0 0.0 0.0 -999 ""
FIBERMAP 755 R-9C15 BOSS 1 1 0 1 0 0 132.82414696398118 -162.02452521505532 143.1 188.4001804831522 91.63414357791248 72.86623 98.52042 250.33718246190406 -28.771581039050325 -10.672385 -13.620372 3.054429 250.33739366807967 -28.771617307232795 250.41512325907536 -28.82309580053448 78.51553406982966 92.22670976560573 5400.0 5400.0 2016.0 1 329 {-999.0 17.348812 15.783385 14.997591 -999.0} sdss_psfmag_ps1 16.621891 15.563229 14.548518 12.404 63050396383017671 1078034636 bright_flexible_2x1 mwm_snc_ext_main_boss mwm_snc science 0 0 0.7510507106781006 0.0 -999 ""
FIBERMAP 755 R-9C15 METROLOGY 0 0 0 1 0 0 132.3473654950742 -162.61507913670286 143.1 188.86407844358234 91.03344647548543 72.86623 98.52042 -999.0 -999.0 -999.0 -999.0 -999.0 250.33901771722694 -28.773421906853677 250.41676738079923 -28.82489506627271 78.51422722192014 92.2362445610517 -999.0 6231.0 -999.0 -1 -999 {-999.0 -999.0 -999.0 -999.0 -999.0} "" -999.0 -999.0 -999.0 -999.0 -999 -999 "" "" "" "" 0 0 0.0 0.0 -999 ""
FIBERMAP 764 R-10C8 APOGEE 0 0 0 1 0 0 -24.003149904033492 -201.616174497348 143.1 190.5504069026971 -70.09412635513516 175.9084 174.02199 -999.0 -999.0 -999.0 -999.0 -999.0 250.34641498407825 -29.261605532832846 250.42574812813245 -29.312921240514893 78.5313734185562 94.68789245038727 -999.0 16600.0 -999.0 2 -999 {-999.0 -999.0 -999.0 -999.0 -999.0} "" -999.0 -999.0 -999.0 -999.0 -999 -999 "" "" "" "" 0 0 0.0 0.0 -999 ""
FIBERMAP 764 R-10C8 BOSS 1 1 0 1 0 0 -24.755710534309618 -201.48268181379495 143.1 190.2460708050755 -70.79520456284557 175.9084 174.02199 250.34592349573703 -29.263588866698306 -138.59312 -61.31446 2.044094 250.34547330636084 -29.26375001928846 250.42476320229173 -29.315068712275263 78.53229664901451 94.69855805716361 5400.0 5400.0 2016.0 1 405 {-999.0 19.016409 17.606356 16.963709 -999.0} sdss_psfmag_ps1 18.340498 17.43336 16.481295 14.62 63050396382982166 1074641488 dark_flexible_2x1 mwm_halo_local_high_boss mwm_halo science 0 0 0.0 0.0 -999 ""
FIBERMAP 764 R-10C8 METROLOGY 0 0 0 1 0 0 -24.266571279951307 -200.91609779047533 143.1 189.80835401617455 -70.18804437504262 175.9084 174.02199 -999.0 -999.0 -999.0 -999.0 -999.0 250.34397400996048 -29.26192750695453 250.42327192502626 -29.313249975280712 78.5335415200632 94.68921659755495 -999.0 6231.0 -999.0 -1 -999 {-999.0 -999.0 -999.0 -999.0 -999.0} "" -999.0 -999.0 -999.0 -999.0 -999 -999 "" "" "" "" 0 0 0.0 0.0 -999 ""
FIBERMAP 767 R+3C3 APOGEE 1 1 0 1 0 0 -212.93161191454695 76.69858819501825 143.1 -123.9754718686337 -189.3394053895723 128.23924 72.765564 249.25145931056818 -29.62086094254028 39.79403 -2.1251929 8.6431055 249.25159001026142 -29.62087122603368 249.33181514204114 -29.67472835259292 79.48714268444843 96.53689097545873 16000.0 16600.0 2016.0 2 36 {-999.0 10.32764 9.94692 9.816889 -999.0} sdss_psfmag_from_g3xp 10.264054 9.960459 9.48896 8.736 63050396382767858 975297494 "" ops_std_apogee ops_std standard_apogee 0 0 0.0 0.0 -999 ""
FIBERMAP 767 R+3C3 BOSS 0 0 0 1 0 0 -212.24111919773625 76.98499414941804 143.1 -124.09396950188282 -188.60134591976524 128.23924 72.765564 -999.0 -999.0 -999.0 -999.0 -999.0 249.2512080297813 -29.61867576436035 249.33138027420193 -29.672534003050647 79.48754397441878 96.5248868666946 -999.0 5400.0 -999.0 1 60 {-999.0 -999.0 -999.0 -999.0 -999.0} "" -999.0 -999.0 -999.0 -999.0 -999 -999 "" "" "" "" 0 0 0.0 0.0 -999 ""
FIBERMAP 767 R+3C3 METROLOGY 0 0 0 1 0 0 -212.34936477058625 76.23118514141282 143.1 -123.38582329167797 -188.88141314309192 128.23924 72.765564 -999.0 -999.0 -999.0 -999.0 -999.0 249.2536311605464 -29.619569643085043 249.33381982464653 -29.67342191914923 79.48541501900472 96.5296293154172 -999.0 6231.0 -999.0 -1 -999 {-999.0 -999.0 -999.0 -999.0 -999.0} "" -999.0 -999.0 -999.0 -999.0 -999 -999 "" "" "" "" 0 0 0.0 0.0 -999 ""
FIBERMAP 768 R+6C11 APOGEE 0 0 0 1 0 0 12.59255114317195 120.67074940213762 143.1 -114.4589502271504 40.227185047511185 20.38362 116.407814 -999.0 -999.0 -999.0 -999.0 -999.0 249.28878793872587 -28.925629200393857 249.36682234697514 -28.979591503147933 79.44135767288542 92.73909580682937 -999.0 16600.0 -999.0 2 -999 {-999.0 -999.0 -999.0 -999.0 -999.0} "" -999.0 -999.0 -999.0 -999.0 -999 -999 "" "" "" "" 0 0 0.0 0.0 -999 ""
FIBERMAP 768 R+6C11 BOSS 1 1 0 1 0 0 13.154388296041413 120.14587723005859 143.1 -113.81813257740934 40.65199959457689 20.38362 116.407814 249.29102129185142 -28.924320934265786 -3.4273052 -3.7903626 -0.04014453 249.29099502487193 -28.92432771665828 249.3689802226071 -28.978287264140327 79.43940144455368 92.73255304978181 5400.0 5400.0 2016.0 1 142 {-999.0 17.9954 17.670687 17.564096 -999.0} sdss_psfmag_ps1 17.9725 17.659203 17.196007 16.141 63050396383268638 978584145 "" ops_std_boss ops_std standard_boss 0 0 0.0 0.0 -999 ""
FIBERMAP 768 R+6C11 METROLOGY 0 0 0 1 0 0 12.430137265561909 119.94059876757254 143.1 -113.78637616413691 39.89991266764805 20.38362 116.407814 -999.0 -999.0 -999.0 -999.0 -999.0 249.29106140013093 -28.926606956388802 249.36906670871906 -28.980565079304363 79.43945041791972 92.74498543742266 -999.0 6231.0 -999.0 -1 -999 {-999.0 -999.0 -999.0 -999.0 -999.0} "" -999.0 -999.0 -999.0 -999.0 -999 -999 "" "" "" "" 0 0 0.0 0.0 -999 ""
FIBERMAP 769 R-5C12 APOGEE 1 1 0 1 0 0 25.558755440020526 -97.73100858893561 143.1 100.99064538840534 2.201981986041522 5.935365 108.70488 250.03595691726758 -29.042937322223658 -4.1591563 -2.451281 0.15626732 250.0359435555897 -29.042954243890772 250.1145162468673 -29.09508226173094 78.79438201855287 93.52684568295973 16000.0 16600.0 2016.0 2 161 {-999.0 15.814233 14.308664 13.627523 -999.0} sdss_psfmag_from_g3xp 15.185568 14.192733 13.212562 10.901 63050396383006650 1156251682 bright_1x1 mwm_galactic_core_dist_apogee_extra mwm_galactic science 0 0 0.0 0.0 -999 ""
FIBERMAP 769 R-5C12 BOSS 0 0 0 1 0 0 25.84134888625878 -98.42283493159671 143.1 101.72911814877997 2.316461915617102 5.935365 108.70488 -999.0 -999.0 -999.0 -999.0 -999.0 250.0386176182648 -29.042603096560438 250.11714120144825 -29.094726771558957 78.79207399471144 93.52557928085855 -999.0 5400.0 -999.0 1 390 {-999.0 -999.0 -999.0 -999.0 -999.0} "" -999.0 -999.0 -999.0 -999.0 -999 -999 "" "" "" "" 0 0 0.0 0.0 -999 ""
FIBERMAP 769 R-5C12 METROLOGY 0 0 0 1 0 0 25.115006707424882 -98.3270894556826 143.1 101.46757833119781 1.6321349659960644 5.935365 108.70488 -999.0 -999.0 -999.0 -999.0 -999.0 250.03770848794244 -29.044681304820312 250.11625221707368 -29.09680601458836 78.79294854757454 93.53607541918876 -999.0 6231.0 -999.0 -1 -999 {-999.0 -999.0 -999.0 -999.0 -999.0} "" -999.0 -999.0 -999.0 -999.0 -999 -999 "" "" "" "" 0 0 0.0 0.0 -999 ""
FIBERMAP 770 R-13C4 APOGEE 1 1 0 1 0 0 -76.41106543191921 -233.76248433223236 143.1 209.66863253299823 -128.52554697823706 123.545906 70.58728 250.41270488685572 -29.438017286775878 -0.9486466 -1.9458715 0.13952531 250.41268670947167 -29.43802634298049 250.49259655328774 -29.489131967419155 78.47719252622728 95.57854640488932 16000.0 16600.0 2016.0 2 261 {-999.0 15.197825 13.8882 13.310309 -999.0} sdss_psfmag_from_g3xp 14.688282 13.823387 12.91202 10.825 63050396382893620 1153032602 bright_1x1 mwm_galactic_core_dist_apogee_sparse mwm_galactic science 0 0 0.0 0.0 -999 ""
FIBERMAP 770 R-13C4 BOSS 0 0 0 1 0 0 -75.70296733655655 -233.5625580430378 143.1 209.638337126854 -127.79041323229963 123.545906 70.58728 -999.0 -999.0 -999.0 -999.0 -999.0 250.41265328652196 -29.435817277071177 250.49250584491813 -29.486924295185126 78.4772367792551 95.56748980273858 -999.0 5400.0 -999.0 1 355 {-999.0 -999.0 -999.0 -999.0 -999.0} "" -999.0 -999.0 -999.0 -999.0 -999 -999 "" "" "" "" 0 0 0.0 0.0 -999 ""
FIBERMAP 770 R-13C4 METROLOGY 0 0 0 1 0 0 -75.87449607669593 -234.2978838285439 143.1 210.31383182046397 -128.12775169003984 123.545906 70.58728 -999.0 -999.0 -999.0 -999.0 -999.0 250.4150155940834 -29.436844509958615 250.4948861644774 -29.487945320173694 78.47518116202261 95.57276365767427 -999.0 6231.0 -999.0 -1 -999 {-999.0 -999.0 -999.0 -999.0 -999.0} "" -999.0 -999.0 -999.0 -999.0 -999 -999 "" "" "" "" 0 0 0.0 0.0 -999 ""
FIBERMAP 771 R-13C5 APOGEE 1 1 0 1 0 0 -73.08880715514415 -265.13418183401694 143.1 240.95472969327534 -132.5676293368142 281.90674 36.596027 250.5207371411769 -29.44954206732628 -4.6684337 -5.478022 0.17623903 250.52072451711686 -29.44953529852849 250.60069410904327 -29.500375967415437 78.38329046785874 95.64189467305368 16000.0 16600.0 2016.0 2 262 {-999.0 16.115868 14.577178 12.986926 -999.0} sdss_psfmag_from_g3xp 15.458518 13.714471 12.451743 9.526 63050396382924480 1153032734 bright_1x1 mwm_galactic_core_dist_apogee_sparse mwm_galactic science 0 0 0.0 0.0 -999 ""
FIBERMAP 771 R-13C5 BOSS 0 0 0 1 0 0 -73.65741760022024 -264.629326498727 143.1 240.33181235438178 -133.003673401721 281.90674 36.596027 -999.0 -999.0 -999.0 -999.0 -999.0 250.51861515094433 -29.450859729484012 250.59853789147894 -29.50170581305201 78.38518738553306 95.64835506064463 -999.0 5400.0 -999.0 1 356 {-999.0 -999.0 -999.0 -999.0 -999.0} "" -999.0 -999.0 -999.0 -999.0 -999 -999 "" "" "" "" 0 0 0.0 0.0 -999 ""
FIBERMAP 771 R-13C5 METROLOGY 0 0 0 1 0 0 -72.93431055558455 -264.39204888626347 143.1 240.2686645542491 -132.2452800694037 281.90674 36.596027 -999.0 -999.0 -999.0 -999.0 -999.0 250.51843583401893 -29.448598744392324 250.59836565955027 -29.49944571326745 78.38530238835763 95.6371190694386 -999.0 6231.0 -999.0 -1 -999 {-999.0 -999.0 -999.0 -999.0 -999.0} "" -999.0 -999.0 -999.0 -999.0 -999 -999 "" "" "" "" 0 0 0.0 0.0 -999 ""
FIBERMAP 773 R+3C12 APOGEE 1 1 0 1 0 0 -17.696297568350115 69.86338256335881 143.1 -72.06035089527879 -1.0152922627069687 120.77629 115.73302 249.4349670410156 -29.05150862917212 -999.0 -999.0 -999.0 249.4349567440694 -29.051495148674768 249.5134214590597 -29.10507039845774 79.3195107140509 93.45334329481477 16000.0 16600.0 2015.5 2 131 {-999.0 -999.0 -999.0 -999.0 -999.0} "" -999.0 -999.0 -999.0 -999.0 27021603175323509 848663329 "" ops_sky_apogee_best ops_sky sky_apogee 0 0 0.0 0.0 -999 ""
FIBERMAP 773 R+3C12 BOSS 0 0 0 1 0 0 -17.276822063640697 70.49079661787832 143.1 -72.57339007498952 -0.46179147308257046 120.77629 115.73302 -999.0 -999.0 -999.0 -999.0 -999.0 249.43318132428004 -29.049805288415058 249.5115940575747 -29.103387057636496 79.32103226319875 93.44389184006894 -999.0 5400.0 -999.0 1 119 {-999.0 -999.0 -999.0 -999.0 -999.0} "" -999.0 -999.0 -999.0 -999.0 -999 -999 "" "" "" "" 0 0 0.0 0.0 -999 ""
FIBERMAP 773 R+3C12 METROLOGY 0 0 0 1 0 0 -16.949353450592746 69.82372525957045 143.1 -71.8485923750168 -0.29792108266404443 120.77629 115.73302 -999.0 -999.0 -999.0 -999.0 -999.0 249.4356801009417 -29.049318832348813 249.51410497843176 -29.102894221141366 79.31881886865307 93.44175382767986 -999.0 6231.0 -999.0 -1 -999 {-999.0 -999.0 -999.0 -999.0 -999.0} "" -999.0 -999.0 -999.0 -999.0 -999 -999 "" "" "" "" 0 0 0.0 0.0 -999 ""
FIBERMAP 774 R-6C6 APOGEE 0 0 0 1 0 0 -124.90548775070523 -102.35977980397105 143.1 70.60716233111476 -145.23049366355806 175.01776 66.41701 -999.0 -999.0 -999.0 -999.0 -999.0 249.92987064807207 -29.49005598964993 250.00984002377993 -29.54231469145719 78.89787857367112 95.82515413926512 -999.0 16600.0 -999.0 2 -999 {-999.0 -999.0 -999.0 -999.0 -999.0} "" -999.0 -999.0 -999.0 -999.0 -999 -999 "" "" "" "" 0 0 0.0 0.0 -999 ""
FIBERMAP 774 R-6C6 BOSS 1 1 0 1 0 0 -124.50955878103825 -101.68545277862803 143.1 70.04303066772617 -144.68901997780873 175.01776 66.41701 249.92797851562497 -29.488478709925488 -999.0 -999.0 -999.0 249.92799101824767 -29.48847772472231 250.00790656952347 -29.54074171981818 78.89954912837833 95.81692105795287 5400.0 5400.0 2015.5 1 483 {-999.0 -999.0 -999.0 -999.0 -999.0} "" -999.0 -999.0 -999.0 -999.0 27021603175319419 853831468 "" ops_sky_boss_fallback ops_sky sky_boss 0 0 0.0 0.0 -999 ""
FIBERMAP 774 R-6C6 METROLOGY 0 0 0 1 0 0 -124.15795460051676 -102.33346619218194 143.1 70.75488632845439 -144.49725379730026 175.01776 66.41701 -999.0 -999.0 -999.0 -999.0 -999.0 249.93046726304175 -29.487913624314675 250.0103952774448 -29.54017171123424 78.89737976866434 95.81404412597664 -999.0 6231.0 -999.0 -1 -999 {-999.0 -999.0 -999.0 -999.0 -999.0} "" -999.0 -999.0 -999.0 -999.0 -999 -999 "" "" "" "" 0 0 0.0 0.0 -999 ""
FIBERMAP 775 R-7C2 APOGEE 0 0 0 1 0 0 -187.34279071035525 -116.3583233107035 143.1 69.74736073574962 -209.21001882297423 129.28133 57.947315 -999.0 -999.0 -999.0 -999.0 -999.0 249.92639803354123 -29.68324052253342 250.00698395444624 -29.735453366658643 78.90009991650415 96.82829610969736 -999.0 16600.0 -999.0 2 -999 {-999.0 -999.0 -999.0 -999.0 -999.0} "" -999.0 -999.0 -999.0 -999.0 -999 -999 "" "" "" "" 0 0 0.0 0.0 -999 ""
FIBERMAP 775 R-7C2 BOSS 1 1 0 1 0 0 -186.61875549489136 -116.23781846662006 143.1 69.79801510436862 -208.4777970582402 129.28133 57.947315 249.9263643367296 -29.68102814130004 -0.82873607 -3.2434351 -0.13567993 249.9266450675612 -29.6810761864063 250.00717566350295 -29.733288630933465 78.89995479539324 96.81704400803443 5400.0 5400.0 2016.0 1 455 {-999.0 14.985687 14.656089 14.488705 -999.0} sdss_psfmag_from_g3xp 14.93978 14.683194 14.142354 13.37 63050396382596243 1093711559 bright_1x1 mwm_astar_core_boss_single mwm_ob science 0 0 0.8971036076545715 0.0 -999 ""
FIBERMAP 775 R-7C2 METROLOGY 0 0 0 1 0 0 -186.8810301252495 -116.94677498997623 143.1 70.42682000401035 -208.897291811614 129.28133 57.947315 -999.0 -999.0 -999.0 -999.0 -999.0 249.92883102120072 -29.68236979083194 250.00937998835104 -29.734576705486294 78.89802815645041 96.82363612458482 -999.0 6231.0 -999.0 -1 -999 {-999.0 -999.0 -999.0 -999.0 -999.0} "" -999.0 -999.0 -999.0 -999.0 -999 -999 "" "" "" "" 0 0 0.0 0.0 -999 ""
FIBERMAP 777 R+4C22 APOGEE 0 0 0 1 0 0 235.92806045465267 71.8498912473695 143.1 -15.188445115885466 246.15025492818796 334.59024 116.99715 -999.0 -999.0 -999.0 -999.0 -999.0 249.63539306518092 -28.3041435646424 249.71156133065165 -28.35744546306254 79.08791369175133 89.54579913070313 -999.0 16600.0 -999.0 2 -999 {-999.0 -999.0 -999.0 -999.0 -999.0} "" -999.0 -999.0 -999.0 -999.0 -999 -999 "" "" "" "" 0 0 0.0 0.0 -999 ""
FIBERMAP 777 R+4C22 BOSS 1 1 0 1 0 0 235.89828361462682 71.01552469295507 143.1 -14.383745722500043 245.92783793401816 334.59024 116.99715 249.63821411132812 -28.304787880972697 -999.0 -999.0 -999.0 249.63820170241348 -28.304792709565447 249.71432588968764 -28.358092290059776 79.08556867851956 89.55063397414938 5400.0 5400.0 2015.5 1 246 {-999.0 -999.0 -999.0 -999.0 -999.0} "" -999.0 -999.0 -999.0 -999.0 27021603175325323 853832651 "" ops_sky_boss_fallback ops_sky sky_boss 0 0 0.0 0.0 -999 ""
FIBERMAP 777 R+4C22 METROLOGY 0 0 0 1 0 0 235.29405831181978 71.45297878891124 143.1 -14.949358169346233 245.44152330560135 334.59024 116.99715 -999.0 -999.0 -999.0 -999.0 -999.0 249.63623541938443 -28.306207987801397 249.71237683038748 -28.35951059278075 79.08743183597562 89.5570639416108 -999.0 6231.0 -999.0 -1 -999 {-999.0 -999.0 -999.0 -999.0 -999.0} "" -999.0 -999.0 -999.0 -999.0 -999 -999 "" "" "" "" 0 0 0.0 0.0 -999 ""
FIBERMAP 778 R-4C7 APOGEE 1 1 0 1 0 0 -100.71003164044038 -90.31287615036801 143.1 64.49877408510086 -118.90199770640544 339.23953 85.8167 249.90877645290703 -29.41034318803674 -2.4497435 -7.840754 0.14831136 249.9087695153252 -29.4103612686464 249.98848012464236 -29.462693307664956 78.9156150439479 95.41032335199975 16000.0 16600.0 2016.0 2 297 {-999.0 14.613621 13.177606 12.471894 -999.0} sdss_psfmag_from_g3xp 14.024191 13.03633 12.0548315 9.806 63050396382954544 1156251728 bright_1x1 mwm_galactic_core_dist_apogee_extra mwm_galactic science 0 0 0.0 0.0 -999 ""
FIBERMAP 778 R-4C7 BOSS 0 0 0 1 0 0 -101.12651549411916 -90.92417224385947 143.1 64.99682866583308 -119.4488514244549 339.23953 85.8167 -999.0 -999.0 -999.0 -999.0 -999.0 249.91058386828757 -29.412074204778516 249.9902520850984 -29.46440197103602 78.91409650220876 95.419322530881 -999.0 5400.0 -999.0 1 488 {-999.0 -999.0 -999.0 -999.0 -999.0} "" -999.0 -999.0 -999.0 -999.0 -999 -999 "" "" "" "" 0 0 0.0 0.0 -999 ""
FIBERMAP 778 R-4C7 METROLOGY 0 0 0 1 0 0 -101.45961051995911 -90.26713378750995 143.1 64.28048563451846 -119.62052091169303 339.23953 85.8167 -999.0 -999.0 -999.0 -999.0 -999.0 249.908082955611 -29.412607523754954 249.98776598642223 -29.46494101055887 78.91626838080364 95.42196832137222 -999.0 6231.0 -999.0 -1 -999 {-999.0 -999.0 -999.0 -999.0 -999.0} "" -999.0 -999.0 -999.0 -999.0 -999 -999 "" "" "" "" 0 0 0.0 0.0 -999 ""
FIBERMAP 782 R-9C4 APOGEE 0 0 0 1 0 0 -108.73249243068015 -164.86016686780192 143.1 135.15220928091844 -143.98979336214703 65.32459 81.420235 -999.0 -999.0 -999.0 -999.0 -999.0 250.15438657099594 -29.485906115234954 250.23439311545587 -29.53762337117727 78.70248235731418 95.80940196373194 -999.0 16600.0 -999.0 2 -999 {-999.0 -999.0 -999.0 -999.0 -999.0} "" -999.0 -999.0 -999.0 -999.0 -999 -999 "" "" "" "" 0 0 0.0 0.0 -999 ""
FIBERMAP 782 R-9C4 BOSS 1 1 0 1 0 0 -108.117209972311 -165.24591532471305 143.1 135.6700903878887 -143.4807350000327 65.32459 81.420235 250.15630313075786 -29.484403134904053 -7.7191644 -1.2450315 0.47648716 250.15628117524722 -29.4844023073195 250.2362340893544 -29.536115815421088 78.7008663512454 95.80178533835488 5400.0 5400.0 2016.0 1 466 {-999.0 17.259525 16.644608 16.357742 16.20102} sdss_psfmag_from_ps1dr2 17.0785 16.6335 15.9953 14.883 63050396382895862 1040588152 "" ops_std_boss_ps1dr2 ops_std standard_boss 0 0 0.0 0.0 -999 ""
FIBERMAP 782 R-9C4 METROLOGY 0 0 0 1 0 0 -108.76800261659913 -165.60731962560456 143.1 135.87074494122737 -144.19756628079656 65.32459 81.420235 -999.0 -999.0 -999.0 -999.0 -999.0 250.15698315386157 -29.4865871423428 250.23695715399958 -29.53829821653583 78.7002580339045 95.81295366343056 -999.0 6231.0 -999.0 -1 -999 {-999.0 -999.0 -999.0 -999.0 -999.0} "" -999.0 -999.0 -999.0 -999.0 -999 -999 "" "" "" "" 0 0 0.0 0.0 -999 ""
FIBERMAP 783 R+5C15 APOGEE 0 0 0 1 0 0 82.74071666596065 117.28451209463213 143.1 -94.90085399624529 107.67644643596778 136.44637 43.385952 -999.0 -999.0 -999.0 -999.0 -999.0 249.35800530437768 -28.721402676944496 249.4354149762039 -28.775255629264812 79.36828715704016 91.6510486483424 -999.0 16600.0 -999.0 2 -999 {-999.0 -999.0 -999.0 -999.0 -999.0} "" -999.0 -999.0 -999.0 -999.0 -999 -999 "" "" "" "" 0 0 0.0 0.0 -999 ""
FIBERMAP 783 R+5C15 BOSS 1 1 0 1 0 0 83.59252313596312 117.24533996220487 143.1 -94.66525449111253 108.49593159737556 136.44637 43.385952 249.3585805641412 -28.718863554952712 -18.069454 -8.079889 0.5377037 249.3588352926238 -28.71887055919018 249.43619141757938 -28.772725206017302 79.36742129163476 91.63764421796952 5400.0 5400.0 2016.0 1 221 {-999.0 15.967454 14.811594 14.21777 -999.0} sdss_psfmag_from_g3xp 15.545354 14.717926 13.81384 11.802 63050396383275835 1075959663 bright_1x1 mwm_erosita_stars_boss mwm_erosita science 0 0 0.9709577560424805 0.0 -999 ""
FIBERMAP 783 R+5C15 METROLOGY 0 0 0 1 0 0 83.12766743636186 116.64438139072705 143.1 -94.18847068512937 107.90442252880048 136.44637 43.385952 -999.0 -999.0 -999.0 -999.0 -999.0 249.36044432017204 -28.720657499658778 249.43781938461495 -28.774506924325514 79.36613009364628 91.64784591050181 -999.0 6231.0 -999.0 -1 -999 {-999.0 -999.0 -999.0 -999.0 -999.0} "" -999.0 -999.0 -999.0 -999.0 -999 -999 "" "" "" "" 0 0 0.0 0.0 -999 ""
FIBERMAP 785 R+5C13 APOGEE 1 1 0 1 0 0 30.45141821336248 115.30735586088966 143.1 -105.10120340218609 56.35529287608134 138.66995 70.883514 249.32156189762662 -28.876829911243778 -2.1190267 -5.3460355 0.119550556 249.32154903966793 -28.87685047386737 249.39943783170588 -28.930747615668675 79.4100823760937 92.48222450576691 16000.0 16600.0 2016.0 2 150 {-999.0 15.924844 14.219339 13.192042 -999.0} sdss_psfmag_from_g3xp 15.15089 13.849725 12.724824 9.968 63050396383269143 1153033107 bright_1x1 mwm_galactic_core_dist_apogee_sparse mwm_galactic science 0 0 0.0 0.0 -999 ""
FIBERMAP 785 R+5C13 BOSS 0 0 0 1 0 0 31.089079446216235 115.69174477669172 143.1 -105.32726009368206 57.06468010815183 138.66995 70.883514 -999.0 -999.0 -999.0 -999.0 -999.0 249.32076641625878 -28.87466287156946 249.3986024279542 -28.928564895294155 79.41068255231238 92.4701318477222 -999.0 5400.0 -999.0 1 154 {-999.0 -999.0 -999.0 -999.0 -999.0} "" -999.0 -999.0 -999.0 -999.0 -999 -999 "" "" "" "" 0 0 0.0 0.0 -999 ""
FIBERMAP 785 R+5C13 METROLOGY 0 0 0 1 0 0 31.109770013672964 114.94675938360251 143.1 -104.59780221058357 56.9120771863475 138.66995 70.883514 -999.0 -999.0 -999.0 -999.0 -999.0 249.32326289092532 -28.875131913409327 249.40111390686695 -28.92902712214159 79.40851584840173 92.47335402683973 -999.0 6231.0 -999.0 -1 -999 {-999.0 -999.0 -999.0 -999.0 -999.0} "" -999.0 -999.0 -999.0 -999.0 -999 -999 "" "" "" "" 0 0 0.0 0.0 -999 ""
FIBERMAP 788 R+7C6 APOGEE 0 0 0 1 0 0 -110.42894827720104 127.53982221751396 143.1 -149.66383967265145 -77.84540219670713 217.91469 119.8885 -999.0 -999.0 -999.0 -999.0 -999.0 249.16420770402198 -29.283037449252568 249.24333913842815 -29.337199318775635 79.56254261178545 94.67831185737498 -999.0 16600.0 -999.0 2 -999 {-999.0 -999.0 -999.0 -999.0 -999.0} "" -999.0 -999.0 -999.0 -999.0 -999 -999 "" "" "" "" 0 0 0.0 0.0 -999 ""
FIBERMAP 788 R+7C6 BOSS 1 1 0 1 0 0 -111.15098387974739 127.82399100960507 143.1 -150.10766372728756 -78.48185306816511 217.91469 119.8885 249.1626977472606 -29.28495831320311 -20.995783 -13.948322 0.7516799 249.16263539020554 -29.2849832139688 249.2417272916233 -29.339149114914992 79.56398690371567 94.68891610974845 5400.0 5400.0 2016.0 1 69 {-999.0 16.4538 15.702552 15.355877 -999.0} sdss_psfmag_ps1 16.193382 15.670693 14.973588 13.64 63050396382788130 1072946144 bright_1x1 mwm_halo_local_high_boss_single mwm_halo science 0 0 0.0 0.0 -999 ""
FIBERMAP 788 R+7C6 METROLOGY 0 0 0 1 0 0 -110.54920342869548 128.27808837232206 143.1 -150.40984623483058 -77.79120542516686 217.91469 119.8885 -999.0 -999.0 -999.0 -999.0 -999.0 249.16156729127874 -29.282892134652716 249.24066516143068 -29.3370609687512 79.56487036107197 94.67728656639946 -999.0 6231.0 -999.0 -1 -999 {-999.0 -999.0 -999.0 -999.0 -999.0} "" -999.0 -999.0 -999.0 -999.0 -999 -999 "" "" "" "" 0 0 0.0 0.0 -999 ""
FIBERMAP 794 R-11C15 APOGEE 0 0 0 1 0 0 141.5657613934905 -197.15700966275892 143.1 224.60097046360593 91.99160681818712 131.41203 86.68893 -999.0 -999.0 -999.0 -999.0 -999.0 250.46171874648832 -28.770448837735692 250.5395194272429 -28.821623548697914 78.40672817502883 92.25885600530995 -999.0 16600.0 -999.0 2 -999 {-999.0 -999.0 -999.0 -999.0 -999.0} "" -999.0 -999.0 -999.0 -999.0 -999 -999 "" "" "" "" 0 0 0.0 0.0 -999 ""
FIBERMAP 794 R-11C15 BOSS 1 1 0 1 0 0 142.096630975128 -196.70093715492845 143.1 224.28042561738937 92.61373613445987 131.41203 86.68893 250.460689861225 -28.7685032616121 -2.5213943 -6.417993 0.09613666 250.46068151277143 -28.768556290785984 250.53842593658646 -28.81973725216286 78.40754635270869 92.24914722210121 5400.0 5400.0 2016.0 1 332 {-999.0 17.22734 16.352716 16.017853 -999.0} sdss_psfmag_ps1 16.909163 16.319532 15.570979 14.105 63050396383141901 1076077497 bright_1x1 mwm_halo_mp_xp_boss_single mwm_halo science 0 0 0.0 0.0 -999 ""
FIBERMAP 794 R-11C15 METROLOGY 0 0 0 1 0 0 142.2624619502048 -197.42923484724795 143.1 225.02730268548538 92.60618302782026 131.41203 86.68893 -999.0 -999.0 -999.0 -999.0 -999.0 250.46327404705625 -28.76856138565861 250.54103319209037 -28.819735159616847 78.40526795266963 92.24996526268615 -999.0 6231.0 -999.0 -1 -999 {-999.0 -999.0 -999.0 -999.0 -999.0} "" -999.0 -999.0 -999.0 -999.0 -999 -999 "" "" "" "" 0 0 0.0 0.0 -999 ""
FIBERMAP 797 R0C6 APOGEE 0 0 0 1 0 0 -200.48401319283334 4.6144289652496155 143.1 -50.97187168840302 -193.94451610316273 235.10548 28.619955 -999.0 -999.0 -999.0 -999.0 -999.0 249.50570275226684 -29.636385048515216 249.58603950408053 -29.689625979004823 79.26613466425253 96.60537300741913 -999.0 16600.0 -999.0 2 -999 {-999.0 -999.0 -999.0 -999.0 -999.0} "" -999.0 -999.0 -999.0 -999.0 -999 -999 "" "" "" "" 0 0 0.0 0.0 -999 ""
FIBERMAP 797 R0C6 BOSS 1 1 0 1 0 0 -200.34405997446822 5.465558297228615 143.1 -51.7673315300442 -193.6110420255339 235.10548 28.619955 249.50303906275673 -29.635384374359898 -22.18102 -14.597187 0.6264407 249.50296431168653 -29.635419455458095 249.5832505371145 -29.688666860264416 79.26856674170982 96.60034975029345 5400.0 5400.0 2016.0 1 451 {-999.0 17.940887 17.024292 16.56779 -999.0} sdss_psfmag_ps1 17.52043 16.955082 16.211628 14.795 63050396382606797 944624383 bright_1x1 openfibertargets_nov2020_6c open_fiber science 0 0 0.0 0.0 -999 ""
FIBERMAP 797 R0C6 METROLOGY 0 0 0 1 0 0 -199.81317649057243 4.94530104883446 143.1 -51.138179679741235 -193.21526667198248 235.10548 28.619955 -999.0 -999.0 -999.0 -999.0 -999.0 249.50513965866182 -29.634263199060218 249.58543597232267 -29.687505801890648 79.26667947107262 96.59401684635066 -999.0 6231.0 -999.0 -1 -999 {-999.0 -999.0 -999.0 -999.0 -999.0} "" -999.0 -999.0 -999.0 -999.0 -999 -999 "" "" "" "" 0 0 0.0 0.0 -999 ""
FIBERMAP 798 R+9C9 APOGEE 1 1 0 1 0 0 -17.93925208403344 188.31816567616656 143.1 -187.33977434546406 26.212781996800565 131.51884 101.03104 249.0364879889401 -28.966660364992062 4.6087384 -0.8261945 0.6137915 249.03650197993434 -28.96667276355603 249.11460543376177 -29.021230056358874 79.663822278402 92.90496162299769 16000.0 16600.0 2016.0 2 135 {-999.0 13.780568 12.592883 12.033769 -999.0} sdss_psfmag_from_g3xp 13.343988 12.52749 11.637738 9.704 63050396382838223 1104702240 bright_1x1 mwm_tess_rgb_apogee mwm_tessrgb science 0 0 0.0 0.0 -999 ""
FIBERMAP 798 R+9C9 BOSS 0 0 0 1 0 0 -17.495623148719297 188.93738780047175 143.1 -187.8392449803978 26.78787791718969 131.51884 101.03104 -999.0 -999.0 -999.0 -999.0 -999.0 249.03477399635736 -28.964907639704386 249.11282682246008 -29.019471525729152 79.66528817309401 92.89474080789842 -999.0 5400.0 -999.0 1 130 {-999.0 -999.0 -999.0 -999.0 -999.0} "" -999.0 -999.0 -999.0 -999.0 -999 -999 "" "" "" "" 0 0 0.0 0.0 -999 ""
FIBERMAP 798 R+9C9 METROLOGY 0 0 0 1 0 0 -17.174006354441282 188.25648987454775 143.1 -187.10235470673788 26.9428503718607 131.51884 101.03104 -999.0 -999.0 -999.0 -999.0 -999.0 249.03727929275874 -28.96445160859222 249.115343942192 -29.019009053718865 79.6630667412252 92.89277800297384 -999.0 6231.0 -999.0 -1 -999 {-999.0 -999.0 -999.0 -999.0 -999.0} "" -999.0 -999.0 -999.0 -999.0 -999 -999 "" "" "" "" 0 0 0.0 0.0 -999 ""
FIBERMAP 801 R+7C20 APOGEE 0 0 0 1 0 0 200.98880435536648 146.56693006630246 143.1 -95.96791041022094 229.48777469938818 159.6706 94.006996 -999.0 -999.0 -999.0 -999.0 -999.0 249.35743184941086 -28.353552413550453 249.43369337263255 -28.40750977104597 79.33640135460419 89.66812727052758 -999.0 16600.0 -999.0 2 89 {-999.0 -999.0 -999.0 -999.0 -999.0} "" -999.0 -999.0 -999.0 -999.0 -999 -999 "" ops_sky_apogee_best_unassigned ops_sky sky_apogee 0 0 0.0 0.0 -999 ""
FIBERMAP 801 R+7C20 BOSS 1 1 0 1 0 0 201.1867941497903 147.2623251279132 143.1 -96.59842862952901 229.84159413896387 159.6706 94.006996 249.35531616210932 -28.352461998151412 -999.0 -999.0 -999.0 249.3553135455599 -28.352461635774553 249.43152557328642 -28.406428747836127 79.33818054676163 89.66120834568585 5400.0 5400.0 2015.5 1 263 {-999.0 -999.0 -999.0 -999.0 -999.0} "" -999.0 -999.0 -999.0 -999.0 27021603175325487 853832687 "" ops_sky_boss_fallback ops_sky sky_boss 0 0 0.0 0.0 -999 ""
FIBERMAP 801 R+7C20 METROLOGY 0 0 0 1 0 0 201.70660489742772 146.7424152571891 143.1 -95.9721819552227 230.22667938471227 159.6706 94.006996 -999.0 -999.0 -999.0 -999.0 -999.0 249.35744372953425 -28.35127007091049 249.43366545010485 -28.405231161828087 79.33618012351155 89.65587086315963 -999.0 6231.0 -999.0 -1 -999 {-999.0 -999.0 -999.0 -999.0 -999.0} "" -999.0 -999.0 -999.0 -999.0 -999 -999 "" "" "" "" 0 0 0.0 0.0 -999 ""
FIBERMAP 803 R-5C19 APOGEE 0 0 0 1 0 0 179.1087524854496 -91.59677339979041 143.1 130.62518582244496 152.985075978978 19.103941 124.3456 -999.0 -999.0 -999.0 -999.0 -999.0 250.13747966294554 -28.586020632291696 250.21463413080585 -28.63803164495057 78.67598804192329 91.22266314742956 -999.0 16600.0 -999.0 2 -999 {-999.0 -999.0 -999.0 -999.0 -999.0} "" -999.0 -999.0 -999.0 -999.0 -999 -999 "" "" "" "" 0 0 0.0 0.0 -999 ""
FIBERMAP 803 R-5C19 BOSS 1 1 0 1 0 0 179.7093533413469 -92.02399835650856 143.1 131.18000785382173 153.4702367256896 19.103941 124.3456 250.13946533203125 -28.584517399828215 -999.0 -999.0 -999.0 250.13947352475702 -28.584511842113567 250.21657491741598 -28.636522231087657 78.67415880291571 91.21576738643643 5400.0 5400.0 2015.5 1 313 {-999.0 -999.0 -999.0 -999.0 -999.0} "" -999.0 -999.0 -999.0 -999.0 27021603175324081 853832402 "" ops_sky_boss_fallback ops_sky sky_boss 0 0 0.0 0.0 -999 ""
FIBERMAP 803 R-5C19 METROLOGY 0 0 0 1 0 0 179.03485945772456 -92.3411107139496 143.1 131.33208357478944 152.74062015763167 19.103941 124.3456 -999.0 -999.0 -999.0 -999.0 -999.0 250.140013484214 -28.58669643505547 250.21713565651987 -28.638703830483294 78.67385991039032 91.22705282623406 -999.0 6231.0 -999.0 -1 -999 {-999.0 -999.0 -999.0 -999.0 -999.0} "" -999.0 -999.0 -999.0 -999.0 -999 -999 "" "" "" "" 0 0 0.0 0.0 -999 ""
FIBERMAP 810 R+10C16 APOGEE 0 0 0 1 0 0 134.90366171636015 192.63821201440587 143.1 -156.10448104637805 175.88745365119598 257.6784 20.218906 -999.0 -999.0 -999.0 -999.0 -999.0 249.14909868989108 -28.51438721993133 249.2258138685421 -28.568800510651627 79.53435986284396 90.44353895729654 -999.0 16600.0 -999.0 2 -999 {-999.0 -999.0 -999.0 -999.0 -999.0} "" -999.0 -999.0 -999.0 -999.0 -999 -999 "" "" "" "" 0 0 0.0 0.0 -999 ""
FIBERMAP 810 R+10C16 BOSS 1 1 0 1 0 0 134.78718233213692 193.3759619147517 143.1 -156.8491100059301 175.94520348284433 257.6784 20.218906 249.14657592773435 -28.51418391385603 -999.0 -999.0 -999.0 249.14656399050554 -28.514176805791056 249.22323302861105 -28.568599920681564 79.53659809513363 90.44128181592583 5400.0 5400.0 2015.5 1 185 {-999.0 -999.0 -999.0 -999.0 -999.0} "" -999.0 -999.0 -999.0 -999.0 27021603175324992 853832588 "" ops_sky_boss_fallback ops_sky sky_boss 0 0 0.0 0.0 -999 ""
FIBERMAP 810 R+10C16 METROLOGY 0 0 0 1 0 0 135.48275095929188 193.1116609192698 143.1 -156.43074822905572 176.56051591159047 257.6784 20.218906 -999.0 -999.0 -999.0 -999.0 -999.0 249.1479818562605 -28.51229782706704 249.22465808774734 -28.56671702458256 79.53517711426777 90.43159918266446 -999.0 6231.0 -999.0 -1 -999 {-999.0 -999.0 -999.0 -999.0 -999.0} "" -999.0 -999.0 -999.0 -999.0 -999 -999 "" "" "" "" 0 0 0.0 0.0 -999 ""
FIBERMAP 811 R-13C1 APOGEE 0 0 0 1 0 0 -158.98679941662868 -253.98155992914167 143.1 210.1904468519905 -213.53635033346916 189.6607 115.00945 -999.0 -999.0 -999.0 -999.0 -999.0 250.41426378029442 -29.694191534703574 250.49499446522248 -29.74522126657649 78.47630390242452 96.86055583239636 -999.0 16600.0 -999.0 2 154 {-999.0 -999.0 -999.0 -999.0 -999.0} "" -999.0 -999.0 -999.0 -999.0 -999 -999 "" ops_sky_apogee_best_unassigned ops_sky sky_apogee 0 0 0.0 0.0 -999 ""
FIBERMAP 811 R-13C1 BOSS 1 1 0 1 0 0 -159.40886115601742 -253.37040076336282 143.1 209.49810400238087 -213.8051967081645 189.6607 115.00945 250.4118914162708 -29.694985961410794 -2.9672408 -4.97205 2.9491956 250.4118758470891 -29.69498185546388 250.49255819843563 -29.74601687008028 78.4784140830062 96.86460564009974 5400.0 5400.0 2016.0 1 435 {-999.0 19.259365 17.741022 16.39399 -999.0} sdss_psfmag_ps1 18.60058 17.086819 15.89768 13.475 63050396382871726 1075874772 dark_flexible_2x1 mwm_erosita_stars_boss mwm_erosita science 0 0 0.0 0.0 -999 ""
FIBERMAP 811 R-13C1 METROLOGY 0 0 0 1 0 0 -158.67448695451083 -253.30495370967316 143.1 209.60471122311034 -213.0756834811948 189.6607 115.00945 -999.0 -999.0 -999.0 -999.0 -999.0 250.41228786896565 -29.692833131836952 250.4929776788524 -29.743867837913964 78.47806337071243 96.85383526264906 -999.0 6231.0 -999.0 -1 -999 {-999.0 -999.0 -999.0 -999.0 -999.0} "" -999.0 -999.0 -999.0 -999.0 -999 -999 "" "" "" "" 0 0 0.0 0.0 -999 ""
FIBERMAP 812 R-8C7 APOGEE 0 0 0 1 0 0 -53.20228999333466 -151.76566956716795 143.1 135.28994316013265 -86.93853696469027 23.8799 106.672676 -999.0 -999.0 -999.0 -999.0 -999.0 250.1549832877975 -29.313223610999948 250.23443946638508 -29.364987954868823 78.69950865725306 94.9284126729554 -999.0 16600.0 -999.0 2 -999 {-999.0 -999.0 -999.0 -999.0 -999.0} "" -999.0 -999.0 -999.0 -999.0 -999 -999 "" "" "" "" 0 0 0.0 0.0 -999 ""
FIBERMAP 812 R-8C7 BOSS 1 1 0 1 0 0 -52.69683856802055 -152.45003764413372 143.1 136.07283199393152 -86.60554983949491 23.8799 106.672676 250.1578060132236 -29.312232883807514 -0.6939966 -5.242894 0.4145554 250.1578131405016 -29.312242625766718 250.237217646315 -29.364001458222468 78.69706390635147 94.92368411103519 5400.0 5400.0 2016.0 1 373 {-999.0 17.418304 16.750942 16.668364 -999.0} sdss_psfmag_ps1 17.244333 16.819086 16.17566 14.999 63050396382959877 982189436 "" ops_std_boss_tic ops_std standard_boss 0 0 0.0 0.0 -999 ""
FIBERMAP 812 R-8C7 METROLOGY 0 0 0 1 0 0 -53.43790070676174 -152.47558914607424 143.1 135.92586701867174 -87.33231853739335 23.8799 106.672676 -999.0 -999.0 -999.0 -999.0 -999.0 250.15730730560628 -29.314456818797655 250.23673268237917 -29.366215946868483 78.69754076402448 94.93492665494654 -999.0 6231.0 -999.0 -1 -999 {-999.0 -999.0 -999.0 -999.0 -999.0} "" -999.0 -999.0 -999.0 -999.0 -999 -999 "" "" "" "" 0 0 0.0 0.0 -999 ""
FIBERMAP 813 R+1C24 APOGEE 1 1 0 1 0 0 238.45744573154965 11.638021998344406 143.1 43.967172596733604 234.65017650614433 234.10535 160.6888 249.83871459960935 -28.339217042294152 -999.0 -999.0 -999.0 249.83870993325687 -28.33920399178455 249.91503038113717 -28.39200580605543 78.91380455067329 89.82951333296955 16000.0 16600.0 2015.5 2 112 {-999.0 -999.0 -999.0 -999.0 -999.0} "" -999.0 -999.0 -999.0 -999.0 27021603175325262 848663398 "" ops_sky_apogee_best ops_sky sky_apogee 0 0 0.0 0.0 -999 ""
FIBERMAP 813 R+1C24 BOSS 0 0 0 1 0 0 237.871799316957 11.220447165018992 143.1 44.23756975068804 233.9836906815492 234.10535 160.6888 -999.0 -999.0 -999.0 -999.0 -999.0 249.83969286194466 -28.341177519672577 249.9159721811742 -28.393980978707884 78.91319593676054 89.84019305537777 -999.0 5400.0 -999.0 1 191 {-999.0 -999.0 -999.0 -999.0 -999.0} "" -999.0 -999.0 -999.0 -999.0 -999 -999 "" "" "" "" 0 0 0.0 0.0 -999 ""
FIBERMAP 813 R+1C24 METROLOGY 0 0 0 1 0 0 237.77226535445834 11.93932078772553 143.1 43.51523097541396 234.05354705899177 234.10535 160.6888 -999.0 -999.0 -999.0 -999.0 -999.0 249.8372037903167 -28.340923846695098 249.9134952625384 -28.393732087143455 78.9153348854703 89.83767378109314 -999.0 6231.0 -999.0 -1 -999 {-999.0 -999.0 -999.0 -999.0 -999.0} "" -999.0 -999.0 -999.0 -999.0 -999 -999 "" "" "" "" 0 0 0.0 0.0 -999 ""
FIBERMAP 815 R-12C7 APOGEE 0 0 0 1 0 0 -35.40095038584431 -224.74553120244124 143.1 210.4061037521294 -86.54364143668563 164.37234 99.44552 -999.0 -999.0 -999.0 -999.0 -999.0 250.4151202592136 -29.31109512368881 250.49462558858352 -29.36223056561585 78.47275333730114 94.94371536447636 -999.0 16600.0 -999.0 2 -999 {-999.0 -999.0 -999.0 -999.0 -999.0} "" -999.0 -999.0 -999.0 -999.0 -999 -999 "" "" "" "" 0 0 0.0 0.0 -999 ""
FIBERMAP 815 R-12C7 BOSS 1 1 0 1 0 0 -35.34460709767258 -224.05189036815426 143.1 209.74445037070583 -86.32801082281985 164.37234 99.44552 250.4125898397583 -29.31046004427503 -3.9642031 -1.436139 -0.12220426 250.4129248049751 -29.310467465620324 250.49237751076782 -29.36160956089529 78.47469547390429 94.94034863201318 5400.0 5400.0 2016.0 1 366 {-999.0 14.841379 14.142299 13.847814 -999.0} sdss_psfmag_from_g3xp 14.648588 14.191954 13.497179 12.326 63050396382931107 1093711566 bright_1x1 mwm_astar_core_boss_single mwm_ob science 0 0 1.0723657608032227 0.0 -999 ""
FIBERMAP 815 R-12C7 METROLOGY 0 0 0 1 0 0 -34.720046400054784 -224.43590565612433 143.1 210.2627968045354 -85.80952550603773 164.37234 99.44552 -999.0 -999.0 -999.0 -999.0 -999.0 250.41473699291095 -29.308903689789773 250.4941993085165 -29.360041512510378 78.47306653254718 94.93271530014829 -999.0 6231.0 -999.0 -1 -999 {-999.0 -999.0 -999.0 -999.0 -999.0} "" -999.0 -999.0 -999.0 -999.0 -999 -999 "" "" "" "" 0 0 0.0 0.0 -999 ""
FIBERMAP 817 R+10C12 APOGEE 0 0 0 1 0 0 63.88226774501683 210.8377024348373 143.1 -190.27415726411212 111.0233224279046 129.47313 84.926476 -999.0 -999.0 -999.0 -999.0 -999.0 249.0292665759349 -28.70981131317708 249.10656361008068 -28.764457827200946 79.65495673461704 91.47475079864847 -999.0 16600.0 -999.0 2 -999 {-999.0 -999.0 -999.0 -999.0 -999.0} "" -999.0 -999.0 -999.0 -999.0 -999 -999 "" "" "" "" 0 0 0.0 0.0 -999 ""
FIBERMAP 817 R+10C12 BOSS 1 1 0 1 0 0 64.56695428429082 211.25769963959294 143.1 -190.52394769831636 111.78670799925234 129.47313 84.926476 249.02848878925587 -28.70747929918391 -17.556684 -3.5486012 0.5396819 249.02843848098496 -28.707473554717968 249.10568348211007 -28.76212562108946 79.65555304860753 91.4614800480004 5400.0 5400.0 2016.0 1 147 {-999.0 17.359562 16.375557 15.910792 -999.0} sdss_psfmag_ps1 16.941923 16.280155 15.474441 13.857 63050396383282207 1074641494 dark_flexible_2x1 mwm_halo_local_high_boss mwm_halo science 0 0 0.0 0.0 -999 ""
FIBERMAP 817 R+10C12 METROLOGY 0 0 0 1 0 0 64.56339578289872 210.52857007999998 143.1 -189.81553535049775 111.61419383626044 129.47313 84.926476 -999.0 -999.0 -999.0 -999.0 -999.0 249.03082166686434 -28.707990697458605 249.10808146046918 -28.7626360700425 79.65349466703468 91.4651843984351 -999.0 6231.0 -999.0 -1 -999 {-999.0 -999.0 -999.0 -999.0 -999.0} "" -999.0 -999.0 -999.0 -999.0 -999 -999 "" "" "" "" 0 0 0.0 0.0 -999 ""
FIBERMAP 822 R+8C14 APOGEE 0 0 0 1 0 0 96.65296417951508 165.43147532373658 143.1 -138.50863709592866 132.37228052033555 50.330517 122.7121 -999.0 -999.0 -999.0 -999.0 -999.0 249.2081874947617 -28.646055214942766 249.2853270885322 -28.70028962418815 79.49371146873652 91.1881797415586 -999.0 16600.0 -999.0 2 -999 {-999.0 -999.0 -999.0 -999.0 -999.0} "" -999.0 -999.0 -999.0 -999.0 -999 -999 "" "" "" "" 0 0 0.0 0.0 -999 ""
FIBERMAP 822 R+8C14 BOSS 1 1 0 1 0 0 97.34195329400174 165.3570063441975 143.1 -138.27645382393638 133.0252065480545 50.330517 122.7121 249.2090204256656 -28.64403149154223 -1.1726223 -1.8814548 0.18830904 249.20900497226046 -28.644039726884436 249.286093259248 -28.69827594465036 79.49287929937489 91.17746982852736 5400.0 5400.0 2016.0 1 168 {-999.0 18.935696 17.961788 17.465918 17.125906} sdss_psfmag_from_ps1dr2 18.5334 17.9272 17.063 15.69 63050396383283131 1040588560 "" ops_std_boss_ps1dr2 ops_std standard_boss 0 0 0.0 0.0 -999 ""
FIBERMAP 822 R+8C14 METROLOGY 0 0 0 1 0 0 96.94628312785429 164.74338941969458 143.1 -137.77131595998512 132.4980605797672 50.330517 122.7121 -999.0 -999.0 -999.0 -999.0 -999.0 249.21069515077681 -28.645623663273376 249.28780158003485 -28.699854460659438 79.49151298507223 91.18675971008469 -999.0 6231.0 -999.0 -1 -999 {-999.0 -999.0 -999.0 -999.0 -999.0} "" -999.0 -999.0 -999.0 -999.0 -999 -999 "" "" "" "" 0 0 0.0 0.0 -999 ""
FIBERMAP 823 R-1C16 APOGEE 1 1 0 1 0 0 46.794934386556186 -20.616309504803944 143.1 30.90352007234813 40.73826631356856 148.76427 149.66718 249.79288068178934 -28.92573334836556 -2.6666005 -4.3065863 0.031564135 249.7928848704707 -28.925746359337673 249.87103425131897 -28.97849414172687 79.00089822790218 92.86459451676029 16000.0 16600.0 2016.0 2 219 {-999.0 15.508272 13.948825 13.181442 -999.0} sdss_psfmag_from_g3xp 14.846721 13.776441 12.758725 10.293 63050396383218234 1156251796 bright_1x1 mwm_galactic_core_dist_apogee_extra mwm_galactic science 0 0 0.0 0.0 -999 ""
FIBERMAP 823 R-1C16 BOSS 0 0 0 1 0 0 46.436960844382305 -19.98096495253168 143.1 30.20251086838501 40.53736719471844 148.76427 149.66718 -999.0 -999.0 -999.0 -999.0 -999.0 249.79052094155136 -28.926324324535027 249.86862405897512 -28.979080010736013 79.00303649771348 92.86703371106046 -999.0 5400.0 -999.0 1 316 {-999.0 -999.0 -999.0 -999.0 -999.0} "" -999.0 -999.0 -999.0 -999.0 -999 -999 "" "" "" "" 0 0 0.0 0.0 -999 ""
FIBERMAP 823 R-1C16 METROLOGY 0 0 0 1 0 0 47.17559212112418 -19.980395719327472 143.1 30.373212935849633 41.25597907153764 148.76427 149.66718 -999.0 -999.0 -999.0 -999.0 -999.0 249.79110703654504 -28.924140160792156 249.86921687678205 -28.97689438228252 79.0023946192263 92.8557492487264 -999.0 6231.0 -999.0 -1 -999 {-999.0 -999.0 -999.0 -999.0 -999.0} "" -999.0 -999.0 -999.0 -999.0 -999 -999 "" "" "" "" 0 0 0.0 0.0 -999 ""
FIBERMAP 826 R+6C9 APOGEE 0 0 0 1 0 0 -39.481482020685654 135.22226102109607 143.1 -140.68712099008948 -7.052312505979583 121.265495 59.58043 -999.0 -999.0 -999.0 -999.0 -999.0 249.19686651457104 -29.068582133969127 249.27532897908156 -29.12272549997188 79.52808112807332 93.50159889492772 -999.0 16600.0 -999.0 2 -999 {-999.0 -999.0 -999.0 -999.0 -999.0} "" -999.0 -999.0 -999.0 -999.0 -999 -999 "" "" "" "" 0 0 0.0 0.0 -999 ""
FIBERMAP 826 R+6C9 BOSS 1 1 0 1 0 0 -38.74932805285297 135.2365907140471 143.1 -140.53130576884567 -6.336810784618308 121.265495 59.58043 249.19736273559877 -29.066399394565558 9.412472 1.2707704 2.9771056 249.19739340327052 -29.066415800127807 249.27580383125644 -29.12056013098866 79.52757808556007 93.48978873224877 5400.0 5400.0 2016.0 1 135 {-999.0 22.121851 20.301538 18.690838 -999.0} sdss_psfmag_ps1 20.950228 19.397549 18.070486 15.254 63050396382798751 1096439092 bright_1x1 mwm_bin_vis_boss mwm_filler science 0 0 0.0 0.0 -999 ""
FIBERMAP 826 R+6C9 METROLOGY 0 0 0 1 0 0 -39.090757782322264 134.58442657051233 143.1 -139.976096386243 -6.820133494041166 121.265495 59.58043 -999.0 -999.0 -999.0 -999.0 -999.0 249.199274273811 -29.067895136441493 249.27770265346408 -29.122034066411665 79.52598102287224 93.49826405130142 -999.0 6231.0 -999.0 -1 -999 {-999.0 -999.0 -999.0 -999.0 -999.0} "" -999.0 -999.0 -999.0 -999.0 -999 -999 "" "" "" "" 0 0 0.0 0.0 -999 ""
FIBERMAP 829 R-13C9 APOGEE 1 1 0 1 0 0 39.31958292321793 -243.51217317477227 143.1 245.9851244966564 -18.212788244602073 35.048706 138.70642 250.5371698352313 -29.10371495262047 0.70190144 -1.5136371 0.18788832 250.53715385468075 -29.103734441763475 250.61602483521563 -29.154632632449655 78.3594980061608 93.92933679388807 16000.0 16600.0 2016.0 2 157 {-999.0 15.363218 13.835832 13.123097 -999.0} sdss_psfmag_from_g3xp 14.717778 13.698204 12.706076 10.354 63050396382943345 1153032821 bright_1x1 mwm_galactic_core_dist_apogee_sparse mwm_galactic science 0 0 0.0 0.0 -999 ""
FIBERMAP 829 R-13C9 BOSS 0 0 0 1 0 0 40.07716552002165 -243.60239980942526 143.1 246.2485393030228 -17.496793605791794 35.048706 138.70642 -999.0 -999.0 -999.0 -999.0 -999.0 250.5381242752636 -29.10156322273586 250.61693801717547 -29.152461663638068 78.35860372016529 93.91876615018259 -999.0 5400.0 -999.0 1 438 {-999.0 -999.0 -999.0 -999.0 -999.0} "" -999.0 -999.0 -999.0 -999.0 -999 -999 "" "" "" "" 0 0 0.0 0.0 -999 ""
FIBERMAP 829 R-13C9 METROLOGY 0 0 0 1 0 0 39.615610454131726 -244.2104395596768 143.1 246.732976368953 -18.08673389942321 35.048706 138.70642 -999.0 -999.0 -999.0 -999.0 -999.0 250.53983229298316 -29.103344720634656 250.6186663603778 -29.154237953178676 78.35717574654782 93.92789598800852 -999.0 6231.0 -999.0 -1 -999 {-999.0 -999.0 -999.0 -999.0 -999.0} "" -999.0 -999.0 -999.0 -999.0 -999 -999 "" "" "" "" 0 0 0.0 0.0 -999 ""
FIBERMAP 833 R0C10 APOGEE 0 0 0 1 0 0 -75.23715336623752 -2.675474398069189 143.1 -14.841670626746469 -73.80485276359211 1.671675 105.2834 -999.0 -999.0 -999.0 -999.0 -999.0 249.63289530504565 -29.273210626107023 249.71210696005755 -29.326246811183797 79.1537291111783 94.66864264732317 -999.0 16600.0 -999.0 2 -999 {-999.0 -999.0 -999.0 -999.0 -999.0} "" -999.0 -999.0 -999.0 -999.0 -999 -999 "" "" "" "" 0 0 0.0 0.0 -999 ""
FIBERMAP 833 R0C10 BOSS 1 1 0 1 0 0 -75.01608937759768 -3.3680619740665696 143.1 -14.116723348103442 -73.75040013769512 1.671675 105.2834 249.63546752929688 -29.27310097591183 -999.0 -999.0 -999.0 249.63545650865973 -29.2730960681509 249.71462126742347 -29.32612711889449 79.15153474753768 94.66829249020094 5400.0 5400.0 2015.5 1 448 {-999.0 -999.0 -999.0 -999.0 -999.0} "" -999.0 -999.0 -999.0 -999.0 27021603175323166 853832220 "" ops_sky_boss_fallback ops_sky sky_boss 0 0 0.0 0.0 -999 ""
FIBERMAP 833 R0C10 METROLOGY 0 0 0 1 0 0 -75.750702698493 -3.219317482180823 143.1 -14.43173396984161 -74.43048445890925 1.671675 105.2834 -999.0 -999.0 -999.0 -999.0 -999.0 249.63433771056452 -29.275163754051764 249.71352212375928 -29.328196630715805 79.1525433146052 94.67916090331039 -999.0 6231.0 -999.0 -1 -999 {-999.0 -999.0 -999.0 -999.0 -999.0} "" -999.0 -999.0 -999.0 -999.0 -999 -999 "" "" "" "" 0 0 0.0 0.0 -999 ""
FIBERMAP 834 R+2C24 APOGEE 0 0 0 1 0 0 260.85787191204355 46.64646623038192 143.1 15.107494131022628 264.5563755679102 51.498722 91.1901 -999.0 -999.0 -999.0 -999.0 -999.0 249.73964783097614 -28.249132535474704 249.8156670025885 -28.302198555219444 78.99055369471078 89.31232637140101 -999.0 16600.0 -999.0 2 -999 {-999.0 -999.0 -999.0 -999.0 -999.0} "" -999.0 -999.0 -999.0 -999.0 -999 -999 "" "" "" "" 0 0 0.0 0.0 -999 ""
FIBERMAP 834 R+2C24 BOSS 1 1 0 1 0 0 261.4933160085077 46.16905337690912 143.1 15.719213429319906 265.0637926168724 51.498722 91.1901 249.74177661888004 -28.247573028326 18.72458 -5.12073 6.698633 249.7417983714112 -28.247611164879878 249.81776619081995 -28.300677310298283 78.98854017293976 89.30554793361227 5400.0 5400.0 2016.0 1 193 {-999.0 18.463366 16.96337 15.646825 -999.0} sdss_psfmag_ps1 17.833603 16.309334 15.10558 12.832 63050396383302621 1075848852 bright_1x1 mwm_erosita_stars_boss mwm_erosita science 0 0 0.0 0.0 -999 ""
FIBERMAP 834 R+2C24 METROLOGY 0 0 0 1 0 0 260.779909974481 45.90254408856357 143.1 15.813044638398416 264.3080581049691 51.498722 91.1901 -999.0 -999.0 -999.0 -999.0 -999.0 249.74210614273605 -28.24983006535329 249.81809426743473 -28.302893456145807 78.9885124587194 89.31724769797569 -999.0 6231.0 -999.0 -1 -999 {-999.0 -999.0 -999.0 -999.0 -999.0} "" -999.0 -999.0 -999.0 -999.0 -999 -999 "" "" "" "" 0 0 0.0 0.0 -999 ""
FIBERMAP 836 R+9C2 APOGEE 0 0 0 1 0 0 -154.90847960244753 174.6626503443114 143.1 -205.8138869619995 -110.18575059582069 1.9881587 117.008354 -999.0 -999.0 -999.0 -999.0 -999.0 248.969114325349 -29.379227363944658 249.04850184119766 -29.433831133641206 79.73374481796141 95.20183289169586 -999.0 16600.0 -999.0 2 -999 {-999.0 -999.0 -999.0 -999.0 -999.0} "" -999.0 -999.0 -999.0 -999.0 -999 -999 "" "" "" "" 0 0 0.0 0.0 -999 ""
FIBERMAP 836 R+9C2 BOSS 1 1 0 1 0 0 -154.55731885938582 174.04118918889225 143.1 -205.12796197265646 -109.98825946611696 1.9881587 117.008354 248.9715272477217 -29.378639423439314 -7.4793725 -10.405498 0.2532689 248.9714998905137 -29.37866961736639 249.05084163168078 -29.433268192655596 79.7317016585996 95.19878581936689 5400.0 5400.0 2016.0 1 19 {-999.0 16.54223 15.958668 15.667036 15.503824} sdss_psfmag_from_ps1dr2 16.3854 15.9478 15.3263 14.28 63050396382766555 1040588006 "" ops_std_boss_ps1dr2 ops_std standard_boss 0 0 0.0 0.0 -999 ""
FIBERMAP 836 R+9C2 METROLOGY 0 0 0 1 0 0 -155.30522643332233 174.02854454163577 143.1 -205.2890688293028 -110.71869431560026 1.9881587 117.008354 -999.0 -999.0 -999.0 -999.0 -999.0 248.97087657557256 -29.380889965044812 249.05023782980152 -29.435489302907893 79.73224891930545 95.21121721565652 -999.0 6231.0 -999.0 -1 -999 {-999.0 -999.0 -999.0 -999.0 -999.0} "" -999.0 -999.0 -999.0 -999.0 -999 -999 "" "" "" "" 0 0 0.0 0.0 -999 ""
FIBERMAP 843 R+7C18 APOGEE 1 1 0 1 0 0 172.08554515774478 154.2068347630179 143.1 -110.10076424512987 203.14441024372965 119.10805 69.24687 249.30819631285647 -28.432600755442053 -20.056408 -32.595894 9.235538 249.3081098492116 -28.432720210576367 249.38460674437954 -28.486774050665485 79.38757569222025 90.07084278532909 16000.0 16600.0 2016.0 2 119 {-999.0 17.78857 16.355968 14.584726 -999.0} sdss_psfmag_ps1 17.211994 15.160968 13.819705 11.199 63050396383288644 1034990553 bright_1x1 mwm_yso_pms_apogee_zari18pms_single mwm_yso science 0 0 0.0 0.0 -999 ""
FIBERMAP 843 R+7C18 BOSS 0 0 0 1 0 0 172.85285135709023 154.31733363023403 143.1 -110.03034426491723 203.91640252953863 119.10805 69.24687 -999.0 -999.0 -999.0 -999.0 -999.0 249.30840151582157 -28.43036031037642 249.38484564086707 -28.484418154059515 79.38712993265955 90.05823013259311 -999.0 5400.0 -999.0 1 204 {-999.0 -999.0 -999.0 -999.0 -999.0} "" -999.0 -999.0 -999.0 -999.0 -999 -999 "" "" "" "" 0 0 0.0 0.0 -999 ""
FIBERMAP 843 R+7C18 METROLOGY 0 0 0 1 0 0 172.55069623056298 153.62105946800096 143.1 -109.42312224042116 203.46105577790644 119.10805 69.24687 -999.0 -999.0 -999.0 -999.0 -999.0 249.31044290029257 -28.431705934148916 249.3869045573474 -28.48575734146987 79.38546414026713 90.06645231706398 -999.0 6231.0 -999.0 -1 -999 {-999.0 -999.0 -999.0 -999.0 -999.0} "" -999.0 -999.0 -999.0 -999.0 -999 -999 "" "" "" "" 0 0 0.0 0.0 -999 ""
FIBERMAP 844 R-3C20 APOGEE 1 1 0 1 0 0 174.2149047302151 -44.628490748289806 143.1 83.80362865694485 159.1146000882189 79.13496 103.11507 249.97604370117182 -28.56726144059192 -999.0 -999.0 -999.0 249.97605484141593 -28.567269362200303 250.05311696170008 -28.619675635023103 78.81558251394398 91.06479953511791 16000.0 16600.0 2015.5 2 214 {-999.0 -999.0 -999.0 -999.0 -999.0} "" -999.0 -999.0 -999.0 -999.0 27021603175324280 848663361 "" ops_sky_apogee_best ops_sky sky_apogee 0 0 0.0 0.0 -999 ""
FIBERMAP 844 R-3C20 BOSS 0 0 0 1 0 0 174.97031243307933 -44.556559078833175 143.1 83.9088049098651 159.8660764736278 79.13496 103.11507 -999.0 -999.0 -999.0 -999.0 -999.0 249.9764954067542 -28.564939854143656 250.05350220481364 -28.61734950079892 78.81503837458119 91.053010530677 -999.0 5400.0 -999.0 1 306 {-999.0 -999.0 -999.0 -999.0 -999.0} "" -999.0 -999.0 -999.0 -999.0 -999 -999 "" "" "" "" 0 0 0.0 0.0 -999 ""
FIBERMAP 844 R-3C20 METROLOGY 0 0 0 1 0 0 174.65538986097198 -45.22822145407406 143.1 84.48912640423019 159.40401697831945 79.13496 103.11507 -999.0 -999.0 -999.0 -999.0 -999.0 249.9784979631443 -28.56632020267382 250.05552313592466 -28.61872355044968 78.81339391880684 91.06088078471691 -999.0 6231.0 -999.0 -1 -999 {-999.0 -999.0 -999.0 -999.0 -999.0} "" -999.0 -999.0 -999.0 -999.0 -999 -999 "" "" "" "" 0 0 0.0 0.0 -999 ""
FIBERMAP 845 R+9C16 APOGEE 1 1 0 1 0 0 147.6238175891085 187.9644139302057 143.1 -148.6089548764821 187.1769314318647 84.16355 114.99004 249.175268372993 -28.480419524947283 -2.8065555 -6.5205173 0.0680983 249.17525084865673 -28.48043346159128 249.25186625615902 -28.534793400242776 79.50836961835321 90.26925644790589 16000.0 16600.0 2016.0 2 76 {-999.0 17.170422 15.066987 13.761192 -999.0} sdss_psfmag_ps1 16.173634 14.295659 13.017635 9.642 63050396383289189 1154245798 bright_1x1 mwm_galactic_core_dist_apogee_sparse mwm_galactic science 0 0 0.0 0.0 -999 ""
FIBERMAP 845 R+9C16 BOSS 0 0 0 1 0 0 148.34909712290036 188.14818929150692 143.1 -148.6195563731641 187.92503318878084 84.16355 114.99004 -999.0 -999.0 -999.0 -999.0 -999.0 249.17526641896742 -28.478152546135327 249.2518297297446 -28.532516904414216 79.50818291720265 90.25679551988782 -999.0 5400.0 -999.0 1 235 {-999.0 -999.0 -999.0 -999.0 -999.0} "" -999.0 -999.0 -999.0 -999.0 -999 -999 "" "" "" "" 0 0 0.0 0.0 -999 ""
FIBERMAP 845 R+9C16 METROLOGY 0 0 0 1 0 0 148.13157876014168 187.42638831862246 143.1 -147.96788045734442 187.54609560292843 84.16355 114.99004 -999.0 -999.0 -999.0 -999.0 -999.0 249.17745044090026 -28.479271255114238 249.25403047954956 -28.533628966235696 79.50636528259568 90.26389403903738 -999.0 6231.0 -999.0 -1 -999 {-999.0 -999.0 -999.0 -999.0 -999.0} "" -999.0 -999.0 -999.0 -999.0 -999 -999 "" "" "" "" 0 0 0.0 0.0 -999 ""
FIBERMAP 850 R+3C23 APOGEE 0 0 0 1 0 0 240.52262250318586 65.42555365091253 143.1 -7.874101884728277 249.12994946498966 11.060571 152.17291 -999.0 -999.0 -999.0 -999.0 -999.0 249.66056748918334 -28.295251707413616 249.7367134478461 -28.34849542911383 79.06491269239292 89.51200614248773 -999.0 16600.0 -999.0 2 -999 {-999.0 -999.0 -999.0 -999.0 -999.0} "" -999.0 -999.0 -999.0 -999.0 -999 -999 "" "" "" "" 0 0 0.0 0.0 -999 ""
FIBERMAP 850 R+3C23 BOSS 1 1 0 1 0 0 241.32928383832515 65.10768253449707 143.1 -7.377874027556369 249.8409032336762 11.060571 152.17291 249.6624185969671 -28.293087749185688 -20.147257 1.0008283 0.61012655 249.66232687340135 -28.29309789958476 249.73841971770992 -28.34634266989896 79.06317747417103 89.50162533390142 5400.0 5400.0 2016.0 1 194 {-999.0 16.956959 15.930859 15.375446 -999.0} sdss_psfmag_ps1 16.591984 15.836848 14.965502 13.214 63050396383301414 1075065564 dark_flexible_2x1 mwm_halo_local_high_boss mwm_halo science 0 0 0.0 0.0 -999 ""
FIBERMAP 850 R+3C23 METROLOGY 0 0 0 1 0 0 240.7062692336695 64.70045221305796 143.1 -7.126203188696759 249.1404671327011 11.060571 152.17291 -999.0 -999.0 -999.0 -999.0 -999.0 249.66316971343346 -28.2951611527641 249.73928241379315 -28.348401980047907 79.06265570570429 89.51286173770188 -999.0 6231.0 -999.0 -1 -999 {-999.0 -999.0 -999.0 -999.0 -999.0} "" -999.0 -999.0 -999.0 -999.0 -999 -999 "" "" "" "" 0 0 0.0 0.0 -999 ""
FIBERMAP 853 R+1C21 APOGEE 0 0 0 1 0 0 161.29333236061476 35.56669651006622 143.1 2.8003925413295465 165.13925510284912 144.8198 81.200096 -999.0 -999.0 -999.0 -999.0 -999.0 249.69650723722745 -28.548490890675414 249.77345099809338 -28.60157695465941 79.05848943675612 90.85617421740608 -999.0 16600.0 -999.0 2 -999 {-999.0 -999.0 -999.0 -999.0 -999.0} "" -999.0 -999.0 -999.0 -999.0 -999 -999 "" "" "" "" 0 0 0.0 0.0 -999 ""
FIBERMAP 853 R+1C21 BOSS 1 1 0 1 0 0 161.829186498919 36.105553745573545 143.1 2.4004772022015364 165.78542708651156 144.8198 81.200096 249.69516563516035 -28.546263377539503 -71.10863 -62.532223 0.7792881 249.69518079514876 -28.546465678119628 249.77207091135313 -28.599559256934285 79.05951388994976 90.84501018852689 5400.0 5400.0 2016.0 1 243 {-999.0 16.08667 15.31736 14.907973 -999.0} sdss_psfmag_ps1 15.757841 15.188569 14.449676 13.036 63050396383291851 1074524294 dark_flexible_2x1 mwm_halo_local_high_boss mwm_halo science 0 0 0.7781977653503418 0.0 -999 ""
FIBERMAP 853 R+1C21 METROLOGY 0 0 0 1 0 0 162.01976241107306 35.38837769841902 143.1 3.1422732978055117 165.80452243949748 144.8198 81.200096 -999.0 -999.0 -999.0 -999.0 -999.0 249.6977292186076 -28.546394930251765 249.774632984052 -28.599481323241264 79.05726659295051 90.84567303839384 -999.0 6231.0 -999.0 -1 -999 {-999.0 -999.0 -999.0 -999.0 -999.0} "" -999.0 -999.0 -999.0 -999.0 -999 -999 "" "" "" "" 0 0 0.0 0.0 -999 ""
FIBERMAP 855 R+8C7 APOGEE 0 0 0 1 0 0 -49.1699024997214 144.81134465953093 143.1 -152.2609089009887 -14.253130566061245 30.22597 41.466385 -999.0 -999.0 -999.0 -999.0 -999.0 249.1566239558916 -29.090170692690034 249.23514478600725 -29.144404771143957 79.56401387875303 93.61331209709465 -999.0 16600.0 -999.0 2 -999 {-999.0 -999.0 -999.0 -999.0 -999.0} "" -999.0 -999.0 -999.0 -999.0 -999 -999 "" "" "" "" 0 0 0.0 0.0 -999 ""
FIBERMAP 855 R+8C7 BOSS 1 1 0 1 0 0 -49.392861031634226 144.0930991694025 143.1 -151.6139528005299 -14.6365355436111 30.22597 41.466385 249.15844930547266 -29.091342779382934 0.29911828 -1.2921803 2.339599 249.1588241142845 -29.091352682119503 249.23730399556962 -29.14558265922128 79.56217478092606 93.62021015163015 5400.0 5400.0 2016.0 1 108 {-999.0 14.993815 13.960483 13.521753 -999.0} sdss_psfmag_from_g3xp 14.64054 13.953328 13.148755 11.591 63050396382797517 1035091016 bright_1x1 mwm_yso_pms_boss_zari18pms_single mwm_yso science 0 0 1.1646109819412231 0.0 -999 ""
FIBERMAP 855 R+8C7 METROLOGY 0 0 0 1 0 0 -49.89902354554711 144.64436945978522 143.1 -152.26753989885188 -15.001073819742333 30.22597 41.466385 -999.0 -999.0 -999.0 -999.0 -999.0 249.15651991041472 -29.092445641215015 249.23501549702814 -29.146680417936324 79.56421417197991 93.62584211079081 -999.0 6231.0 -999.0 -1 -999 {-999.0 -999.0 -999.0 -999.0 -999.0} "" -999.0 -999.0 -999.0 -999.0 -999 -999 "" "" "" "" 0 0 0.0 0.0 -999 ""
FIBERMAP 861 R+12C6 APOGEE 0 0 0 1 0 0 -45.42304337404819 224.48869074215355 143.1 -228.8957630373972 7.865142505874274 211.55574 158.98837 -999.0 -999.0 -999.0 -999.0 -999.0 248.89272039932948 -29.021193574392832 248.97096009879147 -29.07608086208109 79.79182330352037 93.17932575733272 -999.0 16600.0 -999.0 2 -999 {-999.0 -999.0 -999.0 -999.0 -999.0} "" -999.0 -999.0 -999.0 -999.0 -999 -999 "" "" "" "" 0 0 0.0 0.0 -999 ""
FIBERMAP 861 R+12C6 BOSS 1 1 0 1 0 0 -46.17727902687253 224.35898936888623 143.1 -228.94447391647518 7.101411967345847 211.55574 158.98837 248.89251708984375 -29.023509843323595 -999.0 -999.0 -999.0 248.89252906782983 -29.02350152445304 248.97073182424595 -29.07839030687293 79.79212338337841 93.19229555047275 5400.0 5400.0 2015.5 1 163 {-999.0 -999.0 -999.0 -999.0 -999.0} "" -999.0 -999.0 -999.0 -999.0 27021603175317670 823816722 "" ops_sky_boss_good ops_sky sky_boss 0 0 0.0 0.0 -999 ""
FIBERMAP 861 R+12C6 METROLOGY 0 0 0 1 0 0 -45.9152750076767 225.05190139160143 143.1 -229.5577347851434 7.516923485650547 211.55574 158.98837 -999.0 -999.0 -999.0 -999.0 -999.0 248.8903786560992 -29.022225183859625 248.9685893913355 -29.077119010919777 79.793938609364 93.18466774823514 -999.0 6231.0 -999.0 -1 -999 {-999.0 -999.0 -999.0 -999.0 -999.0} "" -999.0 -999.0 -999.0 -999.0 -999 -999 "" "" "" "" 0 0 0.0 0.0 -999 ""
FIBERMAP 862 R+6C19 APOGEE 1 1 0 1 0 0 162.02202389735982 127.20070199416304 143.1 -86.16469769273596 187.0939204047981 202.15506 50.62253 249.39005079240758 -28.481363776938768 0.775263 -0.25668055 0.40497378 249.3900441978576 -28.48135505795516 249.46671095584622 -28.535198143895 79.32053304156912 90.37005208517326 16000.0 16600.0 2016.0 2 118 {-999.0 15.657213 13.920792 13.096714 -999.0} sdss_psfmag_from_g3xp 14.874453 13.706011 12.645888 10.073 63050396383288092 1106493751 bright_1x1 mwm_tess_rgb_apogee mwm_tessrgb science 0 0 0.0 0.0 -999 ""
FIBERMAP 862 R+6C19 BOSS 0 0 0 1 0 0 162.22908073175924 127.94488269915031 143.1 -86.8405683391072 187.4678707396887 202.15506 50.62253 -999.0 -999.0 -999.0 -999.0 -999.0 249.38774708507304 -28.4801689641861 249.46436381915873 -28.534021796651743 79.32247254361829 90.36266413906623 -999.0 5400.0 -999.0 1 203 {-999.0 -999.0 -999.0 -999.0 -999.0} "" -999.0 -999.0 -999.0 -999.0 -999 -999 "" "" "" "" 0 0 0.0 0.0 -999 ""
FIBERMAP 862 R+6C19 METROLOGY 0 0 0 1 0 0 162.75235333214803 127.39272578536486 143.1 -86.18215173755196 187.848846735391 202.15506 50.62253 -999.0 -999.0 -999.0 -999.0 -999.0 249.3899970718685 -28.478999935185904 249.4666236398391 -28.53284658276461 79.32038339581106 90.35738155815238 -999.0 6231.0 -999.0 -1 -999 {-999.0 -999.0 -999.0 -999.0 -999.0} "" -999.0 -999.0 -999.0 -999.0 -999 -999 "" "" "" "" 0 0 0.0 0.0 -999 ""
FIBERMAP 863 R+9C12 APOGEE 1 1 0 1 0 0 57.24163854034725 195.02476624610838 143.1 -176.43229731059708 100.89754601153793 140.68571 50.386024 249.0762055626714 -28.740521672787 -12.16356 -40.53049 0.92177373 249.07652991986478 -28.74068513857059 249.153934635135 -28.79520948588133 79.615782736881 91.66200300629941 16000.0 16600.0 2016.0 2 144 {-999.0 11.430096 9.682816 8.675923 -999.0} sdss_psfmag_from_g3xp 10.647475 9.332372 8.210371 5.421 63050396383281611 1153033180 bright_1x1 mwm_galactic_core_dist_apogee_sparse mwm_galactic science 0 0 1.1939723491668701 0.0 -999 ""
FIBERMAP 863 R+9C12 BOSS 0 0 0 1 0 0 57.9939871760148 195.1875970165505 143.1 -176.4162495060531 101.66712224966436 140.68571 50.386024 -999.0 -999.0 -999.0 -999.0 -999.0 249.0766038521903 -28.738326832964376 249.15395647874277 -28.792854473239117 79.61559547070391 91.64897867438344 -999.0 5400.0 -999.0 1 146 {-999.0 -999.0 -999.0 -999.0 -999.0} "" -999.0 -999.0 -999.0 -999.0 -999 -999 "" "" "" "" 0 0 0.0 0.0 -999 ""
FIBERMAP 863 R+9C12 METROLOGY 0 0 0 1 0 0 57.74584933853096 194.46862994542658 143.1 -175.77442947289117 101.25905760719826 140.68571 50.386024 -999.0 -999.0 -999.0 -999.0 -999.0 249.0787580658825 -28.739558830961833 249.15612772325642 -28.79408015183384 79.61378513581448 91.65651489021377 -999.0 6231.0 -999.0 -1 -999 {-999.0 -999.0 -999.0 -999.0 -999.0} "" -999.0 -999.0 -999.0 -999.0 -999 -999 "" "" "" "" 0 0 0.0 0.0 -999 ""
FIBERMAP 864 R-6C5 APOGEE 1 1 0 1 0 0 -129.4131842642886 -105.5376637963082 143.1 72.65321259980514 -150.35202103219206 54.224895 127.970375 249.93695735058267 -29.505537988990064 -1.4654315 -4.964097 0.13866204 249.9369614811964 -29.505543377273707 250.016981876798 -29.557780603571853 78.89176777888228 95.90566128556941 16000.0 16600.0 2016.0 2 294 {-999.0 15.660763 14.246731 13.561436 -999.0} sdss_psfmag_from_g3xp 15.087624 14.115477 13.146041 10.815 63050396382951568 1153032869 bright_1x1 mwm_galactic_core_dist_apogee_sparse mwm_galactic science 0 0 0.0 0.0 -999 ""
FIBERMAP 864 R-6C5 BOSS 0 0 0 1 0 0 -128.65686590763934 -105.5859009258723 143.1 72.87549033999592 -149.6275206421062 54.224895 127.970375 -999.0 -999.0 -999.0 -999.0 -999.0 249.93782132037435 -29.503410154007657 250.01778669706266 -29.55564616057902 78.89105483066824 95.894605116734 -999.0 5400.0 -999.0 1 485 {-999.0 -999.0 -999.0 -999.0 -999.0} "" -999.0 -999.0 -999.0 -999.0 -999 -999 "" "" "" "" 0 0 0.0 0.0 -999 ""
FIBERMAP 864 R-6C5 METROLOGY 0 0 0 1 0 0 -129.08593150120885 -106.20339324168633 143.1 73.37665495097575 -150.18804947293245 54.224895 127.970375 -999.0 -999.0 -999.0 -999.0 -999.0 249.93955933753963 -29.505122641830408 250.01954428660758 -29.557353892223084 78.88953633509227 95.90351571297509 -999.0 6231.0 -999.0 -1 -999 {-999.0 -999.0 -999.0 -999.0 -999.0} "" -999.0 -999.0 -999.0 -999.0 -999 -999 "" "" "" "" 0 0 0.0 0.0 -999 ""
FIBERMAP 867 R-6C9 APOGEE 0 0 0 1 0 0 -57.183264734889065 -107.34766993985434 143.1 91.16074674160473 -80.51234220180287 159.46083 100.64588 -999.0 -999.0 -999.0 -999.0 -999.0 250.0017061248879 -29.293972008354253 250.08106731064242 -29.346112244874437 78.83267673789355 94.81450227715635 -999.0 16600.0 -999.0 2 -999 {-999.0 -999.0 -999.0 -999.0 -999.0} "" -999.0 -999.0 -999.0 -999.0 -999 -999 "" "" "" "" 0 0 0.0 0.0 -999 ""
FIBERMAP 867 R-6C9 BOSS 1 1 0 1 0 0 -57.06574482594834 -106.60847456346262 143.1 90.46896577951779 -80.2266419171326 159.46083 100.64588 249.99938964843747 -29.293148002116283 -999.0 -999.0 -999.0 249.99940410607218 -29.2931476236529 250.07871361524508 -29.345294721097826 78.8347071554227 94.81001520472887 5400.0 5400.0 2015.5 1 371 {-999.0 -999.0 -999.0 -999.0 -999.0} "" -999.0 -999.0 -999.0 -999.0 27021603175319603 853831505 "" ops_sky_boss_fallback ops_sky sky_boss 0 0 0.0 0.0 -999 ""
FIBERMAP 867 R-6C9 METROLOGY 0 0 0 1 0 0 -56.484667960893916 -107.0803484776414 143.1 91.06269190710347 -79.77082461584105 159.46083 100.64588 -999.0 -999.0 -999.0 -999.0 -999.0 250.00146682879145 -29.291772164249473 250.08078617617684 -29.34391436610435 78.83286619652327 94.80312554734832 -999.0 6231.0 -999.0 -1 -999 {-999.0 -999.0 -999.0 -999.0 -999.0} "" -999.0 -999.0 -999.0 -999.0 -999 -999 "" "" "" "" 0 0 0.0 0.0 -999 ""
FIBERMAP 873 R+3C16 APOGEE 1 1 0 1 0 0 89.87051840041534 65.69699447007457 143.1 -43.067665715006164 102.65087955724317 37.899803 113.1405 249.53718664365368 -28.737217868196858 -6.8867497 -10.010613 0.112948164 249.53716888040964 -28.73724658216997 249.6146687180368 -28.79066372280926 79.21273375900199 91.79576104467878 16000.0 16600.0 2016.0 2 71 {-999.0 15.034404 13.693786 13.029311 -999.0} sdss_psfmag_from_g3xp 14.504684 13.572911 12.621503 10.416 63050396383234387 1153032922 bright_1x1 mwm_galactic_core_dist_apogee_sparse mwm_galactic science 0 0 0.0 0.0 -999 ""
FIBERMAP 873 R+3C16 BOSS 0 0 0 1 0 0 90.48451734388385 65.26074633852531 143.1 -42.5009602584164 103.14698079086727 37.899803 113.1405 -999.0 -999.0 -999.0 -999.0 -999.0 249.539158638959 -28.735690551600545 249.6166075348874 -28.789106319277042 79.21092551590246 91.78812498234754 -999.0 5400.0 -999.0 1 228 {-999.0 -999.0 -999.0 -999.0 -999.0} "" -999.0 -999.0 -999.0 -999.0 -999 -999 "" "" "" "" 0 0 0.0 0.0 -999 ""
FIBERMAP 873 R+3C16 METROLOGY 0 0 0 1 0 0 89.8133233934476 64.95152416421298 143.1 -42.3557943522919 102.4224035098884 37.899803 113.1405 -999.0 -999.0 -999.0 -999.0 -999.0 249.5396318388658 -28.737879418114463 249.617100883023 -28.791292580899206 79.21065372596135 91.79994129081427 -999.0 6231.0 -999.0 -1 -999 {-999.0 -999.0 -999.0 -999.0 -999.0} "" -999.0 -999.0 -999.0 -999.0 -999 -999 "" "" "" "" 0 0 0.0 0.0 -999 ""
FIBERMAP 874 R+8C3 APOGEE 1 0 1 1 0 0 -154.05181311436064 162.88747191899586 143.1 -194.16133672189193 -112.0825963587628 10.073109 170.04941 248.98962403139407 -29.45341116615614 1.4760016 -2.1379082 0.11668825 249.00937356116737 -29.385359693114662 249.08879055921625 -29.43986504681631 79.69871666945929 95.2375069983608 16000.0 16600.0 2016.0 2 16 {-999.0 14.845464 13.728778 13.202455 -999.0} sdss_psfmag_from_g3xp 14.44652 13.677292 12.816412 10.912 63050396382763543 1153032683 bright_1x1 mwm_galactic_core_dist_apogee_sparse mwm_galactic science 0 0 0.0 0.0 -999 ""
FIBERMAP 874 R+8C3 BOSS 0 0 1 1 0 0 -153.30957612674572 162.81086102384202 143.1 -193.91472415452233 -111.37837178442028 10.073109 170.04941 -999.0 -999.0 -999.0 -999.0 -999.0 249.01024500947537 -29.38325837603634 249.08961081362725 -29.437762599177788 79.69798234456526 95.22578890852157 -999.0 5400.0 -999.0 1 25 {-999.0 -999.0 -999.0 -999.0 -999.0} "" -999.0 -999.0 -999.0 -999.0 -999 -999 "" "" "" "" 0 0 0.0 0.0 -999 ""
FIBERMAP 874 R+8C3 METROLOGY 0 0 1 1 0 0 -153.7461904731676 162.20313480743016 143.1 -193.42480942402008 -111.94397909812221 10.073109 170.04941 -999.0 -999.0 -999.0 -999.0 -999.0 249.01188092273 -29.385002477793794 249.0912653359843 -29.439502172614194 79.69655812154524 95.23559186055547 -999.0 6231.0 -999.0 -1 -999 {-999.0 -999.0 -999.0 -999.0 -999.0} "" -999.0 -999.0 -999.0 -999.0 -999 -999 "" "" "" "" 0 0 0.0 0.0 -999 ""
FIBERMAP 876 R+5C22 APOGEE 1 0 0 1 1 0 221.4809369586343 108.67886633156583 143.1 -54.36229599951406 240.636281431232 176.08171 75.43377 249.5489501953125 -28.3458393137507 -999.0 -999.0 -999.0 249.50065735421205 -28.320389258590613 249.57684714469826 -28.37401116693133 79.20756063996436 89.56311535939955 16000.0 16600.0 2015.5 2 87 {-999.0 -999.0 -999.0 -999.0 -999.0} "" -999.0 -999.0 -999.0 -999.0 27021603175325446 845928732 "" ops_sky_apogee_best ops_sky sky_apogee 0 0 0.0 0.0 -999 ""
FIBERMAP 876 R+5C22 BOSS 0 0 0 1 1 0 221.69103988453523 109.385717371073 143.1 -55.001149157165614 241.0045396633638 176.08171 75.43377 -999.0 -999.0 -999.0 -999.0 -999.0 249.49851031521706 -28.319252610457703 249.57464993473855 -28.372884535189915 79.20935726363876 89.55599193765454 -999.0 5400.0 -999.0 1 260 {-999.0 -999.0 -999.0 -999.0 -999.0} "" -999.0 -999.0 -999.0 -999.0 -999 -999 "" "" "" "" 0 0 0.0 0.0 -999 ""
FIBERMAP 876 R+5C22 METROLOGY 0 0 0 1 1 0 222.21558185538615 108.82772907301799 143.1 -54.336765952889 241.38539835960697 176.08171 75.43377 -999.0 -999.0 -999.0 -999.0 -999.0 249.5007777168642 -28.31807306882881 249.57692723779337 -28.37169858493108 79.20723442010478 89.55088311886664 -999.0 6231.0 -999.0 -1 -999 {-999.0 -999.0 -999.0 -999.0 -999.0} "" -999.0 -999.0 -999.0 -999.0 -999 -999 "" "" "" "" 0 0 0.0 0.0 -999 ""
FIBERMAP 878 R-3C23 APOGEE 0 0 0 1 0 0 249.9303058259346 -65.82999056131524 143.1 121.98174494554867 227.84864369189293 356.7436 91.4441 -999.0 -999.0 -999.0 -999.0 -999.0 250.10680236992818 -28.360272012398916 250.1832437668785 -28.412420594147903 78.6814614612031 90.06516708250513 -999.0 16600.0 -999.0 2 -999 {-999.0 -999.0 -999.0 -999.0 -999.0} "" -999.0 -999.0 -999.0 -999.0 -999 -999 "" "" "" "" 0 0 0.0 0.0 -999 ""
FIBERMAP 878 R-3C23 BOSS 1 1 0 1 0 0 249.90238276384449 -66.5560859531947 143.1 122.68155684503932 227.6531331721755 356.7436 91.4441 250.10929637916968 -28.36083987436313 -11.571942 -2.1589298 0.102909036 250.10925966705597 -28.360853621041603 250.1856548462007 -28.413000698796914 78.67941514141685 90.06926270978227 5400.0 5400.0 2016.0 1 279 {-999.0 17.13954 16.116833 15.635797 -999.0} sdss_psfmag_ps1 16.775003 16.048437 15.20726 13.382 63050396383333074 1071801175 dark_flexible_2x1 mwm_halo_mp_xp_boss mwm_halo science 0 0 0.0 0.0 -999 ""
FIBERMAP 878 R-3C23 METROLOGY 0 0 0 1 0 0 249.2697421556312 -66.18092339573144 143.1 122.16994824880433 227.1247358265514 356.7436 91.4441 -999.0 -999.0 -999.0 -999.0 -999.0 250.10752299160137 -28.362398005554944 250.18393640158706 -28.41454753846195 78.68108342132005 90.07627406915316 -999.0 6231.0 -999.0 -1 -999 {-999.0 -999.0 -999.0 -999.0 -999.0} "" -999.0 -999.0 -999.0 -999.0 -999 -999 "" "" "" "" 0 0 0.0 0.0 -999 ""
FIBERMAP 879 R0C22 APOGEE 0 0 0 1 0 0 185.9738848066387 17.746779508111768 143.1 25.856468963358537 185.01482444021758 112.93746 67.20281 -999.0 -999.0 -999.0 -999.0 -999.0 249.77619795418246 -28.48863360892853 249.8529716866086 -28.541544291745414 78.98337389338471 90.57641536655018 -999.0 16600.0 -999.0 2 -999 {-999.0 -999.0 -999.0 -999.0 -999.0} "" -999.0 -999.0 -999.0 -999.0 -999 -999 "" "" "" "" 0 0 0.0 0.0 -999 ""
FIBERMAP 879 R0C22 BOSS 1 1 0 1 0 0 186.7385565006434 17.7321383416895 143.1 26.04800407509196 185.75523968240424 112.93746 67.20281 249.77691650390622 -28.48632890585158 -999.0 -999.0 -999.0 249.77691901514345 -28.486336451533827 249.85363841058563 -28.539250043437825 78.9825711258894 90.5647587009712 5400.0 5400.0 2015.5 1 255 {-999.0 -999.0 -999.0 -999.0 -999.0} "" -999.0 -999.0 -999.0 -999.0 27021603175324271 853832442 "" ops_sky_boss_fallback ops_sky sky_boss 0 0 0.0 0.0 -999 ""
FIBERMAP 879 R0C22 METROLOGY 0 0 0 1 0 0 186.3400817794195 17.094554091616615 143.1 26.57580513499905 185.2198087152957 112.93746 67.20281 -999.0 -999.0 -999.0 -999.0 -999.0 249.77872736936877 -28.487933216517 249.8554655432721 -28.54084086020028 78.98112583452739 90.57384877880884 -999.0 6231.0 -999.0 -1 -999 {-999.0 -999.0 -999.0 -999.0 -999.0} "" -999.0 -999.0 -999.0 -999.0 -999 -999 "" "" "" "" 0 0 0.0 0.0 -999 ""
FIBERMAP 881 R+5C5 APOGEE 0 0 1 1 0 0 -144.37106473915767 104.69562093899812 143.1 -135.31254370663 -116.15806309671365 10.508705 167.55632 -999.0 -999.0 -999.0 -999.0 -999.0 249.21328907641563 -29.399442716262147 249.29280109641832 -29.453453973814405 79.52119953014213 95.3222714620133 -999.0 16600.0 -999.0 2 27 {-999.0 -999.0 -999.0 -999.0 -999.0} "" -999.0 -999.0 -999.0 -999.0 -999 -999 "" ops_sky_apogee_best_unassigned ops_sky sky_apogee 0 0 0.0 0.0 -999 ""
FIBERMAP 881 R+5C5 BOSS 1 0 1 1 0 0 -143.62825447418015 104.67231227444768 143.1 -135.11764625788106 -115.4409224664864 10.508705 167.55632 249.25643920898438 -29.438941574780316 -999.0 -999.0 -999.0 249.21396834158483 -29.397317442393927 249.293428236649 -29.45132805448686 79.52063260348791 95.31061268593555 5400.0 5400.0 2015.5 1 43 {-999.0 -999.0 -999.0 -999.0 -999.0} "" -999.0 -999.0 -999.0 -999.0 27021603175316627 802499291 "" ops_sky_boss_best ops_sky sky_boss 0 0 0.0 0.0 -999 ""
FIBERMAP 881 R+5C5 METROLOGY 0 0 1 1 0 0 -144.02905678060472 104.03081029965549 143.1 -134.5865740204177 -115.97952586375806 10.508705 167.55632 -999.0 -999.0 -999.0 -999.0 -999.0 249.21577052808067 -29.398976563287913 249.29524902795845 -29.452982260832407 79.51906348121516 95.31979235376798 -999.0 6231.0 -999.0 -1 -999 {-999.0 -999.0 -999.0 -999.0 -999.0} "" -999.0 -999.0 -999.0 -999.0 -999 -999 "" "" "" "" 0 0 0.0 0.0 -999 ""
FIBERMAP 882 R-1C8 APOGEE 0 0 0 1 0 0 -115.36982855372437 -35.67140930815329 143.1 7.9490833249696005 -120.49291714037888 331.70465 75.853386 -999.0 -999.0 -999.0 -999.0 -999.0 249.71180139186862 -29.41497750207066 249.79148153287792 -29.467783637856908 79.08718494035618 95.4251359283752 -999.0 16600.0 -999.0 2 -999 {-999.0 -999.0 -999.0 -999.0 -999.0} "" -999.0 -999.0 -999.0 -999.0 -999 -999 "" "" "" "" 0 0 0.0 0.0 -999 ""
FIBERMAP 882 R-1C8 BOSS 1 1 0 1 0 0 -115.87493156052825 -36.23500325055863 143.1 8.380190323693698 -121.11491228974523 331.70465 75.853386 249.71337383555078 -29.416922386175965 -8.514967 -4.089037 1.0639814 249.71334983616984 -29.41692680222149 249.7929890413758 -29.46972915481782 79.08589619080985 95.43549536854096 5400.0 5400.0 2016.0 1 459 {-999.0 19.137486 17.651728 17.115416 -999.0} sdss_psfmag_ps1 18.515274 17.607975 16.693785 14.268 63050396382616177 1094282667 bright_1x1 mwm_bin_vis_boss mwm_filler science 0 0 0.0 0.0 -999 ""
FIBERMAP 882 R-1C8 METROLOGY 0 0 0 1 0 0 -116.10149307571878 -35.515957566282054 143.1 7.628232136245759 -121.16857799876439 331.70465 75.853386 -999.0 -999.0 -999.0 -999.0 -999.0 249.71071656127114 -29.417096430667538 249.79036916232758 -29.46990494516167 79.08817904853869 95.43627874168402 -999.0 6231.0 -999.0 -1 -999 {-999.0 -999.0 -999.0 -999.0 -999.0} "" -999.0 -999.0 -999.0 -999.0 -999 -999 "" "" "" "" 0 0 0.0 0.0 -999 ""
FIBERMAP 883 R+4C1 APOGEE 1 1 0 1 0 0 -250.51034520696572 69.87893703257694 143.1 -126.05471319018608 -227.47408764079935 196.70464 154.73914 249.24355815642807 -29.73564007602679 0.81102586 -3.5403848 -0.019063657 249.24390715794902 -29.73564258291256 249.32449636130139 -29.789486056746544 79.49163456995993 97.16646993474512 16000.0 16600.0 2016.0 2 2 {-999.0 19.641537 23.830114 12.496762 -999.0} sdss_psfmag_gaia 17.07089 12.306608 10.85727 5.942 63050396382582664 1155429320 bright_1x1 mwm_galactic_core_dist_apogee_sparse mwm_galactic science 0 0 1.046334981918335 0.0 -999 ""
FIBERMAP 883 R+4C1 BOSS 0 0 0 1 0 0 -251.24893235388234 69.9685032231295 143.1 -126.31308136998923 -228.17175819228788 196.70464 154.73914 -999.0 -999.0 -999.0 -999.0 -999.0 249.243043892569 -29.737738221065225 249.3235937459075 -29.79158231516902 79.4923720877771 97.1780550672056 -999.0 5400.0 -999.0 1 2 {-999.0 -999.0 -999.0 -999.0 -999.0} "" -999.0 -999.0 -999.0 -999.0 -999 -999 "" "" "" "" 0 0 0.0 0.0 -999 ""
FIBERMAP 883 R+4C1 METROLOGY 0 0 0 1 0 0 -250.77974111050207 70.56761816034249 143.1 -126.78706661989516 -227.5764593193429 196.70464 154.73914 -999.0 -999.0 -999.0 -999.0 -999.0 249.2413619406191 -29.735975696891185 249.3219187377125 -29.789824582118356 79.49386370385453 97.1685919636916 -999.0 6231.0 -999.0 -1 -999 {-999.0 -999.0 -999.0 -999.0 -999.0} "" -999.0 -999.0 -999.0 -999.0 -999 -999 "" "" "" "" 0 0 0.0 0.0 -999 ""
FIBERMAP 884 R+2C18 APOGEE 0 0 0 1 0 0 102.589240605519 20.557472428623104 143.1 3.789263863840263 104.55675955701378 296.91803 50.177246 -999.0 -999.0 -999.0 -999.0 -999.0 249.6993821547657 -28.731907700374745 249.77690122978004 -28.784935388390508 79.07051446983058 91.82078773209696 -999.0 16600.0 -999.0 2 -999 {-999.0 -999.0 -999.0 -999.0 -999.0} "" -999.0 -999.0 -999.0 -999.0 -999 -999 "" "" "" "" 0 0 0.0 0.0 -999 ""
FIBERMAP 884 R+2C18 BOSS 1 1 0 1 0 0 101.76115857144077 20.815013383933355 143.1 3.346753728722691 103.81098160660169 296.91803 50.177246 249.69791001271412 -28.734100483549096 -12.75512 -9.218741 0.31668475 249.69789301911837 -28.73410478374796 249.77537154509855 -28.787138493851057 79.07201385359578 91.83185543144134 5400.0 5400.0 2016.0 1 208 {-999.0 18.274303 17.575972 17.241877 17.033937} sdss_psfmag_from_ps1dr2 18.0389 17.5698 16.8563 15.292 63050396383232446 1040588500 "" ops_std_boss_ps1dr2 ops_std standard_boss 0 0 0.0 0.0 -999 ""
FIBERMAP 884 R+2C18 METROLOGY 0 0 0 1 0 0 102.3597659129242 21.269399097778447 143.1 3.043555033756453 104.49860956479745 296.91803 50.177246 -999.0 -999.0 -999.0 -999.0 -999.0 249.69683649207914 -28.73200820289282 249.77432156149644 -28.785044190188398 79.0727772402883 91.82047998831786 -999.0 6231.0 -999.0 -1 -999 {-999.0 -999.0 -999.0 -999.0 -999.0} "" -999.0 -999.0 -999.0 -999.0 -999 -999 "" "" "" "" 0 0 0.0 0.0 -999 ""
FIBERMAP 888 R-5C14 APOGEE 1 1 0 1 0 0 71.35299501727008 -103.02465764774573 143.1 116.75752203532426 45.51949857261774 3.4751549 90.05108 250.090455343685 -28.911474672763987 4.413056 -5.6508102 0.09507347 250.09045660162602 -28.91148656933282 250.16862554277975 -28.963519787314038 78.74011588492233 92.8653770252651 16000.0 16600.0 2016.0 2 196 {-999.0 14.864642 13.485833 12.797892 -999.0} sdss_psfmag_from_g3xp 14.31321 13.351166 12.384358 10.176 63050396383009720 1153033015 bright_1x1 mwm_galactic_core_dist_apogee_sparse mwm_galactic science 0 0 0.0 0.0 -999 ""
FIBERMAP 888 R-5C14 BOSS 0 0 0 1 0 0 71.40388950191478 -103.7716754056552 143.1 117.4959597823889 45.39580432795274 3.4751549 90.05108 -999.0 -999.0 -999.0 -999.0 -999.0 250.0931290806381 -28.91183644299338 250.1712509698765 -28.96386563320283 78.73784334965538 92.86784176404115 -999.0 5400.0 -999.0 1 271 {-999.0 -999.0 -999.0 -999.0 -999.0} "" -999.0 -999.0 -999.0 -999.0 -999 -999 "" "" "" "" 0 0 0.0 0.0 -999 ""
FIBERMAP 888 R-5C14 METROLOGY 0 0 0 1 0 0 70.73399495211154 -103.45103959375112 143.1 117.02875279637436 44.81852707554476 3.4751549 90.05108 -999.0 -999.0 -999.0 -999.0 -999.0 250.0915147037596 -28.91358410626968 250.16965557840433 -28.965615985212676 78.73934027303008 92.8763663344505 -999.0 6231.0 -999.0 -1 -999 {-999.0 -999.0 -999.0 -999.0 -999.0} "" -999.0 -999.0 -999.0 -999.0 -999 -999 "" "" "" "" 0 0 0.0 0.0 -999 ""
FIBERMAP 889 R-7C3 APOGEE 1 1 0 1 0 0 -179.28767223439553 -134.44320843413314 143.1 89.20647704417932 -205.56774176923173 157.53377 131.96327 249.9942019025987 -29.67215702385959 -5.392592 -3.1961327 0.1742363 249.99420655215513 -29.67217559653196 250.07477264893203 -29.724227728617514 78.84133906576402 96.76735449205546 16000.0 16600.0 2016.0 2 245 {-999.0 15.089579 13.6987915 13.088269 -999.0} sdss_psfmag_from_g3xp 14.528648 13.62174 12.685339 10.515 63050396382884365 1153032856 bright_1x1 mwm_galactic_core_dist_apogee_sparse mwm_galactic science 0 0 0.0 0.0 -999 ""
FIBERMAP 889 R-7C3 BOSS 0 0 0 1 0 0 -179.45701498339295 -133.70124544460765 143.1 88.44549327195914 -205.56043625291744 157.53377 131.96327 -999.0 -999.0 -999.0 -999.0 -999.0 249.99162408868952 -29.67219638196008 250.07214095913594 -29.72425439515811 78.84362418082338 96.76759076450861 -999.0 5400.0 -999.0 1 502 {-999.0 -999.0 -999.0 -999.0 -999.0} "" -999.0 -999.0 -999.0 -999.0 -999 -999 "" "" "" "" 0 0 0.0 0.0 -999 ""
FIBERMAP 889 R-7C3 METROLOGY 0 0 0 1 0 0 -178.7395700276586 -133.93545600165044 143.1 88.839657687907 -204.91686769125454 157.53377 131.96327 -999.0 -999.0 -999.0 -999.0 -999.0 249.99300412392316 -29.670286721234593 250.07352899388604 -29.722342041758342 78.84243460679198 96.75765655972634 -999.0 6231.0 -999.0 -1 -999 {-999.0 -999.0 -999.0 -999.0 -999.0} "" -999.0 -999.0 -999.0 -999.0 -999 -999 "" "" "" "" 0 0 0.0 0.0 -999 ""
FIBERMAP 890 R+11C6 APOGEE 1 1 0 1 0 0 -57.83830023628461 198.94451678352303 143.1 -206.9270330361356 -10.13395946905516 274.32925 105.451935 248.96784906627218 -29.076302820797313 -1.6904927 -5.420968 0.1317021 248.96783642939116 -29.07631420490622 249.04626783573121 -29.13100574999097 79.72834711870733 93.50330888205724 16000.0 16600.0 2016.0 2 146 {-999.0 16.497908 14.765071 13.862011 -999.0} sdss_psfmag_from_g3xp 15.717674 14.490947 13.405967 10.729 63050396382833230 1156251697 bright_1x1 mwm_galactic_core_dist_apogee_extra mwm_galactic science 0 0 0.0 0.0 -999 ""
FIBERMAP 890 R+11C6 BOSS 0 0 0 1 0 0 -58.525166705221636 198.693877864101 143.1 -206.84248587387157 -10.860198836439801 274.32925 105.451935 -999.0 -999.0 -999.0 -999.0 -999.0 248.96809184706404 -29.078517503898425 249.04648578689455 -29.133209320233835 79.72824219883914 93.51569860126682 -999.0 5400.0 -999.0 1 149 {-999.0 -999.0 -999.0 -999.0 -999.0} "" -999.0 -999.0 -999.0 -999.0 -999 -999 "" "" "" "" 0 0 0.0 0.0 -999 ""
FIBERMAP 890 R+11C6 METROLOGY 0 0 0 1 0 0 -58.391285542304026 199.44591664814487 143.1 -207.54296640128587 -10.55560585092159 274.32925 105.451935 -999.0 -999.0 -999.0 -999.0 -999.0 248.9656382420845 -29.07757707642508 249.04404122903009 -29.132274624147193 79.73033978329664 93.50999734457395 -999.0 6231.0 -999.0 -1 -999 {-999.0 -999.0 -999.0 -999.0 -999.0} "" -999.0 -999.0 -999.0 -999.0 -999 -999 "" "" "" "" 0 0 0.0 0.0 -999 ""
FIBERMAP 892 R-3C17 APOGEE 0 0 0 1 0 0 92.4143279101421 -53.152852159613616 143.1 73.1295091380484 77.56929056284497 118.454636 143.4904 -999.0 -999.0 -999.0 -999.0 -999.0 249.9393476005698 -28.814173545887105 250.0171774397901 -28.86659912983251 78.86629135878417 92.32407389760272 -999.0 16600.0 -999.0 2 -999 {-999.0 -999.0 -999.0 -999.0 -999.0} "" -999.0 -999.0 -999.0 -999.0 -999 -999 "" "" "" "" 0 0 0.0 0.0 -999 ""
FIBERMAP 892 R-3C17 BOSS 1 1 0 1 0 0 92.51371221776701 -52.39580032316067 143.1 72.41615403678168 77.84149014229685 118.454636 143.4904 249.936997176089 -28.81328893035658 -9.34435 -1.1677488 1.6045793 249.93697110855263 -28.81329991017703 250.01474961038127 -28.865734317242467 78.86835455182755 92.31886443093697 5400.0 5400.0 2016.0 1 298 {-999.0 16.322472 15.40467 15.076621 -999.0} sdss_psfmag_ps1 15.996332 15.410477 14.657241 13.183 63050396383241325 1096705689 bright_1x1 mwm_bin_vis_boss mwm_filler science 0 0 0.0 0.0 -999 ""
FIBERMAP 892 R-3C17 METROLOGY 0 0 0 1 0 0 93.10246281153601 -52.85964817894538 143.1 73.00385227004189 78.30663270349783 118.454636 143.4904 -999.0 -999.0 -999.0 -999.0 -999.0 249.9390004490626 -28.81188436034734 250.01678855044736 -28.864313464436705 78.86647728281265 92.31214517786668 -999.0 6231.0 -999.0 -1 -999 {-999.0 -999.0 -999.0 -999.0 -999.0} "" -999.0 -999.0 -999.0 -999.0 -999 -999 "" "" "" "" 0 0 0.0 0.0 -999 ""
FIBERMAP 893 R+11C7 APOGEE 1 1 0 1 0 0 -26.190487580837406 230.98284486784806 143.1 -230.7535682278479 28.078700399792243 110.510445 65.45524 248.88705047521825 -28.959912143574872 -2.9771488 -5.8492174 0.07663192 248.88702796514906 -28.95994669359566 248.96507399657605 -29.014864763768507 79.7941052536059 92.83289374328461 16000.0 16600.0 2016.0 2 130 {-999.0 14.868224 13.034078 12.128241 -999.0} sdss_psfmag_from_g3xp 14.010341 12.760887 11.667708 8.933 63050396382842753 1153032624 bright_1x1 mwm_galactic_core_dist_apogee_sparse mwm_galactic science 0 0 0.0 0.0 -999 ""
FIBERMAP 893 R+11C7 BOSS 0 0 0 1 0 0 -25.419352222472824 230.95806763453052 143.1 -230.5506749454214 28.82305286078548 110.510445 65.45524 -999.0 -999.0 -999.0 -999.0 -999.0 248.88775735674756 -28.957692339845874 248.9657523949952 -29.01261121487988 79.79340061450992 92.82035794248839 -999.0 5400.0 -999.0 1 117 {-999.0 -999.0 -999.0 -999.0 -999.0} "" -999.0 -999.0 -999.0 -999.0 -999 -999 "" "" "" "" 0 0 0.0 0.0 -999 ""
FIBERMAP 893 R+11C7 METROLOGY 0 0 0 1 0 0 -25.84647382589093 230.31873746267274 143.1 -230.0278175350761 28.259351755646 110.510445 65.45524 -999.0 -999.0 -999.0 -999.0 -999.0 248.88947971991428 -28.95940811060473 248.96749305450965 -29.014321822587583 79.7919654398717 92.83042655726615 -999.0 6231.0 -999.0 -1 -999 {-999.0 -999.0 -999.0 -999.0 -999.0} "" -999.0 -999.0 -999.0 -999.0 -999 -999 "" "" "" "" 0 0 0.0 0.0 -999 ""
FIBERMAP 900 R-5C6 APOGEE 0 0 0 1 1 0 -102.17730266741845 -100.5664813319044 143.1 74.13244488590554 -122.70659396943867 54.514687 36.8183 -999.0 -999.0 -999.0 -999.0 -999.0 249.94228140729558 -29.421876068216054 250.02203627320785 -29.474123938382583 78.88656054506875 95.4717892650616 -999.0 16600.0 -999.0 2 -999 {-999.0 -999.0 -999.0 -999.0 -999.0} "" -999.0 -999.0 -999.0 -999.0 -999 -999 "" "" "" "" 0 0 0.0 0.0 -999 ""
FIBERMAP 900 R-5C6 BOSS 1 0 0 1 1 0 -102.23488427387662 -101.40726741114685 143.1 74.93694197649707 -122.95754556139347 54.514687 36.8183 249.88828689252895 -29.54107016477174 -1.668265 -3.916197 0.29105848 249.94516774618307 -29.422690450398683 250.02487746103225 -29.474931683068384 78.88409810984058 95.47615071989708 5400.0 5400.0 2016.0 1 484 {-999.0 17.276852 16.590717 16.234446 16.07169} sdss_psfmag_from_ps1dr2 17.086 16.5786 15.8726 14.586 63050396382951079 1040588210 "" ops_std_boss_ps1dr2 ops_std standard_boss 0 0 0.0 0.0 -999 ""
FIBERMAP 900 R-5C6 METROLOGY 0 0 0 1 1 0 -102.81599562006282 -100.95580064691265 143.1 74.36305825520743 -123.4181279143485 54.514687 36.8183 -999.0 -999.0 -999.0 -999.0 -999.0 249.94316313475758 -29.424100195913617 250.02289060800751 -29.476345710854748 78.88584642906592 95.48336581808843 -999.0 6231.0 -999.0 -1 -999 {-999.0 -999.0 -999.0 -999.0 -999.0} "" -999.0 -999.0 -999.0 -999.0 -999 -999 "" "" "" "" 0 0 0.0 0.0 -999 ""
FIBERMAP 909 R+1C23 APOGEE 0 0 0 1 0 0 205.30470716232506 13.237157009500775 143.1 34.72501839705136 202.7726811539583 187.95078 144.17978 -999.0 -999.0 -999.0 -999.0 -999.0 249.8068365481319 -28.435126593748798 249.8834496172217 -28.48797838445012 78.95146902556763 90.311576701994 -999.0 16600.0 -999.0 2 -999 {-999.0 -999.0 -999.0 -999.0 -999.0} "" -999.0 -999.0 -999.0 -999.0 -999 -999 "" "" "" "" 0 0 0.0 0.0 -999 ""
FIBERMAP 909 R+1C23 BOSS 1 1 0 1 0 0 204.65700804018437 13.59211400832983 143.1 34.229572710039 202.22495135044502 187.95078 144.17978 249.80516069022732 -28.436717359657646 -4.164051 -6.4006596 0.14444461 249.8051855194687 -28.436718195023374 249.88175581233054 -28.489577721809393 78.95311075131637 90.31910083958343 5400.0 5400.0 2016.0 1 190 {-999.0 17.569246 16.808485 16.452606 16.26125} sdss_psfmag_from_ps1dr2 17.3185 16.8038 16.0917 14.783 63050396383297336 1040588576 "" ops_std_boss_ps1dr2 ops_std standard_boss 0 0 0.0 0.0 -999 ""
FIBERMAP 909 R+1C23 METROLOGY 0 0 0 1 0 0 205.27210567382517 13.984442336363072 143.1 33.99056171379251 202.91423136157437 187.95078 144.17978 -999.0 -999.0 -999.0 -999.0 -999.0 249.80435639069827 -28.434610252827014 249.88093335983 -28.487471186482857 78.95361846174433 90.30778362465708 -999.0 6231.0 -999.0 -1 -999 {-999.0 -999.0 -999.0 -999.0 -999.0} "" -999.0 -999.0 -999.0 -999.0 -999 -999 "" "" "" "" 0 0 0.0 0.0 -999 ""
FIBERMAP 911 R+5C9 APOGEE 1 1 0 1 0 0 -44.58532061898609 96.6574703010618 143.1 -104.35781042136011 -20.958369174100447 345.51407 130.46558 249.32251162875295 -29.11151609426751 3.1511824 4.3961673 0.5271665 249.32250123391066 -29.11150212753546 249.40112885301812 -29.16533126581072 79.41995885950435 93.75818044270602 16000.0 16600.0 2016.0 2 43 {-999.0 13.382793 11.875299 11.193143 -999.0} sdss_psfmag_from_g3xp 12.750025 11.755167 10.776115 8.386 63050396382795827 1153032620 bright_1x1 mwm_galactic_core_dist_apogee_sparse mwm_galactic science 0 0 0.0 0.0 -999 ""
FIBERMAP 911 R+5C9 BOSS 0 0 0 1 0 0 -44.28919090603742 95.98810748834326 143.1 -103.63804988090311 -20.825513980609134 345.51407 130.46558 -999.0 -999.0 -999.0 -999.0 -999.0 249.32498202530334 -29.111121842269924 249.40356318008287 -29.164946620345265 79.41782023329088 93.75652120509335 -999.0 5400.0 -999.0 1 77 {-999.0 -999.0 -999.0 -999.0 -999.0} "" -999.0 -999.0 -999.0 -999.0 -999 -999 "" "" "" "" 0 0 0.0 0.0 -999 ""
FIBERMAP 911 R+5C9 METROLOGY 0 0 0 1 0 0 -45.01282887675046 96.0413502006429 143.1 -103.85761951194773 -21.51706500067059 345.51407 130.46558 -999.0 -999.0 -999.0 -999.0 -999.0 249.32418215917858 -29.113219549552333 249.40278273823378 -29.167045233188663 79.41857976678709 93.76780227326157 -999.0 6231.0 -999.0 -1 -999 {-999.0 -999.0 -999.0 -999.0 -999.0} "" -999.0 -999.0 -999.0 -999.0 -999 -999 "" "" "" "" 0 0 0.0 0.0 -999 ""
FIBERMAP 913 R-2C5 APOGEE 1 1 0 1 0 0 -181.37099788500413 -55.6907978429018 143.1 12.119563481295504 -189.33504548586467 291.1943 85.32384 249.72567794299636 -29.62323125609739 0.05066454 -0.77722573 0.31448725 249.72570058877062 -29.623201465752814 249.80604769453453 -29.675915654631762 79.07511358743035 96.52413428854697 16000.0 16600.0 2016.0 2 287 {-999.0 14.522132 12.937877 12.203306 -999.0} sdss_psfmag_from_g3xp 13.836147 12.788443 11.7826805 9.487 63050396382599908 1153032364 bright_1x1 mwm_galactic_core_dist_apogee_sparse mwm_galactic science 0 0 0.0 0.0 -999 ""
FIBERMAP 913 R-2C5 BOSS 0 0 0 1 0 0 -182.09173780961768 -55.907956521604035 143.1 12.163690063489515 -190.08647159133838 291.1943 85.32384 -999.0 -999.0 -999.0 -999.0 -999.0 249.72589924867177 -29.625529020659833 249.8062061911835 -29.678241800270083 79.07496056388784 96.53640290605045 -999.0 5400.0 -999.0 1 471 {-999.0 -999.0 -999.0 -999.0 -999.0} "" -999.0 -999.0 -999.0 -999.0 -999 -999 "" "" "" "" 0 0 0.0 0.0 -999 ""
FIBERMAP 913 R-2C5 METROLOGY 0 0 0 1 0 0 -181.91681752722934 -55.17698548550954 143.1 11.493217660713064 -189.74684379247282 291.1943 85.32384 -999.0 -999.0 -999.0 -999.0 -999.0 249.72355275326262 -29.624525271600522 249.80386944606357 -29.67724407458178 79.07699737983127 96.53120948386271 -999.0 6231.0 -999.0 -1 -999 {-999.0 -999.0 -999.0 -999.0 -999.0} "" -999.0 -999.0 -999.0 -999.0 -999 -999 "" "" "" "" 0 0 0.0 0.0 -999 ""
FIBERMAP 915 R+5C16 APOGEE 1 1 0 1 0 0 104.65317307104377 83.04867452818857 143.1 -56.51851553993238 121.05331657214687 295.96924 106.41857 249.49097085594752 -28.681339234662765 -4.869869 -5.033647 0.9867972 249.4909516579494 -28.6813399683784 249.56826592959408 -28.734884096753326 79.2490920370752 91.48167880188475 16000.0 16600.0 2016.0 2 68 {-999.0 11.860358 11.5908 11.487204 -999.0} sdss_psfmag_from_g3xp 11.84058 11.575605 11.142692 10.448 63050396383276742 975297625 "" ops_std_apogee ops_std standard_apogee 0 0 0.0 0.0 -999 ""
FIBERMAP 915 R+5C16 BOSS 0 0 0 1 0 0 104.10622126066886 82.53283703484048 143.1 -56.143564974080796 120.4016869390117 295.96924 106.41857 -999.0 -999.0 -999.0 -999.0 -999.0 249.4922517837029 -28.683256126583128 249.5695260444328 -28.736799750451375 79.24813943388757 91.49237729501243 -999.0 5400.0 -999.0 1 222 {-999.0 -999.0 -999.0 -999.0 -999.0} "" -999.0 -999.0 -999.0 -999.0 -999 -999 "" "" "" "" 0 0 0.0 0.0 -999 ""
FIBERMAP 915 R+5C16 METROLOGY 0 0 0 1 0 0 103.94817010014631 83.27804808649311 143.1 -56.90509017700792 120.42072906732695 295.96924 106.41857 -999.0 -999.0 -999.0 -999.0 -999.0 249.48959893408932 -28.683178183216253 249.56688548537238 -28.736727320689816 79.25044215290323 91.49102596381346 -999.0 6231.0 -999.0 -1 -999 {-999.0 -999.0 -999.0 -999.0 -999.0} "" -999.0 -999.0 -999.0 -999.0 -999 -999 "" "" "" "" 0 0 0.0 0.0 -999 ""
FIBERMAP 922 R-1C18 APOGEE 1 1 0 1 0 0 108.37066711316064 -22.974720662526043 143.1 47.47426512827927 100.0872757079309 275.94885 162.28938 249.85055091384223 -28.74575546768829 0.5958773 -4.951817 0.41232863 249.8505687481999 -28.745763479695526 249.92816428510196 -28.798422576820006 78.93929855096317 91.94232945387705 16000.0 16600.0 2016.0 2 212 {-999.0 13.987284 12.633803 12.015789 -999.0} sdss_psfmag_from_g3xp 13.455477 12.546438 11.6102 9.407 63050396383242654 1153032996 bright_1x1 mwm_galactic_core_dist_apogee_sparse mwm_galactic science 0 0 0.0 0.0 -999 ""
FIBERMAP 922 R-1C18 BOSS 0 0 0 1 0 0 108.09894097370773 -23.681653760602753 143.1 48.098910420877026 99.65905644447032 275.94885 162.28938 -999.0 -999.0 -999.0 -999.0 -999.0 249.85280667610576 -28.747008855341935 249.9303588892392 -28.799665258406222 78.93747115657504 91.94952022892011 -999.0 5400.0 -999.0 1 301 {-999.0 -999.0 -999.0 -999.0 -999.0} "" -999.0 -999.0 -999.0 -999.0 -999 -999 "" "" "" "" 0 0 0.0 0.0 -999 ""
FIBERMAP 922 R-1C18 METROLOGY 0 0 0 1 0 0 107.63853491629789 -23.092041230942804 143.1 47.418636027396346 99.34791615612616 275.94885 162.28938 -999.0 -999.0 -999.0 -999.0 -999.0 249.85044289876754 -28.747939250050603 249.92801105459137 -28.800600227331387 78.93959122066174 91.95359924143577 -999.0 6231.0 -999.0 -1 -999 {-999.0 -999.0 -999.0 -999.0 -999.0} "" -999.0 -999.0 -999.0 -999.0 -999 -999 "" "" "" "" 0 0 0.0 0.0 -999 ""
FIBERMAP 923 R+4C16 APOGEE 0 0 0 1 0 0 80.05593085627615 59.323489888589435 143.1 -39.14361016664277 91.62632164387185 297.8484 48.209873 -999.0 -999.0 -999.0 -999.0 -999.0 249.55058372322887 -28.77071399492704 249.62819156202897 -28.82408943732836 79.20330018983957 91.97833664935308 -999.0 16600.0 -999.0 2 -999 {-999.0 -999.0 -999.0 -999.0 -999.0} "" -999.0 -999.0 -999.0 -999.0 -999 -999 "" "" "" "" 0 0 0.0 0.0 -999 ""
FIBERMAP 923 R+4C16 BOSS 1 1 0 1 0 0 79.32115612070632 59.48421536207002 143.1 -39.470312329056036 90.94885816894518 297.8484 48.209873 249.5495318344991 -28.772623527856695 -23.05239 -34.576553 1.196618 249.5494639388154 -28.772711226241892 249.62703123088284 -28.82609165597365 79.2044539710108 91.98862100477629 5400.0 5400.0 2016.0 1 219 {-999.0 19.11984 17.660717 17.10849 -999.0} sdss_psfmag_ps1 18.52785 17.577278 16.64273 14.622 63050396383234100 1072946128 bright_1x1 mwm_halo_local_high_boss_single mwm_halo science 0 0 0.0 0.0 -999 ""
FIBERMAP 923 R+4C16 METROLOGY 0 0 0 1 0 0 79.83706795957586 60.038750155376334 143.1 -39.89010124304524 91.57926684909788 297.8484 48.209873 -999.0 -999.0 -999.0 -999.0 -999.0 249.54800217785893 -28.770786808861455 249.62557630282754 -28.824170496937786 79.20559149327514 91.97791382600576 -999.0 6231.0 -999.0 -1 -999 {-999.0 -999.0 -999.0 -999.0 -999.0} "" -999.0 -999.0 -999.0 -999.0 -999 -999 "" "" "" "" 0 0 0.0 0.0 -999 ""
FIBERMAP 924 R-11C4 APOGEE 1 0 1 1 0 0 -100.16500768202248 -205.79689520223812 143.1 176.95851850646315 -145.14745542352287 9.443644 170.55943 250.32806130851537 -29.46710254651257 -5.628411 -5.4347105 0.10642263 250.29944925448493 -29.488833423814892 250.37949701422997 -29.540198905979825 78.57627063820038 95.82882766554962 16000.0 16600.0 2016.0 2 178 {-999.0 15.005929 13.717371 13.146362 -999.0} sdss_psfmag_from_g3xp 14.509003 13.657493 12.7519 10.649 63050396382896744 1156251597 bright_1x1 mwm_galactic_core_dist_apogee_extra mwm_galactic science 0 0 0.0 0.0 -999 ""
FIBERMAP 924 R-11C4 BOSS 0 0 1 1 0 0 -99.42186918726239 -205.77561140532902 143.1 177.11011616968153 -144.4196565080211 9.443644 170.55943 -999.0 -999.0 -999.0 -999.0 -999.0 250.3000591650068 -29.486655816381273 250.3800502896304 -29.53802089245992 78.57576651175988 95.81785738723613 -999.0 5400.0 -999.0 1 424 {-999.0 -999.0 -999.0 -999.0 -999.0} "" -999.0 -999.0 -999.0 -999.0 -999 -999 "" "" "" "" 0 0 0.0 0.0 -999 ""
FIBERMAP 924 R-11C4 METROLOGY 0 0 1 1 0 0 -99.77651427126702 -206.4372623209995 143.1 177.67148945230048 -144.91803359083605 9.443644 170.55943 -999.0 -999.0 -999.0 -999.0 -999.0 250.30202184610232 -29.48817464635389 250.38203236136962 -29.539534411798943 78.57405805753089 95.82558910072692 -999.0 6231.0 -999.0 -1 -999 {-999.0 -999.0 -999.0 -999.0 -999.0} "" -999.0 -999.0 -999.0 -999.0 -999 -999 "" "" "" "" 0 0 0.0 0.0 -999 ""
FIBERMAP 926 R+12C11 APOGEE 0 0 0 1 0 0 65.41303672180496 221.2266345384522 143.1 -200.0247406374094 114.92106058589158 250.4509 128.09036 -999.0 -999.0 -999.0 -999.0 -999.0 248.99590211745968 -28.697855296501334 249.0731538995218 -28.75258527852656 79.68327770248092 91.39654142246252 -999.0 16600.0 -999.0 2 -999 {-999.0 -999.0 -999.0 -999.0 -999.0} "" -999.0 -999.0 -999.0 -999.0 -999 -999 "" "" "" "" 0 0 0.0 0.0 -999 ""
FIBERMAP 926 R+12C11 BOSS 1 1 0 1 0 0 64.67407925009753 220.98895753950373 143.1 -199.9648793565751 114.14715665876207 250.4509 128.09036 248.99608949304687 -28.700164390370684 -3.4436975 -5.402534 0.50129884 248.99608664931185 -28.70017487787067 249.07330131616834 -28.754906693953714 79.68332306588177 91.40952138191096 5400.0 5400.0 2016.0 1 107 {-999.0 17.411987 16.31075 15.773015 -999.0} sdss_psfmag_ps1 16.962433 16.250584 15.4140005 13.762 63050396383283988 980296769 "" ops_std_boss_red ops_std standard_boss 0 0 0.0 0.0 -999 ""
FIBERMAP 926 R+12C11 METROLOGY 0 0 0 1 0 0 64.85350418396436 221.72304319660972 143.1 -200.6373369785919 114.49188835516189 250.4509 128.09036 -999.0 -999.0 -999.0 -999.0 -999.0 248.99374111651883 -28.699103250502688 249.07096447044705 -28.753840171566228 79.68528600230958 91.40272432861002 -999.0 6231.0 -999.0 -1 -999 {-999.0 -999.0 -999.0 -999.0 -999.0} "" -999.0 -999.0 -999.0 -999.0 -999 -999 "" "" "" "" 0 0 0.0 0.0 -999 ""
FIBERMAP 928 R-10C10 APOGEE 0 0 0 1 0 0 9.49490343859411 -179.24207413404437 143.1 176.55342802770468 -32.32240913215035 179.25433 57.904896 -999.0 -999.0 -999.0 -999.0 -999.0 250.29780565803097 -29.14732326394684 250.37676521669312 -29.198788757381436 78.57008276952139 94.10572436895865 -999.0 16600.0 -999.0 2 -999 {-999.0 -999.0 -999.0 -999.0 -999.0} "" -999.0 -999.0 -999.0 -999.0 -999 -999 "" "" "" "" 0 0 0.0 0.0 -999 ""
FIBERMAP 928 R-10C10 BOSS 1 1 0 1 0 0 9.864623059670501 -178.599525758459 143.1 176.0141312438896 -31.813797806821114 179.25433 57.904896 250.29606995853868 -29.145806172570584 -3.8311942 1.7909409 0.47432497 250.29605773019983 -29.14579599943634 250.37496244653585 -29.197267883317917 78.57159458395871 94.09773868304342 5400.0 5400.0 2016.0 1 403 {-999.0 17.11681 16.091732 15.671195 -999.0} sdss_psfmag_ps1 16.720959 16.056246 15.266681 13.654 63050396382987928 980296735 "" ops_std_boss_red ops_std standard_boss 0 0 0.0 0.0 -999 ""
FIBERMAP 928 R-10C10 METROLOGY 0 0 0 1 0 0 10.242600134643892 -179.26323701457449 143.1 176.74737118006226 -31.60001787077372 179.25433 57.904896 -999.0 -999.0 -999.0 -999.0 -999.0 250.29860411233412 -29.1451454580693 250.37752135852827 -29.196610874824945 78.56933631140548 94.09487638532642 -999.0 6231.0 -999.0 -1 -999 {-999.0 -999.0 -999.0 -999.0 -999.0} "" -999.0 -999.0 -999.0 -999.0 -999 -999 "" "" "" "" 0 0 0.0 0.0 -999 ""
FIBERMAP 929 R-3C18 APOGEE 1 1 0 1 0 0 140.791852436763 -55.82645127113569 143.1 86.94676517426481 124.00708793098065 41.066704 79.32712 249.98703002929688 -28.673496936394415 -999.0 -999.0 -999.0 249.98704365887505 -28.67349402186677 250.06444133701507 -28.725843927826844 78.81464049144104 91.61449967518143 16000.0 16600.0 2015.5 2 217 {-999.0 -999.0 -999.0 -999.0 -999.0} "" -999.0 -999.0 -999.0 -999.0 27021603175323946 848663342 "" ops_sky_apogee_best ops_sky sky_apogee 0 0 0.0 0.0 -999 ""
FIBERMAP 929 R-3C18 BOSS 0 0 0 1 0 0 141.18096865343898 -56.464403810271975 143.1 87.65753181619104 124.23767541188141 41.066704 79.32712 -999.0 -999.0 -999.0 -999.0 -999.0 249.9895894452707 -28.67274187869529 250.06693708513887 -28.725089232579126 78.8123986602272 91.61152186925841 -999.0 5400.0 -999.0 1 309 {-999.0 -999.0 -999.0 -999.0 -999.0} "" -999.0 -999.0 -999.0 -999.0 -999 -999 "" "" "" "" 0 0 0.0 0.0 -999 ""
FIBERMAP 929 R-3C18 METROLOGY 0 0 0 1 0 0 140.42275783937163 -56.476472083350714 143.1 87.4934754464941 123.49735205140051 41.066704 79.32712 -999.0 -999.0 -999.0 -999.0 -999.0 249.9890234436889 -28.674969483625553 250.06639162400734 -28.727316613496484 78.81305300918616 91.62276919715737 -999.0 6231.0 -999.0 -1 -999 {-999.0 -999.0 -999.0 -999.0 -999.0} "" -999.0 -999.0 -999.0 -999.0 -999 -999 "" "" "" "" 0 0 0.0 0.0 -999 ""
FIBERMAP 931 R+4C2 APOGEE 0 0 0 1 0 0 -219.01346542954633 62.03153914796869 143.1 -111.11868164735782 -198.65597035705855 311.17444 90.51032 -999.0 -999.0 -999.0 -999.0 -999.0 249.29619034566025 -29.64930601823571 249.376517125345 -29.703047859352605 79.4479742157117 96.6892766252351 -999.0 16600.0 -999.0 2 -999 {-999.0 -999.0 -999.0 -999.0 -999.0} "" -999.0 -999.0 -999.0 -999.0 -999 -999 "" "" "" "" 0 0 0.0 0.0 -999 ""
FIBERMAP 931 R+4C2 BOSS 1 1 0 1 0 0 -219.57283218923678 61.52851373346027 143.1 -110.75907209556253 -199.31670568240986 311.17444 90.51032 249.29746252269678 -29.65135609159747 -1.617865 -4.2588916 0.26454133 249.29745811950278 -29.65134041967905 249.37774570371118 -29.70507811236661 79.44688054141142 96.70028518939057 5400.0 5400.0 2016.0 1 74 {-999.0 17.570326 17.048159 16.631948 -999.0} sdss_psfmag_ps1 17.41543 16.966938 16.33232 15.21 63050396382608835 982189387 "" ops_std_boss_tic ops_std standard_boss 0 0 0.0 0.0 -999 ""
FIBERMAP 931 R+4C2 METROLOGY 0 0 0 1 0 0 -219.73000485936595 62.24617712762254 143.1 -111.49359751484674 -199.30319610837316 311.17444 90.51032 -999.0 -999.0 -999.0 -999.0 -999.0 249.2948691584134 -29.651311565619075 249.37516905217808 -29.7050556460447 79.44911869068486 96.70032403346488 -999.0 6231.0 -999.0 -1 -999 {-999.0 -999.0 -999.0 -999.0 -999.0} "" -999.0 -999.0 -999.0 -999.0 -999 -999 "" "" "" "" 0 0 0.0 0.0 -999 ""
FIBERMAP 933 R+1C7 APOGEE 1 1 0 1 0 0 -126.62483872923222 27.40799986243219 143.1 -56.01892660159024 -116.81555554629156 78.847275 47.430595 249.489047094987 -29.403086062477243 -3.584362 -1.6684779 0.1553987 249.48902881332089 -29.403095792058227 249.56861890253776 -29.456442283726947 79.28107862272044 95.35240415505234 16000.0 16600.0 2016.0 2 14 {-999.0 15.757034 13.949457 11.863375 -999.0} sdss_psfmag_from_g3xp 14.964105 12.580509 11.19551 7.781 63050396382777124 1156251544 bright_1x1 mwm_galactic_core_dist_apogee_extra mwm_galactic science 0 0 0.0 0.0 -999 ""
FIBERMAP 933 R+1C7 BOSS 0 0 0 1 0 0 -126.16482338059421 26.802380525204605 143.1 -55.323172687163755 -116.50850657476757 78.847275 47.430595 -999.0 -999.0 -999.0 -999.0 -999.0 249.49146999259742 -29.402233775825685 249.5710112949298 -29.45557510145379 79.27898555935045 95.34787244132775 -999.0 5400.0 -999.0 1 21 {-999.0 -999.0 -999.0 -999.0 -999.0} "" -999.0 -999.0 -999.0 -999.0 -999 -999 "" "" "" "" 0 0 0.0 0.0 -999 ""
FIBERMAP 933 R+1C7 METROLOGY 0 0 0 1 0 0 -126.89917590409026 26.717600580794805 143.1 -55.41096943201181 -117.24248115341754 78.847275 47.430595 -999.0 -999.0 -999.0 -999.0 -999.0 249.49113505277367 -29.40446857425814 249.57069658774117 -29.45780994021681 79.279285387464 95.35986830365414 -999.0 6231.0 -999.0 -1 -999 {-999.0 -999.0 -999.0 -999.0 -999.0} "" -999.0 -999.0 -999.0 -999.0 -999 -999 "" "" "" "" 0 0 0.0 0.0 -999 ""
FIBERMAP 937 R+8C19 APOGEE 1 1 0 1 0 0 191.46869327315753 150.70150649864848 143.1 -102.19697781570221 221.18601636839637 186.45297 133.02731 249.33581774908566 -28.378464692866796 -4.34693 -3.0160437 0.058844507 249.3357983170539 -28.378470600054825 249.41213254780666 -28.432473025888985 79.35791588193085 89.79146785913525 16000.0 16600.0 2016.0 2 101 {-999.0 16.241383 14.303576 12.804576 -999.0} sdss_psfmag_from_g3xp 15.327822 13.517219 12.247247 8.998 63050396383290441 1153033102 bright_1x1 mwm_galactic_core_dist_apogee_sparse mwm_galactic science 0 0 0.0 0.0 -999 ""
FIBERMAP 937 R+8C19 BOSS 0 0 0 1 0 0 190.88431130558524 151.18107501584754 143.1 -102.79895492812459 220.72876817109716 186.45297 133.02731 -999.0 -999.0 -999.0 -999.0 -999.0 249.33375099701425 -28.379814908221995 249.41004339143706 -28.433826125295653 79.359885365633 89.79770652432785 -999.0 5400.0 -999.0 1 175 {-999.0 -999.0 -999.0 -999.0 -999.0} "" -999.0 -999.0 -999.0 -999.0 -999 -999 "" "" "" "" 0 0 0.0 0.0 -999 ""
FIBERMAP 937 R+8C19 METROLOGY 0 0 0 1 0 0 191.59142434378083 151.4425944989101 143.1 -102.88939153016089 221.47722445891839 186.45297 133.02731 -999.0 -999.0 -999.0 -999.0 -999.0 249.33342948527576 -28.377525720594985 249.40972760008356 -28.431537155983044 79.35992025692471 89.78522006821572 -999.0 6231.0 -999.0 -1 -999 {-999.0 -999.0 -999.0 -999.0 -999.0} "" -999.0 -999.0 -999.0 -999.0 -999 -999 "" "" "" "" 0 0 0.0 0.0 -999 ""
FIBERMAP 939 R+2C6 APOGEE 0 0 0 1 0 0 -151.0106012748213 22.218237758897093 143.1 -56.62472659209762 -141.73929957052383 321.4251 79.90484 -999.0 -999.0 -999.0 -999.0 -999.0 249.4866085668673 -29.478549381901125 249.56643789601742 -29.53188055692102 79.28358600671665 95.7579577388982 -999.0 16600.0 -999.0 2 -999 {-999.0 -999.0 -999.0 -999.0 -999.0} "" -999.0 -999.0 -999.0 -999.0 -999 -999 "" "" "" "" 0 0 0.0 0.0 -999 ""
FIBERMAP 939 R+2C6 BOSS 1 1 0 1 0 0 -151.56693480227284 21.705982447685724 143.1 -56.25543568238784 -142.39922441934803 321.4251 79.90484 249.48765008404584 -29.480562002669203 -6.3536453 -23.244486 3.029718 249.48790521984094 -29.480613498936666 249.56769477231853 -29.533941150528204 79.28250171097089 95.76906507208139 5400.0 5400.0 2016.0 1 49 {-999.0 16.431181 15.141004 14.534674 -999.0} sdss_psfmag_ps1 15.913285 15.058482 14.156977 12.241 63050396382617545 1078034608 bright_flexible_2x1 mwm_snc_ext_main_boss mwm_snc science 0 0 0.8844332695007324 0.0 -999 ""
FIBERMAP 939 R+2C6 METROLOGY 0 0 0 1 0 0 -151.72310938349855 22.445900693660853 143.1 -57.01137738290785 -142.37958407511962 321.4251 79.90484 -999.0 -999.0 -999.0 -999.0 -999.0 249.48525135675777 -29.480558036001753 249.56505332660117 -29.533892045417605 79.28479969969389 95.7687466265167 -999.0 6231.0 -999.0 -1 -999 {-999.0 -999.0 -999.0 -999.0 -999.0} "" -999.0 -999.0 -999.0 -999.0 -999 -999 "" "" "" "" 0 0 0.0 0.0 -999 ""
FIBERMAP 947 R+11C15 APOGEE 0 0 0 1 0 0 128.81434045048445 206.2237032335241 143.1 -170.73117514698882 173.1141333094336 240.2897 74.02051 -999.0 -999.0 -999.0 -999.0 -999.0 249.09876344900601 -28.522570077156942 249.17549252294305 -28.57710202706673 79.57913025160701 90.46662960148188 -999.0 16600.0 -999.0 2 -999 {-999.0 -999.0 -999.0 -999.0 -999.0} "" -999.0 -999.0 -999.0 -999.0 -999 -999 "" "" "" "" 0 0 0.0 0.0 -999 ""
FIBERMAP 947 R+11C15 BOSS 1 1 0 1 0 0 128.2949834378152 206.72423410507605 143.1 -171.3384663200857 172.72499629105934 240.2897 74.02051 249.09633834574757 -28.52368950698692 0.9052498 -9.64123 0.09975715 249.0966889930047 -28.523714995634005 249.17337643851351 -28.578255229968995 79.58108662342849 90.47203484448403 5400.0 5400.0 2016.0 1 186 {-999.0 15.936981 14.512765 13.732603 -999.0} sdss_psfmag_from_g3xp 15.364324 14.309607 13.291808 10.913 63050396383286288 1071765317 dark_flexible_2x1 mwm_halo_vmp_xp_boss mwm_halo science 0 0 1.104547142982483 0.0 -999 ""
FIBERMAP 947 R+11C15 METROLOGY 0 0 0 1 0 0 129.0140803997861 206.9445375899813 143.1 -171.38603284173317 173.47555339810307 240.2897 74.02051 -999.0 -999.0 -999.0 -999.0 -999.0 249.09650937768123 -28.52142237649399 249.17320231301733 -28.575962663725694 79.5810281372891 90.45933377797405 -999.0 6231.0 -999.0 -1 -999 {-999.0 -999.0 -999.0 -999.0 -999.0} "" -999.0 -999.0 -999.0 -999.0 -999 -999 "" "" "" "" 0 0 0.0 0.0 -999 ""
FIBERMAP 949 R+1C19 APOGEE 0 0 0 1 0 0 108.78735382293861 7.817889568312102 143.1 17.618351744024306 107.63203234133202 257.99686 72.10248 -999.0 -999.0 -999.0 -999.0 -999.0 249.74727340075682 -28.722693630868626 249.82477404365477 -28.77560841153607 79.0279783478691 91.78823270932071 -999.0 16600.0 -999.0 2 -999 {-999.0 -999.0 -999.0 -999.0 -999.0} "" -999.0 -999.0 -999.0 -999.0 -999 -999 "" "" "" "" 0 0 0.0 0.0 -999 ""
FIBERMAP 949 R+1C19 BOSS 1 1 0 1 0 0 108.12907006039487 8.167901019239961 143.1 17.1252625724346 107.07286001537226 257.99686 72.10248 249.74569505659372 -28.724268975108444 -19.60667 -18.759882 0.27447703 249.74562092112794 -28.724323872063422 249.8230790232534 -28.777245282703227 79.02958214497471 91.79622645783331 5400.0 5400.0 2016.0 1 241 {-999.0 18.495771 17.829552 17.491623 17.290113} sdss_psfmag_from_ps1dr2 18.2758 17.7988 17.1506 15.879 63050396383254181 1040588529 "" ops_std_boss_ps1dr2 ops_std standard_boss 0 0 0.0 0.0 -999 ""
FIBERMAP 949 R+1C19 METROLOGY 0 0 0 1 0 0 108.78700194307498 8.565885619756669 143.1 16.890680977390918 107.80511710740606 257.99686 72.10248 -999.0 -999.0 -999.0 -999.0 -999.0 249.74480253561185 -28.72209256358675 249.82226686140166 -28.77501570076342 79.03012544822317 91.78426342768046 -999.0 6231.0 -999.0 -1 -999 {-999.0 -999.0 -999.0 -999.0 -999.0} "" -999.0 -999.0 -999.0 -999.0 -999 -999 "" "" "" "" 0 0 0.0 0.0 -999 ""
FIBERMAP 952 R+4C8 APOGEE 0 0 0 1 0 0 -95.14284825906928 70.24279990469014 143.1 -90.3858305955646 -76.26097180401341 193.51224 150.42204 -999.0 -999.0 -999.0 -999.0 -999.0 249.37004703275525 -29.27956387763688 249.4492170893809 -29.33323151028432 79.38302097461467 94.67744996025289 -999.0 16600.0 -999.0 2 -999 {-999.0 -999.0 -999.0 -999.0 -999.0} "" -999.0 -999.0 -999.0 -999.0 -999 -999 "" "" "" "" 0 0 0.0 0.0 -999 ""
FIBERMAP 952 R+4C8 BOSS 1 1 0 1 0 0 -95.85753772582625 70.44405993157703 143.1 -90.74730456411407 -76.90949981583711 193.51224 150.42204 249.3688348605834 -29.281479985211718 -4.1291623 -6.6492014 0.037702024 249.36877195980222 -29.281562698156534 249.44790194304392 -29.33523372132946 79.38421128917322 94.68817817771384 5400.0 5400.0 2016.0 1 33 {-999.0 17.224056 16.1543 15.6589575 -999.0} sdss_psfmag_ps1 16.77799 16.072828 15.24588 13.436 63050396382782045 1071803128 dark_flexible_2x1 mwm_halo_mp_xp_boss mwm_halo science 0 0 0.0 0.0 -999 ""
FIBERMAP 952 R+4C8 METROLOGY 0 0 0 1 0 0 -95.31892697936128 70.96977617738165 143.1 -91.13379829181731 -76.26369324152317 193.51224 150.42204 -999.0 -999.0 -999.0 -999.0 -999.0 249.36741495603394 -29.279604410797507 249.44655148373954 -29.33327900437903 79.3853452918983 94.6774289135974 -999.0 6231.0 -999.0 -1 -999 {-999.0 -999.0 -999.0 -999.0 -999.0} "" -999.0 -999.0 -999.0 -999.0 -999 -999 "" "" "" "" 0 0 0.0 0.0 -999 ""
FIBERMAP 953 R+4C11 APOGEE 0 0 0 1 0 0 -14.757970657194868 62.8200444942877 143.1 -64.52790212793163 0.20983393305223436 322.5391 88.51712 -999.0 -999.0 -999.0 -999.0 -999.0 249.46112648707134 -29.047884169112475 249.5395858873726 -29.101397411622518 79.29651053485524 93.43897172837944 -999.0 16600.0 -999.0 2 -999 {-999.0 -999.0 -999.0 -999.0 -999.0} "" -999.0 -999.0 -999.0 -999.0 -999 -999 "" "" "" "" 0 0 0.0 0.0 -999 ""
FIBERMAP 953 R+4C11 BOSS 1 1 0 1 0 0 -15.248617910595847 62.22600041354348 143.1 -64.06382408639641 -0.40515987956443944 322.5391 88.51712 249.46237580219127 -29.04974165321939 3.451614 -5.0429034 0.10980393 249.46272903168813 -29.049756604062313 249.54114835348923 -29.103267244225286 79.29522897913623 93.44935266939473 5400.0 5400.0 2016.0 1 118 {-999.0 15.3786955 14.304174 13.768184 -999.0} sdss_psfmag_from_g3xp 15.001394 14.240658 13.379625 11.486 63050396383221236 1071860520 dark_flexible_2x1 mwm_halo_mp_xp_boss mwm_halo science 0 0 1.0945732593536377 0.0 -999 ""
FIBERMAP 953 R+4C11 METROLOGY 0 0 0 1 0 0 -15.49952925094407 62.91796828523145 143.1 -64.79508884208413 -0.4887892419427784 322.5391 88.51712 -999.0 -999.0 -999.0 -999.0 -999.0 249.46016876260532 -29.050000750080674 249.5386014046244 -29.103516981439846 79.2974631815664 93.45016963934648 -999.0 6231.0 -999.0 -1 -999 {-999.0 -999.0 -999.0 -999.0 -999.0} "" -999.0 -999.0 -999.0 -999.0 -999 -999 "" "" "" "" 0 0 0.0 0.0 -999 ""
FIBERMAP 955 R-1C19 APOGEE 0 0 0 1 0 0 113.73445193971696 -39.450396982193666 143.1 64.74407447795322 101.48474824126546 323.248 14.374806 -999.0 -999.0 -999.0 -999.0 -999.0 249.91032824321712 -28.741620461795197 249.98792362671475 -28.794136478477242 78.8867558926666 91.94005346966173 -999.0 16600.0 -999.0 2 -999 {-999.0 -999.0 -999.0 -999.0 -999.0} "" -999.0 -999.0 -999.0 -999.0 -999 -999 "" "" "" "" 0 0 0.0 0.0 -999 ""
FIBERMAP 955 R-1C19 BOSS 1 1 0 1 0 0 113.05599042946731 -39.18477078009247 143.1 64.32839002904896 100.88638346863169 323.248 14.374806 249.90883125324413 -28.74326623582507 -27.67452 -42.15009 1.1768767 249.90897590825844 -28.743376959641694 249.98652858689115 -28.79589883869426 78.88810458784349 91.94870667783431 5400.0 5400.0 2016.0 1 302 {-999.0 15.989038 15.169974 14.843388 -999.0} sdss_psfmag_ps1 15.637688 15.123792 14.435818 13.088 63050396383243878 1074524277 dark_flexible_2x1 mwm_halo_local_high_boss mwm_halo science 0 0 0.7973045706748962 0.0 -999 ""
FIBERMAP 955 R-1C19 METROLOGY 0 0 0 1 0 0 113.62834585613163 -38.70996486793722 143.1 63.999241588264255 101.55321025480087 323.248 14.374806 -999.0 -999.0 -999.0 -999.0 -999.0 249.90783106949158 -28.741344309366067 249.98539070188122 -28.793868652064393 78.88894993087706 91.93782054431432 -999.0 6231.0 -999.0 -1 -999 {-999.0 -999.0 -999.0 -999.0 -999.0} "" -999.0 -999.0 -999.0 -999.0 -999 -999 "" "" "" "" 0 0 0.0 0.0 -999 ""
FIBERMAP 960 R+13C6 APOGEE 1 1 0 1 0 0 -35.39022654009641 236.26041369811583 143.1 -238.02016478965126 20.35358292795829 285.67523 93.67725 248.86176706859717 -28.983129248380564 -4.064465 -5.426801 0.5385191 248.86177082443817 -28.983134833443113 248.93988342074215 -29.03810703468505 79.81723220541637 92.95803032483701 16000.0 16600.0 2016.0 2 51 {-999.0 14.469281 13.005039 12.345353 -999.0} sdss_psfmag_from_g3xp 13.862333 12.895795 11.929535 9.689 63050396382842679 1109568137 bright_1x1 mwm_tess_rgb_apogee mwm_tessrgb science 0 0 0.0 0.0 -999 ""
FIBERMAP 960 R+13C6 BOSS 0 0 0 1 0 0 -36.08580286110876 235.983988019633 143.1 -237.91255381178956 19.612892527619426 285.67523 93.67725 -999.0 -999.0 -999.0 -999.0 -999.0 248.8621256754042 -28.9853753635622 248.94020137811424 -29.040347900016524 79.81706023170169 92.97076566672933 -999.0 5400.0 -999.0 1 88 {-999.0 -999.0 -999.0 -999.0 -999.0} "" -999.0 -999.0 -999.0 -999.0 -999 -999 "" "" "" "" 0 0 0.0 0.0 -999 ""
FIBERMAP 960 R+13C6 METROLOGY 0 0 0 1 0 0 -35.973345875155026 236.73272788402411 143.1 -238.61479273548207 19.895880958893354 285.67523 93.67725 -999.0 -999.0 -999.0 -999.0 -999.0 248.8596646510291 -28.984496238038428 248.9377494692609 -29.03947441374389 79.81916037108121 92.96525872397046 -999.0 6231.0 -999.0 -1 -999 {-999.0 -999.0 -999.0 -999.0 -999.0} "" -999.0 -999.0 -999.0 -999.0 -999 -999 "" "" "" "" 0 0 0.0 0.0 -999 ""
FIBERMAP 961 R-2C8 APOGEE 0 0 0 1 0 0 -123.42045802476939 -57.24622453223512 143.1 27.068710001540097 -133.3261498269911 307.12335 28.252232 -999.0 -999.0 -999.0 -999.0 -999.0 249.7783023253686 -29.453959885518966 249.8581219219534 -29.506594638866368 79.02959656703253 95.63287887851675 -999.0 16600.0 -999.0 2 -999 {-999.0 -999.0 -999.0 -999.0 -999.0} "" -999.0 -999.0 -999.0 -999.0 -999 -999 "" "" "" "" 0 0 0.0 0.0 -999 ""
FIBERMAP 961 R-2C8 BOSS 1 1 0 1 0 0 -124.16922830840977 -56.85712535589266 143.1 26.51661969471764 -133.96427730911932 307.12335 28.252232 249.77644832868194 -29.455948532930154 -8.704602 -5.397207 0.051510107 249.7764355617515 -29.455952867295977 249.85621331518144 -29.50859194211696 79.0312757990179 95.64329487799682 5400.0 5400.0 2016.0 1 497 {-999.0 17.154945 16.138973 15.601719 -999.0} sdss_psfmag_ps1 16.756931 16.05218 15.2098675 13.475 63050396382965201 1071751038 dark_flexible_2x1 mwm_halo_vmp_xp_boss mwm_halo science 0 0 0.0 0.0 -999 ""
FIBERMAP 961 R-2C8 METROLOGY 0 0 0 1 0 0 -123.50466140984139 -56.502982978809506 143.1 26.32622258246242 -133.23573128148692 307.12335 28.252232 -999.0 -999.0 -999.0 -999.0 -999.0 249.77576793203932 -29.453760574993712 249.8555520868847 -29.50640177522527 79.03183121699381 95.63175677855617 -999.0 6231.0 -999.0 -1 -999 {-999.0 -999.0 -999.0 -999.0 -999.0} "" -999.0 -999.0 -999.0 -999.0 -999 -999 "" "" "" "" 0 0 0.0 0.0 -999 ""
FIBERMAP 966 R-8C2 APOGEE 0 0 0 1 0 0 -191.9980120094168 -144.07690538803746 143.1 95.63038394932714 -220.1649435784585 165.66368 86.09899 -999.0 -999.0 -999.0 -999.0 -999.0 250.01645515731178 -29.71609098424876 250.09716705161122 -29.768077015891862 78.82145113946726 96.99270448955741 -999.0 16600.0 -999.0 2 -999 {-999.0 -999.0 -999.0 -999.0 -999.0} "" -999.0 -999.0 -999.0 -999.0 -999 -999 "" "" "" "" 0 0 0.0 0.0 -999 ""
FIBERMAP 966 R-8C2 BOSS 1 1 0 1 0 0 -191.81216919445478 -143.3622579605078 143.1 94.97832226345724 -219.8184759556245 165.66368 86.09899 250.0142551797913 -29.715078690364574 -2.9517572 -1.6307943 0.12374594 250.0142494016692 -29.715079532348827 250.09490873738594 -29.767070673648387 78.82342335213052 96.98763441631024 5400.0 5400.0 2016.0 1 456 {-999.0 16.491838 15.81645 15.356969 -999.0} sdss_psfmag_ps1 16.240072 15.691449 14.976699 13.588 63050396382545332 1071079958 bright_1x1 mwm_halo_vmp_xp_boss_single mwm_halo science 0 0 0.0 0.0 -999 ""
FIBERMAP 966 R-8C2 METROLOGY 0 0 0 1 0 0 -191.26976965353984 -143.90613862340552 143.1 95.63312309483626 -219.41697594684496 165.66368 86.09899 -999.0 -999.0 -999.0 -999.0 -999.0 250.01653726086852 -29.713902611013275 250.0972071753755 -29.76588870075838 78.82144233546035 96.98141544660109 -999.0 6231.0 -999.0 -1 -999 {-999.0 -999.0 -999.0 -999.0 -999.0} "" -999.0 -999.0 -999.0 -999.0 -999 -999 "" "" "" "" 0 0 0.0 0.0 -999 ""
FIBERMAP 968 R0C21 APOGEE 1 1 0 1 0 0 173.0859195183739 2.645188923535817 143.1 37.55791065584742 168.97708154856338 32.563046 91.94792 249.81650691453552 -28.537160000834735 0.15346731 1.5075375 0.43046388 249.81649874498302 -28.53716137972942 249.89343284063227 -28.589961228243535 78.95252356906944 90.84569689172349 16000.0 16600.0 2016.0 2 83 {-999.0 15.264373 13.589268 12.807054 -999.0} sdss_psfmag_from_g3xp 14.522113 13.406465 12.369246 9.93 63050396383259475 1110421122 bright_1x1 mwm_tess_rgb_apogee mwm_tessrgb science 0 0 0.0 0.0 -999 ""
FIBERMAP 968 R0C21 BOSS 0 0 0 1 0 0 173.4878635215146 2.0009737043816456 143.1 38.277743312662984 169.218694810337 32.563046 91.94792 -999.0 -999.0 -999.0 -999.0 -999.0 249.81904705397622 -28.536370490898484 249.89593172269542 -28.58916824528308 78.95026604330421 90.842623604327 -999.0 5400.0 -999.0 1 254 {-999.0 -999.0 -999.0 -999.0 -999.0} "" -999.0 -999.0 -999.0 -999.0 -999 -999 "" "" "" "" 0 0 0.0 0.0 -999 ""
FIBERMAP 968 R0C21 METROLOGY 0 0 0 1 0 0 172.75852695991756 1.970233925901735 143.1 38.13854370738682 168.50212886095107 32.563046 91.94792 -999.0 -999.0 -999.0 -999.0 -999.0 249.8185566202068 -28.538514616362765 249.8954613543558 -28.59131186045928 78.95087326541957 90.85356452054299 -999.0 6231.0 -999.0 -1 -999 {-999.0 -999.0 -999.0 -999.0 -999.0} "" -999.0 -999.0 -999.0 -999.0 -999 -999 "" "" "" "" 0 0 0.0 0.0 -999 ""
FIBERMAP 970 R-3C14 APOGEE 1 1 0 1 0 0 54.050111545787075 -65.80398210899283 143.1 76.54053325279274 37.318494033163546 51.267513 23.400763 249.9511619336155 -28.936324012196167 0.24524008 0.87423325 0.23619357 249.95115703199633 -28.936326162234867 250.02937442874122 -28.988688932092682 78.86318812195844 92.9584630375212 16000.0 16600.0 2016.0 2 231 {-999.0 14.742478 13.157035 12.415549 -999.0} sdss_psfmag_from_g3xp 14.059222 13.000811 11.988439 9.543 63050396383236535 1153032940 bright_1x1 mwm_galactic_core_dist_apogee_sparse mwm_galactic science 0 0 0.0 0.0 -999 ""
FIBERMAP 970 R-3C14 BOSS 0 0 0 1 0 0 53.89776436766372 -66.5242520705947 143.1 77.20583022819658 37.003304601525315 51.267513 23.400763 -999.0 -999.0 -999.0 -999.0 -999.0 249.9535630416526 -28.93726076451991 250.03173571183152 -28.989619843529187 78.86117851900983 92.96387802806657 -999.0 5400.0 -999.0 1 340 {-999.0 -999.0 -999.0 -999.0 -999.0} "" -999.0 -999.0 -999.0 -999.0 -999 -999 "" "" "" "" 0 0 0.0 0.0 -999 ""
FIBERMAP 970 R-3C14 METROLOGY 0 0 0 1 0 0 53.344491073531316 -66.03468291142875 143.1 76.601338030888 36.57863507357475 51.267513 23.400763 -999.0 -999.0 -999.0 -999.0 -999.0 249.9514611721357 -28.938545865769054 250.0296511059804 -28.990908980822155 78.86307167095111 92.97000910725802 -999.0 6231.0 -999.0 -1 -999 {-999.0 -999.0 -999.0 -999.0 -999.0} "" -999.0 -999.0 -999.0 -999.0 -999 -999 "" "" "" "" 0 0 0.0 0.0 -999 ""
FIBERMAP 974 R+9C1 APOGEE 1 1 0 1 0 0 -204.1677684590996 189.33868933080706 143.1 -231.5105736026841 -154.69842349078033 184.22585 53.77513 248.87945038490747 -29.512623883476788 -7.2713933 -3.2340038 0.03775123 248.87944318406073 -29.512640500146272 248.95923066399098 -29.56742227533618 79.81182377297542 95.95299356892679 16000.0 16600.0 2016.0 2 47 {-999.0 15.3306875 13.673566 12.651958 -999.0} sdss_psfmag_from_g3xp 14.606711 13.309739 12.205145 9.538 63050396382761709 1153032662 bright_1x1 mwm_galactic_core_dist_apogee_sparse mwm_galactic science 0 0 0.0 0.0 -999 ""
FIBERMAP 974 R+9C1 BOSS 0 0 0 1 0 0 -203.80814560960692 190.01913519348145 143.1 -232.08907494488975 -154.1908467331271 184.22585 53.77513 -999.0 -999.0 -999.0 -999.0 -999.0 248.8775175073629 -29.511076470793423 248.95725523127464 -29.56586315734961 79.81354806837597 95.94421651133678 -999.0 5400.0 -999.0 1 83 {-999.0 -999.0 -999.0 -999.0 -999.0} "" -999.0 -999.0 -999.0 -999.0 -999 -999 "" "" "" "" 0 0 0.0 0.0 -999 ""
FIBERMAP 974 R+9C1 METROLOGY 0 0 0 1 0 0 -203.42564929589346 189.36813203580036 143.1 -231.36714859345489 -153.9697244091414 184.22585 53.77513 -999.0 -999.0 -999.0 -999.0 -999.0 248.8799472883031 -29.510470338333302 248.95969625962584 -29.565251405918932 79.81142723004956 95.94071200911083 -999.0 6231.0 -999.0 -1 -999 {-999.0 -999.0 -999.0 -999.0 -999.0} "" -999.0 -999.0 -999.0 -999.0 -999 -999 "" "" "" "" 0 0 0.0 0.0 -999 ""
FIBERMAP 976 R-8C8 APOGEE 0 0 0 1 0 0 -27.873378333736422 -153.8798950898341 143.1 143.2191373470719 -62.79084503950085 32.623318 85.21171 -999.0 -999.0 -999.0 -999.0 -999.0 250.18247942109522 -29.239974062932102 250.26170860826892 -29.29169250024766 78.67370530980656 94.55830482247023 -999.0 16600.0 -999.0 2 -999 {-999.0 -999.0 -999.0 -999.0 -999.0} "" -999.0 -999.0 -999.0 -999.0 -999 -999 "" "" "" "" 0 0 0.0 0.0 -999 ""
FIBERMAP 976 R-8C8 BOSS 1 1 0 1 0 0 -27.50983946903476 -154.5034890478003 143.1 143.9100068880903 -62.581807990900295 32.623318 85.21171 250.18500422632218 -29.23935528848916 -3.359683 -2.8692975 0.07688412 250.18499315295693 -29.23936001364908 250.2641716937428 -29.291073883121065 78.67153893213899 94.55549724410525 5400.0 5400.0 2016.0 1 382 {-999.0 18.679752 17.960798 17.602148 17.411215} sdss_psfmag_from_ps1dr2 18.4203 17.9536 17.2313 16.182 63050396382963765 1040588226 "" ops_std_boss_ps1dr2 ops_std standard_boss 0 0 0.0 0.0 -999 ""
FIBERMAP 976 R-8C8 METROLOGY 0 0 0 1 0 0 -28.25854548123282 -154.521100583639 143.1 143.75354629074107 -63.31417109635844 32.623318 85.21171 -999.0 -999.0 -999.0 -999.0 -999.0 250.18445697965325 -29.241589432057552 250.26365644514522 -29.293303586082082 78.67205734508383 94.56677190425154 -999.0 6231.0 -999.0 -1 -999 {-999.0 -999.0 -999.0 -999.0 -999.0} "" -999.0 -999.0 -999.0 -999.0 -999 -999 "" "" "" "" 0 0 0.0 0.0 -999 ""
FIBERMAP 977 R+4C7 APOGEE 1 1 0 1 0 0 -103.91250974341439 90.35247446424137 143.1 -111.98016669324704 -80.12883896833188 72.645546 101.28638 249.29495683566336 -29.290842637507442 -0.9622095 -0.39647946 0.19761938 249.29494635990108 -29.2908539501478 249.3741341785451 -29.34469916831945 79.44870310373766 94.7322711378909 16000.0 16600.0 2016.0 2 31 {-999.0 14.913337 13.4769945 12.797028 -999.0} sdss_psfmag_from_g3xp 14.323811 13.354534 12.385957 10.103 63050396382781810 1153032541 bright_1x1 mwm_galactic_core_dist_apogee_sparse mwm_galactic science 0 0 0.0 0.0 -999 ""
FIBERMAP 977 R+4C7 BOSS 0 0 0 1 0 0 -103.16642002191907 90.30639334032631 143.1 -111.76235770440508 -79.41378827329908 72.645546 101.28638 -999.0 -999.0 -999.0 -999.0 -999.0 249.29570010955374 -29.288727539062393 249.3748355597586 -29.34257236733136 79.44804796176471 94.72072833566187 -999.0 5400.0 -999.0 1 52 {-999.0 -999.0 -999.0 -999.0 -999.0} "" -999.0 -999.0 -999.0 -999.0 -999 -999 "" "" "" "" 0 0 0.0 0.0 -999 ""
FIBERMAP 977 R+4C7 METROLOGY 0 0 0 1 0 0 -103.56358306911403 89.68026524641726 143.1 -111.24539613424757 -79.94528717800114 72.645546 101.28638 -999.0 -999.0 -999.0 -999.0 -999.0 249.29745987872315 -29.290359103940787 249.37661389567813 -29.34419900223797 79.44653173319958 94.72978326940671 -999.0 6231.0 -999.0 -1 -999 {-999.0 -999.0 -999.0 -999.0 -999.0} "" -999.0 -999.0 -999.0 -999.0 -999 -999 "" "" "" "" 0 0 0.0 0.0 -999 ""
FIBERMAP 978 R-1C23 APOGEE 0 0 0 1 0 0 201.53840080310522 -17.24138384342229 143.1 63.498802910717174 192.0425081143192 157.39023 129.24918 -999.0 -999.0 -999.0 -999.0 -999.0 249.90595899083314 -28.467703201764202 249.9826947386116 -28.520306661344062 78.86788520018231 90.52372664891004 -999.0 16600.0 -999.0 2 -999 {-999.0 -999.0 -999.0 -999.0 -999.0} "" -999.0 -999.0 -999.0 -999.0 -999 -999 "" "" "" "" 0 0 0.0 0.0 -999 ""
FIBERMAP 978 R-1C23 BOSS 1 1 0 1 0 0 201.33773959848145 -16.529634625279428 143.1 62.75994725790455 192.01234437587885 157.39023 129.24918 249.90347633969947 -28.467692875927543 -7.2743235 -9.865234 0.22940552 249.90348058677722 -28.467733391812125 249.9801681198801 -28.52034694527841 78.87009853101773 90.52281133099257 5400.0 5400.0 2016.0 1 288 {-999.0 17.759636 17.468725 17.377922 -999.0} sdss_psfmag_ps1 17.678595 17.43701 16.984993 16.608 63050396383265361 979901548 "" ops_std_boss ops_std standard_boss 0 0 0.0 0.0 -999 ""
FIBERMAP 978 R-1C23 METROLOGY 0 0 0 1 0 0 202.05454502762257 -16.700002871930415 143.1 63.09186283514521 192.67009305339377 157.39023 129.24918 -999.0 -999.0 -999.0 -999.0 -999.0 249.9046195515264 -28.46572549133498 249.9813145860246 -28.518335697395624 78.86889942222959 90.51295267485591 -999.0 6231.0 -999.0 -1 -999 {-999.0 -999.0 -999.0 -999.0 -999.0} "" -999.0 -999.0 -999.0 -999.0 -999 -999 "" "" "" "" 0 0 0.0 0.0 -999 ""
FIBERMAP 980 R+4C20 APOGEE 0 0 0 1 0 0 181.83723037699903 61.991114851785326 143.1 -18.139896292021202 191.24932174665165 299.03656 95.692955 -999.0 -999.0 -999.0 -999.0 -999.0 249.62454625545385 -28.469453892813913 249.70122745516085 -28.52273557740762 79.11425248156564 90.41016980776146 -999.0 16600.0 -999.0 2 -999 {-999.0 -999.0 -999.0 -999.0 -999.0} "" -999.0 -999.0 -999.0 -999.0 -999 -999 "" "" "" "" 0 0 0.0 0.0 -999 ""
FIBERMAP 980 R+4C20 BOSS 1 1 0 1 0 0 181.22493674887252 61.546546275317105 143.1 -17.849420144441325 190.55065704976806 299.03656 95.692955 249.62572774688383 -28.471475634829687 -41.201897 -18.183237 0.93673176 249.6255795872721 -28.471502307950026 249.70222068318026 -28.524784931983323 79.1135830739288 90.421418814591 5400.0 5400.0 2016.0 1 213 {-999.0 17.119326 16.289324 15.862608 -999.0} sdss_psfmag_ps1 16.816032 16.229185 15.4678 13.967 63050396383293932 1075065563 dark_flexible_2x1 mwm_halo_local_high_boss mwm_halo science 0 0 0.0 0.0 -999 ""
FIBERMAP 980 R+4C20 METROLOGY 0 0 0 1 0 0 181.1582672974608 62.30497366306848 143.1 -18.602613756995776 190.661652087347 299.03656 95.692955 -999.0 -999.0 -999.0 -999.0 -999.0 249.6229679952681 -28.47113612352221 249.69962062961838 -28.52442400943232 79.11582167690227 90.41834209899844 -999.0 6231.0 -999.0 -1 -999 {-999.0 -999.0 -999.0 -999.0 -999.0} "" -999.0 -999.0 -999.0 -999.0 -999 -999 "" "" "" "" 0 0 0.0 0.0 -999 ""
FIBERMAP 981 R-9C12 APOGEE 1 1 0 1 0 0 68.60024879086588 -162.00926022430914 143.1 173.49466385781653 29.165944660196246 80.237816 77.62264 250.28673288163432 -28.960921316917464 -1.7947938 -2.1711602 0.45693117 250.286734097704 -28.960933649565312 250.36510066799497 -29.012478342113912 78.57135534364244 93.16412033755057 16000.0 16600.0 2016.0 2 168 {-999.0 13.933009 12.211204 11.200336 -999.0} sdss_psfmag_from_g3xp 13.160226 11.860917 10.745507 8.152 63050396383005065 1153032993 bright_1x1 mwm_galactic_core_dist_apogee_sparse mwm_galactic science 0 0 0.0 0.0 -999 ""
FIBERMAP 981 R-9C12 BOSS 0 0 0 1 0 0 69.30145840379227 -162.30220046296654 143.1 173.9421914343663 29.780104009162535 80.237816 77.62264 -999.0 -999.0 -999.0 -999.0 -999.0 250.28839381594187 -28.959056382387402 250.36670529136063 -29.010600014024924 78.56984928308401 93.15505208976299 -999.0 5400.0 -999.0 1 401 {-999.0 -999.0 -999.0 -999.0 -999.0} "" -999.0 -999.0 -999.0 -999.0 -999 -999 "" "" "" "" 0 0 0.0 0.0 -999 ""
FIBERMAP 981 R-9C12 METROLOGY 0 0 0 1 0 0 68.71406235974501 -162.74140996958545 143.1 174.23322736192435 29.10690016923594 80.237816 77.62264 -999.0 -999.0 -999.0 -999.0 -999.0 250.28941689031794 -28.961092772597116 250.36774904578488 -29.012632663346295 78.56905152191905 93.1655500471054 -999.0 6231.0 -999.0 -1 -999 {-999.0 -999.0 -999.0 -999.0 -999.0} "" -999.0 -999.0 -999.0 -999.0 -999 -999 "" "" "" "" 0 0 0.0 0.0 -999 ""
FIBERMAP 982 R+12C10 APOGEE 0 0 0 1 0 0 38.33422736361674 239.06109485246296 143.1 -223.65101280759876 92.71603566339535 93.55663 150.82596 -999.0 -999.0 -999.0 -999.0 -999.0 248.9138865942948 -28.7645372235801 248.991327172419 -28.819445455388667 79.75961284871669 91.74139221892318 -999.0 16600.0 -999.0 2 -999 {-999.0 -999.0 -999.0 -999.0 -999.0} "" -999.0 -999.0 -999.0 -999.0 -999 -999 "" "" "" "" 0 0 0.0 0.0 -999 ""
FIBERMAP 982 R+12C10 BOSS 1 1 0 1 0 0 38.67071518671283 239.77618947074114 143.1 -224.26858160069926 93.209142072488 93.55663 150.82596 248.91180417365922 -28.763019147995223 0.12592812 -1.7167232 0.14731652 248.91180485858519 -28.763021364230237 248.9891960897321 -28.817937677995456 79.76137209100953 91.73220927934904 5400.0 5400.0 2016.0 1 160 {-999.0 17.653463 16.84127 16.435696 16.181164} sdss_psfmag_from_ps1dr2 17.3894 16.8321 16.0715 14.685 63050396382851712 1040588124 "" ops_std_boss_ps1dr2 ops_std standard_boss 0 0 0.0 0.0 -999 ""
FIBERMAP 982 R+12C10 METROLOGY 0 0 0 1 0 0 39.07763490964367 239.14381992306622 143.1 -223.55911779277577 93.45834179102087 93.55663 150.82596 -999.0 -999.0 -999.0 -999.0 -999.0 248.91419403679242 -28.762266730744532 248.99159597664686 -28.8171767694321 79.75922206876766 91.72875227301483 -999.0 6231.0 -999.0 -1 -999 {-999.0 -999.0 -999.0 -999.0 -999.0} "" -999.0 -999.0 -999.0 -999.0 -999 -999 "" "" "" "" 0 0 0.0 0.0 -999 ""
FIBERMAP 987 R-13C12 APOGEE 1 1 0 1 0 0 112.99690776579101 -260.68143025328874 143.1 279.76846660464724 49.47367992725591 337.30075 104.46302 250.65181931447427 -28.898571827705783 -5.5729322 -4.1474733 0.056507546 250.6517671878853 -28.898566122175005 250.73001066429117 -28.949244293779472 78.2489537530901 92.94402501442266 16000.0 16600.0 2016.0 2 160 {-999.0 16.614885 14.956413 13.358708 -999.0} sdss_psfmag_from_g3xp 15.904421 14.081368 12.807471 9.787 63050396383122581 1153032941 bright_1x1 mwm_galactic_core_dist_apogee_sparse mwm_galactic science 0 0 0.0 0.0 -999 ""
FIBERMAP 987 R-13C12 BOSS 0 0 0 1 0 0 112.904052810737 -261.4350668459633 143.1 280.48001350372635 49.20862340948326 337.30075 104.46302 -999.0 -999.0 -999.0 -999.0 -999.0 250.654228126807 -28.899361195475052 250.73242371647996 -28.95003596962796 78.24689593384782 92.94855340193533 -999.0 5400.0 -999.0 1 350 {-999.0 -999.0 -999.0 -999.0 -999.0} "" -999.0 -999.0 -999.0 -999.0 -999 -999 "" "" "" "" 0 0 0.0 0.0 -999 ""
FIBERMAP 987 R-13C12 METROLOGY 0 0 0 1 0 0 112.31369385120323 -260.9877167582738 143.1 279.9079900369788 48.73809126272567 337.30075 104.46302 -999.0 -999.0 -999.0 -999.0 -999.0 250.6523341797556 -28.900779945468223 250.73054831258366 -28.951458115886346 78.24862268273442 92.95501827353473 -999.0 6231.0 -999.0 -1 -999 {-999.0 -999.0 -999.0 -999.0 -999.0} "" -999.0 -999.0 -999.0 -999.0 -999 -999 "" "" "" "" 0 0 0.0 0.0 -999 ""
FIBERMAP 992 R-2C20 APOGEE 0 0 0 1 0 0 136.69197281697626 -30.90645371456617 143.1 61.75605648581802 125.79690152981233 229.78528 26.96248 -999.0 -999.0 -999.0 -999.0 -999.0 249.90000117973696 -28.667946540374565 249.97736295511606 -28.72050816874543 78.8903338601488 91.55544036929649 -999.0 16600.0 -999.0 2 -999 {-999.0 -999.0 -999.0 -999.0 -999.0} "" -999.0 -999.0 -999.0 -999.0 -999 -999 "" "" "" "" 0 0 0.0 0.0 -999 ""
FIBERMAP 992 R-2C20 BOSS 1 1 0 1 0 0 136.8661345350437 -30.182538487751813 143.1 61.09227151798025 126.1341555309153 229.78528 26.96248 249.89776611328122 -28.66685406593089 -999.0 -999.0 -999.0 249.89778752095935 -28.66685939747182 249.97509755426358 -28.719430047462716 78.89222787629618 91.5490371457604 5400.0 5400.0 2015.5 1 304 {-999.0 -999.0 -999.0 -999.0 -999.0} "" -999.0 -999.0 -999.0 -999.0 27021603175324177 853832423 "" ops_sky_boss_fallback ops_sky sky_boss 0 0 0.0 0.0 -999 ""
FIBERMAP 992 R-2C20 METROLOGY 0 0 0 1 0 0 137.40965115177954 -30.695655174367012 143.1 61.71740667784232 126.54387493844426 229.78528 26.96248 -999.0 -999.0 -999.0 -999.0 -999.0 249.8999425376589 -28.665609278802627 249.9772626643604 -28.718174125820244 78.89023453134588 91.54332969247719 -999.0 6231.0 -999.0 -1 -999 {-999.0 -999.0 -999.0 -999.0 -999.0} "" -999.0 -999.0 -999.0 -999.0 -999 -999 "" "" "" "" 0 0 0.0 0.0 -999 ""
FIBERMAP 998 R+3C8 APOGEE 0 0 0 1 0 0 -105.58715157404905 43.52611744600337 143.1 -66.81960399158834 -92.61474451548553 268.66586 98.63381 -999.0 -999.0 -999.0 -999.0 -999.0 249.45175897969673 -29.329574264882723 249.53110691424843 -29.38303113492725 79.31266257800907 94.95456301657276 -999.0 16600.0 -999.0 2 -999 {-999.0 -999.0 -999.0 -999.0 -999.0} "" -999.0 -999.0 -999.0 -999.0 -999 -999 "" "" "" "" 0 0 0.0 0.0 -999 ""
FIBERMAP 998 R+3C8 BOSS 1 1 0 1 0 0 -106.33593848311688 43.4356543122691 143.1 -66.90521928880008 -93.36407735905549 268.66586 98.63381 249.45144653320312 -29.331916750639408 -999.0 -999.0 -999.0 249.4514562515525 -29.331893268145897 249.53076502630506 -29.38535093967353 79.31300207985092 94.96704145283371 5400.0 5400.0 2015.5 1 53 {-999.0 -999.0 -999.0 -999.0 -999.0} "" -999.0 -999.0 -999.0 -999.0 27021603175316688 823816624 "" ops_sky_boss_good ops_sky sky_boss 0 0 0.0 0.0 -999 ""
FIBERMAP 998 R+3C8 METROLOGY 0 0 0 1 0 0 -106.0471997276118 44.1159088609965 143.1 -67.49996940804441 -92.92549518877566 268.66586 98.63381 -999.0 -999.0 -999.0 -999.0 -999.0 249.44937167053942 -29.330562855514774 249.52868889955255 -29.384025718828713 79.31478709412505 94.95972117871929 -999.0 6231.0 -999.0 -1 -999 {-999.0 -999.0 -999.0 -999.0 -999.0} "" -999.0 -999.0 -999.0 -999.0 -999 -999 "" "" "" "" 0 0 0.0 0.0 -999 ""
FIBERMAP 1001 R+8C12 APOGEE 0 0 0 1 0 0 62.72202773571935 166.64200272891844 143.1 -147.55321521072804 99.64771729609525 95.82102 34.946995 -999.0 -999.0 -999.0 -999.0 -999.0 249.17600693392566 -28.744953486164338 249.25344833654458 -28.799237579598707 79.52908434021887 91.71852357354538 -999.0 16600.0 -999.0 2 -999 {-999.0 -999.0 -999.0 -999.0 -999.0} "" -999.0 -999.0 -999.0 -999.0 -999 -999 "" "" "" "" 0 0 0.0 0.0 -999 ""
FIBERMAP 1001 R+8C12 BOSS 1 1 0 1 0 0 63.22788516368763 166.0880943271489 143.1 -146.89713270999525 100.01134714885177 95.82102 34.946995 249.1780147794282 -28.743786590851563 -9.261505 -9.864112 0.06747679 249.17826674088644 -28.743824421150922 249.2556600137932 -28.798106223906007 79.52707055299118 91.71307418680163 5400.0 5400.0 2016.0 1 145 {-999.0 16.693314 15.209751 14.45505 -999.0} sdss_psfmag_ps1 16.006344 14.960643 13.943813 11.568 63050396383273063 1071801166 dark_flexible_2x1 mwm_halo_mp_xp_boss mwm_halo science 0 0 0.9063245058059692 0.0 -999 ""
FIBERMAP 1001 R+8C12 METROLOGY 0 0 0 1 0 0 62.5015658603119 165.9272336904956 143.1 -146.90906185352424 99.26754689579718 95.82102 34.946995 -999.0 -999.0 -999.0 -999.0 -999.0 249.1781687806059 -28.746064575050816 249.25558182913176 -28.800345179561866 79.52729824472785 91.7253337116041 -999.0 6231.0 -999.0 -1 -999 {-999.0 -999.0 -999.0 -999.0 -999.0} "" -999.0 -999.0 -999.0 -999.0 -999 -999 "" "" "" "" 0 0 0.0 0.0 -999 ""
FIBERMAP 1002 R+12C5 APOGEE 0 0 0 1 0 0 -83.76097870245161 230.8482194022915 143.1 -243.97065427621283 -27.952363025960057 212.83862 88.95847 -999.0 -999.0 -999.0 -999.0 -999.0 248.83968155886444 -29.129161651962622 248.9182475831608 -29.18414604531036 79.84198120820258 93.780134313458 -999.0 16600.0 -999.0 2 -999 {-999.0 -999.0 -999.0 -999.0 -999.0} "" -999.0 -999.0 -999.0 -999.0 -999 -999 "" "" "" "" 0 0 0.0 0.0 -999 ""
FIBERMAP 1002 R+12C5 BOSS 1 1 0 1 0 0 -84.15191156115303 231.46247608684456 143.1 -244.6587927337463 -28.190211602871614 212.83862 88.95847 248.83734208800036 -29.12984843221235 -2.6530354 -3.1066337 0.101740666 248.83732625797057 -29.12986023538088 248.9158499137602 -29.184851348969964 79.84409660138115 93.78374066117601 5400.0 5400.0 2016.0 1 164 {-999.0 18.477331 17.822819 17.537674 17.355795} sdss_psfmag_from_ps1dr2 18.2909 17.8181 17.1931 15.84 63050396382831747 1040588088 "" ops_std_boss_ps1dr2 ops_std standard_boss 0 0 0.0 0.0 -999 ""
FIBERMAP 1002 R+12C5 METROLOGY 0 0 0 1 0 0 -83.40879884819178 231.5081190666721 143.1 -244.5308956625089 -27.456789953708586 212.83862 88.95847 -999.0 -999.0 -999.0 -999.0 -999.0 248.83772854087002 -29.12764959637264 248.9162578036561 -29.182640010344922 79.8436676867129 93.77127331610689 -999.0 6231.0 -999.0 -1 -999 {-999.0 -999.0 -999.0 -999.0 -999.0} "" -999.0 -999.0 -999.0 -999.0 -999 -999 "" "" "" "" 0 0 0.0 0.0 -999 ""
FIBERMAP 1003 R-2C13 APOGEE 0 0 0 1 0 0 5.0013913120413305 -21.95657497653452 143.1 22.51715487032437 -0.22581098709411873 105.608315 78.624916 -999.0 -999.0 -999.0 -999.0 -999.0 249.76349755925025 -29.05009998931993 249.8420328248469 -29.10288378088374 79.03257807783703 93.50983084629627 -999.0 16600.0 -999.0 2 -999 {-999.0 -999.0 -999.0 -999.0 -999.0} "" -999.0 -999.0 -999.0 -999.0 -999 -999 "" "" "" "" 0 0 0.0 0.0 -999 ""
FIBERMAP 1003 R-2C13 BOSS 1 1 0 1 0 0 5.752998418412208 -21.888329799590963 143.1 22.625035851221508 0.5211137561089072 105.608315 78.624916 249.76395536415333 -29.047810160340468 -4.2268553 -8.364496 0.0898256 249.76394212244142 -29.047829966937027 249.84242279937826 -29.100615221013506 79.032134318005 93.4980010309311 5400.0 5400.0 2016.0 1 420 {-999.0 18.342297 17.719154 17.430176 17.27393} sdss_psfmag_from_ps1dr2 18.1589 17.7079 17.0823 15.94 63050396383212740 1040588471 "" ops_std_boss_ps1dr2 ops_std standard_boss 0 0 0.0 0.0 -999 ""
FIBERMAP 1003 R-2C13 METROLOGY 0 0 0 1 0 0 5.441259368673888 -22.56156614138769 143.1 23.20762648847131 0.06178599723165194 105.608315 78.624916 -999.0 -999.0 -999.0 -999.0 -999.0 249.76595192308508 -29.049229567270174 249.84445093115153 -29.102009038890444 79.03042763435582 93.5057435683907 -999.0 6231.0 -999.0 -1 -999 {-999.0 -999.0 -999.0 -999.0 -999.0} "" -999.0 -999.0 -999.0 -999.0 -999 -999 "" "" "" "" 0 0 0.0 0.0 -999 ""
FIBERMAP 1005 R+8C16 APOGEE 0 0 0 1 0 0 116.99893028470602 145.16205609937452 143.1 -114.07488386631509 147.46358922604446 261.9467 53.050545 -999.0 -999.0 -999.0 -999.0 -999.0 249.2928388282959 -28.60074210650548 249.36985626365708 -28.654785632074635 79.4160421253621 90.97389820065575 -999.0 16600.0 -999.0 2 -999 {-999.0 -999.0 -999.0 -999.0 -999.0} "" -999.0 -999.0 -999.0 -999.0 -999 -999 "" "" "" "" 0 0 0.0 0.0 -999 ""
FIBERMAP 1005 R+8C16 BOSS 1 1 0 1 0 0 116.45211284617363 145.67121248009624 143.1 -114.69693207946789 147.04974083096965 261.9467 53.050545 249.29071137696215 -28.601925596257534 -5.8947678 -3.3131537 3.3419874 249.2906865153135 -28.6019343400591 249.36766169107352 -28.65598610494195 79.4180627907184 90.97952168019236 5400.0 5400.0 2016.0 1 210 {-999.0 19.181423 17.32838 16.268679 -999.0} sdss_psfmag_ps1 18.193766 17.03966 15.569156 13.002 63050396383279336 1094559778 bright_1x1 mwm_bin_vis_boss mwm_filler science 0 0 0.0 0.0 -999 ""
FIBERMAP 1005 R+8C16 METROLOGY 0 0 0 1 0 0 117.18516402761452 145.88649740810723 143.1 -114.73638159735393 147.81270787735107 261.9467 53.050545 -999.0 -999.0 -999.0 -999.0 -999.0 249.29054185918562 -28.599608452512122 249.36752263086373 -28.653660260365925 79.41798698293957 90.9668458867697 -999.0 6231.0 -999.0 -1 -999 {-999.0 -999.0 -999.0 -999.0 -999.0} "" -999.0 -999.0 -999.0 -999.0 -999 -999 "" "" "" "" 0 0 0.0 0.0 -999 ""
FIBERMAP 1007 R+12C9 APOGEE 0 0 0 1 0 0 10.424537827205924 242.4336231513922 143.1 -233.40254839272362 66.34971928690936 158.42091 98.759705 -999.0 -999.0 -999.0 -999.0 -999.0 248.87935899000536 -28.844064477471427 248.95704000114915 -28.89903334311939 79.7947277033585 92.17794934171695 -999.0 16600.0 -999.0 2 -999 {-999.0 -999.0 -999.0 -999.0 -999.0} "" -999.0 -999.0 -999.0 -999.0 -999 -999 "" "" "" "" 0 0 0.0 0.0 -999 ""
FIBERMAP 1007 R+12C9 BOSS 1 1 0 1 0 0 10.596308623124447 243.18948683285763 143.1 -234.0979645442875 66.69205502208821 158.42091 98.759705 248.8769788495915 -28.842973168513403 4.915525 -7.9898148 4.501404 248.87700243379737 -28.84300362289462 248.95463554372452 -28.89798079078945 79.79676480142004 92.17129597793632 5400.0 5400.0 2016.0 1 161 {-999.0 22.144163 20.365803 18.016235 -999.0} sdss_psfmag_ps1 21.334978 18.740019 17.301973 14.203 63050396382848505 1096706775 bright_1x1 mwm_bin_vis_boss mwm_filler science 0 0 0.0 0.0 -999 ""
FIBERMAP 1007 R+12C9 METROLOGY 0 0 0 1 0 0 11.136774213842488 242.66213474047902 143.1 -233.45968974715467 67.09550608383829 158.42091 98.759705 -999.0 -999.0 -999.0 -999.0 -999.0 248.87915148477293 -28.841786717668242 248.9567937733882 -28.896758406228027 79.79480429739843 92.16505899043307 -999.0 6231.0 -999.0 -1 -999 {-999.0 -999.0 -999.0 -999.0 -999.0} "" -999.0 -999.0 -999.0 -999.0 -999 -999 "" "" "" "" 0 0 0.0 0.0 -999 ""
FIBERMAP 1008 R0C26 APOGEE 1 1 0 1 0 0 263.702906225115 12.058165481910304 143.1 49.4117919573133 259.3043015384937 114.30392 116.819275 249.85744848875774 -28.265183337709097 -5.35652 -0.7821726 0.6163721 249.85741994162203 -28.2651815850083 249.93351363358101 -28.317959031705023 78.88933536742482 89.45675057637862 16000.0 16600.0 2016.0 2 106 {-999.0 17.019447 15.653528 15.014642 -999.0} sdss_psfmag_ps1 16.529306 15.579961 14.595098 12.329 63050396383300318 1034748298 bright_1x1 mwm_yso_variable_apogee_single mwm_yso science 0 0 0.0 0.0 -999 ""
FIBERMAP 1008 R0C26 BOSS 0 0 0 1 0 0 264.1357406278841 12.659392219060777 143.1 48.92732298595044 259.8647250927511 114.30392 116.819275 -999.0 -999.0 -999.0 -999.0 -999.0 249.8558039916508 -28.263489989666596 249.9318445659096 -28.316276677020312 78.8906005712961 89.44719760772074 -999.0 5400.0 -999.0 1 180 {-999.0 -999.0 -999.0 -999.0 -999.0} "" -999.0 -999.0 -999.0 -999.0 -999 -999 "" "" "" "" 0 0 0.0 0.0 -999 ""
FIBERMAP 1008 R0C26 METROLOGY 0 0 0 1 0 0 264.430866517514 11.956192437965733 143.1 49.67976461069887 259.98875855992077 114.30392 116.819275 -999.0 -999.0 -999.0 -999.0 -999.0 249.85838427615215 -28.263077369823026 249.93443755873818 -28.315856569745385 78.88828458604974 89.4464013620526 -999.0 6231.0 -999.0 -1 -999 {-999.0 -999.0 -999.0 -999.0 -999.0} "" -999.0 -999.0 -999.0 -999.0 -999 -999 "" "" "" "" 0 0 0.0 0.0 -999 ""
FIBERMAP 1015 R+8C1 APOGEE 1 1 0 1 0 0 -188.7978796646381 154.92425249914635 143.1 -194.47143913576642 -147.72703550296703 358.10724 118.30953 249.00763001683387 -29.4930324472683 -0.70147556 -6.4603777 0.092217416 249.00761288579685 -29.49304589871689 249.08737072369433 -29.54752536156731 79.70040895748069 95.839569266934 16000.0 16600.0 2016.0 2 48 {-999.0 15.524748 14.040014 13.342268 -999.0} sdss_psfmag_from_g3xp 14.905644 13.910184 12.927305 10.59 63050396382762644 1153032666 bright_1x1 mwm_galactic_core_dist_apogee_sparse mwm_galactic science 0 0 0.0 0.0 -999 ""
FIBERMAP 1015 R+8C1 BOSS 0 0 0 1 0 0 -188.4321776006382 154.25192194449397 143.1 -193.73266108282672 -147.52719412267555 358.10724 118.30953 -999.0 -999.0 -999.0 -999.0 -999.0 249.01019639188056 -29.49248375138039 249.08990828829621 -29.546957131450714 79.69820191557716 95.83638041872558 -999.0 5400.0 -999.0 1 84 {-999.0 -999.0 -999.0 -999.0 -999.0} "" -999.0 -999.0 -999.0 -999.0 -999 -999 "" "" "" "" 0 0 0.0 0.0 -999 ""
FIBERMAP 1015 R+8C1 METROLOGY 0 0 0 1 0 0 -189.17802835776075 154.28473672171768 143.1 -193.93751025297053 -148.24508824906144 358.10724 118.30953 -999.0 -999.0 -999.0 -999.0 -999.0 249.00942403805684 -29.494668287601716 249.08915537049972 -29.549142915560697 79.69885479585712 95.84860682076152 -999.0 6231.0 -999.0 -1 -999 {-999.0 -999.0 -999.0 -999.0 -999.0} "" -999.0 -999.0 -999.0 -999.0 -999 -999 "" "" "" "" 0 0 0.0 0.0 -999 ""
FIBERMAP 1020 R-3C9 APOGEE 1 1 0 1 0 0 -64.61378529199084 -73.12139321954308 143.1 56.14542568709768 -79.80459020922946 8.2954235 49.399853 249.87991333007812 -29.291811411306853 -999.0 -999.0 -999.0 249.87992614273276 -29.29183715655579 249.95925330587477 -29.34427211563742 78.93878144038273 94.79127412843377 16000.0 16600.0 2015.5 2 291 {-999.0 -999.0 -999.0 -999.0 -999.0} "" -999.0 -999.0 -999.0 -999.0 27021603175319743 845928338 "" ops_sky_apogee_best ops_sky sky_apogee 0 0 0.0 0.0 -999 ""
FIBERMAP 1020 R-3C9 BOSS 0 0 0 1 0 0 -65.08058067876594 -73.69189883015258 143.1 56.592137624331805 -80.39092535792497 8.2954235 49.399853 -999.0 -999.0 -999.0 -999.0 -999.0 249.88156161151164 -29.29366077650883 249.96084684705977 -29.34609229689361 78.93743728955248 94.80093484830985 -999.0 5400.0 -999.0 1 478 {-999.0 -999.0 -999.0 -999.0 -999.0} "" -999.0 -999.0 -999.0 -999.0 -999 -999 "" "" "" "" 0 0 0.0 0.0 -999 ""
FIBERMAP 1020 R-3C9 METROLOGY 0 0 0 1 0 0 -65.34455898458327 -72.9833412300585 143.1 55.841706093495496 -80.48341877126326 8.2954235 49.399853 -999.0 -999.0 -999.0 -999.0 -999.0 249.8789419741215 -29.29394805467598 249.95824116696883 -29.346385528150368 78.93971505969762 94.80217449869531 -999.0 6231.0 -999.0 -1 -999 {-999.0 -999.0 -999.0 -999.0 -999.0} "" -999.0 -999.0 -999.0 -999.0 -999 -999 "" "" "" "" 0 0 0.0 0.0 -999 ""
FIBERMAP 1021 R+4C5 APOGEE 1 1 0 1 0 0 -171.09663982587563 83.1141855371548 143.1 -120.51636750161663 -147.1582854131601 173.73473 100.30735 249.26421642755352 -29.49361031415985 -3.3464003 -2.8335474 0.17459975 249.26419920809215 -29.49360215692868 249.34402255992813 -29.54746458261678 79.47713544803763 95.83944272031476 16000.0 16600.0 2016.0 2 25 {-999.0 15.470486 14.05548 13.435381 -999.0} sdss_psfmag_from_g3xp 14.894833 13.974425 13.033725 10.861 63050396382769879 1153032716 bright_1x1 mwm_galactic_core_dist_apogee_sparse mwm_galactic science 0 0 0.0 0.0 -999 ""
FIBERMAP 1021 R+4C5 BOSS 0 0 0 1 0 0 -171.16185838487718 83.86163292572456 143.1 -121.25854427446411 -147.04842484039534 173.73473 100.30735 -999.0 -999.0 -999.0 -999.0 -999.0 249.26162326058702 -29.49329648152285 249.34139922818144 -29.54716524155909 79.47941722771532 95.837787493971 -999.0 5400.0 -999.0 1 42 {-999.0 -999.0 -999.0 -999.0 -999.0} "" -999.0 -999.0 -999.0 -999.0 -999 -999 "" "" "" "" 0 0 0.0 0.0 -999 ""
FIBERMAP 1021 R+4C5 METROLOGY 0 0 0 1 0 0 -170.4909651517245 83.5560614863296 143.1 -120.80575912361462 -146.46668339219747 173.73473 100.30735 -999.0 -999.0 -999.0 -999.0 -999.0 249.26317374995074 -29.491569187152297 249.34295757968573 -29.545434690949932 79.47805916005203 95.8283204119424 -999.0 6231.0 -999.0 -1 -999 {-999.0 -999.0 -999.0 -999.0 -999.0} "" -999.0 -999.0 -999.0 -999.0 -999 -999 "" "" "" "" 0 0 0.0 0.0 -999 ""
FIBERMAP 1022 R-11C3 APOGEE 1 1 0 1 0 0 -119.56692137527767 -193.80726772704787 143.1 160.79755108823642 -161.24018318887573 129.21904 56.533 250.2433730738434 -29.53767231890463 -5.176776 -5.6586967 0.13802847 250.24336134528977 -29.537685786916665 250.32355301307143 -29.589173261463475 78.62532225271885 96.07463517577276 16000.0 16600.0 2016.0 2 152 {-999.0 14.104997 12.871313 12.280146 -999.0} sdss_psfmag_from_g3xp 13.633203 12.790532 11.888183 9.911 63050396382894234 1156251593 bright_1x1 mwm_galactic_core_dist_apogee_extra mwm_galactic science 0 0 0.0 0.0 -999 ""
FIBERMAP 1022 R-11C3 BOSS 0 0 0 1 0 0 -118.83068893388041 -193.72052716801457 143.1 160.88387657748294 -160.50392540094174 129.21904 56.533 -999.0 -999.0 -999.0 -999.0 -999.0 250.24374444090748 -29.535488749060196 250.3238795529703 -29.58697616785827 78.62502560409015 96.06350373633774 -999.0 5400.0 -999.0 1 433 {-999.0 -999.0 -999.0 -999.0 -999.0} "" -999.0 -999.0 -999.0 -999.0 -999 -999 "" "" "" "" 0 0 0.0 0.0 -999 ""
FIBERMAP 1022 R-11C3 METROLOGY 0 0 0 1 0 0 -119.11886094847382 -194.40633950449595 143.1 161.48416425863826 -160.94324489617813 129.21904 56.533 -999.0 -999.0 -999.0 -999.0 -999.0 250.24584075211746 -29.53683096890697 250.32599467173713 -29.588312863237594 78.62319411179665 96.07033477693255 -999.0 6231.0 -999.0 -1 -999 {-999.0 -999.0 -999.0 -999.0 -999.0} "" -999.0 -999.0 -999.0 -999.0 -999 -999 "" "" "" "" 0 0 0.0 0.0 -999 ""
FIBERMAP 1024 R+6C15 APOGEE 1 1 0 1 0 0 104.44296500812835 101.86998394094624 143.1 -74.8750788453669 125.21266871525567 14.075389 45.554077 249.42762557145946 -28.668548932225182 -3.0592144 -3.7980704 0.17102729 249.42758875550905 -28.66853733097172 249.50484869815955 -28.722237611938752 79.30354092845434 91.39050084019311 16000.0 16600.0 2016.0 2 113 {-999.0 15.7960205 14.112594 13.274824 -999.0} sdss_psfmag_from_g3xp 15.050639 13.88698 12.828236 10.231 63050396383276260 1156251644 bright_1x1 mwm_galactic_core_dist_apogee_extra mwm_galactic science 0 0 0.0 0.0 -999 ""
FIBERMAP 1024 R+6C15 BOSS 0 0 0 1 0 0 104.05244602266373 101.2366104769927 143.1 -74.34952911107995 124.68595272926646 14.075389 45.554077 -999.0 -999.0 -999.0 -999.0 -999.0 249.42940162325493 -28.67007851230252 249.50662074250033 -28.723777187582925 79.3021131019609 91.39942918702076 -999.0 5400.0 -999.0 1 196 {-999.0 -999.0 -999.0 -999.0 -999.0} "" -999.0 -999.0 -999.0 -999.0 -999 -999 "" "" "" "" 0 0 0.0 0.0 -999 ""
FIBERMAP 1024 R+6C15 METROLOGY 0 0 0 1 0 0 103.66496359913806 101.89081246643023 143.1 -75.07572308086404 124.46072199373451 14.075389 45.554077 -999.0 -999.0 -999.0 -999.0 -999.0 249.42686488895654 -28.67073911166628 249.504098562477 -28.72444280218259 79.30437044195547 91.4020661755394 -999.0 6231.0 -999.0 -1 -999 {-999.0 -999.0 -999.0 -999.0 -999.0} "" -999.0 -999.0 -999.0 -999.0 -999 -999 "" "" "" "" 0 0 0.0 0.0 -999 ""
FIBERMAP 1027 R+8C18 APOGEE 0 0 0 1 0 0 188.6839180148812 158.4412270327011 143.1 -110.37120849767877 220.27171276949605 350.08688 142.99022 -999.0 -999.0 -999.0 -999.0 -999.0 249.30768947644756 -28.38114656676349 249.38402576807994 -28.435215859401918 79.38278348018514 89.79214556831454 -999.0 16600.0 -999.0 2 -999 {-999.0 -999.0 -999.0 -999.0 -999.0} "" -999.0 -999.0 -999.0 -999.0 -999 -999 "" "" "" "" 0 0 0.0 0.0 -999 ""
FIBERMAP 1027 R+8C18 BOSS 1 1 0 1 0 0 189.19462693559788 157.90631351678854 143.1 -109.73247781767995 220.64446582626664 350.08688 142.99022 249.31003242372475 -28.3799591363292 -26.004608 -19.315372 0.74886316 249.30992953470852 -28.38000760370746 249.3862173114378 -28.434076060526095 79.3807470828555 89.78709478333133 5400.0 5400.0 2016.0 1 250 {-999.0 17.737627 16.564362 16.046873 -999.0} sdss_psfmag_ps1 17.250687 16.477785 15.595251 13.83 63050396383290445 1075065562 dark_flexible_2x1 mwm_halo_local_high_boss mwm_halo science 0 0 0.0 0.0 -999 ""
FIBERMAP 1027 R+8C18 METROLOGY 0 0 0 1 0 0 188.46159607940464 157.72703435995652 143.1 -109.72804704698785 219.88986668898082 350.08688 142.99022 -999.0 -999.0 -999.0 -999.0 -999.0 249.3098876918138 -28.382240970081053 249.38619529238315 -28.43630769648036 79.38100105713343 89.79912662633865 -999.0 6231.0 -999.0 -1 -999 {-999.0 -999.0 -999.0 -999.0 -999.0} "" -999.0 -999.0 -999.0 -999.0 -999 -999 "" "" "" "" 0 0 0.0 0.0 -999 ""
FIBERMAP 1029 R+7C2 APOGEE 0 0 0 1 0 0 -174.115291916805 124.94599418304372 143.1 -161.9068096853986 -140.3956449070985 14.344557 59.300404 -999.0 -999.0 -999.0 -999.0 -999.0 249.12058128590135 -29.471990912532153 249.20030057225608 -29.526204786204694 79.60214351505194 95.72119325925462 -999.0 16600.0 -999.0 2 -999 {-999.0 -999.0 -999.0 -999.0 -999.0} "" -999.0 -999.0 -999.0 -999.0 -999 -999 "" "" "" "" 0 0 0.0 0.0 -999 ""
FIBERMAP 1029 R+7C2 BOSS 1 1 0 1 0 0 -174.36675763117472 124.20315660134378 143.1 -161.2425419650357 -140.8124811458055 14.344557 59.300404 249.122681074344 -29.473311286059328 -9.754987 -6.191034 0.15291853 249.12288202295417 -29.47330221756854 249.20256080679314 -29.527510270677027 79.60017946452747 95.72844784074834 5400.0 5400.0 2016.0 1 72 {-999.0 16.276733 15.279216 14.823541 -999.0} sdss_psfmag_ps1 15.899245 15.221063 14.409682 12.73 63050396382773631 1071803127 dark_flexible_2x1 mwm_halo_mp_xp_boss mwm_halo science 0 0 0.8030943274497986 0.0 -999 ""
FIBERMAP 1029 R+7C2 METROLOGY 0 0 0 1 0 0 -174.84083836467778 124.7641135387319 143.1 -161.89811309944574 -141.14356699545561 14.344557 59.300404 -999.0 -999.0 -999.0 -999.0 -999.0 249.1205619626585 -29.474303129981692 249.20025617189822 -29.528516455171545 79.6021866753246 95.73400112469636 -999.0 6231.0 -999.0 -1 -999 {-999.0 -999.0 -999.0 -999.0 -999.0} "" -999.0 -999.0 -999.0 -999.0 -999 -999 "" "" "" "" 0 0 0.0 0.0 -999 ""
FIBERMAP 1030 R-7C6 APOGEE 0 0 0 1 0 0 -111.53951282428972 -144.15942183664424 143.1 114.36539983876546 -141.92064956628636 220.24796 114.97601 -999.0 -999.0 -999.0 -999.0 -999.0 250.082152880685 -29.47984072831983 250.16212399381766 -29.531734337792674 78.76530234943925 95.77622613572055 -999.0 16600.0 -999.0 2 -999 {-999.0 -999.0 -999.0 -999.0 -999.0} "" -999.0 -999.0 -999.0 -999.0 -999 -999 "" "" "" "" 0 0 0.0 0.0 -999 ""
FIBERMAP 1030 R-7C6 BOSS 1 1 0 1 0 0 -112.26502224921578 -143.7983801748776 143.1 113.84599473933919 -142.5426560845985 220.24796 114.97601 250.08041381835938 -29.481783088035456 -999.0 -999.0 -999.0 250.0804374045966 -29.481773724551825 250.1603653522443 -29.53367133028211 78.76685045900823 95.78609532991686 5400.0 5400.0 2015.5 1 504 {-999.0 -999.0 -999.0 -999.0 -999.0} "" -999.0 -999.0 -999.0 -999.0 27021603175319392 853831464 "" ops_sky_boss_fallback ops_sky sky_boss 0 0 0.0 0.0 -999 ""
FIBERMAP 1030 R-7C6 METROLOGY 0 0 0 1 0 0 -111.61778552590467 -143.4155323280625 143.1 113.62365720403479 -141.82431190655512 220.24796 114.97601 -999.0 -999.0 -999.0 -999.0 -999.0 250.07967092263158 -29.479621618465124 250.1596057056056 -29.531521576020467 78.76749137477076 95.77502832802122 -999.0 6231.0 -999.0 -1 -999 {-999.0 -999.0 -999.0 -999.0 -999.0} "" -999.0 -999.0 -999.0 -999.0 -999 -999 "" "" "" "" 0 0 0.0 0.0 -999 ""
FIBERMAP 1031 R+1C16 APOGEE 1 1 0 1 0 0 68.38845564135013 26.676552668118546 143.1 -10.09251755300831 72.70778511772482 39.79749 106.97582 249.65101407289075 -28.828383690697613 -2.37459 -0.98437166 0.14769089 249.65098161857665 -28.828389603703336 249.72879305513584 -28.881506924066656 79.11925781776534 92.31456872547858 16000.0 16600.0 2016.0 2 114 {-999.0 15.579682 13.863829 12.873379 -999.0} sdss_psfmag_from_g3xp 14.811908 13.529662 12.423233 9.772 63050396383231468 1153032895 bright_1x1 mwm_galactic_core_dist_apogee_sparse mwm_galactic science 0 0 0.0 0.0 -999 ""
FIBERMAP 1031 R+1C16 BOSS 0 0 0 1 0 0 69.03661082138944 26.289471072679675 143.1 -9.565717954866736 73.24851027049351 39.79749 106.97582 -999.0 -999.0 -999.0 -999.0 -999.0 249.65285385817756 -28.82670681290734 249.7306134352168 -28.879822776621577 79.11755768389953 92.30621554662889 -999.0 5400.0 -999.0 1 198 {-999.0 -999.0 -999.0 -999.0 -999.0} "" -999.0 -999.0 -999.0 -999.0 -999 -999 "" "" "" "" 0 0 0.0 0.0 -999 ""
FIBERMAP 1031 R+1C16 METROLOGY 0 0 0 1 0 0 68.37924236334597 25.92958346063615 143.1 -9.368063350989164 72.52563423044033 39.79749 106.97582 -999.0 -999.0 -999.0 -999.0 -999.0 249.65351699982446 -28.828896797122255 249.7312969220534 -28.88200978152868 79.11710266956523 92.31798095171098 -999.0 6231.0 -999.0 -1 -999 {-999.0 -999.0 -999.0 -999.0 -999.0} "" -999.0 -999.0 -999.0 -999.0 -999 -999 "" "" "" "" 0 0 0.0 0.0 -999 ""
FIBERMAP 1033 R-9C16 APOGEE 1 1 0 1 0 0 134.27208741204524 -156.42766424706483 143.1 183.29172643751608 94.34024458670751 190.13322 30.22881 250.31965578931633 -28.763453595013132 -3.3770363 -5.362904 0.081768945 250.31966455115852 -28.763462223806993 250.39741441820092 -28.814982764900552 78.53042014735809 92.18038599594905 16000.0 16600.0 2016.0 2 208 {-999.0 16.23857 14.480948 13.132069 -999.0} sdss_psfmag_from_g3xp 15.44874 13.839854 12.62257 9.657 63050396383017748 1156251725 bright_1x1 mwm_galactic_core_dist_apogee_extra mwm_galactic science 0 0 0.0 0.0 -999 ""
FIBERMAP 1033 R-9C16 BOSS 0 0 0 1 0 0 134.84012013374007 -155.93545545947003 143.1 182.94464766431688 95.00690155367586 190.13322 30.22881 -999.0 -999.0 -999.0 -999.0 -999.0 250.31856133359764 -28.7614179452308 250.39625500678994 -28.812944908613407 78.53128463506377 92.1697918772715 -999.0 5400.0 -999.0 1 294 {-999.0 -999.0 -999.0 -999.0 -999.0} "" -999.0 -999.0 -999.0 -999.0 -999 -999 "" "" "" "" 0 0 0.0 0.0 -999 ""
FIBERMAP 1033 R-9C16 METROLOGY 0 0 0 1 0 0 134.9800091936205 -156.66289249901237 143.1 183.68467278264933 94.9743138277559 190.13322 30.22881 -999.0 -999.0 -999.0 -999.0 -999.0 250.32112535424193 -28.761502635941728 250.39883384619873 -28.81302247120449 78.52903676282224 92.17101084247429 -999.0 6231.0 -999.0 -1 -999 {-999.0 -999.0 -999.0 -999.0 -999.0} "" -999.0 -999.0 -999.0 -999.0 -999 -999 "" "" "" "" 0 0 0.0 0.0 -999 ""
FIBERMAP 1038 R+9C11 APOGEE 1 1 0 1 0 0 26.892668187458995 158.5514895146631 143.1 -147.99066417499475 62.92002583965404 278.18024 81.80372 249.17341992948872 -28.85621658692342 0.27419722 -1.0630915 0.044974748 249.17341996974056 -28.856220325303006 249.2512093848335 -28.910479498517738 79.53837546137049 92.32885682070992 16000.0 16600.0 2016.0 2 140 {-999.0 16.013937 14.404919 13.562879 -999.0} sdss_psfmag_from_g3xp 15.318215 14.168295 13.115071 10.644 63050396383271954 1156251630 bright_1x1 mwm_galactic_core_dist_apogee_extra mwm_galactic science 0 0 0.0 0.0 -999 ""
FIBERMAP 1038 R+9C11 BOSS 0 0 0 1 0 0 26.142310290948735 158.5389928708064 143.1 -148.15248311812468 62.18724183284613 278.18024 81.80372 -999.0 -999.0 -999.0 -999.0 -999.0 249.17281659701212 -28.858410488858794 249.25056758744813 -28.912672894672234 79.53906913543557 92.34072725517416 -999.0 5400.0 -999.0 1 139 {-999.0 -999.0 -999.0 -999.0 -999.0} "" -999.0 -999.0 -999.0 -999.0 -999 -999 "" "" "" "" 0 0 0.0 0.0 -999 ""
FIBERMAP 1038 R+9C11 METROLOGY 0 0 0 1 0 0 26.52133384158904 159.19928273119697 143.1 -148.70688019473323 62.70901671936763 278.18024 81.80372 -999.0 -999.0 -999.0 -999.0 -999.0 249.17088375146042 -28.85681176209914 249.24864207363134 -28.911078586867678 79.54065502083489 92.33139957726564 -999.0 6231.0 -999.0 -1 -999 {-999.0 -999.0 -999.0 -999.0 -999.0} "" -999.0 -999.0 -999.0 -999.0 -999 -999 "" "" "" "" 0 0 0.0 0.0 -999 ""
FIBERMAP 1045 R+11C11 APOGEE 1 1 0 1 0 0 51.745563314918044 228.41349781977843 143.1 -210.18441125975332 103.29277818818993 124.10486 96.96641 248.960545009542 -28.732808992081473 -4.385178 -1.5506641 0.15862153 248.96054760149676 -28.73282396374551 249.0379002311214 -28.78762905415092 79.71667028281045 91.57930841009954 16000.0 16600.0 2016.0 2 126 {-999.0 15.690794 13.89352 12.837539 -999.0} sdss_psfmag_from_g3xp 14.867972 13.497627 12.357099 9.538 63050396382851985 1153032671 bright_1x1 mwm_galactic_core_dist_apogee_sparse mwm_galactic science 0 0 0.0 0.0 -999 ""
FIBERMAP 1045 R+11C11 BOSS 0 0 0 1 0 0 52.28962647559586 228.91017923045743 143.1 -210.54139810975772 103.93715653559077 124.10486 96.96641 -999.0 -999.0 -999.0 -999.0 -999.0 248.95935842064117 -28.730851742389724 249.0366603265711 -28.785663037597487 79.71761292299303 91.56788595160714 -999.0 5400.0 -999.0 1 113 {-999.0 -999.0 -999.0 -999.0 -999.0} "" -999.0 -999.0 -999.0 -999.0 -999 -999 "" "" "" "" 0 0 0.0 0.0 -999 ""
FIBERMAP 1045 R+11C11 METROLOGY 0 0 0 1 0 0 52.453220255672484 228.19532695641294 143.1 -209.80811834739043 103.93054466425949 124.10486 96.96641 -999.0 -999.0 -999.0 -999.0 -999.0 248.96182463026656 -28.730868806915453 249.039139718628 -28.785673384063095 79.71544628941928 91.56881932061913 -999.0 6231.0 -999.0 -1 -999 {-999.0 -999.0 -999.0 -999.0 -999.0} "" -999.0 -999.0 -999.0 -999.0 -999 -999 "" "" "" "" 0 0 0.0 0.0 -999 ""
FIBERMAP 1047 R+10C15 APOGEE 1 1 0 1 0 0 136.95815665457974 173.48552135795092 143.1 -136.99796908632084 173.44523986073887 334.0637 47.123604 249.21471389483375 -28.522037162247553 -6.184049 0.7224689 1.2339319 249.2146919802171 -28.521984700092037 249.2914458528046 -28.576238198567324 79.47765508668397 90.51344827591436 16000.0 16600.0 2016.0 2 77 {-999.0 14.170681 12.954986 12.306461 -999.0} sdss_psfmag_from_g3xp 13.712634 12.829475 11.891788 9.806 63050396383287431 1110083658 bright_1x1 mwm_tess_rgb_apogee mwm_tessrgb science 0 0 0.0 0.0 -999 ""
FIBERMAP 1047 R+10C15 BOSS 0 0 0 1 0 0 136.28367455600355 173.19313890422927 143.1 -136.86994585402743 172.7213685219666 334.0637 47.123604 -999.0 -999.0 -999.0 -999.0 -999.0 249.21512338268377 -28.52413293192478 249.2918388806546 -28.578388452551756 79.47750921450245 90.52534666970138 -999.0 5400.0 -999.0 1 236 {-999.0 -999.0 -999.0 -999.0 -999.0} "" -999.0 -999.0 -999.0 -999.0 -999 -999 "" "" "" "" 0 0 0.0 0.0 -999 ""
FIBERMAP 1047 R+10C15 METROLOGY 0 0 0 1 0 0 136.3767440866006 173.95193735119187 143.1 -137.58646403086377 172.98783056585452 334.0637 47.123604 -999.0 -999.0 -999.0 -999.0 -999.0 249.21263121938324 -28.523294875804833 249.28935634382867 -28.577555586788634 79.4796034974191 90.5197073597999 -999.0 6231.0 -999.0 -1 -999 {-999.0 -999.0 -999.0 -999.0 -999.0} "" -999.0 -999.0 -999.0 -999.0 -999 -999 "" "" "" "" 0 0 0.0 0.0 -999 ""
FIBERMAP 1048 R-5C8 APOGEE 0 0 0 1 0 0 -76.47071815158024 -107.8742550850696 143.1 87.20106218288035 -99.39568593104619 263.96063 133.33008 -999.0 -999.0 -999.0 -999.0 -999.0 249.98786743874314 -29.35122798078403 250.06740762833067 -29.403385570848172 78.84587087737717 95.1089295398603 -999.0 16600.0 -999.0 2 -999 {-999.0 -999.0 -999.0 -999.0 -999.0} "" -999.0 -999.0 -999.0 -999.0 -999 -999 "" "" "" "" 0 0 0.0 0.0 -999 ""
FIBERMAP 1048 R-5C8 BOSS 1 1 0 1 0 0 -77.07622180002112 -108.32736033242963 143.1 87.50141639798476 -100.08972516748892 263.96063 133.33008 249.98874728937906 -29.35337637256158 -15.928494 -5.3168955 0.5290968 249.98900641945303 -29.353378477735138 250.06850517259397 -29.405533550625844 78.84495769655744 95.12012893288039 5400.0 5400.0 2016.0 1 481 {-999.0 15.525148 14.618141 14.184871 -999.0} sdss_psfmag_from_g3xp 15.233046 14.593524 13.810823 12.178 63050396382955205 1074203200 dark_flexible_2x1 mwm_halo_local_high_boss mwm_halo science 0 0 0.9799111485481262 0.0 -999 ""
FIBERMAP 1048 R-5C8 METROLOGY 0 0 0 1 0 0 -77.16221038381212 -107.58905917072464 143.1 86.76332067832963 -100.00218857411828 263.96063 133.33008 -999.0 -999.0 -999.0 -999.0 -999.0 249.98643625467548 -29.353126049325905 250.0659473912956 -29.405287164776922 78.8471806287846 95.11862711119772 -999.0 6231.0 -999.0 -1 -999 {-999.0 -999.0 -999.0 -999.0 -999.0} "" -999.0 -999.0 -999.0 -999.0 -999 -999 "" "" "" "" 0 0 0.0 0.0 -999 ""
FIBERMAP 1050 R+12C14 APOGEE 1 1 0 1 0 0 130.29734977065095 249.22068103135481 143.1 -212.21126303001162 184.52577159835417 132.21814 85.112076 248.95706176757812 -28.487655168116333 -999.0 -999.0 -999.0 248.95707720665524 -28.487652988220095 249.03366463813802 -28.542534959016265 79.6999214584969 90.21047691633379 16000.0 16600.0 2015.5 2 56 {-999.0 -999.0 -999.0 -999.0 -999.0} "" -999.0 -999.0 -999.0 -999.0 27021603175487486 848670047 "" ops_sky_apogee_best ops_sky sky_apogee 0 0 0.0 0.0 -999 ""
FIBERMAP 1050 R+12C14 BOSS 0 0 0 1 0 0 130.88974961876724 249.67296281998986 143.1 -212.51385444104503 185.2068736095991 132.21814 85.112076 -999.0 -999.0 -999.0 -999.0 -999.0 248.95613709105027 -28.48561009547363 249.03267378745136 -28.540498609095494 79.70059402051882 90.19867596010397 -999.0 5400.0 -999.0 1 93 {-999.0 -999.0 -999.0 -999.0 -999.0} "" -999.0 -999.0 -999.0 -999.0 -999 -999 "" "" "" "" 0 0 0.0 0.0 -999 ""
FIBERMAP 1050 R+12C14 METROLOGY 0 0 0 1 0 0 130.9826984912545 248.9165760649349 143.1 -211.75655275855223 185.1219141685035 132.21814 85.112076 -999.0 -999.0 -999.0 -999.0 -999.0 248.9586628855832 -28.48583846339904 249.03521339105862 -28.540719797395873 79.69839427225048 90.20109653616805 -999.0 6231.0 -999.0 -1 -999 {-999.0 -999.0 -999.0 -999.0 -999.0} "" -999.0 -999.0 -999.0 -999.0 -999 -999 "" "" "" "" 0 0 0.0 0.0 -999 ""
FIBERMAP 1052 R-8C18 APOGEE 0 0 0 1 0 0 185.0165687628053 -168.25171987978916 143.1 206.5585878362993 140.95883907838265 301.37045 108.9209 -999.0 -999.0 -999.0 -999.0 -999.0 250.39871623150526 -28.622521835921038 250.47603836610142 -28.673890700153137 78.45055593124596 91.5027560247915 -999.0 16600.0 -999.0 2 -999 {-999.0 -999.0 -999.0 -999.0 -999.0} "" -999.0 -999.0 -999.0 -999.0 -999 -999 "" "" "" "" 0 0 0.0 0.0 -999 ""
FIBERMAP 1052 R-8C18 BOSS 1 1 0 1 0 0 184.52695666732956 -168.84651245424143 143.1 207.02363395821934 140.34467864002443 301.37045 108.9209 250.40039062499997 -28.62434965827255 -999.0 -999.0 -999.0 250.4003917328264 -28.624362792230805 250.47767021498487 -28.675730805171057 78.44928581209157 91.51252079312877 5400.0 5400.0 2015.5 1 275 {-999.0 -999.0 -999.0 -999.0 -999.0} "" -999.0 -999.0 -999.0 -999.0 27021603175322298 853832045 "" ops_sky_boss_fallback ops_sky sky_boss 0 0 0.0 0.0 -999 ""
FIBERMAP 1052 R-8C18 METROLOGY 0 0 0 1 0 0 184.27711848497862 -168.13897457648045 143.1 206.2774727958873 140.26570315021715 301.37045 108.9209 -999.0 -999.0 -999.0 -999.0 -999.0 250.39786152840236 -28.624576820855275 250.4751542909969 -28.675949842076587 78.45150378144373 91.51267468125178 -999.0 6231.0 -999.0 -1 -999 {-999.0 -999.0 -999.0 -999.0 -999.0} "" -999.0 -999.0 -999.0 -999.0 -999 -999 "" "" "" "" 0 0 0.0 0.0 -999 ""
FIBERMAP 1055 R+1C11 APOGEE 1 1 0 1 0 0 -48.384499534059835 16.42355541828539 143.1 -27.19370246018434 -43.2565782167482 282.46527 161.14546 249.59029758529624 -29.180355117014994 -5.179149 -2.8546162 0.069268584 249.59026171549593 -29.180352452711325 249.66916941019633 -29.23351744665207 79.18851364357307 94.1695754060492 16000.0 16600.0 2016.0 2 21 {-999.0 15.712923 14.019525 13.095123 -999.0} sdss_psfmag_from_g3xp 14.960898 13.732303 12.646749 9.979 63050396383205053 1156251763 bright_1x1 mwm_galactic_core_dist_apogee_extra mwm_galactic science 0 0 0.0 0.0 -999 ""
FIBERMAP 1055 R+1C11 BOSS 0 0 0 1 0 0 -48.45606208211762 15.662806657254556 143.1 -26.47030066430354 -43.50257222396458 282.46527 161.14546 -999.0 -999.0 -999.0 -999.0 -999.0 249.5928025321853 -29.181133569427935 249.67166636715638 -29.23429355740662 79.18636123269899 94.17408975624227 -999.0 5400.0 -999.0 1 31 {-999.0 -999.0 -999.0 -999.0 -999.0} "" -999.0 -999.0 -999.0 -999.0 -999 -999 "" "" "" "" 0 0 0.0 0.0 -999 ""
FIBERMAP 1055 R+1C11 METROLOGY 0 0 0 1 0 0 -49.058799413611105 16.115542607259894 143.1 -27.05043305037469 -43.98389629310403 282.46527 161.14546 -999.0 -999.0 -999.0 -999.0 -999.0 249.59076271938815 -29.18259280231273 249.6696440020428 -29.235756914290658 79.18817271729495 94.18157968541271 -999.0 6231.0 -999.0 -1 -999 {-999.0 -999.0 -999.0 -999.0 -999.0} "" -999.0 -999.0 -999.0 -999.0 -999 -999 "" "" "" "" 0 0 0.0 0.0 -999 ""
FIBERMAP 1059 R+3C13 APOGEE 1 1 0 1 0 0 14.837618719122943 45.406617759559516 143.1 -40.72764742629697 24.960594918182053 288.69272 115.876595 249.54412927759768 -28.97303022297809 -0.1334625 -3.5977633 0.1125999 249.5441221450472 -28.973028881278797 249.62236468199603 -29.02636318186158 79.22065470458642 93.05537307611974 16000.0 16600.0 2016.0 2 125 {-999.0 14.278946 12.976886 12.338749 -999.0} sdss_psfmag_from_g3xp 13.772676 12.872414 11.938308 9.84 63050396383223216 1153033256 bright_1x1 mwm_galactic_core_dist_apogee_sparse mwm_galactic science 0 0 0.0 0.0 -999 ""
FIBERMAP 1059 R+3C13 BOSS 0 0 0 1 0 0 14.309368297090092 44.88192069290366 143.1 -40.33974297358169 24.32510231970532 288.69272 115.876595 -999.0 -999.0 -999.0 -999.0 -999.0 249.5454770038578 -28.97494572075208 249.6236792492183 -29.02827831101985 79.2196050197859 93.06591420593804 -999.0 5400.0 -999.0 1 111 {-999.0 -999.0 -999.0 -999.0 -999.0} "" -999.0 -999.0 -999.0 -999.0 -999 -999 "" "" "" "" 0 0 0.0 0.0 -999 ""
FIBERMAP 1059 R+3C13 METROLOGY 0 0 0 1 0 0 14.122028119475566 45.606719347783994 143.1 -41.08820349344644 24.310921767777135 288.69272 115.876595 -999.0 -999.0 -999.0 -999.0 -999.0 249.5428613558459 -28.9749785857993 249.6210763324175 -29.02831687543726 79.2218799474811 93.06549699145694 -999.0 6231.0 -999.0 -1 -999 {-999.0 -999.0 -999.0 -999.0 -999.0} "" -999.0 -999.0 -999.0 -999.0 -999 -999 "" "" "" "" 0 0 0.0 0.0 -999 ""
FIBERMAP 1061 R+9C10 APOGEE 1 1 0 1 0 0 20.28269743750435 193.49788091047412 143.1 -183.5162046583074 64.59290394744134 124.611176 42.01397 249.05090936464472 -28.850444886147965 0.63718385 -3.656771 0.138192 249.0509047288935 -28.85046921957746 249.12864707851725 -28.90502441747202 79.64513690154563 92.26264171307884 16000.0 16600.0 2016.0 2 136 {-999.0 15.391589 13.56133 12.614972 -999.0} sdss_psfmag_from_g3xp 14.542935 13.2573595 12.152569 9.321 63050396382840509 1156251714 bright_1x1 mwm_galactic_core_dist_apogee_extra mwm_galactic science 0 0 0.0 0.0 -999 ""
FIBERMAP 1061 R+9C10 BOSS 0 0 0 1 0 0 21.00811565622144 193.33448134504962 143.1 -183.1890707191626 65.26064616743716 124.611176 42.01397 -999.0 -999.0 -999.0 -999.0 -999.0 249.05203695606684 -28.8484312526298 249.12972850573829 -28.902986691126635 79.64406785519843 92.25164724195395 -999.0 5400.0 -999.0 1 131 {-999.0 -999.0 -999.0 -999.0 -999.0} "" -999.0 -999.0 -999.0 -999.0 -999 -999 "" "" "" "" 0 0 0.0 0.0 -999 ""
FIBERMAP 1061 R+9C10 METROLOGY 0 0 0 1 0 0 20.519335656494995 192.7863644302302 143.1 -182.76923392288973 64.65811713490686 124.611176 42.01397 -999.0 -999.0 -999.0 -999.0 -999.0 249.05342256672637 -28.850256386102984 249.1311328248554 -28.904807303546328 79.64295164620835 92.2621723078662 -999.0 6231.0 -999.0 -1 -999 {-999.0 -999.0 -999.0 -999.0 -999.0} "" -999.0 -999.0 -999.0 -999.0 -999 -999 "" "" "" "" 0 0 0.0 0.0 -999 ""
FIBERMAP 1062 R-12C6 APOGEE 0 0 0 1 0 0 -55.64760474379773 -226.97289358904627 143.1 207.87839966030708 -106.75435179898498 146.24437 123.22582 -999.0 -999.0 -999.0 -999.0 -999.0 250.40645869381729 -29.37226591257971 250.48615724921353 -29.423405119918826 78.48158836845614 95.24899056946686 -999.0 16600.0 -999.0 2 -999 {-999.0 -999.0 -999.0 -999.0 -999.0} "" -999.0 -999.0 -999.0 -999.0 -999 -999 "" "" "" "" 0 0 0.0 0.0 -999 ""
FIBERMAP 1062 R-12C6 BOSS 1 1 0 1 0 0 -55.6301863304151 -226.24163849225857 143.1 207.17113326202167 -106.5678630332729 146.24437 123.22582 250.40411006763986 -29.371711148678536 -0.68287075 -8.167461 0.8431755 250.4040981574993 -29.37172935138745 250.48374434326365 -29.422875353514126 78.48367833457517 95.24611457446002 5400.0 5400.0 2016.0 1 365 {-999.0 18.870947 19.026592 19.199265 -999.0} sdss_psfmag_ps1 18.855701 18.853893 18.843584 -999.0 63050396382930148 1143795207 dark_1x2 mwm_wd_pwd_boss_1x2 mwm_wd science 0 0 0.0 0.0 -999 ""
FIBERMAP 1062 R-12C6 METROLOGY 0 0 0 1 0 0 -54.99555523127971 -226.60638349365857 143.1 207.67307002093486 -106.03511413308102 146.24437 123.22582 -999.0 -999.0 -999.0 -999.0 -999.0 250.40585620202154 -29.370126711096617 250.4855118578589 -29.421268648789717 78.48210490484651 95.2382334955206 -999.0 6231.0 -999.0 -1 -999 {-999.0 -999.0 -999.0 -999.0 -999.0} "" -999.0 -999.0 -999.0 -999.0 -999 -999 "" "" "" "" 0 0 0.0 0.0 -999 ""
FIBERMAP 1065 R-10C5 APOGEE 0 0 0 1 0 0 -94.06453248415504 -204.96410826859534 143.1 177.56288082655945 -139.02032744754302 238.48715 126.76425 -999.0 -999.0 -999.0 -999.0 -999.0 250.30155383523973 -29.470314064338638 250.3815428736026 -29.521679660763677 78.57428369367436 95.7354403083578 -999.0 16600.0 -999.0 2 -999 {-999.0 -999.0 -999.0 -999.0 -999.0} "" -999.0 -999.0 -999.0 -999.0 -999 -999 "" "" "" "" 0 0 0.0 0.0 -999 ""
FIBERMAP 1065 R-10C5 BOSS 1 1 0 1 0 0 -94.7898010893434 -205.02776997251934 143.1 177.45664814724094 -139.74056955430677 238.48715 126.76425 250.30137642137052 -29.47235854455663 -29.103924 -50.051266 1.5835003 250.3012701274127 -29.4725157988818 250.38121633291541 -29.523881973847775 78.57459399590266 95.74653995097799 5400.0 5400.0 2016.0 1 423 {-999.0 19.397497 18.031094 17.389158 -999.0} sdss_psfmag_ps1 18.822504 17.864956 16.92769 15.089 63050396382896788 1075065551 dark_flexible_2x1 mwm_halo_local_high_boss mwm_halo science 0 0 0.0 0.0 -999 ""
FIBERMAP 1065 R-10C5 METROLOGY 0 0 0 1 0 0 -94.49733873937507 -204.35404518805487 143.1 176.86911298295786 -139.2998793390482 238.48715 126.76425 -999.0 -999.0 -999.0 -999.0 -999.0 250.29925304183826 -29.471216181711995 250.37920877697877 -29.522587462149268 78.57632543422515 95.7399006062513 -999.0 6231.0 -999.0 -1 -999 {-999.0 -999.0 -999.0 -999.0 -999.0} "" -999.0 -999.0 -999.0 -999.0 -999 -999 "" "" "" "" 0 0 0.0 0.0 -999 ""
FIBERMAP 1066 R-11C10 APOGEE 1 1 0 1 0 0 44.74214065687636 -219.79585602982326 143.1 224.17308742107272 -7.439408960840821 327.56827 119.883705 250.46196989536526 -29.07141608383561 -6.2647877 -2.0226383 0.19311659 250.461940124811 -29.07141587105291 250.5406930541377 -29.122505360709706 78.42374762533856 93.75479262799138 16000.0 16600.0 2016.0 2 175 {-999.0 15.060462 13.764628 13.178538 -999.0} sdss_psfmag_from_g3xp 14.557984 13.694028 12.7805195 10.657 63050396382993419 1156251628 bright_1x1 mwm_galactic_core_dist_apogee_extra mwm_galactic science 0 0 0.0 0.0 -999 ""
FIBERMAP 1066 R-11C10 BOSS 0 0 0 1 0 0 44.75532942398566 -220.5374726759511 143.1 224.89752912940676 -7.598527955731191 327.56827 119.883705 -999.0 -999.0 -999.0 -999.0 -999.0 250.46453339139717 -29.07188816737322 250.54323811307324 -29.12297331606099 78.42154887357846 93.75764451816474 -999.0 5400.0 -999.0 1 417 {-999.0 -999.0 -999.0 -999.0 -999.0} "" -999.0 -999.0 -999.0 -999.0 -999 -999 "" "" "" "" 0 0 0.0 0.0 -999 ""
FIBERMAP 1066 R-11C10 METROLOGY 0 0 0 1 0 0 44.094707819643546 -220.16584272007447 143.1 224.3828692085022 -8.154961971713751 327.56827 119.883705 -999.0 -999.0 -999.0 -999.0 -999.0 250.46279415930894 -29.07358125826361 250.54151813686644 -29.124669550520515 78.42312961520827 93.7657342977509 -999.0 6231.0 -999.0 -1 -999 {-999.0 -999.0 -999.0 -999.0 -999.0} "" -999.0 -999.0 -999.0 -999.0 -999 -999 "" "" "" "" 0 0 0.0 0.0 -999 ""
FIBERMAP 1067 R+3C14 APOGEE 1 0 1 1 0 0 34.35847409546705 66.001422224103 143.1 -56.23456436204558 48.723901218554964 9.881665 170.27197 249.49127197265622 -28.964870315165612 -999.0 -999.0 -999.0 249.49069205087778 -28.900693038341554 249.56869469956462 -28.954176321708957 79.26359023825876 92.65549069970507 16000.0 16600.0 2015.5 2 122 {-999.0 -999.0 -999.0 -999.0 -999.0} "" -999.0 -999.0 -999.0 -999.0 27021603175323535 845928581 "" ops_sky_apogee_best ops_sky sky_apogee 0 0 0.0 0.0 -999 ""
FIBERMAP 1067 R+3C14 BOSS 0 0 1 1 0 0 35.08760138649103 65.90763445475814 143.1 -55.974283097016574 49.41139120193912 9.881665 170.27197 -999.0 -999.0 -999.0 -999.0 -999.0 249.49161381911185 -28.898577304375973 249.56956362655296 -28.95206131821532 79.26270878098683 92.64439316731273 -999.0 5400.0 -999.0 1 102 {-999.0 -999.0 -999.0 -999.0 -999.0} "" -999.0 -999.0 -999.0 -999.0 -999 -999 "" "" "" "" 0 0 0.0 0.0 -999 ""
FIBERMAP 1067 R+3C14 METROLOGY 0 0 1 1 0 0 34.64831299033599 65.30542480042074 143.1 -55.49035441874115 48.84446183768624 9.881665 170.27197 -999.0 -999.0 -999.0 -999.0 -999.0 249.49326385211782 -28.90030074952502 249.57123259974674 -28.953779633895852 79.26135033726143 92.65405401155238 -999.0 6231.0 -999.0 -1 -999 {-999.0 -999.0 -999.0 -999.0 -999.0} "" -999.0 -999.0 -999.0 -999.0 -999 -999 "" "" "" "" 0 0 0.0 0.0 -999 ""
FIBERMAP 1072 R-5C17 APOGEE 0 0 0 1 0 0 136.07378913248422 -108.16366921833941 143.1 136.76220698832398 107.28306793953705 345.6313 87.40037 -999.0 -999.0 -999.0 -999.0 -999.0 250.15913521261635 -28.724283900064382 250.2367286146058 -28.776203712132457 78.66796519682954 91.93180852137368 -999.0 16600.0 -999.0 2 -999 {-999.0 -999.0 -999.0 -999.0 -999.0} "" -999.0 -999.0 -999.0 -999.0 -999 -999 "" "" "" "" 0 0 0.0 0.0 -999 ""
FIBERMAP 1072 R-5C17 BOSS 1 1 0 1 0 0 135.88060627013277 -108.86495779727309 143.1 137.39957245162964 106.93255784426471 345.6313 87.40037 250.16143798828125 -28.72532579553436 -999.0 -999.0 -999.0 250.16144382517373 -28.72530373723707 250.23899201442714 -28.777220934734174 78.66606404226962 91.93773452790936 5400.0 5400.0 2015.5 1 296 {-999.0 -999.0 -999.0 -999.0 -999.0} "" -999.0 -999.0 -999.0 -999.0 27021603175323975 853832382 "" ops_sky_boss_fallback ops_sky sky_boss 0 0 0.0 0.0 -999 ""
FIBERMAP 1072 R-5C17 METROLOGY 0 0 0 1 0 0 135.3461230182105 -108.33687500038454 143.1 136.76197392364014 106.53509532871459 345.6313 87.40037 -999.0 -999.0 -999.0 -999.0 -999.0 250.159254112048 -28.72649365089364 250.23681945438 -28.7784148819843 78.6680531158891 91.94306005860295 -999.0 6231.0 -999.0 -1 -999 {-999.0 -999.0 -999.0 -999.0 -999.0} "" -999.0 -999.0 -999.0 -999.0 -999 -999 "" "" "" "" 0 0 0.0 0.0 -999 ""
FIBERMAP 1073 R+13C13 APOGEE 1 1 0 1 0 0 124.12145247642954 242.65473095500957 143.1 -207.25636171759658 176.99601342533424 240.34203 145.8289 248.97365950112146 -28.510388710260784 5.9242296 -1.3905834 0.44250503 248.973693540107 -28.51039488647738 249.0503556163518 -28.56523060997195 79.68746024775555 90.34447663210636 16000.0 16600.0 2016.0 2 58 {-999.0 14.183023 12.592734 11.808253 -999.0} sdss_psfmag_from_g3xp 13.495693 12.399096 11.368055 8.823 63050396392695275 1153042289 bright_1x1 mwm_galactic_core_dist_apogee_sparse mwm_galactic science 0 0 0.0 0.0 -999 ""
FIBERMAP 1073 R+13C13 BOSS 0 0 0 1 0 0 123.4940832013761 242.29498048380364 143.1 -207.0518850355988 176.3023499257489 240.34203 145.8289 -999.0 -999.0 -999.0 -999.0 -999.0 248.97441441392863 -28.512489622378244 249.05103893584567 -28.567326650206127 79.68705738445979 90.35644572950059 -999.0 5400.0 -999.0 1 96 {-999.0 -999.0 -999.0 -999.0 -999.0} "" -999.0 -999.0 -999.0 -999.0 -999 -999 "" "" "" "" 0 0 0.0 0.0 -999 ""
FIBERMAP 1073 R+13C13 METROLOGY 0 0 0 1 0 0 123.48873021824657 243.05637061850666 143.1 -207.7937440009773 176.47367552165625 240.34203 145.8289 -999.0 -999.0 -999.0 -999.0 -999.0 248.97182485666838 -28.511930740454613 249.04845957813484 -28.566773116083198 79.68926157902209 90.35219233940524 -999.0 6231.0 -999.0 -1 -999 {-999.0 -999.0 -999.0 -999.0 -999.0} "" -999.0 -999.0 -999.0 -999.0 -999 -999 "" "" "" "" 0 0 0.0 0.0 -999 ""
FIBERMAP 1075 R-7C7 APOGEE 1 1 0 1 0 0 -84.95468841383565 -121.04228953500751 143.1 98.0427898753345 -110.70127808836173 135.04175 93.244705 250.02548217773435 -29.385415090260793 -999.0 -999.0 -999.0 250.02552602654367 -29.38544564194346 250.10518355077306 -29.437502631170464 78.81360809560901 95.2881750961198 16000.0 16600.0 2015.5 2 267 {-999.0 -999.0 -999.0 -999.0 -999.0} "" -999.0 -999.0 -999.0 -999.0 27021603175319453 845928317 "" ops_sky_apogee_best ops_sky sky_apogee 0 0 0.0 0.0 -999 ""
FIBERMAP 1075 R-7C7 BOSS 0 0 0 1 0 0 -84.46453972372757 -120.49212279401206 143.1 97.62127651483755 -110.09694244253443 135.04175 93.244705 -999.0 -999.0 -999.0 -999.0 -999.0 250.02416149304761 -29.383665527503258 250.1037643587839 -29.43572705241236 78.81481310000811 95.27891311954824 -999.0 5400.0 -999.0 1 362 {-999.0 -999.0 -999.0 -999.0 -999.0} "" -999.0 -999.0 -999.0 -999.0 -999 -999 "" "" "" "" 0 0 0.0 0.0 -999 ""
FIBERMAP 1075 R-7C7 METROLOGY 0 0 0 1 0 0 -84.21897768572498 -121.18043453570715 143.1 98.3477446217662 -110.01766874845654 135.04175 93.244705 -999.0 -999.0 -999.0 -999.0 -999.0 250.02668724762702 -29.383434751272112 250.10630373183267 -29.435490029680647 78.81259774290307 95.27789023883287 -999.0 6231.0 -999.0 -1 -999 {-999.0 -999.0 -999.0 -999.0 -999.0} "" -999.0 -999.0 -999.0 -999.0 -999 -999 "" "" "" "" 0 0 0.0 0.0 -999 ""
FIBERMAP 1076 R-13C6 APOGEE 1 1 0 1 0 0 -17.834605852294295 -263.54802756391626 143.1 252.22284294619777 -78.45311755265283 10.840574 62.839355 250.55932054673372 -29.285860486440363 -1.0739218 0.17168371 0.18380329 250.55927390976458 -29.285834652198787 250.63872891434403 -29.33662798205231 78.34647741066534 94.83386965658514 16000.0 16600.0 2016.0 2 263 {-999.0 14.30709 12.695147 11.706596 -999.0} sdss_psfmag_from_g3xp 13.60737 12.360099 11.260605 8.627 63050396382929647 1153032749 bright_1x1 mwm_galactic_core_dist_apogee_sparse mwm_galactic science 0 0 0.0 0.0 -999 ""
FIBERMAP 1076 R-13C6 BOSS 0 0 0 1 0 0 -18.04848072354489 -264.28104967543874 143.1 252.8862786286998 -78.83111273235725 10.840574 62.839355 -999.0 -999.0 -999.0 -999.0 -999.0 250.5616116888708 -29.286962088319928 250.64102004747747 -29.33775074118449 78.34451417644692 94.83971746229548 -999.0 5400.0 -999.0 1 357 {-999.0 -999.0 -999.0 -999.0 -999.0} "" -999.0 -999.0 -999.0 -999.0 -999 -999 "" "" "" "" 0 0 0.0 0.0 -999 ""
FIBERMAP 1076 R-13C6 METROLOGY 0 0 0 1 0 0 -18.57005604656685 -263.72963706888686 143.1 252.22897955134678 -79.21061032768176 10.840574 62.839355 -999.0 -999.0 -999.0 -999.0 -999.0 250.55939264904706 -29.28813811631132 250.63881867757743 -29.338931442111495 78.34646715862979 94.84527978544236 -999.0 6231.0 -999.0 -1 -999 {-999.0 -999.0 -999.0 -999.0 -999.0} "" -999.0 -999.0 -999.0 -999.0 -999 -999 "" "" "" "" 0 0 0.0 0.0 -999 ""
FIBERMAP 1077 R-13C11 APOGEE 1 1 0 1 0 0 71.3616341850339 -271.51558701170063 143.1 280.6536754788187 6.462342690000711 305.08484 49.129723 250.65572886046286 -29.028610793451495 -1.5542136 -9.439609 -0.023679536 250.6557422815828 -29.02856303912051 250.73439860747146 -29.079194966449048 78.2525580812073 93.58223515579448 16000.0 16600.0 2016.0 2 159 {-999.0 16.489206 14.7634945 12.626131 -999.0} sdss_psfmag_from_g3xp 15.730728 13.332365 11.940352 8.543 63050396382945647 1153032854 bright_1x1 mwm_galactic_core_dist_apogee_sparse mwm_galactic science 0 0 0.0 0.0 -999 ""
FIBERMAP 1077 R-13C11 BOSS 0 0 0 1 0 0 70.59995721118229 -271.4493591666457 143.1 280.41265542163296 5.736801124282892 305.08484 49.129723 -999.0 -999.0 -999.0 -999.0 -999.0 250.65495807441408 -29.03075859648654 250.7335702522572 -29.081394107974802 78.25339473189554 93.59283865939341 -999.0 5400.0 -999.0 1 351 {-999.0 -999.0 -999.0 -999.0 -999.0} "" -999.0 -999.0 -999.0 -999.0 -999 -999 "" "" "" "" 0 0 0.0 0.0 -999 ""
FIBERMAP 1077 R-13C11 METROLOGY 0 0 0 1 0 0 71.05544135978504 -270.8334483139409 143.1 279.9191544171589 6.322661086626062 305.08484 49.129723 -999.0 -999.0 -999.0 -999.0 -999.0 250.65330622714364 -29.028994277701912 250.73192692093016 -29.079633642989762 78.25473801621074 93.58383781415807 -999.0 6231.0 -999.0 -1 -999 {-999.0 -999.0 -999.0 -999.0 -999.0} "" -999.0 -999.0 -999.0 -999.0 -999 -999 "" "" "" "" 0 0 0.0 0.0 -999 ""
FIBERMAP 1079 R+9C17 APOGEE 0 0 0 1 0 0 161.3567334163483 189.6701884909684 143.1 -147.08413946396163 200.9306784031708 138.76634 89.64346 -999.0 -999.0 -999.0 -999.0 -999.0 249.180977243486 -28.439008861814127 249.2574650042551 -28.493366629760587 79.49941913568381 90.04558231206539 -999.0 16600.0 -999.0 2 -999 {-999.0 -999.0 -999.0 -999.0 -999.0} "" -999.0 -999.0 -999.0 -999.0 -999 -999 "" "" "" "" 0 0 0.0 0.0 -999 ""
FIBERMAP 1079 R+9C17 BOSS 1 1 0 1 0 0 161.80383869494574 190.22160454715944 143.1 -147.51684791019377 201.49343461092647 138.76634 89.64346 249.17953491210935 -28.43726890202558 -999.0 -999.0 -999.0 249.17954522445748 -28.437291104579483 249.25598231781794 -28.491656768351202 79.5005449349776 90.03553231846041 5400.0 5400.0 2015.5 1 251 {-999.0 -999.0 -999.0 -999.0 -999.0} "" -999.0 -999.0 -999.0 -999.0 27021603175325025 852029539 "" ops_sky_boss_fallback ops_sky sky_boss 0 0 0.0 0.0 -999 ""
FIBERMAP 1079 R+9C17 METROLOGY 0 0 0 1 0 0 162.0914369635926 189.52980004962527 143.1 -146.7772360030468 201.61278788597997 138.76634 89.64346 -999.0 -999.0 -999.0 -999.0 -999.0 249.18204652899192 -28.436904861913714 249.25849573423955 -28.491263497417204 79.49830767178186 90.03459709500123 -999.0 6231.0 -999.0 -1 -999 {-999.0 -999.0 -999.0 -999.0 -999.0} "" -999.0 -999.0 -999.0 -999.0 -999 -999 "" "" "" "" 0 0 0.0 0.0 -999 ""
FIBERMAP 1082 R-2C22 APOGEE 0 0 0 1 0 0 189.15008763436035 -41.352663308944464 143.1 84.07997777181606 174.4018393135263 188.35605 119.41732 -999.0 -999.0 -999.0 -999.0 -999.0 249.97693719442583 -28.521085721696135 250.05385482737165 -28.573502832506392 78.81073375771491 90.82809870364298 -999.0 16600.0 -999.0 2 -999 {-999.0 -999.0 -999.0 -999.0 -999.0} "" -999.0 -999.0 -999.0 -999.0 -999 -999 "" "" "" "" 0 0 0.0 0.0 -999 ""
FIBERMAP 1082 R-2C22 BOSS 1 1 0 1 0 0 188.68745885243425 -40.80318565064636 143.1 83.43822793684676 174.07923144794873 188.35605 119.41732 249.97479755923976 -28.521997466075167 -8.618253 0.69632566 0.44033647 249.97480375391112 -28.521999684168165 250.05167571473123 -28.574425633745413 78.81272499654577 90.83191654463286 5400.0 5400.0 2016.0 1 311 {-999.0 17.329512 16.707422 16.365828 -999.0} sdss_psfmag_ps1 17.117626 16.63682 15.979621 14.755 63050396383262122 982189456 "" ops_std_boss_tic ops_std standard_boss 0 0 0.0 0.0 -999 ""
FIBERMAP 1082 R-2C22 METROLOGY 0 0 0 1 0 0 189.4195861270042 -40.65490347973474 143.1 83.46373899014498 174.82576483154128 188.35605 119.41732 -999.0 -999.0 -999.0 -999.0 -999.0 249.97488727441905 -28.51972281280429 250.0517657517754 -28.572148088600443 78.81243428047942 90.82026666185396 -999.0 6231.0 -999.0 -1 -999 {-999.0 -999.0 -999.0 -999.0 -999.0} "" -999.0 -999.0 -999.0 -999.0 -999 -999 "" "" "" "" 0 0 0.0 0.0 -999 ""
FIBERMAP 1084 R-6C17 APOGEE 1 1 0 1 0 0 125.0763839861215 -132.1881703702369 143.1 157.58146078977688 91.01548036545492 276.71265 70.241585 250.23113993496426 -28.773531384041693 -2.86037 -2.308349 0.2570426 250.23112637908943 -28.773555642342288 250.30888984834462 -28.82528753004156 78.60852186248397 92.20395332220295 16000.0 16600.0 2016.0 2 209 {-999.0 15.383711 13.780075 13.048616 -999.0} sdss_psfmag_from_g3xp 14.688008 13.633269 12.624768 10.262 63050396383017048 1156251724 bright_1x1 mwm_galactic_core_dist_apogee_extra mwm_galactic science 0 0 0.0 0.0 -999 ""
FIBERMAP 1084 R-6C17 BOSS 0 0 0 1 0 0 124.33925984120809 -132.07503424673763 143.1 157.30050491840976 90.32469772234987 276.71265 70.241585 -999.0 -999.0 -999.0 -999.0 -999.0 250.23027645647727 -28.775613817620325 250.3079970439344 -28.827350273388934 78.60944978647008 92.21408688372367 -999.0 5400.0 -999.0 1 295 {-999.0 -999.0 -999.0 -999.0 -999.0} "" -999.0 -999.0 -999.0 -999.0 -999 -999 "" "" "" "" 0 0 0.0 0.0 -999 ""
FIBERMAP 1084 R-6C17 METROLOGY 0 0 0 1 0 0 124.8271761991675 -131.48067527971259 143.1 156.83548740803766 90.9371081521032 276.71265 70.241585 -999.0 -999.0 -999.0 -999.0 -999.0 250.22867457068907 -28.773748104303863 250.30640289344365 -28.82548808729551 78.61070943930501 92.2041750867487 -999.0 6231.0 -999.0 -1 -999 {-999.0 -999.0 -999.0 -999.0 -999.0} "" -999.0 -999.0 -999.0 -999.0 -999 -999 "" "" "" "" 0 0 0.0 0.0 -999 ""
FIBERMAP 1088 R+6C21 APOGEE 1 1 0 1 0 0 229.93248957080684 129.6225078866675 143.1 -72.77501246167893 253.71315812478247 76.04432 106.91907 249.43771362304685 -28.28095883393084 -999.0 -999.0 -999.0 249.43770141546156 -28.280957002987737 249.51375490763064 -28.334741526841544 79.25831435415618 89.32081604548051 16000.0 16600.0 2015.5 2 88 {-999.0 -999.0 -999.0 -999.0 -999.0} "" -999.0 -999.0 -999.0 -999.0 27021603175325516 845928742 "" ops_sky_apogee_best ops_sky sky_apogee 0 0 0.0 0.0 -999 ""
FIBERMAP 1088 R+6C21 BOSS 0 0 0 1 0 0 230.66557838168794 129.65811951764962 143.1 -72.63968181488069 254.43450352048436 76.04432 106.91907 -999.0 -999.0 -999.0 -999.0 -999.0 249.4382289005641 -28.27878748980792 249.51422984628732 -28.33257600957463 79.25765136680388 89.30953044949149 -999.0 5400.0 -999.0 1 262 {-999.0 -999.0 -999.0 -999.0 -999.0} "" -999.0 -999.0 -999.0 -999.0 -999 -999 "" "" "" "" 0 0 0.0 0.0 -999 ""
FIBERMAP 1088 R+6C21 METROLOGY 0 0 0 1 0 0 230.3401756518865 128.99855624625098 143.1 -72.07355921879679 253.96505503226837 76.04432 106.91907 -999.0 -999.0 -999.0 -999.0 -999.0 249.44013278106195 -28.280154432785658 249.51615139700516 -28.33393666369772 79.25612679985448 89.3178200715056 -999.0 6231.0 -999.0 -1 -999 {-999.0 -999.0 -999.0 -999.0 -999.0} "" -999.0 -999.0 -999.0 -999.0 -999 -999 "" "" "" "" 0 0 0.0 0.0 -999 ""
FIBERMAP 1089 R+7C13 APOGEE 1 1 0 1 0 0 37.217771215649606 146.8002811375129 143.1 -134.1661203422981 70.2388557905269 220.85606 25.068678 249.22140385250975 -28.83427769428947 -3.2338395 -2.7742589 1.32721 249.22137837257463 -28.83427634382234 249.29911021875557 -28.8884263524526 79.49515681543957 92.22212882003691 16000.0 16600.0 2016.0 2 91 {-999.0 13.483717 12.757237 12.39593 -999.0} sdss_psfmag_from_g3xp 13.273693 12.738554 12.035259 10.781 63050396383272198 1094144526 bright_1x1 mwm_bin_vis_apogee mwm_filler science 0 0 0.0 0.0 -999 ""
FIBERMAP 1089 R+7C13 BOSS 0 0 0 1 0 0 37.47868955478327 147.483178026592 143.1 -134.76989103172875 70.65098918390186 220.85606 25.068678 -999.0 -999.0 -999.0 -999.0 -999.0 249.2192822583429 -28.832983419867144 249.29696423996688 -28.887141337194937 79.49695110071335 92.21444489056319 -999.0 5400.0 -999.0 1 156 {-999.0 -999.0 -999.0 -999.0 -999.0} "" -999.0 -999.0 -999.0 -999.0 -999 -999 "" "" "" "" 0 0 0.0 0.0 -999 ""
FIBERMAP 1089 R+7C13 METROLOGY 0 0 0 1 0 0 37.95120244267336 146.9019242181595 143.1 -134.09494028037344 70.97584401951941 220.85606 25.068678 -999.0 -999.0 -999.0 -999.0 -999.0 249.22159278031464 -28.8320022272694 249.2992850623425 -28.886154156245613 79.4948608091224 92.20974392692904 -999.0 6231.0 -999.0 -1 -999 {-999.0 -999.0 -999.0 -999.0 -999.0} "" -999.0 -999.0 -999.0 -999.0 -999 -999 "" "" "" "" 0 0 0.0 0.0 -999 ""
FIBERMAP 1090 R+2C22 APOGEE 0 0 0 1 0 0 204.7395253182675 52.73949717218989 143.1 -3.8306572666068597 211.38175596677607 85.87341 108.709816 -999.0 -999.0 -999.0 -999.0 -999.0 249.67408251643312 -28.408864680701868 249.75058533661434 -28.4620439645894 79.06502150496303 90.11403682636325 -999.0 16600.0 -999.0 2 -999 {-999.0 -999.0 -999.0 -999.0 -999.0} "" -999.0 -999.0 -999.0 -999.0 -999 -999 "" "" "" "" 0 0 0.0 0.0 -999 ""
FIBERMAP 1090 R+2C22 BOSS 1 1 0 1 0 0 205.4499367813001 52.918142387486206 143.1 -3.8397158231368094 212.11420583157877 85.87341 108.709816 249.6737767091914 -28.406592493893086 -10.41854 -0.4438783 0.17638327 249.67410475873297 -28.406604596774315 249.75055365394542 -28.459788725406707 79.064817328781 90.10219607631086 5400.0 5400.0 2016.0 1 232 {-999.0 15.291011 14.094196 13.453785 -999.0} sdss_psfmag_from_g3xp 14.836088 13.9737215 13.037448 10.984 63050396383294417 1061863402 dark_flexible_2x1 manual_mwm_halo_mp_wise_boss mwm_halo science 0 0 1.184402585029602 0.0 -999 ""
FIBERMAP 1090 R+2C22 METROLOGY 0 0 0 1 0 0 205.27174177586292 52.21390811307558 143.1 -3.1960100109739087 211.77759171778558 85.87341 108.709816 -999.0 -999.0 -999.0 -999.0 -999.0 249.67630472062726 -28.40759387016349 249.7527704522372 -28.46077120774439 79.06297985041407 90.10840417728969 -999.0 6231.0 -999.0 -1 -999 {-999.0 -999.0 -999.0 -999.0 -999.0} "" -999.0 -999.0 -999.0 -999.0 -999 -999 "" "" "" "" 0 0 0.0 0.0 -999 ""
FIBERMAP 1097 R-1C6 APOGEE 0 0 0 1 0 0 -151.7176585417733 -25.946810355427388 143.1 -9.937655175562979 -153.59440122849063 10.259263 79.51691 -999.0 -999.0 -999.0 -999.0 -999.0 249.64915199521928 -29.51502948263115 249.72913600505763 -29.5679586532138 79.14218165872478 95.95345304589881 -999.0 16600.0 -999.0 2 -999 {-999.0 -999.0 -999.0 -999.0 -999.0} "" -999.0 -999.0 -999.0 -999.0 -999 -999 "" "" "" "" 0 0 0.0 0.0 -999 ""
FIBERMAP 1097 R-1C6 BOSS 1 1 0 1 0 0 -151.79347769271493 -26.81947574699003 143.1 -9.106376981984495 -153.87048420313909 10.259263 79.51691 249.6521539928594 -29.51594066833694 -12.964071 -6.7651668 4.8778024 249.6520891383314 -29.515938518723377 249.73202943029094 -29.568860457622037 79.13966741202108 95.95827465301568 5400.0 5400.0 2016.0 1 461 {-999.0 18.321129 16.848255 15.791731 -999.0} sdss_psfmag_ps1 17.693882 16.458092 15.356725 13.261 63050396382615201 1096151015 bright_1x1 mwm_bin_vis_boss mwm_filler science 0 0 0.0 0.0 -999 ""
FIBERMAP 1097 R-1C6 METROLOGY 0 0 0 1 0 0 -152.3589251809383 -26.33187569311716 143.1 -9.711776449870682 -154.30745233615355 10.259263 79.51691 -999.0 -999.0 -999.0 -999.0 -999.0 249.64995964938353 -29.51727216954927 249.72991710063081 -29.5701988354111 79.14150797781097 95.96535409484534 -999.0 6231.0 -999.0 -1 -999 {-999.0 -999.0 -999.0 -999.0 -999.0} "" -999.0 -999.0 -999.0 -999.0 -999 -999 "" "" "" "" 0 0 0.0 0.0 -999 ""
FIBERMAP 1102 R+4C17 APOGEE 1 1 0 1 0 0 124.96280684016119 61.21034919912654 143.1 -30.567083043975238 135.7455245537743 5.6740165 45.086323 249.5809445523387 -28.63708028965023 -12.260723 -13.265301 0.16325875 249.58089889046798 -28.637114984822116 249.65809469591022 -28.69045483868968 79.16700806136934 91.2788026150306 16000.0 16600.0 2016.0 2 66 {-999.0 14.523343 13.353007 12.746771 -999.0} sdss_psfmag_from_g3xp 14.089327 13.253301 12.346684 10.361 63050396383277066 1153033133 bright_1x1 mwm_galactic_core_dist_apogee_sparse mwm_galactic science 0 0 0.0 0.0 -999 ""
FIBERMAP 1102 R+4C17 BOSS 0 0 0 1 0 0 124.50221056959477 60.62234329085811 143.1 -30.10191095360063 135.1611618552789 5.6740165 45.086323 -999.0 -999.0 -999.0 -999.0 -999.0 249.58252914796037 -28.638821474104468 249.6596840255163 -28.69216028381525 79.16575840616488 91.28845383731942 -999.0 5400.0 -999.0 1 218 {-999.0 -999.0 -999.0 -999.0 -999.0} "" -999.0 -999.0 -999.0 -999.0 -999 -999 "" "" "" "" 0 0 0.0 0.0 -999 ""
FIBERMAP 1102 R+4C17 METROLOGY 0 0 0 1 0 0 124.22662468917497 61.317572725427226 143.1 -30.84206921941855 135.05428733651078 5.6740165 45.086323 -999.0 -999.0 -999.0 -999.0 -999.0 249.57995191291988 -28.639124175735343 249.657120390371 -28.692468156029957 79.16802491438823 91.28910639612434 -999.0 6231.0 -999.0 -1 -999 {-999.0 -999.0 -999.0 -999.0 -999.0} "" -999.0 -999.0 -999.0 -999.0 -999 -999 "" "" "" "" 0 0 0.0 0.0 -999 ""
FIBERMAP 1110 R-12C9 APOGEE 0 0 0 1 0 0 11.662403533076082 -239.93998959752804 143.1 236.09792652191578 -44.28719228371366 212.24901 118.145966 -999.0 -999.0 -999.0 -999.0 -999.0 250.50343587713914 -29.182799106986394 250.58255121983552 -29.233756737450925 78.39197183913973 94.31568333279859 -999.0 16600.0 -999.0 2 -999 {-999.0 -999.0 -999.0 -999.0 -999.0} "" -999.0 -999.0 -999.0 -999.0 -999 -999 "" "" "" "" 0 0 0.0 0.0 -999 ""
FIBERMAP 1110 R-12C9 BOSS 1 1 0 1 0 0 11.008077270738386 -239.61054708200976 143.1 235.62576269132921 -44.84728410031736 212.24901 118.145966 250.5019260835667 -29.184531768615642 -6.441402 5.2433968 1.1331209 250.5018968564444 -29.184505312033437 250.58096686583963 -29.23546785679613 78.39341824663221 94.3239212505041 5400.0 5400.0 2016.0 1 367 {-999.0 19.181936 17.78998 17.24604 -999.0} sdss_psfmag_ps1 18.558136 17.693403 16.783373 14.76 63050396382934901 1096725034 bright_1x1 mwm_bin_vis_boss mwm_filler science 0 0 0.0 0.0 -999 ""
FIBERMAP 1110 R-12C9 METROLOGY 0 0 0 1 0 0 11.648055014856906 -239.19213109699402 143.1 235.36714435504962 -44.12775419086849 212.24901 118.145966 -999.0 -999.0 -999.0 -999.0 -999.0 250.50102995595347 -29.18233964391922 250.58010719553351 -29.23330443177229 78.39408586176653 94.31303419211554 -999.0 6231.0 -999.0 -1 -999 {-999.0 -999.0 -999.0 -999.0 -999.0} "" -999.0 -999.0 -999.0 -999.0 -999 -999 "" "" "" "" 0 0 0.0 0.0 -999 ""
FIBERMAP 1117 R-12C14 APOGEE 1 1 0 1 0 0 144.05614442034107 -233.81231746527394 143.1 260.8336552680934 85.91531003370314 320.49384 145.7393 250.58607158728145 -28.788619547313306 -3.63342 -2.7863846 0.19050306 250.58605940517702 -28.788621789633407 250.6639422402003 -28.839490177681498 78.2993009637322 92.38608684735749 16000.0 16600.0 2016.0 2 233 {-999.0 15.5982895 13.959797 13.154135 -999.0} sdss_psfmag_from_g3xp 14.882769 13.761817 12.721303 10.273 63050396383128716 1153033014 bright_1x1 mwm_galactic_core_dist_apogee_sparse mwm_galactic science 0 0 0.0 0.0 -999 ""
FIBERMAP 1117 R-12C14 BOSS 0 0 0 1 0 0 144.30169911213636 -234.50140561714986 143.1 261.5608768998779 85.99439656697345 320.49384 145.7393 -999.0 -999.0 -999.0 -999.0 -999.0 250.58858237865488 -28.78837926984568 250.66641436431235 -28.839244794144747 78.29712343112749 92.38564469122787 -999.0 5400.0 -999.0 1 342 {-999.0 -999.0 -999.0 -999.0 -999.0} "" -999.0 -999.0 -999.0 -999.0 -999 -999 "" "" "" "" 0 0 0.0 0.0 -999 ""
FIBERMAP 1117 R-12C14 METROLOGY 0 0 0 1 0 0 143.5599571881128 -234.36481549798197 143.1 261.2560362482866 85.30456006664605 320.49384 145.7393 -999.0 -999.0 -999.0 -999.0 -999.0 250.58760133076922 -28.790449066661747 250.66545399541656 -28.841315478105837 78.2981106594593 92.39553088756327 -999.0 6231.0 -999.0 -1 -999 {-999.0 -999.0 -999.0 -999.0 -999.0} "" -999.0 -999.0 -999.0 -999.0 -999 -999 "" "" "" "" 0 0 0.0 0.0 -999 ""
FIBERMAP 1119 R-13C14 APOGEE 0 0 0 1 0 0 158.4422871475959 -269.35228375242696 143.1 298.7395254342828 91.66883030351097 11.055693 36.444084 -999.0 -999.0 -999.0 -999.0 -999.0 250.71537911944753 -28.770975634639342 250.7932315835725 -28.82153550593191 78.18503294021981 92.3385316825673 -999.0 16600.0 -999.0 2 -999 {-999.0 -999.0 -999.0 -999.0 -999.0} "" -999.0 -999.0 -999.0 -999.0 -999 -999 "" "" "" "" 0 0 0.0 0.0 -999 ""
FIBERMAP 1119 R-13C14 BOSS 1 1 0 1 0 0 157.90901964044036 -269.90404988877697 143.1 299.152597217721 91.02218138190376 11.055693 36.444084 250.7168567644647 -28.77285994318114 -16.031439 -22.54337 1.1251552 250.71677663769222 -28.772942241326223 250.7945845144858 -28.823501459915505 78.18399514047131 92.34853198539906 5400.0 5400.0 2016.0 1 343 {-999.0 19.150774 17.6995 17.112875 -999.0} sdss_psfmag_ps1 18.548002 17.614372 16.689692 14.704 63050396383126118 1096699922 bright_1x1 mwm_bin_vis_boss mwm_filler science 0 0 0.0 0.0 -999 ""
FIBERMAP 1119 R-13C14 METROLOGY 0 0 0 1 0 0 157.71145783955157 -269.1929515858705 143.1 298.41509333583804 90.99488157077353 11.055693 36.444084 -999.0 -999.0 -999.0 -999.0 -999.0 250.71432780350557 -28.773009945964468 250.79214989827813 -28.823574150526046 78.1861277169431 92.34812216311099 -999.0 6231.0 -999.0 -1 -999 {-999.0 -999.0 -999.0 -999.0 -999.0} "" -999.0 -999.0 -999.0 -999.0 -999 -999 "" "" "" "" 0 0 0.0 0.0 -999 ""
FIBERMAP 1120 R-8C16 APOGEE 0 0 0 1 0 0 125.86064473516737 -147.46777912614388 143.1 172.62604562275482 88.2356825721855 125.49789 127.9326 -999.0 -999.0 -999.0 -999.0 -999.0 250.28302227398729 -28.781958552900086 250.3608229288218 -28.833562548046594 78.5637328818579 92.262087143239 -999.0 16600.0 -999.0 2 -999 {-999.0 -999.0 -999.0 -999.0 -999.0} "" -999.0 -999.0 -999.0 -999.0 -999 -999 "" "" "" "" 0 0 0.0 0.0 -999 ""
FIBERMAP 1120 R-8C16 BOSS 1 1 0 1 0 0 126.05954857471501 -146.71394802661274 143.1 171.9388975472287 88.60393984034992 125.49789 127.9326 250.2807483312269 -28.780822775144483 1.1793871 -3.8767538 2.195106 250.28075756000985 -28.780814858113274 250.35850475538723 -28.832427744571188 78.56567770140921 92.2556484661115 5400.0 5400.0 2016.0 1 293 {-999.0 16.938713 15.554491 15.168002 -999.0} sdss_psfmag_ps1 16.368704 15.54516 14.654531 12.872 63050396383016351 1094706898 bright_1x1 mwm_bin_vis_boss mwm_filler science 0 0 0.0 0.0 -999 ""
FIBERMAP 1120 R-8C16 METROLOGY 0 0 0 1 0 0 126.5825183499752 -147.2718283643685 143.1 172.60281121429048 88.98329426492646 125.49789 127.9326 -999.0 -999.0 -999.0 -999.0 -999.0 250.28305255432159 -28.779654019298935 250.3608105528573 -28.831260807859216 78.56357966038964 92.2505041762202 -999.0 6231.0 -999.0 -1 -999 {-999.0 -999.0 -999.0 -999.0 -999.0} "" -999.0 -999.0 -999.0 -999.0 -999 -999 "" "" "" "" 0 0 0.0 0.0 -999 ""
FIBERMAP 1122 R-6C16 APOGEE 0 0 0 1 0 0 98.85705842178722 -104.75889518264694 143.1 124.82141612134274 71.87110196014245 171.87332 79.52825 -999.0 -999.0 -999.0 -999.0 -999.0 250.11820062384317 -28.831567450012656 250.19612333992188 -28.883556066440637 78.7110748027998 92.46490753663068 -999.0 16600.0 -999.0 2 -999 {-999.0 -999.0 -999.0 -999.0 -999.0} "" -999.0 -999.0 -999.0 -999.0 -999 -999 "" "" "" "" 0 0 0.0 0.0 -999 ""
FIBERMAP 1122 R-6C16 BOSS 1 1 0 1 0 0 99.07907610624787 -104.05516180606372 143.1 124.18835807341955 72.25022704423074 171.87332 79.52825 250.1161193847656 -28.830391323092883 -999.0 -999.0 -999.0 250.11612343458538 -28.83038188079819 250.19399319982188 -28.88237869386303 78.71285771810707 92.45827344999742 5400.0 5400.0 2015.5 1 291 {-999.0 -999.0 -999.0 -999.0 -999.0} "" -999.0 -999.0 -999.0 -999.0 27021603175320437 852029213 "" ops_sky_boss_fallback ops_sky sky_boss 0 0 0.0 0.0 -999 ""
FIBERMAP 1122 R-6C16 METROLOGY 0 0 0 1 0 0 99.59011690706951 -104.61015556468419 143.1 124.84669811407024 72.61864721074835 171.87332 79.52825 -999.0 -999.0 -999.0 -999.0 -999.0 250.1183986756443 -28.82925789238764 250.19627919409015 -28.88124871986779 78.71078537895956 92.4531932046288 -999.0 6231.0 -999.0 -1 -999 {-999.0 -999.0 -999.0 -999.0 -999.0} "" -999.0 -999.0 -999.0 -999.0 -999 -999 "" "" "" "" 0 0 0.0 0.0 -999 ""
FIBERMAP 1123 R-1C3 APOGEE 1 1 0 1 0 0 -233.75753198198737 -37.45285344992239 143.1 -17.766921670434485 -236.06379835677242 311.26514 74.93611 249.6210277061342 -29.76369874792019 -4.6438394 -6.3935065 -0.0104858065 249.62103535013327 -29.763727793692595 249.7018069053844 -29.816655014272346 79.16372987925865 97.2760753642525 16000.0 16600.0 2016.0 2 248 {-999.0 16.351652 14.698425 13.245199 -999.0} sdss_psfmag_from_g3xp 15.626107 13.962193 12.726034 9.744 63050396382591285 1153032332 bright_1x1 mwm_galactic_core_dist_apogee_sparse mwm_galactic science 0 0 0.0 0.0 -999 ""
FIBERMAP 1123 R-1C3 BOSS 0 0 0 1 0 0 -234.4462690211265 -37.81904956798546 143.1 -17.57040364959458 -236.8186498407546 311.26514 74.93611 -999.0 -999.0 -999.0 -999.0 -999.0 249.62175792529484 -29.76603085979084 249.7024897185753 -29.818954851572677 79.16309073346345 97.28824125213458 -999.0 5400.0 -999.0 1 511 {-999.0 -999.0 -999.0 -999.0 -999.0} "" -999.0 -999.0 -999.0 -999.0 -999 -999 "" "" "" "" 0 0 0.0 0.0 -999 ""
FIBERMAP 1123 R-1C3 METROLOGY 0 0 0 1 0 0 -234.3991862057487 -37.059965153654 143.1 -18.29786226778825 -236.5968535968236 311.26514 74.93611 -999.0 -999.0 -999.0 -999.0 -999.0 249.61920613115535 -29.76539451556256 249.69994868704623 -29.818325078276818 79.16530776426364 97.28513191432779 -999.0 6231.0 -999.0 -1 -999 {-999.0 -999.0 -999.0 -999.0 -999.0} "" -999.0 -999.0 -999.0 -999.0 -999 -999 "" "" "" "" 0 0 0.0 0.0 -999 ""
FIBERMAP 1124 R-4C19 APOGEE 1 1 0 1 0 0 169.91630563614004 -90.66612961098716 143.1 127.58861196623721 144.25919291877875 353.4701 72.06563 250.12710571289062 -28.612398394910556 -999.0 -999.0 -999.0 250.12711737405658 -28.612383079870398 250.20435244537816 -28.664411730518733 78.68725941928155 91.35259492932767 16000.0 16600.0 2015.5 2 215 {-999.0 -999.0 -999.0 -999.0 -999.0} "" -999.0 -999.0 -999.0 -999.0 27021603175324074 836992727 "" ops_sky_apogee_best ops_sky sky_apogee 0 0 0.0 0.0 -999 ""
FIBERMAP 1124 R-4C19 BOSS 0 0 0 1 0 0 169.62196920633932 -91.35215260305559 143.1 128.18767530190112 143.81382834458572 353.4701 72.06563 -999.0 -999.0 -999.0 -999.0 -999.0 250.12927927999272 -28.613684575405703 250.20647015841018 -28.66571129373968 78.68551890613743 91.3600032543435 -999.0 5400.0 -999.0 1 307 {-999.0 -999.0 -999.0 -999.0 -999.0} "" -999.0 -999.0 -999.0 -999.0 -999 -999 "" "" "" "" 0 0 0.0 0.0 -999 ""
FIBERMAP 1124 R-4C19 METROLOGY 0 0 0 1 0 0 169.17661121201567 -90.75230658734287 143.1 127.50093559005157 143.5196982679033 353.4701 72.06563 -999.0 -999.0 -999.0 -999.0 -999.0 250.12692213746587 -28.614552571232515 250.2041290683079 -28.666583702997382 78.68763992447451 91.3635417888471 -999.0 6231.0 -999.0 -1 -999 {-999.0 -999.0 -999.0 -999.0 -999.0} "" -999.0 -999.0 -999.0 -999.0 -999 -999 "" "" "" "" 0 0 0.0 0.0 -999 ""
FIBERMAP 1128 R+2C19 APOGEE 1 1 0 1 0 0 154.1339507546865 36.89813554480007 143.1 -0.1546645550495322 158.48389769389516 42.238567 58.21539 249.68627929687497 -28.568588721588995 -999.0 -999.0 -999.0 249.68624269204935 -28.56858750040564 249.76324709482026 -28.62169267473313 79.06920866950466 90.95756294743751 16000.0 16600.0 2015.5 2 72 {-999.0 -999.0 -999.0 -999.0 -999.0} "" -999.0 -999.0 -999.0 -999.0 27021603175324238 848663368 "" ops_sky_apogee_best ops_sky sky_apogee 0 0 0.0 0.0 -999 ""
FIBERMAP 1128 R+2C19 BOSS 0 0 0 1 0 0 154.28274895884138 36.1720014125484 143.1 0.5861588366470151 158.46027813878112 42.238567 58.21539 -999.0 -999.0 -999.0 -999.0 -999.0 249.68884824980057 -28.56859574104656 249.76580623507152 -28.62169829511811 79.06697155084295 90.95864004462379 -999.0 5400.0 -999.0 1 229 {-999.0 -999.0 -999.0 -999.0 -999.0} "" -999.0 -999.0 -999.0 -999.0 -999 -999 "" "" "" "" 0 0 0.0 0.0 -999 ""
FIBERMAP 1128 R+2C19 METROLOGY 0 0 0 1 0 0 153.58105875425738 36.40647959789146 143.1 0.1953869205533889 157.8320965573768 42.238567 58.21539 -999.0 -999.0 -999.0 -999.0 -999.0 249.6874794481815 -28.57047444266457 249.76445633950766 -28.623578726180757 79.06831798768745 90.96796451748298 -999.0 6231.0 -999.0 -1 -999 {-999.0 -999.0 -999.0 -999.0 -999.0} "" -999.0 -999.0 -999.0 -999.0 -999 -999 "" "" "" "" 0 0 0.0 0.0 -999 ""
FIBERMAP 1133 R0C15 APOGEE 1 1 0 1 0 0 13.793183199181765 16.28847450182938 143.1 -12.64606516758366 17.19345023622133 156.59444 72.147255 249.64155783375048 -28.996932307193063 -6.253929 -4.166374 0.066839546 249.6415162533235 -28.996913688975173 249.71985619572445 -29.050006569761045 79.13672154860147 93.20408197354408 16000.0 16600.0 2016.0 2 110 {-999.0 15.324283 13.872013 13.177846 -999.0} sdss_psfmag_from_g3xp 14.69972 13.754467 12.755048 10.391 63050396383216960 1153033226 bright_1x1 mwm_galactic_core_dist_apogee_sparse mwm_galactic science 0 0 0.0 0.0 -999 ""
FIBERMAP 1133 R0C15 BOSS 0 0 0 1 0 0 14.304282238095075 16.833265505401293 143.1 -13.057491996900415 17.816918267636844 156.59444 72.147255 -999.0 -999.0 -999.0 -999.0 -999.0 249.6401317652114 -28.99500268113511 249.71841835375676 -29.048101485953303 79.13788219040393 93.1936537955956 -999.0 5400.0 -999.0 1 188 {-999.0 -999.0 -999.0 -999.0 -999.0} "" -999.0 -999.0 -999.0 -999.0 -999 -999 "" "" "" "" 0 0 0.0 0.0 -999 ""
FIBERMAP 1133 R0C15 METROLOGY 0 0 0 1 0 0 14.517128405502394 16.106841403922225 143.1 -12.30153667032838 17.855532084680668 156.59444 72.147255 -999.0 -999.0 -999.0 -999.0 -999.0 249.64274332396587 -28.994891593832577 249.7210434686525 -29.04798355392535 79.13558425547929 93.19363571813341 -999.0 6231.0 -999.0 -1 -999 {-999.0 -999.0 -999.0 -999.0 -999.0} "" -999.0 -999.0 -999.0 -999.0 -999 -999 "" "" "" "" 0 0 0.0 0.0 -999 ""
FIBERMAP 1134 R-4C17 APOGEE 1 1 0 1 0 0 126.26598237277975 -89.84792540320821 143.1 116.67215975843396 101.98944541387593 358.95984 69.63289 250.0898488251549 -28.740260914176037 -7.2441564 -4.75637 0.14835735 250.08983461725128 -28.740278481459416 250.16746387141018 -28.792361301926206 78.72971199002271 91.99080372197284 16000.0 16600.0 2016.0 2 210 {-999.0 15.188028 13.724484 13.003467 -999.0} sdss_psfmag_from_g3xp 14.58436 13.575334 12.58215 10.184 63050396383245880 1153033004 bright_1x1 mwm_galactic_core_dist_apogee_sparse mwm_galactic science 0 0 0.0 0.0 -999 ""
FIBERMAP 1134 R-4C17 BOSS 0 0 0 1 0 0 125.99660225219623 -90.55317693552459 143.1 117.29571329936924 101.56389804544348 358.95984 69.63289 -999.0 -999.0 -999.0 -999.0 -999.0 250.09209665174944 -28.741522756729985 250.16968165417723 -28.793602927430367 78.72786578203706 91.99787587339819 -999.0 5400.0 -999.0 1 297 {-999.0 -999.0 -999.0 -999.0 -999.0} "" -999.0 -999.0 -999.0 -999.0 -999 -999 "" "" "" "" 0 0 0.0 0.0 -999 ""
FIBERMAP 1134 R-4C17 METROLOGY 0 0 0 1 0 0 125.52956800884432 -89.95670922776868 143.1 116.60723396935892 101.24789981287657 358.95984 69.63289 -999.0 -999.0 -999.0 -999.0 -999.0 250.08972269643962 -28.742467510530872 250.1673239639283 -28.79455225226008 78.72999656666705 92.0019370693658 -999.0 6231.0 -999.0 -1 -999 {-999.0 -999.0 -999.0 -999.0 -999.0} "" -999.0 -999.0 -999.0 -999.0 -999 -999 "" "" "" "" 0 0 0.0 0.0 -999 ""
FIBERMAP 1138 R+7C7 APOGEE 0 0 0 1 0 0 -97.42109924371219 130.92688007616977 143.1 -149.9425494630177 -64.4071258200532 242.80705 59.751564 -999.0 -999.0 -999.0 -999.0 -999.0 249.1635187954378 -29.242305085989862 249.24252129990293 -29.296480011745704 79.56234899289326 94.45351463285243 -999.0 16600.0 -999.0 2 44 {-999.0 -999.0 -999.0 -999.0 -999.0} "" -999.0 -999.0 -999.0 -999.0 -999 -999 "" ops_sky_apogee_best_unassigned ops_sky sky_apogee 0 0 0.0 0.0 -999 ""
FIBERMAP 1138 R+7C7 BOSS 1 1 0 1 0 0 -97.79968136462475 131.55985240075444 143.1 -150.64602937217612 -64.62862128743112 242.80705 59.751564 249.16086586692072 -29.24287791041173 -24.53397 -39.613075 5.769085 249.161052007989 -29.24298316359713 249.2400107775935 -29.297164782595317 79.56455430758068 94.45700187545185 5400.0 5400.0 2016.0 1 78 {-999.0 17.416368 15.534317 14.7008915 -999.0} sdss_psfmag_ps1 16.355629 15.274095 14.2257595 12.121 63050396382788469 1078034619 bright_flexible_2x1 mwm_snc_ext_main_boss mwm_snc science 0 0 0.8381562829017639 0.0 -999 ""
FIBERMAP 1138 R+7C7 METROLOGY 0 0 0 1 0 0 -97.07068397571841 131.5830513198141 143.1 -150.49957327670353 -63.91413364761698 242.80705 59.751564 -999.0 -999.0 -999.0 -999.0 -999.0 249.1615408702056 -29.24082885606188 249.2405057820381 -29.295009638689738 79.56407056186852 94.44516485272061 -999.0 6231.0 -999.0 -1 -999 {-999.0 -999.0 -999.0 -999.0 -999.0} "" -999.0 -999.0 -999.0 -999.0 -999 -999 "" "" "" "" 0 0 0.0 0.0 -999 ""
FIBERMAP 1139 R-5C16 APOGEE 1 1 0 1 0 0 97.0342728403049 -85.0299785119427 143.1 105.20812188084086 74.67230480688724 106.2398 120.47576 250.05034755712396 -28.823023332563697 -4.5743237 -1.8864195 0.5913946 250.05036621371195 -28.823051288420608 250.1282477391926 -28.875206226670027 78.76982156958988 92.40197390554454 16000.0 16600.0 2016.0 2 206 {-999.0 12.480631 11.036192 10.379924 -999.0} sdss_psfmag_from_g3xp 11.887897 10.934217 9.9762 7.754 63050396383238927 1153032964 bright_1x1 mwm_galactic_core_dist_apogee_sparse mwm_galactic science 0 0 0.0 0.0 -999 ""
FIBERMAP 1139 R-5C16 BOSS 0 0 0 1 0 0 97.52981272642879 -84.4704674375493 143.1 104.77876909836206 75.28405110150372 106.2398 120.47576 -999.0 -999.0 -999.0 -999.0 -999.0 250.04898620281458 -28.821155422375316 250.12681295016364 -28.873317079509913 78.77094877914949 92.39186318738734 -999.0 5400.0 -999.0 1 290 {-999.0 -999.0 -999.0 -999.0 -999.0} "" -999.0 -999.0 -999.0 -999.0 -999 -999 "" "" "" "" 0 0 0.0 0.0 -999 ""
FIBERMAP 1139 R-5C16 METROLOGY 0 0 0 1 0 0 97.74404241120811 -85.22953845172837 143.1 105.56680143893546 75.31644132238377 106.2398 120.47576 -999.0 -999.0 -999.0 -999.0 -999.0 250.0517110138001 -28.821051576696505 250.1295517529344 -28.87320587223787 78.76854837502289 92.39211848003538 -999.0 6231.0 -999.0 -1 -999 {-999.0 -999.0 -999.0 -999.0 -999.0} "" -999.0 -999.0 -999.0 -999.0 -999 -999 "" "" "" "" 0 0 0.0 0.0 -999 ""
FIBERMAP 1141 R+13C2 APOGEE 1 1 0 1 0 0 -138.56048950907496 244.16565113032007 143.1 -269.63033053924363 -78.16910987711199 236.82703 84.14183 248.74995410007878 -29.2800703709396 -4.9853845 -4.464606 0.27690756 248.74993925264232 -29.28008366836033 248.82895817052895 -29.335241175076998 79.92368075650143 94.62878811699113 16000.0 16600.0 2016.0 2 60 {-999.0 14.376328 12.717929 11.884878 -999.0} sdss_psfmag_from_g3xp 13.642282 12.49909 11.448766 8.89 63050396382811608 1153032690 bright_1x1 mwm_galactic_core_dist_apogee_sparse mwm_galactic science 0 0 0.0 0.0 -999 ""
FIBERMAP 1141 R+13C2 BOSS 0 0 0 1 0 0 -139.01719402555983 244.7712133349438 143.1 -270.325261244907 -78.47295158930291 236.82703 84.14183 -999.0 -999.0 -999.0 -999.0 -999.0 248.74761106933283 -29.280967433518597 248.82658848229732 -29.336130945497704 79.92576190040522 94.63366566810657 -999.0 5400.0 -999.0 1 100 {-999.0 -999.0 -999.0 -999.0 -999.0} "" -999.0 -999.0 -999.0 -999.0 -999 -999 "" "" "" "" 0 0 0.0 0.0 -999 ""
FIBERMAP 1141 R+13C2 METROLOGY 0 0 0 1 0 0 -138.2805040380522 244.8672621142807 143.1 -270.24788394396586 -77.73409057539432 236.82703 84.14183 -999.0 -999.0 -999.0 -999.0 -999.0 248.74782294189419 -29.278753831526014 248.8268058106977 -29.333917270383807 79.92553339645161 94.62103183430554 -999.0 6231.0 -999.0 -1 -999 {-999.0 -999.0 -999.0 -999.0 -999.0} "" -999.0 -999.0 -999.0 -999.0 -999 -999 "" "" "" "" 0 0 0.0 0.0 -999 ""
FIBERMAP 1146 R-1C11 APOGEE 1 1 0 1 0 0 -60.536286927707756 -26.59645211946182 143.1 11.83517131304437 -65.05126795230701 186.5561 157.72844 249.7258452720871 -29.246875387182744 -6.1935763 -2.4729638 0.06474798 249.72583086359634 -29.246874441952155 249.80498038347548 -29.299693893754412 79.07208391612268 94.539259474061 16000.0 16600.0 2016.0 2 247 {-999.0 16.532114 14.908502 14.051051 -999.0} sdss_psfmag_from_g3xp 15.827907 14.667435 13.609588 10.984 63050396382972825 1156251766 bright_1x1 mwm_galactic_core_dist_apogee_extra mwm_galactic science 0 0 0.0 0.0 -999 ""
FIBERMAP 1146 R-1C11 BOSS 0 0 0 1 0 0 -61.25541847434185 -26.42656713012365 143.1 11.503186485581619 -65.71139133194383 186.5561 157.72844 -999.0 -999.0 -999.0 -999.0 -999.0 249.72472512730525 -29.248914803130443 249.80383340429057 -29.30173748127759 79.07313982260425 94.5498911299618 -999.0 5400.0 -999.0 1 508 {-999.0 -999.0 -999.0 -999.0 -999.0} "" -999.0 -999.0 -999.0 -999.0 -999 -999 "" "" "" "" 0 0 0.0 0.0 -999 ""
FIBERMAP 1146 R-1C11 METROLOGY 0 0 0 1 0 0 -60.747003171478326 -25.882722107625032 143.1 11.092057589895747 -65.0907531497158 186.5561 157.72844 -999.0 -999.0 -999.0 -999.0 -999.0 249.7232871047348 -29.247033857467642 249.80240254345392 -29.29986021604102 79.07433570025438 94.53981038157337 -999.0 6231.0 -999.0 -1 -999 {-999.0 -999.0 -999.0 -999.0 -999.0} "" -999.0 -999.0 -999.0 -999.0 -999 -999 "" "" "" "" 0 0 0.0 0.0 -999 ""
FIBERMAP 1147 R+8C8 APOGEE 0 0 0 1 0 0 -49.59280260887335 175.45521687750707 143.1 -182.16680502609782 -7.559540832804791 160.10115 45.90858 -999.0 -999.0 -999.0 -999.0 -999.0 249.05337878684983 -29.06916134246416 249.13180853565495 -29.123649424066947 79.65339207417466 93.47868483244179 -999.0 16600.0 -999.0 2 -999 {-999.0 -999.0 -999.0 -999.0 -999.0} "" -999.0 -999.0 -999.0 -999.0 -999 -999 "" "" "" "" 0 0 0.0 0.0 -999 ""
FIBERMAP 1147 R+8C8 BOSS 1 1 0 1 0 0 -48.922186190490834 175.7996102730759 143.1 -182.34631651427287 -6.827370684297821 160.10115 45.90858 249.05276765519054 -29.066912760156864 -7.151429 -11.43369 1.315852 249.05275302382026 -29.066937812239964 249.1311308413757 -29.121429592391685 79.65389465704236 93.46620266779189 5400.0 5400.0 2016.0 1 137 {-999.0 18.62005 17.153996 16.548265 -999.0} sdss_psfmag_ps1 17.884708 16.999664 16.068085 13.989 63050396382835253 1096653392 bright_1x1 mwm_bin_vis_boss mwm_filler science 0 0 0.0 0.0 -999 ""
FIBERMAP 1147 R+8C8 METROLOGY 0 0 0 1 0 0 -48.96787841260981 175.04415974556497 143.1 -181.62207022621274 -7.046971736336918 160.10115 45.90858 -999.0 -999.0 -999.0 -999.0 -999.0 249.05520898922413 -29.06762277763357 249.13360224174914 -29.12210801864182 79.6517646558247 93.47045945954216 -999.0 6231.0 -999.0 -1 -999 {-999.0 -999.0 -999.0 -999.0 -999.0} "" -999.0 -999.0 -999.0 -999.0 -999 -999 "" "" "" "" 0 0 0.0 0.0 -999 ""
FIBERMAP 1154 R+2C15 APOGEE 1 0 0 1 1 0 28.772552777114228 23.392669858977765 143.1 -16.083393296693572 33.411299032509596 304.43353 12.020982 249.5227504675415 -28.917287691742928 -6.201896 0.18446197 0.17881152 249.62976466287714 -28.94762791862803 249.70794659778358 -29.0007629482694 79.14456705074406 92.94018676346911 16000.0 16600.0 2016.0 2 120 {-999.0 14.760405 13.383946 12.749309 -999.0} sdss_psfmag_from_g3xp 14.214366 13.289363 12.343327 10.093 63050396383224375 1153033258 bright_1x1 mwm_galactic_core_dist_apogee_sparse mwm_galactic science 0 0 0.0 0.0 -999 ""
FIBERMAP 1154 R+2C15 BOSS 0 0 0 1 1 0 28.202170544014564 23.87865700240182 143.1 -16.688368005697573 32.96915682234373 304.43353 12.020982 -999.0 -999.0 -999.0 -999.0 -999.0 249.6276947069694 -28.948941452870056 249.7058333683418 -29.002083322160942 79.1464839188501 92.9466579041316 -999.0 5400.0 -999.0 1 206 {-999.0 -999.0 -999.0 -999.0 -999.0} "" -999.0 -999.0 -999.0 -999.0 -999 -999 "" "" "" "" 0 0 0.0 0.0 -999 ""
FIBERMAP 1154 R+2C15 METROLOGY 0 0 0 1 1 0 28.906847695742577 24.121675542082777 143.1 -16.761373181953797 33.710954133036985 304.43353 12.020982 -999.0 -999.0 -999.0 -999.0 -999.0 249.62743493862817 -28.946685456785794 249.70557973918562 -28.999827962148068 79.1465835143249 92.9346341185593 -999.0 6231.0 -999.0 -1 -999 {-999.0 -999.0 -999.0 -999.0 -999.0} "" -999.0 -999.0 -999.0 -999.0 -999 -999 "" "" "" "" 0 0 0.0 0.0 -999 ""
FIBERMAP 1157 R+10C1 APOGEE 1 1 0 1 0 0 -173.69937717270219 180.28676936444845 143.1 -215.6413425954559 -127.16001056341685 303.9889 103.54722 248.9348136046889 -29.430169775810835 -2.076423 -6.5433106 0.34258294 248.9347927967317 -29.43016544958798 249.01433294777485 -29.484837396427615 79.76385653785707 95.4872514194476 16000.0 16600.0 2016.0 2 46 {-999.0 14.775861 13.342386 12.721292 -999.0} sdss_psfmag_from_g3xp 14.189531 13.26107 12.31474 10.151 63050396382766065 1107350631 bright_1x1 mwm_tess_rgb_apogee mwm_tessrgb science 0 0 0.0 0.0 -999 ""
FIBERMAP 1157 R+10C1 BOSS 0 0 0 1 0 0 -174.2112130319445 179.71691039712982 143.1 -215.20570254387408 -127.79000746004583 303.9889 103.54722 -999.0 -999.0 -999.0 -999.0 -999.0 248.93631245558862 -29.432093083460078 249.01581460025363 -29.48676100929245 79.76257526862659 95.49810729593128 -999.0 5400.0 -999.0 1 81 {-999.0 -999.0 -999.0 -999.0 -999.0} "" -999.0 -999.0 -999.0 -999.0 -999 -999 "" "" "" "" 0 0 0.0 0.0 -999 ""
FIBERMAP 1157 R+10C1 METROLOGY 0 0 0 1 0 0 -174.4337549964063 180.4320215825428 143.1 -215.95290161847768 -127.84067551539479 303.9889 103.54722 -999.0 -999.0 -999.0 -999.0 -999.0 248.93367387851904 -29.43223997727515 249.01318843898196 -29.486914149488573 79.76486189669939 95.49891379215836 -999.0 6231.0 -999.0 -1 -999 {-999.0 -999.0 -999.0 -999.0 -999.0} "" -999.0 -999.0 -999.0 -999.0 -999 -999 "" "" "" "" 0 0 0.0 0.0 -999 ""
FIBERMAP 1160 R-9C13 APOGEE 1 1 0 1 0 0 94.89199988003197 -188.48346432479175 143.1 205.34248600282908 48.60221121811291 23.430777 35.77906 250.39631701575658 -28.9018378408173 -1.929663 -7.520762 0.15398145 250.39630362051528 -28.901856834359553 250.47450602858044 -28.9531529617863 78.47234091685635 92.89467241220603 16000.0 16600.0 2016.0 2 185 {-999.0 15.924285 14.3707905 13.642109 -999.0} sdss_psfmag_from_g3xp 15.260627 14.220714 13.219939 10.861 63050396382999576 1153032962 bright_1x1 mwm_galactic_core_dist_apogee_sparse mwm_galactic science 0 0 0.0 0.0 -999 ""
FIBERMAP 1160 R-9C13 BOSS 0 0 0 1 0 0 94.40612963855162 -189.0772521737874 143.1 205.80742237993488 47.991923499466864 23.430777 35.77906 -999.0 -999.0 -999.0 -999.0 -999.0 250.39801847464273 -28.903688248614202 250.47617712317253 -28.954982385634803 78.47099349904886 92.90425725290277 -999.0 5400.0 -999.0 1 379 {-999.0 -999.0 -999.0 -999.0 -999.0} "" -999.0 -999.0 -999.0 -999.0 -999 -999 "" "" "" "" 0 0 0.0 0.0 -999 ""
FIBERMAP 1160 R-9C13 METROLOGY 0 0 0 1 0 0 94.16211445740043 -188.3527938760624 143.1 205.04615251670663 47.92253524091867 23.430777 35.77906 -999.0 -999.0 -999.0 -999.0 -999.0 250.39541910671116 -28.903896633258558 250.47359203011058 -28.955196244765787 78.4732642995636 92.90463308525102 -999.0 6231.0 -999.0 -1 -999 {-999.0 -999.0 -999.0 -999.0 -999.0} "" -999.0 -999.0 -999.0 -999.0 -999 -999 "" "" "" "" 0 0 0.0 0.0 -999 ""
FIBERMAP 1161 R-13C7 APOGEE 1 1 0 1 0 0 -9.026814090413518 -239.70760577648431 143.1 231.07497240079672 -64.35808603297879 77.70216 120.83349 250.48634542391042 -29.243596644133397 -2.5509334 -4.7092505 0.065050796 250.48631043105726 -29.24361706139602 250.56561575890146 -29.294599063718618 78.40888710053767 94.61548958675962 16000.0 16600.0 2016.0 2 264 {-999.0 16.030664 14.425668 13.443305 -999.0} sdss_psfmag_from_g3xp 15.345034 14.094979 12.992852 10.364 63050396382933303 1153032767 bright_1x1 mwm_galactic_core_dist_apogee_sparse mwm_galactic science 0 0 0.0 0.0 -999 ""
FIBERMAP 1161 R-13C7 BOSS 0 0 0 1 0 0 -8.325964261953022 -239.46734778099864 143.1 231.0037650692221 -63.62065167583528 77.70216 120.83349 -999.0 -999.0 -999.0 -999.0 -999.0 250.4861403061064 -29.241393131405246 250.56538810880886 -29.292377618749175 78.40901266229822 94.60440702731984 -999.0 5400.0 -999.0 1 358 {-999.0 -999.0 -999.0 -999.0 -999.0} "" -999.0 -999.0 -999.0 -999.0 -999 -999 "" "" "" "" 0 0 0.0 0.0 -999 ""
FIBERMAP 1161 R-13C7 METROLOGY 0 0 0 1 0 0 -8.466524795572242 -240.21188267572336 143.1 231.6953977795882 -63.930001986604196 77.70216 120.83349 -999.0 -999.0 -999.0 -999.0 -999.0 250.4885566007691 -29.24232779488274 250.56782216136116 -29.29330575382061 78.40692150094044 94.60937065516634 -999.0 6231.0 -999.0 -1 -999 {-999.0 -999.0 -999.0 -999.0 -999.0} "" -999.0 -999.0 -999.0 -999.0 -999 -999 "" "" "" "" 0 0 0.0 0.0 -999 ""
FIBERMAP 1164 R+8C9 APOGEE 0 0 0 1 0 0 -23.33015185438853 144.351772230886 143.1 -145.82278460895924 10.775104132432125 247.60246 134.27632 -999.0 -999.0 -999.0 -999.0 -999.0 249.17952267614376 -29.01439354248945 249.25781041518894 -29.06859377669176 79.54103042106895 93.20021601600075 -999.0 16600.0 -999.0 2 -999 {-999.0 -999.0 -999.0 -999.0 -999.0} "" -999.0 -999.0 -999.0 -999.0 -999 -999 "" "" "" "" 0 0 0.0 0.0 -999 ""
FIBERMAP 1164 R+8C9 BOSS 1 1 0 1 0 0 -23.998883739599737 144.07004568959113 143.1 -145.70379335493433 10.0592967619615 247.60246 134.27632 249.17961427391296 -29.01652032369084 -46.74496 -18.156538 2.3851545 249.17988663384764 -29.016560643789 249.2581360287736 -29.07076120226247 79.54084520608006 93.21221477386939 5400.0 5400.0 2016.0 1 128 {-999.0 14.303127 13.432121 13.02159 -999.0} sdss_psfmag_from_g3xp 14.030516 13.414911 12.656051 11.206 63050396382836051 1078034624 bright_flexible_2x1 mwm_snc_ext_main_boss mwm_snc science 0 0 1.315245509147644 0.0 -999 ""
FIBERMAP 1164 R+8C9 METROLOGY 0 0 0 1 0 0 -23.92278892997089 144.80814873492767 143.1 -146.40411642674306 10.304448846164256 247.60246 134.27632 -999.0 -999.0 -999.0 -999.0 -999.0 249.1774378337374 -29.01580154571735 249.25569708682235 -29.070007693805252 79.54294028454608 93.20753189404871 -999.0 6231.0 -999.0 -1 -999 {-999.0 -999.0 -999.0 -999.0 -999.0} "" -999.0 -999.0 -999.0 -999.0 -999 -999 "" "" "" "" 0 0 0.0 0.0 -999 ""
FIBERMAP 1165 R+13C8 APOGEE 1 1 0 1 0 0 4.215684297609711 241.2660262496895 143.1 -233.70636316820026 60.03954220913142 237.03662 117.79772 248.87805872076976 -28.863149235702092 -0.285948 -0.7359934 0.6495743 248.8780693180025 -28.86314688118549 248.95580975866346 -28.918113507994377 79.7969452369359 92.2850945391337 16000.0 16600.0 2016.0 2 99 {-999.0 14.460633 13.059079 12.424169 -999.0} sdss_psfmag_from_g3xp 13.89126 12.960385 12.008951 9.841 63050396382848200 1104623909 bright_1x1 mwm_tess_rgb_apogee mwm_tessrgb science 0 0 0.0 0.0 -999 ""
FIBERMAP 1165 R+13C8 BOSS 0 0 0 1 0 0 3.4430282288019205 241.30112040216025 143.1 -233.91964448819112 59.296102560905204 237.03662 117.79772 -999.0 -999.0 -999.0 -999.0 -999.0 248.87732307452464 -28.865382140016848 248.95502631395152 -28.920352199886178 79.79776153911516 92.29748349428576 -999.0 5400.0 -999.0 1 173 {-999.0 -999.0 -999.0 -999.0 -999.0} "" -999.0 -999.0 -999.0 -999.0 -999 -999 "" "" "" "" 0 0 0.0 0.0 -999 ""
FIBERMAP 1165 R+13C8 METROLOGY 0 0 0 1 0 0 3.8750779272912146 241.92238816210303 143.1 -234.42378966009437 59.8604094418595 237.03662 117.79772 -999.0 -999.0 -999.0 -999.0 -999.0 248.87555684789788 -28.863653062643046 248.95326672334045 -28.918627205987203 79.79919758265336 92.28724924610157 -999.0 6231.0 -999.0 -1 -999 {-999.0 -999.0 -999.0 -999.0 -999.0} "" -999.0 -999.0 -999.0 -999.0 -999 -999 "" "" "" "" 0 0 0.0 0.0 -999 ""
FIBERMAP 1166 R0C7 APOGEE 1 1 0 1 0 0 -173.7904494366092 -1.063565213824728 143.1 -39.25973360016823 -169.29568218585297 210.36256 88.57283 249.54683559350477 -29.562153688154574 -5.8249397 2.0103295 0.18261766 249.5467902294597 -29.562144386811195 249.626900094853 -29.615307115434984 79.23108436769228 96.20581438954366 16000.0 16600.0 2016.0 2 277 {-999.0 14.464062 12.811417 11.860194 -999.0} sdss_psfmag_from_g3xp 13.731919 12.503419 11.413615 8.81 63050396382613339 1153032439 bright_1x1 mwm_galactic_core_dist_apogee_sparse mwm_galactic science 0 0 0.0 0.0 -999 ""
FIBERMAP 1166 R0C7 BOSS 0 0 0 1 0 0 -174.03803841997527 -0.39206154068884275 143.1 -39.97032215576352 -169.3808245702631 210.36256 88.57283 -999.0 -999.0 -999.0 -999.0 -999.0 249.5443426480424 -29.562453699723257 249.62440600459445 -29.61562213348992 79.23325180847283 96.20753064860446 -999.0 5400.0 -999.0 1 450 {-999.0 -999.0 -999.0 -999.0 -999.0} "" -999.0 -999.0 -999.0 -999.0 -999 -999 "" "" "" "" 0 0 0.0 0.0 -999 ""
FIBERMAP 1166 R0C7 METROLOGY 0 0 0 1 0 0 -173.3078552493491 -0.502102663271288 143.1 -39.69398615082904 -168.69607594421524 210.36256 88.57283 -999.0 -999.0 -999.0 -999.0 -999.0 249.54529410186254 -29.560409803575965 249.6253644637667 -29.61357655333296 79.2324237205138 96.19656985341902 -999.0 6231.0 -999.0 -1 -999 {-999.0 -999.0 -999.0 -999.0 -999.0} "" -999.0 -999.0 -999.0 -999.0 -999 -999 "" "" "" "" 0 0 0.0 0.0 -999 ""
FIBERMAP 1171 R+5C19 APOGEE 0 0 0 1 0 0 174.73642344904377 104.17905448204736 143.1 -60.823223784380666 194.1237479423168 15.684621 145.22499 -999.0 -999.0 -999.0 -999.0 -999.0 249.47748961634227 -28.460394716668116 249.55411039962917 -28.514033176215236 79.24205212377974 90.29683428844879 -999.0 16600.0 -999.0 2 -999 {-999.0 -999.0 -999.0 -999.0 -999.0} "" -999.0 -999.0 -999.0 -999.0 -999 -999 "" "" "" "" 0 0 0.0 0.0 -999 ""
FIBERMAP 1171 R+5C19 BOSS 1 1 0 1 0 0 175.4301742654328 103.93581646929744 143.1 -60.42577181830451 194.7421757236403 15.684621 145.22499 249.47891235351557 -28.458481244452017 -999.0 -999.0 -999.0 249.47889973113797 -28.458478159434204 249.5554686947237 -28.51211776056886 79.24067650362977 90.28724986820896 5400.0 5400.0 2015.5 1 212 {-999.0 -999.0 -999.0 -999.0 -999.0} "" -999.0 -999.0 -999.0 -999.0 27021603175325193 853832625 "" ops_sky_boss_fallback ops_sky sky_boss 0 0 0.0 0.0 -999 ""
FIBERMAP 1171 R+5C19 METROLOGY 0 0 0 1 0 0 174.87793553376673 103.44456653342365 143.1 -60.07596381292354 194.09110416928726 15.684621 145.22499 -999.0 -999.0 -999.0 -999.0 -999.0 249.48006891017528 -28.460418354032686 249.55665725755466 -28.514053457890427 79.23982695296993 90.29811691884646 -999.0 6231.0 -999.0 -1 -999 {-999.0 -999.0 -999.0 -999.0 -999.0} "" -999.0 -999.0 -999.0 -999.0 -999 -999 "" "" "" "" 0 0 0.0 0.0 -999 ""
FIBERMAP 1173 R-8C17 APOGEE 1 1 0 1 0 0 171.2667663231213 -164.66682636566787 143.1 199.88352939620896 128.4153370234228 355.07095 85.12716 250.37609613305125 -28.660375897712843 -7.462573 -7.6603656 0.07661267 250.3760829231087 -28.66040355414382 250.4535196813266 -28.711816545880332 78.47340532319741 91.68346589486328 16000.0 16600.0 2016.0 2 221 {-999.0 16.23604 14.588947 13.756786 -999.0} sdss_psfmag_from_g3xp 15.512341 14.367036 13.314842 10.732 63050396383146883 1153033095 bright_1x1 mwm_galactic_core_dist_apogee_sparse mwm_galactic science 0 0 0.0 0.0 -999 ""
FIBERMAP 1173 R-8C17 BOSS 0 0 0 1 0 0 171.10088206016243 -165.40459066940127 143.1 200.56270478369237 128.08292366590348 355.07095 85.12716 -999.0 -999.0 -999.0 -999.0 -999.0 250.3784998494312 -28.661388438080394 250.45589048311228 -28.712798878280847 78.47141331911554 91.689215857014 -999.0 5400.0 -999.0 1 319 {-999.0 -999.0 -999.0 -999.0 -999.0} "" -999.0 -999.0 -999.0 -999.0 -999 -999 "" "" "" "" 0 0 0.0 0.0 -999 ""
FIBERMAP 1173 R-8C17 METROLOGY 0 0 0 1 0 0 170.55662055389695 -164.88480118991512 143.1 199.93090617168613 127.67402681511325 355.07095 85.12716 -999.0 -999.0 -999.0 -999.0 -999.0 250.37636320931526 -28.66260331723015 250.45377132883777 -28.71401757009635 78.47336522039683 91.69453417663192 -999.0 6231.0 -999.0 -1 -999 {-999.0 -999.0 -999.0 -999.0 -999.0} "" -999.0 -999.0 -999.0 -999.0 -999 -999 "" "" "" "" 0 0 0.0 0.0 -999 ""
FIBERMAP 1175 R-8C4 APOGEE 0 0 0 1 0 0 -124.20640067061925 -159.4527880767057 143.1 126.30464318743556 -157.78781071579203 320.14835 133.6931 -999.0 -999.0 -999.0 -999.0 -999.0 250.12358513658927 -29.527696566346375 250.2037183271433 -29.579476560104847 78.72947802858239 96.02226743175322 -999.0 16600.0 -999.0 2 -999 {-999.0 -999.0 -999.0 -999.0 -999.0} "" -999.0 -999.0 -999.0 -999.0 -999 -999 "" "" "" "" 0 0 0.0 0.0 -999 ""
FIBERMAP 1175 R-8C4 BOSS 1 1 0 1 0 0 -124.12799595440701 -160.1841901137941 143.1 127.03426964288754 -157.881124672817 320.14835 133.6931 250.12623312016987 -29.52801618329817 -1.0902725 -2.8950984 0.09855057 250.1262087407873 -29.52801297899813 250.20629437497314 -29.579786776812483 78.72723946950006 96.02391803341294 5400.0 5400.0 2016.0 1 490 {-999.0 16.173637 15.450035 15.393143 -999.0} sdss_psfmag_ps1 15.88125 15.298795 14.55996 13.045 63050396382887927 1071801093 dark_flexible_2x1 mwm_halo_mp_xp_boss mwm_halo science 0 0 0.0 0.0 -999 ""
FIBERMAP 1175 R-8C4 METROLOGY 0 0 0 1 0 0 -124.82464782245604 -159.87382094483095 143.1 126.5708453715899 -158.48680962710108 320.14835 133.6931 -999.0 -999.0 -999.0 -999.0 -999.0 250.12460171473384 -29.529870146312714 250.20470685824432 -29.581647235478858 78.7286301920204 96.03339736062003 -999.0 6231.0 -999.0 -1 -999 {-999.0 -999.0 -999.0 -999.0 -999.0} "" -999.0 -999.0 -999.0 -999.0 -999 -999 "" "" "" "" 0 0 0.0 0.0 -999 ""
FIBERMAP 1180 R+3C19 APOGEE 0 0 0 1 0 0 147.85265319747356 49.148157730780085 143.1 -13.526834734572775 155.2142026436274 245.06192 149.24982 -999.0 -999.0 -999.0 -999.0 -999.0 249.64002690700346 -28.578361149512325 249.71705182337485 -28.63157498748396 79.11046912800417 90.9907293975266 -999.0 16600.0 -999.0 2 -999 {-999.0 -999.0 -999.0 -999.0 -999.0} "" -999.0 -999.0 -999.0 -999.0 -999 -999 "" "" "" "" 0 0 0.0 0.0 -999 ""
FIBERMAP 1180 R+3C19 BOSS 1 1 0 1 0 0 147.19838944192676 48.72686021621346 143.1 -13.268725774021187 154.48010837585568 245.06192 149.24982 249.64096069335938 -28.580535004121828 -999.0 -999.0 -999.0 249.64095044880463 -28.580514428689213 249.7179354736419 -28.63372903857768 79.10988474353046 91.00244639579978 5400.0 5400.0 2015.5 1 225 {-999.0 -999.0 -999.0 -999.0 -999.0} "" -999.0 -999.0 -999.0 -999.0 27021603175325074 852029522 "" ops_sky_boss_fallback ops_sky sky_boss 0 0 0.0 0.0 -999 ""
FIBERMAP 1180 R+3C19 METROLOGY 0 0 0 1 0 0 147.17886332137954 49.47297370894199 143.1 -13.999010996387259 154.63410553224125 245.06192 149.24982 -999.0 -999.0 -999.0 -999.0 -999.0 249.63841455500938 -28.58002523592488 249.71541077358745 -28.63324507500741 79.11204996257541 90.9988700873842 -999.0 6231.0 -999.0 -1 -999 {-999.0 -999.0 -999.0 -999.0 -999.0} "" -999.0 -999.0 -999.0 -999.0 -999 -999 "" "" "" "" 0 0 0.0 0.0 -999 ""
FIBERMAP 1181 R-7C8 APOGEE 1 1 0 1 0 0 -47.54384405397202 -123.65608776077923 143.1 109.25919070817697 -74.91710213718696 67.96931 104.99776 250.06461797073231 -29.276932229270567 -4.9078636 -3.30714 0.3400689 250.06461254411983 -29.276944303834508 250.14393351571402 -29.328937312998605 78.77744315331203 94.73344479061467 16000.0 16600.0 2016.0 2 270 {-999.0 14.3092575 12.845472 12.21502 -999.0} sdss_psfmag_from_g3xp 13.702631 12.75766 11.805053 9.579 63050396382962712 1156251754 bright_1x1 mwm_galactic_core_dist_apogee_extra mwm_galactic science 0 0 0.0 0.0 -999 ""
FIBERMAP 1181 R-7C8 BOSS 0 0 0 1 0 0 -46.83113011057079 -123.91865179714165 143.1 109.67983815070575 -74.28470942803618 67.96931 104.99776 -999.0 -999.0 -999.0 -999.0 -999.0 250.0661847960185 -29.27506001105083 250.14545132915714 -29.327050910025946 78.7760690966144 94.72394101768771 -999.0 5400.0 -999.0 1 372 {-999.0 -999.0 -999.0 -999.0 -999.0} "" -999.0 -999.0 -999.0 -999.0 -999 -999 "" "" "" "" 0 0 0.0 0.0 -999 ""
FIBERMAP 1181 R-7C8 METROLOGY 0 0 0 1 0 0 -47.4099831932279 -124.39068125217852 143.1 110.00477936413945 -74.95721286375448 67.96931 104.99776 -999.0 -999.0 -999.0 -999.0 -999.0 250.06731203510068 -29.277106271446524 250.14659914483707 -29.329093537118094 78.77512428658898 94.73457060531268 -999.0 6231.0 -999.0 -1 -999 {-999.0 -999.0 -999.0 -999.0 -999.0} "" -999.0 -999.0 -999.0 -999.0 -999 -999 "" "" "" "" 0 0 0.0 0.0 -999 ""
FIBERMAP 1188 R+1C9 APOGEE 1 1 0 1 0 0 -84.30367843106033 24.21591948465099 143.1 -43.10153627438854 -76.38910510506008 46.157993 83.82421 249.53453729684333 -29.280696398846512 -6.5988226 -12.117854 0.25645828 249.53450837751242 -29.280718749641327 249.61372093683542 -29.333989967082502 79.23966337635581 94.69903671415057 16000.0 16600.0 2016.0 2 28 {-999.0 14.861627 13.570436 12.935367 -999.0} sdss_psfmag_from_g3xp 14.362772 13.464074 12.52763 10.399 63050396382780010 1153032525 bright_1x1 mwm_galactic_core_dist_apogee_sparse mwm_galactic science 0 0 0.0 0.0 -999 ""
FIBERMAP 1188 R+1C9 BOSS 0 0 0 1 0 0 -83.80542024836826 23.657946583423964 143.1 -42.44326208939474 -76.03380955135675 46.157993 83.82421 -999.0 -999.0 -999.0 -999.0 -999.0 249.53682185874902 -29.27969294714677 249.61598496153795 -29.332959825716518 79.23766626624726 94.69376638968686 -999.0 5400.0 -999.0 1 46 {-999.0 -999.0 -999.0 -999.0 -999.0} "" -999.0 -999.0 -999.0 -999.0 -999 -999 "" "" "" "" 0 0 0.0 0.0 -999 ""
FIBERMAP 1188 R+1C9 METROLOGY 0 0 0 1 0 0 -84.53634965585029 23.514141460936003 143.1 -42.47285031588255 -76.77813971955361 46.157993 83.82421 -999.0 -999.0 -999.0 -999.0 -999.0 249.53669173457996 -29.28195841262899 249.6158752340093 -29.335224694915897 79.23781433935545 94.70588011370427 -999.0 6231.0 -999.0 -1 -999 {-999.0 -999.0 -999.0 -999.0 -999.0} "" -999.0 -999.0 -999.0 -999.0 -999 -999 "" "" "" "" 0 0 0.0 0.0 -999 ""
FIBERMAP 1191 R0C18 APOGEE 0 0 0 1 0 0 73.22516029081169 11.366316934597819 143.1 5.921440354360436 73.86277118855355 196.68869 56.04821 -999.0 -999.0 -999.0 -999.0 -999.0 249.7064955015053 -28.825020803182635 249.78430866986662 -28.87800522183152 79.07052151160141 92.31285378026462 -999.0 16600.0 -999.0 2 -999 {-999.0 -999.0 -999.0 -999.0 -999.0} "" -999.0 -999.0 -999.0 -999.0 -999 -999 "" "" "" "" 0 0 0.0 0.0 -999 ""
FIBERMAP 1191 R0C18 BOSS 1 1 0 1 0 0 73.46306085372288 12.078716048038775 143.1 5.283635522428808 74.25935503281555 196.68869 56.04821 249.70437703627218 -28.82375447359802 -10.19968 -5.178221 0.13485481 249.704339438718 -28.82376504428623 249.78210099788043 -28.87675772890837 79.07236879828288 92.30561981197417 5400.0 5400.0 2016.0 1 252 {-999.0 18.386753 17.716858 17.396193 17.227974} sdss_psfmag_from_ps1dr2 18.1378 17.7045 17.0262 15.991 63050396383230869 1040588497 "" ops_std_boss_ps1dr2 ops_std standard_boss 0 0 0.0 0.0 -999 ""
FIBERMAP 1191 R0C18 METROLOGY 0 0 0 1 0 0 73.95728338102742 11.51959445274403 143.1 5.942091373600934 74.61045870099711 196.68869 56.04821 -999.0 -999.0 -999.0 -999.0 -999.0 249.70661226775755 -28.822698861112045 249.78438434271925 -28.87568559822485 79.07030331651653 92.30066887225229 -999.0 6231.0 -999.0 -1 -999 {-999.0 -999.0 -999.0 -999.0 -999.0} "" -999.0 -999.0 -999.0 -999.0 -999 -999 "" "" "" "" 0 0 0.0 0.0 -999 ""
FIBERMAP 1195 R-8C11 APOGEE 0 0 0 1 0 0 21.602240445773745 -167.5144668257685 143.1 167.95292740112566 -17.82627417059353 259.35507 124.80937 -999.0 -999.0 -999.0 -999.0 -999.0 250.2679688008566 -29.10344920215987 250.3467828220987 -29.15499922620607 78.59441574991449 93.87920917451902 -999.0 16600.0 -999.0 2 -999 {-999.0 -999.0 -999.0 -999.0 -999.0} "" -999.0 -999.0 -999.0 -999.0 -999 -999 "" "" "" "" 0 0 0.0 0.0 -999 ""
FIBERMAP 1195 R-8C11 BOSS 1 1 0 1 0 0 20.912476234273566 -167.81438134025734 143.1 168.0847339611811 -18.56675704502291 259.35507 124.80937 250.2685250797504 -29.105656292709973 4.9446473 -17.896357 1.6668516 250.2685524813739 -29.10569860919678 250.3473242631312 -29.15724845938785 78.59404082420818 93.89067587731927 5400.0 5400.0 2016.0 1 396 {-999.0 21.10547 19.382774 18.353056 -999.0} sdss_psfmag_ps1 20.18344 18.981781 17.903498 15.56 63050396382988283 1096742360 bright_1x1 mwm_bin_vis_boss mwm_filler science 0 0 0.0 0.0 -999 ""
FIBERMAP 1195 R-8C11 METROLOGY 0 0 0 1 0 0 20.999606500902892 -167.0713747977591 143.1 167.38219980179477 -18.309733670677762 259.35507 124.80937 -999.0 -999.0 -999.0 -999.0 -999.0 250.26613047782163 -29.104927331932284 250.34491333445726 -29.1564827300347 78.59611116122723 93.88634646886175 -999.0 6231.0 -999.0 -1 -999 {-999.0 -999.0 -999.0 -999.0 -999.0} "" -999.0 -999.0 -999.0 -999.0 -999 -999 "" "" "" "" 0 0 0.0 0.0 -999 ""
FIBERMAP 1196 R-12C2 APOGEE 1 1 0 1 0 0 -127.42735791785925 -229.23428701010246 143.1 193.43556250639406 -177.10012237761606 322.08215 165.33232 250.3564453125 -29.584944819889998 -999.0 -999.0 -999.0 250.3564465823993 -29.58493191352013 250.43681424017586 -29.636132393358924 78.52704884974517 96.3137734059004 16000.0 16600.0 2015.5 2 153 {-999.0 -999.0 -999.0 -999.0 -999.0} "" -999.0 -999.0 -999.0 -999.0 27021603175318553 845928279 "" ops_sky_apogee_best ops_sky sky_apogee 0 0 0.0 0.0 -999 ""
FIBERMAP 1196 R-12C2 BOSS 0 0 0 1 0 0 -126.96359308914457 -229.799970701081 143.1 194.09333963892195 -176.78016691777958 322.08215 165.33232 -999.0 -999.0 -999.0 -999.0 -999.0 250.35877859373497 -29.583955915306998 250.4390935473723 -29.63515113977684 78.52506514130363 96.30886665714684 -999.0 5400.0 -999.0 1 434 {-999.0 -999.0 -999.0 -999.0 -999.0} "" -999.0 -999.0 -999.0 -999.0 -999 -999 "" "" "" "" 0 0 0.0 0.0 -999 ""
FIBERMAP 1196 R-12C2 METROLOGY 0 0 0 1 0 0 -127.7002785837405 -229.92189530779567 143.1 194.04113326129524 -177.52502301588754 322.08215 165.33232 -999.0 -999.0 -999.0 -999.0 -999.0 250.35862185406842 -29.586234289429488 250.43895826521555 -29.63742921340368 78.5251885856317 96.32031626281048 -999.0 6231.0 -999.0 -1 -999 {-999.0 -999.0 -999.0 -999.0 -999.0} "" -999.0 -999.0 -999.0 -999.0 -999 -999 "" "" "" "" 0 0 0.0 0.0 -999 ""
FIBERMAP 1197 R-12C11 APOGEE 0 0 0 1 0 0 48.13736779867043 -236.50994937559972 143.1 241.21838823911955 -8.012066125313659 238.24382 60.714413 -999.0 -999.0 -999.0 -999.0 -999.0 250.5206174986515 -29.072929804220834 250.59938728319798 -29.123876730554265 78.37259601164429 93.77366074156197 -999.0 16600.0 -999.0 2 -999 {-999.0 -999.0 -999.0 -999.0 -999.0} "" -999.0 -999.0 -999.0 -999.0 -999 -999 "" "" "" "" 0 0 0.0 0.0 -999 ""
FIBERMAP 1197 R-12C11 BOSS 1 1 0 1 0 0 47.784722544010975 -235.8662411556537 143.1 240.51047893863566 -8.205843160406753 238.24382 60.714413 250.5182926443063 -29.073533982057334 -0.99655855 -1.5481141 0.0877403 250.51826650080505 -29.0735248445635 250.59698724295708 -29.124479386807423 78.37471878950933 93.7761552555151 5400.0 5400.0 2016.0 1 369 {-999.0 16.569765 15.57166 15.193328 -999.0} sdss_psfmag_ps1 16.191996 15.532584 14.736234 13.058 63050396382992703 1071803142 dark_flexible_2x1 mwm_halo_mp_xp_boss mwm_halo science 0 0 0.0 0.0 -999 ""
FIBERMAP 1197 R-12C11 METROLOGY 0 0 0 1 0 0 48.52561100539248 -235.8706017164734 143.1 240.68649964602417 -7.486178679756396 238.24382 60.714413 -999.0 -999.0 -999.0 -999.0 -999.0 250.51889366551276 -29.07134566360625 250.59762191522987 -29.122298714156873 78.37406159789995 93.76547650719561 -999.0 6231.0 -999.0 -1 -999 {-999.0 -999.0 -999.0 -999.0 -999.0} "" -999.0 -999.0 -999.0 -999.0 -999 -999 "" "" "" "" 0 0 0.0 0.0 -999 ""
FIBERMAP 1199 R+1C1 APOGEE 1 1 0 1 0 0 -288.7901397063557 16.927342494206595 143.1 -83.42313033653807 -276.9866524302765 153.64574 150.99185 249.39177326091033 -29.885381507093207 0.5633507 -5.4545264 0.46127898 249.3918007599631 -29.88539752365482 249.4729058841566 -29.938843047921317 79.35882289638732 97.96049649310862 16000.0 16600.0 2016.0 2 10 {-999.0 14.362167 13.144792 12.633802 -999.0} sdss_psfmag_from_g3xp 13.904836 13.118395 12.251323 10.382 63050396382565053 1105383097 bright_1x1 mwm_tess_rgb_apogee mwm_tessrgb science 0 0 0.0 0.0 -999 ""
FIBERMAP 1199 R+1C1 BOSS 0 0 0 1 0 0 -289.2438309113392 17.49991683082291 143.1 -84.0852744980183 -277.29521146102127 153.64574 150.99185 -999.0 -999.0 -999.0 -999.0 -999.0 249.3895502567919 -29.886273686099162 249.47061116382395 -29.939723010867862 79.36078028523856 97.96562619698466 -999.0 5400.0 -999.0 1 12 {-999.0 -999.0 -999.0 -999.0 -999.0} "" -999.0 -999.0 -999.0 -999.0 -999 -999 "" "" "" "" 0 0 0.0 0.0 -999 ""
FIBERMAP 1199 R+1C1 METROLOGY 0 0 0 1 0 0 -288.50088563386055 17.613243768965464 143.1 -84.02325364840735 -276.5462597770681 153.64574 150.99185 -999.0 -999.0 -999.0 -999.0 -999.0 249.38973886167204 -29.884089946805293 249.47080598524542 -29.93753982448924 79.36068578124177 97.95377696461014 -999.0 6231.0 -999.0 -1 -999 {-999.0 -999.0 -999.0 -999.0 -999.0} "" -999.0 -999.0 -999.0 -999.0 -999 -999 "" "" "" "" 0 0 0.0 0.0 -999 ""
FIBERMAP 1204 R+8C11 APOGEE 0 0 0 1 0 0 37.001748033095765 138.72790175543534 143.1 -126.36405824275609 68.15710009488147 27.142616 20.039864 -999.0 -999.0 -999.0 -999.0 -999.0 249.2482867788841 -28.840717420182614 249.32604511230682 -28.89480091575459 79.47202022587078 92.26508356376814 -999.0 16600.0 -999.0 2 -999 {-999.0 -999.0 -999.0 -999.0 -999.0} "" -999.0 -999.0 -999.0 -999.0 -999 -999 "" "" "" "" 0 0 0.0 0.0 -999 ""
FIBERMAP 1204 R+8C11 BOSS 1 1 0 1 0 0 36.50968621951433 138.20028949111293 143.1 -125.96492759475873 67.55613290041873 27.142616 20.039864 249.2496154970762 -28.84247081056336 6.9917617 -4.9817834 0.29108194 249.2496305735093 -28.842512304062367 249.32734941034744 -28.896594546741895 79.47099233890474 92.27527007100451 5400.0 5400.0 2016.0 1 140 {-999.0 18.74454 17.85927 17.383308 17.233355} sdss_psfmag_from_ps1dr2 18.433 17.8285 17.0128 15.395 63050396383269938 1040588552 "" ops_std_boss_ps1dr2 ops_std standard_boss 0 0 0.0 0.0 -999 ""
FIBERMAP 1204 R+8C11 METROLOGY 0 0 0 1 0 0 36.2726535448363 138.89499288023183 143.1 -126.69563539148957 67.48663781011261 27.142616 20.039864 -999.0 -999.0 -999.0 -999.0 -999.0 249.24707381579694 -28.842704173528535 249.3248055424683 -28.89679180717916 79.47322743548878 92.27558893501026 -999.0 6231.0 -999.0 -1 -999 {-999.0 -999.0 -999.0 -999.0 -999.0} "" -999.0 -999.0 -999.0 -999.0 -999 -999 "" "" "" "" 0 0 0.0 0.0 -999 ""
FIBERMAP 1205 R-2C3 APOGEE 1 0 1 1 0 0 -223.31053018136257 -30.97943749166064 143.1 -21.64153404406254 -224.40091473948246 9.541629 170.2323 249.68420661798925 -29.770793983943232 -2.3788369 -5.1175895 0.11002995 249.60763869259628 -29.72858994388382 249.68829458444839 -29.7815593212389 79.176111126867 97.09049591321332 16000.0 16600.0 2016.0 2 288 {-999.0 15.342872 14.087019 13.48916 -999.0} sdss_psfmag_from_g3xp 14.865923 14.003321 13.091121 10.962 63050396382588459 1153032317 bright_1x1 mwm_galactic_core_dist_apogee_sparse mwm_galactic science 0 0 0.0 0.0 -999 ""
FIBERMAP 1205 R-2C3 BOSS 0 0 1 1 0 0 -222.56543633886233 -31.034569858879795 143.1 -21.415151648528067 -223.68893133493404 9.541629 170.2323 -999.0 -999.0 -999.0 -999.0 -999.0 249.60847776031963 -29.72649028998511 249.68907989992283 -29.779457535675956 79.17546558039487 97.07924362823792 -999.0 5400.0 -999.0 1 473 {-999.0 -999.0 -999.0 -999.0 -999.0} "" -999.0 -999.0 -999.0 -999.0 -999 -999 "" "" "" "" 0 0 0.0 0.0 -999 ""
FIBERMAP 1205 R-2C3 METROLOGY 0 0 1 1 0 0 -223.00915235496035 -31.664907732400202 143.1 -20.904888715035188 -224.2666892086612 9.541629 170.2323 -999.0 -999.0 -999.0 -999.0 -999.0 249.61023419297155 -29.728270312286075 249.6908558297173 -29.781233017109948 79.17389408734158 97.08855540999696 -999.0 6231.0 -999.0 -1 -999 {-999.0 -999.0 -999.0 -999.0 -999.0} "" -999.0 -999.0 -999.0 -999.0 -999 -999 "" "" "" "" 0 0 0.0 0.0 -999 ""
FIBERMAP 1206 R0C2 APOGEE 1 1 0 1 0 0 -283.6367843496466 15.533213327286397 143.1 -80.87220176988123 -272.29712780611976 199.01096 34.79531 249.40074243179646 -29.871414971699352 -5.939888 0.27889547 0.06580544 249.40072733863255 -29.871409666392797 249.48178986142977 -29.92483761212121 79.35159440181826 97.88333099356464 16000.0 16600.0 2016.0 2 253 {-999.0 14.708277 13.133337 12.355346 -999.0} sdss_psfmag_from_g3xp 14.03339 12.955888 11.934292 9.519 63050396382565465 1153032254 bright_1x1 mwm_galactic_core_dist_apogee_sparse mwm_galactic science 0 0 0.0 0.0 -999 ""
FIBERMAP 1206 R0C2 BOSS 0 0 0 1 0 0 -283.2078524899818 16.116073337913512 143.1 -81.33970992311126 -271.7447587532934 199.01096 34.79531 -999.0 -999.0 -999.0 -999.0 -999.0 249.39915892416929 -29.869720474756665 249.48016915122673 -29.923151362715146 79.3530531502653 97.87445681831684 -999.0 5400.0 -999.0 1 522 {-999.0 -999.0 -999.0 -999.0 -999.0} "" -999.0 -999.0 -999.0 -999.0 -999 -999 "" "" "" "" 0 0 0.0 0.0 -999 ""
FIBERMAP 1206 R0C2 METROLOGY 0 0 0 1 0 0 -282.89278227234854 15.461610234053952 143.1 -80.63005113543792 -271.59002521063377 199.01096 34.79531 -999.0 -999.0 -999.0 -999.0 -999.0 249.40159966329352 -29.86932841330676 249.4826224100899 -29.922753905382564 79.35094092215368 97.8719338335842 -999.0 6231.0 -999.0 -1 -999 {-999.0 -999.0 -999.0 -999.0 -999.0} "" -999.0 -999.0 -999.0 -999.0 -999 -999 "" "" "" "" 0 0 0.0 0.0 -999 ""
FIBERMAP 1209 R-2C21 APOGEE 1 1 0 1 0 0 164.36335313642945 -47.47404149403081 143.1 84.28740988289306 148.87206230472052 240.13225 82.49047 249.9777209965459 -28.598227130900145 -0.9732782 -8.946289 0.20559068 249.97776675713658 -28.598238925474266 250.05492632145945 -28.650632367779203 78.8167143845956 91.22450832672962 16000.0 16600.0 2016.0 2 218 {-999.0 14.557785 12.965048 12.149874 -999.0} sdss_psfmag_from_g3xp 13.873758 12.759045 11.7208185 9.216 63050396383260638 1153033074 bright_1x1 mwm_galactic_core_dist_apogee_sparse mwm_galactic science 0 0 0.0 0.0 -999 ""
FIBERMAP 1209 R-2C21 BOSS 0 0 0 1 0 0 163.7422348769837 -47.04571795847866 143.1 83.72676217001221 148.36719862302624 240.13225 82.49047 -999.0 -999.0 -999.0 -999.0 -999.0 249.9759184374939 -28.599703062899408 250.0530340765347 -28.652104210819783 78.8184956812206 91.23133103002704 -999.0 5400.0 -999.0 1 310 {-999.0 -999.0 -999.0 -999.0 -999.0} "" -999.0 -999.0 -999.0 -999.0 -999 -999 "" "" "" "" 0 0 0.0 0.0 -999 ""
FIBERMAP 1209 R-2C21 METROLOGY 0 0 0 1 0 0 164.42407222382323 -46.73232561993094 143.1 83.58000760097585 149.1030958024507 240.13225 82.49047 -999.0 -999.0 -999.0 -999.0 -999.0 249.97540709163314 -28.597459202659714 250.0525292280754 -28.649861186075537 78.81874354362445 91.21961003019356 -999.0 6231.0 -999.0 -1 -999 {-999.0 -999.0 -999.0 -999.0 -999.0} "" -999.0 -999.0 -999.0 -999.0 -999 -999 "" "" "" "" 0 0 0.0 0.0 -999 ""
FIBERMAP 1210 R-3C6 APOGEE 0 0 0 1 0 0 -159.92963605828982 -44.674934436653565 143.1 6.375534503156081 -165.92455887540902 184.30511 59.32753 -999.0 -999.0 -999.0 -999.0 -999.0 249.70589457053777 -29.552452771080777 249.7860112071794 -29.60523458947526 79.09276656548924 96.15120405228777 -999.0 16600.0 -999.0 2 -999 {-999.0 -999.0 -999.0 -999.0 -999.0} "" -999.0 -999.0 -999.0 -999.0 -999 -999 "" "" "" "" 0 0 0.0 0.0 -999 ""
FIBERMAP 1210 R-3C6 BOSS 1 1 0 1 0 0 -159.59943650881678 -43.9899350425927 143.1 5.785781903458704 -165.44454692807338 184.30511 59.32753 249.70388927858707 -29.551065191826833 1.3537735 -3.2676318 0.036225885 249.70389321825763 -29.55106270836686 249.7839574287426 -29.603849738069442 79.09455252522397 96.14388667886021 5400.0 5400.0 2016.0 1 475 {-999.0 17.27721 16.32065 15.843091 -999.0} sdss_psfmag_ps1 16.906384 16.225615 15.415336 13.76 63050396382614096 1071803100 dark_flexible_2x1 mwm_halo_mp_xp_boss mwm_halo science 0 0 0.0 0.0 -999 ""
FIBERMAP 1210 R-3C6 METROLOGY 0 0 0 1 0 0 -159.18363892623015 -44.62028559627375 143.1 6.495340180847711 -165.18624344115847 184.30511 59.32753 -999.0 -999.0 -999.0 -999.0 -999.0 249.70635679689573 -29.55030730944241 249.7864326371448 -29.6030886127613 79.09240050228914 96.13986271391298 -999.0 6231.0 -999.0 -1 -999 {-999.0 -999.0 -999.0 -999.0 -999.0} "" -999.0 -999.0 -999.0 -999.0 -999 -999 "" "" "" "" 0 0 0.0 0.0 -999 ""
FIBERMAP 1211 R-11C11 APOGEE 1 1 0 1 0 0 65.41974021276391 -205.08115849393 143.1 214.65405358130104 16.085747654848664 38.129375 121.19593 250.4288707693242 -29.000273025751273 -5.094751 -1.5720023 0.23807962 250.42884330215358 -29.000269246550694 250.50736384324057 -29.051458904640583 78.44927427559763 93.39352352563793 16000.0 16600.0 2016.0 2 182 {-999.0 14.478534 13.255902 12.716385 -999.0} sdss_psfmag_from_g3xp 14.018371 13.209591 12.325384 10.337 63050396382997386 1153032950 bright_1x1 mwm_galactic_core_dist_apogee_sparse mwm_galactic science 0 0 0.0 0.0 -999 ""
FIBERMAP 1211 R-11C11 BOSS 0 0 0 1 0 0 66.13500598344346 -205.30875820770882 143.1 215.041282255202 16.728729244894883 38.129375 121.19593 -999.0 -999.0 -999.0 -999.0 -999.0 250.43027141104744 -28.998312095529577 250.5087359737936 -29.049501180888754 78.44797236439067 93.38407931791659 -999.0 5400.0 -999.0 1 375 {-999.0 -999.0 -999.0 -999.0 -999.0} "" -999.0 -999.0 -999.0 -999.0 -999 -999 "" "" "" "" 0 0 0.0 0.0 -999 ""
FIBERMAP 1211 R-11C11 METROLOGY 0 0 0 1 0 0 65.5968053207312 -205.80734486473963 143.1 215.4014816252894 16.08961171249586 38.129375 121.19593 -999.0 -999.0 -999.0 -999.0 -999.0 250.43154359382902 -29.000242728467335 250.51002872018842 -29.05142752364796 78.44694630253122 93.39398471504592 -999.0 6231.0 -999.0 -1 -999 {-999.0 -999.0 -999.0 -999.0 -999.0} "" -999.0 -999.0 -999.0 -999.0 -999 -999 "" "" "" "" 0 0 0.0 0.0 -999 ""
FIBERMAP 1214 R+5C1 APOGEE 0 0 0 1 0 0 -239.97746786420277 115.85218827379575 143.1 -168.33161340892457 -206.56941477882498 150.36311 61.86603 -999.0 -999.0 -999.0 -999.0 -999.0 249.09730626334974 -29.671364298555282 249.17765361405907 -29.72557833044872 79.62032958082845 96.82762708773623 -999.0 16600.0 -999.0 2 1 {-999.0 -999.0 -999.0 -999.0 -999.0} "" -999.0 -999.0 -999.0 -999.0 -999 -999 "" ops_sky_apogee_best_unassigned ops_sky sky_apogee 0 0 0.0 0.0 -999 ""
FIBERMAP 1214 R+5C1 BOSS 1 1 0 1 0 0 -239.3390871200993 116.29869106505905 143.1 -168.6179225589709 -205.84492621766069 150.36311 61.86603 249.0963704918538 -29.669152280276826 -3.4712708 -7.818331 1.7053945 249.0963682971624 -29.66917362034584 249.1766632090962 -29.723389855317805 79.62122679421988 96.81556287392027 5400.0 5400.0 2016.0 1 1 {-999.0 19.809149 18.057701 17.207962 -999.0} sdss_psfmag_ps1 19.051834 17.798838 16.742004 14.507 63050396382747481 1096671664 bright_1x1 mwm_bin_vis_boss mwm_filler science 0 0 0.0 0.0 -999 ""
FIBERMAP 1214 R+5C1 METROLOGY 0 0 0 1 0 0 -239.30313026899756 115.5175934111432 143.1 -167.84979805896998 -205.99105218000406 150.36311 61.86603 -999.0 -999.0 -999.0 -999.0 -999.0 249.09898150437235 -29.669679410856347 249.1792914964716 -29.72388941019089 79.61893618688248 96.81812058926948 -999.0 6231.0 -999.0 -1 -999 {-999.0 -999.0 -999.0 -999.0 -999.0} "" -999.0 -999.0 -999.0 -999.0 -999 -999 "" "" "" "" 0 0 0.0 0.0 -999 ""
FIBERMAP 1216 R-2C17 APOGEE 1 1 0 1 0 0 78.96731251333186 -32.03417695442368 143.1 49.46922948016681 69.38561973030188 143.97234 120.12434 249.85735315975558 -28.83888497133706 0.6601823 2.3619542 1.7491595 249.85738659938798 -28.838893889132393 249.93527652736225 -28.89151039364859 78.9394946456737 92.42863375006255 16000.0 16600.0 2016.0 2 211 {-999.0 11.031999 10.965206 11.025776 -999.0} sdss_psfmag_from_g3xp 11.074617 10.939134 10.693792 10.425 63050396383240917 975297605 "" ops_std_apogee ops_std standard_apogee 0 0 0.0 0.0 -999 ""
FIBERMAP 1216 R-2C17 BOSS 0 0 0 1 0 0 79.04780103141815 -31.301416603842178 143.1 48.775122049165795 69.63380692005963 143.97234 120.12434 -999.0 -999.0 -999.0 -999.0 -999.0 249.85506276645765 -28.838093871393376 249.9329018987844 -28.890718925427255 78.94151809111776 92.42381442262757 -999.0 5400.0 -999.0 1 300 {-999.0 -999.0 -999.0 -999.0 -999.0} "" -999.0 -999.0 -999.0 -999.0 -999 -999 "" "" "" "" 0 0 0.0 0.0 -999 ""
FIBERMAP 1216 R-2C17 METROLOGY 0 0 0 1 0 0 79.65580704393311 -31.74059696340901 143.1 49.34329024218165 70.12339886882862 143.97234 120.12434 -999.0 -999.0 -999.0 -999.0 -999.0 249.85702490672614 -28.836605375813257 249.93487331339577 -28.889225346694612 78.93969875690128 92.416628509328 -999.0 6231.0 -999.0 -1 -999 {-999.0 -999.0 -999.0 -999.0 -999.0} "" -999.0 -999.0 -999.0 -999.0 -999 -999 "" "" "" "" 0 0 0.0 0.0 -999 ""
FIBERMAP 1217 R-3C13 APOGEE 1 1 0 1 0 0 -3.5075461851761514 -50.55368042252407 143.1 48.36122798855087 -15.133005170458926 176.26472 89.04141 249.85318471354626 -29.095492685278394 -1.1298654 -5.096286 0.088711664 249.85320057447944 -29.09550633796798 249.9318994039346 -29.148060922969176 78.95612209799235 93.76420854761989 16000.0 16600.0 2016.0 2 169 {-999.0 15.782405 14.341312 13.6605625 -999.0} sdss_psfmag_from_g3xp 15.189536 14.218699 13.247744 10.909 63050396382979646 1156251783 bright_1x1 mwm_galactic_core_dist_apogee_extra mwm_galactic science 0 0 0.0 0.0 -999 ""
FIBERMAP 1217 R-3C13 BOSS 0 0 0 1 0 0 -3.4908350693307373 -49.79218697895482 143.1 47.624384216883215 -14.940193476823648 176.26472 89.04141 -999.0 -999.0 -999.0 -999.0 -999.0 249.850723560039 -29.09492580650142 249.9293721275942 -29.14748828725114 78.95830341010223 93.76073882569568 -999.0 5400.0 -999.0 1 407 {-999.0 -999.0 -999.0 -999.0 -999.0} "" -999.0 -999.0 -999.0 -999.0 -999 -999 "" "" "" "" 0 0 0.0 0.0 -999 ""
FIBERMAP 1217 R-3C13 METROLOGY 0 0 0 1 0 0 -2.85671934860418 -50.195177651609946 143.1 48.16340373315769 -14.416813366114637 176.26472 89.04141 -999.0 -999.0 -999.0 -999.0 -999.0 249.85259047261204 -29.09333980485769 249.93124800054147 -29.14589773220142 78.95659973161384 93.75280115656113 -999.0 6231.0 -999.0 -1 -999 {-999.0 -999.0 -999.0 -999.0 -999.0} "" -999.0 -999.0 -999.0 -999.0 -999 -999 "" "" "" "" 0 0 0.0 0.0 -999 ""
FIBERMAP 1218 R0C17 APOGEE 1 1 0 1 0 0 89.27106022517609 -1.9091102733950855 143.1 22.55501778429853 86.39292432863323 72.00704 16.876995 249.76423330499898 -28.787116062365943 15.490508 -11.940276 3.7411134 249.7642239925404 -28.787130906071454 249.84193074994846 -28.839986723798418 79.0176129110744 92.13112355199394 16000.0 16600.0 2016.0 2 111 {-999.0 10.039124 9.6729145 9.514554 -999.0} sdss_psfmag_from_g3xp 9.981892 9.672234 9.18195 8.377 63050396383231168 975297588 "" ops_std_apogee ops_std standard_apogee 0 0 0.0 0.0 -999 ""
FIBERMAP 1218 R0C17 BOSS 0 0 0 1 0 0 89.2549728390699 -2.6410603928829746 143.1 23.263268849715047 86.20756913215725 72.00704 16.876995 -999.0 -999.0 -999.0 -999.0 -999.0 249.76673894875938 -28.7876455478632 249.8444004671444 -28.840498027209872 79.01548997167258 92.13458459688115 -999.0 5400.0 -999.0 1 189 {-999.0 -999.0 -999.0 -999.0 -999.0} "" -999.0 -999.0 -999.0 -999.0 -999 -999 "" "" "" "" 0 0 0.0 0.0 -999 ""
FIBERMAP 1218 R0C17 METROLOGY 0 0 0 1 0 0 88.61547164741017 -2.2607871091936493 143.1 22.74509829393248 85.67368332421657 72.00704 16.876995 -999.0 -999.0 -999.0 -999.0 -999.0 249.76492931176975 -28.789254434971582 249.84260893035457 -28.842110009298164 79.01716667097497 92.1424572453534 -999.0 6231.0 -999.0 -1 -999 {-999.0 -999.0 -999.0 -999.0 -999.0} "" -999.0 -999.0 -999.0 -999.0 -999 -999 "" "" "" "" 0 0 0.0 0.0 -999 ""
FIBERMAP 1219 R+1C17 APOGEE 0 0 0 1 0 0 63.25744105117831 33.29844021454498 143.1 -17.723400671630866 69.2520766224829 194.88828 47.63894 -999.0 -999.0 -999.0 -999.0 -999.0 249.62449317255113 -28.838805787764443 249.70233144351914 -28.891984037329863 79.14305398028375 92.36209853053344 -999.0 16600.0 -999.0 2 -999 {-999.0 -999.0 -999.0 -999.0 -999.0} "" -999.0 -999.0 -999.0 -999.0 -999 -999 "" "" "" "" 0 0 0.0 0.0 -999 ""
FIBERMAP 1219 R+1C17 BOSS 1 1 0 1 0 0 63.61587502231364 33.97252906598593 143.1 -18.295994083000483 69.75702302840357 194.88828 47.63894 249.62209807033358 -28.837125376204717 1.6893203 -17.85056 0.17518924 249.62254885538596 -28.837223240803752 249.70033484210546 -28.89040925493241 79.14469772690695 92.35316050536596 5400.0 5400.0 2016.0 1 199 {-999.0 14.561098 13.637863 13.16214 -999.0} sdss_psfmag_from_g3xp 14.258977 13.589996 12.785936 11.107 63050396383230123 1071860528 dark_flexible_2x1 mwm_halo_mp_xp_boss mwm_halo science 0 0 1.2715544700622559 0.0 -999 ""
FIBERMAP 1219 R+1C17 METROLOGY 0 0 0 1 0 0 64.00502490012553 33.32327175878521 143.1 -17.574223285802862 69.98502217872651 194.88828 47.63894 -999.0 -999.0 -999.0 -999.0 -999.0 249.62503879251196 -28.836532583059807 249.70283644181325 -28.88971204528329 79.14246727128888 92.35021176759744 -999.0 6231.0 -999.0 -1 -999 {-999.0 -999.0 -999.0 -999.0 -999.0} "" -999.0 -999.0 -999.0 -999.0 -999 -999 "" "" "" "" 0 0 0.0 0.0 -999 ""
FIBERMAP 1220 R+1C3 APOGEE 1 1 0 1 0 0 -236.84916425326787 9.686991963236395 143.1 -64.33750732632541 -228.14144912645554 230.66101 142.83853 249.45842327769648 -29.739164237991673 -1.797571 -3.1541631 0.45701703 249.45876178845586 -29.739174302291282 249.53941542386428 -29.792499517639786 79.30509604989678 97.16186787150974 16000.0 16600.0 2016.0 2 38 {-999.0 12.212787 10.600019 9.2907095 -999.0} sdss_psfmag_from_g3xp 11.516411 9.996571 8.802036 5.957 63050396382603536 1153032382 bright_1x1 mwm_galactic_core_dist_apogee_sparse mwm_galactic science 0 0 1.0421981811523438 0.0 -999 ""
FIBERMAP 1220 R+1C3 BOSS 0 0 0 1 0 0 -237.5477757006428 9.512204974021921 143.1 -64.32946583625902 -228.86152635310583 230.66101 142.83853 -999.0 -999.0 -999.0 -999.0 -999.0 249.45881968571683 -29.741370292801577 249.5394336916445 -29.7946939462284 79.30503670029697 97.17368857623057 -999.0 5400.0 -999.0 1 62 {-999.0 -999.0 -999.0 -999.0 -999.0} "" -999.0 -999.0 -999.0 -999.0 -999 -999 "" "" "" "" 0 0 0.0 0.0 -999 ""
FIBERMAP 1220 R+1C3 METROLOGY 0 0 0 1 0 0 -237.35843025481628 10.236491750028252 143.1 -64.99009178490878 -228.50941672180662 230.66101 142.83853 -999.0 -999.0 -999.0 -999.0 -999.0 249.45649524216486 -29.740335754740133 249.53711860316378 -29.793665528641093 79.30706582713243 97.16836284903422 -999.0 6231.0 -999.0 -1 -999 {-999.0 -999.0 -999.0 -999.0 -999.0} "" -999.0 -999.0 -999.0 -999.0 -999 -999 "" "" "" "" 0 0 0.0 0.0 -999 ""
FIBERMAP 1221 R-8C13 APOGEE 0 0 0 1 0 0 57.26152685620074 -168.66314144895273 143.1 177.33806776025804 16.593826991430046 259.67297 88.79086 -999.0 -999.0 -999.0 -999.0 -999.0 250.30013053433777 -28.99902398824447 250.37862043741393 -29.050525556357652 78.56161366389813 93.35900420469767 -999.0 16600.0 -999.0 2 -999 {-999.0 -999.0 -999.0 -999.0 -999.0} "" -999.0 -999.0 -999.0 -999.0 -999 -999 "" "" "" "" 0 0 0.0 0.0 -999 ""
FIBERMAP 1221 R-8C13 BOSS 1 1 0 1 0 0 56.492576285894 -168.5055841989374 143.1 177.0065235282425 15.882385498564894 259.67297 88.79086 250.29915291042602 -29.001142507394267 -14.355698 -11.571332 0.56864345 250.29911368746923 -29.001174930205778 250.37756062226242 -29.05268062746062 78.56265198622297 93.36961142155235 5400.0 5400.0 2016.0 1 418 {-999.0 16.46541 15.580045 15.345657 -999.0} sdss_psfmag_ps1 16.124138 15.573176 14.843771 13.457 63050396382991863 1073370273 bright_1x1 mwm_halo_local_high_boss_single mwm_halo science 0 0 0.0 0.0 -999 ""
FIBERMAP 1221 R-8C13 METROLOGY 0 0 0 1 0 0 57.02785327027173 -167.95258190040303 143.1 176.59271521613934 16.53127568580405 259.67297 88.79086 -999.0 -999.0 -999.0 -999.0 -999.0 250.2976901449661 -28.999208577333054 250.3761446079576 -29.050717632646656 78.56378511686567 93.3593976590376 -999.0 6231.0 -999.0 -1 -999 {-999.0 -999.0 -999.0 -999.0 -999.0} "" -999.0 -999.0 -999.0 -999.0 -999 -999 "" "" "" "" 0 0 0.0 0.0 -999 ""
FIBERMAP 1223 R+13C7 APOGEE 0 0 0 1 0 0 -18.75117504790413 251.09300788114604 143.1 -248.5902386502798 39.97770636767072 102.21625 175.49261 -999.0 -999.0 -999.0 -999.0 -999.0 248.8261953877737 -28.923465796254085 248.90411211062428 -28.978540031265418 79.84549284601184 92.61217454076257 -999.0 16600.0 -999.0 2 100 {-999.0 -999.0 -999.0 -999.0 -999.0} "" -999.0 -999.0 -999.0 -999.0 -999 -999 "" ops_sky_apogee_best_unassigned ops_sky sky_apogee 0 0 0.0 0.0 -999 ""
FIBERMAP 1223 R+13C7 BOSS 1 1 0 1 0 0 -18.793846413895697 251.8032153760316 143.1 -249.29096381816709 40.100864723133334 102.21625 175.49261 248.82381536278746 -28.92303730180045 -5.838907 -2.245847 0.38870332 248.8238224217965 -28.923070139177852 248.9016934833328 -28.978152210637614 79.84758517770983 92.60934245208341 5400.0 5400.0 2016.0 1 174 {-999.0 18.32337 17.19001 16.69402 -999.0} sdss_psfmag_ps1 17.907597 17.144003 16.292408 14.379 63050396382843759 980296722 "" ops_std_boss_red ops_std standard_boss 0 0 0.0 0.0 -999 ""
FIBERMAP 1223 R+13C7 METROLOGY 0 0 0 1 0 0 -18.130501254100135 251.48355936775692 143.1 -248.8262284172347 40.6719984392807 102.21625 175.49261 -999.0 -999.0 -999.0 -999.0 -999.0 248.82537640670174 -28.921347546944624 248.90325487116093 -28.97642580057335 79.84612963535402 92.59997352267698 -999.0 6231.0 -999.0 -1 -999 {-999.0 -999.0 -999.0 -999.0 -999.0} "" -999.0 -999.0 -999.0 -999.0 -999 -999 "" "" "" "" 0 0 0.0 0.0 -999 ""
FIBERMAP 1224 R+5C18 APOGEE 1 1 0 1 0 0 165.70173986858475 93.75760981877713 143.1 -52.78083920906792 182.91927918077658 43.922188 53.399944 249.50500488281247 -28.494286729371453 -999.0 -999.0 -999.0 249.50498780353385 -28.494282276697707 249.58172036793087 -28.54784502374739 79.22116913878092 90.48947944543147 16000.0 16600.0 2015.5 2 64 {-999.0 -999.0 -999.0 -999.0 -999.0} "" -999.0 -999.0 -999.0 -999.0 27021603175325169 845928714 "" ops_sky_apogee_best ops_sky sky_apogee 0 0 0.0 0.0 -999 ""
FIBERMAP 1224 R+5C18 BOSS 0 0 0 1 0 0 165.67266997265364 93.01786123805812 143.1 -52.068012507605665 182.71948754741246 43.922188 53.399944 -999.0 -999.0 -999.0 -999.0 -999.0 249.50746961854705 -28.494831294818542 249.5841581639836 -28.54839178522492 79.21908928497724 90.49347596464617 -999.0 5400.0 -999.0 1 216 {-999.0 -999.0 -999.0 -999.0 -999.0} "" -999.0 -999.0 -999.0 -999.0 -999 -999 "" "" "" "" 0 0 0.0 0.0 -999 ""
FIBERMAP 1224 R+5C18 METROLOGY 0 0 0 1 0 0 165.0378217276267 93.43031315298488 143.1 -52.616404983845285 182.1975885388294 43.922188 53.399944 -999.0 -999.0 -999.0 -999.0 -999.0 249.50554801434455 -28.496378133408207 249.58225408419412 -28.549941715512457 79.2209012377148 90.50087764327014 -999.0 6231.0 -999.0 -1 -999 {-999.0 -999.0 -999.0 -999.0 -999.0} "" -999.0 -999.0 -999.0 -999.0 -999 -999 "" "" "" "" 0 0 0.0 0.0 -999 ""
FIBERMAP 1227 R-4C8 APOGEE 0 0 0 1 0 0 -96.05741724162354 -70.5274590348875 143.1 46.3318783588152 -109.78895716137403 97.72012 146.54332 -999.0 -999.0 -999.0 -999.0 -999.0 249.84557803449437 -29.382730048403115 249.92518634293435 -29.43522241673517 78.97030803744043 95.26274490386936 -999.0 16600.0 -999.0 2 -999 {-999.0 -999.0 -999.0 -999.0 -999.0} "" -999.0 -999.0 -999.0 -999.0 -999 -999 "" "" "" "" 0 0 0.0 0.0 -999 ""
FIBERMAP 1227 R-4C8 BOSS 1 1 0 1 0 0 -95.75163086374272 -69.84719691170974 143.1 45.741073457857716 -109.33379070672726 97.72012 146.54332 249.84364174610909 -29.381376563081375 -17.212685 -8.722061 1.2558463 249.843599204539 -29.381405531143383 249.92315486519726 -29.43390372767826 78.9720556817989 95.25570270766707 5400.0 5400.0 2016.0 1 479 {-999.0 20.922876 19.211823 18.035051 -999.0} sdss_psfmag_ps1 20.133617 18.772478 17.518566 15.136 63050396382966118 1096137364 bright_1x1 mwm_bin_vis_boss mwm_filler science 0 0 0.0 0.0 -999 ""
FIBERMAP 1227 R-4C8 METROLOGY 0 0 0 1 0 0 -95.31246723253207 -70.46002239239458 143.1 46.43900233064051 -109.04869535936066 97.72012 146.54332 -999.0 -999.0 -999.0 -999.0 -999.0 249.84602356367878 -29.380554329495734 249.92559066036176 -29.433046722913424 78.96992058972226 95.25140436788001 -999.0 6231.0 -999.0 -1 -999 {-999.0 -999.0 -999.0 -999.0 -999.0} "" -999.0 -999.0 -999.0 -999.0 -999 -999 "" "" "" "" 0 0 0.0 0.0 -999 ""
FIBERMAP 1228 R-4C5 APOGEE 1 1 0 1 0 0 -167.9636157554125 -94.15928575529449 143.1 52.6471280921271 -185.21257724370724 286.3415 55.95221 249.86698736857133 -29.610899253221593 0.5942243 0.15227257 0.2525234 249.8670102243799 -29.610893479140714 249.94735098283513 -29.663270057889775 78.95240434117885 96.45438213397921 16000.0 16600.0 2016.0 2 296 {-999.0 14.937541 13.604635 12.995384 -999.0} sdss_psfmag_from_g3xp 14.415168 13.520942 12.59319 10.444 63050396382597695 1156251520 bright_1x1 mwm_galactic_core_dist_apogee_extra mwm_galactic science 0 0 0.0 0.0 -999 ""
FIBERMAP 1228 R-4C5 BOSS 0 0 0 1 0 0 -168.67329990207529 -93.93971379508511 143.1 52.26900228875476 -185.85199076724203 286.3415 55.95221 -999.0 -999.0 -999.0 -999.0 -999.0 249.86575348533714 -29.61287973817414 249.9460521190349 -29.66525861564879 78.95352469337224 96.46478444336049 -999.0 5400.0 -999.0 1 487 {-999.0 -999.0 -999.0 -999.0 -999.0} "" -999.0 -999.0 -999.0 -999.0 -999 -999 "" "" "" "" 0 0 0.0 0.0 -999 ""
FIBERMAP 1228 R-4C5 METROLOGY 0 0 0 1 0 0 -168.1282401750663 -93.42443221868838 143.1 51.89415378324237 -185.20233048998654 286.3415 55.95221 -999.0 -999.0 -999.0 -999.0 -999.0 249.86444697306882 -29.61094412425519 249.9447527767012 -29.663326755052214 78.95466179893666 96.45472611172329 -999.0 6231.0 -999.0 -1 -999 {-999.0 -999.0 -999.0 -999.0 -999.0} "" -999.0 -999.0 -999.0 -999.0 -999 -999 "" "" "" "" 0 0 0.0 0.0 -999 ""
FIBERMAP 1230 R+8C17 APOGEE 1 1 0 1 0 0 164.86171947272373 166.20423298986051 143.1 -123.44573295659656 198.89932890038253 58.264465 113.45842 249.2621431778663 -28.445359207509394 -4.890865 -3.3522 0.056965575 249.26210564648304 -28.445375862238837 249.33863160308954 -28.499536801953006 79.42905433766458 90.11798477083232 16000.0 16600.0 2016.0 2 75 {-999.0 16.939754 14.909349 13.197424 -999.0} sdss_psfmag_from_g3xp 15.969637 13.909027 12.581515 9.112 63050396383290060 1153033101 bright_1x1 mwm_galactic_core_dist_apogee_sparse mwm_galactic science 0 0 0.0 0.0 -999 ""
FIBERMAP 1230 R+8C17 BOSS 0 0 0 1 0 0 165.5955872379316 166.08346471236476 143.1 -123.15810816183647 199.58517444715048 58.264465 113.45842 -999.0 -999.0 -999.0 -999.0 -999.0 249.26314199640433 -28.44328063111197 249.33961634354512 -28.49744364528508 79.42798527100302 90.10710058349622 -999.0 5400.0 -999.0 1 234 {-999.0 -999.0 -999.0 -999.0 -999.0} "" -999.0 -999.0 -999.0 -999.0 -999 -999 "" "" "" "" 0 0 0.0 0.0 -999 ""
FIBERMAP 1230 R+8C17 METROLOGY 0 0 0 1 0 0 165.12708191517353 165.50210343018557 143.1 -122.70123317624235 198.99465906519325 58.264465 113.45842 -999.0 -999.0 -999.0 -999.0 -999.0 249.2646579604912 -28.44503267243793 249.3411509430406 -28.499190418343098 79.42681683770388 90.11730393452041 -999.0 6231.0 -999.0 -1 -999 {-999.0 -999.0 -999.0 -999.0 -999.0} "" -999.0 -999.0 -999.0 -999.0 -999 -999 "" "" "" "" 0 0 0.0 0.0 -999 ""
FIBERMAP 1233 R+11C16 APOGEE 1 1 0 1 0 0 184.13360820154 210.91450139193245 143.1 -162.46791869614535 228.01176535321315 13.735913 92.15984 249.12926210264862 -28.357378205442707 -1.3584036 -4.799642 0.27985275 249.12925926886427 -28.357390531050434 249.2054815285759 -28.41189542531184 79.5364364205079 89.57413988247004 16000.0 16600.0 2016.0 2 104 {-999.0 15.258729 13.4339075 12.477585 -999.0} sdss_psfmag_from_g3xp 14.417593 13.114604 12.001606 9.165 63050396392699599 1153042302 bright_1x1 mwm_galactic_core_dist_apogee_sparse mwm_galactic science 0 0 0.0 0.0 -999 ""
FIBERMAP 1233 R+11C16 BOSS 0 0 0 1 0 0 184.3508499414094 210.21712773382032 143.1 -161.73920211918968 228.06139032937924 13.735913 92.15984 -999.0 -999.0 -999.0 -999.0 -999.0 249.13181453053002 -28.357259944944126 249.20799218530522 -28.411762992030916 79.53422672371848 89.57472105387228 -999.0 5400.0 -999.0 1 178 {-999.0 -999.0 -999.0 -999.0 -999.0} "" -999.0 -999.0 -999.0 -999.0 -999 -999 "" "" "" "" 0 0 0.0 0.0 -999 ""
FIBERMAP 1233 R+11C16 METROLOGY 0 0 0 1 0 0 183.61727111380156 210.38155631097402 143.1 -162.06922907908023 227.38594872077513 13.735913 92.15984 -999.0 -999.0 -999.0 -999.0 -999.0 249.1306078299711 -28.359241704270136 249.20680405899725 -28.413745884565028 79.53547853699887 89.58495719191677 -999.0 6231.0 -999.0 -1 -999 {-999.0 -999.0 -999.0 -999.0 -999.0} "" -999.0 -999.0 -999.0 -999.0 -999 -999 "" "" "" "" 0 0 0.0 0.0 -999 ""
FIBERMAP 1234 R+5C14 APOGEE 1 1 0 1 0 0 62.13919937407593 106.26633162589513 143.1 -88.95984854205093 85.08235445093644 39.99909 132.47339 249.37776839948947 -28.78994690746178 1.4292902 1.6078514 0.38233462 249.37804021352275 -28.789959105091494 249.45566932733027 -28.84374463930408 79.35542673529443 92.02791991600873 16000.0 16600.0 2016.0 2 93 {-999.0 13.365684 11.514024 10.098249 -999.0} sdss_psfmag_from_g3xp 12.50584 10.812382 9.575749 6.502 63050396383270912 1153033121 bright_1x1 mwm_galactic_core_dist_apogee_sparse mwm_galactic science 0 0 0.8934390544891357 0.0 -999 ""
FIBERMAP 1234 R+5C14 BOSS 0 0 0 1 0 0 62.87705727426333 106.16335631727844 143.1 -88.68860615240396 85.77620667242229 39.99909 132.47339 -999.0 -999.0 -999.0 -999.0 -999.0 249.37898821714617 -28.78781252606488 249.45656490153942 -28.84159911172381 79.35449887454277 92.01661912636769 -999.0 5400.0 -999.0 1 166 {-999.0 -999.0 -999.0 -999.0 -999.0} "" -999.0 -999.0 -999.0 -999.0 -999 -999 "" "" "" "" 0 0 0.0 0.0 -999 ""
FIBERMAP 1234 R+5C14 METROLOGY 0 0 0 1 0 0 62.411046297696686 105.57048461409836 143.1 -88.21995644571702 85.18544883061797 39.99909 132.47339 -999.0 -999.0 -999.0 -999.0 -999.0 249.38057351073968 -28.78960207868609 249.4581691773261 -28.84338356900197 79.35321761964596 92.02677098816343 -999.0 6231.0 -999.0 -1 -999 {-999.0 -999.0 -999.0 -999.0 -999.0} "" -999.0 -999.0 -999.0 -999.0 -999 -999 "" "" "" "" 0 0 0.0 0.0 -999 ""
FIBERMAP 1236 R+13C5 APOGEE 1 1 0 1 0 0 -63.51565192211203 271.2340774710594 143.1 -278.5607114591851 1.1043154928044825 166.43585 49.933872 248.72191885559587 -29.040152480369745 -1.5934762 0.09044345 0.6206374 248.72192486183792 -29.040147652126883 248.8001816960308 -29.09543936618739 79.94175178519177 93.25330308525474 16000.0 16600.0 2016.0 2 52 {-999.0 13.818755 12.661795 12.130501 -999.0} sdss_psfmag_from_g3xp 13.397663 12.611457 11.738705 9.798 63050396382841828 1110369912 bright_1x1 mwm_tess_rgb_apogee mwm_tessrgb science 0 0 0.0 0.0 -999 ""
FIBERMAP 1236 R+13C5 BOSS 0 0 0 1 0 0 -62.88400927306848 271.66805940114364 143.1 -278.8364036077138 1.8193467566722237 166.43585 49.933872 -999.0 -999.0 -999.0 -999.0 -999.0 248.72107189844846 -29.03797585055543 248.79927820891646 -29.093271784888955 79.9424514475043 93.24071617284756 -999.0 5400.0 -999.0 1 89 {-999.0 -999.0 -999.0 -999.0 -999.0} "" -999.0 -999.0 -999.0 -999.0 -999 -999 "" "" "" "" 0 0 0.0 0.0 -999 ""
FIBERMAP 1236 R+13C5 METROLOGY 0 0 0 1 0 0 -62.840117717036925 270.9186625697315 143.1 -278.0972753611219 1.6882890362568743 166.43585 49.933872 -999.0 -999.0 -999.0 -999.0 -999.0 248.72352303386685 -29.03839557013509 248.8017435943152 -29.093685065160273 79.94031599266717 93.24358886865662 -999.0 6231.0 -999.0 -1 -999 {-999.0 -999.0 -999.0 -999.0 -999.0} "" -999.0 -999.0 -999.0 -999.0 -999 -999 "" "" "" "" 0 0 0.0 0.0 -999 ""
FIBERMAP 1237 R-2C7 APOGEE 1 1 0 1 0 0 -148.88704995914787 -31.738570412389816 143.1 -3.6476138927404262 -152.18386925865565 173.9035 95.13194 249.6711064679255 -29.510813297708435 -5.0584197 -4.745522 0.22841217 249.6710891494508 -29.510821998880232 249.7510649105426 -29.56369944610294 79.1230957688141 95.93115773309205 16000.0 16600.0 2016.0 2 286 {-999.0 14.95516 13.278552 12.391745 -999.0} sdss_psfmag_from_g3xp 14.212868 13.0221195 11.950723 9.402 63050396382614466 1153032444 bright_1x1 mwm_galactic_core_dist_apogee_sparse mwm_galactic science 0 0 0.0 0.0 -999 ""
FIBERMAP 1237 R-2C7 BOSS 0 0 0 1 0 0 -148.60959247204372 -31.053442047067882 143.1 -4.249720485683331 -151.7551305590887 173.9035 95.13194 -999.0 -999.0 -999.0 -999.0 -999.0 249.6690398047084 -29.509585615764784 249.7489637774729 -29.562468488254297 79.12491934658244 95.92460233727604 -999.0 5400.0 -999.0 1 469 {-999.0 -999.0 -999.0 -999.0 -999.0} "" -999.0 -999.0 -999.0 -999.0 -999 -999 "" "" "" "" 0 0 0.0 0.0 -999 ""
FIBERMAP 1237 R-2C7 METROLOGY 0 0 0 1 0 0 -148.16054130031577 -31.641707205251027 143.1 -3.573389398032631 -151.45472297622732 173.9035 95.13194 -999.0 -999.0 -999.0 -999.0 -999.0 249.67138638984616 -29.508700359891513 249.75132151041464 -29.561577785802548 79.12286556476424 95.919918233712 -999.0 6231.0 -999.0 -1 -999 {-999.0 -999.0 -999.0 -999.0 -999.0} "" -999.0 -999.0 -999.0 -999.0 -999 -999 "" "" "" "" 0 0 0.0 0.0 -999 ""
FIBERMAP 1238 R-9C3 APOGEE 1 1 0 1 0 0 -144.1591228826811 -187.50483998774524 143.1 148.9652277992076 -183.70020594486334 275.65778 118.65611 250.20218812872864 -29.605620828192308 -0.3045259 -1.508917 0.08816349 250.2021852779434 -29.605627484685996 250.2825852456133 -29.657195477672474 78.66110905233091 96.41960714563845 16000.0 16600.0 2016.0 2 283 {-999.0 14.749797 13.331665 12.685269 -999.0} sdss_psfmag_from_g3xp 14.171568 13.232366 12.27884 10.009 63050396382882776 1153032840 bright_1x1 mwm_galactic_core_dist_apogee_sparse mwm_galactic science 0 0 0.0 0.0 -999 ""
FIBERMAP 1238 R-9C3 BOSS 0 0 0 1 0 0 -144.7661266279764 -187.93988978162986 143.1 149.24767134492694 -184.39151809509616 275.65778 118.65611 -999.0 -999.0 -999.0 -999.0 -999.0 250.20323364943852 -29.60773125901651 250.28359109384132 -29.659296092262252 78.6602335875083 96.43028786974355 -999.0 5400.0 -999.0 1 464 {-999.0 -999.0 -999.0 -999.0 -999.0} "" -999.0 -999.0 -999.0 -999.0 -999 -999 "" "" "" "" 0 0 0.0 0.0 -999 ""
FIBERMAP 1238 R-9C3 METROLOGY 0 0 0 1 0 0 -144.82867516477373 -187.1903295914325 143.1 148.50405847152652 -184.27857047901054 275.65778 118.65611 -999.0 -999.0 -999.0 -999.0 -999.0 250.20066638420434 -29.60743246612948 250.2810363337112 -29.659003603091946 78.66245385255708 96.42880863066341 -999.0 6231.0 -999.0 -1 -999 {-999.0 -999.0 -999.0 -999.0 -999.0} "" -999.0 -999.0 -999.0 -999.0 -999 -999 "" "" "" "" 0 0 0.0 0.0 -999 ""
FIBERMAP 1239 R0C25 APOGEE 1 1 0 1 0 0 264.0056552782682 2.2518553035643736 143.1 59.02075988513936 257.32514340373075 39.971355 80.73612 249.8904332954513 -28.27116922878502 -1.1047511 -10.750622 0.25565526 249.89041293256028 -28.271203320006702 249.96653220559915 -28.3238994617497 78.86114635330182 89.50468040158773 16000.0 16600.0 2016.0 2 105 {-999.0 13.648483 12.071795 11.287647 -999.0} sdss_psfmag_from_g3xp 12.973743 11.880518 10.849911 8.358 63050396383300268 1061897592 dark_flexible_2x1 manual_mwm_halo_vmp_wise_apogee mwm_halo science 0 0 0.0 0.0 -999 ""
FIBERMAP 1239 R0C25 BOSS 0 0 0 1 0 0 264.3454142728031 1.600864004427514 143.1 59.732765816338926 257.5046971199397 39.971355 80.73612 -999.0 -999.0 -999.0 -999.0 -999.0 249.89290476190004 -28.270664722222868 249.96897521096685 -28.323359855303455 78.8589480624776 89.50318491260651 -999.0 5400.0 -999.0 1 179 {-999.0 -999.0 -999.0 -999.0 -999.0} "" -999.0 -999.0 -999.0 -999.0 -999 -999 "" "" "" "" 0 0 0.0 0.0 -999 ""
FIBERMAP 1239 R0C25 METROLOGY 0 0 0 1 0 0 263.63467862126004 1.6051890511005222 143.1 59.563770750911424 256.81435458433066 39.971355 80.73612 -999.0 -999.0 -999.0 -999.0 -999.0 249.89232579139426 -28.272687987874008 249.96841593090767 -28.325382569162674 78.85966940239096 89.51329157727452 -999.0 6231.0 -999.0 -1 -999 {-999.0 -999.0 -999.0 -999.0 -999.0} "" -999.0 -999.0 -999.0 -999.0 -999 -999 "" "" "" "" 0 0 0.0 0.0 -999 ""
FIBERMAP 1244 R-7C12 APOGEE 1 1 0 1 0 0 37.255161822158 -125.02425177101597 143.1 130.25114967485604 7.251196079914279 59.09484 129.29079 250.13734636782485 -29.027558006292196 -5.932966 -10.960703 0.11982879 250.13734030140705 -29.027579174368917 250.21588616853956 -29.079466447365135 78.70514476269561 93.4688775079556 16000.0 16600.0 2016.0 2 163 {-999.0 15.053076 13.706359 13.044405 -999.0} sdss_psfmag_from_g3xp 14.521851 13.587576 12.63413 10.375 63050396383003841 1156251679 bright_1x1 mwm_galactic_core_dist_apogee_extra mwm_galactic science 0 0 0.0 0.0 -999 ""
FIBERMAP 1244 R-7C12 BOSS 0 0 0 1 0 0 37.98542844174353 -124.90055974724622 143.1 130.30014860231663 7.99021820859598 59.09484 129.29079 -999.0 -999.0 -999.0 -999.0 -999.0 250.1376291417193 -29.025330637474173 250.21611900364542 -29.077219965624067 78.70483047657947 93.45747309757883 -999.0 5400.0 -999.0 1 394 {-999.0 -999.0 -999.0 -999.0 -999.0} "" -999.0 -999.0 -999.0 -999.0 -999 -999 "" "" "" "" 0 0 0.0 0.0 -999 ""
FIBERMAP 1244 R-7C12 METROLOGY 0 0 0 1 0 0 37.748915077354305 -125.59665330265184 143.1 130.92241435505417 7.59876425157319 59.09484 129.29079 -999.0 -999.0 -999.0 -999.0 -999.0 250.13978796849332 -29.02651654813259 250.21829591057906 -29.078399720068912 78.7029886553333 93.46396921034614 -999.0 6231.0 -999.0 -1 -999 {-999.0 -999.0 -999.0 -999.0 -999.0} "" -999.0 -999.0 -999.0 -999.0 -999 -999 "" "" "" "" 0 0 0.0 0.0 -999 ""
FIBERMAP 1245 R-13C10 APOGEE 1 1 0 1 0 0 62.103023511729276 -265.10143713515265 143.1 272.2678564039866 -1.0565177156437715 303.2695 108.59527 250.62717074055243 -29.051436838848968 -4.2156005 -5.7079883 0.09656949 250.627142808524 -29.051428701951235 250.70586596932105 -29.102123524180044 78.27862311877631 93.68860674031231 16000.0 16600.0 2016.0 2 158 {-999.0 15.929453 14.439169 13.75827 -999.0} sdss_psfmag_from_g3xp 15.307504 14.318728 13.343904 10.993 63050396382945169 1156251691 bright_1x1 mwm_galactic_core_dist_apogee_extra mwm_galactic science 0 0 0.0 0.0 -999 ""
FIBERMAP 1245 R-13C10 BOSS 0 0 0 1 0 0 61.66063249216812 -265.68418257048404 143.1 272.73213252666983 -1.6219521698935944 303.2695 108.59527 -999.0 -999.0 -999.0 -999.0 -999.0 250.62878458363565 -29.053129117002243 250.70746260478222 -29.103821687713456 78.27731412458174 93.69729605149132 -999.0 5400.0 -999.0 1 439 {-999.0 -999.0 -999.0 -999.0 -999.0} "" -999.0 -999.0 -999.0 -999.0 -999 -999 "" "" "" "" 0 0 0.0 0.0 -999 ""
FIBERMAP 1245 R-13C10 METROLOGY 0 0 0 1 0 0 61.35708818241659 -265.02274250594166 143.1 272.018359470011 -1.7638566079851508 303.2695 108.59527 -999.0 -999.0 -999.0 -999.0 -999.0 250.62638615427628 -29.053570185938216 250.7050795146888 -29.104267819217636 78.27941587682358 93.6989812581358 -999.0 6231.0 -999.0 -1 -999 {-999.0 -999.0 -999.0 -999.0 -999.0} "" -999.0 -999.0 -999.0 -999.0 -999 -999 "" "" "" "" 0 0 0.0 0.0 -999 ""
FIBERMAP 1248 R-10C3 APOGEE 1 1 0 1 0 0 -148.10196833554724 -196.53872680995678 143.1 156.8384809619299 -189.6300393864292 196.73965 110.7413 250.22947710594696 -29.623370437609005 -1.3262624 -5.816894 0.15071432 250.22948949103366 -29.623380807315154 250.3099523821527 -29.674877752138038 78.63730742624367 96.50930111720845 16000.0 16600.0 2016.0 2 284 {-999.0 15.131625 13.629707 12.932361 -999.0} sdss_psfmag_from_g3xp 14.503248 13.5009575 12.517437 10.137 63050396382882448 1153032839 bright_1x1 mwm_galactic_core_dist_apogee_sparse mwm_galactic science 0 0 0.0 0.0 -999 ""
FIBERMAP 1248 R-10C3 BOSS 0 0 0 1 0 0 -148.56666518621637 -195.96294423714443 143.1 156.1706643713519 -189.94855995880766 196.73965 110.7413 -999.0 -999.0 -999.0 -999.0 -999.0 250.22723491918103 -29.624368601046054 250.30765087971417 -29.675870637750293 78.63930515709896 96.51436064317659 -999.0 5400.0 -999.0 1 465 {-999.0 -999.0 -999.0 -999.0 -999.0} "" -999.0 -999.0 -999.0 -999.0 -999 -999 "" "" "" "" 0 0 0.0 0.0 -999 ""
FIBERMAP 1248 R-10C3 METROLOGY 0 0 0 1 0 0 -147.85077173929685 -195.83997159004957 143.1 156.21703054936634 -189.22368566457558 196.73965 110.7413 -999.0 -999.0 -999.0 -999.0 -999.0 250.22741724104338 -29.62221601970753 250.3078404014543 -29.673718250471943 78.63914454991786 96.50343249713387 -999.0 6231.0 -999.0 -1 -999 {-999.0 -999.0 -999.0 -999.0 -999.0} "" -999.0 -999.0 -999.0 -999.0 -999 -999 "" "" "" "" 0 0 0.0 0.0 -999 ""
FIBERMAP 1250 R-9C17 APOGEE 0 0 0 1 0 0 163.58443530811908 -187.317551627083 143.1 220.135105118319 115.69089912589678 252.2417 115.013405 -999.0 -999.0 -999.0 -999.0 -999.0 250.44586819112976 -28.698828652895774 250.52343992076067 -28.750061896878467 78.41536100335058 91.89834127463934 -999.0 16600.0 -999.0 2 -999 {-999.0 -999.0 -999.0 -999.0 -999.0} "" -999.0 -999.0 -999.0 -999.0 -999 -999 "" "" "" "" 0 0 0.0 0.0 -999 ""
FIBERMAP 1250 R-9C17 BOSS 1 1 0 1 0 0 162.809727290741 -187.39858504091416 143.1 220.03430741017866 114.9185386881643 252.2417 115.013405 250.44563810891057 -28.701165237262373 -5.9995875 1.2877045 0.296857 250.44560964809594 -28.701150116959628 250.52313865114786 -28.75238678629111 78.4158071309815 91.90977946888859 5400.0 5400.0 2016.0 1 334 {-999.0 18.058464 17.440502 17.16015 17.014557} sdss_psfmag_from_ps1dr2 17.8665 17.4307 16.7962 15.457 63050396383143252 1040588398 "" ops_std_boss_ps1dr2 ops_std standard_boss 0 0 0.0 0.0 -999 ""
FIBERMAP 1250 R-9C17 METROLOGY 0 0 0 1 0 0 163.1222339614556 -186.72944608218603 143.1 219.45588034815734 115.37766312467959 252.2417 115.013405 -999.0 -999.0 -999.0 -999.0 -999.0 250.4436442686414 -28.699744587268057 250.52118262281874 -28.75098543564844 78.41740656484478 91.90215078875622 -999.0 6231.0 -999.0 -1 -999 {-999.0 -999.0 -999.0 -999.0 -999.0} "" -999.0 -999.0 -999.0 -999.0 -999 -999 "" "" "" "" 0 0 0.0 0.0 -999 ""
FIBERMAP 1255 R-8C3 APOGEE 1 1 0 1 0 0 -152.42856161863688 -138.63689933149627 143.1 99.51318965624722 -180.41373347742586 104.92001 84.401306 250.03029349168864 -29.59622461071654 -6.693551 -1.5063692 0.5253795 250.03027074175716 -29.596249228115553 250.1106020851597 -29.64823553603775 78.81057759102545 96.37444940276674 16000.0 16600.0 2016.0 2 282 {-999.0 13.902621 12.721107 12.22589 -999.0} sdss_psfmag_from_g3xp 13.467869 12.698071 11.838719 9.986 63050396382885289 1106876882 bright_1x1 mwm_tess_rgb_apogee mwm_tessrgb science 0 0 0.0 0.0 -999 ""
FIBERMAP 1255 R-8C3 BOSS 0 0 0 1 0 0 -151.69910686084535 -138.5275907362928 143.1 99.57599136809776 -179.6788359392132 104.92001 84.401306 -999.0 -999.0 -999.0 -999.0 -999.0 250.03057231714652 -29.59407684047256 250.11084796800037 -29.64606298344142 78.81036648290525 96.3632525526956 -999.0 5400.0 -999.0 1 463 {-999.0 -999.0 -999.0 -999.0 -999.0} "" -999.0 -999.0 -999.0 -999.0 -999 -999 "" "" "" "" 0 0 0.0 0.0 -999 ""
FIBERMAP 1255 R-8C3 METROLOGY 0 0 0 1 0 0 -151.98072052288595 -139.22302816989713 143.1 100.18716214446405 -180.11400763955422 104.92001 84.401306 -999.0 -999.0 -999.0 -999.0 -999.0 250.03269915278986 -29.595411632064547 250.11299338145 -29.647392270091355 78.8085004041797 96.37009099310842 -999.0 6231.0 -999.0 -1 -999 {-999.0 -999.0 -999.0 -999.0 -999.0} "" -999.0 -999.0 -999.0 -999.0 -999 -999 "" "" "" "" 0 0 0.0 0.0 -999 ""
FIBERMAP 1257 R0C5 APOGEE 1 1 0 1 0 0 -184.5749143064526 -2.6031048485722903 143.1 -40.262633950257985 -180.14287551127745 23.254204 82.882324 249.54320950286024 -29.59489042178916 -3.3738766 -2.6292822 0.03019075 249.54317667096035 -29.59489573989896 249.62339008469144 -29.648057995614188 79.23400136265104 96.38118377063472 16000.0 16600.0 2016.0 2 278 {-999.0 15.853098 14.064284 11.995216 -999.0} sdss_psfmag_from_g3xp 14.986777 12.724027 11.342575 8.067 63050396382606973 1153032413 bright_1x1 mwm_galactic_core_dist_apogee_sparse mwm_galactic science 0 0 0.0 0.0 -999 ""
FIBERMAP 1257 R0C5 BOSS 0 0 0 1 0 0 -184.49144171306816 -3.359988347386783 143.1 -39.507046204227045 -180.23716787190352 23.254204 82.882324 -999.0 -999.0 -999.0 -999.0 -999.0 249.54584072712584 -29.595251510465786 249.6260089825903 -29.64840701675894 79.23172341078526 96.38298360039494 -999.0 5400.0 -999.0 1 452 {-999.0 -999.0 -999.0 -999.0 -999.0} "" -999.0 -999.0 -999.0 -999.0 -999 -999 "" "" "" "" 0 0 0.0 0.0 -999 ""
FIBERMAP 1257 R0C5 METROLOGY 0 0 0 1 0 0 -185.17609001033236 -3.0459108599070053 143.1 -39.97129452882095 -180.8303169432134 23.254204 82.882324 -999.0 -999.0 -999.0 -999.0 -999.0 249.54419669064285 -29.597059352194247 249.6243836214602 -29.65021837358128 79.23312560107047 96.39272204944115 -999.0 6231.0 -999.0 -1 -999 {-999.0 -999.0 -999.0 -999.0 -999.0} "" -999.0 -999.0 -999.0 -999.0 -999 -999 "" "" "" "" 0 0 0.0 0.0 -999 ""
FIBERMAP 1258 R-12C12 APOGEE 0 0 0 1 0 0 103.6566363548404 -229.49099096410086 143.1 247.2633727344757 47.61990719760279 23.743645 107.16595 -999.0 -999.0 -999.0 -999.0 -999.0 250.54043028529912 -28.904505104747813 250.61867032797682 -28.955451433599563 78.3465764967651 92.94470878895436 -999.0 16600.0 -999.0 2 -999 {-999.0 -999.0 -999.0 -999.0 -999.0} "" -999.0 -999.0 -999.0 -999.0 -999 -999 "" "" "" "" 0 0 0.0 0.0 -999 ""
FIBERMAP 1258 R-12C12 BOSS 1 1 0 1 0 0 104.14676016996556 -230.08619303911894 143.1 247.9559744064836 47.95865851494581 23.743645 107.16595 250.54288421665362 -28.90345266197626 -1.311192 -7.3162274 0.26589495 250.54286724629208 -28.90346845629839 250.62105403713997 -28.954411905987858 78.34443054966796 92.9402101184873 5400.0 5400.0 2016.0 1 428 {-999.0 17.275942 16.634268 16.36282 16.19741} sdss_psfmag_from_ps1dr2 17.0821 16.6295 16.0024 14.937 63050396383000285 1040588259 "" ops_std_boss_ps1dr2 ops_std standard_boss 0 0 0.0 0.0 -999 ""
FIBERMAP 1258 R-12C12 METROLOGY 0 0 0 1 0 0 103.41408146108425 -230.19856805552698 143.1 247.89540796656652 47.219914014841315 23.743645 107.16595 -999.0 -999.0 -999.0 -999.0 -999.0 250.5427104288257 -28.90569593719197 250.6209185364204 -28.95663835922771 78.34468624184206 92.95117356455432 -999.0 6231.0 -999.0 -1 -999 {-999.0 -999.0 -999.0 -999.0 -999.0} "" -999.0 -999.0 -999.0 -999.0 -999 -999 "" "" "" "" 0 0 0.0 0.0 -999 ""
FIBERMAP 1259 R+6C4 APOGEE 0 0 0 1 0 0 -152.8004768576376 129.46663555811827 143.1 -161.36216021522029 -118.61420597167009 77.08402 113.12569 -999.0 -999.0 -999.0 -999.0 -999.0 249.122855859244 -29.40614889702284 249.20236690050365 -29.460375727992638 79.60000219420948 95.35654703988297 -999.0 16600.0 -999.0 2 -999 {-999.0 -999.0 -999.0 -999.0 -999.0} "" -999.0 -999.0 -999.0 -999.0 -999 -999 "" "" "" "" 0 0 0.0 0.0 -999 ""
FIBERMAP 1259 R+6C4 BOSS 1 1 0 1 0 0 -152.0688538463097 129.60173224453652 143.1 -161.3239403207923 -117.87122022191764 77.08402 113.12569 249.12300617207993 -29.403949182348022 -5.710506 -5.6954174 0.037091035 249.1229957199586 -29.403934464461482 249.2024545735377 -29.458161915720876 79.59990714990772 95.34428751738301 5400.0 5400.0 2016.0 1 39 {-999.0 16.859316 16.129896 15.764098 -999.0} sdss_psfmag_ps1 16.601799 16.057219 15.344994 13.973 63050396382785017 1071803129 dark_flexible_2x1 mwm_halo_mp_xp_boss mwm_halo science 0 0 0.0 0.0 -999 ""
FIBERMAP 1259 R+6C4 METROLOGY 0 0 0 1 0 0 -152.31442698596973 128.89808148061311 143.1 -160.6964240950222 -118.27323896575419 77.08402 113.12569 -999.0 -999.0 -999.0 -999.0 -999.0 249.12512541096712 -29.405185924143268 249.2046015610298 -29.459407807324553 79.59804841245645 95.35127638995891 -999.0 6231.0 -999.0 -1 -999 {-999.0 -999.0 -999.0 -999.0 -999.0} "" -999.0 -999.0 -999.0 -999.0 -999 -999 "" "" "" "" 0 0 0.0 0.0 -999 ""
FIBERMAP 1262 R-5C7 APOGEE 1 1 0 1 0 0 -122.56529588521067 -92.71592858366668 143.1 61.76900170268595 -140.7181664853714 247.47853 14.100575 249.89913940429685 -29.476426909012517 -999.0 -999.0 -999.0 249.8991235537152 -29.476411827181487 249.97904241578783 -29.52874861601684 78.92456835805513 95.75354361090331 16000.0 16600.0 2015.5 2 293 {-999.0 -999.0 -999.0 -999.0 -999.0} "" -999.0 -999.0 -999.0 -999.0 27021603175319425 848663155 "" ops_sky_apogee_best ops_sky sky_apogee 0 0 0.0 0.0 -999 ""
FIBERMAP 1262 R-5C7 BOSS 0 0 0 1 0 0 -122.4240479458061 -91.96617523940655 143.1 61.07245229167222 -140.4069375961031 247.47853 14.100575 -999.0 -999.0 -999.0 -999.0 -999.0 249.89677827882164 -29.475530474101593 249.97664556069049 -29.527873520969287 78.92664660814255 95.74889847533677 -999.0 5400.0 -999.0 1 482 {-999.0 -999.0 -999.0 -999.0 -999.0} "" -999.0 -999.0 -999.0 -999.0 -999 -999 "" "" "" "" 0 0 0.0 0.0 -999 ""
FIBERMAP 1262 R-5C7 METROLOGY 0 0 0 1 0 0 -121.8633134445049 -92.44965727892615 143.1 61.6727533608649 -139.97359908549996 247.47853 14.100575 -999.0 -999.0 -999.0 -999.0 -999.0 249.89886665837744 -29.47423513674445 249.97874395115696 -29.52657340985526 78.92480997724067 95.74220941616159 -999.0 6231.0 -999.0 -1 -999 {-999.0 -999.0 -999.0 -999.0 -999.0} "" -999.0 -999.0 -999.0 -999.0 -999 -999 "" "" "" "" 0 0 0.0 0.0 -999 ""
FIBERMAP 1263 R-7C13 APOGEE 1 1 0 1 0 0 43.51004837453624 -149.8693469675133 143.1 155.86864984010313 7.574962922892051 269.17816 68.26285 250.2259921907354 -29.02649969743985 0.43439412 -0.5656877 0.78860366 250.22600334272707 -29.026494555387472 250.30456462883865 -29.078167731690346 78.62767501876613 93.48183677336777 16000.0 16600.0 2016.0 2 176 {-999.0 13.060984 12.086377 11.649244 -999.0} sdss_psfmag_from_g3xp 12.7366905 12.067439 11.272766 9.622 63050396383004357 1104748216 bright_1x1 mwm_tess_rgb_apogee mwm_tessrgb science 0 0 0.0 0.0 -999 ""
FIBERMAP 1263 R-7C13 BOSS 0 0 0 1 0 0 42.80201330007311 -149.58623449657355 143.1 155.4290993883323 6.951885702391283 269.17816 68.26285 -999.0 -999.0 -999.0 -999.0 -999.0 250.22461181876693 -29.028381472503355 250.30312949511676 -29.08005962735816 78.62902187245844 93.49110337622858 -999.0 5400.0 -999.0 1 419 {-999.0 -999.0 -999.0 -999.0 -999.0} "" -999.0 -999.0 -999.0 -999.0 -999 -999 "" "" "" "" 0 0 0.0 0.0 -999 ""
FIBERMAP 1263 R-7C13 METROLOGY 0 0 0 1 0 0 43.39522952150721 -149.13048593902084 143.1 155.1233250696603 7.634585604272131 269.17816 68.26285 -999.0 -999.0 -999.0 -999.0 -999.0 250.22355629937562 -29.026311750446204 250.3020811713552 -29.077992438017738 78.62983401581069 93.48039988870494 -999.0 6231.0 -999.0 -1 -999 {-999.0 -999.0 -999.0 -999.0 -999.0} "" -999.0 -999.0 -999.0 -999.0 -999 -999 "" "" "" "" 0 0 0.0 0.0 -999 ""
FIBERMAP 1268 R0C1 APOGEE 0 0 0 1 0 0 -310.90765141866524 5.153168854011891 143.1 -77.09824849934148 -301.2306606138541 218.03052 52.400288 -999.0 -999.0 -999.0 -999.0 -999.0 249.413627193974 -29.958072799136524 249.4949708549267 -30.011445389410042 79.33701964532071 98.34915033298 -999.0 16600.0 -999.0 2 254 {-999.0 -999.0 -999.0 -999.0 -999.0} "" -999.0 -999.0 -999.0 -999.0 -999 -999 "" ops_sky_apogee_best_unassigned ops_sky sky_apogee 0 0 0.0 0.0 -999 ""
FIBERMAP 1268 R0C1 BOSS 1 1 0 1 0 0 -310.8968705778127 5.880500667149547 143.1 -77.80323760733945 -301.0515379691882 218.03052 52.400288 249.4112615122878 -29.95740642325455 -3.9651582 -17.094622 0.05421176 249.41124082178885 -29.95745308912459 249.49253531385898 -30.010829968658733 79.33915181541681 98.34628776772712 5400.0 5400.0 2016.0 1 524 {-999.0 16.620192 15.590675 15.177019 -999.0} sdss_psfmag_gaia 16.268427 15.609364 14.807741 13.18 63050396382563583 1071753672 dark_flexible_2x1 mwm_halo_vmp_xp_boss mwm_halo science 0 0 0.0 0.0 -999 ""
FIBERMAP 1268 R0C1 METROLOGY 0 0 0 1 0 0 -310.2771221879109 5.539489786283403 143.1 -77.32783809229045 -300.5277628594358 218.03052 52.400288 -999.0 -999.0 -999.0 -999.0 -999.0 249.41286668864967 -29.955967957985827 249.49417001737424 -30.009341804577073 79.3377974725988 98.33794171250008 -999.0 6231.0 -999.0 -1 -999 {-999.0 -999.0 -999.0 -999.0 -999.0} "" -999.0 -999.0 -999.0 -999.0 -999 -999 "" "" "" "" 0 0 0.0 0.0 -999 ""
FIBERMAP 1269 R+7C9 APOGEE 1 1 0 1 0 0 -41.3165759225938 143.87926136639598 143.1 -149.53341729825928 -6.830167580961491 117.8455 132.6453 249.16626787339908 -29.067651767477276 -9.256541 -22.111813 6.6458597 249.16624546198187 -29.06771691759904 249.2446978755063 -29.12193414916189 79.55478544252553 93.4912351533219 16000.0 16600.0 2016.0 2 139 {-999.0 19.116217 17.84096 15.875798 -999.0} sdss_psfmag_ps1 18.629467 16.3862 14.990993 12.209 63050396382797664 1034958097 bright_1x1 mwm_yso_pms_apogee_sagitta_edr3_single mwm_yso science 0 0 0.0 0.0 -999 ""
FIBERMAP 1269 R+7C9 BOSS 0 0 0 1 0 0 -41.06650196910514 144.59155263045812 143.1 -150.16829475483397 -6.421767466723195 117.8455 132.6453 -999.0 -999.0 -999.0 -999.0 -999.0 249.1640278064338 -29.0664649999437 249.24243053571752 -29.120689526937127 79.55671378355625 93.48392962143214 -999.0 5400.0 -999.0 1 136 {-999.0 -999.0 -999.0 -999.0 -999.0} "" -999.0 -999.0 -999.0 -999.0 -999 -999 "" "" "" "" 0 0 0.0 0.0 -999 ""
FIBERMAP 1269 R+7C9 METROLOGY 0 0 0 1 0 0 -40.58712552272779 144.0182167988762 143.1 -149.49945460742188 -6.088400497621232 117.8455 132.6453 -999.0 -999.0 -999.0 -999.0 -999.0 249.16631860808496 -29.065469414544555 249.24473155725036 -29.11968825880603 79.55466436331804 93.47886414989893 -999.0 6231.0 -999.0 -1 -999 {-999.0 -999.0 -999.0 -999.0 -999.0} "" -999.0 -999.0 -999.0 -999.0 -999 -999 "" "" "" "" 0 0 0.0 0.0 -999 ""
FIBERMAP 1273 R+2C9 APOGEE 1 1 0 1 0 0 -75.95590078629039 38.31928501076358 143.1 -54.884654304337325 -64.99912823698611 1.6534927 112.25216 249.49366806211023 -29.24597642238864 -4.17881 -6.936923 0.13471395 249.49366386611777 -29.245993777391284 249.57275685629907 -29.299373132954027 79.27451853125638 94.5086679094585 16000.0 16600.0 2016.0 2 32 {-999.0 15.129337 13.343449 12.097251 -999.0} sdss_psfmag_from_g3xp 14.310087 12.792903 11.600816 8.702 63050396382782938 1153032549 bright_1x1 mwm_galactic_core_dist_apogee_sparse mwm_galactic science 0 0 0.0 0.0 -999 ""
FIBERMAP 1273 R+2C9 BOSS 0 0 0 1 0 0 -75.61445209905742 37.65907214156952 143.1 -54.16328662181818 -64.82006899869089 1.6534927 112.25216 -999.0 -999.0 -999.0 -999.0 -999.0 249.49618551478744 -29.245497815369976 249.57523095190004 -29.298872296764998 79.27234859628103 94.50628040586383 -999.0 5400.0 -999.0 1 54 {-999.0 -999.0 -999.0 -999.0 -999.0} "" -999.0 -999.0 -999.0 -999.0 -999 -999 "" "" "" "" 0 0 0.0 0.0 -999 ""
FIBERMAP 1273 R+2C9 METROLOGY 0 0 0 1 0 0 -76.37026744397049 37.69570772994446 143.1 -54.374162708645954 -65.54676998210365 1.6534927 112.25216 -999.0 -999.0 -999.0 -999.0 -999.0 249.49542300406367 -29.247706548861895 249.57448845607541 -29.301081941200607 79.27305337969403 94.51805707850457 -999.0 6231.0 -999.0 -1 -999 {-999.0 -999.0 -999.0 -999.0 -999.0} "" -999.0 -999.0 -999.0 -999.0 -999 -999 "" "" "" "" 0 0 0.0 0.0 -999 ""
FIBERMAP 1275 R-6C7 APOGEE 1 1 0 1 0 0 -81.28312459411143 -136.87842391732718 143.1 114.29815445162552 -110.80157793749105 10.108077 15.234301 250.08210415034247 -29.385683097494883 -5.445079 -5.9139028 0.117881864 250.08203571024234 -29.38566253715553 250.16170649238984 -29.437582890140007 78.76439163059203 95.29300982664762 16000.0 16600.0 2016.0 2 246 {-999.0 14.977665 13.346537 12.518085 -999.0} sdss_psfmag_from_g3xp 14.263873 13.131286 12.085782 9.534 63050396382957532 1153032788 bright_1x1 mwm_galactic_core_dist_apogee_sparse mwm_galactic science 0 0 0.0 0.0 -999 ""
FIBERMAP 1275 R-6C7 BOSS 0 0 0 1 0 0 -81.95306484672983 -137.20312405661795 143.1 114.45866672883605 -111.52852437639652 10.108077 15.234301 -999.0 -999.0 -999.0 -999.0 -999.0 250.0826942833809 -29.387908173679108 250.16232345137405 -29.439827048276758 78.76389384482142 95.30457396624337 -999.0 5400.0 -999.0 1 505 {-999.0 -999.0 -999.0 -999.0 -999.0} "" -999.0 -999.0 -999.0 -999.0 -999 -999 "" "" "" "" 0 0 0.0 0.0 -999 ""
FIBERMAP 1275 R-6C7 METROLOGY 0 0 0 1 0 0 -81.89714678100353 -136.45949491868646 143.1 113.74829023727449 -111.30171731772855 10.108077 15.234301 -999.0 -999.0 -999.0 -999.0 -999.0 250.0802276936875 -29.387239349066324 250.15986805300793 -29.439164164032697 78.7660202667559 95.30098019044482 -999.0 6231.0 -999.0 -1 -999 {-999.0 -999.0 -999.0 -999.0 -999.0} "" -999.0 -999.0 -999.0 -999.0 -999 -999 "" "" "" "" 0 0 0.0 0.0 -999 ""
FIBERMAP 1278 R+2C4 APOGEE 0 0 0 1 0 0 -215.69503133990656 48.936857478629804 143.1 -97.61185241031028 -198.46414476791034 173.49905 83.867546 -999.0 -999.0 -999.0 -999.0 -999.0 249.34319594672863 -29.649067873031765 249.42353355666387 -29.70269663920135 79.40714325543284 96.68451751164287 -999.0 16600.0 -999.0 2 -999 {-999.0 -999.0 -999.0 -999.0 -999.0} "" -999.0 -999.0 -999.0 -999.0 -999 -999 "" "" "" "" 0 0 0.0 0.0 -999 ""
FIBERMAP 1278 R+2C4 BOSS 1 1 0 1 0 0 -215.58493729970607 49.61841830163665 143.1 -98.24929293710215 -198.19903065086055 173.49905 83.867546 249.34123771524287 -29.648243987867026 -76.50259 -16.82618 6.7529364 249.34100427494508 -29.648292191970008 249.42129271052647 -29.70192595068365 79.40909917132096 96.68045753285168 5400.0 5400.0 2016.0 1 35 {-999.0 18.041225 16.639198 15.754279 -999.0} sdss_psfmag_ps1 17.450249 15.961747 14.764612 12.527 63050396382609002 1078034607 bright_flexible_2x1 mwm_snc_ext_main_boss mwm_snc science 0 0 0.0 0.0 -999 ""
FIBERMAP 1278 R+2C4 METROLOGY 0 0 0 1 0 0 -214.98332200208654 49.167005333835675 143.1 -97.67070758935688 -197.71849126341976 173.49905 83.867546 -999.0 -999.0 -999.0 -999.0 -999.0 249.34299312500295 -29.646888137463932 249.42329064946784 -29.700517647910118 79.4073813337038 96.67267919976047 -999.0 6231.0 -999.0 -1 -999 {-999.0 -999.0 -999.0 -999.0 -999.0} "" -999.0 -999.0 -999.0 -999.0 -999 -999 "" "" "" "" 0 0 0.0 0.0 -999 ""
FIBERMAP 1279 R-5C22 APOGEE 1 1 0 1 0 0 229.01947973156632 -113.67923258586636 143.1 163.6772699073537 196.41419495664266 282.98938 78.035484 250.250061966739 -28.455143959710792 -2.848876 -5.317884 0.5273463 250.2504115440394 -28.455147682585796 250.32717868468944 -28.506922439860315 78.56533742155332 90.60783744522439 16000.0 16600.0 2016.0 2 236 {-999.0 15.239579 13.146335 10.689344 -999.0} sdss_psfmag_from_g3xp 14.249636 11.280531 9.790654 5.891 63050396383319995 1153033270 bright_1x1 mwm_galactic_core_dist_apogee_sparse mwm_galactic science 0 0 1.060400128364563 0.0 -999 ""
FIBERMAP 1279 R-5C22 BOSS 0 0 0 1 0 0 228.27504273523243 -113.72029017984772 143.1 163.54460550655577 195.68054830049883 282.98938 78.035484 -999.0 -999.0 -999.0 -999.0 -999.0 250.25002885790167 -28.457343172057985 250.3267536796418 -28.50912252714973 78.56592684214445 90.6186942606073 -999.0 5400.0 -999.0 1 346 {-999.0 -999.0 -999.0 -999.0 -999.0} "" -999.0 -999.0 -999.0 -999.0 -999 -999 "" "" "" "" 0 0 0.0 0.0 -999 ""
FIBERMAP 1279 R-5C22 METROLOGY 0 0 0 1 0 0 228.62629112000675 -113.05156473040813 143.1 162.97556315438 196.17726162303475 282.98938 78.035484 -999.0 -999.0 -999.0 -999.0 -999.0 250.2480859881634 -28.455809995051883 250.3248195432583 -28.507593267769185 78.56746678472885 90.61016896762214 -999.0 6231.0 -999.0 -1 -999 {-999.0 -999.0 -999.0 -999.0 -999.0} "" -999.0 -999.0 -999.0 -999.0 -999 -999 "" "" "" "" 0 0 0.0 0.0 -999 ""
FIBERMAP 1282 R+11C4 APOGEE 1 1 0 1 0 0 -89.69170325730404 209.4683177487555 143.1 -224.54911177854743 -38.678334365167714 331.91833 126.948364 248.90624999999997 -29.162245024062926 -999.0 -999.0 -999.0 248.90623684889016 -29.1622442082434 248.98492358208955 -29.21705962182421 79.78484699675178 93.97654046698881 16000.0 16600.0 2015.5 2 148 {-999.0 -999.0 -999.0 -999.0 -999.0} "" -999.0 -999.0 -999.0 -999.0 27021603175317599 845928201 "" ops_sky_apogee_best ops_sky sky_apogee 0 0 0.0 0.0 -999 ""
FIBERMAP 1282 R+11C4 BOSS 0 0 0 1 0 0 -89.57067275703109 208.76024751889219 143.1 -223.8322975654718 -38.724775847847596 331.91833 126.948364 -999.0 -999.0 -999.0 -999.0 -999.0 248.90870710337117 -29.16241236190138 248.98735071019053 -29.217222965084407 79.78273455160279 93.97782143361559 -999.0 5400.0 -999.0 1 151 {-999.0 -999.0 -999.0 -999.0 -999.0} "" -999.0 -999.0 -999.0 -999.0 -999 -999 "" "" "" "" 0 0 0.0 0.0 -999 ""
FIBERMAP 1282 R+11C4 METROLOGY 0 0 0 1 0 0 -90.26599120033714 209.0080352311948 143.1 -224.234538568965 -39.34367361484976 331.91833 126.948364 -999.0 -999.0 -999.0 -999.0 -999.0 248.9072497629125 -29.164279673711338 248.98591143939132 -29.219092917311098 79.78404638490788 93.98814627534222 -999.0 6231.0 -999.0 -1 -999 {-999.0 -999.0 -999.0 -999.0 -999.0} "" -999.0 -999.0 -999.0 -999.0 -999 -999 "" "" "" "" 0 0 0.0 0.0 -999 ""
FIBERMAP 1283 R+3C24 APOGEE 1 1 0 1 0 0 276.8062652051586 49.62968136260129 143.1 15.903390953270568 280.76133892835315 34.53034 42.844128 249.74250784349715 -28.200571159953764 -2.0593603 -3.8863444 0.046810288 249.74247806401752 -28.200564955241727 249.81834680689155 -28.25363777577735 78.98242910869348 89.06141364629622 16000.0 16600.0 2016.0 2 85 {-999.0 16.84252 14.9442625 13.36338 -999.0} sdss_psfmag_from_g3xp 15.956451 14.082039 12.799324 9.583 63050396383302897 1153033166 bright_1x1 mwm_galactic_core_dist_apogee_sparse mwm_galactic science 0 0 0.0 0.0 -999 ""
FIBERMAP 1283 R+3C24 BOSS 0 0 0 1 0 0 276.6515936346409 48.90643735014572 143.1 16.571041917998205 280.4431989682877 34.53034 42.844128 -999.0 -999.0 -999.0 -999.0 -999.0 249.74481197454185 -28.201539943283628 249.8206371732374 -28.254611920603164 78.98054450741625 89.06775184578157 -999.0 5400.0 -999.0 1 258 {-999.0 -999.0 -999.0 -999.0 -999.0} "" -999.0 -999.0 -999.0 -999.0 -999 -999 "" "" "" "" 0 0 0.0 0.0 -999 ""
FIBERMAP 1283 R+3C24 METROLOGY 0 0 0 1 0 0 276.08330683369513 49.382620272318995 143.1 15.97608978853503 280.0008218593366 34.53034 42.844128 -999.0 -999.0 -999.0 -999.0 -999.0 249.74275901461195 -28.20280471865647 249.81860105773785 -28.25587985399101 78.98247831438096 89.07320111515702 -999.0 6231.0 -999.0 -1 -999 {-999.0 -999.0 -999.0 -999.0 -999.0} "" -999.0 -999.0 -999.0 -999.0 -999 -999 "" "" "" "" 0 0 0.0 0.0 -999 ""
FIBERMAP 1284 R+4C21 APOGEE 1 1 0 1 0 0 202.53314363030617 96.44935402162827 143.1 -46.8595812258826 219.3699423935706 129.36496 67.642204 249.52607580895136 -28.384401014403974 -4.173548 -2.0227456 0.257085 249.52605356780182 -28.384433089769892 249.60244823953337 -28.437975890487483 79.19206693208714 89.9154348958707 16000.0 16600.0 2016.0 2 116 {-999.0 15.453535 13.6505375 12.739414 -999.0} sdss_psfmag_from_g3xp 14.621326 13.365675 12.268833 9.522 63050396383295786 1153033142 bright_1x1 mwm_galactic_core_dist_apogee_sparse mwm_galactic science 0 0 0.0 0.0 -999 ""
FIBERMAP 1284 R+4C21 BOSS 0 0 0 1 0 0 203.2379264873296 96.69063672286325 143.1 -46.93087341257361 220.11144006190065 129.36496 67.642204 -999.0 -999.0 -999.0 -999.0 -999.0 249.52585871350087 -28.382156370541306 249.60219995031696 -28.435704580968256 79.19204561065342 89.90326707480216 -999.0 5400.0 -999.0 1 201 {-999.0 -999.0 -999.0 -999.0 -999.0} "" -999.0 -999.0 -999.0 -999.0 -999 -999 "" "" "" "" 0 0 0.0 0.0 -999 ""
FIBERMAP 1284 R+4C21 METROLOGY 0 0 0 1 0 0 203.08953940393835 95.95874984984593 143.1 -46.25335828898611 219.79740923992728 129.36496 67.642204 -999.0 -999.0 -999.0 -999.0 -999.0 249.5281632932839 -28.383074198065202 249.60452100533143 -28.436615379785646 79.19011155986624 89.90924014224379 -999.0 6231.0 -999.0 -1 -999 {-999.0 -999.0 -999.0 -999.0 -999.0} "" -999.0 -999.0 -999.0 -999.0 -999 -999 "" "" "" "" 0 0 0.0 0.0 -999 ""
FIBERMAP 1288 R-12C5 APOGEE 0 0 0 1 0 0 -50.8455001237017 -244.96338757004358 143.1 226.49147065042024 -106.25445458362182 17.671944 50.84585 -999.0 -999.0 -999.0 -999.0 -999.0 250.4707464239608 -29.370396853463912 250.55045264446778 -29.4213808818118 78.42555508713858 95.2448986370789 -999.0 16600.0 -999.0 2 -999 {-999.0 -999.0 -999.0 -999.0 -999.0} "" -999.0 -999.0 -999.0 -999.0 -999 -999 "" "" "" "" 0 0 0.0 0.0 -999 ""
FIBERMAP 1288 R-12C5 BOSS 1 1 0 1 0 0 -51.1030450948048 -245.64493556893214 143.1 227.09471138430328 -106.6629938936864 17.671944 50.84585 250.47294027698217 -29.371635275906065 -3.2204337 -1.0293071 0.27401853 250.47289771846334 -29.371625330026934 250.55255789154808 -29.422604756010067 78.42374845152801 95.25119555940637 5400.0 5400.0 2016.0 1 427 {-999.0 17.800436 17.213923 16.943657 16.79176} sdss_psfmag_from_ps1dr2 17.61 17.1986 16.5832 15.673 63050396382926611 1035829172 "" ops_std_boss_ps1dr2 ops_std standard_boss 0 0 0.0 0.0 -999 ""
FIBERMAP 1288 R-12C5 METROLOGY 0 0 0 1 0 0 -51.584721322090274 -245.0776252024116 143.1 226.43119909787958 -106.9999949385417 17.671944 50.84585 -999.0 -999.0 -999.0 -999.0 -999.0 250.47064081525028 -29.372676422662234 250.55031816187784 -29.42366074607471 78.42572172622839 95.25624625637965 -999.0 6231.0 -999.0 -1 -999 {-999.0 -999.0 -999.0 -999.0 -999.0} "" -999.0 -999.0 -999.0 -999.0 -999 -999 "" "" "" "" 0 0 0.0 0.0 -999 ""
FIBERMAP 1292 R-8C6 APOGEE 0 0 0 1 0 0 -81.80383894091474 -165.64073046184387 143.1 142.1550356219037 -117.9767869150323 306.0973 118.533966 -999.0 -999.0 -999.0 -999.0 -999.0 250.1787759012852 -29.40715161559177 250.2585365128956 -29.45883202190467 78.68044740183025 95.40901862351865 -999.0 16600.0 -999.0 2 -999 {-999.0 -999.0 -999.0 -999.0 -999.0} "" -999.0 -999.0 -999.0 -999.0 -999 -999 "" "" "" "" 0 0 0.0 0.0 -999 ""
FIBERMAP 1292 R-8C6 BOSS 1 1 0 1 0 0 -82.11052010291789 -166.3282353282918 143.1 142.75267820852753 -118.43450301257245 306.0973 118.533966 250.18097512073072 -29.408603710021353 -2.779778 1.0855781 1.0418556 250.18095276262048 -29.40856875418473 250.26066906493793 -29.460244201617222 78.67861407495869 95.4163674462095 5400.0 5400.0 2016.0 1 363 {-999.0 19.765923 18.368782 17.829235 -999.0} sdss_psfmag_ps1 19.187708 18.291552 17.395975 15.296 63050396382956365 1095261836 bright_1x1 mwm_bin_vis_boss mwm_filler science 0 0 0.0 0.0 -999 ""
FIBERMAP 1292 R-8C6 METROLOGY 0 0 0 1 0 0 -82.54852225508613 -165.7110510021635 143.1 142.0507787039442 -118.71745794586673 306.0973 118.533966 -999.0 -999.0 -999.0 -999.0 -999.0 250.1785232589852 -29.409448386477692 250.25825581246795 -29.4611292599957 78.68072947349387 95.42070059349498 -999.0 6231.0 -999.0 -1 -999 {-999.0 -999.0 -999.0 -999.0 -999.0} "" -999.0 -999.0 -999.0 -999.0 -999 -999 "" "" "" "" 0 0 0.0 0.0 -999 ""
FIBERMAP 1293 R+1C5 APOGEE 1 1 0 1 0 0 -189.5363360926133 27.91997972910198 143.1 -71.10331927066785 -177.89199253916652 32.20549 156.75104 249.43576785249934 -29.587541575116646 -5.6003456 -4.996285 0.0381445 249.43574353309083 -29.58757530040928 249.51590771924032 -29.640998446948533 79.32745464036225 96.34612825505269 16000.0 16600.0 2016.0 2 39 {-999.0 15.913835 14.373708 13.573405 -999.0} sdss_psfmag_from_g3xp 15.250515 14.182544 13.148801 10.702 63050396382610131 1153032421 bright_1x1 mwm_galactic_core_dist_apogee_sparse mwm_galactic science 0 0 0.0 0.0 -999 ""
FIBERMAP 1293 R+1C5 BOSS 0 0 0 1 0 0 -188.80117514275705 28.078023880308393 143.1 -71.08660049627927 -177.14024487574534 32.20549 156.75104 -999.0 -999.0 -999.0 -999.0 -999.0 249.43583155072 -29.585360711023327 249.51594220157983 -29.638784034562995 79.3274375868322 96.33417037933083 -999.0 5400.0 -999.0 1 65 {-999.0 -999.0 -999.0 -999.0 -999.0} "" -999.0 -999.0 -999.0 -999.0 -999 -999 "" "" "" "" 0 0 0.0 0.0 -999 ""
FIBERMAP 1293 R+1C5 METROLOGY 0 0 0 1 0 0 -189.03300413456185 27.35366451131221 143.1 -70.43575398161387 -177.53369584563367 32.20549 156.75104 -999.0 -999.0 -999.0 -999.0 -999.0 249.43806987531255 -29.586585235280833 249.51819814139196 -29.640002887458692 79.32546981742719 96.34068993845557 -999.0 6231.0 -999.0 -1 -999 {-999.0 -999.0 -999.0 -999.0 -999.0} "" -999.0 -999.0 -999.0 -999.0 -999 -999 "" "" "" "" 0 0 0.0 0.0 -999 ""
FIBERMAP 1294 R+13C4 APOGEE 1 1 0 1 0 0 -83.80885269519182 273.91866603411853 143.1 -285.8771504254129 -18.012808247873576 186.06621 9.580188 248.69613157430305 -29.097686735805585 -6.7596807 -4.7410364 0.09145077 248.69614710339042 -29.097686617266117 248.77457816391632 -29.153024062318693 79.96629758265667 93.57828962753933 16000.0 16600.0 2016.0 2 53 {-999.0 15.673524 14.283876 13.605517 -999.0} sdss_psfmag_from_g3xp 15.114658 14.155134 13.186757 10.92 63050396382840869 1153032615 bright_1x1 mwm_galactic_core_dist_apogee_sparse mwm_galactic science 0 0 0.0 0.0 -999 ""
FIBERMAP 1294 R+13C4 BOSS 0 0 0 1 0 0 -83.06758013565434 274.0428319470078 143.1 -285.826060669994 -17.26297057008051 186.06621 9.580188 -999.0 -999.0 -999.0 -999.0 -999.0 248.69642675017303 -29.095419474094314 248.77480733518053 -29.15075822728053 79.96601748915874 93.56533348571583 -999.0 5400.0 -999.0 1 90 {-999.0 -999.0 -999.0 -999.0 -999.0} "" -999.0 -999.0 -999.0 -999.0 -999 -999 "" "" "" "" 0 0 0.0 0.0 -999 ""
FIBERMAP 1294 R+13C4 METROLOGY 0 0 0 1 0 0 -83.34233767557514 273.3257654274428 143.1 -285.1922612635431 -17.69648802132023 186.06621 9.580188 -999.0 -999.0 -999.0 -999.0 -999.0 248.69850210131094 -29.096755290414993 248.77689970638505 -29.152088310748155 79.9642383679671 93.57333317070021 -999.0 6231.0 -999.0 -1 -999 {-999.0 -999.0 -999.0 -999.0 -999.0} "" -999.0 -999.0 -999.0 -999.0 -999 -999 "" "" "" "" 0 0 0.0 0.0 -999 ""
FIBERMAP 1295 R-12C3 APOGEE 0 0 0 1 0 0 -94.42036526400433 -224.79886634064025 143.1 196.77400410976176 -143.96525138536228 70.936455 62.4758 -999.0 -999.0 -999.0 -999.0 -999.0 250.3680816761876 -29.48490724843952 250.44813176649245 -29.536107693842823 78.51651576508989 95.8114773510265 -999.0 16600.0 -999.0 2 -999 {-999.0 -999.0 -999.0 -999.0 -999.0} "" -999.0 -999.0 -999.0 -999.0 -999 -999 "" "" "" "" 0 0 0.0 0.0 -999 ""
FIBERMAP 1295 R-12C3 BOSS 1 1 0 1 0 0 -93.90917842774408 -225.31987142469347 143.1 197.3993166158948 -143.58880870426196 70.936455 62.4758 250.37033947227894 -29.483716503500705 -6.016142 -19.345615 0.53219175 250.370318308508 -29.483772011415432 250.4503151720038 -29.534967856299392 78.51460331912665 95.80586076232305 5400.0 5400.0 2016.0 1 425 {-999.0 16.630625 15.740041 15.371854 -999.0} sdss_psfmag_ps1 16.335575 15.748844 15.010825 13.5 63050396382892915 1073370270 bright_1x1 mwm_halo_local_high_boss_single mwm_halo science 0 0 0.0 0.0 -999 ""
FIBERMAP 1295 R-12C3 METROLOGY 0 0 0 1 0 0 -94.63781633272323 -225.5145570905519 143.1 197.41975210455104 -144.34270682390485 70.936455 62.4758 -999.0 -999.0 -999.0 -999.0 -999.0 250.37041257774644 -29.48607230088481 250.45043100699763 -29.537267123900875 78.51452846224619 95.81741294862309 -999.0 6231.0 -999.0 -1 -999 {-999.0 -999.0 -999.0 -999.0 -999.0} "" -999.0 -999.0 -999.0 -999.0 -999 -999 "" "" "" "" 0 0 0.0 0.0 -999 ""
FIBERMAP 1297 R+11C13 APOGEE 1 1 0 1 0 0 80.1215625071927 213.045534950896 143.1 -188.65658473360511 127.33147409393426 239.46469 44.816128 249.03541495719153 -28.6605376186097 -2.51975 -0.63170767 0.09340028 249.0354404511964 -28.660537487208977 249.11258503071292 -28.71518295438108 79.64592519431919 91.20352245254219 16000.0 16600.0 2016.0 2 123 {-999.0 15.948283 14.508395 13.770045 -999.0} sdss_psfmag_from_g3xp 15.363949 14.338919 13.337192 10.944 63050396383284337 1153033199 bright_1x1 mwm_galactic_core_dist_apogee_sparse mwm_galactic science 0 0 0.0 0.0 -999 ""
FIBERMAP 1297 R+11C13 BOSS 0 0 0 1 0 0 79.93143738365988 213.75440513590593 143.1 -189.39019705021036 127.31089147078214 239.46469 44.816128 -999.0 -999.0 -999.0 -999.0 -999.0 249.0329278613494 -28.660563491293054 249.11002740157335 -28.71521807252471 79.6481640756105 91.2027337369492 -999.0 5400.0 -999.0 1 104 {-999.0 -999.0 -999.0 -999.0 -999.0} "" -999.0 -999.0 -999.0 -999.0 -999 -999 "" "" "" "" 0 0 0.0 0.0 -999 ""
FIBERMAP 1297 R+11C13 METROLOGY 0 0 0 1 0 0 80.64511768528193 213.58614147320557 143.1 -189.0610532177449 127.96608824017932 239.46469 44.816128 -999.0 -999.0 -999.0 -999.0 -999.0 249.03403731115606 -28.65856899877714 249.11114350221646 -28.713220604114625 79.64703069656493 91.19208264818889 -999.0 6231.0 -999.0 -1 -999 {-999.0 -999.0 -999.0 -999.0 -999.0} "" -999.0 -999.0 -999.0 -999.0 -999 -999 "" "" "" "" 0 0 0.0 0.0 -999 ""
FIBERMAP 1298 R+9C18 APOGEE 1 1 0 1 0 0 196.36661318001 189.7662384989836 143.1 -139.06033363297973 235.00768639754057 91.49327 92.60991 249.2097473144531 -28.33656824929875 -999.0 -999.0 -999.0 249.20973103773196 -28.33658163028555 249.28590685289748 -28.390898949403 79.46383255849452 89.50167184947753 16000.0 16600.0 2015.5 2 102 {-999.0 -999.0 -999.0 -999.0 -999.0} "" -999.0 -999.0 -999.0 -999.0 27021603175487637 845947524 "" ops_sky_apogee_best ops_sky sky_apogee 0 0 0.0 0.0 -999 ""
FIBERMAP 1298 R+9C18 BOSS 0 0 0 1 0 0 197.11147938497876 189.794162366302 143.1 -138.91479430617449 235.73870542503025 91.49327 92.60991 -999.0 -999.0 -999.0 -999.0 -999.0 249.21030776679055 -28.334392162046726 249.2864318397328 -28.388713076591024 79.46313430014261 89.49006632641255 -999.0 5400.0 -999.0 1 176 {-999.0 -999.0 -999.0 -999.0 -999.0} "" -999.0 -999.0 -999.0 -999.0 -999 -999 "" "" "" "" 0 0 0.0 0.0 -999 ""
FIBERMAP 1298 R+9C18 METROLOGY 0 0 0 1 0 0 196.7489298166052 189.1310662713152 143.1 -138.35384797037898 235.23230443556648 91.49327 92.60991 -999.0 -999.0 -999.0 -999.0 -999.0 249.21216888283607 -28.335872991977098 249.2883107410281 -28.39018777648894 79.46165270632537 89.49907088255634 -999.0 6231.0 -999.0 -1 -999 {-999.0 -999.0 -999.0 -999.0 -999.0} "" -999.0 -999.0 -999.0 -999.0 -999 -999 "" "" "" "" 0 0 0.0 0.0 -999 ""
FIBERMAP 1299 R+7C16 APOGEE 1 1 0 1 0 0 121.98273583607028 118.19859896681196 143.1 -86.69152223545666 146.05979877079702 298.8873 80.02408 249.38725986193532 -28.605280617067443 -2.926457 -14.22434 2.9192705 249.38724715402398 -28.605312869472662 249.46430025520863 -28.659127965061295 79.33383300463846 91.03545535871592 16000.0 16600.0 2016.0 2 62 {-999.0 13.700402 12.908891 12.540288 -999.0} sdss_psfmag_from_g3xp 13.456379 12.89839 12.177318 10.799 63050396383278957 1035004990 bright_1x1 mwm_yso_pms_apogee_zari18pms_single mwm_yso science 0 0 0.0 0.0 -999 ""
FIBERMAP 1299 R+7C16 BOSS 0 0 0 1 0 0 121.30663552241471 117.94158967835597 143.1 -86.59828230792448 145.34255483034178 298.8873 80.02408 -999.0 -999.0 -999.0 -999.0 -999.0 249.38756071277817 -28.607424254134177 249.46457461594537 -28.661241413505806 79.33377174007123 91.0469431188942 -999.0 5400.0 -999.0 1 209 {-999.0 -999.0 -999.0 -999.0 -999.0} "" -999.0 -999.0 -999.0 -999.0 -999 -999 "" "" "" "" 0 0 0.0 0.0 -999 ""
FIBERMAP 1299 R+7C16 METROLOGY 0 0 0 1 0 0 121.43168826652096 118.69592517035386 143.1 -87.30304380239542 145.63909275898112 298.8873 80.02408 -999.0 -999.0 -999.0 -999.0 -999.0 249.38511035900805 -28.606502293731236 249.46213383375527 -28.660324644138875 79.33582838240541 91.04102976977197 -999.0 6231.0 -999.0 -1 -999 {-999.0 -999.0 -999.0 -999.0 -999.0} "" -999.0 -999.0 -999.0 -999.0 -999 -999 "" "" "" "" 0 0 0.0 0.0 -999 ""
FIBERMAP 1305 R+6C10 APOGEE 0 0 0 1 0 0 -11.258909304095177 111.7710474527618 143.1 -111.33214424417515 14.962996068716013 329.12698 125.754654 -999.0 -999.0 -999.0 -999.0 -999.0 249.29905350916493 -29.002349104660883 249.3773316302486 -29.05626522825742 79.43609645767398 93.15943811677306 -999.0 16600.0 -999.0 2 -999 {-999.0 -999.0 -999.0 -999.0 -999.0} "" -999.0 -999.0 -999.0 -999.0 -999 -999 "" "" "" "" 0 0 0.0 0.0 -999 ""
FIBERMAP 1305 R+6C10 BOSS 1 1 0 1 0 0 -11.185096513774617 111.04426458236374 143.1 -110.60807559861423 14.866286442473843 329.12698 125.754654 249.30156955460012 -29.002634756938605 -3.1405318 -5.166799 0.10192334 249.30153855624033 -29.00264529243324 249.37977248181483 -29.056557254833642 79.43397909419673 93.16158202760818 5400.0 5400.0 2016.0 1 133 {-999.0 16.824785 15.640497 15.079786 -999.0} sdss_psfmag_ps1 16.386045 15.554334 14.654001 12.704 63050396383225468 943838160 bright_1x1 openfibertargets_nov2020_5 open_fiber science 0 0 0.0 0.0 -999 ""
FIBERMAP 1305 R+6C10 METROLOGY 0 0 0 1 0 0 -11.868934849419315 111.33818829454971 143.1 -111.05253219023157 14.269252470439834 329.12698 125.754654 -999.0 -999.0 -999.0 -999.0 -999.0 249.29995979993132 -29.004448789839632 249.3782119896839 -29.058363501793654 79.43542729573902 93.1710691765885 -999.0 6231.0 -999.0 -1 -999 {-999.0 -999.0 -999.0 -999.0 -999.0} "" -999.0 -999.0 -999.0 -999.0 -999 -999 "" "" "" "" 0 0 0.0 0.0 -999 ""
FIBERMAP 1307 R+1C13 APOGEE 0 0 0 1 0 0 -4.6340265586672125 35.877990855740876 143.1 -35.97359034094145 3.8109109967709447 100.96733 78.738464 -999.0 -999.0 -999.0 -999.0 -999.0 249.56033800306474 -29.037314610623362 249.6387869121005 -29.090591819001315 79.20943065425048 93.40193157970697 -999.0 16600.0 -999.0 2 11 {-999.0 -999.0 -999.0 -999.0 -999.0} "" -999.0 -999.0 -999.0 -999.0 -999 -999 "" ops_sky_apogee_best_unassigned ops_sky sky_apogee 0 0 0.0 0.0 -999 ""
FIBERMAP 1307 R+1C13 BOSS 1 1 0 1 0 0 -3.883550038805299 35.89629566656602 143.1 -35.817393602559804 4.545157046466403 100.96733 78.738464 249.5609360176506 -29.035088008281722 -8.23089 -0.19087458 0.086695574 249.56091070998335 -29.035081659572572 249.6393059791128 -29.088359985785363 79.2088755601797 93.39013409362553 5400.0 5400.0 2016.0 1 13 {-999.0 18.09367 17.443459 17.115282 16.92351} sdss_psfmag_from_ps1dr2 17.8859 17.4154 16.7334 15.572 63050396383210776 1040588470 "" ops_std_boss_ps1dr2 ops_std standard_boss 0 0 0.0 0.0 -999 ""
FIBERMAP 1307 R+1C13 METROLOGY 0 0 0 1 0 0 -4.241616696997289 35.23890188310738 143.1 -35.260954619844526 4.0444387768299155 100.96733 78.738464 -999.0 -999.0 -999.0 -999.0 -999.0 249.56282051545944 -29.03660927503246 249.64123427683285 -29.08988203694201 79.20726185464744 93.39866587597078 -999.0 6231.0 -999.0 -1 -999 {-999.0 -999.0 -999.0 -999.0 -999.0} "" -999.0 -999.0 -999.0 -999.0 -999 -999 "" "" "" "" 0 0 0.0 0.0 -999 ""
FIBERMAP 1310 R+2C13 APOGEE 0 0 0 1 0 0 5.904105048878412 46.583705766401884 143.1 -43.94390689748619 16.543720270594083 19.934013 144.61714 -999.0 -999.0 -999.0 -999.0 -999.0 249.5328381407269 -28.998551081779254 249.61115852347723 -29.051905414900393 79.2317217524619 93.18920927307323 -999.0 16600.0 -999.0 2 -999 {-999.0 -999.0 -999.0 -999.0 -999.0} "" -999.0 -999.0 -999.0 -999.0 -999 -999 "" "" "" "" 0 0 0.0 0.0 -999 ""
FIBERMAP 1310 R+2C13 BOSS 1 1 0 1 0 0 6.625859866584566 46.41043767786842 143.1 -43.60802304873724 17.20561096270486 19.934013 144.61714 249.5340564789636 -28.996515168264096 -4.0764837 -1.3384144 0.090753384 249.53402870935437 -28.996532148435797 249.61229639589635 -29.04988618553297 79.230629108547 93.17867678332686 5400.0 5400.0 2016.0 1 110 {-999.0 18.562159 17.959858 17.679296 17.536198} sdss_psfmag_from_ps1dr2 18.3991 17.9475 17.3252 16.154 63050396383222821 1040588485 "" ops_std_boss_ps1dr2 ops_std standard_boss 0 0 0.0 0.0 -999 ""
FIBERMAP 1310 R+2C13 METROLOGY 0 0 0 1 0 0 6.109700698544952 45.864519666957314 143.1 -43.196673178248034 16.57695954996732 19.934013 144.61714 -999.0 -999.0 -999.0 -999.0 -999.0 249.5354306362906 -28.998445726699597 249.61371787787004 -29.051795276484047 79.22948170521514 93.18920735237145 -999.0 6231.0 -999.0 -1 -999 {-999.0 -999.0 -999.0 -999.0 -999.0} "" -999.0 -999.0 -999.0 -999.0 -999 -999 "" "" "" "" 0 0 0.0 0.0 -999 ""
FIBERMAP 1311 R-8C9 APOGEE 0 0 0 1 0 0 -4.650130414662026 -143.89169474044476 143.1 138.88787486865672 -37.885355249765375 94.51556 40.307575 -999.0 -999.0 -999.0 -999.0 -999.0 250.16741477200068 -29.164480244029335 250.24640093865992 -29.216256329507207 78.68446293755447 94.17191269734212 -999.0 16600.0 -999.0 2 -999 {-999.0 -999.0 -999.0 -999.0 -999.0} "" -999.0 -999.0 -999.0 -999.0 -999 -999 "" "" "" "" 0 0 0.0 0.0 -999 ""
FIBERMAP 1311 R-8C9 BOSS 1 1 0 1 0 0 -4.11224953820015 -144.4185460390301 143.1 139.5250632543005 -37.484302274125454 94.51556 40.307575 250.16979385544218 -29.163222926340968 -19.547733 -18.368702 0.7730734 250.16974423313184 -29.163275501232075 250.2486779359757 -29.215047910031664 78.68243153390469 94.16613997088257 5400.0 5400.0 2016.0 1 387 {-999.0 16.811586 15.920466 15.480912 -999.0} sdss_psfmag_ps1 16.457817 15.864379 15.108989 13.59 63050396382988425 1074524275 dark_flexible_2x1 mwm_halo_local_high_boss mwm_halo science 0 0 0.0 0.0 -999 ""
FIBERMAP 1311 R-8C9 METROLOGY 0 0 0 1 0 0 -4.8446090068020276 -144.61396636109404 143.1 139.54535049100008 -38.241990759612584 94.51556 40.307575 -999.0 -999.0 -999.0 -999.0 -999.0 250.16982035007115 -29.165578523260017 250.2487753035365 -29.21734963615074 78.68243313432822 94.17787669088813 -999.0 6231.0 -999.0 -1 -999 {-999.0 -999.0 -999.0 -999.0 -999.0} "" -999.0 -999.0 -999.0 -999.0 -999 -999 "" "" "" "" 0 0 0.0 0.0 -999 ""
FIBERMAP 1313 R+6C17 APOGEE 1 1 0 1 0 0 140.7616960120154 126.6311360412929 143.1 -90.53999597005881 166.28156093913512 48.870342 126.38613 249.37448330608544 -28.5441022825389 1.2506087 -6.704429 0.13306093 249.3744583190323 -28.544144092422844 249.45131748216636 -28.598007098799275 79.33984199581278 90.70101490262778 16000.0 16600.0 2016.0 2 63 {-999.0 15.917963 14.068121 13.06981 -999.0} sdss_psfmag_from_g3xp 15.057415 13.720403 12.5941725 9.75 63050396383280772 1153033167 bright_1x1 mwm_galactic_core_dist_apogee_sparse mwm_galactic science 0 0 0.0 0.0 -999 ""
FIBERMAP 1313 R+6C17 BOSS 0 0 0 1 0 0 141.51816865173942 126.47615509359879 143.1 -90.21385083116583 166.98146225504388 48.870342 126.38613 -999.0 -999.0 -999.0 -999.0 -999.0 249.37561367629502 -28.541977328973488 249.45242054177038 -28.595841812420055 79.33868189129163 90.68983091121055 -999.0 5400.0 -999.0 1 215 {-999.0 -999.0 -999.0 -999.0 -999.0} "" -999.0 -999.0 -999.0 -999.0 -999 -999 "" "" "" "" 0 0 0.0 0.0 -999 ""
FIBERMAP 1313 R+6C17 METROLOGY 0 0 0 1 0 0 140.99752504664437 125.92720245975818 143.1 -89.80058887017967 166.34774515570444 48.870342 126.38613 -999.0 -999.0 -999.0 -999.0 -999.0 249.37699596097937 -28.5438746068298 249.45382203219742 -28.597734193171565 79.33762734428812 90.70061831049213 -999.0 6231.0 -999.0 -1 -999 {-999.0 -999.0 -999.0 -999.0 -999.0} "" -999.0 -999.0 -999.0 -999.0 -999 -999 "" "" "" "" 0 0 0.0 0.0 -999 ""
FIBERMAP 1315 R+3C7 APOGEE 1 1 0 1 0 0 -104.47038210260578 69.30650305905426 143.1 -91.63771846730569 -85.55111698014636 100.44927 26.097511 249.36551314849942 -29.307686935454363 0.631908 -6.572148 0.49065912 249.36554682318786 -29.307710545057425 249.4448049441486 -29.36138112650722 79.38745121101684 94.82980007549361 16000.0 16600.0 2016.0 2 26 {-999.0 13.149626 11.716647 11.063146 -999.0} sdss_psfmag_from_g3xp 12.561626 11.610885 10.654032 8.428 63050396382781180 1153032537 bright_1x1 mwm_galactic_core_dist_apogee_sparse mwm_galactic science 0 0 0.0 0.0 -999 ""
FIBERMAP 1315 R+3C7 BOSS 0 0 0 1 0 0 -104.01192097147856 68.7247254877435 143.1 -90.96551622038129 -85.2400519778149 100.44927 26.097511 -999.0 -999.0 -999.0 -999.0 -999.0 249.3678817197838 -29.306822629387142 249.44709147969684 -29.360488625076226 79.38544135027057 94.82516639706421 -999.0 5400.0 -999.0 1 44 {-999.0 -999.0 -999.0 -999.0 -999.0} "" -999.0 -999.0 -999.0 -999.0 -999 -999 "" "" "" "" 0 0 0.0 0.0 -999 ""
FIBERMAP 1315 R+3C7 METROLOGY 0 0 0 1 0 0 -104.74654116698674 68.60983864024591 143.1 -91.02408950160083 -85.98126737881196 100.44927 26.097511 -999.0 -999.0 -999.0 -999.0 -999.0 249.36764250231315 -29.309078139312586 249.44687241606653 -29.36274385015095 79.38567611308518 94.83738732487859 -999.0 6231.0 -999.0 -1 -999 {-999.0 -999.0 -999.0 -999.0 -999.0} "" -999.0 -999.0 -999.0 -999.0 -999 -999 "" "" "" "" 0 0 0.0 0.0 -999 ""
FIBERMAP 1319 R0C9 APOGEE 1 1 0 1 0 0 -115.82611251015224 17.213888030495493 143.1 -43.59918634729846 -108.67500232215093 136.10779 80.22261 249.53237926673782 -29.378569922152117 -2.277979 -7.776358 0.2576226 249.53237411168345 -29.378614365437883 249.61189671770876 -29.43186328429413 79.24307791305125 95.22309485662083 16000.0 16600.0 2016.0 2 276 {-999.0 13.920805 12.1398945 11.101309 -999.0} sdss_psfmag_from_g3xp 13.125768 11.773676 10.639517 7.819 63050396382778398 1153032510 bright_1x1 mwm_galactic_core_dist_apogee_sparse mwm_galactic science 0 0 0.0 0.0 -999 ""
FIBERMAP 1319 R0C9 BOSS 0 0 0 1 0 0 -115.22260611906997 17.643704368908377 143.1 -43.87735009800245 -107.98830551688481 136.10779 80.22261 -999.0 -999.0 -999.0 -999.0 -999.0 249.53143402269635 -29.376585359744862 249.61090319291793 -29.429837696355808 79.24391429457647 95.21217677100867 -999.0 5400.0 -999.0 1 449 {-999.0 -999.0 -999.0 -999.0 -999.0} "" -999.0 -999.0 -999.0 -999.0 -999 -999 "" "" "" "" 0 0 0.0 0.0 -999 ""
FIBERMAP 1319 R0C9 METROLOGY 0 0 0 1 0 0 -115.14292792585337 16.902271281159415 143.1 -43.13767099684682 -108.08270649487872 136.10779 80.22261 -999.0 -999.0 -999.0 -999.0 -999.0 249.5339905516348 -29.3768929240315 249.61347454886175 -29.43013884848496 79.24167929793428 95.21396194603233 -999.0 6231.0 -999.0 -1 -999 {-999.0 -999.0 -999.0 -999.0 -999.0} "" -999.0 -999.0 -999.0 -999.0 -999 -999 "" "" "" "" 0 0 0.0 0.0 -999 ""
FIBERMAP 1320 R+5C8 APOGEE 0 0 0 1 0 0 -56.892320711289685 96.7633756258626 143.1 -107.31427287137842 -32.90505426273568 67.70255 29.651049 -999.0 -999.0 -999.0 -999.0 -999.0 249.31201188803672 -29.147703438458045 249.3907512682007 -29.201547679700408 79.4303079744559 93.95363260866088 -999.0 16600.0 -999.0 2 -999 {-999.0 -999.0 -999.0 -999.0 -999.0} "" -999.0 -999.0 -999.0 -999.0 -999 -999 "" "" "" "" 0 0 0.0 0.0 -999 ""
FIBERMAP 1320 R+5C8 BOSS 1 1 0 1 0 0 -56.79352550300766 96.05024847002026 143.1 -106.59769507181322 -32.97429688934862 67.70255 29.651049 249.31452884976613 -29.147947302630165 -1.0305039 -2.7366395 0.3406111 249.31447779035386 -29.14794338106888 249.39317268607078 -29.201782983040435 79.42820352896356 93.9553065285437 5400.0 5400.0 2016.0 1 67 {-999.0 17.454927 16.72568 16.410128 16.205503} sdss_psfmag_from_ps1dr2 17.2075 16.7299 16.0429 14.848 63050396382795301 1040588033 "" ops_std_boss_ps1dr2 ops_std standard_boss 0 0 0.0 0.0 -999 ""
FIBERMAP 1320 R+5C8 METROLOGY 0 0 0 1 0 0 -57.48096626191173 96.30186221053324 143.1 -107.00183123664583 -33.58464480544899 67.70255 29.651049 -999.0 -999.0 -999.0 -999.0 -999.0 249.31303829054917 -29.149791748121636 249.39175167019823 -29.203633905168818 79.42950601617093 93.96516049425668 -999.0 6231.0 -999.0 -1 -999 {-999.0 -999.0 -999.0 -999.0 -999.0} "" -999.0 -999.0 -999.0 -999.0 -999 -999 "" "" "" "" 0 0 0.0 0.0 -999 ""
FIBERMAP 1321 R-6C21 APOGEE 1 1 0 1 0 0 230.34104741618813 -135.91965188780904 143.1 185.61733766596114 192.5431426101794 342.61835 49.234203 250.3257153454346 -28.466903655883847 -2.210989 -3.1614976 0.08011547 250.3257193229704 -28.466918135521613 250.40253839380046 -28.518507419074428 78.50058332186812 90.69867626324879 16000.0 16600.0 2016.0 2 195 {-999.0 15.73576 14.051218 13.083498 -999.0} sdss_psfmag_from_g3xp 14.990047 13.723976 12.622996 9.925 63050396383318314 1153033261 bright_1x1 mwm_galactic_core_dist_apogee_sparse mwm_galactic science 0 0 0.0 0.0 -999 ""
FIBERMAP 1321 R-6C21 BOSS 0 0 0 1 0 0 229.70097971192968 -136.32526388600962 143.1 185.86348047675114 191.826493870465 342.61835 49.234203 -999.0 -999.0 -999.0 -999.0 -999.0 250.32662706895863 -28.469074947945508 250.4034036609578 -28.52066570369756 78.5000383773866 90.70982398957005 -999.0 5400.0 -999.0 1 268 {-999.0 -999.0 -999.0 -999.0 -999.0} "" -999.0 -999.0 -999.0 -999.0 -999 -999 "" "" "" "" 0 0 0.0 0.0 -999 ""
FIBERMAP 1321 R-6C21 METROLOGY 0 0 0 1 0 0 229.66844830484203 -135.58380348107323 143.1 185.13470604833773 191.96676170697336 342.61835 49.234203 -999.0 -999.0 -999.0 -999.0 -999.0 250.3241524356393 -28.46861363558593 250.40094110114353 -28.520209297359536 78.50214695736406 90.70648188663284 -999.0 6231.0 -999.0 -1 -999 {-999.0 -999.0 -999.0 -999.0 -999.0} "" -999.0 -999.0 -999.0 -999.0 -999 -999 "" "" "" "" 0 0 0.0 0.0 -999 ""
FIBERMAP 1322 R+4C3 APOGEE 1 1 0 1 0 0 -223.00141035177816 80.15669957609907 143.1 -129.67397765161166 -198.33269666000362 239.08766 34.396206 249.23165612970192 -29.64783063654663 -1.3640583 1.7689316 0.15283775 249.23166457588292 -29.64781716182799 249.31197060690806 -29.701714681264907 79.50405278502465 96.68605379211579 16000.0 16600.0 2016.0 2 20 {-999.0 15.515118 14.1365385 13.503869 -999.0} sdss_psfmag_from_g3xp 14.962303 14.043699 13.101601 10.907 63050396382746916 1153032588 bright_1x1 mwm_galactic_core_dist_apogee_sparse mwm_galactic science 0 0 0.0 0.0 -999 ""
FIBERMAP 1322 R+4C3 BOSS 0 0 0 1 0 0 -223.077085461232 80.8973198409335 143.1 -130.4119379680918 -198.2345902681169 239.08766 34.396206 -999.0 -999.0 -999.0 -999.0 -999.0 249.22912704903118 -29.647525556636722 249.30938579157112 -29.70142872494229 79.50630166495729 96.68465076622982 -999.0 5400.0 -999.0 1 29 {-999.0 -999.0 -999.0 -999.0 -999.0} "" -999.0 -999.0 -999.0 -999.0 -999 -999 "" "" "" "" 0 0 0.0 0.0 -999 ""
FIBERMAP 1322 R+4C3 METROLOGY 0 0 0 1 0 0 -222.3845758940133 80.57584047978177 143.1 -129.93866702898313 -197.63551056404964 239.08766 34.396206 -999.0 -999.0 -999.0 -999.0 -999.0 249.23074141706275 -29.64576706432472 249.31100791288793 -29.699666998692923 79.50491644541394 96.6748752829688 -999.0 6231.0 -999.0 -1 -999 {-999.0 -999.0 -999.0 -999.0 -999.0} "" -999.0 -999.0 -999.0 -999.0 -999 -999 "" "" "" "" 0 0 0.0 0.0 -999 ""
FIBERMAP 1327 R+4C12 APOGEE 0 0 0 1 0 0 16.07316882176334 89.69902324799402 143.1 -83.52519586550679 36.4318773028448 88.76382 52.952488 -999.0 -999.0 -999.0 -999.0 -999.0 249.39586515628713 -28.937635741364797 249.47396221746942 -28.991337004600958 79.34841406312214 92.83047952330651 -999.0 16600.0 -999.0 2 -999 {-999.0 -999.0 -999.0 -999.0 -999.0} "" -999.0 -999.0 -999.0 -999.0 -999 -999 "" "" "" "" 0 0 0.0 0.0 -999 ""
FIBERMAP 1327 R+4C12 BOSS 1 1 0 1 0 0 16.66007633625119 89.26951494137134 143.1 -82.9713276560927 36.90318888327465 88.76382 52.952488 249.39781355064855 -28.936179768886287 -6.7798615 0.7684739 1.566565 249.39778563473956 -28.936189719506302 249.4758325386822 -28.989888948166165 79.34670221675967 92.82313569735982 5400.0 5400.0 2016.0 1 120 {-999.0 19.184504 17.375244 16.640825 -999.0} sdss_psfmag_ps1 18.32428 17.209194 16.166588 13.976 63050396383226689 1096480127 bright_1x1 mwm_bin_vis_boss mwm_filler science 0 0 0.0 0.0 -999 ""
FIBERMAP 1327 R+4C12 METROLOGY 0 0 0 1 0 0 15.981209289565454 88.95670144363014 143.1 -82.82444745527997 36.17031517557039 88.76382 52.952488 -999.0 -999.0 -999.0 -999.0 -999.0 249.3982588564505 -28.938414002111706 249.47632591542765 -28.99211084392798 79.3463913201915 92.83526305712456 -999.0 6231.0 -999.0 -1 -999 {-999.0 -999.0 -999.0 -999.0 -999.0} "" -999.0 -999.0 -999.0 -999.0 -999 -999 "" "" "" "" 0 0 0.0 0.0 -999 ""
FIBERMAP 1337 R-5C21 APOGEE 0 0 0 1 0 0 223.34986010358804 -110.75569487334214 143.1 159.51895946110216 191.57709269195897 336.35663 84.307 -999.0 -999.0 -999.0 -999.0 -999.0 250.23623600029728 -28.46969716093322 250.31304586652243 -28.521502109136165 78.57913098572499 90.67489467466874 -999.0 16600.0 -999.0 2 -999 {-999.0 -999.0 -999.0 -999.0 -999.0} "" -999.0 -999.0 -999.0 -999.0 -999 -999 "" "" "" "" 0 0 0.0 0.0 -999 ""
FIBERMAP 1337 R-5C21 BOSS 1 1 0 1 0 0 223.02433159912565 -111.3821156953492 143.1 160.05281464039777 191.1152061217496 336.35663 84.307 250.23787056199365 -28.47106007498539 -2.5303426 -3.6164825 0.121138155 250.2381394355461 -28.471073460720678 250.31490491736554 -28.522877652654206 78.57763986867711 90.68261404943343 5400.0 5400.0 2016.0 1 277 {-999.0 16.15993 15.100006 14.69115 -999.0} sdss_psfmag_ps1 15.747298 15.042876 14.210318 12.41 63050396383319896 1076075623 bright_1x1 mwm_halo_mp_xp_boss_single mwm_halo science 0 0 0.840884804725647 0.0 -999 ""
FIBERMAP 1337 R-5C21 METROLOGY 0 0 0 1 0 0 222.60203231585885 -110.77156360662921 143.1 159.36100722966705 190.8459879296681 336.35663 84.307 -999.0 -999.0 -999.0 -999.0 -999.0 250.23578804648236 -28.471848434364283 250.31256939755326 -28.52365689221038 78.57975820948683 90.68551820142147 -999.0 6231.0 -999.0 -1 -999 {-999.0 -999.0 -999.0 -999.0 -999.0} "" -999.0 -999.0 -999.0 -999.0 -999 -999 "" "" "" "" 0 0 0.0 0.0 -999 ""
FIBERMAP 1343 R+6C1 APOGEE 1 1 0 1 0 0 -214.96189647596427 136.31910337728388 143.1 -182.44014959163763 -177.49095147600596 136.16939 24.466034 249.0488074658488 -29.583236846785816 0.17866974 -4.8660407 0.628662 249.04879217194667 -29.583270393712134 249.12884692690113 -29.63762567566984 79.66388651421934 96.34159202862094 16000.0 16600.0 2016.0 2 50 {-999.0 14.154382 13.046577 12.54756 -999.0} sdss_psfmag_from_g3xp 13.760923 13.0110655 12.164446 10.308 63050396382751553 1109000571 bright_1x1 mwm_tess_rgb_apogee mwm_tessrgb science 0 0 0.0 0.0 -999 ""
FIBERMAP 1343 R+6C1 BOSS 0 0 0 1 0 0 -214.24955832923112 136.06373651857027 143.1 -182.0265901035027 -176.85725560533885 136.16939 24.466034 -999.0 -999.0 -999.0 -999.0 -999.0 249.05026876913743 -29.581384817083524 249.13027289837817 -29.63573672599334 79.66266433382515 96.33100226036703 -999.0 5400.0 -999.0 1 87 {-999.0 -999.0 -999.0 -999.0 -999.0} "" -999.0 -999.0 -999.0 -999.0 -999 -999 "" "" "" "" 0 0 0.0 0.0 -999 ""
FIBERMAP 1343 R+6C1 METROLOGY 0 0 0 1 0 0 -214.79038564547082 135.58329103004317 143.1 -181.68464597777864 -177.49472199991266 136.16939 24.466034 -999.0 -999.0 -999.0 -999.0 -999.0 249.05139405179042 -29.583349974600416 249.13141746225244 -29.63769872440428 79.66165170489421 96.34188467744133 -999.0 6231.0 -999.0 -1 -999 {-999.0 -999.0 -999.0 -999.0 -999.0} "" -999.0 -999.0 -999.0 -999.0 -999 -999 "" "" "" "" 0 0 0.0 0.0 -999 ""
FIBERMAP 1344 R-6C18 APOGEE 0 0 0 1 0 0 159.01868245756873 -127.00707612291416 143.1 160.41142818083785 125.23302867717865 260.87466 136.48357 -999.0 -999.0 -999.0 -999.0 -999.0 250.24041628415995 -28.669998597298132 250.3178556914644 -28.72173712807829 78.5927960564098 91.68458572428534 -999.0 16600.0 -999.0 2 -999 {-999.0 -999.0 -999.0 -999.0 -999.0} "" -999.0 -999.0 -999.0 -999.0 -999 -999 "" "" "" "" 0 0 0.0 0.0 -999 ""
FIBERMAP 1344 R-6C18 BOSS 1 1 0 1 0 0 158.45575495720502 -127.45953786476774 143.1 160.72102796338902 124.58055322429146 260.87466 136.48357 250.24160722530343 -28.671896039814936 -8.332988 -28.087254 0.29971406 250.24158923727015 -28.67193602484355 250.31898579170138 -28.72367465745569 78.59196434999382 91.69475361829262 5400.0 5400.0 2016.0 1 314 {-999.0 17.487072 16.641714 16.199825 15.908475} sdss_psfmag_from_ps1dr2 17.1875 16.607 15.8248 14.362 63050396383247015 1040588518 "" ops_std_boss_ps1dr2 ops_std standard_boss 0 0 0.0 0.0 -999 ""
FIBERMAP 1344 R-6C18 METROLOGY 0 0 0 1 0 0 158.32829523700016 -126.71921556210093 143.1 159.97135092995464 124.62821871188805 260.87466 136.48357 -999.0 -999.0 -999.0 -999.0 -999.0 250.23901955729283 -28.67177375606549 250.3164290210865 -28.723517661752894 78.59418659145643 91.69304979120125 -999.0 6231.0 -999.0 -1 -999 {-999.0 -999.0 -999.0 -999.0 -999.0} "" -999.0 -999.0 -999.0 -999.0 -999 -999 "" "" "" "" 0 0 0.0 0.0 -999 ""
FIBERMAP 1352 R+7C11 APOGEE 0 0 0 1 0 0 15.611732901292367 157.28883621611314 143.1 -149.37800626086008 51.65410446905283 150.84503 23.763372 -999.0 -999.0 -999.0 -999.0 -999.0 249.16831145548392 -28.890347469672523 249.24620673924483 -28.94460937279642 79.54476261568438 92.51512397097895 -999.0 16600.0 -999.0 2 141 {-999.0 -999.0 -999.0 -999.0 -999.0} "" -999.0 -999.0 -999.0 -999.0 -999 -999 "" ops_sky_apogee_best_unassigned ops_sky sky_apogee 0 0 0.0 0.0 -999 ""
FIBERMAP 1352 R+7C11 BOSS 1 1 0 1 0 0 16.371099643583662 157.20599583633373 143.1 -149.12136253309146 52.37354712247886 150.84503 23.763372 249.16924370937596 -28.888042740898513 -8.859953 -21.234028 6.141772 249.16919253922424 -28.88814666031826 249.24703597279313 -28.942409343801494 79.54391151181095 92.50325119536387 5400.0 5400.0 2016.0 1 141 {-999.0 18.257408 16.786606 15.135475 -999.0} sdss_psfmag_ps1 17.63763 15.807171 14.527179 11.804 63050396382837503 1035053159 bright_1x1 mwm_yso_pms_boss_sagitta_edr3_single mwm_yso science 0 0 0.0 0.0 -999 ""
FIBERMAP 1352 R+7C11 METROLOGY 0 0 0 1 0 0 15.923434551377603 156.61646659108962 143.1 -148.6517104998615 51.8014096190597 150.84503 23.763372 -999.0 -999.0 -999.0 -999.0 -999.0 249.1707664101198 -28.889884625781388 249.24862846041833 -28.94414238824636 79.54262005077422 92.51322639113039 -999.0 6231.0 -999.0 -1 -999 {-999.0 -999.0 -999.0 -999.0 -999.0} "" -999.0 -999.0 -999.0 -999.0 -999 -999 "" "" "" "" 0 0 0.0 0.0 -999 ""
FIBERMAP 1360 R-3C11 APOGEE 1 1 0 1 0 0 -42.13420593286558 -63.753245235097864 143.1 52.2448755773704 -55.76624276260697 186.62221 140.96935 249.86646933396437 -29.218889945570535 -1.9681714 -5.008126 0.14109062 249.8664907779128 -29.218888024721313 249.9455833917333 -29.271375896989316 78.94867555573565 94.40957863664562 16000.0 16600.0 2016.0 2 151 {-999.0 14.909103 13.272661 12.468611 -999.0} sdss_psfmag_from_g3xp 14.191502 13.071273 12.031758 9.456 63050396382977756 1153032879 bright_1x1 mwm_galactic_core_dist_apogee_sparse mwm_galactic science 0 0 0.0 0.0 -999 ""
FIBERMAP 1360 R-3C11 BOSS 0 0 0 1 0 0 -42.78542663989123 -63.362446730404805 143.1 51.713749715414274 -56.30908802239405 186.62221 140.96935 -999.0 -999.0 -999.0 -999.0 -999.0 249.86472399355833 -29.22056680517562 249.9437735471614 -29.27305976045599 78.95030550785819 94.41810529281611 -999.0 5400.0 -999.0 1 432 {-999.0 -999.0 -999.0 -999.0 -999.0} "" -999.0 -999.0 -999.0 -999.0 -999 -999 "" "" "" "" 0 0 0.0 0.0 -999 ""
FIBERMAP 1360 R-3C11 METROLOGY 0 0 0 1 0 0 -42.11724021691151 -62.99701659921905 143.1 51.513212009066905 -55.57440408983073 186.62221 140.96935 -999.0 -999.0 -999.0 -999.0 -999.0 249.86402215077854 -29.218341251541062 249.94307809074837 -29.27083616628514 78.95084321346125 94.4064110652356 -999.0 6231.0 -999.0 -1 -999 {-999.0 -999.0 -999.0 -999.0 -999.0} "" -999.0 -999.0 -999.0 -999.0 -999 -999 "" "" "" "" 0 0 0.0 0.0 -999 ""
FIBERMAP 1361 R+12C3 APOGEE 0 0 0 1 0 0 -105.38569466571505 213.2449787418404 143.1 -231.86147691522146 -53.06852155978251 347.79855 45.761482 -999.0 -999.0 -999.0 -999.0 -999.0 248.8806236768957 -29.20556359113783 248.95944054330505 -29.26042837522021 79.80828892378264 94.21775242639154 -999.0 16600.0 -999.0 2 -999 {-999.0 -999.0 -999.0 -999.0 -999.0} "" -999.0 -999.0 -999.0 -999.0 -999 -999 "" "" "" "" 0 0 0.0 0.0 -999 ""
FIBERMAP 1361 R+12C3 BOSS 1 1 0 1 0 0 -105.98720793757006 212.82801930435812 143.1 -231.59535718697634 -53.75029867820272 347.79855 45.761482 248.88153076171872 -29.207641393822314 -999.0 -999.0 -999.0 248.8815325763173 -29.20764106901462 248.96031203440202 -29.262504078871302 79.80758227918224 94.22958962098153 5400.0 5400.0 2015.5 1 99 {-999.0 -999.0 -999.0 -999.0 -999.0} "" -999.0 -999.0 -999.0 -999.0 27021603175317590 814881424 "" ops_sky_boss_good ops_sky sky_boss 0 0 0.0 0.0 -999 ""
FIBERMAP 1361 R+12C3 METROLOGY 0 0 0 1 0 0 -106.0487777739282 213.59112756590096 143.1 -232.35192159534023 -53.6332578669232 347.79855 45.761482 -999.0 -999.0 -999.0 -999.0 -999.0 248.87887254037818 -29.20727033960367 248.95766269449098 -29.26213955799377 79.80988343591311 94.22719525625985 -999.0 6231.0 -999.0 -1 -999 {-999.0 -999.0 -999.0 -999.0 -999.0} "" -999.0 -999.0 -999.0 -999.0 -999 -999 "" "" "" "" 0 0 0.0 0.0 -999 ""
FIBERMAP 1366 R+3C11 APOGEE 1 1 0 1 0 0 -21.546146005715087 57.64584332179984 143.1 -61.06874002116974 -7.592813363920327 350.4093 124.41745 249.47301889110145 -29.07162688854593 -3.7521393 -2.6916456 0.092688724 249.47301372946794 -29.071626501718516 249.55155077598874 -29.125104462400564 79.28708757667069 93.56886489460277 16000.0 16600.0 2016.0 2 12 {-999.0 15.199627 13.736434 13.039768 -999.0} sdss_psfmag_from_g3xp 14.59521 13.607093 12.623583 10.271 63050396383220917 1153033234 bright_1x1 mwm_galactic_core_dist_apogee_sparse mwm_galactic science 0 0 0.0 0.0 -999 ""
FIBERMAP 1366 R+3C11 BOSS 0 0 0 1 0 0 -21.209035805850675 56.98078673534084 143.1 -60.34366667038419 -7.419097292934028 350.4093 124.41745 -999.0 -999.0 -999.0 -999.0 -999.0 249.4755381857857 -29.071111944256053 249.55402778002326 -29.124585675424854 79.28490387425177 93.56656584782246 -999.0 5400.0 -999.0 1 14 {-999.0 -999.0 -999.0 -999.0 -999.0} "" -999.0 -999.0 -999.0 -999.0 -999 -999 "" "" "" "" 0 0 0.0 0.0 -999 ""
FIBERMAP 1366 R+3C11 METROLOGY 0 0 0 1 0 0 -21.94927150598622 57.01681418657938 143.1 -60.550338983989406 -8.130784676287938 350.4093 124.41745 -999.0 -999.0 -999.0 -999.0 -999.0 249.47479007008263 -29.07327177957386 249.55329946037534 -29.126746217774592 79.28563017025567 93.57803293516326 -999.0 6231.0 -999.0 -1 -999 {-999.0 -999.0 -999.0 -999.0 -999.0} "" -999.0 -999.0 -999.0 -999.0 -999 -999 "" "" "" "" 0 0 0.0 0.0 -999 ""
FIBERMAP 1367 R-10C9 APOGEE 0 0 0 1 0 0 15.44702495120962 -194.0733921003105 143.1 192.36014963437046 -29.971397314668938 17.76475 98.84152 -999.0 -999.0 -999.0 -999.0 -999.0 250.35242573140792 -29.140038242539053 250.4313736827279 -29.191373591899215 78.52215154522092 94.07808352702523 -999.0 16600.0 -999.0 2 -999 {-999.0 -999.0 -999.0 -999.0 -999.0} "" -999.0 -999.0 -999.0 -999.0 -999 -999 "" "" "" "" 0 0 0.0 0.0 -999 ""
FIBERMAP 1367 R-10C9 BOSS 1 1 0 1 0 0 15.771527283031997 -194.7444982380251 143.1 193.08818428786768 -29.811347765278228 17.76475 98.84152 250.35507202148438 -29.139554365887435 -999.0 -999.0 -999.0 250.3550541560532 -29.13955228381751 250.43395126734026 -29.19088318478019 78.51988319398976 94.07608240499184 5400.0 5400.0 2015.5 1 404 {-999.0 -999.0 -999.0 -999.0 -999.0} "" -999.0 -999.0 -999.0 -999.0 27021603175320064 852029192 "" ops_sky_boss_fallback ops_sky sky_boss 0 0 0.0 0.0 -999 ""
FIBERMAP 1367 R-10C9 METROLOGY 0 0 0 1 0 0 15.037498362422049 -194.6993203628711 143.1 192.87405026908792 -30.514876126120434 17.76475 98.84152 -999.0 -999.0 -999.0 -999.0 -999.0 250.3543362429671 -29.141691239272266 250.43325412343427 -29.19302276683015 78.52057839629711 94.08669948092381 -999.0 6231.0 -999.0 -1 -999 {-999.0 -999.0 -999.0 -999.0 -999.0} "" -999.0 -999.0 -999.0 -999.0 -999 -999 "" "" "" "" 0 0 0.0 0.0 -999 ""
FIBERMAP 1371 R-4C4 APOGEE 0 0 0 1 0 0 -195.9822614092665 -87.87640806789616 143.1 40.03938135134576 -211.01009649358016 257.73825 59.829536 -999.0 -999.0 -999.0 -999.0 -999.0 249.82284413065224 -29.688683799787324 249.9034233924059 -29.741145172655603 78.98995551818285 96.86299546679533 -999.0 16600.0 -999.0 2 -999 {-999.0 -999.0 -999.0 -999.0 -999.0} "" -999.0 -999.0 -999.0 -999.0 -999 -999 "" "" "" "" 0 0 0.0 0.0 -999 ""
FIBERMAP 1371 R-4C4 BOSS 1 1 0 1 0 0 -196.5591208631207 -87.36796818852454 143.1 39.4110646835249 -211.45333342085857 257.73825 59.829536 249.82034035752676 -29.690063398740747 -1.5260564 -3.2230523 0.06835242 249.82070760414453 -29.690064954427804 249.90124274080358 -29.742530613741714 78.9918328285547 96.87036413125634 5400.0 5400.0 2016.0 1 493 {-999.0 16.09137 14.733867 14.084708 -999.0} sdss_psfmag_from_g3xp 15.553348 14.626156 13.675127 11.477 63050396382596803 1076134857 bright_1x1 mwm_halo_mp_xp_boss_single mwm_halo science 0 0 1.0072025060653687 0.0 -999 ""
FIBERMAP 1371 R-4C4 METROLOGY 0 0 0 1 0 0 -195.84815714553275 -87.14053154072293 143.1 39.35467386837151 -210.7090338030674 257.73825 59.829536 -999.0 -999.0 -999.0 -999.0 -999.0 249.82051091904873 -29.68785398802261 249.90105255110927 -29.740320885618246 78.99202334887005 96.85880238319396 -999.0 6231.0 -999.0 -1 -999 {-999.0 -999.0 -999.0 -999.0 -999.0} "" -999.0 -999.0 -999.0 -999.0 -999 -999 "" "" "" "" 0 0 0.0 0.0 -999 ""
FIBERMAP 1375 R+7C1 APOGEE 1 1 0 1 0 0 -226.60486954159578 143.86302823406612 143.1 -192.4777487483304 -187.067179351257 167.4301 96.28389 249.01387416020705 -29.61174141453518 -5.3504276 -4.6428213 -0.20832263 249.01387448012477 -29.611751337263907 249.09401095315684 -29.66618255236562 79.69385241046734 96.50278507971763 16000.0 16600.0 2016.0 2 49 {-999.0 16.928629 16.921408 14.01002 -999.0} sdss_psfmag_ps1 17.820103 13.986925 12.12858 7.485 63050396382750091 1154245779 bright_1x1 mwm_galactic_core_dist_apogee_sparse mwm_galactic science 0 0 0.0 0.0 -999 ""
FIBERMAP 1375 R+7C1 BOSS 0 0 0 1 0 0 -226.53122098455844 144.6100918335871 143.1 -193.18735508925593 -186.8223292265069 167.4301 96.28389 -999.0 -999.0 -999.0 -999.0 -999.0 249.01146915956167 -29.610984052300214 249.09155771416886 -29.665420784619208 79.69599326223161 96.49867296259083 -999.0 5400.0 -999.0 1 36 {-999.0 -999.0 -999.0 -999.0 -999.0} "" -999.0 -999.0 -999.0 -999.0 -999 -999 "" "" "" "" 0 0 0.0 0.0 -999 ""
FIBERMAP 1375 R+7C1 METROLOGY 0 0 0 1 0 0 -225.92304215114825 144.17210296460706 143.1 -192.620305811028 -186.3322929180307 167.4301 96.28389 -999.0 -999.0 -999.0 -999.0 -999.0 249.01338441387253 -29.609565316998864 249.09348165332324 -29.66399798394317 79.69433887710903 96.49060638734852 -999.0 6231.0 -999.0 -1 -999 {-999.0 -999.0 -999.0 -999.0 -999.0} "" -999.0 -999.0 -999.0 -999.0 -999 -999 "" "" "" "" 0 0 0.0 0.0 -999 ""
FIBERMAP 1377 R-3C22 APOGEE 1 1 0 1 0 0 193.80420401985413 -49.486220796129146 143.1 93.07071786538482 177.04317128179062 217.32681 40.52578 250.00788643765145 -28.513149627197965 -2.6529245 -4.3448715 0.1145622 250.007901141942 -28.513165176256354 250.08480042630708 -28.565509733561214 78.78292826592505 90.80020716689756 16000.0 16600.0 2016.0 2 202 {-999.0 17.134216 15.00696 13.678377 -999.0} sdss_psfmag_ps1 16.154753 13.482705 12.053423 8.442 63050396383261557 1156855940 bright_1x1 mwm_galactic_core_dist_apogee_extra mwm_galactic science 0 0 0.0 0.0 -999 ""
FIBERMAP 1377 R-3C22 BOSS 0 0 0 1 0 0 193.95576253498413 -48.75852884828313 143.1 92.39801853487803 177.35931439558564 217.32681 40.52578 -999.0 -999.0 -999.0 -999.0 -999.0 250.005658934893 -28.512153839647834 250.0825063837152 -28.564508088346503 78.78484018609464 90.79410832869706 -999.0 5400.0 -999.0 1 285 {-999.0 -999.0 -999.0 -999.0 -999.0} "" -999.0 -999.0 -999.0 -999.0 -999 -999 "" "" "" "" 0 0 0.0 0.0 -999 ""
FIBERMAP 1377 R-3C22 METROLOGY 0 0 0 1 0 0 194.50776015030834 -49.257507692470085 143.1 93.01136792842573 177.7805613600466 217.32681 40.52578 -999.0 -999.0 -999.0 -999.0 -999.0 250.00777034876498 -28.510862160293463 250.08462784690118 -28.56321054503195 78.78286328984981 90.78836685249053 -999.0 6231.0 -999.0 -1 -999 {-999.0 -999.0 -999.0 -999.0 -999.0} "" -999.0 -999.0 -999.0 -999.0 -999 -999 "" "" "" "" 0 0 0.0 0.0 -999 ""
FIBERMAP 1379 R-4C9 APOGEE 1 1 0 1 0 0 -47.12532402925271 -68.90018746202105 143.1 56.09418014030759 -61.81454008573715 95.42399 23.330866 249.8798602248743 -29.237224859396047 -1.6991553 -3.9108977 0.77785206 249.87984630092214 -29.23725366706201 249.9590001686613 -29.289704141160424 78.93753116027486 94.50694308998152 16000.0 16600.0 2016.0 2 292 {-999.0 13.530755 12.441318 11.950157 -999.0} sdss_psfmag_from_g3xp 13.14424 12.407662 11.566003 9.788 63050396382969510 1108800000 bright_1x1 mwm_tess_rgb_apogee mwm_tessrgb science 0 0 0.0 0.0 -999 ""
FIBERMAP 1379 R-4C9 BOSS 0 0 0 1 0 0 -46.81699582518466 -69.57632576150405 143.1 56.82335960635132 -61.671390135344616 95.42399 23.330866 -999.0 -999.0 -999.0 -999.0 -999.0 249.8824694378706 -29.236855883013778 249.96157456700632 -29.289301370385445 78.93527499996202 94.50518928693555 -999.0 5400.0 -999.0 1 480 {-999.0 -999.0 -999.0 -999.0 -999.0} "" -999.0 -999.0 -999.0 -999.0 -999 -999 "" "" "" "" 0 0 0.0 0.0 -999 ""
FIBERMAP 1379 R-4C9 METROLOGY 0 0 0 1 0 0 -47.57251239936113 -69.49446583042983 143.1 56.5685622615289 -62.387314983644615 95.42399 23.330866 -999.0 -999.0 -999.0 -999.0 -999.0 249.88157156964346 -29.239034398750825 249.9606970325366 -29.291481086358072 78.93610396787346 94.51642535649353 -999.0 6231.0 -999.0 -1 -999 {-999.0 -999.0 -999.0 -999.0 -999.0} "" -999.0 -999.0 -999.0 -999.0 -999 -999 "" "" "" "" 0 0 0.0 0.0 -999 ""
FIBERMAP 1385 R-13C3 APOGEE 1 1 0 1 0 0 -121.94144381459826 -251.04480280433177 143.1 215.92298229393504 -176.820764717379 239.22711 40.0259 250.43395355833223 -29.583576805920163 -14.163301 -8.688037 0.611522 250.4342621019268 -29.583576840574374 250.51464229770738 -29.634589258112424 78.45939721553536 96.3070417818409 16000.0 16600.0 2016.0 2 156 {-999.0 12.169513 10.619659 8.8744955 -999.0} sdss_psfmag_from_g3xp 11.539244 9.639121 8.341417 5.332 63050396382876098 1153032787 bright_1x1 mwm_galactic_core_dist_apogee_sparse mwm_galactic science 0 0 1.2202982902526855 0.0 -999 ""
FIBERMAP 1385 R-13C3 BOSS 0 0 0 1 0 0 -122.07319305138458 -250.29159398456187 143.1 215.15977576579425 -176.7742839088493 239.22711 40.0259 -999.0 -999.0 -999.0 -999.0 -999.0 250.43165786883682 -29.583444188342707 250.5119867075524 -29.63446309745173 78.46170501150178 96.3063724815197 -999.0 5400.0 -999.0 1 437 {-999.0 -999.0 -999.0 -999.0 -999.0} "" -999.0 -999.0 -999.0 -999.0 -999 -999 "" "" "" "" 0 0 0.0 0.0 -999 ""
FIBERMAP 1385 R-13C3 METROLOGY 0 0 0 1 0 0 -121.36162522284903 -250.56873291898916 143.1 215.59433474009572 -176.14638531739672 239.22711 40.0259 -999.0 -999.0 -999.0 -999.0 -999.0 250.43319727620434 -29.581576942834147 250.5135347345946 -29.632592612609884 78.46035305156448 96.29704478627502 -999.0 6231.0 -999.0 -1 -999 {-999.0 -999.0 -999.0 -999.0 -999.0} "" -999.0 -999.0 -999.0 -999.0 -999 -999 "" "" "" "" 0 0 0.0 0.0 -999 ""
FIBERMAP 1386 R-3C2 APOGEE 0 0 0 1 0 0 -224.37307325197315 -55.90371838101819 143.1 2.3564046976365347 -231.213302638645 356.5541 132.43024 -999.0 -999.0 -999.0 -999.0 -999.0 249.69125866579964 -29.749333393936336 249.77200096790182 -29.80209528617652 79.10311517374419 97.19263941799704 -999.0 16600.0 -999.0 2 -999 {-999.0 -999.0 -999.0 -999.0 -999.0} "" -999.0 -999.0 -999.0 -999.0 -999 -999 "" "" "" "" 0 0 0.0 0.0 -999 ""
FIBERMAP 1386 R-3C2 BOSS 1 1 0 1 0 0 -223.90597227486498 -56.476062369292265 143.1 3.0214339254219635 -230.89164627438404 356.5541 132.43024 249.69363441807204 -29.74837691537199 -1.8671786 -9.274764 3.614448 249.6936289384463 -29.748407241039864 249.77432126123745 -29.8011629268494 79.10111901732193 97.18751506592741 5400.0 5400.0 2016.0 1 514 {-999.0 17.933468 16.407282 15.574303 -999.0} sdss_psfmag_ps1 17.222351 16.149231 15.118203 13.129 63050396382588473 1078034604 bright_flexible_2x1 mwm_snc_ext_main_boss mwm_snc science 0 0 0.0 0.0 -999 ""
FIBERMAP 1386 R-3C2 METROLOGY 0 0 0 1 0 0 -224.6493859896782 -56.598807934801044 143.1 2.9684661338564826 -231.64323737689273 356.5541 132.43024 -999.0 -999.0 -999.0 -999.0 -999.0 249.6934239418879 -29.75070470957675 249.77413705484594 -29.80346045125142 79.10123695312802 97.19967983318884 -999.0 6231.0 -999.0 -1 -999 {-999.0 -999.0 -999.0 -999.0 -999.0} "" -999.0 -999.0 -999.0 -999.0 -999 -999 "" "" "" "" 0 0 0.0 0.0 -999 ""
FIBERMAP 1389 R+2C3 APOGEE 1 1 0 1 0 0 -236.49316494066812 54.64594718398548 143.1 -107.98734939473604 -217.37117831425874 180.33083 54.00296 249.30685938815188 -29.705726910277267 -2.7287207 -1.4822488 0.16388716 249.3068680924353 -29.70575866489032 249.3873775870943 -29.759458996151853 79.43766377400621 96.996328742191 16000.0 16600.0 2016.0 2 37 {-999.0 14.201 12.778825 12.1137495 -999.0} sdss_psfmag_from_g3xp 13.623366 12.66632 11.705033 9.436 63050396382582399 1153032297 bright_1x1 mwm_galactic_core_dist_apogee_sparse mwm_galactic science 0 0 0.0 0.0 -999 ""
FIBERMAP 1389 R+2C3 BOSS 0 0 0 1 0 0 -236.06985028383215 55.27101022036824 143.1 -108.49721156813904 -216.81448820910552 180.33083 54.00296 -999.0 -999.0 -999.0 -999.0 -999.0 249.3051329996226 -29.704092825163567 249.38559069815585 -29.757797076929297 79.43924489288406 96.98741660365664 -999.0 5400.0 -999.0 1 61 {-999.0 -999.0 -999.0 -999.0 -999.0} "" -999.0 -999.0 -999.0 -999.0 -999 -999 "" "" "" "" 0 0 0.0 0.0 -999 ""
FIBERMAP 1389 R+2C3 METROLOGY 0 0 0 1 0 0 -235.75670722069825 54.57862750891905 143.1 -107.7511145192236 -216.67042111619006 180.33083 54.00296 -999.0 -999.0 -999.0 -999.0 -999.0 249.30769645267125 -29.703715644123147 249.38816662587055 -29.757414037986564 79.43701591553044 96.98510724119978 -999.0 6231.0 -999.0 -1 -999 {-999.0 -999.0 -999.0 -999.0 -999.0} "" -999.0 -999.0 -999.0 -999.0 -999 -999 "" "" "" "" 0 0 0.0 0.0 -999 ""
FIBERMAP 1390 R+5C10 APOGEE 1 1 0 1 0 0 -35.7381781549206 116.96729565621435 143.1 -122.06228278460831 -7.643648945257668 147.28053 54.93515 249.2613938713958 -29.070743503681452 -2.490513 -4.034361 0.104129694 249.2613776755445 -29.07075644775498 249.33986234703843 -29.1247440545821 79.47183625963078 93.52530854549104 16000.0 16600.0 2016.0 2 138 {-999.0 16.520172 14.763155 13.835505 -999.0} sdss_psfmag_from_g3xp 15.725089 14.476439 13.382777 10.727 63050396382798107 1153032623 bright_1x1 mwm_galactic_core_dist_apogee_sparse mwm_galactic science 0 0 0.0 0.0 -999 ""
FIBERMAP 1390 R+5C10 BOSS 0 0 0 1 0 0 -35.03865765325938 117.23925799076149 143.1 -122.1646377075067 -6.90015682074989 147.28053 54.93515 -999.0 -999.0 -999.0 -999.0 -999.0 249.26101315904023 -29.0684998522628 249.33944504820056 -29.122490607688565 79.4721080052136 93.51290402819507 -999.0 5400.0 -999.0 1 134 {-999.0 -999.0 -999.0 -999.0 -999.0} "" -999.0 -999.0 -999.0 -999.0 -999 -999 "" "" "" "" 0 0 0.0 0.0 -999 ""
FIBERMAP 1390 R+5C10 METROLOGY 0 0 0 1 0 0 -35.14978176603141 116.5031614094285 143.1 -121.47438809805425 -7.1789173268461015 147.28053 54.93515 -999.0 -999.0 -999.0 -999.0 -999.0 249.2633724634704 -29.069360509300935 249.34182053579093 -29.12334488202442 79.47006970908888 93.51804199635995 -999.0 6231.0 -999.0 -1 -999 {-999.0 -999.0 -999.0 -999.0 -999.0} "" -999.0 -999.0 -999.0 -999.0 -999 -999 "" "" "" "" 0 0 0.0 0.0 -999 ""
FIBERMAP 1394 R+6C7 APOGEE 1 1 0 1 0 0 -84.91790907973382 133.96783922311243 143.1 -150.00161079260025 -51.539985093200926 111.11566 75.42724 249.16360097837781 -29.203299209364225 -4.362259 -4.4364104 0.038663074 249.16358990007137 -29.203297672667258 249.2424692087519 -29.257483344441873 79.56137916587835 94.23833638138444 16000.0 16600.0 2016.0 2 41 {-999.0 16.501917 14.843168 14.006568 -999.0} sdss_psfmag_from_g3xp 15.772596 14.619408 13.564451 10.992 63050396382796078 1156251591 bright_1x1 mwm_galactic_core_dist_apogee_extra mwm_galactic science 0 0 0.0 0.0 -999 ""
FIBERMAP 1394 R+6C7 BOSS 0 0 0 1 0 0 -84.17249667290345 134.04434710927876 143.1 -149.90320337278274 -50.797170290296954 111.11566 75.42724 -999.0 -999.0 -999.0 -999.0 -999.0 249.16392080881872 -29.201067654065955 249.24274788631885 -29.25525426436383 79.56107374727843 94.22607595055382 -999.0 5400.0 -999.0 1 68 {-999.0 -999.0 -999.0 -999.0 -999.0} "" -999.0 -999.0 -999.0 -999.0 -999 -999 "" "" "" "" 0 0 0.0 0.0 -999 ""
FIBERMAP 1394 R+6C7 METROLOGY 0 0 0 1 0 0 -84.4887000630533 133.36151501758278 143.1 -149.3123138595805 -51.26306542120008 111.11566 75.42724 -999.0 -999.0 -999.0 -999.0 -999.0 249.16592523529658 -29.20250108815701 249.24477014734498 -29.256682160215806 79.55935015485103 94.23422591558278 -999.0 6231.0 -999.0 -1 -999 {-999.0 -999.0 -999.0 -999.0 -999.0} "" -999.0 -999.0 -999.0 -999.0 -999 -999 "" "" "" "" 0 0 0.0 0.0 -999 ""
FIBERMAP 1397 R-3C19 APOGEE 0 0 0 1 0 0 160.0660392182696 -43.18312403482667 143.1 79.11720133420823 145.68686103027258 104.937675 45.167328 -999.0 -999.0 -999.0 -999.0 -999.0 249.9599354807524 -28.607844614261523 250.0371214137042 -28.660278417844918 78.8331091475491 91.26717297655534 -999.0 16600.0 -999.0 2 -999 {-999.0 -999.0 -999.0 -999.0 -999.0} "" -999.0 -999.0 -999.0 -999.0 -999 -999 "" "" "" "" 0 0 0.0 0.0 -999 ""
FIBERMAP 1397 R-3C19 BOSS 1 1 0 1 0 0 160.70650747378664 -43.55250131423726 143.1 79.62499737024577 146.22421381779125 104.937675 45.167328 249.96145270097924 -28.606141740132177 6.6442413 -8.254149 0.1227221 249.96176996886481 -28.606161387695916 250.0389029335612 -28.65859485806062 78.83140765465801 91.25920259071478 5400.0 5400.0 2016.0 1 305 {-999.0 16.078953 15.057102 14.551972 -999.0} sdss_psfmag_ps1 15.68987 15.004256 14.187761 12.44 63050396383260598 1071801157 dark_flexible_2x1 mwm_halo_mp_xp_boss mwm_halo science 0 0 0.8796652555465698 0.0 -999 ""
FIBERMAP 1397 R-3C19 METROLOGY 0 0 0 1 0 0 160.06450925017586 -43.93111860432148 143.1 79.8444343424041 145.5119461005207 104.937675 45.167328 -999.0 -999.0 -999.0 -999.0 -999.0 249.96252737259024 -28.60830036814102 250.03968082641904 -28.660730376516625 78.83091013408057 91.27048832151695 -999.0 6231.0 -999.0 -1 -999 {-999.0 -999.0 -999.0 -999.0 -999.0} "" -999.0 -999.0 -999.0 -999.0 -999 -999 "" "" "" "" 0 0 0.0 0.0 -999 ""
FIBERMAP 1399 R+5C21 APOGEE 0 0 1 1 0 0 221.95273578722248 109.52802198405381 143.1 -55.07889575677712 241.2920900800134 71.82095 98.82491 -999.0 -999.0 -999.0 -999.0 -999.0 249.49820783357475 -28.318412118269993 249.57439094171514 -28.37204047900284 79.20949020861872 89.55137645051485 -999.0 16600.0 -999.0 2 -999 {-999.0 -999.0 -999.0 -999.0 -999.0} "" -999.0 -999.0 -999.0 -999.0 -999 -999 "" "" "" "" 0 0 0.0 0.0 -999 ""
FIBERMAP 1399 R+5C21 BOSS 1 0 1 1 0 0 222.66906562394712 109.4282195197639 143.1 -54.8157310510237 241.96573720947706 71.82095 98.82491 249.47616577148432 -28.333919522337354 -999.0 -999.0 -999.0 249.49916709958325 -28.316366130179503 249.5752978820285 -28.369997293380106 79.20847044755193 89.54100383394513 5400.0 5400.0 2015.5 1 247 {-999.0 -999.0 -999.0 -999.0 -999.0} "" -999.0 -999.0 -999.0 -999.0 27021603175325435 853832675 "" ops_sky_boss_fallback ops_sky sky_boss 0 0 0.0 0.0 -999 ""
FIBERMAP 1399 R+5C21 METROLOGY 0 0 1 1 0 0 222.21558185538615 108.827729073018 143.1 -54.33676595288902 241.38539835960697 71.82095 98.82491 -999.0 -999.0 -999.0 -999.0 -999.0 249.5007777168642 -28.31807306882881 249.57692723779337 -28.37169858493108 79.20723442010478 89.55088311886664 -999.0 6231.0 -999.0 -1 -999 {-999.0 -999.0 -999.0 -999.0 -999.0} "" -999.0 -999.0 -999.0 -999.0 -999 -999 "" "" "" "" 0 0 0.0 0.0 -999 ""
FIBERMAP 1401 R-2C6 APOGEE 0 0 0 1 0 0 -174.57547820686028 -30.29751260667092 143.1 -11.005361683130525 -176.83734710057055 201.01186 60.154636 -999.0 -999.0 -999.0 -999.0 -999.0 249.64519752435888 -29.58527421472777 249.72540455152773 -29.638193220128105 79.1453855759559 96.32636733836182 -999.0 16600.0 -999.0 2 -999 {-999.0 -999.0 -999.0 -999.0 -999.0} "" -999.0 -999.0 -999.0 -999.0 -999 -999 "" "" "" "" 0 0 0.0 0.0 -999 ""
FIBERMAP 1401 R-2C6 BOSS 1 1 0 1 0 0 -174.47402517146313 -29.56043409421189 143.1 -11.698808727702586 -176.5677661587809 201.01186 60.154636 249.64282407094257 -29.58451938342454 -0.1056731 -0.6107029 -0.18383424 249.6428249976212 -29.584516174848453 249.72298174216257 -29.637440960260577 79.1474942234553 96.32241445448165 5400.0 5400.0 2016.0 1 470 {-999.0 18.151949 17.110054 16.884506 -999.0} sdss_psfmag_ps1 17.750721 17.064583 16.268621 14.576 63050396382612451 943955362 bright_1x1 openfibertargets_nov2020_6b open_fiber science 0 0 0.0 0.0 -999 ""
FIBERMAP 1401 R-2C6 METROLOGY 0 0 0 1 0 0 -173.88242467401844 -30.01613205046359 143.1 -11.118377281938091 -176.09796184558786 201.01186 60.154636 -999.0 -999.0 -999.0 -999.0 -999.0 249.64483828783673 -29.583125412434818 249.7250044722033 -29.636045780809404 79.14574124192674 96.31497076158183 -999.0 6231.0 -999.0 -1 -999 {-999.0 -999.0 -999.0 -999.0 -999.0} "" -999.0 -999.0 -999.0 -999.0 -999 -999 "" "" "" "" 0 0 0.0 0.0 -999 ""
